"","X","plot_ID","lat","lon"
"14391",14390,"51_197_22",36.9145870586132,-81.0713040408768
"14392",14391,"51_197_22",36.9132417475936,-81.0684021488086
"14393",14392,"51_197_22",36.9097435489143,-81.0601790058699
"14394",14393,"51_197_22",36.9172479900177,-81.0666429236643
"14395",14394,"51_197_22",36.9111093112011,-81.0765514033995
"14396",14395,"51_197_22",36.9160450474313,-81.0693161543595
"14397",14396,"51_197_22",36.9154913978197,-81.0713122991737
"14398",14397,"51_197_22",36.9170613506502,-81.0598724572028
"14399",14398,"51_197_22",36.9053304642362,-81.0698057385869
"14400",14399,"51_197_22",36.9164012312937,-81.0849498574036
"14401",14400,"51_185_39",37.0429454127012,-81.4863620007853
"14402",14401,"51_185_39",37.046425202696,-81.4867082948589
"14403",14402,"51_185_39",37.0437828387626,-81.488968558089
"14404",14403,"51_185_39",37.0396848510571,-81.4982710979372
"14405",14404,"51_185_39",37.0430282313503,-81.4919902406767
"14406",14405,"51_185_39",37.0553010545878,-81.4857342904225
"14407",14406,"51_185_39",37.0405809151206,-81.48393530462
"14408",14407,"51_185_39",37.0407550430956,-81.4885068499017
"14409",14408,"51_185_39",37.0427515113175,-81.4763896472385
"14410",14409,"51_185_39",37.0301792742336,-81.4818103555523
"14411",14410,"51_91_18",38.3192306145407,-79.7472076840489
"14412",14411,"51_91_18",38.306982145404,-79.7395187503391
"14413",14412,"51_91_18",38.3080449346944,-79.7380520631962
"14414",14413,"51_91_18",38.3042737077919,-79.7465660488539
"14415",14414,"51_91_18",38.3065888913617,-79.7395786660849
"14416",14415,"51_91_18",38.304702040162,-79.7390756103178
"14417",14416,"51_91_18",38.3011130010502,-79.7462120194682
"14418",14417,"51_91_18",38.2946318734561,-79.7534710565737
"14419",14418,"51_91_18",38.3074960021364,-79.7414271888425
"14420",14419,"51_91_18",38.3000206652305,-79.7522586558024
"14421",14420,"51_91_29",38.4294833245905,-79.6826352782975
"14422",14421,"51_91_29",38.4168946472286,-79.6877501030763
"14423",14422,"51_91_29",38.4263674147563,-79.6933434490294
"14424",14423,"51_91_29",38.4075984007208,-79.6976490983289
"14425",14424,"51_91_29",38.4228145083065,-79.6811946101563
"14426",14425,"51_91_29",38.4182068073806,-79.6930932839534
"14427",14426,"51_91_29",38.42211753144,-79.6905217260057
"14428",14427,"51_91_29",38.4277309357885,-79.6839866710999
"14429",14428,"51_91_29",38.4295555820871,-79.690869828873
"14430",14429,"51_91_29",38.4250815261544,-79.6809407039849
"14431",14430,"51_79_3",38.4164099956992,-78.4800529404273
"14432",14431,"51_79_3",38.4180455525482,-78.4853666053041
"14433",14432,"51_79_3",38.4193590531083,-78.4776928175131
"14434",14433,"51_79_3",38.4055108634012,-78.4810346102025
"14435",14434,"51_79_3",38.4310429504296,-78.4697715472103
"14436",14435,"51_79_3",38.4244112976008,-78.4595302345193
"14437",14436,"51_79_3",38.4254650577847,-78.46610478464
"14438",14437,"51_79_3",38.4113073594413,-78.4736186839472
"14439",14438,"51_79_3",38.4223120216931,-78.4838972185152
"14440",14439,"51_79_3",38.4178061154911,-78.4674039395869
"14441",14440,"51_15_208",38.1699851149602,-79.3038489936374
"14442",14441,"51_15_208",38.1676505375678,-79.3172001706791
"14443",14442,"51_15_208",38.1599501519369,-79.2998910577255
"14444",14443,"51_15_208",38.183476260036,-79.3036187961243
"14445",14444,"51_15_208",38.1725185591159,-79.3081000840606
"14446",14445,"51_15_208",38.1711121613276,-79.3242045825938
"14447",14446,"51_15_208",38.1764375640301,-79.3008392929725
"14448",14447,"51_15_208",38.1691085078432,-79.3099667822297
"14449",14448,"51_15_208",38.1713911976755,-79.3006321131875
"14450",14449,"51_15_208",38.1739557561693,-79.3093308853272
"14451",14450,"51_173_8",36.7212249873717,-81.5615671293704
"14452",14451,"51_173_8",36.7300838378517,-81.5567177173024
"14453",14452,"51_173_8",36.721539014243,-81.5519295241203
"14454",14453,"51_173_8",36.7251873926092,-81.5547445530992
"14455",14454,"51_173_8",36.7242516670393,-81.5702677441836
"14456",14455,"51_173_8",36.7248080964393,-81.5548931084602
"14457",14456,"51_173_8",36.7120049502301,-81.5510076930019
"14458",14457,"51_173_8",36.7391589838373,-81.556781122006
"14459",14458,"51_173_8",36.7289140805524,-81.555334958099
"14460",14459,"51_173_8",36.7216969496089,-81.5590352226695
"14461",14460,"51_15_23",38.2647947745425,-79.2267871871645
"14462",14461,"51_15_23",38.2608019681609,-79.2468202160007
"14463",14462,"51_15_23",38.2602260439265,-79.2372000109793
"14464",14463,"51_15_23",38.2537188379496,-79.228477782937
"14465",14464,"51_15_23",38.2648608236403,-79.2374988962233
"14466",14465,"51_15_23",38.259052448604,-79.2350882500206
"14467",14466,"51_15_23",38.2558031941101,-79.2319983297154
"14468",14467,"51_15_23",38.2635880976391,-79.2390227103247
"14469",14468,"51_15_23",38.2553201406355,-79.2495231603983
"14470",14469,"51_15_23",38.2600889624988,-79.2352936993809
"14471",14470,"51_15_29",38.182288940179,-79.2627398590116
"14472",14471,"51_15_29",38.1859502134655,-79.2636740932277
"14473",14472,"51_15_29",38.184679607674,-79.2474057848125
"14474",14473,"51_15_29",38.1719681758596,-79.2690955624918
"14475",14474,"51_15_29",38.1809754833506,-79.2521615031719
"14476",14475,"51_15_29",38.1882054627188,-79.2650646571488
"14477",14476,"51_15_29",38.1737386755736,-79.2547892799096
"14478",14477,"51_15_29",38.1768380602298,-79.267447121473
"14479",14478,"51_15_29",38.1638688393717,-79.2630696079702
"14480",14479,"51_15_29",38.1833277502306,-79.2543116967114
"14481",14480,"51_77_42",36.6428367313696,-81.5856833847314
"14482",14481,"51_77_42",36.6419151012459,-81.6015788714139
"14483",14482,"51_77_42",36.6442708876356,-81.5860673469997
"14484",14483,"51_77_42",36.6441867676005,-81.583171770971
"14485",14484,"51_77_42",36.6470963716779,-81.5817702982693
"14486",14485,"51_77_42",36.6386100745745,-81.5706207680911
"14487",14486,"51_77_42",36.6446220686147,-81.5856548405214
"14488",14487,"51_77_42",36.6428992713857,-81.5863634402407
"14489",14488,"51_77_42",36.6504328993434,-81.5935543078663
"14490",14489,"51_77_42",36.6451718590734,-81.5966737850601
"14491",14490,"51_191_72",36.6244975429087,-81.7569325672762
"14492",14491,"51_191_72",36.6292284105831,-81.7577426299584
"14493",14492,"51_191_72",36.6247024682578,-81.7672138899473
"14494",14493,"51_191_72",36.619233051255,-81.7575753894543
"14495",14494,"51_191_72",36.6321047739076,-81.751990071512
"14496",14495,"51_191_72",36.6279827644468,-81.7647389294739
"14497",14496,"51_191_72",36.6308247790243,-81.7709465439134
"14498",14497,"51_191_72",36.631113827155,-81.758658540286
"14499",14498,"51_191_72",36.6235185758944,-81.7552897307736
"14500",14499,"51_191_72",36.6287081425659,-81.7694859729179
"14501",14500,"51_71_3",37.4129640300945,-80.5843151930445
"14502",14501,"51_71_3",37.4231208423914,-80.5731548676444
"14503",14502,"51_71_3",37.4108849859203,-80.5801807202404
"14504",14503,"51_71_3",37.4064978247406,-80.565079377644
"14505",14504,"51_71_3",37.4132296552976,-80.5639056664459
"14506",14505,"51_71_3",37.4137847239128,-80.5882493756789
"14507",14506,"51_71_3",37.4226377146436,-80.555470467646
"14508",14507,"51_71_3",37.4054890447255,-80.5739496506755
"14509",14508,"51_71_3",37.4264954531857,-80.5850084393819
"14510",14509,"51_71_3",37.4213841422616,-80.5750863101817
"14511",14510,"51_15_44",37.9563676610357,-78.9888914504214
"14512",14511,"51_15_44",37.9515686935344,-78.9797919174327
"14513",14512,"51_15_44",37.9617756598441,-78.9926347222223
"14514",14513,"51_15_44",37.9525914366037,-78.9865282258045
"14515",14514,"51_15_44",37.9476648533208,-79.0065114385128
"14516",14515,"51_15_44",37.9545163320417,-79.000107028054
"14517",14516,"51_15_44",37.9603497659248,-78.9842788279144
"14518",14517,"51_15_44",37.9602237575386,-78.9939917587109
"14519",14518,"51_15_44",37.9495479682056,-78.986630928259
"14520",14519,"51_15_44",37.9494036088712,-78.9900320264035
"14521",14520,"51_163_1",37.5446316165746,-79.4559102493795
"14522",14521,"51_163_1",37.5523834230962,-79.4823133481287
"14523",14522,"51_163_1",37.5577727701835,-79.4680575759954
"14524",14523,"51_163_1",37.5571967638238,-79.4723282725783
"14525",14524,"51_163_1",37.565217830873,-79.4706528209707
"14526",14525,"51_163_1",37.5657054380158,-79.464662351166
"14527",14526,"51_163_1",37.550595107019,-79.4649164186984
"14528",14527,"51_163_1",37.5465151618813,-79.4561510495869
"14529",14528,"51_163_1",37.5454198138063,-79.4594782360278
"14530",14529,"51_163_1",37.5418599801773,-79.4615662135788
"14531",14530,"51_139_20",38.7667956568508,-78.4318215419267
"14532",14531,"51_139_20",38.7468004562282,-78.4461415736613
"14533",14532,"51_139_20",38.7495120409063,-78.4260074588466
"14534",14533,"51_139_20",38.7528521499797,-78.4496244443928
"14535",14534,"51_139_20",38.7649910817403,-78.4450150505945
"14536",14535,"51_139_20",38.750899411248,-78.4267561721006
"14537",14536,"51_139_20",38.7606238060705,-78.4302264601745
"14538",14537,"51_139_20",38.760262327741,-78.4385137954388
"14539",14538,"51_139_20",38.7483975648902,-78.4337931931485
"14540",14539,"51_139_20",38.7475656475705,-78.4256395495622
"14541",14540,"51_187_39",38.7651575362716,-78.2211833952256
"14542",14541,"51_187_39",38.775917214848,-78.2279062247915
"14543",14542,"51_187_39",38.7755124143522,-78.2335568863293
"14544",14543,"51_187_39",38.7753780420504,-78.2317754972853
"14545",14544,"51_187_39",38.777972993841,-78.22870160165
"14546",14545,"51_187_39",38.7759643805572,-78.2152717672675
"14547",14546,"51_187_39",38.7813503390645,-78.2331663891682
"14548",14547,"51_187_39",38.7837082379356,-78.2265842559459
"14549",14548,"51_187_39",38.7750844736132,-78.2331193876206
"14550",14549,"51_187_39",38.7871644917874,-78.2304822594878
"14551",14550,"51_157_7",38.7115937790901,-78.2618941217592
"14552",14551,"51_157_7",38.7097233371222,-78.2541093525852
"14553",14552,"51_157_7",38.7060525245079,-78.2646251995304
"14554",14553,"51_157_7",38.7056518484856,-78.2689604158049
"14555",14554,"51_157_7",38.7012608421327,-78.2647747581013
"14556",14555,"51_157_7",38.7122094434572,-78.2759614257393
"14557",14556,"51_157_7",38.7150590154327,-78.2601795601759
"14558",14557,"51_157_7",38.7224597493993,-78.2663068592269
"14559",14558,"51_157_7",38.7125604740788,-78.2764091010081
"14560",14559,"51_157_7",38.7131479810902,-78.2627433205664
"14561",14560,"51_157_12",38.6239475445212,-78.3084649883622
"14562",14561,"51_157_12",38.6236597151214,-78.3130780582733
"14563",14562,"51_157_12",38.6229166344341,-78.3114573965166
"14564",14563,"51_157_12",38.6265033740115,-78.315330431978
"14565",14564,"51_157_12",38.616451294184,-78.3117307382711
"14566",14565,"51_157_12",38.6167084494602,-78.31481078346
"14567",14566,"51_157_12",38.6246870147428,-78.3069910458567
"14568",14567,"51_157_12",38.6235598121289,-78.3084575556998
"14569",14568,"51_157_12",38.6302135886999,-78.3209859046369
"14570",14569,"51_157_12",38.632882267978,-78.3074510908769
"14571",14570,"51_113_13",38.5657933671285,-78.3792487109976
"14572",14571,"51_113_13",38.5681939234658,-78.3943438764336
"14573",14572,"51_113_13",38.5700120039119,-78.3758770266318
"14574",14573,"51_113_13",38.5678693463345,-78.3796978299476
"14575",14574,"51_113_13",38.5681720840378,-78.379219047287
"14576",14575,"51_113_13",38.5676321986528,-78.391234852695
"14577",14576,"51_113_13",38.5585955588005,-78.3717660389366
"14578",14577,"51_113_13",38.5639395901948,-78.3849426492481
"14579",14578,"51_113_13",38.5657337174487,-78.3767049020777
"14580",14579,"51_113_13",38.5701070507967,-78.3787151875866
"14581",14580,"51_113_10",38.474223647377,-78.3995718149234
"14582",14581,"51_113_10",38.4697946553464,-78.4017403366878
"14583",14582,"51_113_10",38.4780371475283,-78.3991473945674
"14584",14583,"51_113_10",38.4709416074517,-78.4080512551407
"14585",14584,"51_113_10",38.4605518836321,-78.3939927759465
"14586",14585,"51_113_10",38.4634102166155,-78.408412396435
"14587",14586,"51_113_10",38.4613585970452,-78.4082537506625
"14588",14587,"51_113_10",38.4599275313457,-78.3994745781932
"14589",14588,"51_113_10",38.4624562313587,-78.4093578875035
"14590",14589,"51_113_10",38.4611339765015,-78.3865739063596
"14591",14590,"51_173_31",36.7885398045247,-81.4685982750563
"14592",14591,"51_173_31",36.794418110298,-81.4857362684408
"14593",14592,"51_173_31",36.8046718423741,-81.4857776873597
"14594",14593,"51_173_31",36.7997741334528,-81.4914951323383
"14595",14594,"51_173_31",36.8004604800607,-81.4871861221356
"14596",14595,"51_173_31",36.7826063271057,-81.4907966814032
"14597",14596,"51_173_31",36.8028641855793,-81.4967350276277
"14598",14597,"51_173_31",36.8016939938833,-81.4914751951483
"14599",14598,"51_173_31",36.805210374296,-81.4937917165854
"14600",14599,"51_173_31",36.7918316504117,-81.4856121495065
"14601",14600,"47_19_38",36.409644565928,-82.1178027127665
"14602",14601,"47_19_38",36.4084824377961,-82.1066354416452
"14603",14602,"47_19_38",36.4110344574943,-82.1104787923018
"14604",14603,"47_19_38",36.4001493176962,-82.1160826075604
"14605",14604,"47_19_38",36.4093994890972,-82.1153471870652
"14606",14605,"47_19_38",36.407959603549,-82.1089098378843
"14607",14606,"47_19_38",36.4057794038629,-82.1092491209871
"14608",14607,"47_19_38",36.4110526243147,-82.0969561715297
"14609",14608,"47_19_38",36.4099618566457,-82.1078240703905
"14610",14609,"47_19_38",36.4065993601565,-82.1132130201934
"14611",14610,"47_139_72",35.0914550919452,-84.5253967238087
"14612",14611,"47_139_72",35.0903565580389,-84.5032761588737
"14613",14612,"47_139_72",35.0917256279729,-84.5058540700641
"14614",14613,"47_139_72",35.0912782061857,-84.5240579203909
"14615",14614,"47_139_72",35.0892295697995,-84.5125949648709
"14616",14615,"47_139_72",35.0920231666005,-84.5212106879095
"14617",14616,"47_139_72",35.100878857194,-84.512666683234
"14618",14617,"47_139_72",35.0939962980987,-84.5062878918514
"14619",14618,"47_139_72",35.088757259586,-84.506259464287
"14620",14619,"47_139_72",35.1012896255074,-84.5204176538166
"14621",14620,"47_139_73",35.0097786306442,-84.5668719712543
"14622",14621,"47_139_73",35.0067298415979,-84.5669152185886
"14623",14622,"47_139_73",35.0053205869313,-84.5728784213627
"14624",14623,"47_139_73",35.0122283073982,-84.5783794834982
"14625",14624,"47_139_73",35.0062485652017,-84.5630246620806
"14626",14625,"47_139_73",35.011890616887,-84.576156275332
"14627",14626,"47_139_73",35.0173679175951,-84.5737811830275
"14628",14627,"47_139_73",35.0220793155507,-84.5706057217316
"14629",14628,"47_139_73",35.0061008205605,-84.5669832539688
"14630",14629,"47_139_73",35.0219300307887,-84.5710102258863
"14631",14630,"47_19_52",36.4172259100627,-82.0486556816184
"14632",14631,"47_19_52",36.4164789049191,-82.0568546361888
"14633",14632,"47_19_52",36.4040933542915,-82.0449954160782
"14634",14633,"47_19_52",36.4121178473247,-82.0560851659271
"14635",14634,"47_19_52",36.4076613554241,-82.0451275431676
"14636",14635,"47_19_52",36.4029135615597,-82.0425750021031
"14637",14636,"47_19_52",36.4061099848684,-82.0657806028903
"14638",14637,"47_19_52",36.3950346369612,-82.0555420035547
"14639",14638,"47_19_52",36.4070948537067,-82.0535673538041
"14640",14639,"47_19_52",36.3994197836656,-82.0600924794187
"14641",14640,"47_19_54",36.1846620577278,-82.1553461905558
"14642",14641,"47_19_54",36.1924757738784,-82.1501867006445
"14643",14642,"47_19_54",36.1949195574879,-82.1725152982702
"14644",14643,"47_19_54",36.1912646619597,-82.157683715165
"14645",14644,"47_19_54",36.1912899506366,-82.1621621681758
"14646",14645,"47_19_54",36.1800649993543,-82.1495265812613
"14647",14646,"47_19_54",36.1927289188777,-82.1587828190988
"14648",14647,"47_19_54",36.1919437044316,-82.1622806969293
"14649",14648,"47_19_54",36.1985133398516,-82.1551551589395
"14650",14649,"47_19_54",36.1991191828644,-82.157112825822
"14651",14650,"47_123_1",35.4763960858886,-84.0435251741858
"14652",14651,"47_123_1",35.4797194035073,-84.0365601238915
"14653",14652,"47_123_1",35.485675666765,-84.0392394159411
"14654",14653,"47_123_1",35.4855683954828,-84.0320798254987
"14655",14654,"47_123_1",35.4819885699792,-84.0401404154337
"14656",14655,"47_123_1",35.4758218387959,-84.0427298214194
"14657",14656,"47_123_1",35.4812674990445,-84.038553648304
"14658",14657,"47_123_1",35.4757370642685,-84.0423595478649
"14659",14658,"47_123_1",35.4799288009233,-84.0370557125047
"14660",14659,"47_123_1",35.478876618333,-84.037351174435
"14661",14660,"47_123_68",35.378600052379,-84.0975042258951
"14662",14661,"47_123_68",35.3885724361134,-84.085144107429
"14663",14662,"47_123_68",35.3852240357665,-84.0942774069196
"14664",14663,"47_123_68",35.3938932289886,-84.086182646599
"14665",14664,"47_123_68",35.380805097488,-84.0890606273617
"14666",14665,"47_123_68",35.3882285895084,-84.0762828420441
"14667",14666,"47_123_68",35.3978088501821,-84.0987652882538
"14668",14667,"47_123_68",35.3907655209325,-84.090239234359
"14669",14668,"47_123_68",35.3852419457553,-84.0936292404323
"14670",14669,"47_123_68",35.3860260754202,-84.0896531589278
"14671",14670,"47_123_69",35.3176050442582,-84.148676581379
"14672",14671,"47_123_69",35.3126606690787,-84.1520345499604
"14673",14672,"47_123_69",35.3241170294912,-84.1502440871941
"14674",14673,"47_123_69",35.3067207639007,-84.1610369792714
"14675",14674,"47_123_69",35.3165405519834,-84.1415674643481
"14676",14675,"47_123_69",35.3155188946791,-84.1349519428247
"14677",14676,"47_123_69",35.3154920057358,-84.1650194349648
"14678",14677,"47_123_69",35.3113710554224,-84.1499673136222
"14679",14678,"47_123_69",35.3180918313383,-84.1377587163503
"14680",14679,"47_123_69",35.316093627924,-84.1335025125581
"14681",14680,"47_139_93",35.127023220514,-84.4655513364073
"14682",14681,"47_139_93",35.1290298595637,-84.4486962284969
"14683",14682,"47_139_93",35.1188559917755,-84.4669818281319
"14684",14683,"47_139_93",35.127425507958,-84.4671745569514
"14685",14684,"47_139_93",35.1322729165548,-84.4622824004294
"14686",14685,"47_139_93",35.1302621038039,-84.4671554051916
"14687",14686,"47_139_93",35.1308608977317,-84.4576829017464
"14688",14687,"47_139_93",35.1256883503125,-84.4636330460415
"14689",14688,"47_139_93",35.129924431089,-84.4606004356689
"14690",14689,"47_139_93",35.1375314813954,-84.4595023615131
"14691",14690,"47_139_94",35.1704569264902,-84.4649536579815
"14692",14691,"47_139_94",35.1621387321938,-84.4677038236194
"14693",14692,"47_139_94",35.1660439557456,-84.4683472950999
"14694",14693,"47_139_94",35.1753320845519,-84.4580321219008
"14695",14694,"47_139_94",35.1751312163505,-84.4675320564882
"14696",14695,"47_139_94",35.1745293721072,-84.4680606671303
"14697",14696,"47_139_94",35.1735714518268,-84.4656381636318
"14698",14697,"47_139_94",35.184512298826,-84.4716485401376
"14699",14698,"47_139_94",35.1773749654031,-84.4598994719549
"14700",14699,"47_139_94",35.1753109714487,-84.4652071841698
"14701",14700,"47_123_95",35.362925345086,-84.0800523967393
"14702",14701,"47_123_95",35.3532408280586,-84.0905838495107
"14703",14702,"47_123_95",35.3511988555094,-84.1012658366301
"14704",14703,"47_123_95",35.3632586749392,-84.0910877099089
"14705",14704,"47_123_95",35.346632173455,-84.0822126344824
"14706",14705,"47_123_95",35.3461400845385,-84.0874471016354
"14707",14706,"47_123_95",35.3460784524617,-84.1015643433799
"14708",14707,"47_123_95",35.3552945538392,-84.0908414861184
"14709",14708,"47_123_95",35.3535862865963,-84.0932251920725
"14710",14709,"47_123_95",35.3516981002119,-84.1060443354167
"14711",14710,"47_123_96",35.2488717211025,-84.0915641738634
"14712",14711,"47_123_96",35.2497965431336,-84.092847636081
"14713",14712,"47_123_96",35.2564854410953,-84.0946026311524
"14714",14713,"47_123_96",35.2591846549884,-84.0784957849334
"14715",14714,"47_123_96",35.25860912625,-84.0858374079226
"14716",14715,"47_123_96",35.2588792855383,-84.0859637133407
"14717",14716,"47_123_96",35.2565266051408,-84.0882864756163
"14718",14717,"47_123_96",35.2556959037958,-84.0980066146149
"14719",14718,"47_123_96",35.2572647691316,-84.0974879155286
"14720",14719,"47_123_96",35.2560550881575,-84.0842526720496
"14721",14720,"47_123_101",35.3574519329939,-84.2538314715767
"14722",14721,"47_123_101",35.3395289522743,-84.2536054597546
"14723",14722,"47_123_101",35.3441282791834,-84.2640002707048
"14724",14723,"47_123_101",35.3333608505793,-84.2575127615781
"14725",14724,"47_123_101",35.3540260744573,-84.2474953341125
"14726",14725,"47_123_101",35.3515669910963,-84.2648187387938
"14727",14726,"47_123_101",35.3399474824297,-84.2589509600883
"14728",14727,"47_123_101",35.3421909989843,-84.2383287329187
"14729",14728,"47_123_101",35.3314676893825,-84.2504799450471
"14730",14729,"47_123_101",35.3448346096586,-84.2535401186094
"14731",14730,"47_123_79",35.3546042944216,-84.2797638131433
"14732",14731,"47_123_79",35.356181529348,-84.2752560859801
"14733",14732,"47_123_79",35.3431481222252,-84.2802605400359
"14734",14733,"47_123_79",35.3549228798952,-84.2721867416886
"14735",14734,"47_123_79",35.3450129489746,-84.2934457544612
"14736",14735,"47_123_79",35.3411558964077,-84.2819233179597
"14737",14736,"47_123_79",35.3388409971815,-84.2875262499878
"14738",14737,"47_123_79",35.3432673413292,-84.2814192006715
"14739",14738,"47_123_79",35.353202861026,-84.289467793322
"14740",14739,"47_123_79",35.3344778584599,-84.2830706074494
"14741",14740,"47_9_14",35.6094180407459,-83.7034325663882
"14742",14741,"47_9_14",35.6212509896766,-83.7047567428539
"14743",14742,"47_9_14",35.6140424898865,-83.7071770307761
"14744",14743,"47_9_14",35.6174536009397,-83.7096140268227
"14745",14744,"47_9_14",35.6211965291968,-83.7113252217752
"14746",14745,"47_9_14",35.6225524963297,-83.7073734815761
"14747",14746,"47_9_14",35.6200471026262,-83.7205641925168
"14748",14747,"47_9_14",35.6184056446357,-83.6968479290539
"14749",14748,"47_9_14",35.6271125182299,-83.7127418794583
"14750",14749,"47_9_14",35.6108315755556,-83.7224064307531
"14751",14750,"47_9_3",35.5649100480452,-83.8799432393159
"14752",14751,"47_9_3",35.5499117720299,-83.8719517833301
"14753",14752,"47_9_3",35.5511340253023,-83.8885831912044
"14754",14753,"47_9_3",35.5535192858307,-83.8786959682638
"14755",14754,"47_9_3",35.5450656588478,-83.8815079573467
"14756",14755,"47_9_3",35.5444758037402,-83.8769070577115
"14757",14756,"47_9_3",35.554806545858,-83.8767152342836
"14758",14757,"47_9_3",35.5597764944862,-83.8726795144376
"14759",14758,"47_9_3",35.5519506636781,-83.8782971078192
"14760",14759,"47_9_3",35.5580404733231,-83.8712005291646
"14761",14760,"47_29_31",35.8487120904436,-82.9581036458952
"14762",14761,"47_29_31",35.8566317389441,-82.9601845595536
"14763",14762,"47_29_31",35.847152291908,-82.9761519491139
"14764",14763,"47_29_31",35.8472890701028,-82.9477740728899
"14765",14764,"47_29_31",35.857038520118,-82.9510076228449
"14766",14765,"47_29_31",35.8388523936262,-82.9704965058212
"14767",14766,"47_29_31",35.848358366707,-82.9605885909738
"14768",14767,"47_29_31",35.8519923540601,-82.9579188422976
"14769",14768,"47_29_31",35.8457866011178,-82.9673775430001
"14770",14769,"47_29_31",35.8514370637898,-82.9496222295111
"14771",14770,"47_29_4",35.8326296740526,-83.1181039377841
"14772",14771,"47_29_4",35.8382332715647,-83.1162970318805
"14773",14772,"47_29_4",35.8394563532408,-83.1194865903951
"14774",14773,"47_29_4",35.8318765027954,-83.1112458964192
"14775",14774,"47_29_4",35.8386232823414,-83.1069980315721
"14776",14775,"47_29_4",35.8377675239278,-83.1097210888074
"14777",14776,"47_29_4",35.8241460078093,-83.1202802668691
"14778",14777,"47_29_4",35.8420385544343,-83.1049045339236
"14779",14778,"47_29_4",35.8349781377028,-83.1153448523562
"14780",14779,"47_29_4",35.840397221918,-83.1133532579085
"14781",14780,"47_91_35",36.4713071158904,-81.9520504953269
"14782",14781,"47_91_35",36.4625759214369,-81.9304329855948
"14783",14782,"47_91_35",36.4745866931795,-81.9208883474485
"14784",14783,"47_91_35",36.4705329244148,-81.9359819532382
"14785",14784,"47_91_35",36.4784414149216,-81.9462719725944
"14786",14785,"47_91_35",36.4715154502695,-81.9324754676374
"14787",14786,"47_91_35",36.4732587029366,-81.9473805589412
"14788",14787,"47_91_35",36.4688989371905,-81.9375318608881
"14789",14788,"47_91_35",36.4712013338762,-81.9403324435235
"14790",14789,"47_91_35",36.4675679313142,-81.9336365456644
"14791",14790,"47_139_78",35.2204163525109,-84.347381890203
"14792",14791,"47_139_78",35.2268487177927,-84.3609144074812
"14793",14792,"47_139_78",35.2202046830093,-84.3599952023862
"14794",14793,"47_139_78",35.2232714420588,-84.3649936225444
"14795",14794,"47_139_78",35.2092895437404,-84.3672093718884
"14796",14795,"47_139_78",35.2214106527436,-84.3600005680035
"14797",14796,"47_139_78",35.2145841130017,-84.3528515568079
"14798",14797,"47_139_78",35.2221245529753,-84.361885566022
"14799",14798,"47_139_78",35.2293407506701,-84.360486706481
"14800",14799,"47_139_78",35.2224482405735,-84.3607866532623
"14801",14800,"47_139_79",35.1347241338272,-84.439953458727
"14802",14801,"47_139_79",35.1357598639261,-84.4201105853379
"14803",14802,"47_139_79",35.1455625122005,-84.4333723894016
"14804",14803,"47_139_79",35.133985768922,-84.4117423742485
"14805",14804,"47_139_79",35.1443508235498,-84.4216754077089
"14806",14805,"47_139_79",35.1270081191784,-84.4382830533395
"14807",14806,"47_139_79",35.1345651163955,-84.4278903424813
"14808",14807,"47_139_79",35.1415516368653,-84.438921100185
"14809",14808,"47_139_79",35.1349144703278,-84.4335340410043
"14810",14809,"47_139_79",35.1387145119677,-84.4187568019689
"14811",14810,"47_139_82",35.0404726810491,-84.5716937366905
"14812",14811,"47_139_82",35.0378796047641,-84.5589473216149
"14813",14812,"47_139_82",35.0500729079504,-84.5741082874644
"14814",14813,"47_139_82",35.0467429033289,-84.5683820382754
"14815",14814,"47_139_82",35.0527140905457,-84.5667056569555
"14816",14815,"47_139_82",35.0418528085224,-84.5590346354597
"14817",14816,"47_139_82",35.0444987717969,-84.5605160957352
"14818",14817,"47_139_82",35.055724468996,-84.5796486520319
"14819",14818,"47_139_82",35.0579091571523,-84.5746761018821
"14820",14819,"47_139_82",35.0386199057438,-84.5802513542749
"14821",14820,"47_139_88",35.1146729646081,-84.5249785586855
"14822",14821,"47_139_88",35.111441629209,-84.523380409418
"14823",14822,"47_139_88",35.1154214663155,-84.5224163786399
"14824",14823,"47_139_88",35.1075134010444,-84.5278494232008
"14825",14824,"47_139_88",35.112549054095,-84.5260373535166
"14826",14825,"47_139_88",35.108589742249,-84.5293614448624
"14827",14826,"47_139_88",35.123753972194,-84.5083979750652
"14828",14827,"47_139_88",35.1154441110979,-84.5213098727034
"14829",14828,"47_139_88",35.1234605461174,-84.5147342571315
"14830",14829,"47_139_88",35.1133732235794,-84.5176225472583
"14831",14830,"47_139_89",35.1249887069309,-84.5518810883101
"14832",14831,"47_139_89",35.139158164463,-84.5421880474228
"14833",14832,"47_139_89",35.118164134068,-84.5530104437927
"14834",14833,"47_139_89",35.1285358124061,-84.545880228281
"14835",14834,"47_139_89",35.1357619164096,-84.5524127061441
"14836",14835,"47_139_89",35.1286120901484,-84.5394741704949
"14837",14836,"47_139_89",35.1250148147189,-84.546893449768
"14838",14837,"47_139_89",35.1263863858245,-84.5531748361603
"14839",14838,"47_139_89",35.1227921829017,-84.5281880119979
"14840",14839,"47_139_89",35.1261570175839,-84.5443000910668
"14841",14840,"47_139_99",35.1313698535353,-84.4969305224874
"14842",14841,"47_139_99",35.1265560710861,-84.4848702427193
"14843",14842,"47_139_99",35.1194150554826,-84.4946676231643
"14844",14843,"47_139_99",35.1299563455296,-84.5004928173262
"14845",14844,"47_139_99",35.1299362325477,-84.4928720060932
"14846",14845,"47_139_99",35.1272328195015,-84.485924020394
"14847",14846,"47_139_99",35.1285762166371,-84.4896377879576
"14848",14847,"47_139_99",35.1283579502576,-84.4895798220397
"14849",14848,"47_139_99",35.1273395628917,-84.4892407354417
"14850",14849,"47_139_99",35.1210626760422,-84.4922777121801
"14851",14850,"47_139_100",35.1149182289119,-84.6466161583656
"14852",14851,"47_139_100",35.1079747078199,-84.6241053779919
"14853",14852,"47_139_100",35.1088918845849,-84.642354440609
"14854",14853,"47_139_100",35.111597532351,-84.6378700013874
"14855",14854,"47_139_100",35.114448989542,-84.6231669737283
"14856",14855,"47_139_100",35.1232873789545,-84.6438898224879
"14857",14856,"47_139_100",35.1179738637627,-84.6409860189994
"14858",14857,"47_139_100",35.1265953570268,-84.6218267810354
"14859",14858,"47_139_100",35.1162783065195,-84.619371248093
"14860",14859,"47_139_100",35.121102592497,-84.6393472949537
"14861",14860,"47_163_47",36.4871442960101,-82.05301074204
"14862",14861,"47_163_47",36.4785108941884,-82.0546394535977
"14863",14862,"47_163_47",36.4906347062635,-82.0663290800347
"14864",14863,"47_163_47",36.4891221586113,-82.0363941333371
"14865",14864,"47_163_47",36.4988280511088,-82.0507378029142
"14866",14865,"47_163_47",36.4812071956572,-82.0517095515788
"14867",14866,"47_163_47",36.4868378477959,-82.0365352965086
"14868",14867,"47_163_47",36.4801246755171,-82.0604974148029
"14869",14868,"47_163_47",36.4886015513883,-82.0499661784454
"14870",14869,"47_163_47",36.4898977327535,-82.052610683339
"14871",14870,"47_171_37",36.1878760012302,-82.3333743958839
"14872",14871,"47_171_37",36.1948522564487,-82.3272075442454
"14873",14872,"47_171_37",36.1963246411048,-82.3308460953693
"14874",14873,"47_171_37",36.2025460447188,-82.334151765524
"14875",14874,"47_171_37",36.1905396620865,-82.3244367919668
"14876",14875,"47_171_37",36.193909046072,-82.3265418527735
"14877",14876,"47_171_37",36.1906669614759,-82.3253446300379
"14878",14877,"47_171_37",36.1967459404703,-82.3244763237508
"14879",14878,"47_171_37",36.1971698678203,-82.3271795057194
"14880",14879,"47_171_37",36.1936071003403,-82.3264632518885
"14881",14880,"47_171_38",36.103592096017,-82.5283623380625
"14882",14881,"47_171_38",36.1129571209007,-82.534680265249
"14883",14882,"47_171_38",36.1082363352502,-82.5201596039318
"14884",14883,"47_171_38",36.1133324960533,-82.5243604208926
"14885",14884,"47_171_38",36.1185634092707,-82.5324928355958
"14886",14885,"47_171_38",36.1182905071577,-82.5194555104354
"14887",14886,"47_171_38",36.1204734163521,-82.5284692455104
"14888",14887,"47_171_38",36.1165777188328,-82.5311859652786
"14889",14888,"47_171_38",36.0956143201091,-82.5304047967469
"14890",14889,"47_171_38",36.110637558633,-82.5355081374365
"14891",14890,"47_171_39",36.1300611428274,-82.3543128194496
"14892",14891,"47_171_39",36.1260178984501,-82.3631688118499
"14893",14892,"47_171_39",36.1206056671234,-82.3489237304424
"14894",14893,"47_171_39",36.1325860811628,-82.3729493142364
"14895",14894,"47_171_39",36.1272490198981,-82.3570295835709
"14896",14895,"47_171_39",36.1195103728378,-82.3648304651745
"14897",14896,"47_171_39",36.1248493278054,-82.3482409569702
"14898",14897,"47_171_39",36.1280107947576,-82.3679707467793
"14899",14898,"47_171_39",36.125944246939,-82.3632047236619
"14900",14899,"47_171_39",36.132976288163,-82.358556822497
"14901",14900,"47_179_30",36.1918263686124,-82.4816515351121
"14902",14901,"47_179_30",36.2006802065839,-82.483521473163
"14903",14902,"47_179_30",36.1955636157236,-82.4880160553959
"14904",14903,"47_179_30",36.1925994458257,-82.4818122541616
"14905",14904,"47_179_30",36.199592771686,-82.4829511615668
"14906",14905,"47_179_30",36.1834046151837,-82.4815740947819
"14907",14906,"47_179_30",36.1929465971235,-82.4808674175019
"14908",14907,"47_179_30",36.1914444604002,-82.4685418354915
"14909",14908,"47_179_30",36.1905029342535,-82.4781895836398
"14910",14909,"47_179_30",36.1968498511391,-82.494766726527
"14911",14910,"47_171_31",36.1487765328636,-82.2632035042141
"14912",14911,"47_171_31",36.1417106120668,-82.2650810633641
"14913",14912,"47_171_31",36.1395651619939,-82.2655347527417
"14914",14913,"47_171_31",36.1440171474978,-82.2642455601562
"14915",14914,"47_171_31",36.1365298495175,-82.2622657291578
"14916",14915,"47_171_31",36.1447954405705,-82.2668403719831
"14917",14916,"47_171_31",36.151769381185,-82.2738225920815
"14918",14917,"47_171_31",36.1446208564199,-82.2508672098549
"14919",14918,"47_171_31",36.1411145381097,-82.2641727503656
"14920",14919,"47_171_31",36.1373046235011,-82.2640252587093
"14921",14920,"47_171_34",36.0612776230991,-82.4597214528976
"14922",14921,"47_171_34",36.0630054502035,-82.4643563133623
"14923",14922,"47_171_34",36.0670092295091,-82.4730520233923
"14924",14923,"47_171_34",36.0594656657967,-82.4725659270958
"14925",14924,"47_171_34",36.0736792694196,-82.4794564604624
"14926",14925,"47_171_34",36.0628255655228,-82.4799328420476
"14927",14926,"47_171_34",36.067924039672,-82.4746350778738
"14928",14927,"47_171_34",36.0637203980038,-82.4647294438459
"14929",14928,"47_171_34",36.0676066653752,-82.4726315168439
"14930",14929,"47_171_34",36.0677990513816,-82.4704563024676
"14931",14930,"47_171_36",36.1936457196595,-82.405682108823
"14932",14931,"47_171_36",36.1845677038012,-82.4062942385982
"14933",14932,"47_171_36",36.185401867883,-82.391873566803
"14934",14933,"47_171_36",36.1846506353878,-82.3939350088122
"14935",14934,"47_171_36",36.1973792563726,-82.3921562347172
"14936",14935,"47_171_36",36.1913480702599,-82.4073274062117
"14937",14936,"47_171_36",36.1869568396363,-82.3967684296
"14938",14937,"47_171_36",36.1906027058558,-82.3953412187007
"14939",14938,"47_171_36",36.1949548394244,-82.3988337156584
"14940",14939,"47_171_36",36.1875496409815,-82.3784126468283
"14941",14940,"47_123_106",35.2661490557503,-84.4175818356539
"14942",14941,"47_123_106",35.2532527665997,-84.4104425447268
"14943",14942,"47_123_106",35.2624723682705,-84.4105275365047
"14944",14943,"47_123_106",35.2632487113233,-84.4032756025853
"14945",14944,"47_123_106",35.2627487963023,-84.4152094236655
"14946",14945,"47_123_106",35.2710000180498,-84.4173727588625
"14947",14946,"47_123_106",35.2660415570218,-84.4208868306206
"14948",14947,"47_123_106",35.2698495807994,-84.4085519517639
"14949",14948,"47_123_106",35.265087459326,-84.4226726053128
"14950",14949,"47_123_106",35.2594325367594,-84.4134594593393
"14951",14950,"47_123_80",35.524918151109,-84.1365251847187
"14952",14951,"47_123_80",35.5353736552603,-84.1328222236893
"14953",14952,"47_123_80",35.5226477085668,-84.1362304429991
"14954",14953,"47_123_80",35.5226984933765,-84.1358188161076
"14955",14954,"47_123_80",35.5321889078045,-84.1304066729929
"14956",14955,"47_123_80",35.5347665558226,-84.1316999411464
"14957",14956,"47_123_80",35.5300434985342,-84.1288908884172
"14958",14957,"47_123_80",35.5284162829587,-84.1404458174471
"14959",14958,"47_123_80",35.5341943474114,-84.1400505540657
"14960",14959,"47_123_80",35.5268420514319,-84.1459404042691
"14961",14960,"47_123_81",35.4326494479684,-84.0831950060979
"14962",14961,"47_123_81",35.4267343295651,-84.0857480338372
"14963",14962,"47_123_81",35.4289141300591,-84.0932228874006
"14964",14963,"47_123_81",35.4307251414817,-84.0863210919419
"14965",14964,"47_123_81",35.4317172387296,-84.0908400091491
"14966",14965,"47_123_81",35.4224439056463,-84.0879806459862
"14967",14966,"47_123_81",35.4351226865998,-84.0890699790755
"14968",14967,"47_123_81",35.4244289926668,-84.0858009011642
"14969",14968,"47_123_81",35.4284503859903,-84.0871538218518
"14970",14969,"47_123_81",35.4294014889344,-84.0936599215898
"14971",14970,"47_123_82",35.3459868976867,-84.1537219347086
"14972",14971,"47_123_82",35.3462608494507,-84.1483537718147
"14973",14972,"47_123_82",35.3404692268073,-84.1596650800639
"14974",14973,"47_123_82",35.3417554510561,-84.1491838217296
"14975",14974,"47_123_82",35.3426169243036,-84.1588651906796
"14976",14975,"47_123_82",35.3527568564945,-84.1425297834851
"14977",14976,"47_123_82",35.3477341868355,-84.1469164485061
"14978",14977,"47_123_82",35.3465860907799,-84.154613104345
"14979",14978,"47_123_82",35.3493874598772,-84.1665035228727
"14980",14979,"47_123_82",35.3363021864594,-84.1611602704539
"14981",14980,"47_123_93",35.2814426921256,-84.3191328204184
"14982",14981,"47_123_93",35.2945437966491,-84.3234197467846
"14983",14982,"47_123_93",35.2826222338831,-84.3136544598866
"14984",14983,"47_123_93",35.284905826593,-84.3322542142994
"14985",14984,"47_123_93",35.291567519244,-84.3142175226128
"14986",14985,"47_123_93",35.2811714215472,-84.3283565408315
"14987",14986,"47_123_93",35.2861659166548,-84.3187379812632
"14988",14987,"47_123_93",35.2826691852276,-84.308755964822
"14989",14988,"47_123_93",35.2890519609257,-84.3100439572117
"14990",14989,"47_123_93",35.2904503970502,-84.3141542513466
"14991",14990,"47_123_135",35.273494097627,-84.1653800242132
"14992",14991,"47_123_135",35.2849739460655,-84.160691456901
"14993",14992,"47_123_135",35.2798145213482,-84.15967666163
"14994",14993,"47_123_135",35.2832118931613,-84.1711184241051
"14995",14994,"47_123_135",35.2842027231392,-84.1733919912614
"14996",14995,"47_123_135",35.2719150748033,-84.1781970319508
"14997",14996,"47_123_135",35.2942535608031,-84.1768038614676
"14998",14997,"47_123_135",35.2753254567343,-84.1702226987277
"14999",14998,"47_123_135",35.2827134392597,-84.1840772305911
"15000",14999,"47_123_135",35.2715143147198,-84.1722414970805
"15001",15000,"47_139_68",35.1764809701642,-84.3753861844031
"15002",15001,"47_139_68",35.1738553625241,-84.3740780607823
"15003",15002,"47_139_68",35.1787897648338,-84.3671142558809
"15004",15003,"47_139_68",35.1876196645611,-84.3554617404871
"15005",15004,"47_139_68",35.1723783714285,-84.3519826164609
"15006",15005,"47_139_68",35.175556034038,-84.3637807592877
"15007",15006,"47_139_68",35.178786728795,-84.3660755742899
"15008",15007,"47_139_68",35.1773496138276,-84.3652950497909
"15009",15008,"47_139_68",35.174817859598,-84.373863667835
"15010",15009,"47_139_68",35.1785528585374,-84.3657560429033
"15011",15010,"47_139_70",35.2159371003672,-84.4405229874521
"15012",15011,"47_139_70",35.2132150143236,-84.4509072185935
"15013",15012,"47_139_70",35.2207536802697,-84.4528700898985
"15014",15013,"47_139_70",35.215202794931,-84.4504548685515
"15015",15014,"47_139_70",35.2150631561692,-84.4522689866897
"15016",15015,"47_139_70",35.2103769592455,-84.4466692025309
"15017",15016,"47_139_70",35.2151076436961,-84.4500185503788
"15018",15017,"47_139_70",35.2249218752431,-84.4595034749575
"15019",15018,"47_139_70",35.2207805010317,-84.4585665844081
"15020",15019,"47_139_70",35.227551348325,-84.4553356160977
"15021",15020,"47_139_71",35.1820897015641,-84.5307054974711
"15022",15021,"47_139_71",35.1781568460882,-84.5278874729137
"15023",15022,"47_139_71",35.1771934170511,-84.5215952832654
"15024",15023,"47_139_71",35.1809288817909,-84.5169012970884
"15025",15024,"47_139_71",35.1782060411567,-84.5174807755947
"15026",15025,"47_139_71",35.1834278050679,-84.5218288274662
"15027",15026,"47_139_71",35.179479578848,-84.5176378020364
"15028",15027,"47_139_71",35.1804689552207,-84.5112309315978
"15029",15028,"47_139_71",35.1708880891004,-84.5307896035267
"15030",15029,"47_139_71",35.1786370146706,-84.5140428272261
"15031",15030,"47_155_22",35.6262355160298,-83.5654117802183
"15032",15031,"47_155_22",35.6218877359867,-83.5657767471368
"15033",15032,"47_155_22",35.6235497233532,-83.567122274893
"15034",15033,"47_155_22",35.621496332149,-83.5665332906924
"15035",15034,"47_155_22",35.6233780063758,-83.5660472522921
"15036",15035,"47_155_22",35.6233162118712,-83.5712692341695
"15037",15036,"47_155_22",35.6136534964391,-83.5659062347254
"15038",15037,"47_155_22",35.6208322339834,-83.565572510918
"15039",15038,"47_155_22",35.6190804638216,-83.5662591536426
"15040",15039,"47_155_22",35.6240033851496,-83.5698048601087
"15041",15040,"47_179_18",36.1102108915371,-82.5795505775029
"15042",15041,"47_179_18",36.1152241347465,-82.5664711800319
"15043",15042,"47_179_18",36.1194491040694,-82.5665508791379
"15044",15043,"47_179_18",36.1100145620352,-82.5866569512545
"15045",15044,"47_179_18",36.108740279996,-82.5864782541954
"15046",15045,"47_179_18",36.1247232839851,-82.5778721238838
"15047",15046,"47_179_18",36.1016818732597,-82.5737956994737
"15048",15047,"47_179_18",36.1043408676106,-82.5735878597851
"15049",15048,"47_179_18",36.1230188950114,-82.5854124588424
"15050",15049,"47_179_18",36.1067704614307,-82.5760258834306
"15051",15050,"47_59_25",36.0151170627505,-82.7584599745124
"15052",15051,"47_59_25",36.0200246521708,-82.7627485367907
"15053",15052,"47_59_25",36.0228006271723,-82.7419267810204
"15054",15053,"47_59_25",36.011511710246,-82.7639447088012
"15055",15054,"47_59_25",36.0183187116742,-82.7425853738499
"15056",15055,"47_59_25",36.0164594660941,-82.7504628351056
"15057",15056,"47_59_25",36.0184803258472,-82.7569640218993
"15058",15057,"47_59_25",36.0037203305749,-82.7531831700958
"15059",15058,"47_59_25",36.0249771472925,-82.7509008964186
"15060",15059,"47_59_25",36.0082082523164,-82.7456169259581
"15061",15060,"47_29_32",35.9310421956466,-82.9697380761998
"15062",15061,"47_29_32",35.9409701058175,-82.9668986923791
"15063",15062,"47_29_32",35.9289022442876,-82.9551274248848
"15064",15063,"47_29_32",35.9442169567632,-82.953334495756
"15065",15064,"47_29_32",35.9389082777192,-82.95809329101
"15066",15065,"47_29_32",35.9498293312325,-82.9698506784488
"15067",15066,"47_29_32",35.930093969523,-82.9752521515324
"15068",15067,"47_29_32",35.9301397953883,-82.9785561823096
"15069",15068,"47_29_32",35.9349427598902,-82.9630343894443
"15070",15069,"47_29_32",35.9292053240057,-82.9632892219951
"15071",15070,"47_91_32",36.5330037495941,-81.7326834536726
"15072",15071,"47_91_32",36.5279062641573,-81.7282849168723
"15073",15072,"47_91_32",36.5377658582209,-81.7463093815309
"15074",15073,"47_91_32",36.5378995612082,-81.7272709068211
"15075",15074,"47_91_32",36.5389336616267,-81.7271293520806
"15076",15075,"47_91_32",36.5448420881944,-81.7382050695587
"15077",15076,"47_91_32",36.5417667095221,-81.725130108477
"15078",15077,"47_91_32",36.5426783798896,-81.7380504368296
"15079",15078,"47_91_32",36.5262200982575,-81.7408533057855
"15080",15079,"47_91_32",36.5418293439792,-81.7420678031424
"15081",15080,"47_163_56",36.5468898731448,-82.0063015822653
"15082",15081,"47_163_56",36.548365917197,-82.0052790368288
"15083",15082,"47_163_56",36.5381173412946,-81.989701341126
"15084",15083,"47_163_56",36.5313029675735,-81.9987074543747
"15085",15084,"47_163_56",36.5341202600112,-82.0023707473619
"15086",15085,"47_163_56",36.5397237308683,-81.9974213039706
"15087",15086,"47_163_56",36.5445592696325,-81.9864337325694
"15088",15087,"47_163_56",36.5416441787885,-82.0048558559194
"15089",15088,"47_163_56",36.5370004758758,-81.9942823562754
"15090",15089,"47_163_56",36.5421414396947,-81.9979708758469
"15091",15090,"47_29_52",35.8857501649937,-82.9556804328143
"15092",15091,"47_29_52",35.8817847713983,-82.9722487208443
"15093",15092,"47_29_52",35.8929252786072,-82.9558703187023
"15094",15093,"47_29_52",35.8844964407807,-82.9474027936774
"15095",15094,"47_29_52",35.887828655448,-82.9471518744631
"15096",15095,"47_29_52",35.8860125083405,-82.9636173758465
"15097",15096,"47_29_52",35.8785107110997,-82.9775638679599
"15098",15097,"47_29_52",35.8929065950746,-82.9659642539253
"15099",15098,"47_29_52",35.8744661434229,-82.9663736154001
"15100",15099,"47_29_52",35.8850243398821,-82.9813431361642
"15101",15100,"47_29_54",35.8812602496314,-83.067668695668
"15102",15101,"47_29_54",35.8852004209959,-83.0787605467979
"15103",15102,"47_29_54",35.882015624459,-83.0691055736486
"15104",15103,"47_29_54",35.8864831725353,-83.0651655694825
"15105",15104,"47_29_54",35.882440536181,-83.0663839887026
"15106",15105,"47_29_54",35.8986947067367,-83.0680599068335
"15107",15106,"47_29_54",35.8928300692305,-83.0542257664974
"15108",15107,"47_29_54",35.8749810784109,-83.0578599639884
"15109",15108,"47_29_54",35.8751469017155,-83.068768709312
"15110",15109,"47_29_54",35.8876592612568,-83.0542946811303
"15111",15110,"47_29_61",35.8121284801643,-82.953111265912
"15112",15111,"47_29_61",35.8106760124251,-82.9706793382494
"15113",15112,"47_29_61",35.8035392486124,-82.9688492909605
"15114",15113,"47_29_61",35.8053251595533,-82.9653767891422
"15115",15114,"47_29_61",35.8050755601181,-82.9710213751398
"15116",15115,"47_29_61",35.8119746783215,-82.9803084077597
"15117",15116,"47_29_61",35.8073056163378,-82.9776584447228
"15118",15117,"47_29_61",35.7931048525657,-82.9682088689289
"15119",15118,"47_29_61",35.8049816186619,-82.9648068472032
"15120",15119,"47_29_61",35.7942144405314,-82.9630990707912
"15121",15120,"47_59_54",35.9801460826208,-82.8143727785022
"15122",15121,"47_59_54",35.9784037090464,-82.8154040605159
"15123",15122,"47_59_54",35.9707192324444,-82.7980717156491
"15124",15123,"47_59_54",35.9679247375939,-82.7935588641787
"15125",15124,"47_59_54",35.9734430133874,-82.8028887855396
"15126",15125,"47_59_54",35.974897979531,-82.7967239392482
"15127",15126,"47_59_54",35.9624741726487,-82.8105666999822
"15128",15127,"47_59_54",35.9840027663126,-82.7991266277148
"15129",15128,"47_59_54",35.973532199844,-82.8007590856809
"15130",15129,"47_59_54",35.9844019317429,-82.7930014512224
"15131",15130,"47_91_41",36.5747817696395,-81.8858965743485
"15132",15131,"47_91_41",36.5724863220535,-81.8986902757974
"15133",15132,"47_91_41",36.5728059109993,-81.8920885917255
"15134",15133,"47_91_41",36.5650541786733,-81.9009251696751
"15135",15134,"47_91_41",36.5738566648041,-81.8963062318915
"15136",15135,"47_91_41",36.5776527735147,-81.88417871046
"15137",15136,"47_91_41",36.5768820567328,-81.8948183355599
"15138",15137,"47_91_41",36.5692325669552,-81.9051561942696
"15139",15138,"47_91_41",36.5703287518484,-81.8931509931721
"15140",15139,"47_91_41",36.5610185925433,-81.8926498697568
"15141",15140,"47_139_95",35.0580585267722,-84.5262051719076
"15142",15141,"47_139_95",35.0593390652211,-84.5197868452031
"15143",15142,"47_139_95",35.0503687840383,-84.5303405467728
"15144",15143,"47_139_95",35.0516333439088,-84.5217102563488
"15145",15144,"47_139_95",35.0598951531498,-84.514989123454
"15146",15145,"47_139_95",35.0554192826397,-84.5034754361953
"15147",15146,"47_139_95",35.0629851274715,-84.5137632289695
"15148",15147,"47_139_95",35.0440358743207,-84.5170281074967
"15149",15148,"47_139_95",35.0482010496676,-84.5293890141615
"15150",15149,"47_139_95",35.0473688523021,-84.5228100025777
"15151",15150,"47_29_41",35.9749726925127,-82.9593565128656
"15152",15151,"47_29_41",35.9715146550939,-82.9606586148541
"15153",15152,"47_29_41",35.9726456883036,-82.9594972227753
"15154",15153,"47_29_41",35.9683901124163,-82.9662074686179
"15155",15154,"47_29_41",35.9746609369747,-82.9643799038359
"15156",15155,"47_29_41",35.9689892344138,-82.9436241130389
"15157",15156,"47_29_41",35.9721948944249,-82.9580810037492
"15158",15157,"47_29_41",35.9704657316697,-82.9580259664854
"15159",15158,"47_29_41",35.9652649011086,-82.9474275624294
"15160",15159,"47_29_41",35.9767890891797,-82.9657533735593
"15161",15160,"47_29_50",35.8888890630833,-83.1275761667695
"15162",15161,"47_29_50",35.893367537648,-83.1177166836493
"15163",15162,"47_29_50",35.8890356843293,-83.1329206669305
"15164",15163,"47_29_50",35.875687401048,-83.135833621503
"15165",15164,"47_29_50",35.887370107236,-83.1300407139048
"15166",15165,"47_29_50",35.8751146486881,-83.1219633473963
"15167",15166,"47_29_50",35.8875746811667,-83.129391732415
"15168",15167,"47_29_50",35.8871492822854,-83.1299389711586
"15169",15168,"47_29_50",35.8871513622182,-83.1404816674294
"15170",15169,"47_29_50",35.8891982233216,-83.1149788473938
"15171",15170,"47_163_73",36.4313613526447,-82.1362141302376
"15172",15171,"47_163_73",36.4422091213045,-82.1372815315056
"15173",15172,"47_163_73",36.4384026671295,-82.1294181597761
"15174",15173,"47_163_73",36.4358904900751,-82.1358961239005
"15175",15174,"47_163_73",36.4420957802624,-82.1209274437816
"15176",15175,"47_163_73",36.4430248929031,-82.1266458054883
"15177",15176,"47_163_73",36.4301577876328,-82.141630779648
"15178",15177,"47_163_73",36.4380463737829,-82.1300673139107
"15179",15178,"47_163_73",36.4344359628894,-82.1322957592221
"15180",15179,"47_163_73",36.4332456552697,-82.1319591279609
"15181",15180,"47_19_44",36.2655172159794,-82.0528683691753
"15182",15181,"47_19_44",36.2740555976987,-82.0553844574659
"15183",15182,"47_19_44",36.2735443165814,-82.0507034418474
"15184",15183,"47_19_44",36.2843632927981,-82.0658494211199
"15185",15184,"47_19_44",36.2759490774012,-82.0546523164562
"15186",15185,"47_19_44",36.279776004491,-82.0719300020337
"15187",15186,"47_19_44",36.2762219918341,-82.0406137559361
"15188",15187,"47_19_44",36.2702034891871,-82.0497751237677
"15189",15188,"47_19_44",36.2786263120953,-82.0473059828284
"15190",15189,"47_19_44",36.2714191190918,-82.0640822932468
"15191",15190,"47_19_48",36.2672089671437,-82.2034713286914
"15192",15191,"47_19_48",36.2800974705048,-82.2221865388347
"15193",15192,"47_19_48",36.2776125980152,-82.2229275965508
"15194",15193,"47_19_48",36.2794420274212,-82.2076721025051
"15195",15194,"47_19_48",36.2867564986803,-82.2031402852098
"15196",15195,"47_19_48",36.2654151526279,-82.2107389435263
"15197",15196,"47_19_48",36.278021206456,-82.2010392431731
"15198",15197,"47_19_48",36.2798502155135,-82.2058180820388
"15199",15198,"47_19_48",36.2830388360485,-82.220548266668
"15200",15199,"47_19_48",36.2800974607458,-82.2063949820569
"15201",15200,"47_123_92",35.2958984717014,-84.4578810432347
"15202",15201,"47_123_92",35.3037213901025,-84.4524809190072
"15203",15202,"47_123_92",35.309360656205,-84.4516750472311
"15204",15203,"47_123_92",35.2976561356081,-84.4572132698075
"15205",15204,"47_123_92",35.2916557342557,-84.4708901487791
"15206",15205,"47_123_92",35.3034675446434,-84.4461717922603
"15207",15206,"47_123_92",35.2952456427981,-84.4690639119401
"15208",15207,"47_123_92",35.2957608647467,-84.4520895853628
"15209",15208,"47_123_92",35.2964421638088,-84.4588171635499
"15210",15209,"47_123_92",35.2975638690432,-84.4582197725314
"15211",15210,"47_91_47",36.5812439296126,-81.831890538913
"15212",15211,"47_91_47",36.5771855365378,-81.8374531283296
"15213",15212,"47_91_47",36.5881465133158,-81.8317718861451
"15214",15213,"47_91_47",36.5812123420842,-81.8390006087508
"15215",15214,"47_91_47",36.5802300456637,-81.8420944740996
"15216",15215,"47_91_47",36.5938530893576,-81.8312025555276
"15217",15216,"47_91_47",36.5870622608822,-81.8501653586714
"15218",15217,"47_91_47",36.5815229030402,-81.8398802582841
"15219",15218,"47_91_47",36.5813415417516,-81.8350647194606
"15220",15219,"47_91_47",36.5695342937317,-81.8342341306989
"15221",15220,"47_91_48",36.5007388318493,-81.8994185761935
"15222",15221,"47_91_48",36.495250097772,-81.8906060483183
"15223",15222,"47_91_48",36.4971328713893,-81.8968043566193
"15224",15223,"47_91_48",36.4855865501697,-81.8963342069428
"15225",15224,"47_91_48",36.4970963543767,-81.8885733782147
"15226",15225,"47_91_48",36.4952681751626,-81.8914390722061
"15227",15226,"47_91_48",36.4845847684211,-81.8997179795496
"15228",15227,"47_91_48",36.4891865685603,-81.8872501796773
"15229",15228,"47_91_48",36.4966705686145,-81.8871753329973
"15230",15229,"47_91_48",36.4915272735224,-81.8774639470281
"15231",15230,"21_235_10",36.9640134480398,-84.1321421324827
"15232",15231,"21_235_10",36.9681576411414,-84.118016700294
"15233",15232,"21_235_10",36.9744646780075,-84.1337302858704
"15234",15233,"21_235_10",36.9611732957989,-84.1486576275068
"15235",15234,"21_235_10",36.9615965118472,-84.1387446187703
"15236",15235,"21_235_10",36.9686746380354,-84.1271726017849
"15237",15236,"21_235_10",36.9758233461884,-84.1348032709781
"15238",15237,"21_235_10",36.9569501040988,-84.1252686385178
"15239",15238,"21_235_10",36.9569960432013,-84.1270292627296
"15240",15239,"21_235_10",36.9548573252028,-84.1306336807027
"15241",15240,"21_189_10",37.291283457954,-83.5427071976838
"15242",15241,"21_189_10",37.2876345396098,-83.5446746842048
"15243",15242,"21_189_10",37.2861015945602,-83.5539549326954
"15244",15243,"21_189_10",37.294485311711,-83.5509611287537
"15245",15244,"21_189_10",37.2923978892893,-83.5472429559824
"15246",15245,"21_189_10",37.2883538555324,-83.5545870878089
"15247",15246,"21_189_10",37.290168658909,-83.5594907906119
"15248",15247,"21_189_10",37.2916346761549,-83.5688449566606
"15249",15248,"21_189_10",37.2938431401788,-83.5422613062161
"15250",15249,"21_189_10",37.2819060800672,-83.5577009535371
"15251",15250,"21_205_5",38.1229475846633,-83.3028183592653
"15252",15251,"21_205_5",38.1256000968917,-83.3239215865093
"15253",15252,"21_205_5",38.1075936641011,-83.3110781108169
"15254",15253,"21_205_5",38.1090161205644,-83.308282837323
"15255",15254,"21_205_5",38.1122076663012,-83.3330298509226
"15256",15255,"21_205_5",38.1246182941247,-83.3220393588604
"15257",15256,"21_205_5",38.1255135063124,-83.32842837577
"15258",15257,"21_205_5",38.1176504688549,-83.3201923744369
"15259",15258,"21_205_5",38.1113170139461,-83.3161736598157
"15260",15259,"21_205_5",38.1195400768356,-83.319101353312
"15261",15260,"21_197_6",37.8510897513725,-83.8350004773821
"15262",15261,"21_197_6",37.839974903623,-83.8317910142546
"15263",15262,"21_197_6",37.834522729523,-83.8303381306617
"15264",15263,"21_197_6",37.849966502902,-83.8279972989149
"15265",15264,"21_197_6",37.8444985265974,-83.8301842960646
"15266",15265,"21_197_6",37.8389553953303,-83.832419801933
"15267",15266,"21_197_6",37.8295064610761,-83.82679947797
"15268",15267,"21_197_6",37.8394689905946,-83.8187390307421
"15269",15268,"21_197_6",37.8271289446049,-83.8312833726871
"15270",15269,"21_197_6",37.8412554881715,-83.832754550563
"15271",15270,"47_139_2",35.1350267794044,-84.6032618545229
"15272",15271,"47_139_2",35.1407247965586,-84.6001964556052
"15273",15272,"47_139_2",35.1413025745965,-84.6078093121136
"15274",15273,"47_139_2",35.1489662017113,-84.5997083904868
"15275",15274,"47_139_2",35.142837778788,-84.6000098435213
"15276",15275,"47_139_2",35.1400976575838,-84.596031624074
"15277",15276,"47_139_2",35.1421682220714,-84.5963810657516
"15278",15277,"47_139_2",35.142128592321,-84.5966666154375
"15279",15278,"47_139_2",35.1489861000839,-84.5968829119776
"15280",15279,"47_139_2",35.1358860090187,-84.609626816515
"15281",15280,"47_139_107",35.0497799276724,-84.6309692566248
"15282",15281,"47_139_107",35.0375829058607,-84.6305050268038
"15283",15282,"47_139_107",35.0438250816683,-84.6331910792876
"15284",15283,"47_139_107",35.0369734003716,-84.6297731047213
"15285",15284,"47_139_107",35.0506580663316,-84.6199224317873
"15286",15285,"47_139_107",35.0448593159697,-84.6333795366941
"15287",15286,"47_139_107",35.0418000525655,-84.6235859347224
"15288",15287,"47_139_107",35.0511800449964,-84.6365559863049
"15289",15288,"47_139_107",35.045795013093,-84.6291112814029
"15290",15289,"47_139_107",35.0454008755623,-84.6203279022793
"15291",15290,"47_139_102",35.2347521510691,-84.411098876103
"15292",15291,"47_139_102",35.2285815551759,-84.4185665327224
"15293",15292,"47_139_102",35.226696593229,-84.4195240608848
"15294",15293,"47_139_102",35.2248330737902,-84.4029303707512
"15295",15294,"47_139_102",35.2240617397314,-84.4293796859814
"15296",15295,"47_139_102",35.2249288778896,-84.4159470414754
"15297",15296,"47_139_102",35.223930495405,-84.4121285363747
"15298",15297,"47_139_102",35.2246453984504,-84.4148130739606
"15299",15298,"47_139_102",35.2330255570854,-84.421698692151
"15300",15299,"47_139_102",35.2249149981319,-84.3989201182588
"15301",15300,"47_139_103",35.0837937687051,-84.4523735822098
"15302",15301,"47_139_103",35.0884305919594,-84.4555630322422
"15303",15302,"47_139_103",35.0811091410184,-84.4787463061959
"15304",15303,"47_139_103",35.0756698558882,-84.479218604887
"15305",15304,"47_139_103",35.0927798127734,-84.4691182647016
"15306",15305,"47_139_103",35.091090493114,-84.4611844924842
"15307",15306,"47_139_103",35.0895036501352,-84.46288491501
"15308",15307,"47_139_103",35.0849242346191,-84.4689869561322
"15309",15308,"47_139_103",35.0853166012841,-84.4712281527611
"15310",15309,"47_139_103",35.0842354085755,-84.4551126652085
"15311",15310,"47_139_104",34.9984079460799,-84.5336259669553
"15312",15311,"47_139_104",35.003995557812,-84.5216581958509
"15313",15312,"47_139_104",34.9948864303992,-84.5270725188737
"15314",15313,"47_139_104",34.9975682066172,-84.5216131732178
"15315",15314,"47_139_104",34.9988517059228,-84.5151021388506
"15316",15315,"47_139_104",35.0004586256885,-84.5259291443788
"15317",15316,"47_139_104",34.999454255286,-84.5189906690316
"15318",15317,"47_139_104",34.9906469017956,-84.524751442819
"15319",15318,"47_139_104",34.991069483449,-84.5294393517653
"15320",15319,"47_139_104",34.9954316823442,-84.51736146168
"15321",15320,"47_139_108",34.9998902600469,-84.670444346327
"15322",15321,"47_139_108",35.0012272613323,-84.6733415512994
"15323",15322,"47_139_108",34.9966461051846,-84.6668637308474
"15324",15323,"47_139_108",35.0008562495933,-84.6744364317135
"15325",15324,"47_139_108",34.9946262718207,-84.6715373885534
"15326",15325,"47_139_108",34.9895415249086,-84.6650631775489
"15327",15326,"47_139_108",35.0122165551945,-84.6816401597634
"15328",15327,"47_139_108",35.0041754071622,-84.6608019163883
"15329",15328,"47_139_108",35.0040318684943,-84.6715146546955
"15330",15329,"47_139_108",35.0072565146834,-84.6720777165956
"15331",15330,"21_147_27",36.6679853139377,-84.6992487747131
"15332",15331,"21_147_27",36.669202452352,-84.6918904448794
"15333",15332,"21_147_27",36.6651311803741,-84.6786458116253
"15334",15333,"21_147_27",36.6782627604442,-84.7027651253817
"15335",15334,"21_147_27",36.6845252665597,-84.6855864279567
"15336",15335,"21_147_27",36.6819510379,-84.6722426282014
"15337",15336,"21_147_27",36.6768558308075,-84.6986256649584
"15338",15337,"21_147_27",36.6673937473121,-84.6839858787507
"15339",15338,"21_147_27",36.6776481197082,-84.6865424483608
"15340",15339,"21_147_27",36.6768145988665,-84.6856732265665
"15341",15340,"21_11_22",38.0591178123067,-83.535370404938
"15342",15341,"21_11_22",38.0494824206986,-83.5290033319718
"15343",15342,"21_11_22",38.0599753308495,-83.5302971943788
"15344",15343,"21_11_22",38.0616793547331,-83.5296442287025
"15345",15344,"21_11_22",38.0512900201205,-83.5164827873734
"15346",15345,"21_11_22",38.0664498890888,-83.5196884173474
"15347",15346,"21_11_22",38.0555738599698,-83.5264831856365
"15348",15347,"21_11_22",38.0694986056477,-83.5197249159279
"15349",15348,"21_11_22",38.0705860812638,-83.5350906348668
"15350",15349,"21_11_22",38.0606560353352,-83.5290232133802
"15351",15350,"21_125_41",36.967460402672,-84.288415826013
"15352",15351,"21_125_41",36.9704006910984,-84.2913283315265
"15353",15352,"21_125_41",36.9655663920178,-84.2908534243634
"15354",15353,"21_125_41",36.9602585322036,-84.2799605505149
"15355",15354,"21_125_41",36.9837381326858,-84.2868812035711
"15356",15355,"21_125_41",36.9681510446038,-84.2797197896831
"15357",15356,"21_125_41",36.9658777655476,-84.2785731290242
"15358",15357,"21_125_41",36.9715219731923,-84.281747569058
"15359",15358,"21_125_41",36.9717141363215,-84.2740965090958
"15360",15359,"21_125_41",36.9686253039787,-84.2915670251171
"15361",15360,"21_205_15",38.0536267810197,-83.4296165052249
"15362",15361,"21_205_15",38.0567044880606,-83.4343008231135
"15363",15362,"21_205_15",38.053390878401,-83.4264659143646
"15364",15363,"21_205_15",38.0661441612022,-83.4224389517883
"15365",15364,"21_205_15",38.0561686096621,-83.4387941921173
"15366",15365,"21_205_15",38.0666291391028,-83.43714768795
"15367",15366,"21_205_15",38.0738411709676,-83.4322454984914
"15368",15367,"21_205_15",38.0586719183749,-83.4289380695331
"15369",15368,"21_205_15",38.0593054257642,-83.4260517287653
"15370",15369,"21_205_15",38.0627542889434,-83.4421121177191
"15371",15370,"21_131_4",37.0921472979636,-83.5139786888077
"15372",15371,"21_131_4",37.0879437762284,-83.5303441534551
"15373",15372,"21_131_4",37.0848783330949,-83.5264119501599
"15374",15373,"21_131_4",37.0669496221128,-83.5159678712544
"15375",15374,"21_131_4",37.090857339337,-83.5303436546609
"15376",15375,"21_131_4",37.066586985148,-83.5253212845658
"15377",15376,"21_131_4",37.0798101785087,-83.5191157052773
"15378",15377,"21_131_4",37.0732498594168,-83.5357361412628
"15379",15378,"21_131_4",37.0747096780066,-83.5273922581092
"15380",15379,"21_131_4",37.0748031897452,-83.5225544971207
"15381",15380,"21_131_3",37.0807958848303,-83.5208375787077
"15382",15381,"21_131_3",37.0844183374986,-83.5230470154694
"15383",15382,"21_131_3",37.078215099067,-83.5162538379091
"15384",15383,"21_131_3",37.0790246239444,-83.5295289489318
"15385",15384,"21_131_3",37.0788051180679,-83.5303567361486
"15386",15385,"21_131_3",37.0828945346082,-83.5297900508621
"15387",15386,"21_131_3",37.0727230995011,-83.523508991741
"15388",15387,"21_131_3",37.0837829156633,-83.5371224474486
"15389",15388,"21_131_3",37.0918759994173,-83.540335378212
"15390",15389,"21_131_3",37.0792279331804,-83.5283219229388
"15391",15390,"21_147_39",36.6696763940249,-84.5835558436208
"15392",15391,"21_147_39",36.6691221434287,-84.5857423327479
"15393",15392,"21_147_39",36.6735471149628,-84.5704087673764
"15394",15393,"21_147_39",36.657936708069,-84.5805415509533
"15395",15394,"21_147_39",36.6726081310794,-84.5830591908428
"15396",15395,"21_147_39",36.6674099156771,-84.5916454724112
"15397",15396,"21_147_39",36.6688148241802,-84.5858477709446
"15398",15397,"21_147_39",36.6667007124536,-84.578979609887
"15399",15398,"21_147_39",36.6744511126721,-84.5865665870888
"15400",15399,"21_147_39",36.6755483625922,-84.5693300622936
"15401",15400,"21_131_5",37.0604670760009,-83.5262120582983
"15402",15401,"21_131_5",37.0599204307659,-83.5297925983701
"15403",15402,"21_131_5",37.0543660289621,-83.5194915705643
"15404",15403,"21_131_5",37.0656261750993,-83.5423582473312
"15405",15404,"21_131_5",37.0718251004825,-83.5256431980429
"15406",15405,"21_131_5",37.057541535139,-83.5403098458759
"15407",15406,"21_131_5",37.0588384174254,-83.5259178461929
"15408",15407,"21_131_5",37.0687923315287,-83.5403187318773
"15409",15408,"21_131_5",37.0619098484823,-83.5424669616852
"15410",15409,"21_131_5",37.0624512671318,-83.5245435385915
"15411",15410,"21_205_24",38.2217274916874,-83.4373956468798
"15412",15411,"21_205_24",38.2272236506885,-83.4377544116844
"15413",15412,"21_205_24",38.2247698279176,-83.4333520196443
"15414",15413,"21_205_24",38.2182081220607,-83.4378925432665
"15415",15414,"21_205_24",38.2185270187173,-83.4284529573217
"15416",15415,"21_205_24",38.221675370838,-83.4524760219593
"15417",15416,"21_205_24",38.2153453649019,-83.4288910555746
"15418",15417,"21_205_24",38.2311577794759,-83.4436582891324
"15419",15418,"21_205_24",38.2227483532314,-83.4257206477192
"15420",15419,"21_205_24",38.2140614046363,-83.4366110578702
"15421",15420,"21_147_4",36.8600579982941,-84.3145872899168
"15422",15421,"21_147_4",36.856840066105,-84.3423218422998
"15423",15422,"21_147_4",36.8597105518109,-84.3302615050328
"15424",15423,"21_147_4",36.8702213005623,-84.3176152687153
"15425",15424,"21_147_4",36.8582175928876,-84.3291941114692
"15426",15425,"21_147_4",36.8524956084151,-84.3283578320413
"15427",15426,"21_147_4",36.8609095266409,-84.3202839842699
"15428",15427,"21_147_4",36.8566238171427,-84.3206458114822
"15429",15428,"21_147_4",36.8726683843656,-84.3362103477478
"15430",15429,"21_147_4",36.8601790456675,-84.3306287561935
"15431",15430,"21_147_40",36.7830889955997,-84.497639287812
"15432",15431,"21_147_40",36.7765726565102,-84.5028123234458
"15433",15432,"21_147_40",36.7792535885657,-84.504516517701
"15434",15433,"21_147_40",36.7860855375112,-84.4989746501222
"15435",15434,"21_147_40",36.7928799193808,-84.5069279414554
"15436",15435,"21_147_40",36.7844789819279,-84.4935861768264
"15437",15436,"21_147_40",36.7868911592048,-84.5114418402915
"15438",15437,"21_147_40",36.7820310761717,-84.5078779003438
"15439",15438,"21_147_40",36.7776061450239,-84.5089848073706
"15440",15439,"21_147_40",36.7922343632257,-84.5091085088784
"15441",15440,"21_147_34",36.8294544085423,-84.4999514960421
"15442",15441,"21_147_34",36.8256831702753,-84.4940327947768
"15443",15442,"21_147_34",36.8267925340096,-84.4992639488524
"15444",15443,"21_147_34",36.8275688220521,-84.4981257385069
"15445",15444,"21_147_34",36.8292201311324,-84.5011267277142
"15446",15445,"21_147_34",36.8308692871878,-84.5062008786207
"15447",15446,"21_147_34",36.8353581437544,-84.4894977184811
"15448",15447,"21_147_34",36.8316102758608,-84.5028115138458
"15449",15448,"21_147_34",36.8276126688744,-84.5020869346111
"15450",15449,"21_147_34",36.8377570514557,-84.495726773271
"15451",15450,"21_51_15",37.0269211405418,-83.5810504420495
"15452",15451,"21_51_15",37.0310647810316,-83.5845716048984
"15453",15452,"21_51_15",37.0305525284654,-83.5907567944977
"15454",15453,"21_51_15",37.0321113420144,-83.5863641812449
"15455",15454,"21_51_15",37.0375917413049,-83.5876792253739
"15456",15455,"21_51_15",37.0269288632356,-83.591187870781
"15457",15456,"21_51_15",37.0286462442421,-83.6047352982032
"15458",15457,"21_51_15",37.021875730318,-83.5933797625963
"15459",15458,"21_51_15",37.0320037625759,-83.6055292166902
"15460",15459,"21_51_15",37.0306177114136,-83.5894637089634
"15461",15460,"21_205_30",38.2816189465722,-83.4063594154771
"15462",15461,"21_205_30",38.2789532580182,-83.387177115582
"15463",15462,"21_205_30",38.2938000547261,-83.3880048905553
"15464",15463,"21_205_30",38.2866350510266,-83.3981617110798
"15465",15464,"21_205_30",38.2795992486577,-83.3880025534506
"15466",15465,"21_205_30",38.2868839153194,-83.3834161062716
"15467",15466,"21_205_30",38.2808447553682,-83.3871975662206
"15468",15467,"21_205_30",38.280118912668,-83.3902439453538
"15469",15468,"21_205_30",38.2835103379761,-83.4008290980779
"15470",15469,"21_205_30",38.2795930656207,-83.3862278075657
"15471",15470,"21_125_43",37.030471685997,-84.2443840899831
"15472",15471,"21_125_43",37.0236354570605,-84.2245762426616
"15473",15472,"21_125_43",37.03005622934,-84.2423915267856
"15474",15473,"21_125_43",37.0296047967035,-84.2408525811123
"15475",15474,"21_125_43",37.0365832449813,-84.2308020017926
"15476",15475,"21_125_43",37.0365116026691,-84.2506035747448
"15477",15476,"21_125_43",37.0356846628824,-84.2473448878213
"15478",15477,"21_125_43",37.0247576442387,-84.2377968994084
"15479",15478,"21_125_43",37.032249379663,-84.2451520757864
"15480",15479,"21_125_43",37.0300866622706,-84.2403273192076
"15481",15480,"21_147_2",36.9249320705076,-84.4512776906924
"15482",15481,"21_147_2",36.9167585929542,-84.4393644086689
"15483",15482,"21_147_2",36.9159997596731,-84.4570115015269
"15484",15483,"21_147_2",36.920024717541,-84.4545481508334
"15485",15484,"21_147_2",36.9067906062898,-84.4372040123795
"15486",15485,"21_147_2",36.908849795367,-84.4552019352795
"15487",15486,"21_147_2",36.9144840444173,-84.4287695388437
"15488",15487,"21_147_2",36.9144840329945,-84.439789714651
"15489",15488,"21_147_2",36.923974006994,-84.4339329385194
"15490",15489,"21_147_2",36.9224833218625,-84.4417148101243
"15491",15490,"21_131_60",37.146484794179,-83.5337348545148
"15492",15491,"21_131_60",37.1518658610411,-83.5480903500813
"15493",15492,"21_131_60",37.1443537372772,-83.5527604914818
"15494",15493,"21_131_60",37.1479867391724,-83.5594474443325
"15495",15494,"21_131_60",37.1433413459699,-83.5489642965288
"15496",15495,"21_131_60",37.1499852136242,-83.5438357813401
"15497",15496,"21_131_60",37.1626188869061,-83.5384177453257
"15498",15497,"21_131_60",37.1505782360926,-83.5468590179084
"15499",15498,"21_131_60",37.1622252166981,-83.5405601201978
"15500",15499,"21_131_60",37.1459080029832,-83.5541747431056
"15501",15500,"13_123_40",34.7718579305667,-84.3039149578481
"15502",15501,"13_123_40",34.782104868567,-84.2953092312487
"15503",15502,"13_123_40",34.7733664862317,-84.3133551593026
"15504",15503,"13_123_40",34.7681193456616,-84.3001060809412
"15505",15504,"13_123_40",34.77309801593,-84.2978477644614
"15506",15505,"13_123_40",34.7732845613192,-84.308428634701
"15507",15506,"13_123_40",34.7617424556408,-84.2952950239757
"15508",15507,"13_123_40",34.7628126844843,-84.2958355501236
"15509",15508,"13_123_40",34.7735316124427,-84.3010056659186
"15510",15509,"13_123_40",34.771912482342,-84.3004990921468
"15511",15510,"13_241_7",34.7999300607127,-83.39154345167
"15512",15511,"13_241_7",34.8055218658014,-83.3976112993002
"15513",15512,"13_241_7",34.7938329162534,-83.3862031197335
"15514",15513,"13_241_7",34.7938499296686,-83.4013471965791
"15515",15514,"13_241_7",34.8107085244997,-83.3904856262525
"15516",15515,"13_241_7",34.8074002914912,-83.3913694907638
"15517",15516,"13_241_7",34.7980254700143,-83.3937994758715
"15518",15517,"13_241_7",34.8055724129106,-83.3915051314306
"15519",15518,"13_241_7",34.799375736902,-83.3907778788875
"15520",15519,"13_241_7",34.7996987240947,-83.3906936716045
"15521",15520,"13_241_18",34.9731464235151,-83.1619788665301
"15522",15521,"13_241_18",34.9726209503257,-83.1602917511434
"15523",15522,"13_241_18",34.9708442441621,-83.1592513062539
"15524",15523,"13_241_18",34.9590379227742,-83.1668260979871
"15525",15524,"13_241_18",34.9667448776338,-83.1698967136267
"15526",15525,"13_241_18",34.9525443997615,-83.1775882899576
"15527",15526,"13_241_18",34.9546887306802,-83.1570563841317
"15528",15527,"13_241_18",34.963075788141,-83.162941091525
"15529",15528,"13_241_18",34.9671039724377,-83.1672788485384
"15530",15529,"13_241_18",34.9609644964317,-83.1615286705213
"15531",15530,"13_241_6",34.8901905251495,-83.2067105360094
"15532",15531,"13_241_6",34.8858297356092,-83.2184701340101
"15533",15532,"13_241_6",34.8936236296512,-83.1950699324737
"15534",15533,"13_241_6",34.888943523383,-83.2010794306955
"15535",15534,"13_241_6",34.8890273592963,-83.2051440312491
"15536",15535,"13_241_6",34.888697786919,-83.1903030322991
"15537",15536,"13_241_6",34.8933287668609,-83.1981378295252
"15538",15537,"13_241_6",34.887522229723,-83.1975013214633
"15539",15538,"13_241_6",34.8923467966382,-83.2069923258965
"15540",15539,"13_241_6",34.8903766573849,-83.197882513958
"15541",15540,"13_311_12",34.794009606762,-83.746235935943
"15542",15541,"13_311_12",34.8077632088614,-83.7429746546272
"15543",15542,"13_311_12",34.7980112614449,-83.7363963535948
"15544",15543,"13_311_12",34.7876231075147,-83.7487826861311
"15545",15544,"13_311_12",34.79608420668,-83.745002350918
"15546",15545,"13_311_12",34.8031087028472,-83.7352117897913
"15547",15546,"13_311_12",34.8015289751773,-83.7387190203228
"15548",15547,"13_311_12",34.8077565694167,-83.747865034362
"15549",15548,"13_311_12",34.7863723132787,-83.7544777862682
"15550",15549,"13_311_12",34.7893612535834,-83.7283840535267
"15551",15550,"13_187_17",34.7180319601607,-83.9246503081188
"15552",15551,"13_187_17",34.7154472220447,-83.9263383388392
"15553",15552,"13_187_17",34.7091382191027,-83.9203033035246
"15554",15553,"13_187_17",34.7000031561162,-83.9203094323167
"15555",15554,"13_187_17",34.7077383032921,-83.9298831985289
"15556",15555,"13_187_17",34.7111730944604,-83.9139742329394
"15557",15556,"13_187_17",34.7086704978695,-83.9152058905295
"15558",15557,"13_187_17",34.7089018262806,-83.9298637474799
"15559",15558,"13_187_17",34.7176900291189,-83.9146586391011
"15560",15559,"13_187_17",34.7204563595969,-83.9093258320934
"15561",15560,"13_187_54",34.6210369443929,-84.12687694958
"15562",15561,"13_187_54",34.6174491843171,-84.1287460730503
"15563",15562,"13_187_54",34.6172945473192,-84.1380878364584
"15564",15563,"13_187_54",34.6222586119134,-84.1095135982462
"15565",15564,"13_187_54",34.6165632309768,-84.1082598836267
"15566",15565,"13_187_54",34.6224371072867,-84.1146207895188
"15567",15566,"13_187_54",34.6187102311156,-84.114754078098
"15568",15567,"13_187_54",34.6196753263937,-84.1242486883227
"15569",15568,"13_187_54",34.6134398405799,-84.1272564392625
"15570",15569,"13_187_54",34.6076593323899,-84.1256491808412
"15571",15570,"13_129_66",34.5235226292118,-85.071458682635
"15572",15571,"13_129_66",34.5291057777557,-85.0726879000675
"15573",15572,"13_129_66",34.5189783029197,-85.0771438177338
"15574",15573,"13_129_66",34.5354630720925,-85.0684413011108
"15575",15574,"13_129_66",34.5237109219018,-85.0695020617069
"15576",15575,"13_129_66",34.5271711240838,-85.0698218825399
"15577",15576,"13_129_66",34.5348182378717,-85.0627256417797
"15578",15577,"13_129_66",34.5241024557459,-85.0701487073053
"15579",15578,"13_129_66",34.5232822040825,-85.0731566870505
"15580",15579,"13_129_66",34.5266016171465,-85.0835983497649
"15581",15580,"13_111_3",34.8580618328069,-84.584845090394
"15582",15581,"13_111_3",34.8639567175427,-84.5837774584825
"15583",15582,"13_111_3",34.8697341524099,-84.5777336606232
"15584",15583,"13_111_3",34.878395777904,-84.5893070977748
"15585",15584,"13_111_3",34.8615065692671,-84.5940001190267
"15586",15585,"13_111_3",34.8707902456514,-84.5878373370577
"15587",15586,"13_111_3",34.8651389979467,-84.5830849084705
"15588",15587,"13_111_3",34.8636989239731,-84.5938814082767
"15589",15588,"13_111_3",34.8787821224124,-84.5905677462009
"15590",15589,"13_111_3",34.8740837412458,-84.5941821675599
"15591",15590,"13_111_11",34.8004693070909,-84.3019012151475
"15592",15591,"13_111_11",34.8005784834109,-84.3148190204437
"15593",15592,"13_111_11",34.8015841455424,-84.3027956996026
"15594",15593,"13_111_11",34.7947459520656,-84.2917346999423
"15595",15594,"13_111_11",34.8067812030298,-84.2960173314903
"15596",15595,"13_111_11",34.7953920963515,-84.2883955609266
"15597",15596,"13_111_11",34.8009062129309,-84.3071261849905
"15598",15597,"13_111_11",34.810460375848,-84.2868084895631
"15599",15598,"13_111_11",34.7999463460123,-84.3023832387292
"15600",15599,"13_111_11",34.8035294618154,-84.3001373393918
"15601",15600,"13_123_73",34.7408884147379,-84.3644121053654
"15602",15601,"13_123_73",34.7407375985505,-84.3567326869387
"15603",15602,"13_123_73",34.7358306188122,-84.3514865299963
"15604",15603,"13_123_73",34.7409714212288,-84.3573452278267
"15605",15604,"13_123_73",34.7455467000017,-84.3619907691008
"15606",15605,"13_123_73",34.7524390720502,-84.3524089843542
"15607",15606,"13_123_73",34.7495647442704,-84.3446655250004
"15608",15607,"13_123_73",34.7381249669444,-84.3444722132853
"15609",15608,"13_123_73",34.7398338830819,-84.366575759329
"15610",15609,"13_123_73",34.7269970798718,-84.3506301717412
"15611",15610,"13_111_17",34.964894133379,-84.5152602400951
"15612",15611,"13_111_17",34.9692771031044,-84.5189334635704
"15613",15612,"13_111_17",34.9558073098629,-84.5235431483938
"15614",15613,"13_111_17",34.963417264673,-84.5281111265313
"15615",15614,"13_111_17",34.9686550384898,-84.5376243480695
"15616",15615,"13_111_17",34.9743860093926,-84.5365959345999
"15617",15616,"13_111_17",34.9636341537717,-84.5306734162446
"15618",15617,"13_111_17",34.9620829284834,-84.5389453957821
"15619",15618,"13_111_17",34.9672401440809,-84.5270438680319
"15620",15619,"13_111_17",34.9748684497332,-84.537198939665
"15621",15620,"13_213_29",34.7057546232942,-84.6943517039185
"15622",15621,"13_213_29",34.7091417591105,-84.684067000273
"15623",15622,"13_213_29",34.7044050380017,-84.684488870528
"15624",15623,"13_213_29",34.7160714619963,-84.6722203262151
"15625",15624,"13_213_29",34.7099381754587,-84.6838583876132
"15626",15625,"13_213_29",34.7136357966456,-84.6974580321539
"15627",15626,"13_213_29",34.69816075644,-84.6770949202402
"15628",15627,"13_213_29",34.7175443640352,-84.6861564069471
"15629",15628,"13_213_29",34.7075576825903,-84.6847442507515
"15630",15629,"13_213_29",34.7091333445526,-84.6944848671253
"15631",15630,"13_295_120",34.5964694385907,-85.2253220724055
"15632",15631,"13_295_120",34.6070377399326,-85.2132632830557
"15633",15632,"13_295_120",34.6080737434498,-85.2172993485357
"15634",15633,"13_295_120",34.6017587126414,-85.2210061179725
"15635",15634,"13_295_120",34.6003790190121,-85.2404068262881
"15636",15635,"13_295_120",34.6120014191035,-85.2195999949795
"15637",15636,"13_295_120",34.6014600177968,-85.2258730948299
"15638",15637,"13_295_120",34.6022749356871,-85.2332693541895
"15639",15638,"13_295_120",34.6022072119357,-85.2144208417217
"15640",15639,"13_295_120",34.611282838136,-85.2230595445533
"15641",15640,"13_55_60",34.5316963050503,-85.2607636042851
"15642",15641,"13_55_60",34.5288962104814,-85.2568837132366
"15643",15642,"13_55_60",34.5267879378471,-85.2376791455725
"15644",15643,"13_55_60",34.5334003727275,-85.2646706712723
"15645",15644,"13_55_60",34.5328364543244,-85.2533090336239
"15646",15645,"13_55_60",34.525348118927,-85.2579558554141
"15647",15646,"13_55_60",34.5349058499583,-85.2593007935307
"15648",15647,"13_55_60",34.5392083742856,-85.2543375461856
"15649",15648,"13_55_60",34.5300841519258,-85.2512661652986
"15650",15649,"13_55_60",34.531404810436,-85.2526749604397
"15651",15650,"13_187_43",34.704283814158,-83.9857922396127
"15652",15651,"13_187_43",34.6989219404772,-83.9906290963818
"15653",15652,"13_187_43",34.6800830346971,-83.9901551965119
"15654",15653,"13_187_43",34.6857875410506,-83.9768498095762
"15655",15654,"13_187_43",34.677050018826,-83.9900698701731
"15656",15655,"13_187_43",34.6902049749604,-83.9817464371702
"15657",15656,"13_187_43",34.6945966085091,-83.9832515540885
"15658",15657,"13_187_43",34.6817949346435,-83.9920873147763
"15659",15658,"13_187_43",34.6887871875439,-83.9966902048981
"15660",15659,"13_187_43",34.7023508243437,-83.9795345920825
"15661",15660,"13_187_44",34.6388900925906,-83.9744380674199
"15662",15661,"13_187_44",34.6430428992123,-83.9676188106908
"15663",15662,"13_187_44",34.6377205492399,-83.9727254602048
"15664",15663,"13_187_44",34.6485581522804,-83.9883276238768
"15665",15664,"13_187_44",34.6438779353164,-83.9897138174332
"15666",15665,"13_187_44",34.6571015112575,-83.9762440470161
"15667",15666,"13_187_44",34.6483931957564,-83.9659231504041
"15668",15667,"13_187_44",34.640442691433,-83.9820346259765
"15669",15668,"13_187_44",34.6354433030573,-83.9836483755772
"15670",15669,"13_187_44",34.6431970542077,-83.9957860785084
"15671",15670,"13_187_50",34.6060032571508,-84.0193291417207
"15672",15671,"13_187_50",34.6020523643434,-84.0176139021656
"15673",15672,"13_187_50",34.5984696723564,-84.0247041994593
"15674",15673,"13_187_50",34.6081414223508,-84.0161295950915
"15675",15674,"13_187_50",34.6121261915363,-84.0300523607349
"15676",15675,"13_187_50",34.5949880687812,-84.0099014794354
"15677",15676,"13_187_50",34.5962904987303,-84.0290802246673
"15678",15677,"13_187_50",34.6077095456418,-84.0090257995661
"15679",15678,"13_187_50",34.5945479862825,-84.0128143219547
"15680",15679,"13_187_50",34.6014203412308,-84.0150054625255
"15681",15680,"13_123_90",34.8397519431119,-84.5239224270814
"15682",15681,"13_123_90",34.8431246055934,-84.5367255918831
"15683",15682,"13_123_90",34.8371565939152,-84.5426732834239
"15684",15683,"13_123_90",34.8382482388437,-84.5328262215954
"15685",15684,"13_123_90",34.8358766164904,-84.5482841441004
"15686",15685,"13_123_90",34.8440455334017,-84.5524353408902
"15687",15686,"13_123_90",34.847098978895,-84.5346661631175
"15688",15687,"13_123_90",34.840668024845,-84.5412683492368
"15689",15688,"13_123_90",34.8382485987615,-84.5396681283894
"15690",15689,"13_123_90",34.8439393304188,-84.5442417983694
"15691",15690,"13_241_95",34.9558383489337,-83.2350029332583
"15692",15691,"13_241_95",34.9462028058084,-83.2378122646592
"15693",15692,"13_241_95",34.9605422544716,-83.2344657104355
"15694",15693,"13_241_95",34.9507017475593,-83.233613899002
"15695",15694,"13_241_95",34.9630026823454,-83.2425446237589
"15696",15695,"13_241_95",34.9565765356412,-83.2393052936612
"15697",15696,"13_241_95",34.9672132720953,-83.2473159430137
"15698",15697,"13_241_95",34.9605721935149,-83.2253244214783
"15699",15698,"13_241_95",34.9491637375023,-83.2438838178166
"15700",15699,"13_241_95",34.9569436124977,-83.2349549840557
"15701",15700,"13_111_89",34.8650073755895,-84.4897024235288
"15702",15701,"13_111_89",34.8552833960422,-84.4950127559399
"15703",15702,"13_111_89",34.8683174150506,-84.4982727111389
"15704",15703,"13_111_89",34.8609086460191,-84.4908539202084
"15705",15704,"13_111_89",34.854145692183,-84.483279131206
"15706",15705,"13_111_89",34.8671260572895,-84.494865886374
"15707",15706,"13_111_89",34.8660989840629,-84.4910404594307
"15708",15707,"13_111_89",34.8647778972224,-84.4919567899449
"15709",15708,"13_111_89",34.8679379687795,-84.4878574969269
"15710",15709,"13_111_89",34.8721806381152,-84.5004656983536
"15711",15710,"13_295_116",34.7044109461593,-85.1531060275573
"15712",15711,"13_295_116",34.7027034123334,-85.1580492277778
"15713",15712,"13_295_116",34.7164167619697,-85.1441833263536
"15714",15713,"13_295_116",34.7020367686052,-85.1639478458304
"15715",15714,"13_295_116",34.704976058829,-85.1556583419584
"15716",15715,"13_295_116",34.706677915579,-85.1552098552951
"15717",15716,"13_295_116",34.6973248116243,-85.1543547652782
"15718",15717,"13_295_116",34.6999753934796,-85.1620503764014
"15719",15718,"13_295_116",34.7087162769641,-85.17032528204
"15720",15719,"13_295_116",34.7095083453468,-85.1621620423211
"15721",15720,"13_187_47",34.7199334794569,-83.9563097082121
"15722",15721,"13_187_47",34.7360882844747,-83.9369586830713
"15723",15722,"13_187_47",34.7290578506478,-83.9399543294381
"15724",15723,"13_187_47",34.7207340234733,-83.9499731180186
"15725",15724,"13_187_47",34.7185436108408,-83.9405837181619
"15726",15725,"13_187_47",34.7163360189533,-83.9501501175435
"15727",15726,"13_187_47",34.7219250420556,-83.9411812986314
"15728",15727,"13_187_47",34.7224054180451,-83.9432107667512
"15729",15728,"13_187_47",34.7258089887343,-83.9322134267064
"15730",15729,"13_187_47",34.7238495939966,-83.9409086348244
"15731",15730,"13_111_92",34.9014577894025,-84.5085265107293
"15732",15731,"13_111_92",34.9149072607985,-84.5016912267461
"15733",15732,"13_111_92",34.9236238210224,-84.497190307975
"15734",15733,"13_111_92",34.9181974710063,-84.5070394348404
"15735",15734,"13_111_92",34.9117710642434,-84.500425492413
"15736",15735,"13_111_92",34.9104140514346,-84.5002037962683
"15737",15736,"13_111_92",34.9261980552508,-84.4978612144794
"15738",15737,"13_111_92",34.9052012850741,-84.5047770725445
"15739",15738,"13_111_92",34.9137792753167,-84.5004370572129
"15740",15739,"13_111_92",34.9088398118877,-84.5010243898835
"15741",15740,"13_291_103",34.9192307329529,-83.896776323181
"15742",15741,"13_291_103",34.9197443550546,-83.9016428152465
"15743",15742,"13_291_103",34.9268342191577,-83.9006378121719
"15744",15743,"13_291_103",34.9148263825772,-83.89365649517
"15745",15744,"13_291_103",34.914826617525,-83.8923347786334
"15746",15745,"13_291_103",34.9131949683313,-83.8911928386408
"15747",15746,"13_291_103",34.917656977242,-83.8932062936537
"15748",15747,"13_291_103",34.9161497060112,-83.8949173598697
"15749",15748,"13_291_103",34.9153434640101,-83.8868701269982
"15750",15749,"13_291_103",34.9062546723014,-83.9042697900888
"15751",15750,"13_55_57",34.5550532347155,-85.2278510815871
"15752",15751,"13_55_57",34.5647206589913,-85.230256952606
"15753",15752,"13_55_57",34.5686752720612,-85.2174770543283
"15754",15753,"13_55_57",34.5639270983733,-85.2175413463058
"15755",15754,"13_55_57",34.5696580101364,-85.231935482131
"15756",15755,"13_55_57",34.5532476413363,-85.2394918484419
"15757",15756,"13_55_57",34.5665870745297,-85.2349626043517
"15758",15757,"13_55_57",34.5636718642609,-85.2211935103068
"15759",15758,"13_55_57",34.560602686562,-85.2259226316383
"15760",15759,"13_55_57",34.5690844525344,-85.2299680143619
"15761",15760,"13_291_125",34.6900437866217,-84.0964621688061
"15762",15761,"13_291_125",34.6974833706275,-84.1005261500231
"15763",15762,"13_291_125",34.6932294018593,-84.0971034125321
"15764",15763,"13_291_125",34.6980529090536,-84.1022364895422
"15765",15764,"13_291_125",34.6890061317832,-84.1079825895439
"15766",15765,"13_291_125",34.6935599512566,-84.0865714336801
"15767",15766,"13_291_125",34.6940386748777,-84.1046850199909
"15768",15767,"13_291_125",34.6897460256639,-84.0968332950999
"15769",15768,"13_291_125",34.689274344247,-84.0871800703343
"15770",15769,"13_291_125",34.6993725798893,-84.1125566093525
"15771",15770,"13_241_110",34.7621330494095,-83.4724343843852
"15772",15771,"13_241_110",34.7795616832269,-83.4533095708623
"15773",15772,"13_241_110",34.7692037004886,-83.456642310372
"15774",15773,"13_241_110",34.7667270876778,-83.4457817496448
"15775",15774,"13_241_110",34.7707784968828,-83.4634012581209
"15776",15775,"13_241_110",34.7680632201746,-83.4450307517601
"15777",15776,"13_241_110",34.7688688805432,-83.4594183397019
"15778",15777,"13_241_110",34.7683099506701,-83.4452756856245
"15779",15778,"13_241_110",34.784885357953,-83.4648871516735
"15780",15779,"13_241_110",34.7688775886335,-83.4619590638042
"15781",15780,"13_137_15",34.7238217846494,-83.4337882658445
"15782",15781,"13_137_15",34.7314546358032,-83.4302388602366
"15783",15782,"13_137_15",34.7195401188592,-83.4319009323929
"15784",15783,"13_137_15",34.7294981488275,-83.4333773330355
"15785",15784,"13_137_15",34.7207730780385,-83.4345924387749
"15786",15785,"13_137_15",34.7194168771914,-83.430729969297
"15787",15786,"13_137_15",34.7261003429889,-83.4276848649234
"15788",15787,"13_137_15",34.7232027096233,-83.4300304744716
"15789",15788,"13_137_15",34.7280406960597,-83.445214638606
"15790",15789,"13_137_15",34.7264505189615,-83.4318546655717
"15791",15790,"13_257_21",34.5424876904104,-83.3899252252817
"15792",15791,"13_257_21",34.5532717711836,-83.4011934299222
"15793",15792,"13_257_21",34.5514385681815,-83.4091430607568
"15794",15793,"13_257_21",34.5602495378835,-83.3996892633976
"15795",15794,"13_257_21",34.5466763280356,-83.3935604968833
"15796",15795,"13_257_21",34.5530452187562,-83.3986180425275
"15797",15796,"13_257_21",34.5464936281085,-83.3889496160371
"15798",15797,"13_257_21",34.5468983179857,-83.4035668021715
"15799",15798,"13_257_21",34.545679888712,-83.4101512100331
"15800",15799,"13_257_21",34.5439850786143,-83.4004849317968
"15801",15800,"13_291_113",34.7757192989952,-83.9501634688905
"15802",15801,"13_291_113",34.772332870865,-83.954039158439
"15803",15802,"13_291_113",34.7690937781791,-83.9538163203984
"15804",15803,"13_291_113",34.7776218473664,-83.9481529352338
"15805",15804,"13_291_113",34.7791874857143,-83.9493759182657
"15806",15805,"13_291_113",34.7852367380964,-83.9556954518728
"15807",15806,"13_291_113",34.7795753114401,-83.9416807048372
"15808",15807,"13_291_113",34.7778360146838,-83.9474162270968
"15809",15808,"13_291_113",34.7664319515291,-83.9381668465994
"15810",15809,"13_291_113",34.7790914968909,-83.9452924388799
"15811",15810,"13_241_12",34.942495193192,-83.2310830300446
"15812",15811,"13_241_12",34.9455846949953,-83.2335298070282
"15813",15812,"13_241_12",34.9367934519351,-83.2257830340073
"15814",15813,"13_241_12",34.9519745585921,-83.2194440235792
"15815",15814,"13_241_12",34.9431453754227,-83.2182200483227
"15816",15815,"13_241_12",34.9270456443139,-83.2230044060785
"15817",15816,"13_241_12",34.9479105476004,-83.2290203928438
"15818",15817,"13_241_12",34.9363955555964,-83.2309813211558
"15819",15818,"13_241_12",34.9385421453413,-83.2236826553646
"15820",15819,"13_241_12",34.9302325286737,-83.2378091025845
"15821",15820,"13_311_7",34.7308869637859,-83.6959010733205
"15822",15821,"13_311_7",34.7398097492849,-83.7038237055749
"15823",15822,"13_311_7",34.7468051729887,-83.7063436721857
"15824",15823,"13_311_7",34.7379946029357,-83.7115086802198
"15825",15824,"13_311_7",34.7436983018475,-83.7251722652112
"15826",15825,"13_311_7",34.7329582155051,-83.7172808320824
"15827",15826,"13_311_7",34.7415827241282,-83.7012024093167
"15828",15827,"13_311_7",34.7319937121517,-83.7050020777511
"15829",15828,"13_311_7",34.7345286112631,-83.7061066890399
"15830",15829,"13_311_7",34.7357401349297,-83.7119312331404
"15831",15830,"13_241_99",34.9335141414096,-83.2986384830608
"15832",15831,"13_241_99",34.9277799386981,-83.2862760770359
"15833",15832,"13_241_99",34.9309143419145,-83.2963997129355
"15834",15833,"13_241_99",34.9262713358312,-83.285549256876
"15835",15834,"13_241_99",34.9243136293745,-83.3002794199191
"15836",15835,"13_241_99",34.9295795939804,-83.2868658836708
"15837",15836,"13_241_99",34.92428849325,-83.2684831043366
"15838",15837,"13_241_99",34.9236436079848,-83.289896808368
"15839",15838,"13_241_99",34.9328079538454,-83.293900177972
"15840",15839,"13_241_99",34.9246612206388,-83.2822683801464
"15841",15840,"13_295_51",34.5886559649596,-85.1857436059557
"15842",15841,"13_295_51",34.5948406432488,-85.1766723253581
"15843",15842,"13_295_51",34.6031140837219,-85.1898091035171
"15844",15843,"13_295_51",34.5977675884981,-85.1784894213214
"15845",15844,"13_295_51",34.5985891424403,-85.1839436089956
"15846",15845,"13_295_51",34.6059116446741,-85.181502847671
"15847",15846,"13_295_51",34.6058998099788,-85.1821847080033
"15848",15847,"13_295_51",34.610626369577,-85.1735215984652
"15849",15848,"13_295_51",34.5998582234702,-85.1853869572633
"15850",15849,"13_295_51",34.5933301447475,-85.1926744518791
"15851",15850,"13_291_94",34.971744595892,-84.0947745676165
"15852",15851,"13_291_94",34.9695118015872,-84.0958631423803
"15853",15852,"13_291_94",34.9618916080395,-84.1108081404634
"15854",15853,"13_291_94",34.9796673398459,-84.0884805606108
"15855",15854,"13_291_94",34.9625558835,-84.0960124779738
"15856",15855,"13_291_94",34.9696419731029,-84.0954497668051
"15857",15856,"13_291_94",34.9785271166318,-84.1000151249348
"15858",15857,"13_291_94",34.9776912709487,-84.0963094400793
"15859",15858,"13_291_94",34.9720389626839,-84.1000071217964
"15860",15859,"13_291_94",34.9724762401953,-84.1008959173663
"15861",15860,"13_111_26",34.7489088703961,-84.1717855228029
"15862",15861,"13_111_26",34.7396363843208,-84.1708649755187
"15863",15862,"13_111_26",34.7422822817613,-84.1680624486932
"15864",15863,"13_111_26",34.7500639211413,-84.1743586149618
"15865",15864,"13_111_26",34.7514726662503,-84.1701855634416
"15866",15865,"13_111_26",34.7372189629121,-84.1850520654766
"15867",15866,"13_111_26",34.7446989197151,-84.1644591678865
"15868",15867,"13_111_26",34.7462070426055,-84.1778543871999
"15869",15868,"13_111_26",34.7422057363641,-84.1651978868546
"15870",15869,"13_111_26",34.7476482062961,-84.1671467570111
"15871",15870,"13_187_8",34.5823995407919,-84.0922553885284
"15872",15871,"13_187_8",34.560243131656,-84.0936942195131
"15873",15872,"13_187_8",34.5631421292171,-84.0927591994401
"15874",15873,"13_187_8",34.5581907016396,-84.086435365507
"15875",15874,"13_187_8",34.566832347303,-84.0917960399056
"15876",15875,"13_187_8",34.5834777406466,-84.0924014776699
"15877",15876,"13_187_8",34.5668881350716,-84.0925999984707
"15878",15877,"13_187_8",34.5654415892755,-84.0836521888071
"15879",15878,"13_187_8",34.5710260546246,-84.0915963408586
"15880",15879,"13_187_8",34.5578881617511,-84.0947232948854
"15881",15880,"13_291_1",34.72602800213,-83.867561977009
"15882",15881,"13_291_1",34.7302558837594,-83.868587219496
"15883",15882,"13_291_1",34.7304044422867,-83.8707755105808
"15884",15883,"13_291_1",34.7223107621662,-83.8828909308207
"15885",15884,"13_291_1",34.7214631553951,-83.8923316624139
"15886",15885,"13_291_1",34.7297060887183,-83.8736096338487
"15887",15886,"13_291_1",34.7389881011368,-83.8780492504215
"15888",15887,"13_291_1",34.7369067883294,-83.8769311534638
"15889",15888,"13_291_1",34.7251879656306,-83.8791344199416
"15890",15889,"13_291_1",34.7312384534814,-83.8756023121601
"15891",15890,"13_291_8",34.9491823173004,-83.9378890312148
"15892",15891,"13_291_8",34.944740114644,-83.9544403599127
"15893",15892,"13_291_8",34.9467557773445,-83.9441990788764
"15894",15893,"13_291_8",34.9600020507797,-83.949135743824
"15895",15894,"13_291_8",34.9601694005985,-83.9389065426677
"15896",15895,"13_291_8",34.9486030696431,-83.9337149571514
"15897",15896,"13_291_8",34.9594479951635,-83.9519549887144
"15898",15897,"13_291_8",34.9427158483143,-83.9488543955786
"15899",15898,"13_291_8",34.9468617194319,-83.93385967345
"15900",15899,"13_291_8",34.9487240642518,-83.9416961336831
"15901",15900,"13_111_31",34.8743227850923,-84.4582090556814
"15902",15901,"13_111_31",34.8707426403846,-84.4499976337981
"15903",15902,"13_111_31",34.8588540186984,-84.4607954955858
"15904",15903,"13_111_31",34.8535718236926,-84.4720368530718
"15905",15904,"13_111_31",34.8623955934632,-84.4564735322472
"15906",15905,"13_111_31",34.8542853559942,-84.4437357826992
"15907",15906,"13_111_31",34.8600832096737,-84.4590176394729
"15908",15907,"13_111_31",34.8560716687489,-84.4508115155152
"15909",15908,"13_111_31",34.8592483158687,-84.4404036413407
"15910",15909,"13_111_31",34.8534135485058,-84.4707891821733
"15911",15910,"13_213_21",34.7674556269095,-84.6388142203718
"15912",15911,"13_213_21",34.7701789765008,-84.6390152570288
"15913",15912,"13_213_21",34.7606177859329,-84.6461670437956
"15914",15913,"13_213_21",34.7666631695905,-84.6517015496069
"15915",15914,"13_213_21",34.7502003178187,-84.6360561274298
"15916",15915,"13_213_21",34.7581540646124,-84.6436891440432
"15917",15916,"13_213_21",34.769975568313,-84.652717695744
"15918",15917,"13_213_21",34.7620176602864,-84.6422473856482
"15919",15918,"13_213_21",34.770444968379,-84.6414623617563
"15920",15919,"13_213_21",34.7623735062012,-84.6402212781742
"15921",15920,"13_111_1",34.7893847975694,-84.168929843692
"15922",15921,"13_111_1",34.7869304982066,-84.1705024201512
"15923",15922,"13_111_1",34.7943492476817,-84.1683908043586
"15924",15923,"13_111_1",34.7818161785743,-84.1623868852713
"15925",15924,"13_111_1",34.7919974424348,-84.1762474869736
"15926",15925,"13_111_1",34.7869953559871,-84.1643927448563
"15927",15926,"13_111_1",34.7860822716769,-84.1576765608433
"15928",15927,"13_111_1",34.7724638814228,-84.1701862352139
"15929",15928,"13_111_1",34.7943293884972,-84.1854319392649
"15930",15929,"13_111_1",34.7773286681301,-84.1621215233094
"15931",15930,"13_291_6",34.9509386794686,-83.9624928172183
"15932",15931,"13_291_6",34.9529901810421,-83.9765257689291
"15933",15932,"13_291_6",34.9374618721035,-83.9620192319779
"15934",15933,"13_291_6",34.9393097940191,-83.9687968334216
"15935",15934,"13_291_6",34.9468521289665,-83.9632814813978
"15936",15935,"13_291_6",34.9478737111986,-83.961400997934
"15937",15936,"13_291_6",34.9558350069379,-83.9703549642503
"15938",15937,"13_291_6",34.9475739203506,-83.9639007431598
"15939",15938,"13_291_6",34.9456195421501,-83.9693418423431
"15940",15939,"13_291_6",34.9579216917631,-83.9718472168447
"15941",15940,"13_111_46",34.69808991695,-84.2232811614033
"15942",15941,"13_111_46",34.6949422244188,-84.2338630152295
"15943",15942,"13_111_46",34.6930300611841,-84.229076788321
"15944",15943,"13_111_46",34.7073516051572,-84.2267728517448
"15945",15944,"13_111_46",34.6868423257118,-84.2312927808583
"15946",15945,"13_111_46",34.6978420105921,-84.2235399213271
"15947",15946,"13_111_46",34.7071352158346,-84.2362354137091
"15948",15947,"13_111_46",34.6987546925067,-84.2321603587669
"15949",15948,"13_111_46",34.6883902516118,-84.2400247929741
"15950",15949,"13_111_46",34.701600424599,-84.2320612443715
"15951",15950,"13_213_35",34.8521915131544,-84.6356913866028
"15952",15951,"13_213_35",34.8534542057471,-84.6355863463617
"15953",15952,"13_213_35",34.8612204541117,-84.6132028850587
"15954",15953,"13_213_35",34.8441679314943,-84.633711464836
"15955",15954,"13_213_35",34.8570698056058,-84.6114609093014
"15956",15955,"13_213_35",34.8540032293376,-84.6228281142555
"15957",15956,"13_213_35",34.8566128519515,-84.6209955610956
"15958",15957,"13_213_35",34.8537618073765,-84.620397776693
"15959",15958,"13_213_35",34.8592067693785,-84.6190483891999
"15960",15959,"13_213_35",34.8568971836281,-84.6348381182367
"15961",15960,"13_187_22",34.6101353861308,-84.1178508100225
"15962",15961,"13_187_22",34.6169478236617,-84.1143654126684
"15963",15962,"13_187_22",34.6194252949204,-84.1088080756292
"15964",15963,"13_187_22",34.6146958445238,-84.1101342251169
"15965",15964,"13_187_22",34.6130787788712,-84.1170617366346
"15966",15965,"13_187_22",34.6107636094343,-84.1318361490518
"15967",15966,"13_187_22",34.6113960938808,-84.1320953888165
"15968",15967,"13_187_22",34.6077573574484,-84.116513845759
"15969",15968,"13_187_22",34.6085839853382,-84.1140820870712
"15970",15969,"13_187_22",34.6158632085728,-84.1010298157278
"15971",15970,"13_221_2",33.7855334895293,-83.230997207716
"15972",15971,"13_221_2",33.7761585825768,-83.2422212960285
"15973",15972,"13_221_2",33.7855675260699,-83.2375137634364
"15974",15973,"13_221_2",33.7767737366198,-83.2365046506395
"15975",15974,"13_221_2",33.7810813473665,-83.2358179817217
"15976",15975,"13_221_2",33.7827051098297,-83.2369003782114
"15977",15976,"13_221_2",33.7874935067749,-83.2496704920977
"15978",15977,"13_221_2",33.7859797436989,-83.2227015068092
"15979",15978,"13_221_2",33.7835063955757,-83.233702929971
"15980",15979,"13_221_2",33.7843197175506,-83.2374958373552
"15981",15980,"13_111_67",34.787862978897,-84.1917856407433
"15982",15981,"13_111_67",34.7838317042278,-84.1958791414666
"15983",15982,"13_111_67",34.7856792973518,-84.192901156318
"15984",15983,"13_111_67",34.7845978772221,-84.192281638319
"15985",15984,"13_111_67",34.7836022151598,-84.1875244682558
"15986",15985,"13_111_67",34.7839428975674,-84.2050344392221
"15987",15986,"13_111_67",34.7849767914012,-84.1968228144182
"15988",15987,"13_111_67",34.7851319813316,-84.1962757493009
"15989",15988,"13_111_67",34.7887971602794,-84.19964752771
"15990",15989,"13_111_67",34.7748375931836,-84.2026535521133
"15991",15990,"13_257_18",34.4784315808054,-83.4202703397346
"15992",15991,"13_257_18",34.4756894615251,-83.4164006093421
"15993",15992,"13_257_18",34.4811075324847,-83.4246358384902
"15994",15993,"13_257_18",34.4843847681986,-83.4205559859912
"15995",15994,"13_257_18",34.4742683384829,-83.4144341811081
"15996",15995,"13_257_18",34.4742589655444,-83.4251019618269
"15997",15996,"13_257_18",34.4947003098389,-83.425678625447
"15998",15997,"13_257_18",34.4761595832941,-83.4174407194997
"15999",15998,"13_257_18",34.4894435102463,-83.417578268993
"16000",15999,"13_257_18",34.4733804127669,-83.4338244133928
"16001",16000,"13_111_6",34.9233363259948,-84.6015376413285
"16002",16001,"13_111_6",34.9285336140067,-84.6012984031081
"16003",16002,"13_111_6",34.917088251907,-84.5825945603589
"16004",16003,"13_111_6",34.9249766842181,-84.5803533242385
"16005",16004,"13_111_6",34.9314878265434,-84.5777113276761
"16006",16005,"13_111_6",34.9233129698804,-84.599676094802
"16007",16006,"13_111_6",34.9355522379001,-84.5894512453892
"16008",16007,"13_111_6",34.9367328511414,-84.5976890867221
"16009",16008,"13_111_6",34.9156315084935,-84.5901737703038
"16010",16009,"13_111_6",34.9247067213316,-84.5904204439517
"16011",16010,"13_111_116",34.9735562275671,-84.4415959193414
"16012",16011,"13_111_116",34.9735890909205,-84.4297521208107
"16013",16012,"13_111_116",34.9597431482412,-84.4339920714296
"16014",16013,"13_111_116",34.9616448175666,-84.4284175836477
"16015",16014,"13_111_116",34.9702734169489,-84.4180740200894
"16016",16015,"13_111_116",34.9701545126003,-84.4248740883083
"16017",16016,"13_111_116",34.9721186359922,-84.4251948626414
"16018",16017,"13_111_116",34.9731215054667,-84.4165408577664
"16019",16018,"13_111_116",34.9602204990485,-84.4269074488881
"16020",16019,"13_111_116",34.9705856443564,-84.4118589274804
"16021",16020,"13_111_71",34.8734753340799,-84.1880174662129
"16022",16021,"13_111_71",34.8763836977162,-84.1802367864844
"16023",16022,"13_111_71",34.8755505234209,-84.1739582102648
"16024",16023,"13_111_71",34.8613339218026,-84.19328671955
"16025",16024,"13_111_71",34.8745710254284,-84.1820973726396
"16026",16025,"13_111_71",34.877661600938,-84.1836426473891
"16027",16026,"13_111_71",34.8639369300958,-84.1855954710024
"16028",16027,"13_111_71",34.8723421462056,-84.188961691285
"16029",16028,"13_111_71",34.8836672559528,-84.1980588697798
"16030",16029,"13_111_71",34.8685584995874,-84.1794496295092
"16031",16030,"13_187_6",34.6438960859123,-84.0490268116468
"16032",16031,"13_187_6",34.6524741354896,-84.0357596075102
"16033",16032,"13_187_6",34.6548574345015,-84.0388295426015
"16034",16033,"13_187_6",34.6526768465879,-84.0331569602202
"16035",16034,"13_187_6",34.6621707891107,-84.034900909405
"16036",16035,"13_187_6",34.6457949825083,-84.0416465563058
"16037",16036,"13_187_6",34.6430907417306,-84.0413126784554
"16038",16037,"13_187_6",34.6396680775223,-84.0314557999471
"16039",16038,"13_187_6",34.6438814879881,-84.049290125761
"16040",16039,"13_187_6",34.651684332246,-84.0430490683478
"16041",16040,"13_241_5",34.9321776447309,-83.3551843234874
"16042",16041,"13_241_5",34.9305361403816,-83.361498980427
"16043",16042,"13_241_5",34.9352785492908,-83.3643011382911
"16044",16043,"13_241_5",34.9443025681513,-83.3615052108456
"16045",16044,"13_241_5",34.9354809537295,-83.3627192880141
"16046",16045,"13_241_5",34.9377512532186,-83.372993374991
"16047",16046,"13_241_5",34.933616169794,-83.3661934877336
"16048",16047,"13_241_5",34.9386283836325,-83.3730266832035
"16049",16048,"13_241_5",34.9476414138203,-83.3623991250537
"16050",16049,"13_241_5",34.9240831330852,-83.3625447458507
"16051",16050,"13_241_41",34.8683632696075,-83.6511751283144
"16052",16051,"13_241_41",34.8662575937254,-83.6487454415395
"16053",16052,"13_241_41",34.8623247975177,-83.6584778953433
"16054",16053,"13_241_41",34.8667741166669,-83.649579117663
"16055",16054,"13_241_41",34.8607307580237,-83.6423464314103
"16056",16055,"13_241_41",34.881719556291,-83.6454995803392
"16057",16056,"13_241_41",34.8674130981246,-83.6497545724529
"16058",16057,"13_241_41",34.8684283327023,-83.6501294990535
"16059",16058,"13_241_41",34.8636848666451,-83.6511852619718
"16060",16059,"13_241_41",34.8771148572197,-83.6449546243614
"16061",16060,"13_187_56",34.5886727755849,-84.1669185497583
"16062",16061,"13_187_56",34.585661783235,-84.172857547014
"16063",16062,"13_187_56",34.5862642983966,-84.1702878999098
"16064",16063,"13_187_56",34.5815737218748,-84.1711611134359
"16065",16064,"13_187_56",34.5827561939399,-84.1594647393284
"16066",16065,"13_187_56",34.5851466404133,-84.163477277855
"16067",16066,"13_187_56",34.5896152508256,-84.1858371026119
"16068",16067,"13_187_56",34.5918300580626,-84.1855342699973
"16069",16068,"13_187_56",34.5844975616004,-84.176747527199
"16070",16069,"13_187_56",34.5771849827034,-84.1785540575565
"16071",16070,"13_111_81",34.8017690537561,-84.2168821956074
"16072",16071,"13_111_81",34.8042632770652,-84.2081207169173
"16073",16072,"13_111_81",34.8019847800037,-84.2246411556973
"16074",16073,"13_111_81",34.8147316177139,-84.2197147147071
"16075",16074,"13_111_81",34.793643789462,-84.2278539143765
"16076",16075,"13_111_81",34.8083081192713,-84.2270884243164
"16077",16076,"13_111_81",34.8056629348304,-84.2215320677572
"16078",16077,"13_111_81",34.8143663621069,-84.2243249725645
"16079",16078,"13_111_81",34.7998593545616,-84.2048268854995
"16080",16079,"13_111_81",34.8118852646464,-84.2076872877201
"16081",16080,"13_129_25",34.5065575357568,-85.0455885939814
"16082",16081,"13_129_25",34.505524189276,-85.0282473769325
"16083",16082,"13_129_25",34.507065246935,-85.0382745180235
"16084",16083,"13_129_25",34.4950455100307,-85.0405009002168
"16085",16084,"13_129_25",34.5082107945746,-85.0403656607155
"16086",16085,"13_129_25",34.5162001973848,-85.0402283364347
"16087",16086,"13_129_25",34.5033518128765,-85.0431120393181
"16088",16087,"13_129_25",34.5107945234389,-85.0393289392608
"16089",16088,"13_129_25",34.4991257947171,-85.0451981663846
"16090",16089,"13_129_25",34.4972801350918,-85.0538938467539
"16091",16090,"13_291_40",34.7661400363012,-84.0486498931416
"16092",16091,"13_291_40",34.7730368740465,-84.0430162160471
"16093",16092,"13_291_40",34.7737810292232,-84.0369015831608
"16094",16093,"13_291_40",34.7810746006551,-84.0371842189002
"16095",16094,"13_291_40",34.7727347610802,-84.0351576333614
"16096",16095,"13_291_40",34.7723687976325,-84.040306168099
"16097",16096,"13_291_40",34.7602796240762,-84.0327713142009
"16098",16097,"13_291_40",34.7781657729382,-84.04879285631
"16099",16098,"13_291_40",34.7677434596697,-84.0405439445072
"16100",16099,"13_291_40",34.7755618533866,-84.0325122409248
"16101",16100,"13_281_2",34.7955500770327,-83.6819909785236
"16102",16101,"13_281_2",34.8081774753389,-83.6878886468134
"16103",16102,"13_281_2",34.8087535487102,-83.6882350726435
"16104",16103,"13_281_2",34.8075819704272,-83.6881148143596
"16105",16104,"13_281_2",34.8134024635913,-83.6751591181925
"16106",16105,"13_281_2",34.8099892914122,-83.7038494280272
"16107",16106,"13_281_2",34.8131196793989,-83.6961232785959
"16108",16107,"13_281_2",34.8080945209045,-83.6888162116416
"16109",16108,"13_281_2",34.8071917586637,-83.6876563856315
"16110",16109,"13_281_2",34.8089463979013,-83.682207150571
"16111",16110,"13_291_9",34.8447145686945,-83.8453114245034
"16112",16111,"13_291_9",34.8608813985863,-83.8462022533297
"16113",16112,"13_291_9",34.8504679756822,-83.8545702635882
"16114",16113,"13_291_9",34.8503014252672,-83.8406076931742
"16115",16114,"13_291_9",34.8599000408458,-83.8381005305084
"16116",16115,"13_291_9",34.8561989133394,-83.8426394055912
"16117",16116,"13_291_9",34.8516104779228,-83.8557968698581
"16118",16117,"13_291_9",34.8531668833569,-83.833147040678
"16119",16118,"13_291_9",34.8534458757819,-83.8549727825176
"16120",16119,"13_291_9",34.8529344834544,-83.8464643388063
"16121",16120,"13_129_30",34.6105161900583,-85.0196891408711
"16122",16121,"13_129_30",34.6144229637443,-85.0190300697489
"16123",16122,"13_129_30",34.6140143479026,-85.0280384623485
"16124",16123,"13_129_30",34.6162812764502,-85.0196553941236
"16125",16124,"13_129_30",34.6026521538336,-85.0083182134617
"16126",16125,"13_129_30",34.6082722209491,-85.0273665086025
"16127",16126,"13_129_30",34.6087433767471,-85.0156253537311
"16128",16127,"13_129_30",34.6042265375281,-85.0278770976888
"16129",16128,"13_129_30",34.6084028718903,-85.0191429518502
"16130",16129,"13_129_30",34.616486633334,-85.014450464681
"16131",16130,"13_137_46",34.8011402464175,-83.6137154010927
"16132",16131,"13_137_46",34.8152334656325,-83.6196364214427
"16133",16132,"13_137_46",34.8042579050817,-83.6118083226998
"16134",16133,"13_137_46",34.8091683247525,-83.6156501783939
"16135",16134,"13_137_46",34.8104702033867,-83.6157441029142
"16136",16135,"13_137_46",34.8083336731082,-83.6098339384944
"16137",16136,"13_137_46",34.8064239609002,-83.6052946931165
"16138",16137,"13_137_46",34.8030277726314,-83.6064050441697
"16139",16138,"13_137_46",34.8135160634591,-83.5931874747305
"16140",16139,"13_137_46",34.8030692860503,-83.6105570248776
"16141",16140,"13_241_123",34.9583246511628,-83.5340553380869
"16142",16141,"13_241_123",34.9526486832628,-83.5392438214001
"16143",16142,"13_241_123",34.9472109590776,-83.5445257535737
"16144",16143,"13_241_123",34.9549088978343,-83.5415812875253
"16145",16144,"13_241_123",34.9528190358074,-83.5530032017519
"16146",16145,"13_241_123",34.9609842056686,-83.5413387456195
"16147",16146,"13_241_123",34.9494242012317,-83.5319089552701
"16148",16147,"13_241_123",34.9516014462955,-83.545256715027
"16149",16148,"13_241_123",34.9463626737592,-83.5443609016556
"16150",16149,"13_241_123",34.946136667523,-83.5359668995368
"16151",16150,"13_55_62",34.4377628447026,-85.3045040867516
"16152",16151,"13_55_62",34.4495744162369,-85.3077842536201
"16153",16152,"13_55_62",34.4377546520445,-85.3054605641264
"16154",16153,"13_55_62",34.4284005552985,-85.3000196379194
"16155",16154,"13_55_62",34.4311970575887,-85.3023383756364
"16156",16155,"13_55_62",34.4385529030838,-85.3007498902593
"16157",16156,"13_55_62",34.432665576949,-85.3116786074042
"16158",16157,"13_55_62",34.4482266098101,-85.3057224057302
"16159",16158,"13_55_62",34.4428541788988,-85.2980064947219
"16160",16159,"13_55_62",34.4393959168766,-85.3134743673922
"16161",16160,"13_241_131",34.8318304201655,-83.6048539469059
"16162",16161,"13_241_131",34.846166826624,-83.5947005578213
"16163",16162,"13_241_131",34.8457654857464,-83.5928355636911
"16164",16163,"13_241_131",34.8280639143922,-83.601952852944
"16165",16164,"13_241_131",34.8368494174544,-83.6035277024206
"16166",16165,"13_241_131",34.8435659383753,-83.5979613608404
"16167",16166,"13_241_131",34.83913654828,-83.6037043581128
"16168",16167,"13_241_131",34.8392091276341,-83.605261947419
"16169",16168,"13_241_131",34.8403861998398,-83.6001624241258
"16170",16169,"13_241_131",34.8442698814709,-83.5933634155178
"16171",16170,"13_313_41",34.7995480809946,-85.1413530072485
"16172",16171,"13_313_41",34.8050599330295,-85.12343722889
"16173",16172,"13_313_41",34.7948816849278,-85.1321328126467
"16174",16173,"13_313_41",34.7874034438499,-85.1362072101903
"16175",16174,"13_313_41",34.7998461535911,-85.1289392079294
"16176",16175,"13_313_41",34.8045131567374,-85.1364715793991
"16177",16176,"13_313_41",34.7973402843512,-85.1276714369856
"16178",16177,"13_313_41",34.7966959426831,-85.1356211117719
"16179",16178,"13_313_41",34.7962514630062,-85.144263366247
"16180",16179,"13_313_41",34.8037561540369,-85.1208778625916
"16181",16180,"13_241_107",34.7614627206003,-83.3481910367775
"16182",16181,"13_241_107",34.7647031278534,-83.3551963327085
"16183",16182,"13_241_107",34.7740440130196,-83.3453094402602
"16184",16183,"13_241_107",34.7739324531328,-83.356622408404
"16185",16184,"13_241_107",34.7657111456636,-83.3465977344852
"16186",16185,"13_241_107",34.7692783038064,-83.3337441375864
"16187",16186,"13_241_107",34.7560832964265,-83.360193772061
"16188",16187,"13_241_107",34.763481983307,-83.3337114459089
"16189",16188,"13_241_107",34.7594627446446,-83.3312840363948
"16190",16189,"13_241_107",34.7613425875029,-83.3398896214246
"16191",16190,"13_241_104",34.8721958952739,-83.2453143381349
"16192",16191,"13_241_104",34.8692668326526,-83.2601483495891
"16193",16192,"13_241_104",34.8643216193077,-83.2438753660677
"16194",16193,"13_241_104",34.8764427529672,-83.2494644663618
"16195",16194,"13_241_104",34.8685627216972,-83.2564239453888
"16196",16195,"13_241_104",34.874307504244,-83.2551052114576
"16197",16196,"13_241_104",34.8793851007832,-83.2492643059426
"16198",16197,"13_241_104",34.8600280455387,-83.2709468619897
"16199",16198,"13_241_104",34.8664691817619,-83.2554745321337
"16200",16199,"13_241_104",34.8661906615164,-83.2669044069097
"16201",16200,"13_213_84",34.8461723541782,-84.644176869979
"16202",16201,"13_213_84",34.842342746344,-84.6570782611157
"16203",16202,"13_213_84",34.844023781715,-84.6497764090375
"16204",16203,"13_213_84",34.8413818874831,-84.6406087994649
"16205",16204,"13_213_84",34.8561869343202,-84.6569848654544
"16206",16205,"13_213_84",34.8435673498547,-84.6500030387505
"16207",16206,"13_213_84",34.8414094341738,-84.6371817326536
"16208",16207,"13_213_84",34.8481342715258,-84.6528756110432
"16209",16208,"13_213_84",34.8409729001739,-84.6489549108102
"16210",16209,"13_213_84",34.8541121681243,-84.6397479112856
"16211",16210,"13_291_122",34.7880165099926,-84.0933277303183
"16212",16211,"13_291_122",34.7870986464377,-84.0825736576303
"16213",16212,"13_291_122",34.7824862172326,-84.0790977072576
"16214",16213,"13_291_122",34.7918413669626,-84.0865669212579
"16215",16214,"13_291_122",34.7840008845235,-84.0798824633445
"16216",16215,"13_291_122",34.7822874606599,-84.0793693557544
"16217",16216,"13_291_122",34.7807124606675,-84.0705102405555
"16218",16217,"13_291_122",34.7853069622297,-84.0810201998018
"16219",16218,"13_291_122",34.7696400067141,-84.076898685325
"16220",16219,"13_291_122",34.7712344096032,-84.0817035573836
"16221",16220,"13_291_126",34.6612123836137,-84.147095440583
"16222",16221,"13_291_126",34.6598436876536,-84.1483971025013
"16223",16222,"13_291_126",34.6590802281012,-84.1469977268272
"16224",16223,"13_291_126",34.656920276043,-84.140524931896
"16225",16224,"13_291_126",34.6651192697678,-84.16046521223
"16226",16225,"13_291_126",34.6631686165567,-84.1613628203683
"16227",16226,"13_291_126",34.6607372053715,-84.147218518067
"16228",16227,"13_291_126",34.6519568614179,-84.1411063152881
"16229",16228,"13_291_126",34.6611962905453,-84.1474863281045
"16230",16229,"13_291_126",34.6675019492168,-84.1514373072706
"16231",16230,"13_213_75",34.931077096773,-84.6347553224556
"16232",16231,"13_213_75",34.9282461173488,-84.6305808167587
"16233",16232,"13_213_75",34.9351131022095,-84.6366606389118
"16234",16233,"13_213_75",34.9229702616231,-84.6311070763661
"16235",16234,"13_213_75",34.9213135280719,-84.6253773732126
"16236",16235,"13_213_75",34.927812957112,-84.6316512970809
"16237",16236,"13_213_75",34.9330416817208,-84.6445110617263
"16238",16237,"13_213_75",34.9342199351124,-84.6282907002276
"16239",16238,"13_213_75",34.9319794058338,-84.6180008360255
"16240",16239,"13_213_75",34.9320389883029,-84.6298606851792
"16241",16240,"13_213_82",34.8829930063414,-84.6852999750878
"16242",16241,"13_213_82",34.8834532281066,-84.6864740212813
"16243",16242,"13_213_82",34.8774402638029,-84.674541687873
"16244",16243,"13_213_82",34.8740361255207,-84.6727167238441
"16245",16244,"13_213_82",34.8844563155734,-84.689046370604
"16246",16245,"13_213_82",34.8921243521318,-84.6777926057523
"16247",16246,"13_213_82",34.8745934621044,-84.6675934055879
"16248",16247,"13_213_82",34.8907335680317,-84.6603424926323
"16249",16248,"13_213_82",34.8791828632929,-84.6772336247818
"16250",16249,"13_213_82",34.8722883641452,-84.6776516407069
"16251",16250,"13_221_93",33.7663822588564,-83.2722287413067
"16252",16251,"13_221_93",33.7637292297388,-83.2837414678348
"16253",16252,"13_221_93",33.77002313808,-83.2784068027798
"16254",16253,"13_221_93",33.7788127737057,-83.285218652288
"16255",16254,"13_221_93",33.7697803361784,-83.2618171582471
"16256",16255,"13_221_93",33.768770800308,-83.2794435003352
"16257",16256,"13_221_93",33.7706214193506,-83.2776342379244
"16258",16257,"13_221_93",33.7696021818453,-83.2790830964441
"16259",16258,"13_221_93",33.7658920024901,-83.2620109621067
"16260",16259,"13_221_93",33.7591492124646,-83.2788008991626
"16261",16260,"13_241_120",34.8948849383172,-83.4400356152247
"16262",16261,"13_241_120",34.8961875471131,-83.4423685404565
"16263",16262,"13_241_120",34.897442157669,-83.4404014013709
"16264",16263,"13_241_120",34.8984465579699,-83.4274641534726
"16265",16264,"13_241_120",34.903286117467,-83.4373232401184
"16266",16265,"13_241_120",34.9082753910265,-83.4396840583291
"16267",16266,"13_241_120",34.900002523401,-83.4512415428275
"16268",16267,"13_241_120",34.892217068865,-83.4349242569726
"16269",16268,"13_241_120",34.895310663695,-83.4451111535643
"16270",16269,"13_241_120",34.8960035240966,-83.4455400011458
"16271",16270,"13_241_129",34.8221381691726,-83.4775678700194
"16272",16271,"13_241_129",34.8206213742471,-83.472341954972
"16273",16272,"13_241_129",34.822208968945,-83.4662810806303
"16274",16273,"13_241_129",34.8268950773198,-83.4761781949711
"16275",16274,"13_241_129",34.8220142778658,-83.4771013722811
"16276",16275,"13_241_129",34.8274362129004,-83.4903646523778
"16277",16276,"13_241_129",34.8232153708069,-83.491291076368
"16278",16277,"13_241_129",34.8141150811384,-83.4658191094578
"16279",16278,"13_241_129",34.8160516271204,-83.4682767719487
"16280",16279,"13_241_129",34.824299284446,-83.4774093020102
"16281",16280,"13_311_40",34.7530388919748,-83.7694474765132
"16282",16281,"13_311_40",34.7635528726291,-83.773293311493
"16283",16282,"13_311_40",34.764169462262,-83.7885223169951
"16284",16283,"13_311_40",34.7556933972461,-83.7775394897324
"16285",16284,"13_311_40",34.7516172413142,-83.7706997143109
"16286",16285,"13_311_40",34.7703750488776,-83.7770662665664
"16287",16286,"13_311_40",34.775805896615,-83.7703129454385
"16288",16287,"13_311_40",34.7642928337151,-83.7739519906482
"16289",16288,"13_311_40",34.7531396988661,-83.7824279983881
"16290",16289,"13_311_40",34.7651719667974,-83.7638028564232
"16291",16290,"13_313_39",34.6760118527805,-85.0315661795989
"16292",16291,"13_313_39",34.6888118473,-85.031952676964
"16293",16292,"13_313_39",34.6879687847278,-85.0370732026621
"16294",16293,"13_313_39",34.6892254445303,-85.0206236792238
"16295",16294,"13_313_39",34.6951954935532,-85.0406558706036
"16296",16295,"13_313_39",34.6699657030684,-85.0304050072579
"16297",16296,"13_313_39",34.6823942134528,-85.0321508349485
"16298",16297,"13_313_39",34.6951860139665,-85.0410995442751
"16299",16298,"13_313_39",34.6777843125606,-85.0358876213664
"16300",16299,"13_313_39",34.6790020136249,-85.035413015305
"16301",16300,"13_213_74",34.9755100316411,-84.6249649838563
"16302",16301,"13_213_74",34.9783317361971,-84.6316069417977
"16303",16302,"13_213_74",34.9762376243118,-84.6228985522846
"16304",16303,"13_213_74",34.9725856275638,-84.6226273949987
"16305",16304,"13_213_74",34.9702667348911,-84.628222201251
"16306",16305,"13_213_74",34.9725002921793,-84.6116777123038
"16307",16306,"13_213_74",34.9822780003177,-84.6277655736052
"16308",16307,"13_213_74",34.9730024894399,-84.6233911121925
"16309",16308,"13_213_74",34.9726902765587,-84.6219612693369
"16310",16309,"13_213_74",34.9770980556046,-84.6207816822226
"16311",16310,"13_281_43",34.8155153654396,-83.7736792327783
"16312",16311,"13_281_43",34.8168279293456,-83.7711062912033
"16313",16312,"13_281_43",34.8132454500029,-83.7605991361592
"16314",16313,"13_281_43",34.8138117198623,-83.7843729313983
"16315",16314,"13_281_43",34.8196853124189,-83.7664398165657
"16316",16315,"13_281_43",34.826207023242,-83.7643781350334
"16317",16316,"13_281_43",34.8067962159957,-83.7581039547027
"16318",16317,"13_281_43",34.8123409983093,-83.7647971534412
"16319",16318,"13_281_43",34.8139727311697,-83.7780304134388
"16320",16319,"13_281_43",34.8262940709911,-83.76344776523
"16321",16320,"13_213_89",34.7365041739049,-84.7256955397315
"16322",16321,"13_213_89",34.728293562447,-84.71850182714
"16323",16322,"13_213_89",34.7385470570101,-84.7258559346416
"16324",16323,"13_213_89",34.7338088475721,-84.7282321654318
"16325",16324,"13_213_89",34.7311235738797,-84.7161383208404
"16326",16325,"13_213_89",34.7429054840857,-84.7377059684155
"16327",16326,"13_213_89",34.7321822363687,-84.7083298021124
"16328",16327,"13_213_89",34.7293633034682,-84.7223270736997
"16329",16328,"13_213_89",34.7386697761702,-84.7143344381528
"16330",16329,"13_213_89",34.7352030820155,-84.7225985814185
"16331",16330,"13_123_30",34.8092779581701,-84.5931969011965
"16332",16331,"13_123_30",34.8059071912737,-84.5920797842381
"16333",16332,"13_123_30",34.7917030217358,-84.585264810387
"16334",16333,"13_123_30",34.7996179643265,-84.600220086003
"16335",16334,"13_123_30",34.8004630184806,-84.5945491775182
"16336",16335,"13_123_30",34.7989334802352,-84.5840572943745
"16337",16336,"13_123_30",34.8011001957001,-84.5913198622369
"16338",16337,"13_123_30",34.7891800442437,-84.5978253213368
"16339",16338,"13_123_30",34.8020204612101,-84.5921089610767
"16340",16339,"13_123_30",34.7981137973188,-84.5906354269583
"16341",16340,"13_257_25",34.6557119012841,-83.3616165666268
"16342",16341,"13_257_25",34.6505575407135,-83.3497022022321
"16343",16342,"13_257_25",34.6499615050939,-83.3388060298339
"16344",16343,"13_257_25",34.6453027903167,-83.3354980922266
"16345",16344,"13_257_25",34.6486464619154,-83.3496078721733
"16346",16345,"13_257_25",34.6413023319665,-83.3536020258259
"16347",16346,"13_257_25",34.6466424509637,-83.3517356351826
"16348",16347,"13_257_25",34.6512191257682,-83.3445537484216
"16349",16348,"13_257_25",34.6473536481654,-83.3468876359736
"16350",16349,"13_257_25",34.6548821756536,-83.3638306522885
"16351",16350,"13_257_29",34.5334342286911,-83.4328857419584
"16352",16351,"13_257_29",34.5394248721248,-83.4285757833369
"16353",16352,"13_257_29",34.5361699734966,-83.4343788601788
"16354",16353,"13_257_29",34.5357871304664,-83.4300509802637
"16355",16354,"13_257_29",34.5363638856123,-83.4321260336047
"16356",16355,"13_257_29",34.5320156514544,-83.4202021141209
"16357",16356,"13_257_29",34.5316855542685,-83.4393708079439
"16358",16357,"13_257_29",34.5422290675139,-83.4211421370039
"16359",16358,"13_257_29",34.5443948371355,-83.4339476805841
"16360",16359,"13_257_29",34.5304530105373,-83.4399251470731
"16361",16360,"13_257_30",34.4918879092991,-83.4234266059697
"16362",16361,"13_257_30",34.488367686846,-83.4259723834688
"16363",16362,"13_257_30",34.4823324719454,-83.4395036116318
"16364",16363,"13_257_30",34.4894065484982,-83.4170521675381
"16365",16364,"13_257_30",34.480533755191,-83.414537057444
"16366",16365,"13_257_30",34.4775552822712,-83.4254309296767
"16367",16366,"13_257_30",34.4965824682015,-83.4181975908759
"16368",16367,"13_257_30",34.4945499550373,-83.4122829036567
"16369",16368,"13_257_30",34.4820981155058,-83.4251572693751
"16370",16369,"13_257_30",34.4869391471469,-83.4256738370338
"16371",16370,"13_257_13",34.6514945494348,-83.3054827417834
"16372",16371,"13_257_13",34.6587558659781,-83.3234416718291
"16373",16372,"13_257_13",34.6436481736015,-83.3201750682643
"16374",16373,"13_257_13",34.6510499592095,-83.3151824468048
"16375",16374,"13_257_13",34.6500000584135,-83.323721218738
"16376",16375,"13_257_13",34.65103817304,-83.3176337407338
"16377",16376,"13_257_13",34.6474298298577,-83.319940439046
"16378",16377,"13_257_13",34.6546706553224,-83.3247848068815
"16379",16378,"13_257_13",34.6561920048654,-83.3145438573635
"16380",16379,"13_257_13",34.6515738803002,-83.3185730013947
"16381",16380,"13_311_43",34.745975645592,-83.8018943801824
"16382",16381,"13_311_43",34.7448130905373,-83.8081289083448
"16383",16382,"13_311_43",34.7385213208787,-83.8007575920743
"16384",16383,"13_311_43",34.7498646367826,-83.8044435802026
"16385",16384,"13_311_43",34.7432816524133,-83.8000869524457
"16386",16385,"13_311_43",34.7496444128704,-83.7885762915839
"16387",16386,"13_311_43",34.7353160680251,-83.8006184106612
"16388",16387,"13_311_43",34.7374280637553,-83.7992630087667
"16389",16388,"13_311_43",34.7561123281868,-83.8003059626699
"16390",16389,"13_311_43",34.738970176772,-83.8014268174176
"16391",16390,"13_241_126",34.8753930968908,-83.5815427646009
"16392",16391,"13_241_126",34.8688442580395,-83.5603397653099
"16393",16392,"13_241_126",34.8781632869309,-83.575081498568
"16394",16393,"13_241_126",34.8845639831414,-83.5835331420034
"16395",16394,"13_241_126",34.8723231005911,-83.5650494383655
"16396",16395,"13_241_126",34.8823886151365,-83.5575163021434
"16397",16396,"13_241_126",34.8773933682284,-83.5740417943593
"16398",16397,"13_241_126",34.8717302286466,-83.5617815388123
"16399",16398,"13_241_126",34.8804260527383,-83.5718522381616
"16400",16399,"13_241_126",34.8856824361533,-83.5756435269913
"16401",16400,"13_123_35",34.7614234957012,-84.3339404319457
"16402",16401,"13_123_35",34.75778316075,-84.3277224525824
"16403",16402,"13_123_35",34.7801940291658,-84.3343000360346
"16404",16403,"13_123_35",34.7749839041308,-84.3307964198367
"16405",16404,"13_123_35",34.7653266866679,-84.3349064046541
"16406",16405,"13_123_35",34.7567317397693,-84.3347959096466
"16407",16406,"13_123_35",34.7709421212774,-84.3172658747836
"16408",16407,"13_123_35",34.765978303872,-84.3367948637689
"16409",16408,"13_123_35",34.7797888174856,-84.3367478430957
"16410",16409,"13_123_35",34.7705867212965,-84.3320167194804
"16411",16410,"13_281_16",34.8402937430492,-83.7199343894303
"16412",16411,"13_281_16",34.8365041793575,-83.7150881307045
"16413",16412,"13_281_16",34.8360337258285,-83.7268578370826
"16414",16413,"13_281_16",34.8395002192819,-83.7073933547212
"16415",16414,"13_281_16",34.8344574673675,-83.7172074581967
"16416",16415,"13_281_16",34.8507866317765,-83.7107942912984
"16417",16416,"13_281_16",34.8379703523249,-83.7123998071939
"16418",16417,"13_281_16",34.8459783796814,-83.7162681592499
"16419",16418,"13_281_16",34.8393772369494,-83.7133067628817
"16420",16419,"13_281_16",34.8452624140367,-83.7142469619763
"16421",16420,"13_123_15",34.6580064346342,-84.2285020603704
"16422",16421,"13_123_15",34.6477735340662,-84.2335186507437
"16423",16422,"13_123_15",34.6581565163292,-84.2325798961401
"16424",16423,"13_123_15",34.653878173369,-84.2266762899309
"16425",16424,"13_123_15",34.6631181536491,-84.2237393498735
"16426",16425,"13_123_15",34.6503926641861,-84.2284617450011
"16427",16426,"13_123_15",34.6587031383654,-84.2254012295489
"16428",16427,"13_123_15",34.6607673830002,-84.2279289456614
"16429",16428,"13_123_15",34.665425273995,-84.2272410777781
"16430",16429,"13_123_15",34.6697040594169,-84.2299563331187
"16431",16430,"13_111_84",34.7193328642865,-84.2491692605961
"16432",16431,"13_111_84",34.7250449450838,-84.2522616199322
"16433",16432,"13_111_84",34.7214828525875,-84.2472532458124
"16434",16433,"13_111_84",34.7187597676486,-84.2535266704542
"16435",16434,"13_111_84",34.7200271122789,-84.2482507657332
"16436",16435,"13_111_84",34.7196974841486,-84.2412459019733
"16437",16436,"13_111_84",34.7083620628326,-84.2505599229792
"16438",16437,"13_111_84",34.7175650446647,-84.2437557908955
"16439",16438,"13_111_84",34.7256646024815,-84.2372150213466
"16440",16439,"13_111_84",34.7119104987966,-84.2556070072271
"16441",16440,"13_311_35",34.7564205108006,-83.6660082915599
"16442",16441,"13_311_35",34.7692187952296,-83.6428109389686
"16443",16442,"13_311_35",34.7529749455664,-83.6618124733614
"16444",16443,"13_311_35",34.7641206899765,-83.6538420012951
"16445",16444,"13_311_35",34.7513007090308,-83.6554010575373
"16446",16445,"13_311_35",34.7587694369885,-83.6532798705078
"16447",16446,"13_311_35",34.7618758393438,-83.6596521720425
"16448",16447,"13_311_35",34.7727063316912,-83.6422192366139
"16449",16448,"13_311_35",34.7607609164508,-83.6584249435778
"16450",16449,"13_311_35",34.7661864655998,-83.6521047585326
"16451",16450,"13_291_38",34.9063196141828,-83.8170241030263
"16452",16451,"13_291_38",34.8932799759994,-83.8193466911669
"16453",16452,"13_291_38",34.8972352352233,-83.8215062774732
"16454",16453,"13_291_38",34.8832174988766,-83.8101560003221
"16455",16454,"13_291_38",34.9001369028802,-83.8202611881512
"16456",16455,"13_291_38",34.8952323487772,-83.818712652435
"16457",16456,"13_291_38",34.8918115552529,-83.814884491933
"16458",16457,"13_291_38",34.8942413718315,-83.8357575452572
"16459",16458,"13_291_38",34.8934167649436,-83.8177095271886
"16460",16459,"13_291_38",34.8891934157628,-83.8163954189385
"16461",16460,"13_213_11",34.8731447587835,-84.7046873887445
"16462",16461,"13_213_11",34.8658139290826,-84.6933763135165
"16463",16462,"13_213_11",34.8703569538819,-84.7021772437851
"16464",16463,"13_213_11",34.875183977742,-84.7049643845378
"16465",16464,"13_213_11",34.871212257545,-84.7141122423554
"16466",16465,"13_213_11",34.8685994103641,-84.7105575460326
"16467",16466,"13_213_11",34.8761147307816,-84.6922192494254
"16468",16467,"13_213_11",34.8618916583027,-84.6992611921147
"16469",16468,"13_213_11",34.8722296000273,-84.7048130894449
"16470",16469,"13_213_11",34.8788044074052,-84.6896100749799
"16471",16470,"13_311_44",34.6865527171592,-83.8066346224851
"16472",16471,"13_311_44",34.6775182911197,-83.7917866723231
"16473",16472,"13_311_44",34.6803967434685,-83.7941613427859
"16474",16473,"13_311_44",34.6903416445537,-83.8048529303609
"16475",16474,"13_311_44",34.6831119196487,-83.8029624503615
"16476",16475,"13_311_44",34.6788308426025,-83.805858776914
"16477",16476,"13_311_44",34.6734895827939,-83.8003764737724
"16478",16477,"13_311_44",34.6860475232358,-83.8077648563488
"16479",16478,"13_311_44",34.6780244738889,-83.8149894142586
"16480",16479,"13_311_44",34.6885227926438,-83.8118919387982
"16481",16480,"13_291_13",34.7861147922341,-84.0200946911534
"16482",16481,"13_291_13",34.7872793938811,-83.9970183221414
"16483",16482,"13_291_13",34.7966321360626,-84.0162102333264
"16484",16483,"13_291_13",34.7999983916992,-83.9986171291551
"16485",16484,"13_291_13",34.7919834428342,-84.0118523851534
"16486",16485,"13_291_13",34.7925113636839,-84.0276888915784
"16487",16486,"13_291_13",34.7939090321723,-84.0124154608043
"16488",16487,"13_291_13",34.7841503844999,-84.0000867519712
"16489",16488,"13_291_13",34.7781247357513,-84.0101449189771
"16490",16489,"13_291_13",34.7957545102121,-84.0109343439067
"16491",16490,"13_291_23",34.7420964291861,-84.0253084446592
"16492",16491,"13_291_23",34.7474988330262,-84.032017308832
"16493",16492,"13_291_23",34.7246482442619,-84.0312191805992
"16494",16493,"13_291_23",34.7405078041526,-84.034396823681
"16495",16494,"13_291_23",34.7388365058059,-84.0166443194834
"16496",16495,"13_291_23",34.7385995479742,-84.0308491763617
"16497",16496,"13_291_23",34.7389132003946,-84.0256465544556
"16498",16497,"13_291_23",34.7314011007005,-84.022768501341
"16499",16498,"13_291_23",34.7498587015871,-84.0271903150921
"16500",16499,"13_291_23",34.7335406762788,-84.0437512073584
"16501",16500,"13_241_3",34.8779262897436,-83.3704058822042
"16502",16501,"13_241_3",34.874116611449,-83.3613681582885
"16503",16502,"13_241_3",34.8817940697324,-83.3504476590713
"16504",16503,"13_241_3",34.8772608927513,-83.3670074946839
"16505",16504,"13_241_3",34.8773316163851,-83.3560622251108
"16506",16505,"13_241_3",34.874562185227,-83.3641863970133
"16507",16506,"13_241_3",34.8783321987728,-83.3622596464783
"16508",16507,"13_241_3",34.8671477141728,-83.3634635454897
"16509",16508,"13_241_3",34.8802840176143,-83.3543106980746
"16510",16509,"13_241_3",34.8669008429304,-83.3512994529557
"16511",16510,"13_241_16",34.9658609911904,-83.4831803901457
"16512",16511,"13_241_16",34.9622895037568,-83.4817489484955
"16513",16512,"13_241_16",34.9637600745846,-83.4769886285709
"16514",16513,"13_241_16",34.9619625537379,-83.4699725606133
"16515",16514,"13_241_16",34.9657060129792,-83.4691970486616
"16516",16515,"13_241_16",34.967627469366,-83.4875636979762
"16517",16516,"13_241_16",34.9612524381374,-83.4784746956663
"16518",16517,"13_241_16",34.9645454999631,-83.4909621877862
"16519",16518,"13_241_16",34.9606310087151,-83.4776199702912
"16520",16519,"13_241_16",34.9642468227628,-83.487127097518
"16521",16520,"13_241_8",34.8886332581704,-83.5173901490506
"16522",16521,"13_241_8",34.8786803177177,-83.5040730353938
"16523",16522,"13_241_8",34.8775174342149,-83.5003240713553
"16524",16523,"13_241_8",34.8761290583268,-83.5085553342921
"16525",16524,"13_241_8",34.8786771981806,-83.5081582965535
"16526",16525,"13_241_8",34.8821684632381,-83.5130236191143
"16527",16526,"13_241_8",34.8859469804974,-83.5145984741685
"16528",16527,"13_241_8",34.8821515815922,-83.5018051585018
"16529",16528,"13_241_8",34.8881109847088,-83.5043087971432
"16530",16529,"13_241_8",34.878593692794,-83.4912253035022
"16531",16530,"13_137_38",34.681014266238,-83.3875185773143
"16532",16531,"13_137_38",34.6921861905546,-83.3931983315885
"16533",16532,"13_137_38",34.6939640706455,-83.3916059762984
"16534",16533,"13_137_38",34.6741589850996,-83.3941324947553
"16535",16534,"13_137_38",34.6802424941299,-83.3871618450353
"16536",16535,"13_137_38",34.681862513522,-83.3861014856821
"16537",16536,"13_137_38",34.6685926052885,-83.3900803752189
"16538",16537,"13_137_38",34.681117305113,-83.386732028459
"16539",16538,"13_137_38",34.6829571556987,-83.3843199318629
"16540",16539,"13_137_38",34.6805735516452,-83.3853465396823
"16541",16540,"13_111_28",34.8790107765317,-84.5067940770645
"16542",16541,"13_111_28",34.8618150226269,-84.515116712641
"16543",16542,"13_111_28",34.8758207483159,-84.5165203126373
"16544",16543,"13_111_28",34.8788779049555,-84.5172794377167
"16545",16544,"13_111_28",34.877842214736,-84.5182385578076
"16546",16545,"13_111_28",34.8758937484388,-84.522076007253
"16547",16546,"13_111_28",34.8873772856466,-84.5207788176095
"16548",16547,"13_111_28",34.8805921769142,-84.5018741005554
"16549",16548,"13_111_28",34.8899449978759,-84.5146595030222
"16550",16549,"13_111_28",34.8880729911742,-84.5196892320107
"16551",16550,"13_111_14",34.7108249112599,-84.1451413637401
"16552",16551,"13_111_14",34.7104625697456,-84.1373539420264
"16553",16552,"13_111_14",34.7089820152976,-84.1454621047813
"16554",16553,"13_111_14",34.7136719293264,-84.1397461933586
"16555",16554,"13_111_14",34.7036716005501,-84.1289795736047
"16556",16555,"13_111_14",34.7036821713951,-84.1321022061336
"16557",16556,"13_111_14",34.7104575587992,-84.1317871755766
"16558",16557,"13_111_14",34.7145292474918,-84.1410732085951
"16559",16558,"13_111_14",34.7111179645217,-84.1340940230999
"16560",16559,"13_111_14",34.7160768350971,-84.1267711361905
"16561",16560,"13_137_1",34.7252367981687,-83.5410032429817
"16562",16561,"13_137_1",34.7141440602203,-83.5320231879794
"16563",16562,"13_137_1",34.7089716722501,-83.5343938563493
"16564",16563,"13_137_1",34.721157379397,-83.5491969017901
"16565",16564,"13_137_1",34.7147061482337,-83.5332290019644
"16566",16565,"13_137_1",34.7306220811927,-83.5248002149899
"16567",16566,"13_137_1",34.7172884971551,-83.5320339652764
"16568",16567,"13_137_1",34.7236343482768,-83.5383216816145
"16569",16568,"13_137_1",34.7210782677738,-83.5347426251526
"16570",16569,"13_137_1",34.7143829531849,-83.5312724695739
"16571",16570,"13_213_34",34.8554359780834,-84.6871441455467
"16572",16571,"13_213_34",34.8552725677629,-84.6917508674788
"16573",16572,"13_213_34",34.8474812323418,-84.6766757431371
"16574",16573,"13_213_34",34.8554706355221,-84.6962338148308
"16575",16574,"13_213_34",34.8558110755832,-84.6871830604945
"16576",16575,"13_213_34",34.8558719102488,-84.6904847736742
"16577",16576,"13_213_34",34.8650862645868,-84.6969773035773
"16578",16577,"13_213_34",34.8565166202875,-84.6926413801165
"16579",16578,"13_213_34",34.8548150219557,-84.6818535431568
"16580",16579,"13_213_34",34.8539479905992,-84.6959758814116
"16581",16580,"13_241_32",34.8329903251792,-83.4565966345853
"16582",16581,"13_241_32",34.8187854299681,-83.4528448740671
"16583",16582,"13_241_32",34.8204388556685,-83.4471311852269
"16584",16583,"13_241_32",34.8237035616964,-83.4631081886359
"16585",16584,"13_241_32",34.8280040287978,-83.4645678970387
"16586",16585,"13_241_32",34.8352172087778,-83.4661344822409
"16587",16586,"13_241_32",34.8288548755179,-83.4520094384138
"16588",16587,"13_241_32",34.8371943598656,-83.4552098563956
"16589",16588,"13_241_32",34.8287144318949,-83.4561628040083
"16590",16589,"13_241_32",34.8241623148261,-83.455361030377
"16591",16590,"13_137_14",34.5892735886998,-83.4338017478214
"16592",16591,"13_137_14",34.5871425645094,-83.4453546504326
"16593",16592,"13_137_14",34.5795382844255,-83.4379426744865
"16594",16593,"13_137_14",34.5842580347207,-83.4344035888839
"16595",16594,"13_137_14",34.5839641558578,-83.4351632044287
"16596",16595,"13_137_14",34.5749128799671,-83.4354324021254
"16597",16596,"13_137_14",34.5660201846874,-83.4389769020222
"16598",16597,"13_137_14",34.5811340062484,-83.4255696970906
"16599",16598,"13_137_14",34.5853975969269,-83.4426437546503
"16600",16599,"13_137_14",34.5797499805035,-83.4372251830612
"16601",16600,"13_137_16",34.6929748546872,-83.3805386306796
"16602",16601,"13_137_16",34.6868288520117,-83.3811324107152
"16603",16602,"13_137_16",34.6953902349594,-83.3835865637683
"16604",16603,"13_137_16",34.6746233344386,-83.3929710069494
"16605",16604,"13_137_16",34.6900268213785,-83.4010460175221
"16606",16605,"13_137_16",34.6801456181873,-83.3737849688994
"16607",16606,"13_137_16",34.6864562456299,-83.3754434107891
"16608",16607,"13_137_16",34.6904842048966,-83.3800545562515
"16609",16608,"13_137_16",34.7001562892749,-83.3833978727342
"16610",16609,"13_137_16",34.6973357861312,-83.393417793846
"16611",16610,"13_137_62",34.6314258871841,-83.4023413224523
"16612",16611,"13_137_62",34.6302251303666,-83.3897374413135
"16613",16612,"13_137_62",34.6341315463238,-83.4006187590735
"16614",16613,"13_137_62",34.6399942814817,-83.3857533549263
"16615",16614,"13_137_62",34.6274640636635,-83.3887532087186
"16616",16615,"13_137_62",34.6450104551294,-83.38805762999
"16617",16616,"13_137_62",34.6367138687305,-83.3910133402472
"16618",16617,"13_137_62",34.6314180499421,-83.3815830395245
"16619",16618,"13_137_62",34.6392034075186,-83.3983438041683
"16620",16619,"13_137_62",34.6403716756561,-83.3931233403533
"16621",16620,"13_241_135",34.9797528687537,-83.3872239909539
"16622",16621,"13_241_135",34.9749343024464,-83.4005680414505
"16623",16622,"13_241_135",34.973709646833,-83.3944454538457
"16624",16623,"13_241_135",34.9759201610494,-83.4035671555919
"16625",16624,"13_241_135",34.9862877476449,-83.4065513745856
"16626",16625,"13_241_135",34.9664542540557,-83.400089738099
"16627",16626,"13_241_135",34.9777283967597,-83.4048751864762
"16628",16627,"13_241_135",34.9706714813559,-83.4018276295078
"16629",16628,"13_241_135",34.9828815174283,-83.411845997426
"16630",16629,"13_241_135",34.9787069700169,-83.4015294554178
"16631",16630,"13_311_53",34.5249518884595,-83.69514445877
"16632",16631,"13_311_53",34.5300957355561,-83.6911983023328
"16633",16632,"13_311_53",34.5256016032164,-83.7035396014364
"16634",16633,"13_311_53",34.5118339364969,-83.6984489363671
"16635",16634,"13_311_53",34.5325204276448,-83.6883390528727
"16636",16635,"13_311_53",34.5225379073465,-83.6892450056354
"16637",16636,"13_311_53",34.5211088446973,-83.7045483413281
"16638",16637,"13_311_53",34.5143026708933,-83.6902260277959
"16639",16638,"13_311_53",34.5227627522343,-83.6952852542067
"16640",16639,"13_311_53",34.5108708347938,-83.6940759054417
"16641",16640,"13_123_72",34.8496461341788,-84.5113636989681
"16642",16641,"13_123_72",34.8470027722556,-84.5064972378158
"16643",16642,"13_123_72",34.8455601797526,-84.5096577158504
"16644",16643,"13_123_72",34.8512987011307,-84.5030736885032
"16645",16644,"13_123_72",34.8382685182852,-84.4980977196059
"16646",16645,"13_123_72",34.8533346255246,-84.5089022803745
"16647",16646,"13_123_72",34.8380559501185,-84.4937246882274
"16648",16647,"13_123_72",34.8502684467067,-84.4949077648055
"16649",16648,"13_123_72",34.8432438238138,-84.5178639915001
"16650",16649,"13_123_72",34.8531978659527,-84.5080124511162
"16651",16650,"13_111_19",34.6577862529583,-84.1865584406807
"16652",16651,"13_111_19",34.6477811606501,-84.1845935364341
"16653",16652,"13_111_19",34.6342745428721,-84.179035447884
"16654",16653,"13_111_19",34.6470298309729,-84.1865915405915
"16655",16654,"13_111_19",34.6448920018481,-84.189050628587
"16656",16655,"13_111_19",34.636341119968,-84.1929625509934
"16657",16656,"13_111_19",34.6435954672586,-84.1855706928667
"16658",16657,"13_111_19",34.647167988822,-84.1847753231832
"16659",16658,"13_111_19",34.6483798141642,-84.2024788948387
"16660",16659,"13_111_19",34.6436739045227,-84.1903249869318
"16661",16660,"13_281_10",34.966863189418,-83.6637338367202
"16662",16661,"13_281_10",34.9651585755651,-83.6614471798889
"16663",16662,"13_281_10",34.9758889787388,-83.6501997075388
"16664",16663,"13_281_10",34.967290181129,-83.6768333708637
"16665",16664,"13_281_10",34.9670243450635,-83.661373217493
"16666",16665,"13_281_10",34.9652551471723,-83.6669415298763
"16667",16666,"13_281_10",34.9640335726979,-83.648842405317
"16668",16667,"13_281_10",34.9663769355839,-83.6625970778114
"16669",16668,"13_281_10",34.9660778923125,-83.6628926675754
"16670",16669,"13_281_10",34.9677983366041,-83.6598227171049
"16671",16670,"13_291_129",34.8795664727884,-83.8774163587298
"16672",16671,"13_291_129",34.8727030621331,-83.8878133386693
"16673",16672,"13_291_129",34.8821596454474,-83.8834600608063
"16674",16673,"13_291_129",34.8809844960085,-83.8698068013957
"16675",16674,"13_291_129",34.8742037031669,-83.8776031066801
"16676",16675,"13_291_129",34.8671641456411,-83.874992003798
"16677",16676,"13_291_129",34.8665419911266,-83.8849423184418
"16678",16677,"13_291_129",34.8817481273734,-83.893699887091
"16679",16678,"13_291_129",34.8751597219269,-83.900203423541
"16680",16679,"13_291_129",34.8733299593483,-83.8668765859165
"16681",16680,"13_213_72",34.8078461192511,-84.6371710982034
"16682",16681,"13_213_72",34.8254472084001,-84.6271842638803
"16683",16682,"13_213_72",34.8254046579288,-84.6402926767878
"16684",16683,"13_213_72",34.8043948943357,-84.6332544040403
"16685",16684,"13_213_72",34.8157823464323,-84.6294225260553
"16686",16685,"13_213_72",34.8107817999437,-84.6366292633303
"16687",16686,"13_213_72",34.8137422531504,-84.6454817467131
"16688",16687,"13_213_72",34.8123352619739,-84.6356845597987
"16689",16688,"13_213_72",34.8174544634623,-84.647650798254
"16690",16689,"13_213_72",34.8133034964706,-84.6319856214028
"16691",16690,"13_281_3",34.8152392791807,-83.7515381723534
"16692",16691,"13_281_3",34.82159037887,-83.7714491586227
"16693",16692,"13_281_3",34.8182904984991,-83.7662791013728
"16694",16693,"13_281_3",34.8264349136343,-83.7657266434143
"16695",16694,"13_281_3",34.8190284109794,-83.7488168523043
"16696",16695,"13_281_3",34.821647958006,-83.7715087959576
"16697",16696,"13_281_3",34.8114000075311,-83.7543049593939
"16698",16697,"13_281_3",34.8092583671305,-83.7467643670027
"16699",16698,"13_281_3",34.820808817591,-83.7552657824718
"16700",16699,"13_281_3",34.8186471195247,-83.7502372782861
"16701",16700,"13_311_2",34.7351288300973,-83.7858303252428
"16702",16701,"13_311_2",34.736902802641,-83.7917461431255
"16703",16702,"13_311_2",34.7484174286408,-83.784757312402
"16704",16703,"13_311_2",34.7498046550646,-83.7712052530557
"16705",16704,"13_311_2",34.7412309281491,-83.7826799935858
"16706",16705,"13_311_2",34.7413908260688,-83.7961658939779
"16707",16706,"13_311_2",34.7417148988688,-83.7829978025765
"16708",16707,"13_311_2",34.7398615182239,-83.7839000781795
"16709",16708,"13_311_2",34.744487008655,-83.7790068584771
"16710",16709,"13_311_2",34.747196430967,-83.7823174071217
"16711",16710,"13_311_14",34.6594889727091,-83.8003318645528
"16712",16711,"13_311_14",34.666351965787,-83.8018728332534
"16713",16712,"13_311_14",34.661749633421,-83.813060272557
"16714",16713,"13_311_14",34.6610748589076,-83.7961842989468
"16715",16714,"13_311_14",34.6696597246607,-83.8066470414463
"16716",16715,"13_311_14",34.6595636997831,-83.8012607034704
"16717",16716,"13_311_14",34.652005774363,-83.8139704839191
"16718",16717,"13_311_14",34.6626486417852,-83.8122692109531
"16719",16718,"13_311_14",34.6574819178653,-83.8022375548304
"16720",16719,"13_311_14",34.6609218387838,-83.7924623469963
"16721",16720,"13_111_94",34.9254308621087,-84.5588222090036
"16722",16721,"13_111_94",34.9386530124062,-84.5418944932541
"16723",16722,"13_111_94",34.9349959622216,-84.5552719623235
"16724",16723,"13_111_94",34.934777380998,-84.5641075650596
"16725",16724,"13_111_94",34.9310740723433,-84.5588776370412
"16726",16725,"13_111_94",34.9364073400524,-84.5580222231186
"16727",16726,"13_111_94",34.9407456862832,-84.5417337944723
"16728",16727,"13_111_94",34.9316416725441,-84.5708309245915
"16729",16728,"13_111_94",34.945280364202,-84.5691776842858
"16730",16729,"13_111_94",34.9377739654511,-84.5595989827597
"16731",16730,"13_111_99",34.9052319732053,-84.5350491203234
"16732",16731,"13_111_99",34.885626402997,-84.5482245396113
"16733",16732,"13_111_99",34.8983613302816,-84.5459125186863
"16734",16733,"13_111_99",34.9008215959781,-84.5288565245061
"16735",16734,"13_111_99",34.9001826495136,-84.549015204799
"16736",16735,"13_111_99",34.90137130954,-84.533352782967
"16737",16736,"13_111_99",34.8967173950614,-84.5455928308317
"16738",16737,"13_111_99",34.9050935886782,-84.5357903098174
"16739",16738,"13_111_99",34.9027135214631,-84.5481859732133
"16740",16739,"13_111_99",34.912279241286,-84.539420203836
"16741",16740,"13_137_42",34.5075171226598,-83.4810001237275
"16742",16741,"13_137_42",34.5012784038,-83.4872198024384
"16743",16742,"13_137_42",34.5062093430863,-83.4832422451961
"16744",16743,"13_137_42",34.5179180499323,-83.4886200728123
"16745",16744,"13_137_42",34.5066584905645,-83.4909113028777
"16746",16745,"13_137_42",34.5061997406962,-83.4796274172544
"16747",16746,"13_137_42",34.4968121005101,-83.4854526498063
"16748",16747,"13_137_42",34.512477079651,-83.4730864057837
"16749",16748,"13_137_42",34.5008863194969,-83.4952113506889
"16750",16749,"13_137_42",34.5173001412552,-83.490087385217
"16751",16750,"13_241_113",34.9340238893462,-83.3299804213889
"16752",16751,"13_241_113",34.9194124200554,-83.3208782397988
"16753",16752,"13_241_113",34.9259308126419,-83.3296301029545
"16754",16753,"13_241_113",34.9260440219202,-83.3159262870412
"16755",16754,"13_241_113",34.926964340497,-83.3296539346073
"16756",16755,"13_241_113",34.924520153301,-83.3379960795412
"16757",16756,"13_241_113",34.9279318055925,-83.3138468753551
"16758",16757,"13_241_113",34.9262892905392,-83.3290861496563
"16759",16758,"13_241_113",34.9182307775052,-83.3441092363223
"16760",16759,"13_241_113",34.9173839617416,-83.3345270258803
"16761",16760,"13_241_115",34.899537899379,-83.3262160188312
"16762",16761,"13_241_115",34.8870479788837,-83.3356354180984
"16763",16762,"13_241_115",34.8899303317395,-83.3290023836754
"16764",16763,"13_241_115",34.9018850367319,-83.3281005423187
"16765",16764,"13_241_115",34.8887681580972,-83.318584102512
"16766",16765,"13_241_115",34.8977526818594,-83.3338277319792
"16767",16766,"13_241_115",34.9082101296929,-83.3338865244784
"16768",16767,"13_241_115",34.8985625997082,-83.3183601232861
"16769",16768,"13_241_115",34.8974059429846,-83.3260230264254
"16770",16769,"13_241_115",34.9022037819995,-83.3421503975967
"16771",16770,"13_281_25",34.9628887579907,-83.5979285476716
"16772",16771,"13_281_25",34.9628010481535,-83.5936160207114
"16773",16772,"13_281_25",34.9775055881106,-83.6027641999032
"16774",16773,"13_281_25",34.9696753300068,-83.6074116973881
"16775",16774,"13_281_25",34.967136454969,-83.6016714938546
"16776",16775,"13_281_25",34.9668491753492,-83.5907541945427
"16777",16776,"13_281_25",34.9612891582573,-83.6050903493557
"16778",16777,"13_281_25",34.9657309165603,-83.5934532311764
"16779",16778,"13_281_25",34.9742075635062,-83.593466273787
"16780",16779,"13_281_25",34.9553074181305,-83.6027670749363
"16781",16780,"13_137_47",34.7152182235889,-83.410349152871
"16782",16781,"13_137_47",34.7167859865108,-83.4251297873353
"16783",16782,"13_137_47",34.7103039676447,-83.4150062595552
"16784",16783,"13_137_47",34.7125020460194,-83.4119452278075
"16785",16784,"13_137_47",34.7199892818265,-83.425875055587
"16786",16785,"13_137_47",34.7298531024649,-83.4155885153481
"16787",16786,"13_137_47",34.7136687795155,-83.4071630651516
"16788",16787,"13_137_47",34.7196791423534,-83.4145983403064
"16789",16788,"13_137_47",34.714610268665,-83.4179993431782
"16790",16789,"13_137_47",34.7082298296908,-83.4120026484672
"16791",16790,"13_281_31",34.8974431702493,-83.6280828623257
"16792",16791,"13_281_31",34.91375552054,-83.6397800549865
"16793",16792,"13_281_31",34.9028424801395,-83.6345571947867
"16794",16793,"13_281_31",34.9114910118203,-83.6342675114874
"16795",16794,"13_281_31",34.907718237234,-83.6327579027226
"16796",16795,"13_281_31",34.8974388743419,-83.6445967311038
"16797",16796,"13_281_31",34.8942563016028,-83.622872315203
"16798",16797,"13_281_31",34.9035161553553,-83.6192720693791
"16799",16798,"13_281_31",34.8984939947845,-83.6190749480409
"16800",16799,"13_281_31",34.8960065906174,-83.630129695564
"16801",16800,"13_137_50",34.8123249994288,-83.6540648218456
"16802",16801,"13_137_50",34.8035834087304,-83.6503852731287
"16803",16802,"13_137_50",34.8081398366657,-83.6581513723221
"16804",16803,"13_137_50",34.820059396517,-83.6461357898589
"16805",16804,"13_137_50",34.810449793401,-83.6530889416722
"16806",16805,"13_137_50",34.8118525065357,-83.6498870359264
"16807",16806,"13_137_50",34.8179785950551,-83.6461904179942
"16808",16807,"13_137_50",34.8075361875842,-83.6540357964081
"16809",16808,"13_137_50",34.8036784742512,-83.6580186939742
"16810",16809,"13_137_50",34.8100150320777,-83.6503697957181
"16811",16810,"13_311_36",34.7877437344218,-83.7019095795585
"16812",16811,"13_311_36",34.7809247071458,-83.7032231485413
"16813",16812,"13_311_36",34.7797607709583,-83.6957663528905
"16814",16813,"13_311_36",34.7807574591084,-83.6990767702319
"16815",16814,"13_311_36",34.7792202453881,-83.6999686984222
"16816",16815,"13_311_36",34.7711416397705,-83.6893151595926
"16817",16816,"13_311_36",34.7889712175496,-83.6877893770119
"16818",16817,"13_311_36",34.7830814495088,-83.6985677639666
"16819",16818,"13_311_36",34.7830209352609,-83.6950682150778
"16820",16819,"13_311_36",34.7742920418656,-83.6909772525545
"16821",16820,"13_281_44",34.9703868863354,-83.8989654802665
"16822",16821,"13_281_44",34.9850542762506,-83.8997558494775
"16823",16822,"13_281_44",34.97614629533,-83.8992107880894
"16824",16823,"13_281_44",34.979688975605,-83.8918577990213
"16825",16824,"13_281_44",34.9829126801071,-83.8971730562146
"16826",16825,"13_281_44",34.9757961151396,-83.8986093341363
"16827",16826,"13_281_44",34.9688004197056,-83.907203810747
"16828",16827,"13_281_44",34.9666519874857,-83.8954052290064
"16829",16828,"13_281_44",34.9799812206117,-83.8874785622356
"16830",16829,"13_281_44",34.9776606391429,-83.910463557591
"16831",16830,"13_129_67",34.4640341662569,-85.0474682333953
"16832",16831,"13_129_67",34.4646751799994,-85.0515092524447
"16833",16832,"13_129_67",34.4594690048736,-85.0633141218963
"16834",16833,"13_129_67",34.4572017307875,-85.0431214845285
"16835",16834,"13_129_67",34.4681225587662,-85.0504986421929
"16836",16835,"13_129_67",34.4637268941485,-85.049404259021
"16837",16836,"13_129_67",34.4655018512016,-85.0499183938448
"16838",16837,"13_129_67",34.4650122018445,-85.0550216754129
"16839",16838,"13_129_67",34.4630876550341,-85.0492981743402
"16840",16839,"13_129_67",34.4697069908315,-85.0609093024794
"16841",16840,"13_123_88",34.7036167138279,-84.3542557680456
"16842",16841,"13_123_88",34.7046779427721,-84.3544482935051
"16843",16842,"13_123_88",34.6984342910685,-84.3550277260661
"16844",16843,"13_123_88",34.7161106128363,-84.345282891983
"16845",16844,"13_123_88",34.6952500566632,-84.3441651140008
"16846",16845,"13_123_88",34.7039400161877,-84.3416449703622
"16847",16846,"13_123_88",34.6945168436385,-84.3540668746664
"16848",16847,"13_123_88",34.7040625181046,-84.349343942473
"16849",16848,"13_123_88",34.7035773502377,-84.3610737376803
"16850",16849,"13_123_88",34.7057349600737,-84.3582927682697
"16851",16850,"13_111_91",34.9581574001892,-84.5126226329605
"16852",16851,"13_111_91",34.9505062997313,-84.5052986536688
"16853",16852,"13_111_91",34.9550406549339,-84.4984293771047
"16854",16853,"13_111_91",34.9536716969533,-84.493279155954
"16855",16854,"13_111_91",34.9615284274761,-84.5030385646934
"16856",16855,"13_111_91",34.9568125245343,-84.4958667766407
"16857",16856,"13_111_91",34.9608837402551,-84.5045314068726
"16858",16857,"13_111_91",34.9639339862238,-84.5050635487127
"16859",16858,"13_111_91",34.9684387878052,-84.4910057995692
"16860",16859,"13_111_91",34.9681182185366,-84.5198961593169
"16861",16860,"13_111_102",34.8588798145352,-84.5909256487322
"16862",16861,"13_111_102",34.8642848456341,-84.589409964943
"16863",16862,"13_111_102",34.8579923405089,-84.5955454328111
"16864",16863,"13_111_102",34.8450716310009,-84.5931728083652
"16865",16864,"13_111_102",34.8612918083861,-84.5939710327295
"16866",16865,"13_111_102",34.8590900356199,-84.5916809834904
"16867",16866,"13_111_102",34.8519087714838,-84.5781122596898
"16868",16867,"13_111_102",34.8495980219048,-84.5934151716563
"16869",16868,"13_111_102",34.8491765943842,-84.5914109877479
"16870",16869,"13_111_102",34.8593484092263,-84.600940032498
"16871",16870,"13_241_101",34.9761548057482,-83.2743156793853
"16872",16871,"13_241_101",34.9654630446117,-83.2943716002352
"16873",16872,"13_241_101",34.9711361420845,-83.2907586673997
"16874",16873,"13_241_101",34.9694119541911,-83.2923934644721
"16875",16874,"13_241_101",34.9792696620125,-83.2993558314022
"16876",16875,"13_241_101",34.9795274043594,-83.2835090562068
"16877",16876,"13_241_101",34.9716996091375,-83.2854027485096
"16878",16877,"13_241_101",34.9599076634209,-83.2985534105591
"16879",16878,"13_241_101",34.97126456076,-83.2858974772467
"16880",16879,"13_241_101",34.9604946786234,-83.2885390951918
"16881",16880,"13_281_33",34.8625765039117,-83.6827629031791
"16882",16881,"13_281_33",34.8652725679752,-83.6835810463434
"16883",16882,"13_281_33",34.859526594357,-83.6770962749861
"16884",16883,"13_281_33",34.8669453120975,-83.6783387576559
"16885",16884,"13_281_33",34.8681251498375,-83.6858589957796
"16886",16885,"13_281_33",34.8666314690639,-83.6616412068127
"16887",16886,"13_281_33",34.8593013650465,-83.6665254415283
"16888",16887,"13_281_33",34.8651015954226,-83.6920348841589
"16889",16888,"13_281_33",34.8720572306608,-83.6861887847877
"16890",16889,"13_281_33",34.8738599291116,-83.6840175270043
"16891",16890,"13_55_63",34.4195323554054,-85.3512972822557
"16892",16891,"13_55_63",34.4196000461356,-85.3389134831107
"16893",16892,"13_55_63",34.416174069342,-85.3482425108558
"16894",16893,"13_55_63",34.4335696460549,-85.3417192035662
"16895",16894,"13_55_63",34.4269317792064,-85.3545961038528
"16896",16895,"13_55_63",34.413159139089,-85.3347018650923
"16897",16896,"13_55_63",34.4188065364974,-85.3376821212222
"16898",16897,"13_55_63",34.424210422839,-85.3445155105081
"16899",16898,"13_55_63",34.4255304056852,-85.3454550972013
"16900",16899,"13_55_63",34.4198787428651,-85.3388549178332
"16901",16900,"13_291_123",34.7167962201231,-84.0323414281287
"16902",16901,"13_291_123",34.719912896439,-84.0263097913796
"16903",16902,"13_291_123",34.7093365533875,-84.0406054978284
"16904",16903,"13_291_123",34.7200004813934,-84.0329843571004
"16905",16904,"13_291_123",34.7114082058943,-84.0412627968369
"16906",16905,"13_291_123",34.7190067384717,-84.0513056971608
"16907",16906,"13_291_123",34.7179583729833,-84.0366293512841
"16908",16907,"13_291_123",34.7238801959715,-84.0396014462484
"16909",16908,"13_291_123",34.7079178726538,-84.0443865143131
"16910",16909,"13_291_123",34.7173482689558,-84.0319285760841
"16911",16910,"13_123_79",34.7825572640514,-84.3228265828203
"16912",16911,"13_123_79",34.7809186838181,-84.3228917393082
"16913",16912,"13_123_79",34.7885727547215,-84.3201303484663
"16914",16913,"13_123_79",34.7781373654472,-84.3136769071351
"16915",16914,"13_123_79",34.7773384878196,-84.3194898227574
"16916",16915,"13_123_79",34.7913320815785,-84.324249307529
"16917",16916,"13_123_79",34.7701467857199,-84.3175437531636
"16918",16917,"13_123_79",34.7780646795371,-84.3319504007517
"16919",16918,"13_123_79",34.7799698901258,-84.3263811075466
"16920",16919,"13_123_79",34.7899009241575,-84.3143329134086
"16921",16920,"13_291_7",34.6787359622816,-84.0419532147521
"16922",16921,"13_291_7",34.6847357765654,-84.0469803035838
"16923",16922,"13_291_7",34.6728329094255,-84.0384721781155
"16924",16923,"13_291_7",34.6664862666349,-84.0440698674187
"16925",16924,"13_291_7",34.6739906509026,-84.0336479693875
"16926",16925,"13_291_7",34.6685340585938,-84.0450712835588
"16927",16926,"13_291_7",34.6728046764785,-84.0401671916452
"16928",16927,"13_291_7",34.6839678987776,-84.0450722776525
"16929",16928,"13_291_7",34.6702792005337,-84.0345726460529
"16930",16929,"13_291_7",34.6774170868459,-84.0350469704555
"16931",16930,"13_111_39",34.9673336350264,-84.5217619186286
"16932",16931,"13_111_39",34.9646375013195,-84.5043868958687
"16933",16932,"13_111_39",34.9717323253676,-84.5088040624606
"16934",16933,"13_111_39",34.9540010470541,-84.5151488586849
"16935",16934,"13_111_39",34.9711433568981,-84.490901010706
"16936",16935,"13_111_39",34.9642432336737,-84.5042068950011
"16937",16936,"13_111_39",34.9652826956676,-84.4951715292871
"16938",16937,"13_111_39",34.9578424041698,-84.5171162410437
"16939",16938,"13_111_39",34.9585446431392,-84.5152866861509
"16940",16939,"13_111_39",34.9636603758536,-84.5108443396831
"16941",16940,"13_213_33",34.9227437022457,-84.6275485170771
"16942",16941,"13_213_33",34.928602092055,-84.6472543396245
"16943",16942,"13_213_33",34.9345942792714,-84.6332472313199
"16944",16943,"13_213_33",34.9359433708533,-84.6494493118661
"16945",16944,"13_213_33",34.9283016643774,-84.6451096695791
"16946",16945,"13_213_33",34.927776758211,-84.6193986921167
"16947",16946,"13_213_33",34.9301182168162,-84.6202511890552
"16948",16947,"13_213_33",34.9456825792306,-84.6233235777895
"16949",16948,"13_213_33",34.9335148465102,-84.6317228066619
"16950",16949,"13_213_33",34.9318490097672,-84.6252564432325
"16951",16950,"13_281_39",34.9522533721323,-83.8455597431636
"16952",16951,"13_281_39",34.9596742913952,-83.8236039151107
"16953",16952,"13_281_39",34.9497304269699,-83.8324840748439
"16954",16953,"13_281_39",34.9522536325455,-83.829662859957
"16955",16954,"13_281_39",34.9426661017588,-83.8255250277738
"16956",16955,"13_281_39",34.9489404513888,-83.8334344420374
"16957",16956,"13_281_39",34.9573604185845,-83.8285170233898
"16958",16957,"13_281_39",34.9553704238038,-83.8160675971679
"16959",16958,"13_281_39",34.9477238187456,-83.8244632965705
"16960",16959,"13_281_39",34.9453998312159,-83.8448968907853
"16961",16960,"13_291_100",34.8843623480002,-83.8381490011334
"16962",16961,"13_291_100",34.8768994755547,-83.8417582140967
"16963",16962,"13_291_100",34.8713833046454,-83.8449534566835
"16964",16963,"13_291_100",34.8776932137787,-83.8386440132857
"16965",16964,"13_291_100",34.8742028959947,-83.8461080081441
"16966",16965,"13_291_100",34.876793862511,-83.8396667331958
"16967",16966,"13_291_100",34.8789835173642,-83.8471475607568
"16968",16967,"13_291_100",34.8759873615978,-83.840670182861
"16969",16968,"13_291_100",34.8788099129134,-83.8487204135645
"16970",16969,"13_291_100",34.8820937519004,-83.8571958879591
"16971",16970,"13_291_109",34.7754956839113,-83.9355743294733
"16972",16971,"13_291_109",34.7778507793196,-83.9170318858688
"16973",16972,"13_291_109",34.7858621156508,-83.9089507047005
"16974",16973,"13_291_109",34.7890464048848,-83.9110467913807
"16975",16974,"13_291_109",34.7853684650399,-83.9209142270212
"16976",16975,"13_291_109",34.7840617177261,-83.9187644970222
"16977",16976,"13_291_109",34.7889470911857,-83.9232363661247
"16978",16977,"13_291_109",34.7763276965136,-83.9041455694128
"16979",16978,"13_291_109",34.7816687498201,-83.9336415459276
"16980",16979,"13_291_109",34.7903568596248,-83.9142935029211
"16981",16980,"13_187_41",34.7243141864831,-83.9062240522533
"16982",16981,"13_187_41",34.7171951818274,-83.9053878348567
"16983",16982,"13_187_41",34.7209128926859,-83.9103281941855
"16984",16983,"13_187_41",34.7084758227952,-83.918818830467
"16985",16984,"13_187_41",34.7214329018126,-83.9096552714696
"16986",16985,"13_187_41",34.7255839765441,-83.9232314070339
"16987",16986,"13_187_41",34.7131265429653,-83.9095354649126
"16988",16987,"13_187_41",34.7131858420566,-83.9152372048562
"16989",16988,"13_187_41",34.7294813809941,-83.9148622282176
"16990",16989,"13_187_41",34.7210496895873,-83.9080601384726
"16991",16990,"13_123_78",34.6094027377535,-84.2829401898142
"16992",16991,"13_123_78",34.607785446545,-84.2617089019853
"16993",16992,"13_123_78",34.6147057517776,-84.2723350066775
"16994",16993,"13_123_78",34.60783779271,-84.2748311422874
"16995",16994,"13_123_78",34.5981234308903,-84.2692437048006
"16996",16995,"13_123_78",34.6053220653988,-84.2815577601083
"16997",16996,"13_123_78",34.60526414183,-84.2740390479591
"16998",16997,"13_123_78",34.6153448404951,-84.2730455475797
"16999",16998,"13_123_78",34.6134214615839,-84.2665499522176
"17000",16999,"13_123_78",34.6074031393587,-84.2756261710096
"17001",17000,"13_241_125",34.928149557366,-83.5616872209654
"17002",17001,"13_241_125",34.9367321548539,-83.5621731557943
"17003",17002,"13_241_125",34.934476483428,-83.5448952788827
"17004",17003,"13_241_125",34.937835242306,-83.5537306278525
"17005",17004,"13_241_125",34.9293232746705,-83.5583950892929
"17006",17005,"13_241_125",34.9363997944987,-83.54509082343
"17007",17006,"13_241_125",34.9298437902041,-83.5605331032962
"17008",17007,"13_241_125",34.9196554470098,-83.5511924368245
"17009",17008,"13_241_125",34.9284404241588,-83.5687364169308
"17010",17009,"13_241_125",34.9327714125982,-83.5486410215922
"17011",17010,"13_123_85",34.8339709138618,-84.488552532052
"17012",17011,"13_123_85",34.8454311611834,-84.4989002156664
"17013",17012,"13_123_85",34.8289494429484,-84.4954670006607
"17014",17013,"13_123_85",34.8294075355393,-84.4968192437898
"17015",17014,"13_123_85",34.8403215312825,-84.5024568444519
"17016",17015,"13_123_85",34.8370465889427,-84.5009026840718
"17017",17016,"13_123_85",34.8309461625229,-84.5095761912989
"17018",17017,"13_123_85",34.8360161773921,-84.4981826814829
"17019",17018,"13_123_85",34.836042214104,-84.5014676840486
"17020",17019,"13_123_85",34.8378763578128,-84.5020649690431
"17021",17020,"13_241_98",34.9137684535815,-83.2527608605823
"17022",17021,"13_241_98",34.9207524413064,-83.2627228568516
"17023",17022,"13_241_98",34.9238432868231,-83.2477739425198
"17024",17023,"13_241_98",34.9256351134121,-83.245614377017
"17025",17024,"13_241_98",34.9107991158923,-83.2521579393416
"17026",17025,"13_241_98",34.9262309435012,-83.2513911132475
"17027",17026,"13_241_98",34.9059348417956,-83.2551114832768
"17028",17027,"13_241_98",34.9111414692167,-83.2565485616685
"17029",17028,"13_241_98",34.9142333292646,-83.2655574709666
"17030",17029,"13_241_98",34.9200989363944,-83.2517958102786
"17031",17030,"13_241_103",34.8788031816107,-83.2485597944834
"17032",17031,"13_241_103",34.8727915679843,-83.2354244739542
"17033",17032,"13_241_103",34.8789511537139,-83.2375648809656
"17034",17033,"13_241_103",34.8814491681137,-83.2368416898892
"17035",17034,"13_241_103",34.8806327119326,-83.2380662738068
"17036",17035,"13_241_103",34.8839178841835,-83.2340018049275
"17037",17036,"13_241_103",34.8801633149065,-83.2488287094623
"17038",17037,"13_241_103",34.8819713094645,-83.2401858918245
"17039",17038,"13_241_103",34.8762294630288,-83.2533583368141
"17040",17039,"13_241_103",34.8770013514386,-83.2478181308871
"17041",17040,"13_257_24",34.6547235554538,-83.3266323756097
"17042",17041,"13_257_24",34.6514767115772,-83.3287326931227
"17043",17042,"13_257_24",34.6623951001418,-83.3237118972295
"17044",17043,"13_257_24",34.645372064311,-83.333809876021
"17045",17044,"13_257_24",34.652342707793,-83.3234038764505
"17046",17045,"13_257_24",34.6447295692974,-83.3321720955168
"17047",17046,"13_257_24",34.6583246889445,-83.3389818371135
"17048",17047,"13_257_24",34.6642482572653,-83.321576180541
"17049",17048,"13_257_24",34.6484790130999,-83.3119685581654
"17050",17049,"13_257_24",34.6611544200326,-83.3367587814643
"17051",17050,"13_257_26",34.6067958226507,-83.364392939906
"17052",17051,"13_257_26",34.5973422026758,-83.3539939270758
"17053",17052,"13_257_26",34.6096587440324,-83.3633723325271
"17054",17053,"13_257_26",34.6005313008679,-83.372575427587
"17055",17054,"13_257_26",34.6101960755658,-83.3506389047814
"17056",17055,"13_257_26",34.6040935159545,-83.3785832575629
"17057",17056,"13_257_26",34.6039941277394,-83.3565300468207
"17058",17057,"13_257_26",34.5986259244212,-83.3740435986665
"17059",17058,"13_257_26",34.6055925535942,-83.3655114041539
"17060",17059,"13_257_26",34.6121784827636,-83.3707781036181
"17061",17060,"13_241_122",34.96449046537,-83.4995822292493
"17062",17061,"13_241_122",34.9735457156799,-83.5151410554151
"17063",17062,"13_241_122",34.954052137018,-83.4922047038945
"17064",17063,"13_241_122",34.9615947518843,-83.5065889536301
"17065",17064,"13_241_122",34.960927482594,-83.5062491045345
"17066",17065,"13_241_122",34.9679457750588,-83.5192842755883
"17067",17066,"13_241_122",34.9651342007322,-83.5089101798152
"17068",17067,"13_241_122",34.9583960953122,-83.5108633938055
"17069",17068,"13_241_122",34.955845848711,-83.5190964029863
"17070",17069,"13_241_122",34.9603220072105,-83.4903074002968
"17071",17070,"13_241_36",34.9886444399913,-83.1211751419366
"17072",17071,"13_241_36",34.9907278467211,-83.1236071578332
"17073",17072,"13_241_36",34.9926452078711,-83.1303846625162
"17074",17073,"13_241_36",35.0012571391511,-83.1332522439268
"17075",17074,"13_241_36",34.99218792097,-83.1210824046957
"17076",17075,"13_241_36",34.9932780983625,-83.1266687083294
"17077",17076,"13_241_36",35.002265074188,-83.1113088982918
"17078",17077,"13_241_36",34.9921381389943,-83.1247285755009
"17079",17078,"13_241_36",34.986508716454,-83.119665567156
"17080",17079,"13_241_36",34.9833011101832,-83.1251548123764
"17081",17080,"13_241_19",34.9918980978018,-83.2859492064873
"17082",17081,"13_241_19",34.9894456436788,-83.2801404665949
"17083",17082,"13_241_19",34.9959748021131,-83.2843366970491
"17084",17083,"13_241_19",34.990251479347,-83.2744507271418
"17085",17084,"13_241_19",34.9940509374682,-83.2776925378082
"17086",17085,"13_241_19",34.9873116922371,-83.2933636786502
"17087",17086,"13_241_19",34.9921071438205,-83.2896185847826
"17088",17087,"13_241_19",34.9894818039891,-83.2967436117008
"17089",17088,"13_241_19",34.9797995754853,-83.2826702899658
"17090",17089,"13_241_19",35.0043313639692,-83.2820866889879
"17091",17090,"13_241_44",34.935588506263,-83.1646849341834
"17092",17091,"13_241_44",34.9296401559873,-83.1706005956694
"17093",17092,"13_241_44",34.9266671208861,-83.1682751564491
"17094",17093,"13_241_44",34.9265463087126,-83.1620055253809
"17095",17094,"13_241_44",34.9393379400074,-83.160837488846
"17096",17095,"13_241_44",34.9240873334254,-83.1561586469578
"17097",17096,"13_241_44",34.9124476601188,-83.162437916772
"17098",17097,"13_241_44",34.927013864418,-83.1640978219103
"17099",17098,"13_241_44",34.9291595488257,-83.1615702576893
"17100",17099,"13_241_44",34.9290928175677,-83.1644352170676
"17101",17100,"13_137_30",34.4947164763029,-83.4434003992058
"17102",17101,"13_137_30",34.5154763545714,-83.4616738153016
"17103",17102,"13_137_30",34.499683016452,-83.4481885132825
"17104",17103,"13_137_30",34.4999082600047,-83.4575768419328
"17105",17104,"13_137_30",34.4939684917711,-83.4571331207216
"17106",17105,"13_137_30",34.5117500655727,-83.464537245048
"17107",17106,"13_137_30",34.5010211168013,-83.4516251396602
"17108",17107,"13_137_30",34.5124144369275,-83.4560310865632
"17109",17108,"13_137_30",34.5057744913063,-83.455729228219
"17110",17109,"13_137_30",34.5135060886248,-83.4662456228752
"17111",17110,"13_187_15",34.7194356181739,-83.9703370965017
"17112",17111,"13_187_15",34.725236686771,-83.9613093578959
"17113",17112,"13_187_15",34.7257582395943,-83.9756656771353
"17114",17113,"13_187_15",34.713112249401,-83.9761137815736
"17115",17114,"13_187_15",34.7083682159834,-83.9710462605241
"17116",17115,"13_187_15",34.7190813034042,-83.972487552697
"17117",17116,"13_187_15",34.7250862365476,-83.9695432212438
"17118",17117,"13_187_15",34.7182843945785,-83.9696560532215
"17119",17118,"13_187_15",34.7127651079323,-83.9682743036327
"17120",17119,"13_187_15",34.7264536496185,-83.9634677013629
"17121",17120,"13_241_24",34.8715178576984,-83.6062962798355
"17122",17121,"13_241_24",34.8932659581965,-83.6070819910923
"17123",17122,"13_241_24",34.8820944702668,-83.5909133654542
"17124",17123,"13_241_24",34.8848663145294,-83.6126861103481
"17125",17124,"13_241_24",34.8849131373391,-83.5971625061718
"17126",17125,"13_241_24",34.8740145903646,-83.6128292069423
"17127",17126,"13_241_24",34.8872495675978,-83.5925632043234
"17128",17127,"13_241_24",34.8829893402436,-83.5955258809462
"17129",17128,"13_241_24",34.8799995381534,-83.5964631354446
"17130",17129,"13_241_24",34.8907243708363,-83.5969082088751
"17131",17130,"13_281_15",34.8622389489249,-83.7590725562123
"17132",17131,"13_281_15",34.8661769504296,-83.7888978774953
"17133",17132,"13_281_15",34.8504686636851,-83.7716708577669
"17134",17133,"13_281_15",34.8613342203382,-83.7695503067455
"17135",17134,"13_281_15",34.8716491091638,-83.7645661197765
"17136",17135,"13_281_15",34.8650011452427,-83.7715410418886
"17137",17136,"13_281_15",34.8718468689468,-83.7839878090151
"17138",17137,"13_281_15",34.8566350393468,-83.761735144437
"17139",17138,"13_281_15",34.8688172836932,-83.7564676773322
"17140",17139,"13_281_15",34.8559629038162,-83.7699643465554
"17141",17140,"13_291_2",34.7914547182102,-83.7984055747873
"17142",17141,"13_291_2",34.7900315718112,-83.780287963965
"17143",17142,"13_291_2",34.8067013415338,-83.7934277901391
"17144",17143,"13_291_2",34.7925941270882,-83.8012453065616
"17145",17144,"13_291_2",34.7980067114684,-83.794797931653
"17146",17145,"13_291_2",34.7949344640299,-83.7885432005343
"17147",17146,"13_291_2",34.7974120287464,-83.8012841500626
"17148",17147,"13_291_2",34.7899035885887,-83.7972920543034
"17149",17148,"13_291_2",34.8044345090369,-83.7993661687883
"17150",17149,"13_291_2",34.7913800556605,-83.7980311424055
"17151",17150,"13_311_9",34.6984728076388,-83.8213648001289
"17152",17151,"13_311_9",34.7039309147017,-83.8259896890204
"17153",17152,"13_311_9",34.7031097088161,-83.8145673232376
"17154",17153,"13_311_9",34.7113564217216,-83.8293104566325
"17155",17154,"13_311_9",34.7048086565308,-83.8227044610243
"17156",17155,"13_311_9",34.706730788742,-83.8236798207873
"17157",17156,"13_311_9",34.7168846168853,-83.8138291994398
"17158",17157,"13_311_9",34.7065880537495,-83.8219076889995
"17159",17158,"13_311_9",34.7130025530338,-83.8136865321896
"17160",17159,"13_311_9",34.6970056807265,-83.8273907234194
"17161",17160,"13_241_121",34.9878288604384,-83.4845921109009
"17162",17161,"13_241_121",34.9840558919426,-83.4876529760743
"17163",17162,"13_241_121",34.9982881006344,-83.4879451932063
"17164",17163,"13_241_121",34.9831307515077,-83.5025838286076
"17165",17164,"13_241_121",34.99269284644,-83.4986988021415
"17166",17165,"13_241_121",34.9891550759314,-83.4856884678618
"17167",17166,"13_241_121",34.9813565856675,-83.4764007049036
"17168",17167,"13_241_121",34.9849185721892,-83.4905708569108
"17169",17168,"13_241_121",34.9932067647312,-83.4852076359321
"17170",17169,"13_241_121",34.9968186885399,-83.5024644839959
"17171",17170,"13_241_130",34.7742334739146,-83.5445228854347
"17172",17171,"13_241_130",34.7798908840102,-83.5465680158738
"17173",17172,"13_241_130",34.782981915072,-83.5465828616638
"17174",17173,"13_241_130",34.7801191678751,-83.5494241104336
"17175",17174,"13_241_130",34.780476660648,-83.5414672948653
"17176",17175,"13_241_130",34.786211658319,-83.5369205327107
"17177",17176,"13_241_130",34.7805558843462,-83.5403708054087
"17178",17177,"13_241_130",34.7789446846117,-83.5524095427333
"17179",17178,"13_241_130",34.7925300796967,-83.5502800336947
"17180",17179,"13_241_130",34.7810236361974,-83.5538159344201
"17181",17180,"13_291_99",34.8630900552705,-83.8201940181219
"17182",17181,"13_291_99",34.8606267401722,-83.816050275275
"17183",17182,"13_291_99",34.8648083745677,-83.819831571373
"17184",17183,"13_291_99",34.8683201593311,-83.8332968147876
"17185",17184,"13_291_99",34.8650338792915,-83.8197272775744
"17186",17185,"13_291_99",34.8545031024285,-83.8082869621959
"17187",17186,"13_291_99",34.865127889105,-83.8196301591787
"17188",17187,"13_291_99",34.8632534398081,-83.8239464453874
"17189",17188,"13_291_99",34.8697587314102,-83.831076740642
"17190",17189,"13_291_99",34.8627273554178,-83.8176432615532
"17191",17190,"13_187_40",34.6993235062077,-83.8767742181863
"17192",17191,"13_187_40",34.6983896368933,-83.8657307388071
"17193",17192,"13_187_40",34.6957977852375,-83.8769299223263
"17194",17193,"13_187_40",34.686830900202,-83.8788646441471
"17195",17194,"13_187_40",34.6944371197745,-83.8717715975681
"17196",17195,"13_187_40",34.6987672852931,-83.8815360386846
"17197",17196,"13_187_40",34.6900876781465,-83.8665163741313
"17198",17197,"13_187_40",34.6993143501376,-83.8701086682661
"17199",17198,"13_187_40",34.6940217281853,-83.8749794759785
"17200",17199,"13_187_40",34.7125829806438,-83.8748013771936
"17201",17200,"13_213_90",34.9344753358909,-84.7137062524302
"17202",17201,"13_213_90",34.9333142481204,-84.7004612020967
"17203",17202,"13_213_90",34.9350959676746,-84.6951182535933
"17204",17203,"13_213_90",34.9419094047887,-84.6985260445988
"17205",17204,"13_213_90",34.9274519708431,-84.7001167100219
"17206",17205,"13_213_90",34.9360295335393,-84.696717521583
"17207",17206,"13_213_90",34.9373248164075,-84.7030800636288
"17208",17207,"13_213_90",34.9346493063275,-84.701251543343
"17209",17208,"13_213_90",34.9332833266023,-84.7037150868958
"17210",17209,"13_213_90",34.9398610875228,-84.6967341820048
"17211",17210,"13_123_77",34.5885873975637,-84.2702735221321
"17212",17211,"13_123_77",34.5908313293595,-84.2531987368056
"17213",17212,"13_123_77",34.5900787464427,-84.2862709931513
"17214",17213,"13_123_77",34.5878355645677,-84.2693370132187
"17215",17214,"13_123_77",34.5799648918922,-84.2660988562386
"17216",17215,"13_123_77",34.5898225219133,-84.2857583876346
"17217",17216,"13_123_77",34.599136871149,-84.2645051632288
"17218",17217,"13_123_77",34.5868894819266,-84.2600517918983
"17219",17218,"13_123_77",34.5964956500838,-84.2696858491058
"17220",17219,"13_123_77",34.5928786093099,-84.270301361321
"17221",17220,"13_241_92",34.9312518709602,-83.1724888995111
"17222",17221,"13_241_92",34.9386268114038,-83.1760959093399
"17223",17222,"13_241_92",34.9296379037716,-83.167294255767
"17224",17223,"13_241_92",34.9311287066066,-83.1681457285794
"17225",17224,"13_241_92",34.9312225772277,-83.1695153028736
"17226",17225,"13_241_92",34.9153465044904,-83.1672537766852
"17227",17226,"13_241_92",34.9274527435123,-83.1606500522842
"17228",17227,"13_241_92",34.9202063280725,-83.1696814310622
"17229",17228,"13_241_92",34.9203191213682,-83.1571464965499
"17230",17229,"13_241_92",34.9362850614261,-83.1765157636991
"17231",17230,"13_241_94",34.9872675834448,-83.2021954803515
"17232",17231,"13_241_94",34.997939596305,-83.1930896341079
"17233",17232,"13_241_94",34.9833375764333,-83.2078648293467
"17234",17233,"13_241_94",34.9895276029747,-83.2182718973339
"17235",17234,"13_241_94",34.996290898171,-83.2148790797384
"17236",17235,"13_241_94",34.9884963592452,-83.2019403843607
"17237",17236,"13_241_94",34.9924319445789,-83.1926785022566
"17238",17237,"13_241_94",34.9750066850833,-83.2006320042793
"17239",17238,"13_241_94",34.9844180681615,-83.2030085683062
"17240",17239,"13_241_94",34.9756139467714,-83.1957592166002
"17241",17240,"13_55_56",34.5715900170163,-85.1655768197746
"17242",17241,"13_55_56",34.5926599158901,-85.1610057302111
"17243",17242,"13_55_56",34.5894756529459,-85.1619380721217
"17244",17243,"13_55_56",34.5929740502581,-85.1639070205437
"17245",17244,"13_55_56",34.5873821728189,-85.1550159615115
"17246",17245,"13_55_56",34.5852808077588,-85.1518177100417
"17247",17246,"13_55_56",34.5773467212745,-85.1633965838629
"17248",17247,"13_55_56",34.5846558063366,-85.1718154688216
"17249",17248,"13_55_56",34.5743156466929,-85.1676139064536
"17250",17249,"13_55_56",34.5826400488746,-85.1613151730709
"17251",17250,"13_137_48",34.742533746638,-83.6003129172918
"17252",17251,"13_137_48",34.7384406926988,-83.5971008472627
"17253",17252,"13_137_48",34.7377508807124,-83.599827230963
"17254",17253,"13_137_48",34.7397086675595,-83.5975786292031
"17255",17254,"13_137_48",34.7367827552827,-83.5877932444409
"17256",17255,"13_137_48",34.7442766900774,-83.5957239949026
"17257",17256,"13_137_48",34.7405081745421,-83.6054344081356
"17258",17257,"13_137_48",34.7429447470353,-83.5952875258721
"17259",17258,"13_137_48",34.7314713683263,-83.5993355983557
"17260",17259,"13_137_48",34.7343493692177,-83.6118468503526
"17261",17260,"13_291_108",34.7481751006141,-83.924589298757
"17262",17261,"13_291_108",34.7463986983718,-83.892507569802
"17263",17262,"13_291_108",34.7424670947469,-83.9044257241065
"17264",17263,"13_291_108",34.7441899361974,-83.8971384465301
"17265",17264,"13_291_108",34.7557602558105,-83.9034872862983
"17266",17265,"13_291_108",34.7635538794374,-83.9018167221113
"17267",17266,"13_291_108",34.7512031000844,-83.8917679765703
"17268",17267,"13_291_108",34.7477951670719,-83.890979669662
"17269",17268,"13_291_108",34.7500049227421,-83.9039268562097
"17270",17269,"13_291_108",34.7434460392096,-83.9100754400653
"17271",17270,"13_241_124",34.8940560320457,-83.5238154759332
"17272",17271,"13_241_124",34.9127065723401,-83.5266606480627
"17273",17272,"13_241_124",34.8987811370499,-83.5300362451168
"17274",17273,"13_241_124",34.904314675671,-83.5295130281836
"17275",17274,"13_241_124",34.8987775420511,-83.5257966405076
"17276",17275,"13_241_124",34.9046509668754,-83.5243093900975
"17277",17276,"13_241_124",34.8960827053811,-83.5290077314437
"17278",17277,"13_241_124",34.8987321132618,-83.518978126654
"17279",17278,"13_241_124",34.9137325135278,-83.5259415873135
"17280",17279,"13_241_124",34.8945889047461,-83.5318882934989
"17281",17280,"13_111_72",34.8197431372958,-84.1773355006325
"17282",17281,"13_111_72",34.8133914325173,-84.1653141949678
"17283",17282,"13_111_72",34.8347742292678,-84.1791097989423
"17284",17283,"13_111_72",34.8251435551546,-84.1733692296706
"17285",17284,"13_111_72",34.8135239801215,-84.1769595056686
"17286",17285,"13_111_72",34.8284304684302,-84.1683428197325
"17287",17286,"13_111_72",34.8259240007915,-84.1768463766589
"17288",17287,"13_111_72",34.8209129756978,-84.1727250149729
"17289",17288,"13_111_72",34.8233129189099,-84.1743891806098
"17290",17289,"13_111_72",34.8282005639598,-84.177980801658
"17291",17290,"13_111_77",34.7048088247895,-84.1831063681836
"17292",17291,"13_111_77",34.6967351851624,-84.181658527808
"17293",17292,"13_111_77",34.7009155121409,-84.1736430479788
"17294",17293,"13_111_77",34.7095546035407,-84.1856227584335
"17295",17294,"13_111_77",34.7053431754226,-84.182693073836
"17296",17295,"13_111_77",34.7043068644519,-84.2037370193005
"17297",17296,"13_111_77",34.7042268648055,-84.1968496940504
"17298",17297,"13_111_77",34.7193167816626,-84.185448088452
"17299",17298,"13_111_77",34.7091951685436,-84.1810150970746
"17300",17299,"13_111_77",34.7171075607245,-84.1865199016312
"17301",17300,"13_123_75",34.6276395094493,-84.2080589008601
"17302",17301,"13_123_75",34.6262627342607,-84.1985038413066
"17303",17302,"13_123_75",34.6229245977061,-84.2222424148391
"17304",17303,"13_123_75",34.6236904806105,-84.1976719812116
"17305",17304,"13_123_75",34.6237367349866,-84.2088504012338
"17306",17305,"13_123_75",34.6168995004688,-84.2214236650052
"17307",17306,"13_123_75",34.6292796416028,-84.2002155467904
"17308",17307,"13_123_75",34.6314180364754,-84.205775085576
"17309",17308,"13_123_75",34.6218591320979,-84.2168396778772
"17310",17309,"13_123_75",34.6272140008801,-84.2125405654151
"17311",17310,"13_111_83",34.7547337935925,-84.1912652375732
"17312",17311,"13_111_83",34.7573401202205,-84.2200783654733
"17313",17312,"13_111_83",34.7697075939345,-84.2030342894304
"17314",17313,"13_111_83",34.7622054802095,-84.2053230026919
"17315",17314,"13_111_83",34.7549891042962,-84.1977526224596
"17316",17315,"13_111_83",34.7658670515012,-84.2177929680073
"17317",17316,"13_111_83",34.7663280063523,-84.2019683429014
"17318",17317,"13_111_83",34.7680511110051,-84.2043949776069
"17319",17318,"13_111_83",34.7580279031201,-84.2031019641452
"17320",17319,"13_111_83",34.7586174031947,-84.2015187237865
"17321",17320,"13_111_86",34.6628486986195,-84.2422566276563
"17322",17321,"13_111_86",34.6682212121992,-84.2114914526692
"17323",17322,"13_111_86",34.6765729706203,-84.2218289064299
"17324",17323,"13_111_86",34.6622729350226,-84.2317678116282
"17325",17324,"13_111_86",34.6622648649225,-84.2254163142851
"17326",17325,"13_111_86",34.6706953776041,-84.2342194906007
"17327",17326,"13_111_86",34.6579615627254,-84.2096475546281
"17328",17327,"13_111_86",34.6644199615567,-84.225723343042
"17329",17328,"13_111_86",34.6622047756324,-84.2276467970634
"17330",17329,"13_111_86",34.6550348363832,-84.2316151627434
"17331",17330,"13_123_84",34.8361057094004,-84.4874026932092
"17332",17331,"13_123_84",34.8323518154162,-84.4753357309673
"17333",17332,"13_123_84",34.8222171447824,-84.4649310591126
"17334",17333,"13_123_84",34.8293898277848,-84.4751070168143
"17335",17334,"13_123_84",34.8321967613807,-84.4744134794463
"17336",17335,"13_123_84",34.8314803744819,-84.4748912746265
"17337",17336,"13_123_84",34.8208684280013,-84.4716306813458
"17338",17337,"13_123_84",34.8397908398915,-84.4763332412415
"17339",17338,"13_123_84",34.8404750198584,-84.474789736595
"17340",17339,"13_123_84",34.8370200900875,-84.4694379684413
"17341",17340,"13_137_49",34.7051747193045,-83.5949954924835
"17342",17341,"13_137_49",34.7075374899953,-83.5903805340881
"17343",17342,"13_137_49",34.7002077070041,-83.5916871960764
"17344",17343,"13_137_49",34.7096069117088,-83.5965536859619
"17345",17344,"13_137_49",34.7060460324745,-83.5904540138205
"17346",17345,"13_137_49",34.7092409974004,-83.588469008047
"17347",17346,"13_137_49",34.7000459155619,-83.6024003594379
"17348",17347,"13_137_49",34.704603756971,-83.5958314612287
"17349",17348,"13_137_49",34.7046878612403,-83.5812251559193
"17350",17349,"13_137_49",34.7009697914475,-83.5786059393295
"17351",17350,"13_111_88",34.8610623422601,-84.4429162995553
"17352",17351,"13_111_88",34.8673086967818,-84.4513796292571
"17353",17352,"13_111_88",34.8650298780388,-84.4360163772414
"17354",17353,"13_111_88",34.8748691228838,-84.4406314137645
"17355",17354,"13_111_88",34.8551446390068,-84.4483178682016
"17356",17355,"13_111_88",34.8672393145389,-84.4241181150877
"17357",17356,"13_111_88",34.869882969549,-84.4302954224057
"17358",17357,"13_111_88",34.8649142249897,-84.4506909515466
"17359",17358,"13_111_88",34.8740682330689,-84.4360996759542
"17360",17359,"13_111_88",34.8604335310875,-84.4437010645301
"17361",17360,"13_213_87",34.7194968064349,-84.6696022259437
"17362",17361,"13_213_87",34.7203889063258,-84.6704241184105
"17363",17362,"13_213_87",34.7196873153995,-84.6673762157461
"17364",17363,"13_213_87",34.7130123749813,-84.6703562982079
"17365",17364,"13_213_87",34.7308661759836,-84.6671690532244
"17366",17365,"13_213_87",34.7199285855552,-84.6702834439521
"17367",17366,"13_213_87",34.7068530554399,-84.6681996189399
"17368",17367,"13_213_87",34.7115553492321,-84.6733592619412
"17369",17368,"13_213_87",34.7167178984342,-84.6801419006002
"17370",17369,"13_213_87",34.7209443356072,-84.6716122711188
"17371",17370,"13_213_79",34.83721668514,-84.6084893105029
"17372",17371,"13_213_79",34.822122349873,-84.6081497730356
"17373",17372,"13_213_79",34.8288361355403,-84.608392960326
"17374",17373,"13_213_79",34.8387920792978,-84.6142951096508
"17375",17374,"13_213_79",34.8312357744525,-84.6161256065553
"17376",17375,"13_213_79",34.8351821414131,-84.6197005351676
"17377",17376,"13_213_79",34.8433304494643,-84.6091412565681
"17378",17377,"13_213_79",34.8220066710085,-84.603505733191
"17379",17378,"13_213_79",34.8376235484494,-84.6033765316532
"17380",17379,"13_213_79",34.8413635267343,-84.6008004182817
"17381",17380,"13_241_114",34.9490499823728,-83.3674566451451
"17382",17381,"13_241_114",34.9507956541476,-83.3620081039698
"17383",17382,"13_241_114",34.9516943456262,-83.3611648675097
"17384",17383,"13_241_114",34.9470202090044,-83.3469709229578
"17385",17384,"13_241_114",34.9561767777986,-83.360414940479
"17386",17385,"13_241_114",34.9487799193272,-83.3659356815372
"17387",17386,"13_241_114",34.962578069829,-83.3577484767521
"17388",17387,"13_241_114",34.9487503117082,-83.3665352573146
"17389",17388,"13_241_114",34.9487636832326,-83.3583169114276
"17390",17389,"13_241_114",34.9473188540257,-83.3543906697834
"17391",17390,"13_241_116",34.906690952311,-83.3635155857027
"17392",17391,"13_241_116",34.9177433677932,-83.3359263982815
"17393",17392,"13_241_116",34.9148663214963,-83.3572532689175
"17394",17393,"13_241_116",34.9146010741538,-83.3502547071579
"17395",17394,"13_241_116",34.9098405419505,-83.3495513388072
"17396",17395,"13_241_116",34.9173764714203,-83.3626196771931
"17397",17396,"13_241_116",34.9070912743306,-83.3639931329813
"17398",17397,"13_241_116",34.9115712476737,-83.3592978927608
"17399",17398,"13_241_116",34.9185455380308,-83.363700826674
"17400",17399,"13_241_116",34.9133923986769,-83.3463835287558
"17401",17400,"13_311_33",34.7649725010078,-83.7181440014437
"17402",17401,"13_311_33",34.7560925155431,-83.7167421944088
"17403",17402,"13_311_33",34.7484217219255,-83.7219010565051
"17404",17403,"13_311_33",34.7562378667124,-83.7196083991279
"17405",17404,"13_311_33",34.7555189385153,-83.7178600721653
"17406",17405,"13_311_33",34.7466948285359,-83.7228204593615
"17407",17406,"13_311_33",34.7518579663754,-83.7260168622394
"17408",17407,"13_311_33",34.7484557340587,-83.7187465978187
"17409",17408,"13_311_33",34.7559975162635,-83.7206309292689
"17410",17409,"13_311_33",34.7601018457616,-83.7044593610233
"17411",17410,"13_311_34",34.7231026407202,-83.7557228848357
"17412",17411,"13_311_34",34.7275994672139,-83.7574784166438
"17413",17412,"13_311_34",34.7314050648526,-83.7560776969369
"17414",17413,"13_311_34",34.7257365146773,-83.7551212160319
"17415",17414,"13_311_34",34.7346380803433,-83.7611401380702
"17416",17415,"13_311_34",34.7323202054133,-83.7452179739171
"17417",17416,"13_311_34",34.7284209613728,-83.7497657775499
"17418",17417,"13_311_34",34.7277093181452,-83.7589682935934
"17419",17418,"13_311_34",34.7242469594875,-83.7455014310915
"17420",17419,"13_311_34",34.7275622119037,-83.7581162940121
"17421",17420,"13_281_34",34.8863979195065,-83.6926112251015
"17422",17421,"13_281_34",34.8972783958629,-83.6948396070455
"17423",17422,"13_281_34",34.8902087518306,-83.6904704823591
"17424",17423,"13_281_34",34.89636607565,-83.7015833784933
"17425",17424,"13_281_34",34.8902357776087,-83.6844092170221
"17426",17425,"13_281_34",34.8896604510028,-83.7002719328863
"17427",17426,"13_281_34",34.8916284721064,-83.6986913638111
"17428",17427,"13_281_34",34.8903525762231,-83.693269042201
"17429",17428,"13_281_34",34.8939357932123,-83.7010611767672
"17430",17429,"13_281_34",34.89114817285,-83.6980116042618
"17431",17430,"13_311_37",34.7928515368019,-83.7364655090041
"17432",17431,"13_311_37",34.798733732117,-83.729421272828
"17433",17432,"13_311_37",34.7927204580873,-83.7349681248017
"17434",17433,"13_311_37",34.7977256983748,-83.7298073561001
"17435",17434,"13_311_37",34.7936065208059,-83.7315993792771
"17436",17435,"13_311_37",34.7860505881946,-83.7302176118599
"17437",17436,"13_311_37",34.7983367826335,-83.7522202366501
"17438",17437,"13_311_37",34.7927864531874,-83.7449750106976
"17439",17438,"13_311_37",34.7927924923492,-83.7367833515524
"17440",17439,"13_311_37",34.7972538993099,-83.7511378563709
"17441",17440,"13_291_121",34.7431008151773,-84.0480280639292
"17442",17441,"13_291_121",34.7471780349119,-84.0629850219378
"17443",17442,"13_291_121",34.740387689429,-84.0571935807541
"17444",17443,"13_291_121",34.7465364382289,-84.0466013929133
"17445",17444,"13_291_121",34.738587620263,-84.0509253395137
"17446",17445,"13_291_121",34.7479653749554,-84.0465852630868
"17447",17446,"13_291_121",34.7513335528673,-84.0437844095074
"17448",17447,"13_291_121",34.7465541646156,-84.0632867446755
"17449",17448,"13_291_121",34.7468123796362,-84.0434148927965
"17450",17449,"13_291_121",34.7345123739652,-84.0515819796684
"17451",17450,"13_291_124",34.7289809520157,-84.0901689896548
"17452",17451,"13_291_124",34.7135135908778,-84.0960083008626
"17453",17452,"13_291_124",34.7179012312487,-84.0855894836634
"17454",17453,"13_291_124",34.7225280449443,-84.096843339178
"17455",17454,"13_291_124",34.7232798720655,-84.0945709159365
"17456",17455,"13_291_124",34.7221644277118,-84.0840124190132
"17457",17456,"13_291_124",34.7230370017022,-84.0834732963912
"17458",17457,"13_291_124",34.7326896179381,-84.1033223651954
"17459",17458,"13_291_124",34.7222988692815,-84.093752042138
"17460",17459,"13_291_124",34.7291666368067,-84.0992798695831
"17461",17460,"13_241_106",34.8181576569932,-83.3048481774026
"17462",17461,"13_241_106",34.8127941565306,-83.3246584868668
"17463",17462,"13_241_106",34.8078776280049,-83.3112369801923
"17464",17463,"13_241_106",34.7999590241642,-83.3194420414801
"17465",17464,"13_241_106",34.8071090436179,-83.311195863346
"17466",17465,"13_241_106",34.8062809027796,-83.311742977967
"17467",17466,"13_241_106",34.8117272596707,-83.319002038302
"17468",17467,"13_241_106",34.8069850412503,-83.3053292924618
"17469",17468,"13_241_106",34.8110110951581,-83.3132863394191
"17470",17469,"13_241_106",34.8079296309718,-83.3086950122154
"17471",17470,"13_241_108",34.7869055522571,-83.3648088793501
"17472",17471,"13_241_108",34.7903820719025,-83.3660719885904
"17473",17472,"13_241_108",34.792019164048,-83.3645784162084
"17474",17473,"13_241_108",34.7890639578308,-83.3524131325109
"17475",17474,"13_241_108",34.7823376911364,-83.3555970436854
"17476",17475,"13_241_108",34.799327677761,-83.358035740589
"17477",17476,"13_241_108",34.7881532628432,-83.3673157517878
"17478",17477,"13_241_108",34.7862610506541,-83.3670913762158
"17479",17478,"13_241_108",34.7907228651504,-83.3576689431339
"17480",17479,"13_241_108",34.79011070797,-83.3655682944182
"17481",17480,"13_137_39",34.667118613128,-83.3876287852196
"17482",17481,"13_137_39",34.6707661596361,-83.3856513292411
"17483",17482,"13_137_39",34.6653218019049,-83.3859552608857
"17484",17483,"13_137_39",34.6816670847735,-83.3830467506401
"17485",17484,"13_137_39",34.672531684014,-83.3857147371918
"17486",17485,"13_137_39",34.6583124237907,-83.3822984865656
"17487",17486,"13_137_39",34.6711135213722,-83.3791835760364
"17488",17487,"13_137_39",34.6705587659999,-83.3848281782941
"17489",17488,"13_137_39",34.6679019056062,-83.3696445892673
"17490",17489,"13_137_39",34.6709736407831,-83.3984993281539
"17491",17490,"13_241_127",34.9003287195298,-83.6134828462336
"17492",17491,"13_241_127",34.8949741428206,-83.6022590540662
"17493",17492,"13_241_127",34.8983581503148,-83.6041388842748
"17494",17493,"13_241_127",34.8909175444202,-83.5956836035751
"17495",17494,"13_241_127",34.886750099221,-83.5947600984184
"17496",17495,"13_241_127",34.8902735726924,-83.6187961290082
"17497",17496,"13_241_127",34.8937267970237,-83.5991451671405
"17498",17497,"13_241_127",34.8912466570134,-83.6005188659742
"17499",17498,"13_241_127",34.8908748243394,-83.6123775522798
"17500",17499,"13_241_127",34.8851121738009,-83.603552544099
"17501",17500,"13_241_132",34.8605955979642,-83.6467062638559
"17502",17501,"13_241_132",34.8538862453364,-83.6313222802892
"17503",17502,"13_241_132",34.8491669401954,-83.6390294180496
"17504",17503,"13_241_132",34.8561069375777,-83.6484140469064
"17505",17504,"13_241_132",34.856097623546,-83.6483906558276
"17506",17505,"13_241_132",34.8697108522003,-83.6436184381971
"17507",17506,"13_241_132",34.8495619634244,-83.6528450109863
"17508",17507,"13_241_132",34.8549332408846,-83.643390609046
"17509",17508,"13_241_132",34.8654218762984,-83.6389229641585
"17510",17509,"13_241_132",34.8676597016826,-83.6374607546798
"17511",17510,"13_281_42",34.9382470820449,-83.906351479935
"17512",17511,"13_281_42",34.9306246599058,-83.9124616072244
"17513",17512,"13_281_42",34.9335034745437,-83.9091466440459
"17514",17513,"13_281_42",34.9235839920262,-83.9037003926471
"17515",17514,"13_281_42",34.9412905980597,-83.8987126917781
"17516",17515,"13_281_42",34.932437837594,-83.9035133450187
"17517",17516,"13_281_42",34.9359994139975,-83.910964854014
"17518",17517,"13_281_42",34.933914649393,-83.9102543765657
"17519",17518,"13_281_42",34.9334019455185,-83.9157667573393
"17520",17519,"13_281_42",34.9406833158141,-83.9020214621791
"17521",17520,"13_111_101",34.8629803398694,-84.5695559941974
"17522",17521,"13_111_101",34.8633799604378,-84.5455165012705
"17523",17522,"13_111_101",34.8649779646824,-84.5658231800588
"17524",17523,"13_111_101",34.8607146998736,-84.5619282172198
"17525",17524,"13_111_101",34.8630292288756,-84.5670679924663
"17526",17525,"13_111_101",34.8687031602733,-84.5648539992466
"17527",17526,"13_111_101",34.8623799570856,-84.5609421782633
"17528",17527,"13_111_101",34.8625939513233,-84.561942509379
"17529",17528,"13_111_101",34.8545908142934,-84.576092195969
"17530",17529,"13_111_101",34.8551186922929,-84.5751297669391
"17531",17530,"13_55_58",34.5799405269774,-85.2285251965976
"17532",17531,"13_55_58",34.5674391320017,-85.2358756010549
"17533",17532,"13_55_58",34.5727301146399,-85.2417324211779
"17534",17533,"13_55_58",34.5684837059557,-85.2364236469502
"17535",17534,"13_55_58",34.5682436540478,-85.2263696479608
"17536",17535,"13_55_58",34.576463969133,-85.2316255676343
"17537",17536,"13_55_58",34.5676939954923,-85.2262179534182
"17538",17537,"13_55_58",34.5692443243735,-85.2245330614617
"17539",17538,"13_55_58",34.5736686805163,-85.2562818489046
"17540",17539,"13_55_58",34.5665711033878,-85.2356043575348
"17541",17540,"13_241_37",34.9419964778794,-83.4431787975255
"17542",17541,"13_241_37",34.9391147832583,-83.4451843262611
"17543",17542,"13_241_37",34.9468088226462,-83.4343796518551
"17544",17543,"13_241_37",34.9464804413695,-83.4329078407155
"17545",17544,"13_241_37",34.9456921199092,-83.4343027827871
"17546",17545,"13_241_37",34.9397099647552,-83.4336761418261
"17547",17546,"13_241_37",34.9576341094826,-83.4369005150772
"17548",17547,"13_241_37",34.9537325884728,-83.4298119056773
"17549",17548,"13_241_37",34.941962868482,-83.4474235627411
"17550",17549,"13_241_37",34.9459349650485,-83.4362790267044
"17551",17550,"13_111_103",34.8837733866151,-84.6200314110448
"17552",17551,"13_111_103",34.8903912309915,-84.6121287614161
"17553",17552,"13_111_103",34.8880141470581,-84.6124658781555
"17554",17553,"13_111_103",34.8919667222978,-84.6288684186533
"17555",17554,"13_111_103",34.889332668119,-84.6160573559943
"17556",17555,"13_111_103",34.8845472808799,-84.6185353139749
"17557",17556,"13_111_103",34.8861969677993,-84.6112963477679
"17558",17557,"13_111_103",34.88074141177,-84.6302205830368
"17559",17558,"13_111_103",34.8814807343128,-84.619662004131
"17560",17559,"13_111_103",34.8870947928864,-84.6214356484182
"17561",17560,"13_291_26",34.7760427787451,-84.0841130178269
"17562",17561,"13_291_26",34.7790756094568,-84.0804909885758
"17563",17562,"13_291_26",34.7825479227758,-84.0691763892204
"17564",17563,"13_291_26",34.7820845445494,-84.0792975658208
"17565",17564,"13_291_26",34.768903718416,-84.0793088388905
"17566",17565,"13_291_26",34.77994902729,-84.0826645706719
"17567",17566,"13_291_26",34.7723476572435,-84.0884455510341
"17568",17567,"13_291_26",34.7861607901726,-84.0881037981953
"17569",17568,"13_291_26",34.775003954017,-84.0834376670108
"17570",17569,"13_291_26",34.7810203554618,-84.082033025917
"17571",17570,"13_187_18",34.6329308153003,-84.0103816730044
"17572",17571,"13_187_18",34.6359339990171,-84.0113070793994
"17573",17572,"13_187_18",34.6336930131144,-84.0169232880362
"17574",17573,"13_187_18",34.6299908592808,-84.0111385551594
"17575",17574,"13_187_18",34.6421556637197,-84.0142242028153
"17576",17575,"13_187_18",34.6366892835529,-84.0219870861318
"17577",17576,"13_187_18",34.6336390371365,-84.0192903830698
"17578",17577,"13_187_18",34.61971370322,-84.0185749715314
"17579",17578,"13_187_18",34.6353471401998,-84.0164855263582
"17580",17579,"13_187_18",34.6373240301768,-84.0236312539636
"17581",17580,"13_187_11",34.5705001454646,-84.1612348572547
"17582",17581,"13_187_11",34.5818593881799,-84.1583680024373
"17583",17582,"13_187_11",34.57888406859,-84.1672439232404
"17584",17583,"13_187_11",34.5793059130067,-84.1510615274432
"17585",17584,"13_187_11",34.5743723898896,-84.150494369492
"17586",17585,"13_187_11",34.5675034239352,-84.1580543393709
"17587",17586,"13_187_11",34.5717760280585,-84.1635352895703
"17588",17587,"13_187_11",34.5803535503087,-84.1566367057311
"17589",17588,"13_187_11",34.5686570651466,-84.1626289783201
"17590",17589,"13_187_11",34.5709145043159,-84.1638385647942
"17591",17590,"13_213_9",34.9071936905604,-84.7003765934316
"17592",17591,"13_213_9",34.8912378597421,-84.7080538171378
"17593",17592,"13_213_9",34.9043411631718,-84.7240089814697
"17594",17593,"13_213_9",34.9022416591465,-84.7095561961647
"17595",17594,"13_213_9",34.9024973570784,-84.7065988260242
"17596",17595,"13_213_9",34.9109034159506,-84.7059867505559
"17597",17596,"13_213_9",34.9024009148239,-84.7068272632462
"17598",17597,"13_213_9",34.9034330139554,-84.7153036597839
"17599",17598,"13_213_9",34.9095194637514,-84.7195367487473
"17600",17599,"13_213_9",34.9093045173693,-84.6929290489074
"17601",17600,"13_187_49",34.6421572980055,-84.1239242563066
"17602",17601,"13_187_49",34.6529812608437,-84.1224914813694
"17603",17602,"13_187_49",34.6408977507596,-84.1278170149056
"17604",17603,"13_187_49",34.6374309627312,-84.1208187902363
"17605",17604,"13_187_49",34.6383350683718,-84.1256999128324
"17606",17605,"13_187_49",34.6432038328907,-84.1153748317657
"17607",17606,"13_187_49",34.641496662055,-84.1303085466213
"17608",17607,"13_187_49",34.6467982279902,-84.1143699674454
"17609",17608,"13_187_49",34.642642513003,-84.1333470124846
"17610",17609,"13_187_49",34.6311881150341,-84.11914976293
"17611",17610,"13_111_96",34.9670239656922,-84.5670657700472
"17612",17611,"13_111_96",34.9776249305761,-84.5589755090334
"17613",17612,"13_111_96",34.9743499321832,-84.5509391031771
"17614",17613,"13_111_96",34.9716401448453,-84.5489642304772
"17615",17614,"13_111_96",34.9813501171562,-84.5553426551623
"17616",17615,"13_111_96",34.9825641917023,-84.5704719278149
"17617",17616,"13_111_96",34.9932048970979,-84.562438592371
"17618",17617,"13_111_96",34.9751897260813,-84.5655574821839
"17619",17618,"13_111_96",34.9779137614959,-84.5435286910165
"17620",17619,"13_111_96",34.9739948158849,-84.5648771871589
"17621",17620,"13_111_98",34.8992816227182,-84.60478071423
"17622",17621,"13_111_98",34.9095198562101,-84.6073898414391
"17623",17622,"13_111_98",34.9041326897176,-84.5987421218883
"17624",17623,"13_111_98",34.8991389140874,-84.6035417550273
"17625",17624,"13_111_98",34.8971450988741,-84.5992642540539
"17626",17625,"13_111_98",34.8987625078124,-84.6034003355913
"17627",17626,"13_111_98",34.9040117167848,-84.5958366561647
"17628",17627,"13_111_98",34.9080886537674,-84.5892701565078
"17629",17628,"13_111_98",34.8982692639422,-84.6034926822335
"17630",17629,"13_111_98",34.8941715769511,-84.5941509435914
"17631",17630,"13_213_83",34.8180474753518,-84.6282096107796
"17632",17631,"13_213_83",34.8171015405551,-84.6285759198426
"17633",17632,"13_213_83",34.8208759121791,-84.6142992517831
"17634",17633,"13_213_83",34.8168889538282,-84.6261348772036
"17635",17634,"13_213_83",34.8230732578628,-84.6379616774402
"17636",17635,"13_213_83",34.8225759037401,-84.6425277071693
"17637",17636,"13_213_83",34.8207432812381,-84.6292403238271
"17638",17637,"13_213_83",34.8061075798737,-84.6178943368507
"17639",17638,"13_213_83",34.8200009308446,-84.6446413820824
"17640",17639,"13_213_83",34.8163521843649,-84.6330038449192
"17641",17640,"13_241_118",34.8380711962312,-83.4018582383692
"17642",17641,"13_241_118",34.8234515407939,-83.4037953288093
"17643",17642,"13_241_118",34.8306006070187,-83.4033374793376
"17644",17643,"13_241_118",34.8302455965926,-83.4052614296093
"17645",17644,"13_241_118",34.8260727955758,-83.3899094567793
"17646",17645,"13_241_118",34.8244390778172,-83.4002941528074
"17647",17646,"13_241_118",34.8435570817888,-83.4092741994964
"17648",17647,"13_241_118",34.844128081784,-83.4107499383822
"17649",17648,"13_241_118",34.8333990943025,-83.409648676726
"17650",17649,"13_241_118",34.8180994029287,-83.4095511810881
"17651",17650,"13_241_128",34.8034353226407,-83.4607083520604
"17652",17651,"13_241_128",34.8030769282346,-83.4573309727577
"17653",17652,"13_241_128",34.8069265897485,-83.4459604077309
"17654",17653,"13_241_128",34.8088245920072,-83.4680723446804
"17655",17654,"13_241_128",34.8025047800642,-83.4677134715299
"17656",17655,"13_241_128",34.8017949797707,-83.4612473142072
"17657",17656,"13_241_128",34.8044223912544,-83.4538967586564
"17658",17657,"13_241_128",34.8099980013543,-83.4566552908757
"17659",17658,"13_241_128",34.8047204925114,-83.4592223465783
"17660",17659,"13_241_128",34.8176314722229,-83.4670173841684
"17661",17660,"13_137_43",34.7283196495166,-83.4931926104745
"17662",17661,"13_137_43",34.7236890109975,-83.4905660002439
"17663",17662,"13_137_43",34.7346779347985,-83.4918812454442
"17664",17663,"13_137_43",34.7205793132301,-83.4885278494572
"17665",17664,"13_137_43",34.7193167648701,-83.4955137244838
"17666",17665,"13_137_43",34.707794056172,-83.4916243422737
"17667",17666,"13_137_43",34.7206905087801,-83.489092022468
"17668",17667,"13_137_43",34.7195620388263,-83.4833454162195
"17669",17668,"13_137_43",34.7301383863479,-83.4805943426659
"17670",17669,"13_137_43",34.7278813049903,-83.4982871703651
"17671",17670,"13_281_30",34.9130285371164,-83.6654811140414
"17672",17671,"13_281_30",34.9040209519204,-83.6761287335191
"17673",17672,"13_281_30",34.9116382648376,-83.6763730300414
"17674",17673,"13_281_30",34.9015751154445,-83.6699618469762
"17675",17674,"13_281_30",34.9028189271364,-83.6738755379017
"17676",17675,"13_281_30",34.8965208264308,-83.6867833364378
"17677",17676,"13_281_30",34.8982225565209,-83.6819299463733
"17678",17677,"13_281_30",34.9080837359624,-83.6673661896688
"17679",17678,"13_281_30",34.9061829714369,-83.6789443797804
"17680",17679,"13_281_30",34.902450593094,-83.6793322183504
"17681",17680,"13_311_39",34.7400550996324,-83.7477759898003
"17682",17681,"13_311_39",34.7547764056882,-83.7508594882151
"17683",17682,"13_311_39",34.7424694642658,-83.7457133911115
"17684",17683,"13_311_39",34.7363126362459,-83.7506501809882
"17685",17684,"13_311_39",34.7289967819746,-83.7356519662236
"17686",17685,"13_311_39",34.748314893547,-83.744530063852
"17687",17686,"13_311_39",34.7425783206343,-83.7333725026841
"17688",17687,"13_311_39",34.7506405164129,-83.7397157102549
"17689",17688,"13_311_39",34.7400852780273,-83.7472658738971
"17690",17689,"13_311_39",34.7405341988312,-83.7411880836996
"17691",17690,"13_311_42",34.7255438514085,-83.7770783358221
"17692",17691,"13_311_42",34.7233587920565,-83.7826155520747
"17693",17692,"13_311_42",34.7146614272989,-83.8012723871252
"17694",17693,"13_311_42",34.7322464460147,-83.7834635694289
"17695",17694,"13_311_42",34.7196302483625,-83.7879563652845
"17696",17695,"13_311_42",34.7140981245693,-83.7895731671969
"17697",17696,"13_311_42",34.7131232137259,-83.7839240577978
"17698",17697,"13_311_42",34.7307248790652,-83.7903635050512
"17699",17698,"13_311_42",34.7252766748545,-83.7826621138966
"17700",17699,"13_311_42",34.7176002609657,-83.7777706915747
"17701",17700,"13_311_47",34.6461102522183,-83.8318261712996
"17702",17701,"13_311_47",34.6466641612504,-83.8240651821887
"17703",17702,"13_311_47",34.653032645353,-83.8207246081496
"17704",17703,"13_311_47",34.6394405586181,-83.8135299018559
"17705",17704,"13_311_47",34.6458455956973,-83.8226298477612
"17706",17705,"13_311_47",34.6399582358818,-83.8277896336805
"17707",17706,"13_311_47",34.6354219448814,-83.8129632659432
"17708",17707,"13_311_47",34.6428483681629,-83.8291415061971
"17709",17708,"13_311_47",34.6430186832578,-83.8242763603494
"17710",17709,"13_311_47",34.6430995174158,-83.8230850830005
"17711",17710,"13_115_85",34.5628159373498,-85.0781599439081
"17712",17711,"13_115_85",34.5501996140976,-85.0847973815588
"17713",17712,"13_115_85",34.5567860319118,-85.0625137146405
"17714",17713,"13_115_85",34.5560037289099,-85.0762943824603
"17715",17714,"13_115_85",34.5518073943667,-85.0769076744042
"17716",17715,"13_115_85",34.5557216653723,-85.0702913945781
"17717",17716,"13_115_85",34.5503880856861,-85.0709825750608
"17718",17717,"13_115_85",34.5554992660069,-85.0765848533903
"17719",17718,"13_115_85",34.5547851395655,-85.0764181195662
"17720",17719,"13_115_85",34.5559280376455,-85.0762545941191
"17721",17720,"13_281_28",34.9855944027106,-83.6712588903753
"17722",17721,"13_281_28",34.9856484937849,-83.6855515837142
"17723",17722,"13_281_28",34.9839785207109,-83.673761325867
"17724",17723,"13_281_28",34.9888051838802,-83.6740065572311
"17725",17724,"13_281_28",34.9787529707198,-83.6803330047475
"17726",17725,"13_281_28",34.9948325567755,-83.68102004201
"17727",17726,"13_281_28",34.9756911133091,-83.6777831293368
"17728",17727,"13_281_28",34.9762167748625,-83.6845855321876
"17729",17728,"13_281_28",34.981642391643,-83.6572657769418
"17730",17729,"13_281_28",34.9815490841222,-83.669895620834
"17731",17730,"13_281_36",34.8289300207812,-83.7246223191994
"17732",17731,"13_281_36",34.8303751892066,-83.7320832884722
"17733",17732,"13_281_36",34.8193549085308,-83.7169288044922
"17734",17733,"13_281_36",34.8211803641442,-83.7168062113488
"17735",17734,"13_281_36",34.811594986884,-83.7178585771795
"17736",17735,"13_281_36",34.8211335000075,-83.733575660817
"17737",17736,"13_281_36",34.8217779216169,-83.7238151907452
"17738",17737,"13_281_36",34.8293321627745,-83.7308854356205
"17739",17738,"13_281_36",34.8192270587091,-83.7176325571041
"17740",17739,"13_281_36",34.815486793325,-83.7259194595082
"17741",17740,"13_111_97",34.9476959437077,-84.5983283195965
"17742",17741,"13_111_97",34.9468475441131,-84.6142898019049
"17743",17742,"13_111_97",34.9459780574659,-84.5844216958532
"17744",17743,"13_111_97",34.9473296597756,-84.5848211269368
"17745",17744,"13_111_97",34.9481311766028,-84.6121717876063
"17746",17745,"13_111_97",34.939562757632,-84.6026849419548
"17747",17746,"13_111_97",34.9450851017814,-84.5855759421255
"17748",17747,"13_111_97",34.9411116136247,-84.6086417469886
"17749",17748,"13_111_97",34.9501223956496,-84.5993694904744
"17750",17749,"13_111_97",34.9475592011488,-84.5981470871898
"17751",17750,"13_123_82",34.7353547762347,-84.353444485716
"17752",17751,"13_123_82",34.7243868533627,-84.353953749749
"17753",17752,"13_123_82",34.7383532280095,-84.3504276193843
"17754",17753,"13_123_82",34.7286763670936,-84.3564193176503
"17755",17754,"13_123_82",34.7334877725579,-84.3451546171697
"17756",17755,"13_123_82",34.7439836052774,-84.3551631629435
"17757",17756,"13_123_82",34.7382331889285,-84.3499586804594
"17758",17757,"13_123_82",34.7373732527444,-84.3362248710846
"17759",17758,"13_123_82",34.7368160193813,-84.3475824222506
"17760",17759,"13_123_82",34.7387126145636,-84.3531923748108
"17761",17760,"13_213_81",34.8814849682307,-84.6517499616059
"17762",17761,"13_213_81",34.8683226427058,-84.6613521884225
"17763",17762,"13_213_81",34.8785629143291,-84.65095254679
"17764",17763,"13_213_81",34.86741598479,-84.6300324492365
"17765",17764,"13_213_81",34.8720367375715,-84.6605822849472
"17766",17765,"13_213_81",34.8763996432738,-84.6601255524794
"17767",17766,"13_213_81",34.8612473035711,-84.6540302089594
"17768",17767,"13_213_81",34.861711046838,-84.6399597970862
"17769",17768,"13_213_81",34.8687830877706,-84.6617317117754
"17770",17769,"13_213_81",34.8760946154157,-84.6522895581885
"17771",17770,"13_55_35",34.5309998346548,-85.1678922191748
"17772",17771,"13_55_35",34.5355078951458,-85.1615124047145
"17773",17772,"13_55_35",34.5343452372597,-85.1693306592258
"17774",17773,"13_55_35",34.5317061835735,-85.1726678086989
"17775",17774,"13_55_35",34.5418902616768,-85.1718698044909
"17776",17775,"13_55_35",34.5139844332659,-85.1653920197863
"17777",17776,"13_55_35",34.52734340515,-85.1801422004217
"17778",17777,"13_55_35",34.5354902197227,-85.1522529190822
"17779",17778,"13_55_35",34.5273434833547,-85.1639845700874
"17780",17779,"13_55_35",34.5336484650415,-85.1656042987425
"17781",17780,"13_241_42",34.8950951430527,-83.5506645088555
"17782",17781,"13_241_42",34.9085557353115,-83.5538918588452
"17783",17782,"13_241_42",34.9046098547684,-83.5758624101386
"17784",17783,"13_241_42",34.8985344359204,-83.5616427085566
"17785",17784,"13_241_42",34.8908815394422,-83.5575342657963
"17786",17785,"13_241_42",34.8990473400642,-83.5636082046503
"17787",17786,"13_241_42",34.9042610546122,-83.563291892548
"17788",17787,"13_241_42",34.8967248980241,-83.5592257269493
"17789",17788,"13_241_42",34.9045999044907,-83.5791377980026
"17790",17789,"13_241_42",34.8994125489797,-83.5545801497366
"17791",17790,"13_291_105",34.9196911801305,-83.9524084403605
"17792",17791,"13_291_105",34.9220523187243,-83.9401188315485
"17793",17792,"13_291_105",34.916841563382,-83.9429821368076
"17794",17793,"13_291_105",34.9113831032029,-83.9598313174848
"17795",17794,"13_291_105",34.9257455227543,-83.9634300458474
"17796",17795,"13_291_105",34.9178077861777,-83.9649781349861
"17797",17796,"13_291_105",34.9224801002906,-83.9538242251061
"17798",17797,"13_291_105",34.9230095750044,-83.9403992175969
"17799",17798,"13_291_105",34.9187923573732,-83.9496921954423
"17800",17799,"13_291_105",34.9221155929098,-83.9603277176578
"17801",17800,"13_281_29",34.9507226592557,-83.7082190681059
"17802",17801,"13_281_29",34.9500909429942,-83.6893910158001
"17803",17802,"13_281_29",34.9316078921615,-83.6920632279306
"17804",17803,"13_281_29",34.9460076291149,-83.7081656226492
"17805",17804,"13_281_29",34.9447396734386,-83.6992136537068
"17806",17805,"13_281_29",34.9365663605954,-83.7111595561695
"17807",17806,"13_281_29",34.9473454176658,-83.6935667752716
"17808",17807,"13_281_29",34.9496758057877,-83.7074930651384
"17809",17808,"13_281_29",34.949664411943,-83.6896360532674
"17810",17809,"13_281_29",34.9341073825549,-83.6952109005971
"17811",17810,"13_129_65",34.5251805182226,-85.0431415656774
"17812",17811,"13_129_65",34.5176486723641,-85.0522993114246
"17813",17812,"13_129_65",34.5074786125372,-85.0631948543525
"17814",17813,"13_129_65",34.5259040774774,-85.0612102578682
"17815",17814,"13_129_65",34.512444558647,-85.0544958823391
"17816",17815,"13_129_65",34.5186101867467,-85.053718598167
"17817",17816,"13_129_65",34.5205817791958,-85.0539724528525
"17818",17817,"13_129_65",34.5308007381199,-85.0599504688911
"17819",17818,"13_129_65",34.5128787573806,-85.0543108186856
"17820",17819,"13_129_65",34.5102605293392,-85.0569097664412
"17821",17820,"13_295_115",34.7662952870243,-85.1443527831735
"17822",17821,"13_295_115",34.760467240173,-85.1488853256192
"17823",17822,"13_295_115",34.7624717755073,-85.1544523981494
"17824",17823,"13_295_115",34.7617299735849,-85.1495849867772
"17825",17824,"13_295_115",34.7739139401276,-85.1558274003869
"17826",17825,"13_295_115",34.753284556347,-85.145253832772
"17827",17826,"13_295_115",34.7580242557713,-85.1566252014003
"17828",17827,"13_295_115",34.7612059819661,-85.1541957858316
"17829",17828,"13_295_115",34.7474190176753,-85.1566614423574
"17830",17829,"13_295_115",34.7620720643729,-85.1487975648731
"17831",17830,"13_55_59",34.5319417495984,-85.230989402206
"17832",17831,"13_55_59",34.5257837468699,-85.2406535281427
"17833",17832,"13_55_59",34.5373774635985,-85.2307234352029
"17834",17833,"13_55_59",34.5378011315242,-85.232899588489
"17835",17834,"13_55_59",34.5348355224127,-85.2396559107831
"17836",17835,"13_55_59",34.5378751335798,-85.2515789791589
"17837",17836,"13_55_59",34.5354447113342,-85.2510728085077
"17838",17837,"13_55_59",34.5313569468749,-85.2341439792096
"17839",17838,"13_55_59",34.5266836493017,-85.2220721346606
"17840",17839,"13_55_59",34.533352309792,-85.237309579597
"17841",17840,"13_311_49",34.7470900957222,-83.699266394288
"17842",17841,"13_311_49",34.7531242529164,-83.6828789546435
"17843",17842,"13_311_49",34.7456233373044,-83.6947241902131
"17844",17843,"13_311_49",34.753011159055,-83.6883443039665
"17845",17844,"13_311_49",34.7479904276259,-83.6910279852097
"17846",17845,"13_311_49",34.7530482221863,-83.6864635460511
"17847",17846,"13_311_49",34.7582772916611,-83.6878467273736
"17848",17847,"13_311_49",34.7664756112843,-83.6846961852121
"17849",17848,"13_311_49",34.7500329299165,-83.6819597318629
"17850",17849,"13_311_49",34.7615769207468,-83.6818094371515
"17851",17850,"13_111_2",34.8534408784004,-84.3248619209489
"17852",17851,"13_111_2",34.866321333768,-84.3207981086576
"17853",17852,"13_111_2",34.8641005270695,-84.3378480347714
"17854",17853,"13_111_2",34.8715215569924,-84.3122216630972
"17855",17854,"13_111_2",34.8717825631225,-84.3300056678638
"17856",17855,"13_111_2",34.8722272170341,-84.3284151605331
"17857",17856,"13_111_2",34.8716449583715,-84.3106294588362
"17858",17857,"13_111_2",34.8697088385762,-84.3218790220623
"17859",17858,"13_111_2",34.8583315826978,-84.3283387690105
"17860",17859,"13_111_2",34.8588908118749,-84.326105751935
"17861",17860,"13_123_4",34.8276720890089,-84.5605588123791
"17862",17861,"13_123_4",34.843510077261,-84.5707823757512
"17863",17862,"13_123_4",34.8242212436351,-84.5659838208535
"17864",17863,"13_123_4",34.849714175014,-84.5717724750823
"17865",17864,"13_123_4",34.8299900375837,-84.5651599084941
"17866",17865,"13_123_4",34.8414504818115,-84.5664194316537
"17867",17866,"13_123_4",34.8326664175174,-84.5707030474775
"17868",17867,"13_123_4",34.8472041066397,-84.5662649655744
"17869",17868,"13_123_4",34.8389512116155,-84.5577297197835
"17870",17869,"13_123_4",34.8357203557244,-84.5625126970174
"17871",17870,"13_241_43",34.9633907497122,-83.2747515687539
"17872",17871,"13_241_43",34.9551845333394,-83.2891840073232
"17873",17872,"13_241_43",34.9549901319773,-83.2888239132422
"17874",17873,"13_241_43",34.9597467793531,-83.3018584196709
"17875",17874,"13_241_43",34.9637328707703,-83.2913088625525
"17876",17875,"13_241_43",34.9555209841746,-83.2887906887671
"17877",17876,"13_241_43",34.9607138125899,-83.2881875928658
"17878",17877,"13_241_43",34.9646634517099,-83.27982628818
"17879",17878,"13_241_43",34.9600094882746,-83.2971169482213
"17880",17879,"13_241_43",34.948499121503,-83.2886309496869
"17881",17880,"13_241_40",34.8698394019327,-83.304754614885
"17882",17881,"13_241_40",34.8680937171259,-83.3065497580466
"17883",17882,"13_241_40",34.8705311099565,-83.3083320479278
"17884",17883,"13_241_40",34.8686144468669,-83.3080467365081
"17885",17884,"13_241_40",34.8698319560865,-83.3059839404669
"17886",17885,"13_241_40",34.8694868375225,-83.3013837830247
"17887",17886,"13_241_40",34.883871640203,-83.3011174768848
"17888",17887,"13_241_40",34.8748465149277,-83.3108721425649
"17889",17888,"13_241_40",34.8783490789318,-83.3022659587843
"17890",17889,"13_241_40",34.8686091635355,-83.301870147978
"17891",17890,"13_241_33",34.7910901296999,-83.3513875593852
"17892",17891,"13_241_33",34.7962978248284,-83.3587030947296
"17893",17892,"13_241_33",34.7839986511961,-83.3681181414904
"17894",17893,"13_241_33",34.7973147407652,-83.368359797577
"17895",17894,"13_241_33",34.794766104327,-83.3436119795529
"17896",17895,"13_241_33",34.7934084541466,-83.3474156568084
"17897",17896,"13_241_33",34.7978801151005,-83.3601924493096
"17898",17897,"13_241_33",34.8031062009876,-83.3529590438261
"17899",17898,"13_241_33",34.7916025943563,-83.3547386786727
"17900",17899,"13_241_33",34.80329737015,-83.3707273253375
"17901",17900,"13_137_23",34.6409556133126,-83.4069322182582
"17902",17901,"13_137_23",34.649591607745,-83.4065724796361
"17903",17902,"13_137_23",34.6503382246148,-83.3947265040105
"17904",17903,"13_137_23",34.6488131636166,-83.3973014392401
"17905",17904,"13_137_23",34.6418583020758,-83.4071469867511
"17906",17905,"13_137_23",34.6468599718116,-83.4072996190407
"17907",17906,"13_137_23",34.6489504587555,-83.397072145385
"17908",17907,"13_137_23",34.6427785892948,-83.4139432122877
"17909",17908,"13_137_23",34.6412477957065,-83.4001198120933
"17910",17909,"13_137_23",34.6433738658929,-83.4038817917172
"17911",17910,"13_111_70",34.8094752402612,-84.1860994342844
"17912",17911,"13_111_70",34.8190663592639,-84.1909694357796
"17913",17912,"13_111_70",34.8089423015985,-84.1850607925203
"17914",17913,"13_111_70",34.8129169329119,-84.1832808858894
"17915",17914,"13_111_70",34.8074424090789,-84.19373592544
"17916",17915,"13_111_70",34.8127549442721,-84.1872278932695
"17917",17916,"13_111_70",34.8097365075884,-84.1864995314672
"17918",17917,"13_111_70",34.8139919796495,-84.1917125741616
"17919",17918,"13_111_70",34.8071186349058,-84.1757254279729
"17920",17919,"13_111_70",34.8133306554289,-84.1873158030685
"17921",17920,"13_123_76",34.6451557654217,-84.2486267203062
"17922",17921,"13_123_76",34.6278061387568,-84.2518929210272
"17923",17922,"13_123_76",34.63499363165,-84.2359331012
"17924",17923,"13_123_76",34.6357348947686,-84.2308825706829
"17925",17924,"13_123_76",34.6337865003547,-84.2465524530547
"17926",17925,"13_123_76",34.6264391564187,-84.2297305675799
"17927",17926,"13_123_76",34.6358920187508,-84.2425497649478
"17928",17927,"13_123_76",34.6350479731986,-84.2460360449994
"17929",17928,"13_123_76",34.6298284222123,-84.2440319556999
"17930",17929,"13_123_76",34.6360369484169,-84.2310695877236
"17931",17930,"13_123_86",34.8154418839095,-84.4905919737091
"17932",17931,"13_123_86",34.8117653845022,-84.5065396402942
"17933",17932,"13_123_86",34.8009797951791,-84.4926637498088
"17934",17933,"13_123_86",34.8084193591137,-84.4800154564127
"17935",17934,"13_123_86",34.8015650798722,-84.4879677389618
"17936",17935,"13_123_86",34.7998149130755,-84.4975256150647
"17937",17936,"13_123_86",34.8055511956474,-84.4975310156017
"17938",17937,"13_123_86",34.8021317007534,-84.5008922014036
"17939",17938,"13_123_86",34.803056613525,-84.497720951295
"17940",17939,"13_123_86",34.8104670162939,-84.4796245944101
"17941",17940,"13_241_93",34.9457505318133,-83.1985850761625
"17942",17941,"13_241_93",34.9585994727269,-83.2049595466127
"17943",17942,"13_241_93",34.9550493682713,-83.1944069937382
"17944",17943,"13_241_93",34.9562876244638,-83.1943932376784
"17945",17944,"13_241_93",34.9651254814738,-83.1963184513516
"17946",17945,"13_241_93",34.9569131281456,-83.211275413341
"17947",17946,"13_241_93",34.9458698738326,-83.2086421322627
"17948",17947,"13_241_93",34.9543160795276,-83.2154093637381
"17949",17948,"13_241_93",34.9507847701579,-83.1918441091194
"17950",17949,"13_241_93",34.9574167664609,-83.2056036373959
"17951",17950,"13_241_105",34.8378545056305,-83.2790582964338
"17952",17951,"13_241_105",34.8340181060015,-83.2679630797578
"17953",17952,"13_241_105",34.8404613396034,-83.2628596056086
"17954",17953,"13_241_105",34.8375121702015,-83.2750834332765
"17955",17954,"13_241_105",34.837022976194,-83.2678059639685
"17956",17955,"13_241_105",34.8306181904383,-83.2767457886754
"17957",17956,"13_241_105",34.8320233839652,-83.2743542313629
"17958",17957,"13_241_105",34.8450805966884,-83.264562697811
"17959",17958,"13_241_105",34.842681043203,-83.2762047120673
"17960",17959,"13_241_105",34.8387011586478,-83.2667711644036
"17961",17960,"13_295_28",34.6903603889059,-85.1718513968472
"17962",17961,"13_295_28",34.6871784241635,-85.1786713608293
"17963",17962,"13_295_28",34.6790073695958,-85.1732489955898
"17964",17963,"13_295_28",34.6832818382502,-85.1792374327472
"17965",17964,"13_295_28",34.6804498529988,-85.1867753396408
"17966",17965,"13_295_28",34.6764603894287,-85.1897191645657
"17967",17966,"13_295_28",34.6781385541346,-85.1679577085721
"17968",17967,"13_295_28",34.6875841829588,-85.1861753841045
"17969",17968,"13_295_28",34.6805201577309,-85.1746075050182
"17970",17969,"13_295_28",34.6928000839465,-85.1893810989545
"17971",17970,"13_313_12",34.6311435269632,-85.0379760115396
"17972",17971,"13_313_12",34.6267540161853,-85.044573814694
"17973",17972,"13_313_12",34.6314745327116,-85.0356049862403
"17974",17973,"13_313_12",34.6312566990364,-85.0348735109088
"17975",17974,"13_313_12",34.6354282569389,-85.0405657538042
"17976",17975,"13_313_12",34.6257860286735,-85.0442173572498
"17977",17976,"13_313_12",34.6277259643511,-85.054680491057
"17978",17977,"13_313_12",34.6276804834803,-85.0553288889157
"17979",17978,"13_313_12",34.6264186765198,-85.0526949106822
"17980",17979,"13_313_12",34.6228627773157,-85.0549154358423
"17981",17980,"13_55_19",34.5730020630368,-85.1146515747391
"17982",17981,"13_55_19",34.5720278902575,-85.1140195046828
"17983",17982,"13_55_19",34.5754944263063,-85.1236560225079
"17984",17983,"13_55_19",34.5715083596553,-85.108624818578
"17985",17984,"13_55_19",34.5831717083197,-85.1164481286599
"17986",17985,"13_55_19",34.5765490635544,-85.1244465811467
"17987",17986,"13_55_19",34.568036141776,-85.120486813393
"17988",17987,"13_55_19",34.5786393630582,-85.1193899657184
"17989",17988,"13_55_19",34.5767477087231,-85.1186021829848
"17990",17989,"13_55_19",34.5621209831466,-85.1250279438783
"17991",17990,"13_187_55",34.5693395716653,-84.127318226557
"17992",17991,"13_187_55",34.5732340696481,-84.1117906267211
"17993",17992,"13_187_55",34.5672965732971,-84.11337368402
"17994",17993,"13_187_55",34.5664428074647,-84.1252489985005
"17995",17994,"13_187_55",34.5545473498801,-84.1199979858217
"17996",17995,"13_187_55",34.5803822337635,-84.1219813973601
"17997",17996,"13_187_55",34.5613147748581,-84.1408865397084
"17998",17997,"13_187_55",34.565428411539,-84.1258367930881
"17999",17998,"13_187_55",34.5670259738333,-84.1276470994786
"18000",17999,"13_187_55",34.5533706586051,-84.1319474161205
"18001",18000,"13_111_95",34.9592125989559,-84.5796547209117
"18002",18001,"13_111_95",34.9591788985403,-84.5919162260594
"18003",18002,"13_111_95",34.9632561208738,-84.5706832423538
"18004",18003,"13_111_95",34.9538404593533,-84.594065360588
"18005",18004,"13_111_95",34.9416012252492,-84.5762665873253
"18006",18005,"13_111_95",34.9569313615157,-84.5874061428178
"18007",18006,"13_111_95",34.9477113472142,-84.5826888775268
"18008",18007,"13_111_95",34.9473221899377,-84.5855213389887
"18009",18008,"13_111_95",34.9632021477462,-84.5731304043041
"18010",18009,"13_111_95",34.9495185348329,-84.5737060552187
"18011",18010,"13_111_100",34.9050810684809,-84.553672468317
"18012",18011,"13_111_100",34.9115259707399,-84.5648270720868
"18013",18012,"13_111_100",34.8963769999678,-84.5528315227776
"18014",18013,"13_111_100",34.8998288144155,-84.5656982326546
"18015",18014,"13_111_100",34.9041747537435,-84.5591511763617
"18016",18015,"13_111_100",34.9014909848377,-84.5749550091524
"18017",18016,"13_111_100",34.9047970356271,-84.5637395577241
"18018",18017,"13_111_100",34.9064561360962,-84.5614188887885
"18019",18018,"13_111_100",34.9102657020777,-84.5493836460164
"18020",18019,"13_111_100",34.9063498003605,-84.5615438281775
"18021",18020,"13_241_109",34.8002062764308,-83.4047422040443
"18022",18021,"13_241_109",34.8035295091593,-83.4237217256312
"18023",18022,"13_241_109",34.8106151836192,-83.4182403908809
"18024",18023,"13_241_109",34.8089132306276,-83.4119674217582
"18025",18024,"13_241_109",34.8108120843036,-83.4120608126326
"18026",18025,"13_241_109",34.8034813147201,-83.4136926179628
"18027",18026,"13_241_109",34.8120809100772,-83.4108126481929
"18028",18027,"13_241_109",34.8099833173896,-83.4148732531146
"18029",18028,"13_241_109",34.8076201167349,-83.4327264265291
"18030",18029,"13_241_109",34.814358247672,-83.4185482613556
"18031",18030,"13_281_32",34.909602238937,-83.6494282693044
"18032",18031,"13_281_32",34.9044195768708,-83.6469666987397
"18033",18032,"13_281_32",34.9156152620503,-83.656266112318
"18034",18033,"13_281_32",34.9042602668474,-83.6535090493231
"18035",18034,"13_281_32",34.9162109837341,-83.6402250037908
"18036",18035,"13_281_32",34.9211783028323,-83.6503171061435
"18037",18036,"13_281_32",34.900912921667,-83.6386040305067
"18038",18037,"13_281_32",34.9109254019987,-83.6491760273285
"18039",18038,"13_281_32",34.9100836876482,-83.6483728216521
"18040",18039,"13_281_32",34.8976204154398,-83.6417445021563
"18041",18040,"13_123_80",34.8014985121693,-84.3346443444665
"18042",18041,"13_123_80",34.8108952901687,-84.3399544078869
"18043",18042,"13_123_80",34.8174919296554,-84.3238350727372
"18044",18043,"13_123_80",34.7945958867259,-84.3287056390365
"18045",18044,"13_123_80",34.8058579777217,-84.3271010188458
"18046",18045,"13_123_80",34.793291599692,-84.3323365467562
"18047",18046,"13_123_80",34.8029335910454,-84.3379324753609
"18048",18047,"13_123_80",34.8069425154747,-84.3376190551979
"18049",18048,"13_123_80",34.798762699473,-84.3313343437256
"18050",18049,"13_123_80",34.8019050631832,-84.3390906699205
"18051",18050,"13_123_92",34.772631079564,-84.6417812553919
"18052",18051,"13_123_92",34.7649510639701,-84.6357856836336
"18053",18052,"13_123_92",34.7733599146083,-84.6369503043708
"18054",18053,"13_123_92",34.7700891828792,-84.6326378359758
"18055",18054,"13_123_92",34.760969187723,-84.6165099117247
"18056",18055,"13_123_92",34.7590210677067,-84.6313090826721
"18057",18056,"13_123_92",34.7688093237043,-84.6307309438073
"18058",18057,"13_123_92",34.7742366167252,-84.6387558055374
"18059",18058,"13_123_92",34.7688103855452,-84.6284719635921
"18060",18059,"13_123_92",34.7630402708122,-84.6358630079627
"18061",18060,"13_291_110",34.6866224131957,-84.046524040937
"18062",18061,"13_291_110",34.692268905104,-84.048928146135
"18063",18062,"13_291_110",34.6837617360282,-84.0392196176723
"18064",18063,"13_291_110",34.6817492913491,-84.0535433831902
"18065",18064,"13_291_110",34.6882844617902,-84.0429554120128
"18066",18065,"13_291_110",34.694064674241,-84.0365255172202
"18067",18066,"13_291_110",34.6845765403635,-84.0339791390208
"18068",18067,"13_291_110",34.6781245009045,-84.0531133943714
"18069",18068,"13_291_110",34.695438271394,-84.0434441973566
"18070",18069,"13_291_110",34.6763841723709,-84.0343723478562
"18071",18070,"13_291_117",34.7502844244849,-84.0364251166641
"18072",18071,"13_291_117",34.7470124626512,-84.0333252237648
"18073",18072,"13_291_117",34.7415518564459,-84.0321812877953
"18074",18073,"13_291_117",34.7517880383943,-84.0323196981625
"18075",18074,"13_291_117",34.7519523375826,-84.0478621180558
"18076",18075,"13_291_117",34.7498056271936,-84.0191218917299
"18077",18076,"13_291_117",34.7516179147194,-84.0308092654657
"18078",18077,"13_291_117",34.7459512202713,-84.0307539028586
"18079",18078,"13_291_117",34.7534601826699,-84.039986982617
"18080",18079,"13_291_117",34.7491241511191,-84.0352482753174
"18081",18080,"13_291_119",34.7979019367918,-84.0197275788996
"18082",18081,"13_291_119",34.7952020516516,-84.0261778770793
"18083",18082,"13_291_119",34.7921260472197,-84.0428978159902
"18084",18083,"13_291_119",34.8008465207903,-84.0238716730916
"18085",18084,"13_291_119",34.7821817416827,-84.0305052465948
"18086",18085,"13_291_119",34.7961424118346,-84.0223251158462
"18087",18086,"13_291_119",34.7900454902853,-84.0160474452091
"18088",18087,"13_291_119",34.7932049874412,-84.0287167863775
"18089",18088,"13_291_119",34.802821479999,-84.0232895631097
"18090",18089,"13_291_119",34.8036133718694,-84.0268349180002
"18091",18090,"13_123_81",34.7630155348116,-84.3119831068364
"18092",18091,"13_123_81",34.7550647463574,-84.3123540208749
"18093",18092,"13_123_81",34.7583183671544,-84.3337027969384
"18094",18093,"13_123_81",34.7471554974321,-84.3226040429709
"18095",18094,"13_123_81",34.7654925326051,-84.3196360195626
"18096",18095,"13_123_81",34.7552942063842,-84.3172989234152
"18097",18096,"13_123_81",34.7636099304128,-84.3183948123872
"18098",18097,"13_123_81",34.7551816544578,-84.3224981390459
"18099",18098,"13_123_81",34.7587670614776,-84.3251350880956
"18100",18099,"13_123_81",34.7586913269531,-84.3260318482462
"18101",18100,"13_123_89",34.7168877821139,-84.3677650252546
"18102",18101,"13_123_89",34.7237612141139,-84.377180310293
"18103",18102,"13_123_89",34.7110625191995,-84.3773296890635
"18104",18103,"13_123_89",34.7350687665022,-84.3797064873958
"18105",18104,"13_123_89",34.7223637884639,-84.3761890424336
"18106",18105,"13_123_89",34.7246279992093,-84.3685948456977
"18107",18106,"13_123_89",34.7211119320871,-84.3645786309752
"18108",18107,"13_123_89",34.7274785287725,-84.3749723192352
"18109",18108,"13_123_89",34.7190269824137,-84.3698865008252
"18110",18109,"13_123_89",34.7190257517452,-84.3843078868549
"18111",18110,"13_281_27",34.9619303750002,-83.6563517853151
"18112",18111,"13_281_27",34.9477187316963,-83.6668429032742
"18113",18112,"13_281_27",34.9723699407724,-83.6613690654098
"18114",18113,"13_281_27",34.9545533313347,-83.6621114797525
"18115",18114,"13_281_27",34.9613520057006,-83.6679715032138
"18116",18115,"13_281_27",34.9599457646402,-83.6638015742959
"18117",18116,"13_281_27",34.9602276737463,-83.6613832581651
"18118",18117,"13_281_27",34.9611513510917,-83.6604153912078
"18119",18118,"13_281_27",34.9490963254052,-83.6479407493261
"18120",18119,"13_281_27",34.9617312001479,-83.6623229829314
"18121",18120,"13_213_80",34.7904239236058,-84.6463165145569
"18122",18121,"13_213_80",34.798639529251,-84.6368815431336
"18123",18122,"13_213_80",34.7891730508009,-84.6532828910919
"18124",18123,"13_213_80",34.7989254927603,-84.6451088801986
"18125",18124,"13_213_80",34.7820127122334,-84.6415497430142
"18126",18125,"13_213_80",34.7956916565459,-84.6400888953655
"18127",18126,"13_213_80",34.8020969863631,-84.6444450071121
"18128",18127,"13_213_80",34.7866915647068,-84.6400472707954
"18129",18128,"13_213_80",34.8080023171101,-84.6400070789905
"18130",18129,"13_213_80",34.7949593439349,-84.643097152602
"18131",18130,"13_281_35",34.8366064511468,-83.6845743759619
"18132",18131,"13_281_35",34.8304400594138,-83.6698123479487
"18133",18132,"13_281_35",34.8267781854187,-83.692310141542
"18134",18133,"13_281_35",34.8370220168576,-83.6825974230554
"18135",18134,"13_281_35",34.8368491443878,-83.6860903199386
"18136",18135,"13_281_35",34.8403174216941,-83.6794092149209
"18137",18136,"13_281_35",34.8386131974472,-83.6755078014662
"18138",18137,"13_281_35",34.8375919480219,-83.676878458458
"18139",18138,"13_281_35",34.8350884567762,-83.6758512532172
"18140",18139,"13_281_35",34.8358231308264,-83.6784451519285
"18141",18140,"13_187_48",34.660168361821,-84.1036084700502
"18142",18141,"13_187_48",34.6640493839612,-84.1011466666293
"18143",18142,"13_187_48",34.6532494072263,-84.1033321498625
"18144",18143,"13_187_48",34.6473265685666,-84.0962613749005
"18145",18144,"13_187_48",34.652885517063,-84.1028941605942
"18146",18145,"13_187_48",34.6521640158451,-84.1028273204764
"18147",18146,"13_187_48",34.6474579297747,-84.0975474462565
"18148",18147,"13_187_48",34.6514896263738,-84.1029927885972
"18149",18148,"13_187_48",34.6538386559383,-84.1199826638972
"18150",18149,"13_187_48",34.6563543980707,-84.1018267718061
"18151",18150,"13_111_32",34.765237573008,-84.1695392904784
"18152",18151,"13_111_32",34.7737563887291,-84.1496652063758
"18153",18152,"13_111_32",34.7776048965383,-84.1642859971651
"18154",18153,"13_111_32",34.7682232620801,-84.1567946893381
"18155",18154,"13_111_32",34.7648680857134,-84.1507246679837
"18156",18155,"13_111_32",34.7674739165669,-84.1721356568914
"18157",18156,"13_111_32",34.7779830103502,-84.1579610711491
"18158",18157,"13_111_32",34.780329773874,-84.1566296992733
"18159",18158,"13_111_32",34.769656250011,-84.1586545252154
"18160",18159,"13_111_32",34.7710303186172,-84.156683843278
"18161",18160,"13_313_40",34.6331312654493,-85.0378413379583
"18162",18161,"13_313_40",34.6336542907189,-85.0359409539989
"18163",18162,"13_313_40",34.6374719565062,-85.0443643592257
"18164",18163,"13_313_40",34.6286515524455,-85.0263901011493
"18165",18164,"13_313_40",34.6367475910187,-85.0378630540209
"18166",18165,"13_313_40",34.6380768504536,-85.0383563653837
"18167",18166,"13_313_40",34.6324141838629,-85.0514957666205
"18168",18167,"13_313_40",34.625485041728,-85.0385503540416
"18169",18168,"13_313_40",34.6460464194919,-85.0430714662844
"18170",18169,"13_313_40",34.6245925847427,-85.0406410755202
"18171",18170,"13_295_114",34.6807703828733,-85.053130161669
"18172",18171,"13_295_114",34.6717216101596,-85.0545646753895
"18173",18172,"13_295_114",34.6718615341915,-85.0550719041804
"18174",18173,"13_295_114",34.6797002195708,-85.0579309661487
"18175",18174,"13_295_114",34.6802720626817,-85.0580879328343
"18176",18175,"13_295_114",34.6805552484074,-85.0575854842642
"18177",18176,"13_295_114",34.6710311584041,-85.05975453001
"18178",18177,"13_295_114",34.668299577943,-85.0515309933021
"18179",18178,"13_295_114",34.6852678596694,-85.0649316141497
"18180",18179,"13_295_114",34.6789421723976,-85.0568378242314
"18181",18180,"13_281_40",34.8823935540999,-83.7795351300381
"18182",18181,"13_281_40",34.9003688844513,-83.7891996103038
"18183",18182,"13_281_40",34.8954898435956,-83.7856098546184
"18184",18183,"13_281_40",34.892590001603,-83.7877722700315
"18185",18184,"13_281_40",34.8993857282833,-83.7958992039836
"18186",18185,"13_281_40",34.8986719013117,-83.7858735255385
"18187",18186,"13_281_40",34.8836647214191,-83.7794307635807
"18188",18187,"13_281_40",34.8985717746502,-83.7855528381903
"18189",18188,"13_281_40",34.8867968397853,-83.7892320593429
"18190",18189,"13_281_40",34.899743233403,-83.8022732438721
"18191",18190,"13_291_101",34.8173761854479,-83.8109766357865
"18192",18191,"13_291_101",34.7984012041273,-83.8217475609892
"18193",18192,"13_291_101",34.8020145400605,-83.8277847371762
"18194",18193,"13_291_101",34.8141094322061,-83.8135216991449
"18195",18194,"13_291_101",34.8089597246945,-83.8135299186501
"18196",18195,"13_291_101",34.8057146587561,-83.8106590023159
"18197",18196,"13_291_101",34.8076810152528,-83.8121513788466
"18198",18197,"13_291_101",34.8053249232155,-83.8168989521533
"18199",18198,"13_291_101",34.8102609215228,-83.813513533512
"18200",18199,"13_291_101",34.810644592417,-83.8288368717388
"18201",18200,"13_311_41",34.7572038683061,-83.8035450562058
"18202",18201,"13_311_41",34.7573834530337,-83.7949119853699
"18203",18202,"13_311_41",34.7559329637079,-83.8074899451529
"18204",18203,"13_311_41",34.7460442871515,-83.798949930959
"18205",18204,"13_311_41",34.7503362499021,-83.7974907525205
"18206",18205,"13_311_41",34.7544275507896,-83.8106232585963
"18207",18206,"13_311_41",34.762386439271,-83.808661985818
"18208",18207,"13_311_41",34.7517653044876,-83.8016777880109
"18209",18208,"13_311_41",34.7580479176691,-83.8209677769376
"18210",18209,"13_311_41",34.7670115607415,-83.8032441976479
"18211",18210,"13_311_45",34.7026602613811,-83.8103401834362
"18212",18211,"13_311_45",34.7055382207105,-83.8202520458595
"18213",18212,"13_311_45",34.7093828326698,-83.822951630229
"18214",18213,"13_311_45",34.6926660138511,-83.8341871785992
"18215",18214,"13_311_45",34.7064244596941,-83.8255324740992
"18216",18215,"13_311_45",34.7029504461197,-83.8246460567762
"18217",18216,"13_311_45",34.701181300364,-83.835779805939
"18218",18217,"13_311_45",34.6980361623362,-83.8440944121204
"18219",18218,"13_311_45",34.702263024949,-83.8333229133656
"18220",18219,"13_311_45",34.7056187406227,-83.8347519369621
"18221",18220,"13_115_88",34.4214899829991,-85.1855388476699
"18222",18221,"13_115_88",34.4177420944293,-85.1735184502063
"18223",18222,"13_115_88",34.4164656468115,-85.1791708843195
"18224",18223,"13_115_88",34.4108188498779,-85.1798819237766
"18225",18224,"13_115_88",34.4187273540579,-85.1932059468641
"18226",18225,"13_115_88",34.4130783607914,-85.1757412642759
"18227",18226,"13_115_88",34.4145548834294,-85.1813222583263
"18228",18227,"13_115_88",34.4126004690441,-85.185159103393
"18229",18228,"13_115_88",34.4020176973312,-85.18665132315
"18230",18229,"13_115_88",34.4221151132888,-85.191128941537
"18231",18230,"13_187_46",34.658518212819,-84.0291864995086
"18232",18231,"13_187_46",34.6725433403819,-84.0228803678444
"18233",18232,"13_187_46",34.6558685662655,-84.0118266508018
"18234",18233,"13_187_46",34.661029406746,-84.0146128472356
"18235",18234,"13_187_46",34.6594890080924,-84.0249528439781
"18236",18235,"13_187_46",34.6635775132855,-84.0158257444001
"18237",18236,"13_187_46",34.6638376053567,-84.0241877817253
"18238",18237,"13_187_46",34.6620901110377,-84.0120505531265
"18239",18238,"13_187_46",34.6726826384778,-84.026755197179
"18240",18239,"13_187_46",34.6638887844597,-84.0187681301941
"18241",18240,"13_291_111",34.9320060108199,-83.9516990036201
"18242",18241,"13_291_111",34.9222577347894,-83.9441829372822
"18243",18242,"13_291_111",34.9314762940959,-83.9511233136787
"18244",18243,"13_291_111",34.9357992542036,-83.9490717319481
"18245",18244,"13_291_111",34.9322888732057,-83.9458109297545
"18246",18245,"13_291_111",34.9315080200073,-83.9445874754662
"18247",18246,"13_291_111",34.929763869968,-83.9516856588344
"18248",18247,"13_291_111",34.933046325464,-83.9565582839926
"18249",18248,"13_291_111",34.9448536315809,-83.9454283211772
"18250",18249,"13_291_111",34.9364829700141,-83.9584563962749
"18251",18250,"13_291_112",34.8036370259058,-83.9765751148179
"18252",18251,"13_291_112",34.8056108271,-83.9869796575312
"18253",18252,"13_291_112",34.8057431481058,-83.9727481997582
"18254",18253,"13_291_112",34.8125709366588,-83.9782707892066
"18255",18254,"13_291_112",34.8136762946958,-83.9792303031976
"18256",18255,"13_291_112",34.8132887229081,-83.9687791087244
"18257",18256,"13_291_112",34.8088250037031,-83.976711046474
"18258",18257,"13_291_112",34.8056724028452,-83.9653500750394
"18259",18258,"13_291_112",34.8123483375999,-83.9605248450329
"18260",18259,"13_291_112",34.8207836621328,-83.9737538008759
"18261",18260,"13_291_116",34.7411853652162,-84.0032942113673
"18262",18261,"13_291_116",34.7382303352533,-83.9902893362358
"18263",18262,"13_291_116",34.7564458809058,-83.9951191716036
"18264",18263,"13_291_116",34.7555817059158,-83.9933956769026
"18265",18264,"13_291_116",34.7497824538969,-83.9894445785545
"18266",18265,"13_291_116",34.745948431715,-83.9943940821269
"18267",18266,"13_291_116",34.7456681157967,-83.9827985572952
"18268",18267,"13_291_116",34.7458107494892,-84.0008907617012
"18269",18268,"13_291_116",34.7464121792537,-83.9852464918212
"18270",18269,"13_291_116",34.7402891887114,-84.0008780851079
"18271",18270,"13_291_118",34.787443552762,-84.0049961896889
"18272",18271,"13_291_118",34.7896127039568,-83.9911007826768
"18273",18272,"13_291_118",34.7817920871472,-84.0067579298366
"18274",18273,"13_291_118",34.7817362072077,-83.992637705247
"18275",18274,"13_291_118",34.7820828190527,-84.0106825402167
"18276",18275,"13_291_118",34.7839718215594,-84.003935862737
"18277",18276,"13_291_118",34.7903265225679,-83.9940005019172
"18278",18277,"13_291_118",34.7780895123822,-83.9964162916608
"18279",18278,"13_291_118",34.7861805593322,-84.0027925906604
"18280",18279,"13_291_118",34.7872573048669,-84.0192676208722
"18281",18280,"13_187_52",34.5891121600508,-84.0612235220792
"18282",18281,"13_187_52",34.5947850881717,-84.0558488063326
"18283",18282,"13_187_52",34.5923600318635,-84.0511640767097
"18284",18283,"13_187_52",34.5859503726973,-84.0610277997015
"18285",18284,"13_187_52",34.581779496594,-84.0629023634538
"18286",18285,"13_187_52",34.5933007113068,-84.0725784877716
"18287",18286,"13_187_52",34.5872458851323,-84.0464739495786
"18288",18287,"13_187_52",34.5800989093228,-84.0752406618104
"18289",18288,"13_187_52",34.585289865308,-84.0720607303521
"18290",18289,"13_187_52",34.5857197921861,-84.0616712395408
"18291",18290,"13_241_117",34.8132170059964,-83.3537767640529
"18292",18291,"13_241_117",34.8064742476536,-83.354059048426
"18293",18292,"13_241_117",34.8227981585573,-83.3518849569149
"18294",18293,"13_241_117",34.8074060044859,-83.3630583419788
"18295",18294,"13_241_117",34.8104045612829,-83.3553713898237
"18296",18295,"13_241_117",34.8205460816041,-83.3470305178479
"18297",18296,"13_241_117",34.8239112589307,-83.3630777989399
"18298",18297,"13_241_117",34.8113418648277,-83.3551641675438
"18299",18298,"13_241_117",34.8221481388915,-83.3472113083573
"18300",18299,"13_241_117",34.8117305863547,-83.354063971026
"18301",18300,"13_213_78",34.9841648361797,-84.667326112681
"18302",18301,"13_213_78",34.9851913310566,-84.6862551209694
"18303",18302,"13_213_78",34.981011380536,-84.6761166214813
"18304",18303,"13_213_78",34.9849122086512,-84.6761716254438
"18305",18304,"13_213_78",34.9764332319774,-84.6781694649883
"18306",18305,"13_213_78",34.978218169693,-84.6913204618142
"18307",18306,"13_213_78",34.9847576126858,-84.6787154156554
"18308",18307,"13_213_78",34.9872421788227,-84.6790903400767
"18309",18308,"13_213_78",34.9849584368387,-84.6726614452951
"18310",18309,"13_213_78",34.9834178851631,-84.6845490702376
"18311",18310,"13_241_90",34.9804224852017,-83.1554610852129
"18312",18311,"13_241_90",34.9724984760396,-83.151715673863
"18313",18312,"13_241_90",34.9860059618159,-83.1554738402237
"18314",18313,"13_241_90",34.98588804271,-83.1499785987899
"18315",18314,"13_241_90",34.9794853059477,-83.1514300579457
"18316",18315,"13_241_90",34.971600520242,-83.1521072310064
"18317",18316,"13_241_90",34.9834972401676,-83.1595973426778
"18318",18317,"13_241_90",34.9827707882179,-83.1475198963904
"18319",18318,"13_241_90",34.9762939731151,-83.1473403531723
"18320",18319,"13_241_90",34.9858681338031,-83.1534207101553
"18321",18320,"13_241_91",34.9400297369426,-83.1611401698924
"18322",18321,"13_241_91",34.935143031648,-83.1475059394145
"18323",18322,"13_241_91",34.9295982429996,-83.1493006591118
"18324",18323,"13_241_91",34.9398093332507,-83.1435312036285
"18325",18324,"13_241_91",34.9287689407613,-83.1429459906125
"18326",18325,"13_241_91",34.9394867009373,-83.1400994355802
"18327",18326,"13_241_91",34.9319622733657,-83.1364516542992
"18328",18327,"13_241_91",34.9299119504562,-83.1533002202824
"18329",18328,"13_241_91",34.9468071395079,-83.1447830190357
"18330",18329,"13_241_91",34.9436906078895,-83.1323799030839
"18331",18330,"13_241_102",34.9038529674958,-83.1946489799714
"18332",18331,"13_241_102",34.917011163031,-83.2038825506692
"18333",18332,"13_241_102",34.8968793787764,-83.195191457753
"18334",18333,"13_241_102",34.9114518344175,-83.203779723387
"18335",18334,"13_241_102",34.9034690833757,-83.1977242700145
"18336",18335,"13_241_102",34.9070365711555,-83.1868470675981
"18337",18336,"13_241_102",34.9057041046877,-83.1999714906702
"18338",18337,"13_241_102",34.9165130559836,-83.1961458572631
"18339",18338,"13_241_102",34.9013338869224,-83.192823801945
"18340",18339,"13_241_102",34.9188621689645,-83.2075292924885
"18341",18340,"13_241_119",34.9526164010779,-83.475251248998
"18342",18341,"13_241_119",34.9467721500676,-83.465295448377
"18343",18342,"13_241_119",34.9484023825889,-83.4668492539965
"18344",18343,"13_241_119",34.9493117912515,-83.4509446896159
"18345",18344,"13_241_119",34.9487723065877,-83.4795809027924
"18346",18345,"13_241_119",34.9411825102923,-83.464791800924
"18347",18346,"13_241_119",34.9579636068019,-83.4724938105703
"18348",18347,"13_241_119",34.9555755812526,-83.4633968006849
"18349",18348,"13_241_119",34.938082982192,-83.4695209681544
"18350",18349,"13_241_119",34.9443448718745,-83.4606672921559
"18351",18350,"13_115_86",34.4551612408947,-85.1647851935855
"18352",18351,"13_115_86",34.4517453170282,-85.1568570501951
"18353",18352,"13_115_86",34.4496544734659,-85.1679586176724
"18354",18353,"13_115_86",34.4633409230415,-85.1521863050438
"18355",18354,"13_115_86",34.4603573734875,-85.1604283407571
"18356",18355,"13_115_86",34.4611884555542,-85.1597095552053
"18357",18356,"13_115_86",34.4717454819713,-85.1546490993123
"18358",18357,"13_115_86",34.4691843052963,-85.1552798827283
"18359",18358,"13_115_86",34.4558587912221,-85.1551184755487
"18360",18359,"13_115_86",34.4550916327266,-85.1609993787598
"18361",18360,"13_295_118",34.6172100786509,-85.1051906879029
"18362",18361,"13_295_118",34.6175371956397,-85.0962064687225
"18363",18362,"13_295_118",34.6269749391379,-85.119489775965
"18364",18363,"13_295_118",34.6207801667464,-85.1128582625688
"18365",18364,"13_295_118",34.6317380543282,-85.1085550619878
"18366",18365,"13_295_118",34.6253287865213,-85.1113835120094
"18367",18366,"13_295_118",34.6248902359315,-85.1235164627366
"18368",18367,"13_295_118",34.6309718578259,-85.1249267407341
"18369",18368,"13_295_118",34.6259254865904,-85.1096630510507
"18370",18369,"13_295_118",34.6213945113829,-85.1123900735844
"18371",18370,"13_241_112",34.9868498175603,-83.4767146296668
"18372",18371,"13_241_112",34.9938961387074,-83.4616516588671
"18373",18372,"13_241_112",34.9914497795043,-83.4510575048858
"18374",18373,"13_241_112",34.9784621330552,-83.4552253918046
"18375",18374,"13_241_112",34.9865282884735,-83.472253060852
"18376",18375,"13_241_112",34.9910177981525,-83.471307950464
"18377",18376,"13_241_112",34.9790884502299,-83.4663007953024
"18378",18377,"13_241_112",34.9874724345069,-83.4665056685107
"18379",18378,"13_241_112",34.9850628533503,-83.4699361121156
"18380",18379,"13_241_112",34.9852338890508,-83.4491312733635
"18381",18380,"13_137_45",34.7556013168612,-83.5594505305027
"18382",18381,"13_137_45",34.7651036338345,-83.5573903980913
"18383",18382,"13_137_45",34.7431074301742,-83.5642163896995
"18384",18383,"13_137_45",34.7598218115268,-83.5633512417767
"18385",18384,"13_137_45",34.7557053742854,-83.560084053249
"18386",18385,"13_137_45",34.7538711846997,-83.5589096187545
"18387",18386,"13_137_45",34.7660750772572,-83.5728504630268
"18388",18387,"13_137_45",34.762875524911,-83.554086006135
"18389",18388,"13_137_45",34.7574077461506,-83.5612098579731
"18390",18389,"13_137_45",34.7506709412603,-83.5612295450197
"18391",18390,"13_281_41",34.9047919296428,-83.795308877888
"18392",18391,"13_281_41",34.9035314130502,-83.8139392708932
"18393",18392,"13_281_41",34.9084532448876,-83.7920691982668
"18394",18393,"13_281_41",34.9116829804215,-83.7919095319116
"18395",18394,"13_281_41",34.9096716675424,-83.7916427475462
"18396",18395,"13_281_41",34.903446915934,-83.7877743460562
"18397",18396,"13_281_41",34.9091703948059,-83.7986132587879
"18398",18397,"13_281_41",34.9053982664946,-83.7941652680523
"18399",18398,"13_281_41",34.9001606985972,-83.8008127489667
"18400",18399,"13_281_41",34.9096650616615,-83.7950436670321
"18401",18400,"13_291_106",34.7967060288561,-83.8277814930436
"18402",18401,"13_291_106",34.8036970763925,-83.841162087142
"18403",18402,"13_291_106",34.8094381759736,-83.8298990506636
"18404",18403,"13_291_106",34.8000056102101,-83.8268012979873
"18405",18404,"13_291_106",34.7983842183773,-83.8174705126131
"18406",18405,"13_291_106",34.8033541834201,-83.8235927935156
"18407",18406,"13_291_106",34.81017127191,-83.8351490870631
"18408",18407,"13_291_106",34.7896116499899,-83.828890915882
"18409",18408,"13_291_106",34.7977049852435,-83.8353006721571
"18410",18409,"13_291_106",34.7968222307566,-83.841374134315
"18411",18410,"13_281_38",34.8622827201515,-83.7932756256395
"18412",18411,"13_281_38",34.872526710416,-83.7975940386812
"18413",18412,"13_281_38",34.8601329067145,-83.7876672389291
"18414",18413,"13_281_38",34.873936841493,-83.7989641369326
"18415",18414,"13_281_38",34.8624640426219,-83.7885572742151
"18416",18415,"13_281_38",34.8665517584362,-83.7882263692134
"18417",18416,"13_281_38",34.8705034544416,-83.7834228060751
"18418",18417,"13_281_38",34.8574698647113,-83.7975021592515
"18419",18418,"13_281_38",34.856280473085,-83.7849008435781
"18420",18419,"13_281_38",34.8501490364204,-83.7830652058399
"18421",18420,"13_213_92",34.9071565382404,-84.7240043362058
"18422",18421,"13_213_92",34.9012850285589,-84.7304008296329
"18423",18422,"13_213_92",34.9023225397653,-84.7225334669312
"18424",18423,"13_213_92",34.9016546968118,-84.7241280710067
"18425",18424,"13_213_92",34.9000596154865,-84.7122572178839
"18426",18425,"13_213_92",34.9032866488699,-84.7220515677221
"18427",18426,"13_213_92",34.8958821791961,-84.7349768229663
"18428",18427,"13_213_92",34.8971340412514,-84.7306166680888
"18429",18428,"13_213_92",34.8949227357757,-84.7355257183815
"18430",18429,"13_213_92",34.8960122486307,-84.7203406498235
"18431",18430,"13_213_86",34.85716378132,-84.721851164309
"18432",18431,"13_213_86",34.8580589088338,-84.6986801791713
"18433",18432,"13_213_86",34.8502669540432,-84.7132755939517
"18434",18433,"13_213_86",34.8488560129493,-84.7078046960422
"18435",18434,"13_213_86",34.8548982645305,-84.7066392874406
"18436",18435,"13_213_86",34.8574176161242,-84.6952153753347
"18437",18436,"13_213_86",34.8622732225585,-84.7175278624997
"18438",18437,"13_213_86",34.8581067553951,-84.7013658287503
"18439",18438,"13_213_86",34.8549569284689,-84.7063881113407
"18440",18439,"13_213_86",34.8551357687195,-84.7115315010049
"18441",18440,"13_241_39",34.9896053178266,-83.517602485047
"18442",18441,"13_241_39",34.9814723880939,-83.5257371289058
"18443",18442,"13_241_39",34.9833461187203,-83.5159672701444
"18444",18443,"13_241_39",34.9847246420162,-83.512809259876
"18445",18444,"13_241_39",34.983625144943,-83.5251916406843
"18446",18445,"13_241_39",34.9907881049992,-83.5154918181015
"18447",18446,"13_241_39",34.9831176791068,-83.5211231788559
"18448",18447,"13_241_39",34.9873157867,-83.5207385498605
"18449",18448,"13_241_39",34.9881092015004,-83.5124130041277
"18450",18449,"13_241_39",34.9874694056673,-83.507901248552
"18451",18450,"13_257_23",34.6624925764631,-83.3187386092063
"18452",18451,"13_257_23",34.66851631539,-83.3242414481805
"18453",18452,"13_257_23",34.6615136751671,-83.316742614455
"18454",18453,"13_257_23",34.6726116329693,-83.306197789487
"18455",18454,"13_257_23",34.6640872335326,-83.3107457050397
"18456",18455,"13_257_23",34.6528621004216,-83.304638334871
"18457",18456,"13_257_23",34.6625825600666,-83.3243789938048
"18458",18457,"13_257_23",34.6614243045,-83.3165152240202
"18459",18458,"13_257_23",34.6647025985267,-83.3069149179737
"18460",18459,"13_257_23",34.6617313368219,-83.3193745124524
"18461",18460,"13_137_44",34.7407647717393,-83.5292507310021
"18462",18461,"13_137_44",34.7396264984537,-83.5204100630348
"18463",18462,"13_137_44",34.7363977567931,-83.539001273775
"18464",18463,"13_137_44",34.7472841863273,-83.5358065365228
"18465",18464,"13_137_44",34.7448410070672,-83.5291614049022
"18466",18465,"13_137_44",34.740309259366,-83.543749073646
"18467",18466,"13_137_44",34.7460248149786,-83.5290883957173
"18468",18467,"13_137_44",34.7319044946449,-83.5237619554837
"18469",18468,"13_137_44",34.7393080335915,-83.5347923812035
"18470",18469,"13_137_44",34.7291486509781,-83.5374462818382
"18471",18470,"13_295_117",34.6118844513315,-85.0707885930305
"18472",18471,"13_295_117",34.6071888483614,-85.0889837385147
"18473",18472,"13_295_117",34.5979271273772,-85.0760207135109
"18474",18473,"13_295_117",34.5960907806457,-85.0776659369121
"18475",18474,"13_295_117",34.6070283239045,-85.0754568784733
"18476",18475,"13_295_117",34.6121536668316,-85.074673790965
"18477",18476,"13_295_117",34.6074867160875,-85.0824738636552
"18478",18477,"13_295_117",34.6114628559745,-85.0763352900809
"18479",18478,"13_295_117",34.6128586380129,-85.0737216472753
"18480",18479,"13_295_117",34.6070642673737,-85.089469291184
"18481",18480,"13_85_45",34.5778582002283,-84.2046100090346
"18482",18481,"13_85_45",34.5729452591129,-84.2092190430916
"18483",18482,"13_85_45",34.5763754215831,-84.2058256182594
"18484",18483,"13_85_45",34.5650754785938,-84.218595121776
"18485",18484,"13_85_45",34.5783743200335,-84.2165031857424
"18486",18485,"13_85_45",34.5757249116351,-84.2190984543148
"18487",18486,"13_85_45",34.5845652824623,-84.2055096835856
"18488",18487,"13_85_45",34.571283433552,-84.2135622052184
"18489",18488,"13_85_45",34.5741435035762,-84.2204252634483
"18490",18489,"13_85_45",34.5733066756478,-84.2098397703033
"18491",18490,"13_213_76",34.9008672977064,-84.6410095956952
"18492",18491,"13_213_76",34.9073690788454,-84.6414665608532
"18493",18492,"13_213_76",34.9179108745117,-84.6363179171834
"18494",18493,"13_213_76",34.918529952219,-84.6562161768898
"18495",18494,"13_213_76",34.9197679730348,-84.6561448942975
"18496",18495,"13_213_76",34.9214673773195,-84.6427454481758
"18497",18496,"13_213_76",34.9089660562014,-84.6461704185723
"18498",18497,"13_213_76",34.8989363314543,-84.6464536074013
"18499",18498,"13_213_76",34.9208282728611,-84.6526972033626
"18500",18499,"13_213_76",34.9119615673159,-84.669139487817
"18501",18500,"13_291_128",34.8375336345802,-83.9579900871083
"18502",18501,"13_291_128",34.8310731935456,-83.9613339039063
"18503",18502,"13_291_128",34.8342268937516,-83.962788034844
"18504",18503,"13_291_128",34.8360289932359,-83.9686815959952
"18505",18504,"13_291_128",34.8523885572585,-83.9594901553531
"18506",18505,"13_291_128",34.8430592455378,-83.9578545377381
"18507",18506,"13_291_128",34.8362751943984,-83.9519859794033
"18508",18507,"13_291_128",34.8389196422008,-83.9691781915506
"18509",18508,"13_291_128",34.8423379731284,-83.9615512189764
"18510",18509,"13_291_128",34.8333355440254,-83.9631577343436
"18511",18510,"13_281_53",34.956891173056,-83.5855623812596
"18512",18511,"13_281_53",34.9640942897321,-83.5732309030173
"18513",18512,"13_281_53",34.9651582821412,-83.5808846855468
"18514",18513,"13_281_53",34.9609290769835,-83.5765709744056
"18515",18514,"13_281_53",34.9606880639257,-83.5747143778975
"18516",18515,"13_281_53",34.9619005937165,-83.5818215175541
"18517",18516,"13_281_53",34.966274969957,-83.5786293957868
"18518",18517,"13_281_53",34.959372978984,-83.5750089684903
"18519",18518,"13_281_53",34.9603438718052,-83.5694389133098
"18520",18519,"13_281_53",34.9506260788644,-83.5754115477782
"18521",18520,"13_311_48",34.5064619005793,-83.8283844040678
"18522",18521,"13_311_48",34.5096498963407,-83.8157832505621
"18523",18522,"13_311_48",34.5128519012213,-83.8154992568485
"18524",18523,"13_311_48",34.5147495349993,-83.8180187798913
"18525",18524,"13_311_48",34.5139826868094,-83.8232870384991
"18526",18525,"13_311_48",34.5059512098301,-83.8104695323334
"18527",18526,"13_311_48",34.5061355077068,-83.8061867756445
"18528",18527,"13_311_48",34.5194387530127,-83.8186223158705
"18529",18528,"13_311_48",34.5125446796887,-83.8215376652951
"18530",18529,"13_311_48",34.5148088049432,-83.8020506507475
"18531",18530,"13_55_70",34.5104250476339,-85.1736473724417
"18532",18531,"13_55_70",34.5110431686784,-85.1690550440944
"18533",18532,"13_55_70",34.5167142552734,-85.1875744798384
"18534",18533,"13_55_70",34.5037025791766,-85.1930385571187
"18535",18534,"13_55_70",34.5064998603534,-85.1827075673279
"18536",18535,"13_55_70",34.4966506710192,-85.1838475226025
"18537",18536,"13_55_70",34.4972238264712,-85.1893222261622
"18538",18537,"13_55_70",34.5014711821711,-85.1907317371124
"18539",18538,"13_55_70",34.5074603702376,-85.1819380672218
"18540",18539,"13_55_70",34.5047327150807,-85.1718277315994
"18541",18540,"13_241_145",34.8621224690053,-83.64724371966
"18542",18541,"13_241_145",34.8758356361603,-83.6421631672787
"18543",18542,"13_241_145",34.8737223407776,-83.6355979502294
"18544",18543,"13_241_145",34.8742560360117,-83.6306261398888
"18545",18544,"13_241_145",34.8719702818083,-83.6416410858297
"18546",18545,"13_241_145",34.8586624440045,-83.6421931422245
"18547",18546,"13_241_145",34.8652301833684,-83.6344344164743
"18548",18547,"13_241_145",34.875839324021,-83.6246673594803
"18549",18548,"13_241_145",34.8690124112515,-83.622353174844
"18550",18549,"13_241_145",34.8614618486025,-83.6516559559331
"18551",18550,"13_187_2",34.6141656575056,-84.1658807197886
"18552",18551,"13_187_2",34.6028601557503,-84.1644100405618
"18553",18552,"13_187_2",34.6019929022659,-84.1593205356891
"18554",18553,"13_187_2",34.5890789511029,-84.1688356486534
"18555",18554,"13_187_2",34.6020852455766,-84.1639643384136
"18556",18555,"13_187_2",34.6110656976857,-84.1633492059329
"18557",18556,"13_187_2",34.5982035007212,-84.1507432523077
"18558",18557,"13_187_2",34.5985631580906,-84.1669281052955
"18559",18558,"13_187_2",34.6132607315843,-84.1640821501032
"18560",18559,"13_187_2",34.5939790311583,-84.1590768138529
"18561",18560,"13_291_115",34.7353205857656,-83.9691563682126
"18562",18561,"13_291_115",34.7357617378404,-83.97835103253
"18563",18562,"13_291_115",34.7359270545113,-83.9742084089202
"18564",18563,"13_291_115",34.7334554975482,-83.9728668985152
"18565",18564,"13_291_115",34.7263717129095,-83.9818834390113
"18566",18565,"13_291_115",34.7356754140375,-83.9897667755647
"18567",18566,"13_291_115",34.7450642357243,-83.9721997090391
"18568",18567,"13_291_115",34.7391488485789,-83.9650479166032
"18569",18568,"13_291_115",34.739071224207,-83.9804687205766
"18570",18569,"13_291_115",34.7391575271872,-83.9709528866083
"18571",18570,"13_187_45",34.6634596806504,-83.9869052019148
"18572",18571,"13_187_45",34.6667967514267,-83.9850022963556
"18573",18572,"13_187_45",34.6643863715104,-83.9849771447467
"18574",18573,"13_187_45",34.6664567893434,-83.9951722876797
"18575",18574,"13_187_45",34.6602512523788,-83.9967899579457
"18576",18575,"13_187_45",34.6637288070955,-83.9962790297939
"18577",18576,"13_187_45",34.661561951742,-84.0025938803517
"18578",18577,"13_187_45",34.6572501278662,-83.9878936457695
"18579",18578,"13_187_45",34.6570434056546,-84.0025130417141
"18580",18579,"13_187_45",34.6673406617733,-83.9864941498548
"18581",18580,"13_137_40",34.6402578037824,-83.4408139703818
"18582",18581,"13_137_40",34.6258453553825,-83.4326851250454
"18583",18582,"13_137_40",34.6345332358069,-83.4297235388716
"18584",18583,"13_137_40",34.6328372031856,-83.4288232451191
"18585",18584,"13_137_40",34.6324320380227,-83.424173727895
"18586",18585,"13_137_40",34.6310850931554,-83.4310521532119
"18587",18586,"13_137_40",34.6291839647081,-83.4307772072291
"18588",18587,"13_137_40",34.6359437448865,-83.4263328569033
"18589",18588,"13_137_40",34.6296146335325,-83.4196565016485
"18590",18589,"13_137_40",34.6323463636596,-83.417584618702
"18591",18590,"13_281_24",34.9802250462944,-83.5813913275824
"18592",18591,"13_281_24",34.9843828795279,-83.5768492027936
"18593",18592,"13_281_24",34.9760145622882,-83.5855310185109
"18594",18593,"13_281_24",34.9623505456545,-83.5620178295708
"18595",18594,"13_281_24",34.9724054946583,-83.5742441472788
"18596",18595,"13_281_24",34.9735284301802,-83.559917736021
"18597",18596,"13_281_24",34.9738817637083,-83.5724309915831
"18598",18597,"13_281_24",34.9687829792921,-83.5682050613567
"18599",18598,"13_281_24",34.9705662391965,-83.5764717073635
"18600",18599,"13_281_24",34.9751700821266,-83.5771369995957
"18601",18600,"13_111_93",34.940453399456,-84.5316452699699
"18602",18601,"13_111_93",34.9204762845598,-84.5136019939285
"18603",18602,"13_111_93",34.9333923170847,-84.5203563311694
"18604",18603,"13_111_93",34.9427981135218,-84.512253852531
"18605",18604,"13_111_93",34.9309445131074,-84.5194132500049
"18606",18605,"13_111_93",34.9343720733288,-84.5205206730834
"18607",18606,"13_111_93",34.9331809528375,-84.5144603187064
"18608",18607,"13_111_93",34.9270055511281,-84.5164378328637
"18609",18608,"13_111_93",34.928160417571,-84.5261369095373
"18610",18609,"13_111_93",34.9342125336447,-84.5238059993057
"18611",18610,"13_295_119",34.6503155157057,-85.2202531746328
"18612",18611,"13_295_119",34.6500339939538,-85.2179463801496
"18613",18612,"13_295_119",34.6578993504947,-85.2218622407988
"18614",18613,"13_295_119",34.6503953423186,-85.2113899923351
"18615",18614,"13_295_119",34.6622538101361,-85.2194463973669
"18616",18615,"13_295_119",34.6617404981133,-85.2205409980556
"18617",18616,"13_295_119",34.6535180665418,-85.2096644773916
"18618",18617,"13_295_119",34.6580471888483,-85.2229878968264
"18619",18618,"13_295_119",34.65271667286,-85.2283853634326
"18620",18619,"13_295_119",34.6624372651162,-85.2047556987757
"18621",18620,"13_291_120",34.7946113414705,-84.0729867981092
"18622",18621,"13_291_120",34.7813411748325,-84.0639743247173
"18623",18622,"13_291_120",34.7940644200046,-84.0771294626963
"18624",18623,"13_291_120",34.7846066976467,-84.0787378676604
"18625",18624,"13_291_120",34.7909974103311,-84.0714700647169
"18626",18625,"13_291_120",34.7918081454438,-84.0725909056351
"18627",18626,"13_291_120",34.7975933136119,-84.0857867644656
"18628",18627,"13_291_120",34.7894841928671,-84.0672478644405
"18629",18628,"13_291_120",34.7986815162362,-84.0567356755302
"18630",18629,"13_291_120",34.7934453707623,-84.0810777306613
"18631",18630,"13_111_68",34.7521159706091,-84.1184445105153
"18632",18631,"13_111_68",34.7610992605975,-84.1179954220726
"18633",18632,"13_111_68",34.7607375644023,-84.1162063713879
"18634",18633,"13_111_68",34.7546055199222,-84.1123552804788
"18635",18634,"13_111_68",34.7635591717775,-84.112643536104
"18636",18635,"13_111_68",34.7601973304489,-84.1087915157228
"18637",18636,"13_111_68",34.7701694100204,-84.112094575443
"18638",18637,"13_111_68",34.7574347927312,-84.1152010343144
"18639",18638,"13_111_68",34.7651891302365,-84.1014611208803
"18640",18639,"13_111_68",34.757326576383,-84.1091197768765
"18641",18640,"13_241_88",34.9100734481507,-83.3173911181684
"18642",18641,"13_241_88",34.9093363111886,-83.312971139007
"18643",18642,"13_241_88",34.909590383167,-83.3132329406149
"18644",18643,"13_241_88",34.9062697096665,-83.3266081893612
"18645",18644,"13_241_88",34.9174235106679,-83.3222861311101
"18646",18645,"13_241_88",34.9109023882482,-83.3107767526823
"18647",18646,"13_241_88",34.9210575123783,-83.316638358275
"18648",18647,"13_241_88",34.9083100791133,-83.2983970289164
"18649",18648,"13_241_88",34.9080711976637,-83.3297343947737
"18650",18649,"13_241_88",34.9043773194077,-83.2997316127707
"18651",18650,"13_115_16",34.5506019132658,-85.0788047277265
"18652",18651,"13_115_16",34.5471075171182,-85.0541914762753
"18653",18652,"13_115_16",34.5522866636728,-85.0655814639837
"18654",18653,"13_115_16",34.5528559663856,-85.0638062725754
"18655",18654,"13_115_16",34.5504186595111,-85.0773526905357
"18656",18655,"13_115_16",34.5427196925064,-85.0637584994243
"18657",18656,"13_115_16",34.5540150717176,-85.0682895995837
"18658",18657,"13_115_16",34.5580443630946,-85.0611277354627
"18659",18658,"13_115_16",34.5564487928687,-85.0698482470271
"18660",18659,"13_115_16",34.5524463156022,-85.0677868840057
"18661",18660,"13_257_3",34.5167078352025,-83.4222212593501
"18662",18661,"13_257_3",34.5016820607833,-83.4362214607937
"18663",18662,"13_257_3",34.5152025997989,-83.4316092587413
"18664",18663,"13_257_3",34.5062616562896,-83.4295038859656
"18665",18664,"13_257_3",34.5070764273302,-83.4225587778664
"18666",18665,"13_257_3",34.5257515872205,-83.4292376891098
"18667",18666,"13_257_3",34.5095730705414,-83.4320562065735
"18668",18667,"13_257_3",34.5149788552245,-83.430079952475
"18669",18668,"13_257_3",34.5199218779126,-83.444996478958
"18670",18669,"13_257_3",34.5196459176647,-83.4178912105855
"18671",18670,"13_55_5",34.4214179779047,-85.3297771880532
"18672",18671,"13_55_5",34.4188102798003,-85.3225881463923
"18673",18672,"13_55_5",34.4307014494405,-85.3113837802808
"18674",18673,"13_55_5",34.4316496122946,-85.3130346040372
"18675",18674,"13_55_5",34.431813442629,-85.3218196710762
"18676",18675,"13_55_5",34.4270233796378,-85.321521239084
"18677",18676,"13_55_5",34.4383787423551,-85.3331582813893
"18678",18677,"13_55_5",34.4329133121408,-85.3238597514715
"18679",18678,"13_55_5",34.4298315373693,-85.3258177969605
"18680",18679,"13_55_5",34.4230918809196,-85.3082455019621
"18681",18680,"13_291_107",34.7283633264695,-83.8413726950414
"18682",18681,"13_291_107",34.7227691363377,-83.8332894477135
"18683",18682,"13_291_107",34.72812944004,-83.8479618662242
"18684",18683,"13_291_107",34.7179515244212,-83.8321245782951
"18685",18684,"13_291_107",34.7209512360086,-83.8429691537347
"18686",18685,"13_291_107",34.7284208113794,-83.8407792609786
"18687",18686,"13_291_107",34.7351277238964,-83.8390414570288
"18688",18687,"13_291_107",34.7326459903854,-83.8252573428127
"18689",18688,"13_291_107",34.7214942139176,-83.839655930911
"18690",18689,"13_291_107",34.7207588605156,-83.8334530177938
"18691",18690,"13_111_75",34.6770850905602,-84.1354316451497
"18692",18691,"13_111_75",34.6842707072546,-84.1435767910776
"18693",18692,"13_111_75",34.681208307845,-84.1345992019351
"18694",18693,"13_111_75",34.676001810894,-84.1370679383887
"18695",18694,"13_111_75",34.6893699003642,-84.1328040579167
"18696",18695,"13_111_75",34.6849948149432,-84.1507964327056
"18697",18696,"13_111_75",34.6878918739162,-84.1256753149484
"18698",18697,"13_111_75",34.6980922790952,-84.1378970115834
"18699",18698,"13_111_75",34.6851764112125,-84.1324896127583
"18700",18699,"13_111_75",34.6973911265678,-84.142830335897
"18701",18700,"13_111_78",34.6700172318143,-84.1789934043818
"18702",18701,"13_111_78",34.6626143651836,-84.1796439512921
"18703",18702,"13_111_78",34.6678557465127,-84.1805189949777
"18704",18703,"13_111_78",34.6621430965577,-84.1938510444426
"18705",18704,"13_111_78",34.6564760579489,-84.1795972345023
"18706",18705,"13_111_78",34.6642245500106,-84.1845947290577
"18707",18706,"13_111_78",34.6769640941028,-84.181874376937
"18708",18707,"13_111_78",34.6659207221681,-84.1932901605198
"18709",18708,"13_111_78",34.6729190964181,-84.1945286410707
"18710",18709,"13_111_78",34.6634264454358,-84.1794536328522
"18711",18710,"13_241_89",34.9640237747085,-83.1288521234755
"18712",18711,"13_241_89",34.9602912819736,-83.1344478837333
"18713",18712,"13_241_89",34.9706183353041,-83.1200864614584
"18714",18713,"13_241_89",34.9578894136924,-83.1345277104007
"18715",18714,"13_241_89",34.9618262685953,-83.1247061993263
"18716",18715,"13_241_89",34.9551501391074,-83.117492437681
"18717",18716,"13_241_89",34.9584775675607,-83.1428742198705
"18718",18717,"13_241_89",34.9749057955636,-83.1382489928673
"18719",18718,"13_241_89",34.9712993401647,-83.1425147824784
"18720",18719,"13_241_89",34.9517015673568,-83.1235661365113
"18721",18720,"13_111_47",34.8329014726725,-84.1953707379159
"18722",18721,"13_111_47",34.8217549335103,-84.2067992502963
"18723",18722,"13_111_47",34.8235230623628,-84.203825371854
"18724",18723,"13_111_47",34.8273397467645,-84.1883201849758
"18725",18724,"13_111_47",34.8222423052646,-84.2038219549142
"18726",18725,"13_111_47",34.8225212629088,-84.2039515492856
"18727",18726,"13_111_47",34.8205309280945,-84.2085628188403
"18728",18727,"13_111_47",34.8256805747392,-84.2027417716863
"18729",18728,"13_111_47",34.8190769554116,-84.2172099207022
"18730",18729,"13_111_47",34.8218138955011,-84.2176213325253
"18731",18730,"13_313_9",34.6435532375655,-85.0481958458677
"18732",18731,"13_313_9",34.6353910358974,-85.0434222681126
"18733",18732,"13_313_9",34.6258156356668,-85.0322990188964
"18734",18733,"13_313_9",34.6327285574203,-85.0411662179291
"18735",18734,"13_313_9",34.6413255752363,-85.0360820267866
"18736",18735,"13_313_9",34.6345871453501,-85.0386161176186
"18737",18736,"13_313_9",34.6390786450387,-85.0420685076331
"18738",18737,"13_313_9",34.6381471297469,-85.0544288809781
"18739",18738,"13_313_9",34.6379149741938,-85.0436994426407
"18740",18739,"13_313_9",34.6259478673684,-85.044772883146
"18741",18740,"13_123_91",34.8124878621165,-84.5814043428264
"18742",18741,"13_123_91",34.8225764030939,-84.5789210104759
"18743",18742,"13_123_91",34.8137304456065,-84.5782030998187
"18744",18743,"13_123_91",34.8224538665139,-84.5913943817345
"18745",18744,"13_123_91",34.8168355384233,-84.5755080369371
"18746",18745,"13_123_91",34.817920331076,-84.5782852700444
"18747",18746,"13_123_91",34.813703650871,-84.5793633174423
"18748",18747,"13_123_91",34.817282032964,-84.5909192698274
"18749",18748,"13_123_91",34.8218973164575,-84.5866207598108
"18750",18749,"13_123_91",34.8252188627627,-84.5751247775761
"18751",18750,"13_111_76",34.7192621487599,-84.1542813025889
"18752",18751,"13_111_76",34.7166969086365,-84.150055485248
"18753",18752,"13_111_76",34.7138010751889,-84.1487988549569
"18754",18753,"13_111_76",34.7105602252349,-84.1625023280793
"18755",18754,"13_111_76",34.7164112029057,-84.1629794538802
"18756",18755,"13_111_76",34.713691657136,-84.1804965499086
"18757",18756,"13_111_76",34.7102332755519,-84.1701316778967
"18758",18757,"13_111_76",34.7105708387112,-84.151609001582
"18759",18758,"13_111_76",34.7220211250579,-84.1592119508052
"18760",18759,"13_111_76",34.7225839943208,-84.1590583242764
"18761",18760,"13_111_80",34.6448033481837,-84.1789226341271
"18762",18761,"13_111_80",34.6312689920147,-84.1932852759805
"18763",18762,"13_111_80",34.6465974959022,-84.1805991832301
"18764",18763,"13_111_80",34.6375609563836,-84.1827116808126
"18765",18764,"13_111_80",34.6341910292244,-84.1824657324272
"18766",18765,"13_111_80",34.6473058828764,-84.1863817112346
"18767",18766,"13_111_80",34.6493446021842,-84.1884615761134
"18768",18767,"13_111_80",34.6345692009287,-84.1877795425526
"18769",18768,"13_111_80",34.6314921788682,-84.1895553211718
"18770",18769,"13_111_80",34.6395649045254,-84.1731351704421
"18771",18770,"13_111_69",34.7910417030349,-84.1339305704682
"18772",18771,"13_111_69",34.7785311764217,-84.1201172116258
"18773",18772,"13_111_69",34.7872688387752,-84.129010665392
"18774",18773,"13_111_69",34.7987099785024,-84.1305417644082
"18775",18774,"13_111_69",34.7827826273156,-84.1421312170463
"18776",18775,"13_111_69",34.7955982203557,-84.1156473425506
"18777",18776,"13_111_69",34.786618494112,-84.1338563821228
"18778",18777,"13_111_69",34.7798267360645,-84.1356228037441
"18779",18778,"13_111_69",34.7745474579965,-84.1331335954933
"18780",18779,"13_111_69",34.7871891148612,-84.1263294828205
"18781",18780,"13_111_74",34.7438629329696,-84.1829758649242
"18782",18781,"13_111_74",34.7487920911209,-84.1786207386895
"18783",18782,"13_111_74",34.7460236498398,-84.1708360657163
"18784",18783,"13_111_74",34.7365942292548,-84.1756247382618
"18785",18784,"13_111_74",34.7465145469995,-84.1618154875249
"18786",18785,"13_111_74",34.7425926687718,-84.1681596629537
"18787",18786,"13_111_74",34.7363402051632,-84.1716006737329
"18788",18787,"13_111_74",34.7481106076823,-84.1820531809606
"18789",18788,"13_111_74",34.7438901726137,-84.1630961967417
"18790",18789,"13_111_74",34.7350038091455,-84.1699221405184
"18791",18790,"13_111_79",34.6722795658426,-84.2052915883596
"18792",18791,"13_111_79",34.678484010357,-84.1973058965928
"18793",18792,"13_111_79",34.6746697536529,-84.2031468992064
"18794",18793,"13_111_79",34.6729524228195,-84.1962128414984
"18795",18794,"13_111_79",34.6720681614318,-84.2125586976708
"18796",18795,"13_111_79",34.6720261691573,-84.2058670536003
"18797",18796,"13_111_79",34.6804381050448,-84.1893080279053
"18798",18797,"13_111_79",34.668103708824,-84.2085140484574
"18799",18798,"13_111_79",34.6761769262874,-84.2063404176227
"18800",18799,"13_111_79",34.6868029258079,-84.1982998306024
"18801",18800,"13_85_46",34.5963845692919,-84.235862085035
"18802",18801,"13_85_46",34.5958076647521,-84.2368737333209
"18803",18802,"13_85_46",34.5885583777749,-84.2246440642157
"18804",18803,"13_85_46",34.5846966906392,-84.2417508695384
"18805",18804,"13_85_46",34.5946393234681,-84.2237579454514
"18806",18805,"13_85_46",34.6057265599615,-84.2330794065845
"18807",18806,"13_85_46",34.5941112015512,-84.2263680024275
"18808",18807,"13_85_46",34.59821950073,-84.2465591840619
"18809",18808,"13_85_46",34.6009667472283,-84.2360508985192
"18810",18809,"13_85_46",34.5932253223218,-84.2458476295711
"18811",18810,"13_123_83",34.8333697950631,-84.4518358553164
"18812",18811,"13_123_83",34.8294079039619,-84.4364371202296
"18813",18812,"13_123_83",34.8422505994456,-84.4551031964496
"18814",18813,"13_123_83",34.8318668372158,-84.450525326852
"18815",18814,"13_123_83",34.8413453169413,-84.4587991417487
"18816",18815,"13_123_83",34.835048852975,-84.4485231874594
"18817",18816,"13_123_83",34.8396258867032,-84.4522561862521
"18818",18817,"13_123_83",34.8192473377641,-84.4475750891518
"18819",18818,"13_123_83",34.8382875066368,-84.4536093582719
"18820",18819,"13_123_83",34.8321082467242,-84.4504019589725
"18821",18820,"13_291_102",34.8352226927668,-83.8409730352101
"18822",18821,"13_291_102",34.8422359063172,-83.8620783937303
"18823",18822,"13_291_102",34.8533586682442,-83.852673648249
"18824",18823,"13_291_102",34.8424836845607,-83.8454603329091
"18825",18824,"13_291_102",34.8374475201033,-83.8426496544156
"18826",18825,"13_291_102",34.8352619980446,-83.858330687138
"18827",18826,"13_291_102",34.8435380924463,-83.8485659872601
"18828",18827,"13_291_102",34.8387331223701,-83.8504154611157
"18829",18828,"13_291_102",34.8438221194538,-83.8445209288575
"18830",18829,"13_291_102",34.840119337635,-83.8519916295757
"18831",18830,"13_311_46",34.70820574229,-83.8441371660303
"18832",18831,"13_311_46",34.7152241602012,-83.8486238229534
"18833",18832,"13_311_46",34.7117988970958,-83.8636172221985
"18834",18833,"13_311_46",34.7071965008196,-83.85518370669
"18835",18834,"13_311_46",34.7067149222407,-83.8537684735278
"18836",18835,"13_311_46",34.7150538249528,-83.8411341843317
"18837",18836,"13_311_46",34.71416232791,-83.8488249587171
"18838",18837,"13_311_46",34.7142564159335,-83.8487597525162
"18839",18838,"13_311_46",34.7132424486395,-83.8636844676878
"18840",18839,"13_311_46",34.7088163886449,-83.8531490265506
"18841",18840,"13_213_77",34.9325801643101,-84.6670712602109
"18842",18841,"13_213_77",34.9279279427932,-84.676880668427
"18843",18842,"13_213_77",34.9396765654535,-84.6746281196641
"18844",18843,"13_213_77",34.9213679959857,-84.6916837272503
"18845",18844,"13_213_77",34.9295370976622,-84.6778035893038
"18846",18845,"13_213_77",34.9272257569507,-84.6755771029478
"18847",18846,"13_213_77",34.9195140269439,-84.6853495432072
"18848",18847,"13_213_77",34.9280719555638,-84.6852256912813
"18849",18848,"13_213_77",34.9279155793585,-84.6685959800539
"18850",18849,"13_213_77",34.9268303832878,-84.676492714421
"18851",18850,"13_111_87",34.9650925156209,-84.4795972380271
"18852",18851,"13_111_87",34.9678204829929,-84.4794189418451
"18853",18852,"13_111_87",34.9594110107142,-84.473770145683
"18854",18853,"13_111_87",34.964285329684,-84.4706013759692
"18855",18854,"13_111_87",34.9715558591236,-84.4784260866821
"18856",18855,"13_111_87",34.9705471222566,-84.4693682258839
"18857",18856,"13_111_87",34.9713229110736,-84.4771673604704
"18858",18857,"13_111_87",34.965669921786,-84.4878753335356
"18859",18858,"13_111_87",34.9691579101749,-84.4808859831267
"18860",18859,"13_111_87",34.964122998158,-84.4879508852543
"18861",18860,"13_257_28",34.5391215688242,-83.4279180325129
"18862",18861,"13_257_28",34.5249476552372,-83.4172564398275
"18863",18862,"13_257_28",34.5284633350871,-83.42100128139
"18864",18863,"13_257_28",34.5353075835014,-83.4174300753604
"18865",18864,"13_257_28",34.5368271165089,-83.4224773543148
"18866",18865,"13_257_28",34.5373202082437,-83.4283196872245
"18867",18866,"13_257_28",34.5365707573664,-83.4236995567114
"18868",18867,"13_257_28",34.5390573584854,-83.4146324459601
"18869",18868,"13_257_28",34.5366055026939,-83.4205616447721
"18870",18869,"13_257_28",34.5307089819724,-83.4100630219033
"18871",18870,"13_257_1",34.5926366441505,-83.3882326812829
"18872",18871,"13_257_1",34.5935568896121,-83.3883999725087
"18873",18872,"13_257_1",34.5891601012611,-83.3788551797123
"18874",18873,"13_257_1",34.5954567056873,-83.3910447435513
"18875",18874,"13_257_1",34.5925504142443,-83.3925820235421
"18876",18875,"13_257_1",34.5834481913388,-83.394050129296
"18877",18876,"13_257_1",34.6025349369118,-83.3788879212801
"18878",18877,"13_257_1",34.6002474204907,-83.3740985845679
"18879",18878,"13_257_1",34.5937882532173,-83.3758300952919
"18880",18879,"13_257_1",34.5921469462657,-83.3916217254008
"18881",18880,"13_213_85",34.8488795595161,-84.6996998367807
"18882",18881,"13_213_85",34.8280700200053,-84.7012989911058
"18883",18882,"13_213_85",34.8458643100847,-84.6924643558359
"18884",18883,"13_213_85",34.8413983466559,-84.680142083249
"18885",18884,"13_213_85",34.8456606816018,-84.6893330710739
"18886",18885,"13_213_85",34.8327012157066,-84.6948444501005
"18887",18886,"13_213_85",34.8347791937596,-84.7052243757514
"18888",18887,"13_213_85",34.8357694112005,-84.6902769802802
"18889",18888,"13_213_85",34.8337277243294,-84.6987995401637
"18890",18889,"13_213_85",34.8434194303975,-84.6806586098673
"18891",18890,"13_241_100",34.9448291288224,-83.3011223235823
"18892",18891,"13_241_100",34.9325114594614,-83.3077123297961
"18893",18892,"13_241_100",34.9226819086662,-83.2959773518167
"18894",18893,"13_241_100",34.9229180034074,-83.311629315228
"18895",18894,"13_241_100",34.9350607387218,-83.3030825193205
"18896",18895,"13_241_100",34.9296956744185,-83.2878646896314
"18897",18896,"13_241_100",34.938606749345,-83.3091737310427
"18898",18897,"13_241_100",34.9253970753655,-83.2929037223216
"18899",18898,"13_241_100",34.9329625418941,-83.2953113511942
"18900",18899,"13_241_100",34.932244390931,-83.3016784437021
"18901",18900,"13_55_55",34.4953345443135,-85.1778731975824
"18902",18901,"13_55_55",34.4832931213399,-85.1706498168607
"18903",18902,"13_55_55",34.4889341104505,-85.166792966624
"18904",18903,"13_55_55",34.4860146856449,-85.1759769974573
"18905",18904,"13_55_55",34.4955033859589,-85.1671398960653
"18906",18905,"13_55_55",34.4869964247685,-85.171457578412
"18907",18906,"13_55_55",34.4939883223433,-85.1765314942664
"18908",18907,"13_55_55",34.4959805542819,-85.166489520543
"18909",18908,"13_55_55",34.4962584846404,-85.1690807982856
"18910",18909,"13_55_55",34.4852226247056,-85.1772803223248
"18911",18910,"13_281_37",34.8267171697827,-83.7702515721134
"18912",18911,"13_281_37",34.8366251989338,-83.773802064017
"18913",18912,"13_281_37",34.8407934819818,-83.7777348483063
"18914",18913,"13_281_37",34.8412012621804,-83.763574581017
"18915",18914,"13_281_37",34.8401947470272,-83.7658382354048
"18916",18915,"13_281_37",34.8380830861864,-83.7711451845208
"18917",18916,"13_281_37",34.8372161821297,-83.7677994522182
"18918",18917,"13_281_37",34.8466223174475,-83.7604321515119
"18919",18918,"13_281_37",34.8372870845913,-83.7664680959581
"18920",18919,"13_281_37",34.8286027885019,-83.773509979565
"18921",18920,"13_187_53",34.586077660292,-84.1079254868977
"18922",18921,"13_187_53",34.5896403674735,-84.1339906043025
"18923",18922,"13_187_53",34.5788316946665,-84.1255357394524
"18924",18923,"13_187_53",34.5901409281403,-84.1170694003686
"18925",18924,"13_187_53",34.6006414771004,-84.1117454337223
"18926",18925,"13_187_53",34.5836074141358,-84.1040201345917
"18927",18926,"13_187_53",34.581380499831,-84.108891617363
"18928",18927,"13_187_53",34.5879418115009,-84.1185558050039
"18929",18928,"13_187_53",34.5913647528901,-84.1184879752519
"18930",18929,"13_187_53",34.5822232936236,-84.1194797798035
"18931",18930,"13_311_38",34.7993965279126,-83.7504678836484
"18932",18931,"13_311_38",34.7907182872107,-83.768625703932
"18933",18932,"13_311_38",34.7926699815945,-83.7728356491714
"18934",18933,"13_311_38",34.7765861203757,-83.7508546143414
"18935",18934,"13_311_38",34.7844653911452,-83.7433295144425
"18936",18935,"13_311_38",34.7933337996847,-83.7631083427647
"18937",18936,"13_311_38",34.7916026681713,-83.7529017841545
"18938",18937,"13_311_38",34.7865266051524,-83.7609935389871
"18939",18938,"13_311_38",34.7933497301914,-83.75880528382
"18940",18939,"13_311_38",34.7924412295231,-83.7700244246451
"18941",18940,"13_241_97",34.9159235493985,-83.2344083277848
"18942",18941,"13_241_97",34.9175178355196,-83.2179070653487
"18943",18942,"13_241_97",34.9217135533196,-83.232893809366
"18944",18943,"13_241_97",34.9224528075178,-83.2185702039325
"18945",18944,"13_241_97",34.9271568520589,-83.2115550213136
"18946",18945,"13_241_97",34.9233929242091,-83.226670026359
"18947",18946,"13_241_97",34.9237494138021,-83.2163347981181
"18948",18947,"13_241_97",34.9219271257115,-83.2131551842681
"18949",18948,"13_241_97",34.92348010109,-83.2303999729486
"18950",18949,"13_241_97",34.9188603200369,-83.2183348297411
"18951",18950,"13_257_27",34.5290267450266,-83.3753959484727
"18952",18951,"13_257_27",34.5262652262415,-83.3890004134793
"18953",18952,"13_257_27",34.5236205017131,-83.3751055242756
"18954",18953,"13_257_27",34.5235593887876,-83.3602155793835
"18955",18954,"13_257_27",34.5282085757969,-83.3768455349069
"18956",18955,"13_257_27",34.5227619438031,-83.379945950551
"18957",18956,"13_257_27",34.5188567430539,-83.3794236979766
"18958",18957,"13_257_27",34.533685697386,-83.3885578892575
"18959",18958,"13_257_27",34.5235320356006,-83.3831654762064
"18960",18959,"13_257_27",34.528825126486,-83.3772225528328
"18961",18960,"13_187_7",34.6879503622468,-83.9806337205793
"18962",18961,"13_187_7",34.6853911929416,-83.9641506019411
"18963",18962,"13_187_7",34.6818736436379,-83.9571411074668
"18964",18963,"13_187_7",34.6840824827477,-83.9575404776644
"18965",18964,"13_187_7",34.6888495156282,-83.966005100633
"18966",18965,"13_187_7",34.6718874058053,-83.9693483977137
"18967",18966,"13_187_7",34.6894902506636,-83.9668225219512
"18968",18967,"13_187_7",34.6787819397248,-83.967154575402
"18969",18968,"13_187_7",34.6797925649428,-83.9665820883862
"18970",18969,"13_187_7",34.6835896298586,-83.9706652206962
"18971",18970,"13_241_21",34.9751211559048,-83.2424419882859
"18972",18971,"13_241_21",34.9647473929088,-83.2447498873234
"18973",18972,"13_241_21",34.9735040503545,-83.2440207612446
"18974",18973,"13_241_21",34.9756558785191,-83.239769863452
"18975",18974,"13_241_21",34.9822773069613,-83.2384837849175
"18976",18975,"13_241_21",34.9780425556475,-83.2509780144981
"18977",18976,"13_241_21",34.9799926390861,-83.2441974987049
"18978",18977,"13_241_21",34.965490196135,-83.2462338849695
"18979",18978,"13_241_21",34.9761869902254,-83.2292845306125
"18980",18979,"13_241_21",34.974229676627,-83.2430552547836
"18981",18980,"13_241_30",34.9159349666717,-83.276091548778
"18982",18981,"13_241_30",34.9158606950141,-83.2723948708685
"18983",18982,"13_241_30",34.9151746037976,-83.2698622598722
"18984",18983,"13_241_30",34.925835028108,-83.2824808602941
"18985",18984,"13_241_30",34.9187049310988,-83.2715580196583
"18986",18985,"13_241_30",34.9281960239741,-83.2684772682374
"18987",18986,"13_241_30",34.9250416497812,-83.2661739212691
"18988",18987,"13_241_30",34.9176670537573,-83.2796024109849
"18989",18988,"13_241_30",34.9121953673546,-83.2909253156648
"18990",18989,"13_241_30",34.9189837538007,-83.2877628690794
"18991",18990,"13_257_16",34.658966301811,-83.3483239099641
"18992",18991,"13_257_16",34.6524427293346,-83.3635483901257
"18993",18992,"13_257_16",34.6607888876067,-83.3503957514605
"18994",18993,"13_257_16",34.6604370857889,-83.3560632799194
"18995",18994,"13_257_16",34.6617990912101,-83.3467547683373
"18996",18995,"13_257_16",34.657595736419,-83.3485510764896
"18997",18996,"13_257_16",34.67151142066,-83.3443527109511
"18998",18997,"13_257_16",34.6636236668736,-83.3428674779726
"18999",18998,"13_257_16",34.6507828489727,-83.3503818724793
"19000",18999,"13_257_16",34.6573201627626,-83.3518856543179
"19001",19000,"13_55_37",34.5790253709757,-85.1460495193123
"19002",19001,"13_55_37",34.5833366447079,-85.11830125582
"19003",19002,"13_55_37",34.5968724582725,-85.125373982023
"19004",19003,"13_55_37",34.5862251899241,-85.1335465359261
"19005",19004,"13_55_37",34.5900355175893,-85.1181201080337
"19006",19005,"13_55_37",34.5891624402402,-85.1424428434823
"19007",19006,"13_55_37",34.5917755406709,-85.140872026235
"19008",19007,"13_55_37",34.5877622260199,-85.126080870409
"19009",19008,"13_55_37",34.5816517797288,-85.1292726241733
"19010",19009,"13_55_37",34.5896546536194,-85.1248191687611
"19011",19010,"13_291_95",34.7299657836011,-83.9326359113013
"19012",19011,"13_291_95",34.747088134843,-83.9166872742505
"19013",19012,"13_291_95",34.7350385390812,-83.93231504961
"19014",19013,"13_291_95",34.7515128854744,-83.9256171879344
"19015",19014,"13_291_95",34.7396691275994,-83.9298832268362
"19016",19015,"13_291_95",34.7483676481251,-83.918691215639
"19017",19016,"13_291_95",34.7476287920297,-83.9418602385179
"19018",19017,"13_291_95",34.7403180030115,-83.9129424433134
"19019",19018,"13_291_95",34.7341523903889,-83.915408082263
"19020",19019,"13_291_95",34.7381924493677,-83.9178918498056
"19021",19020,"13_291_14",34.7473647759324,-84.070052966067
"19022",19021,"13_291_14",34.7648830004698,-84.075861503962
"19023",19022,"13_291_14",34.7400379808282,-84.0796912089608
"19024",19023,"13_291_14",34.7647721429214,-84.081844398245
"19025",19024,"13_291_14",34.7514806454844,-84.0862109980902
"19026",19025,"13_291_14",34.7437961186767,-84.0807201485086
"19027",19026,"13_291_14",34.7563929317415,-84.0653499751718
"19028",19027,"13_291_14",34.7507098758509,-84.0903827976969
"19029",19028,"13_291_14",34.7559620303096,-84.0685647260749
"19030",19029,"13_291_14",34.7548277465182,-84.08510218729
"19031",19030,"13_291_19",34.6697828774296,-84.1437233191598
"19032",19031,"13_291_19",34.6616330274888,-84.1377475099451
"19033",19032,"13_291_19",34.6660781116181,-84.1322795554028
"19034",19033,"13_291_19",34.6557979642002,-84.1311923759994
"19035",19034,"13_291_19",34.6742964829063,-84.1452689936736
"19036",19035,"13_291_19",34.6677294746258,-84.1412583374244
"19037",19036,"13_291_19",34.6646511575629,-84.1441908417399
"19038",19037,"13_291_19",34.6666043575299,-84.1333059398403
"19039",19038,"13_291_19",34.6554495938313,-84.1414716669153
"19040",19039,"13_291_19",34.6707228678138,-84.1497486131573
"19041",19040,"13_123_74",34.6578275043134,-84.2785177141526
"19042",19041,"13_123_74",34.6631062823913,-84.2767619202173
"19043",19042,"13_123_74",34.6583021391996,-84.280243548096
"19044",19043,"13_123_74",34.6741586765372,-84.2877893034486
"19045",19044,"13_123_74",34.6607794856669,-84.278408801401
"19046",19045,"13_123_74",34.6543960152903,-84.2962619886898
"19047",19046,"13_123_74",34.6677361063077,-84.2767672498028
"19048",19047,"13_123_74",34.6611531927098,-84.2802662145441
"19049",19048,"13_123_74",34.6572813871276,-84.2841071417602
"19050",19049,"13_123_74",34.6629144738392,-84.2782422453645
"19051",19050,"13_241_38",34.9376480513341,-83.5804038907469
"19052",19051,"13_241_38",34.9409785639676,-83.5913084582389
"19053",19052,"13_241_38",34.9351634743691,-83.5724236129382
"19054",19053,"13_241_38",34.9367315518284,-83.5819793970205
"19055",19054,"13_241_38",34.9400088367052,-83.5758351889583
"19056",19055,"13_241_38",34.9469191963603,-83.5655661361688
"19057",19056,"13_241_38",34.9346682986197,-83.5802178846679
"19058",19057,"13_241_38",34.941466904217,-83.5785454011415
"19059",19058,"13_241_38",34.949638972031,-83.5711785890345
"19060",19059,"13_241_38",34.9399622434341,-83.5920256470037
"19061",19060,"13_241_25",34.7988315117173,-83.4779445893063
"19062",19061,"13_241_25",34.7954833950286,-83.4821291174147
"19063",19062,"13_241_25",34.7771337063887,-83.4826014840142
"19064",19063,"13_241_25",34.7858695922787,-83.4961227676892
"19065",19064,"13_241_25",34.8010161704113,-83.4825045460724
"19066",19065,"13_241_25",34.7833448393638,-83.4934881947311
"19067",19066,"13_241_25",34.798201323715,-83.4853073779304
"19068",19067,"13_241_25",34.7882025596408,-83.4910801434275
"19069",19068,"13_241_25",34.7973035503638,-83.4797265058458
"19070",19069,"13_241_25",34.7836252328635,-83.4931433903132
"19071",19070,"13_213_88",34.7399761435421,-84.6693025491558
"19072",19071,"13_213_88",34.7603066416914,-84.6746003220384
"19073",19072,"13_213_88",34.7534670992549,-84.6710526139961
"19074",19073,"13_213_88",34.7514654884463,-84.6746470819244
"19075",19074,"13_213_88",34.7550780667869,-84.680439627175
"19076",19075,"13_213_88",34.7496120857767,-84.6833469381178
"19077",19076,"13_213_88",34.7549767546075,-84.6709839304608
"19078",19077,"13_213_88",34.7387833786145,-84.6760890030281
"19079",19078,"13_213_88",34.7545830622305,-84.6702254556702
"19080",19079,"13_213_88",34.7603352095141,-84.6854189785728
"19081",19080,"13_137_51",34.791302548939,-83.6670442637362
"19082",19081,"13_137_51",34.7921344506098,-83.6632628017884
"19083",19082,"13_137_51",34.7889370725338,-83.6586589688963
"19084",19083,"13_137_51",34.783089909092,-83.6571309558829
"19085",19084,"13_137_51",34.7749447572831,-83.6575058177827
"19086",19085,"13_137_51",34.7879497584542,-83.6609693899625
"19087",19086,"13_137_51",34.7976515489556,-83.65944705419
"19088",19087,"13_137_51",34.7842520452769,-83.662570111654
"19089",19088,"13_137_51",34.7862680209474,-83.6575637463011
"19090",19089,"13_137_51",34.7949643088466,-83.6617247060208
"19091",19090,"13_241_96",34.9734618405479,-83.2508433285121
"19092",19091,"13_241_96",34.9790395639541,-83.251926667645
"19093",19092,"13_241_96",34.9780853507414,-83.2467233470807
"19094",19093,"13_241_96",34.9629578227113,-83.2483116372766
"19095",19094,"13_241_96",34.9725624831129,-83.2570246695944
"19096",19095,"13_241_96",34.9772050867308,-83.2540601916631
"19097",19096,"13_241_96",34.9755500487043,-83.264791551108
"19098",19097,"13_241_96",34.9681121210378,-83.2485863942038
"19099",19098,"13_241_96",34.9712861518911,-83.2631283505836
"19100",19099,"13_241_96",34.969470554021,-83.2607207918334
"19101",19100,"13_111_82",34.8059162717478,-84.2322557456371
"19102",19101,"13_111_82",34.8169200105543,-84.2225310522287
"19103",19102,"13_111_82",34.8123335757923,-84.233753323077
"19104",19103,"13_111_82",34.805870564221,-84.2320437321794
"19105",19104,"13_111_82",34.8049671703744,-84.2325727918119
"19106",19105,"13_111_82",34.8119182265559,-84.2316931800851
"19107",19106,"13_111_82",34.8176151683787,-84.2236963127927
"19108",19107,"13_111_82",34.8193967848858,-84.2400705909127
"19109",19108,"13_111_82",34.8012319721633,-84.235252072176
"19110",19109,"13_111_82",34.8152131813688,-84.2347771232204
"19111",19110,"13_291_114",34.7942993080536,-83.9772956084662
"19112",19111,"13_291_114",34.7876063148179,-83.9745803469387
"19113",19112,"13_291_114",34.8052276096457,-83.9634354446114
"19114",19113,"13_291_114",34.7883538292722,-83.9717265078389
"19115",19114,"13_291_114",34.7994510227494,-83.992734526342
"19116",19115,"13_291_114",34.7932065226287,-83.9789171273814
"19117",19116,"13_291_114",34.8007585102663,-83.9764571238081
"19118",19117,"13_291_114",34.794777204783,-83.9813511559799
"19119",19118,"13_291_114",34.8068462217601,-83.9705628625457
"19120",19119,"13_291_114",34.7866911664958,-83.9764327408342
"19121",19120,"13_111_85",34.7356609873932,-84.2739335289084
"19122",19121,"13_111_85",34.7553103084813,-84.267529047253
"19123",19122,"13_111_85",34.7401987187104,-84.2672421489176
"19124",19123,"13_111_85",34.7429389778116,-84.2657001213868
"19125",19124,"13_111_85",34.7473418733763,-84.2614784084111
"19126",19125,"13_111_85",34.7476764158348,-84.2635728815962
"19127",19126,"13_111_85",34.7462914555118,-84.2626116616894
"19128",19127,"13_111_85",34.7486022003353,-84.2708520619813
"19129",19128,"13_111_85",34.7368276696544,-84.2751082434343
"19130",19129,"13_111_85",34.7499204988799,-84.2657674965894
"19131",19130,"13_123_87",34.8189165081151,-84.5555786323439
"19132",19131,"13_123_87",34.819185401639,-84.540565436744
"19133",19132,"13_123_87",34.8194478586106,-84.5399781525396
"19134",19133,"13_123_87",34.8274789749455,-84.5283862663461
"19135",19134,"13_123_87",34.8154500196839,-84.5462777419871
"19136",19135,"13_123_87",34.8176439192866,-84.52404654244
"19137",19136,"13_123_87",34.8201448273803,-84.5471948375711
"19138",19137,"13_123_87",34.815706671077,-84.5471654568261
"19139",19138,"13_123_87",34.8160087719938,-84.5401826941459
"19140",19139,"13_123_87",34.8149290940534,-84.5462048108086
"19141",19140,"13_111_90",34.9083014056797,-84.5127350977315
"19142",19141,"13_111_90",34.8984051428137,-84.5248519173322
"19143",19142,"13_111_90",34.8890814244804,-84.5020026233341
"19144",19143,"13_111_90",34.8965888178292,-84.5219074893866
"19145",19144,"13_111_90",34.8967016732922,-84.5126545642286
"19146",19145,"13_111_90",34.8825502114623,-84.505408289841
"19147",19146,"13_111_90",34.8935477527787,-84.5327544022486
"19148",19147,"13_111_90",34.8849888103434,-84.5210362478493
"19149",19148,"13_111_90",34.9045893493902,-84.5176931878394
"19150",19149,"13_111_90",34.8865525835628,-84.512363389557
"19151",19150,"13_111_43",34.7730558200672,-84.2583253719454
"19152",19151,"13_111_43",34.7854176068166,-84.2496403441721
"19153",19152,"13_111_43",34.7687344000148,-84.2494753549052
"19154",19153,"13_111_43",34.7770502332477,-84.2652160656288
"19155",19154,"13_111_43",34.7677070561843,-84.2647726186193
"19156",19155,"13_111_43",34.7715588669756,-84.2514846886612
"19157",19156,"13_111_43",34.7710079137751,-84.2527778880321
"19158",19157,"13_111_43",34.7635416474584,-84.250024927738
"19159",19158,"13_111_43",34.7697957991457,-84.2587810534073
"19160",19159,"13_111_43",34.774491680679,-84.2574807603173
"19161",19160,"13_123_12",34.7203308374941,-84.2675984930855
"19162",19161,"13_123_12",34.7185434348124,-84.2657704385187
"19163",19162,"13_123_12",34.7279602149304,-84.2761770799196
"19164",19163,"13_123_12",34.7211791691926,-84.2707364612405
"19165",19164,"13_123_12",34.7173114949211,-84.2672837119412
"19166",19165,"13_123_12",34.719923492532,-84.2676700019652
"19167",19166,"13_123_12",34.7194632516207,-84.2622876818162
"19168",19167,"13_123_12",34.7189680198013,-84.2796888130479
"19169",19168,"13_123_12",34.7198698999595,-84.2757130701215
"19170",19169,"13_123_12",34.7198082675832,-84.2613745154932
"19171",19170,"13_137_13",34.719188958509,-83.5651593407445
"19172",19171,"13_137_13",34.7233845091384,-83.5696637536197
"19173",19172,"13_137_13",34.7212143276283,-83.5539637430084
"19174",19173,"13_137_13",34.7274065313776,-83.5537120790097
"19175",19174,"13_137_13",34.7260665028603,-83.569886197584
"19176",19175,"13_137_13",34.7209086036378,-83.5693605320495
"19177",19176,"13_137_13",34.7212466826169,-83.563716359607
"19178",19177,"13_137_13",34.7220559835721,-83.5786258317582
"19179",19178,"13_137_13",34.7118689206328,-83.5647540157132
"19180",19179,"13_137_13",34.7234656641093,-83.5510383828584
"19181",19180,"13_55_21",34.5002595051956,-85.2750371905879
"19182",19181,"13_55_21",34.5045515572946,-85.2727545448331
"19183",19182,"13_55_21",34.5175488384535,-85.2642102677555
"19184",19183,"13_55_21",34.5130580835685,-85.2708152783284
"19185",19184,"13_55_21",34.5076976376396,-85.2725483971106
"19186",19185,"13_55_21",34.4941771905373,-85.2764598389537
"19187",19186,"13_55_21",34.5032037382721,-85.2757106725839
"19188",19187,"13_55_21",34.5087974878902,-85.2691989720383
"19189",19188,"13_55_21",34.5112958961254,-85.2839366762851
"19190",19189,"13_55_21",34.5038093293979,-85.2627718829972
"19191",19190,"13_111_45",34.9753442446174,-84.6081976085225
"19192",19191,"13_111_45",34.9624859037114,-84.6301388220295
"19193",19192,"13_111_45",34.9673802049674,-84.6213013885866
"19194",19193,"13_111_45",34.9737735690839,-84.6116329683348
"19195",19194,"13_111_45",34.9613092493946,-84.6279835878194
"19196",19195,"13_111_45",34.9780161868554,-84.6163430359097
"19197",19196,"13_111_45",34.9676323272904,-84.6192416519302
"19198",19197,"13_111_45",34.9586316834757,-84.6229596969607
"19199",19198,"13_111_45",34.9726790170881,-84.6072528358178
"19200",19199,"13_111_45",34.9674977497679,-84.6196095936643
"19201",19200,"13_213_37",34.8933628356293,-84.6421694673076
"19202",19201,"13_213_37",34.8767936543336,-84.6449904884097
"19203",19202,"13_213_37",34.8959832241674,-84.6429792117618
"19204",19203,"13_213_37",34.888641777693,-84.6405928810225
"19205",19204,"13_213_37",34.8830062549217,-84.6514836035191
"19206",19205,"13_213_37",34.8922033018942,-84.6532521491921
"19207",19206,"13_213_37",34.8910559841705,-84.6267146783288
"19208",19207,"13_213_37",34.8862315094717,-84.6408580483797
"19209",19208,"13_213_37",34.8958921019684,-84.6352766507763
"19210",19209,"13_213_37",34.8984835867129,-84.6465481736589
"19211",19210,"51_139_30",38.5715403280383,-78.3901737196807
"19212",19211,"51_139_30",38.5556195939143,-78.3983889777316
"19213",19212,"51_139_30",38.5769230181861,-78.3972637958974
"19214",19213,"51_139_30",38.5699925585637,-78.3903632214564
"19215",19214,"51_139_30",38.5604002614083,-78.3900393193128
"19216",19215,"51_139_30",38.5677927227143,-78.3806956095344
"19217",19216,"51_139_30",38.5775074993306,-78.3961250409167
"19218",19217,"51_139_30",38.5539555238325,-78.386215797188
"19219",19218,"51_139_30",38.574656158647,-78.3899400643287
"19220",19219,"51_139_30",38.5640284217377,-78.4021851032956
"19221",19220,"51_139_17",38.5189565294494,-78.5483141793869
"19222",19221,"51_139_17",38.5151803195212,-78.5472858281877
"19223",19222,"51_139_17",38.4998277700653,-78.5593266505189
"19224",19223,"51_139_17",38.5198408877846,-78.5610711064995
"19225",19224,"51_139_17",38.5142357684506,-78.5468876582745
"19226",19225,"51_139_17",38.5184856630896,-78.5507773127155
"19227",19226,"51_139_17",38.5133773333001,-78.5485311694257
"19228",19227,"51_139_17",38.5122817526727,-78.5453129161127
"19229",19228,"51_139_17",38.5132308548394,-78.5472906928215
"19230",19229,"51_139_17",38.5131079840031,-78.5570782715482
"19231",19230,"51_23_4",37.6605110176734,-79.8842887714847
"19232",19231,"51_23_4",37.675356207066,-79.8652484520904
"19233",19232,"51_23_4",37.6655975618701,-79.8881436148134
"19234",19233,"51_23_4",37.6646201424931,-79.8753386509765
"19235",19234,"51_23_4",37.6651032346686,-79.8723325594026
"19236",19235,"51_23_4",37.6665870653972,-79.8740571002825
"19237",19236,"51_23_4",37.6650908043151,-79.8677707209401
"19238",19237,"51_23_4",37.6635560325067,-79.8732334536642
"19239",19238,"51_23_4",37.671576678594,-79.8759257868368
"19240",19239,"51_23_4",37.6596887028591,-79.88671975571
"19241",19240,"51_23_46",37.4200669387025,-79.8311654749925
"19242",19241,"51_23_46",37.4176189434276,-79.8438123547626
"19243",19242,"51_23_46",37.4119604818735,-79.8504575008667
"19244",19243,"51_23_46",37.4101180688001,-79.8403296158387
"19245",19244,"51_23_46",37.4205693708643,-79.8558885801527
"19246",19245,"51_23_46",37.4153822089201,-79.8392628057707
"19247",19246,"51_23_46",37.4229119549401,-79.8272304427077
"19248",19247,"51_23_46",37.4082102351667,-79.8269577869936
"19249",19248,"51_23_46",37.4150641509342,-79.8454131368696
"19250",19249,"51_23_46",37.4049251131329,-79.8309936277938
"19251",19250,"51_23_30",37.4986432015354,-79.5663329577135
"19252",19251,"51_23_30",37.4906815621917,-79.5702557198077
"19253",19252,"51_23_30",37.497625820047,-79.5776068921498
"19254",19253,"51_23_30",37.5048302510427,-79.5724665070893
"19255",19254,"51_23_30",37.4882179222972,-79.5634804425417
"19256",19255,"51_23_30",37.496524412042,-79.5576579938493
"19257",19256,"51_23_30",37.4978602216563,-79.5606932720734
"19258",19257,"51_23_30",37.4981360327813,-79.550069443932
"19259",19258,"51_23_30",37.5021592667755,-79.5614726883854
"19260",19259,"51_23_30",37.5037183205642,-79.5671487287756
"19261",19260,"51_23_10",37.6218826317679,-79.9153815299352
"19262",19261,"51_23_10",37.626538665587,-79.9185848756891
"19263",19262,"51_23_10",37.6199138784192,-79.9259571712249
"19264",19263,"51_23_10",37.6182782702628,-79.9332669888294
"19265",19264,"51_23_10",37.6201619435349,-79.9231273546186
"19266",19265,"51_23_10",37.6242651276983,-79.911475057695
"19267",19266,"51_23_10",37.6207500424647,-79.9064829873032
"19268",19267,"51_23_10",37.6083757470224,-79.91785700117
"19269",19268,"51_23_10",37.6176261767405,-79.9100468044175
"19270",19269,"51_23_10",37.6198031245922,-79.9191269963693
"19271",19270,"51_77_14",36.6906639359243,-81.4993753291526
"19272",19271,"51_77_14",36.6899036918973,-81.5086709528786
"19273",19272,"51_77_14",36.6961389283974,-81.4926250264778
"19274",19273,"51_77_14",36.6844654743011,-81.4833662420192
"19275",19274,"51_77_14",36.6739525562322,-81.4960454274052
"19276",19275,"51_77_14",36.6821503548653,-81.4953276428864
"19277",19276,"51_77_14",36.6814250896787,-81.4941478482628
"19278",19277,"51_77_14",36.6856187923743,-81.5094618459535
"19279",19278,"51_77_14",36.6935663083029,-81.4944882397499
"19280",19279,"51_77_14",36.6755585345287,-81.4896101351839
"19281",19280,"13_291_11",34.8780090693833,-83.8864499456607
"19282",19281,"13_291_11",34.8766785582689,-83.9007126426142
"19283",19282,"13_291_11",34.8800619573191,-83.8957923435652
"19284",19283,"13_291_11",34.8643591898265,-83.8797071280448
"19285",19284,"13_291_11",34.8714109805122,-83.8898302625594
"19286",19285,"13_291_11",34.8721386105083,-83.8749385404698
"19287",19286,"13_291_11",34.8797160097117,-83.8907869539971
"19288",19287,"13_291_11",34.874747332491,-83.894864097651
"19289",19288,"13_291_11",34.8855032076978,-83.8825379404569
"19290",19289,"13_291_11",34.8781688954514,-83.8916496455857
"19291",19290,"13_111_107",34.9252805682263,-84.2019507616099
"19292",19291,"13_111_107",34.9372040500428,-84.1860976404962
"19293",19292,"13_111_107",34.9162224284569,-84.1854455329709
"19294",19293,"13_111_107",34.9253764133436,-84.167495837021
"19295",19294,"13_111_107",34.9206765131813,-84.1854757777874
"19296",19295,"13_111_107",34.9259014962093,-84.1775502727374
"19297",19296,"13_111_107",34.9321788653718,-84.1939303806
"19298",19297,"13_111_107",34.9251245445219,-84.1879402826661
"19299",19298,"13_111_107",34.9293458565875,-84.1831790810751
"19300",19299,"13_111_107",34.9283113613574,-84.1906162763451
"19301",19300,"13_111_119",34.6743269066019,-84.1687076685963
"19302",19301,"13_111_119",34.6763660867979,-84.159904859779
"19303",19302,"13_111_119",34.6680097718559,-84.1619332144735
"19304",19303,"13_111_119",34.6681783055524,-84.1647352249451
"19305",19304,"13_111_119",34.6716244035122,-84.1603671164755
"19306",19305,"13_111_119",34.6828563315346,-84.1605607492383
"19307",19306,"13_111_119",34.6760867108357,-84.1675605943902
"19308",19307,"13_111_119",34.6739367939126,-84.1607345185241
"19309",19308,"13_111_119",34.6837987498425,-84.1607153262427
"19310",19309,"13_111_119",34.6720190966217,-84.172031771175
"19311",19310,"13_111_117",34.8801683496674,-84.142409038613
"19312",19311,"13_111_117",34.8629770659733,-84.1406324071425
"19313",19312,"13_111_117",34.862753584853,-84.1453467282821
"19314",19313,"13_111_117",34.8730054303203,-84.1449451533215
"19315",19314,"13_111_117",34.8698148253764,-84.1340384283718
"19316",19315,"13_111_117",34.8611177691041,-84.1538087917737
"19317",19316,"13_111_117",34.8698537090696,-84.1466425598918
"19318",19317,"13_111_117",34.8716432814888,-84.1385290748894
"19319",19318,"13_111_117",34.8691068220784,-84.144218711556
"19320",19319,"13_111_117",34.8759989601211,-84.1452843328693
"19321",19320,"13_115_96",34.166972522408,-85.1119269058753
"19322",19321,"13_115_96",34.1733365189997,-85.1137916417321
"19323",19322,"13_115_96",34.1775380598505,-85.1191886632717
"19324",19323,"13_115_96",34.1584335772038,-85.1148524084369
"19325",19324,"13_115_96",34.1718757983551,-85.1102663150214
"19326",19325,"13_115_96",34.1705515205395,-85.109724864101
"19327",19326,"13_115_96",34.1704432041642,-85.0932861331755
"19328",19327,"13_115_96",34.1757327343204,-85.10717806014
"19329",19328,"13_115_96",34.1734973187234,-85.1087766446663
"19330",19329,"13_115_96",34.1691957008432,-85.0944918194279
"19331",19330,"13_291_35",34.7878932388133,-83.9680432200565
"19332",19331,"13_291_35",34.7815793363609,-83.9671740596547
"19333",19332,"13_291_35",34.7987365708963,-83.9618696084672
"19334",19333,"13_291_35",34.7869275416675,-83.9593311844048
"19335",19334,"13_291_35",34.8004234677204,-83.9587727707177
"19336",19335,"13_291_35",34.7929332869176,-83.9658154302096
"19337",19336,"13_291_35",34.7882507211219,-83.9569744012502
"19338",19337,"13_291_35",34.7895484639628,-83.9423032033648
"19339",19338,"13_291_35",34.7814629186368,-83.9432653314598
"19340",19339,"13_291_35",34.7783254301862,-83.9542602407132
"19341",19340,"13_291_136",34.9360552869251,-84.1500821431897
"19342",19341,"13_291_136",34.9404028128664,-84.1312648457375
"19343",19342,"13_291_136",34.9347907068071,-84.1526288724955
"19344",19343,"13_291_136",34.9428879557302,-84.1487829234409
"19345",19344,"13_291_136",34.9403712407696,-84.1424315426556
"19346",19345,"13_291_136",34.9318799509152,-84.1336530987716
"19347",19346,"13_291_136",34.9360214397863,-84.1436100123861
"19348",19347,"13_291_136",34.9392772279404,-84.1396360741851
"19349",19348,"13_291_136",34.9369415496395,-84.1342260272202
"19350",19349,"13_291_136",34.9334369248791,-84.1527576835775
"19351",19350,"13_241_11",34.7701865492886,-83.5362617889427
"19352",19351,"13_241_11",34.7801287395277,-83.5266267190348
"19353",19352,"13_241_11",34.7664116862129,-83.5434407920921
"19354",19353,"13_241_11",34.7682413128478,-83.5312030924195
"19355",19354,"13_241_11",34.7716217634219,-83.5316436907721
"19356",19355,"13_241_11",34.7753668590738,-83.5317388788328
"19357",19356,"13_241_11",34.7782271576708,-83.5431808112515
"19358",19357,"13_241_11",34.7705398481317,-83.5297328465891
"19359",19358,"13_241_11",34.7737819631024,-83.5263874522991
"19360",19359,"13_241_11",34.7875130655987,-83.5309960604537
"19361",19360,"13_241_31",34.839529612962,-83.5004306239679
"19362",19361,"13_241_31",34.8291060729354,-83.5050942635894
"19363",19362,"13_241_31",34.8362812930193,-83.4916113825086
"19364",19363,"13_241_31",34.826602849428,-83.5119138778796
"19365",19364,"13_241_31",34.8406481653017,-83.5180721408393
"19366",19365,"13_241_31",34.8418385271809,-83.5075868230328
"19367",19366,"13_241_31",34.8437803979816,-83.5173293843662
"19368",19367,"13_241_31",34.8378182264717,-83.5004235918543
"19369",19368,"13_241_31",34.8325400640534,-83.5098346440521
"19370",19369,"13_241_31",34.8487631429988,-83.5033983182979
"19371",19370,"13_281_50",34.9362465584102,-83.7073662852577
"19372",19371,"13_281_50",34.9369160821604,-83.7097436913242
"19373",19372,"13_281_50",34.9405767647251,-83.6962744539452
"19374",19373,"13_281_50",34.9462050829445,-83.7003820330934
"19375",19374,"13_281_50",34.9386449908624,-83.7145681916386
"19376",19375,"13_281_50",34.9377868155024,-83.7057375560131
"19377",19376,"13_281_50",34.9429248358227,-83.7048141784334
"19378",19377,"13_281_50",34.9441884075302,-83.7112845121775
"19379",19378,"13_281_50",34.9394486471601,-83.7069721052275
"19380",19379,"13_281_50",34.931724004502,-83.7130488000185
"19381",19380,"13_213_103",34.8878214660662,-84.6776338274494
"19382",19381,"13_213_103",34.894136908933,-84.6717906914398
"19383",19382,"13_213_103",34.898371792213,-84.6754749198654
"19384",19383,"13_213_103",34.8979742327783,-84.6782216165297
"19385",19384,"13_213_103",34.8997075291475,-84.6762397343301
"19386",19385,"13_213_103",34.8965872373158,-84.6761980859367
"19387",19386,"13_213_103",34.8970564038734,-84.679118560474
"19388",19387,"13_213_103",34.8960116761741,-84.6736868592562
"19389",19388,"13_213_103",34.8901711800767,-84.6748813699629
"19390",19389,"13_213_103",34.8854162488606,-84.6872230854112
"19391",19390,"13_291_12",34.814911428833,-83.7987612827101
"19392",19391,"13_291_12",34.8187279599097,-83.7818437941034
"19393",19392,"13_291_12",34.8222490347433,-83.7975327974595
"19394",19393,"13_291_12",34.8105282805592,-83.790874357606
"19395",19394,"13_291_12",34.8293492887355,-83.8027533962011
"19396",19395,"13_291_12",34.8241345159352,-83.801040376238
"19397",19396,"13_291_12",34.8134199432166,-83.8027661495552
"19398",19397,"13_291_12",34.8152342955392,-83.7902017211027
"19399",19398,"13_291_12",34.8206400264687,-83.8104962017883
"19400",19399,"13_291_12",34.8238882016261,-83.7970740512031
"19401",19400,"13_281_48",34.9590304681025,-83.8542392551436
"19402",19401,"13_281_48",34.9662336575884,-83.8636712565005
"19403",19402,"13_281_48",34.9666092779414,-83.857789260591
"19404",19403,"13_281_48",34.9641479545982,-83.8695710010578
"19405",19404,"13_281_48",34.9689084057989,-83.8616039157128
"19406",19405,"13_281_48",34.9631951304316,-83.8617281274849
"19407",19406,"13_281_48",34.9665878191902,-83.8688797952829
"19408",19407,"13_281_48",34.9681574559415,-83.8663868161911
"19409",19408,"13_281_48",34.9692162117727,-83.8519322765826
"19410",19409,"13_281_48",34.9751130110777,-83.856138081398
"19411",19410,"13_55_71",34.5515933176433,-85.2816608610293
"19412",19411,"13_55_71",34.539633849765,-85.2962459688541
"19413",19412,"13_55_71",34.539808637484,-85.2821399825573
"19414",19413,"13_55_71",34.5429017903278,-85.2965871530535
"19415",19414,"13_55_71",34.5432957459303,-85.2768556917964
"19416",19415,"13_55_71",34.5403303433214,-85.2824866115721
"19417",19416,"13_55_71",34.5398149513283,-85.2834361902887
"19418",19417,"13_55_71",34.5406941244359,-85.2805290759075
"19419",19418,"13_55_71",34.5340288838831,-85.293906978673
"19420",19419,"13_55_71",34.5440549036226,-85.28438027653
"19421",19420,"13_241_144",34.9870402160923,-83.5168306574546
"19422",19421,"13_241_144",34.9865842015321,-83.5016770024027
"19423",19422,"13_241_144",34.9854391677026,-83.5230637333592
"19424",19423,"13_241_144",34.9819838038034,-83.5300303498078
"19425",19424,"13_241_144",34.9973034460124,-83.5053296241332
"19426",19425,"13_241_144",34.9809064682201,-83.5117702689316
"19427",19426,"13_241_144",34.9994228760251,-83.5177985957955
"19428",19427,"13_241_144",34.9927167717672,-83.5158370753993
"19429",19428,"13_241_144",34.9814062377877,-83.5070875599172
"19430",19429,"13_241_144",34.9941153101865,-83.5299051544877
"19431",19430,"13_241_147",34.9588188155597,-83.3563716887869
"19432",19431,"13_241_147",34.9578419697605,-83.3506596471244
"19433",19432,"13_241_147",34.9402373207563,-83.3529574683547
"19434",19433,"13_241_147",34.9481985391329,-83.3591839982327
"19435",19434,"13_241_147",34.9471100564012,-83.3567619463432
"19436",19435,"13_241_147",34.9446464032177,-83.3692355681288
"19437",19436,"13_241_147",34.9605640413809,-83.3663952241569
"19438",19437,"13_241_147",34.9441688792591,-83.3634618016774
"19439",19438,"13_241_147",34.9525197088918,-83.3611533340167
"19440",19439,"13_241_147",34.9491833984882,-83.36151172975
"19441",19440,"13_111_112",34.9436351252456,-84.3430600315017
"19442",19441,"13_111_112",34.9459359351626,-84.3449442538484
"19443",19442,"13_111_112",34.9481716112516,-84.3462863916755
"19444",19443,"13_111_112",34.9357584652486,-84.3360686300295
"19445",19444,"13_111_112",34.9354893625364,-84.3223262371977
"19446",19445,"13_111_112",34.9339045131528,-84.3415325866203
"19447",19446,"13_111_112",34.9378568249219,-84.3318772967959
"19448",19447,"13_111_112",34.9406892650765,-84.3421721320935
"19449",19448,"13_111_112",34.9379130312739,-84.3364525232475
"19450",19449,"13_111_112",34.9352709982915,-84.3226365574677
"19451",19450,"13_137_8",34.659525296476,-83.6030020921037
"19452",19451,"13_137_8",34.675225730383,-83.600046610957
"19453",19452,"13_137_8",34.6762233341618,-83.6106965434383
"19454",19453,"13_137_8",34.673619327904,-83.6086499940079
"19455",19454,"13_137_8",34.6687909245689,-83.6137754383809
"19456",19455,"13_137_8",34.6810914458267,-83.5883896252825
"19457",19456,"13_137_8",34.6671766761366,-83.6016953351816
"19458",19457,"13_137_8",34.6845163765218,-83.5990068379405
"19459",19458,"13_137_8",34.6662924101396,-83.5895030886641
"19460",19459,"13_137_8",34.6715177392572,-83.6030204842186
"19461",19460,"13_111_105",34.6620586986444,-84.2089667720564
"19462",19461,"13_111_105",34.65774395293,-84.224058914777
"19463",19462,"13_111_105",34.6507029419809,-84.2124023223456
"19464",19463,"13_111_105",34.6491999323665,-84.2030308228058
"19465",19464,"13_111_105",34.6526724080303,-84.2125799556995
"19466",19465,"13_111_105",34.6500059864877,-84.2162618352037
"19467",19466,"13_111_105",34.6510012218057,-84.2165299413076
"19468",19467,"13_111_105",34.6507277710209,-84.216115469614
"19469",19468,"13_111_105",34.6518254671315,-84.2070910558061
"19470",19469,"13_111_105",34.6439791848827,-84.2032146511069
"19471",19470,"13_123_95",34.7284921587208,-84.6172315254121
"19472",19471,"13_123_95",34.7231912886911,-84.6307921845408
"19473",19472,"13_123_95",34.7260557651965,-84.6234573963097
"19474",19473,"13_123_95",34.7349317696213,-84.6125784176491
"19475",19474,"13_123_95",34.7252041677567,-84.6198705423452
"19476",19475,"13_123_95",34.7248705849993,-84.617935240363
"19477",19476,"13_123_95",34.7261179012539,-84.6143033919454
"19478",19477,"13_123_95",34.7120472954779,-84.6226862610636
"19479",19478,"13_123_95",34.7134438621925,-84.6163031584762
"19480",19479,"13_123_95",34.7234975851805,-84.6195969679266
"19481",19480,"13_213_102",34.8516527433098,-84.628493753138
"19482",19481,"13_213_102",34.8547358984919,-84.6150978940513
"19483",19482,"13_213_102",34.8504194112899,-84.6181105042576
"19484",19483,"13_213_102",34.8478897776757,-84.619009463709
"19485",19484,"13_213_102",34.8457126831225,-84.6212239038999
"19486",19485,"13_213_102",34.8373975299679,-84.6158681222027
"19487",19486,"13_213_102",34.8417103175653,-84.6146737892977
"19488",19487,"13_213_102",34.8469394853384,-84.6219249350278
"19489",19488,"13_213_102",34.8500560477836,-84.6236817460362
"19490",19489,"13_213_102",34.8534357448547,-84.6197167998627
"19491",19490,"13_281_1",34.8267063976974,-83.6485933188
"19492",19491,"13_281_1",34.814677787559,-83.6598708236807
"19493",19492,"13_281_1",34.8278962958102,-83.6572469590506
"19494",19493,"13_281_1",34.8126487012802,-83.6551626184458
"19495",19494,"13_281_1",34.8266326368921,-83.6737616793654
"19496",19495,"13_281_1",34.8366063299681,-83.6532815557491
"19497",19496,"13_281_1",34.8247578481544,-83.6529639914663
"19498",19497,"13_281_1",34.8277268272124,-83.6558088984633
"19499",19498,"13_281_1",34.8253034545325,-83.66680995214
"19500",19499,"13_281_1",34.8177218293267,-83.6617173264442
"19501",19500,"13_123_96",34.7081349001561,-84.6013110865404
"19502",19501,"13_123_96",34.7139835217125,-84.5945465298762
"19503",19502,"13_123_96",34.725859180122,-84.5887712041703
"19504",19503,"13_123_96",34.7067795866291,-84.5856126512784
"19505",19504,"13_123_96",34.7009450425252,-84.5858490742664
"19506",19505,"13_123_96",34.7158002634181,-84.599971385109
"19507",19506,"13_123_96",34.7175729098154,-84.5851060995871
"19508",19507,"13_123_96",34.7139161625779,-84.589744976216
"19509",19508,"13_123_96",34.7176695384557,-84.5833118106935
"19510",19509,"13_123_96",34.7149490929125,-84.5943503635862
"19511",19510,"13_123_105",34.6289193866137,-84.1958171171681
"19512",19511,"13_123_105",34.6341451229726,-84.211427141008
"19513",19512,"13_123_105",34.6308229208503,-84.2113151229038
"19514",19513,"13_123_105",34.6345367623951,-84.2106268805083
"19515",19514,"13_123_105",34.6277209292278,-84.2118126980777
"19516",19515,"13_123_105",34.6338441700196,-84.1983488748678
"19517",19516,"13_123_105",34.6375153102075,-84.220935387249
"19518",19517,"13_123_105",34.625904281244,-84.1956849668795
"19519",19518,"13_123_105",34.6294792377491,-84.2078373477464
"19520",19519,"13_123_105",34.6294354900709,-84.2144479111557
"19521",19520,"13_123_45",34.6064326669467,-84.2262526287044
"19522",19521,"13_123_45",34.6009556297046,-84.225747655707
"19523",19522,"13_123_45",34.5883358196533,-84.2280261359146
"19524",19523,"13_123_45",34.5951514658748,-84.2285245774373
"19525",19524,"13_123_45",34.6132518015603,-84.2243689648015
"19526",19525,"13_123_45",34.589313592096,-84.2225679623199
"19527",19526,"13_123_45",34.5965374684805,-84.2222301191116
"19528",19527,"13_123_45",34.613702785113,-84.2242574222766
"19529",19528,"13_123_45",34.5994423823133,-84.2261982799661
"19530",19529,"13_123_45",34.6002322006869,-84.2253261848128
"19531",19530,"13_187_62",34.7077032501393,-83.9807999600245
"19532",19531,"13_187_62",34.7167940900334,-83.9595743301336
"19533",19532,"13_187_62",34.7225029100789,-83.9751375724208
"19534",19533,"13_187_62",34.7195580816199,-83.9722839760886
"19535",19534,"13_187_62",34.7116193861747,-83.977142875842
"19536",19535,"13_187_62",34.7019564067546,-83.9755769661737
"19537",19536,"13_187_62",34.7104516753309,-83.9722872355524
"19538",19537,"13_187_62",34.714503857213,-83.9704282728936
"19539",19538,"13_187_62",34.7226454006442,-83.972970258646
"19540",19539,"13_187_62",34.7142681742483,-83.9634152683116
"19541",19540,"13_213_101",34.8040988859616,-84.7965368754198
"19542",19541,"13_213_101",34.8078479284504,-84.8118590242132
"19543",19542,"13_213_101",34.7984847347503,-84.8205701242791
"19544",19543,"13_213_101",34.8087604294422,-84.8053716599011
"19545",19544,"13_213_101",34.8057762185137,-84.8135191650122
"19546",19545,"13_213_101",34.8094018858258,-84.8136472206132
"19547",19546,"13_213_101",34.8032102021364,-84.8213213687769
"19548",19547,"13_213_101",34.8068518991836,-84.8267715757198
"19549",19548,"13_213_101",34.8102269235927,-84.8119589169374
"19550",19549,"13_213_101",34.8052666654216,-84.8260032913411
"19551",19550,"13_281_49",34.9048808487751,-83.713633945162
"19552",19551,"13_281_49",34.9042555109889,-83.7324549712952
"19553",19552,"13_281_49",34.9053947815887,-83.7195142815751
"19554",19553,"13_281_49",34.9090727179406,-83.7270891247523
"19555",19554,"13_281_49",34.9086287341704,-83.7181031810769
"19556",19555,"13_281_49",34.9099399506219,-83.7140638033928
"19557",19556,"13_281_49",34.9058886513173,-83.7210899341905
"19558",19557,"13_281_49",34.9057761466189,-83.7217738873001
"19559",19558,"13_281_49",34.9091187855351,-83.7148262323019
"19560",19559,"13_281_49",34.9009304619025,-83.7146168003799
"19561",19560,"13_291_127",34.6619869234976,-84.0421393283354
"19562",19561,"13_291_127",34.6606634770544,-84.055230871324
"19563",19562,"13_291_127",34.6659716369208,-84.0560143176369
"19564",19563,"13_291_127",34.6729534612833,-84.0410273234986
"19565",19564,"13_291_127",34.6687785479378,-84.052227171677
"19566",19565,"13_291_127",34.6697583408378,-84.0339040994751
"19567",19566,"13_291_127",34.6796838442121,-84.0522169120707
"19568",19567,"13_291_127",34.6717030829535,-84.0571355936599
"19569",19568,"13_291_127",34.6787847887023,-84.0516020813706
"19570",19569,"13_291_127",34.6704465685767,-84.0448410967976
"19571",19570,"13_311_57",34.7439448937733,-83.7566881302492
"19572",19571,"13_311_57",34.7465987810037,-83.7508893464475
"19573",19572,"13_311_57",34.7413300487558,-83.7521227965441
"19574",19573,"13_311_57",34.7490589872449,-83.7665455137378
"19575",19574,"13_311_57",34.7514835014785,-83.7610487833562
"19576",19575,"13_311_57",34.7421923803014,-83.7530784603614
"19577",19576,"13_311_57",34.7457724949135,-83.7578835606257
"19578",19577,"13_311_57",34.7454336038121,-83.7494878344403
"19579",19578,"13_311_57",34.7435212038308,-83.7568939720209
"19580",19579,"13_311_57",34.7430209559743,-83.7589292267538
"19581",19580,"13_129_68",34.5112550729646,-84.692580295542
"19582",19581,"13_129_68",34.5031912409548,-84.6829508744379
"19583",19582,"13_129_68",34.5093604119573,-84.696544065671
"19584",19583,"13_129_68",34.5005278152428,-84.7020815049981
"19585",19584,"13_129_68",34.500803803769,-84.6898604149733
"19586",19585,"13_129_68",34.5001990371239,-84.6963208226023
"19587",19586,"13_129_68",34.5001201353598,-84.704955216122
"19588",19587,"13_129_68",34.5039792137662,-84.70324809077
"19589",19588,"13_129_68",34.5053313543824,-84.6981054835739
"19590",19589,"13_129_68",34.5194707250281,-84.6985114634412
"19591",19590,"13_241_140",34.8316256547337,-83.5815789500221
"19592",19591,"13_241_140",34.8300806065876,-83.5709202759533
"19593",19592,"13_241_140",34.8306209914273,-83.5916329054002
"19594",19593,"13_241_140",34.8312128283708,-83.5828132868645
"19595",19594,"13_241_140",34.8313923279717,-83.5831743068429
"19596",19595,"13_241_140",34.8259036008495,-83.5971433374157
"19597",19596,"13_241_140",34.8331490550594,-83.5862322271164
"19598",19597,"13_241_140",34.8306143658328,-83.5847525223806
"19599",19598,"13_241_140",34.8363792229296,-83.5728638903469
"19600",19599,"13_241_140",34.8278974637939,-83.5835717396031
"19601",19600,"13_241_142",34.9880265166308,-83.1288257027471
"19602",19601,"13_241_142",34.9873717415673,-83.1370007603468
"19603",19602,"13_241_142",34.9826466380828,-83.1273667867934
"19604",19603,"13_241_142",34.9893960827308,-83.1189953891336
"19605",19604,"13_241_142",34.9891317075647,-83.1319943527054
"19606",19605,"13_241_142",34.9913473821638,-83.128684751003
"19607",19606,"13_241_142",34.99116632655,-83.1306015111674
"19608",19607,"13_241_142",34.9911736968929,-83.1366514488031
"19609",19608,"13_241_142",34.9877779057195,-83.1368225382857
"19610",19609,"13_241_142",34.994210728215,-83.1364368277072
"19611",19610,"13_281_11",34.9205949732313,-83.5901791612995
"19612",19611,"13_281_11",34.9179111313272,-83.5933531578044
"19613",19612,"13_281_11",34.9221506382985,-83.5954759277739
"19614",19613,"13_281_11",34.9293713197013,-83.5994203378972
"19615",19614,"13_281_11",34.9252530582077,-83.5962235994647
"19616",19615,"13_281_11",34.9293562871466,-83.5910151335923
"19617",19616,"13_281_11",34.9296366434374,-83.6157033824267
"19618",19617,"13_281_11",34.9400492841064,-83.5992670443755
"19619",19618,"13_281_11",34.9317001195556,-83.6010221045376
"19620",19619,"13_281_11",34.9197249757906,-83.6055252727433
"19621",19620,"13_311_56",34.7047559849505,-83.6719039458777
"19622",19621,"13_311_56",34.710587321541,-83.6717430139011
"19623",19622,"13_311_56",34.702194772543,-83.676366319601
"19624",19623,"13_311_56",34.7077073321313,-83.6744090942477
"19625",19624,"13_311_56",34.7059165755688,-83.6784511157568
"19626",19625,"13_311_56",34.718528436229,-83.6655543021185
"19627",19626,"13_311_56",34.7034491953183,-83.6673268969765
"19628",19627,"13_311_56",34.7088786934276,-83.668989710146
"19629",19628,"13_311_56",34.7044383354848,-83.6752154608323
"19630",19629,"13_311_56",34.6996673306174,-83.6787378872637
"19631",19630,"13_241_9",34.8467165891045,-83.5991127931286
"19632",19631,"13_241_9",34.8419358765732,-83.6106286642379
"19633",19632,"13_241_9",34.8526670259191,-83.6073940449797
"19634",19633,"13_241_9",34.8493459075247,-83.5959459519504
"19635",19634,"13_241_9",34.8509988971194,-83.6043657930793
"19636",19635,"13_241_9",34.8461206600981,-83.6077274849175
"19637",19636,"13_241_9",34.849949251683,-83.6123466686124
"19638",19637,"13_241_9",34.8329317941497,-83.594418109267
"19639",19638,"13_241_9",34.851546294646,-83.5911471077992
"19640",19639,"13_241_9",34.8576159582338,-83.6092278020739
"19641",19640,"13_241_139",34.7614842361073,-83.4904452551139
"19642",19641,"13_241_139",34.7479346078471,-83.4986401659843
"19643",19642,"13_241_139",34.7663278996699,-83.5144579605694
"19644",19643,"13_241_139",34.7563269403367,-83.4859394569109
"19645",19644,"13_241_139",34.7583398871017,-83.5023840158725
"19646",19645,"13_241_139",34.7561675901458,-83.5053782512701
"19647",19646,"13_241_139",34.7558311088048,-83.508837924034
"19648",19647,"13_241_139",34.7675817317705,-83.5130830340153
"19649",19648,"13_241_139",34.7691046832773,-83.5123596819734
"19650",19649,"13_241_139",34.762724586542,-83.4983132874926
"19651",19650,"13_291_5",34.7702213580423,-83.8914525821427
"19652",19651,"13_291_5",34.7752115431148,-83.9001126068429
"19653",19652,"13_291_5",34.7679038609887,-83.9051522284465
"19654",19653,"13_291_5",34.7636969117032,-83.9115488278407
"19655",19654,"13_291_5",34.7551622116917,-83.897782155084
"19656",19655,"13_291_5",34.7648251666161,-83.9041995237135
"19657",19656,"13_291_5",34.7667894192274,-83.9067508224112
"19658",19657,"13_291_5",34.7698916833558,-83.9024353985161
"19659",19658,"13_291_5",34.7663293419781,-83.9041960382834
"19660",19659,"13_291_5",34.7684459029682,-83.9119720745336
"19661",19660,"13_291_138",34.8021273489842,-83.8502903396939
"19662",19661,"13_291_138",34.7983174168223,-83.8405554070127
"19663",19662,"13_291_138",34.8016345150158,-83.8357715814054
"19664",19663,"13_291_138",34.7879246720365,-83.8498417162956
"19665",19664,"13_291_138",34.7985317392321,-83.8487468453673
"19666",19665,"13_291_138",34.7953223440591,-83.8490265286231
"19667",19666,"13_291_138",34.7923692335881,-83.8416448938345
"19668",19667,"13_291_138",34.793283926014,-83.8482079732192
"19669",19668,"13_291_138",34.7983922222785,-83.8454639301892
"19670",19669,"13_291_138",34.7993470463697,-83.8423357772382
"19671",19670,"51_5_40",37.8015706143444,-80.2166175117108
"19672",19671,"51_5_40",37.7983972561577,-80.2051843554966
"19673",19672,"51_5_40",37.8084485319168,-80.1999070398954
"19674",19673,"51_5_40",37.7999990344418,-80.2053450787403
"19675",19674,"51_5_40",37.8020930936206,-80.2124771366697
"19676",19675,"51_5_40",37.7979488009447,-80.2095985585617
"19677",19676,"51_5_40",37.80029342835,-80.199627810293
"19678",19677,"51_5_40",37.8048663323277,-80.1992224349865
"19679",19678,"51_5_40",37.7980337348716,-80.2157201575798
"19680",19679,"51_5_40",37.8052049937163,-80.2112580638579
"19681",19680,"51_91_32",38.3438185024615,-79.7368718095244
"19682",19681,"51_91_32",38.3402727154566,-79.7175107026625
"19683",19682,"51_91_32",38.345916110275,-79.7282518885485
"19684",19683,"51_91_32",38.336745042422,-79.7267238753192
"19685",19684,"51_91_32",38.3405404933049,-79.7165004341786
"19686",19685,"51_91_32",38.3441067402306,-79.7327735655425
"19687",19686,"51_91_32",38.3418783850695,-79.7251859183673
"19688",19687,"51_91_32",38.3384179594997,-79.7296793875948
"19689",19688,"51_91_32",38.3505444803596,-79.7289501970173
"19690",19689,"51_91_32",38.3523496824679,-79.7235693859328
"19691",19690,"51_91_31",38.5143716024754,-79.6323470260706
"19692",19691,"51_91_31",38.5051880678185,-79.6353341802013
"19693",19692,"51_91_31",38.5212460134436,-79.6444458055164
"19694",19693,"51_91_31",38.529734960841,-79.6362773904196
"19695",19694,"51_91_31",38.524825913819,-79.6244015543566
"19696",19695,"51_91_31",38.5057618733542,-79.631026753118
"19697",19696,"51_91_31",38.5143852870477,-79.6330622311709
"19698",19697,"51_91_31",38.5170736873324,-79.6317841823466
"19699",19698,"51_91_31",38.5148681026216,-79.6321742240355
"19700",19699,"51_91_31",38.5250393090456,-79.6409867326851
"19701",19700,"51_91_46",38.3884690766502,-79.3838766565426
"19702",19701,"51_91_46",38.3739959069724,-79.3869426068216
"19703",19702,"51_91_46",38.3859792808437,-79.3788519975824
"19704",19703,"51_91_46",38.3930026976812,-79.3900098227061
"19705",19704,"51_91_46",38.3785746553927,-79.3666128868973
"19706",19705,"51_91_46",38.3937152330142,-79.3845313234814
"19707",19706,"51_91_46",38.3823312028984,-79.3756877921004
"19708",19707,"51_91_46",38.3746809028566,-79.3741202872828
"19709",19708,"51_91_46",38.3929414986476,-79.3654005741672
"19710",19709,"51_91_46",38.3835823711358,-79.3759959691968
"19711",19710,"51_9_40",37.5885408189596,-79.3776150330899
"19712",19711,"51_9_40",37.5899944448525,-79.3735223633129
"19713",19712,"51_9_40",37.5914754690014,-79.3707627185047
"19714",19713,"51_9_40",37.5934276310285,-79.3907586642439
"19715",19714,"51_9_40",37.5821687933647,-79.3799039856674
"19716",19715,"51_9_40",37.5916140675757,-79.3775478823984
"19717",19716,"51_9_40",37.591564295169,-79.3766821560593
"19718",19717,"51_9_40",37.584187825433,-79.3697938670448
"19719",19718,"51_9_40",37.5747794490123,-79.372628892575
"19720",19719,"51_9_40",37.5826145440579,-79.3833364483951
"19721",19720,"51_9_38",37.7436901016689,-79.2828417816774
"19722",19721,"51_9_38",37.7562574293617,-79.299922871938
"19723",19722,"51_9_38",37.7457441124557,-79.2852524047949
"19724",19723,"51_9_38",37.7377410185046,-79.2994823844872
"19725",19724,"51_9_38",37.7586809458184,-79.2926555032484
"19726",19725,"51_9_38",37.7530327453837,-79.2991001864888
"19727",19726,"51_9_38",37.7485490689325,-79.2849889985188
"19728",19727,"51_9_38",37.753816627958,-79.2849851221346
"19729",19728,"51_9_38",37.7385108855236,-79.2816102775541
"19730",19729,"51_9_38",37.7369986405196,-79.3003831959592
"19731",19730,"51_71_13",37.2078933076966,-80.8751727141374
"19732",19731,"51_71_13",37.2051417609618,-80.8762689256684
"19733",19732,"51_71_13",37.2065726843126,-80.8761907926937
"19734",19733,"51_71_13",37.2129290975374,-80.8665372691701
"19735",19734,"51_71_13",37.2046472921309,-80.8747879152831
"19736",19735,"51_71_13",37.2062257881054,-80.873114214273
"19737",19736,"51_71_13",37.1985855744774,-80.8700960357744
"19738",19737,"51_71_13",37.2174321077115,-80.8841375927119
"19739",19738,"51_71_13",37.2137743003468,-80.8741311866794
"19740",19739,"51_71_13",37.2092556717014,-80.8751547564178
"19741",19740,"51_71_16",37.3246872956637,-80.7798937483772
"19742",19741,"51_71_16",37.3249321208949,-80.7862194324796
"19743",19742,"51_71_16",37.3322248693542,-80.7859880092008
"19744",19743,"51_71_16",37.3206328594008,-80.7773900621114
"19745",19744,"51_71_16",37.3245549147253,-80.7818498868605
"19746",19745,"51_71_16",37.3286207445829,-80.7905554170463
"19747",19746,"51_71_16",37.321655593953,-80.7938209371534
"19748",19747,"51_71_16",37.3253744871802,-80.7864821752874
"19749",19748,"51_71_16",37.3268526626927,-80.7946076760189
"19750",19749,"51_71_16",37.3243847791599,-80.7859897354945
"19751",19750,"51_71_36",37.1987287534191,-80.8245551102856
"19752",19751,"51_71_36",37.1953226464597,-80.8238446072835
"19753",19752,"51_71_36",37.1958361967234,-80.8333730873055
"19754",19753,"51_71_36",37.1972849116863,-80.8146981368546
"19755",19754,"51_71_36",37.1980182166347,-80.8218647745719
"19756",19755,"51_71_36",37.1951537524354,-80.8168374135729
"19757",19756,"51_71_36",37.1972029169404,-80.8266473952867
"19758",19757,"51_71_36",37.2028904913102,-80.8203475039639
"19759",19758,"51_71_36",37.1954422903834,-80.823611914834
"19760",19759,"51_71_36",37.1915454284365,-80.8228907097467
"19761",19760,"51_91_7",38.2402780139017,-79.4947660470679
"19762",19761,"51_91_7",38.2393708084938,-79.4934425036612
"19763",19762,"51_91_7",38.226226560545,-79.5015817668091
"19764",19763,"51_91_7",38.2312796577827,-79.5023078165884
"19765",19764,"51_91_7",38.236426590685,-79.5052454800059
"19766",19765,"51_91_7",38.2427353752388,-79.4893796394543
"19767",19766,"51_91_7",38.2356720614336,-79.5043388792841
"19768",19767,"51_91_7",38.2384745707415,-79.5138897476562
"19769",19768,"51_91_7",38.2379194969879,-79.5001137036091
"19770",19769,"51_91_7",38.2251201833504,-79.4978670487958
"19771",19770,"51_139_9",38.5115254146947,-78.6491314126001
"19772",19771,"51_139_9",38.5142193739033,-78.6325075749688
"19773",19772,"51_139_9",38.5117427227736,-78.6329866132497
"19774",19773,"51_139_9",38.5348976514977,-78.6300942748384
"19775",19774,"51_139_9",38.5220097503074,-78.6367668469206
"19776",19775,"51_139_9",38.5234716654053,-78.6366179717003
"19777",19776,"51_139_9",38.5184850516938,-78.6527640586399
"19778",19777,"51_139_9",38.5296668581738,-78.6349359161215
"19779",19778,"51_139_9",38.5302685101942,-78.6447642011039
"19780",19779,"51_139_9",38.5219225597375,-78.6337962908113
"19781",19780,"51_139_25",38.5062835728154,-78.4540411019278
"19782",19781,"51_139_25",38.5222095301109,-78.4480518014108
"19783",19782,"51_139_25",38.5289131431098,-78.4460521915593
"19784",19783,"51_139_25",38.5227752848917,-78.4654314129478
"19785",19784,"51_139_25",38.5132556941218,-78.4522029394775
"19786",19785,"51_139_25",38.5187085961172,-78.4511445613799
"19787",19786,"51_139_25",38.511938989095,-78.467408850135
"19788",19787,"51_139_25",38.5207644252018,-78.4634844563513
"19789",19788,"51_139_25",38.5202070010544,-78.452180742494
"19790",19789,"51_139_25",38.5170983739296,-78.4552368331882
"19791",19790,"51_165_69",38.6966938313371,-79.0626112402313
"19792",19791,"51_165_69",38.6950448419183,-79.064872941913
"19793",19792,"51_165_69",38.698255932305,-79.0530856445626
"19794",19793,"51_165_69",38.6977892781848,-79.0651795215265
"19795",19794,"51_165_69",38.6936917408441,-79.0559661548786
"19796",19795,"51_165_69",38.6962231525863,-79.0560179758923
"19797",19796,"51_165_69",38.6963221744781,-79.0564926018558
"19798",19797,"51_165_69",38.7011891576224,-79.0537001149522
"19799",19798,"51_165_69",38.7012469183079,-79.0550091551094
"19800",19799,"51_165_69",38.6981771429787,-79.0543507206858
"19801",19800,"51_165_7",38.5561995085877,-79.1107496567604
"19802",19801,"51_165_7",38.554680925399,-79.1179853535349
"19803",19802,"51_165_7",38.55750997665,-79.1159000390658
"19804",19803,"51_165_7",38.5650872661593,-79.1002159309288
"19805",19804,"51_165_7",38.570353946584,-79.1147652932624
"19806",19805,"51_165_7",38.5615595003706,-79.1108654500248
"19807",19806,"51_165_7",38.5605658446909,-79.1112875040686
"19808",19807,"51_165_7",38.5696213251286,-79.1197652536618
"19809",19808,"51_165_7",38.5569048446952,-79.1138739077254
"19810",19809,"51_165_7",38.5610650467088,-79.1155085145521
"19811",19810,"51_165_72",38.3979658070773,-78.5343374134176
"19812",19811,"51_165_72",38.3979865805335,-78.5322193807657
"19813",19812,"51_165_72",38.3912139286224,-78.5258254339921
"19814",19813,"51_165_72",38.4019058530511,-78.5251886209638
"19815",19814,"51_165_72",38.3993885603622,-78.5279333841288
"19816",19815,"51_165_72",38.413032805808,-78.5150681410837
"19817",19816,"51_165_72",38.4139147835965,-78.5252276558172
"19818",19817,"51_165_72",38.4116432238728,-78.5244957946423
"19819",19818,"51_165_72",38.4112060132969,-78.5224502394535
"19820",19819,"51_165_72",38.402411887555,-78.5252846268677
"19821",19820,"51_165_14",38.375748307502,-78.544437595467
"19822",19821,"51_165_14",38.3882000830858,-78.5526849830725
"19823",19822,"51_165_14",38.3755550286077,-78.5640238607885
"19824",19823,"51_165_14",38.3810696763317,-78.5510398351255
"19825",19824,"51_165_14",38.3894894644015,-78.545632386489
"19826",19825,"51_165_14",38.3822379545034,-78.5561158149486
"19827",19826,"51_165_14",38.3894756935107,-78.545784771009
"19828",19827,"51_165_14",38.3743654455319,-78.5357050171396
"19829",19828,"51_165_14",38.3742129724728,-78.5590527229984
"19830",19829,"51_165_14",38.3915766682933,-78.5352906175374
"19831",19830,"51_165_51",38.5858619722903,-79.1434689996263
"19832",19831,"51_165_51",38.5903161873776,-79.1376822004066
"19833",19832,"51_165_51",38.585351589203,-79.1507941364665
"19834",19833,"51_165_51",38.5840343306606,-79.1273296393331
"19835",19834,"51_165_51",38.5949219954918,-79.156020033443
"19836",19835,"51_165_51",38.601706342351,-79.1458722949921
"19837",19836,"51_165_51",38.5870523700402,-79.1502713444831
"19838",19837,"51_165_51",38.5854705197835,-79.1352743794146
"19839",19838,"51_165_51",38.5903545367495,-79.1426064411367
"19840",19839,"51_165_51",38.5908152441035,-79.1512118296638
"19841",19840,"51_165_36",38.360679083506,-78.6031069400282
"19842",19841,"51_165_36",38.3660455965547,-78.5902632843749
"19843",19842,"51_165_36",38.3523918029071,-78.5948049086671
"19844",19843,"51_165_36",38.37059062176,-78.594448321811
"19845",19844,"51_165_36",38.3601942935456,-78.6006775430215
"19846",19845,"51_165_36",38.3582769174862,-78.6009436943581
"19847",19846,"51_165_36",38.3676312386489,-78.6025865841847
"19848",19847,"51_165_36",38.366436703769,-78.6113978597557
"19849",19848,"51_165_36",38.3626267586787,-78.6051788919094
"19850",19849,"51_165_36",38.3643295055413,-78.6025360977679
"19851",19850,"51_165_67",38.2930552060344,-78.7490400761745
"19852",19851,"51_165_67",38.2988494453403,-78.7356107315238
"19853",19852,"51_165_67",38.3128383197615,-78.734239520933
"19854",19853,"51_165_67",38.3112501783567,-78.7386335362534
"19855",19854,"51_165_67",38.3033506062789,-78.7423203661386
"19856",19855,"51_165_67",38.2857556964943,-78.7372440729183
"19857",19856,"51_165_67",38.2996132454524,-78.7379380787401
"19858",19857,"51_165_67",38.3075617779308,-78.7438301627635
"19859",19858,"51_165_67",38.2957428585691,-78.7385291091811
"19860",19859,"51_165_67",38.3084126951984,-78.7396668745168
"19861",19860,"51_5_37",37.7396487639494,-80.1602979374938
"19862",19861,"51_5_37",37.7295328998802,-80.1603338247543
"19863",19862,"51_5_37",37.7260283525994,-80.1567591095435
"19864",19863,"51_5_37",37.7329192457844,-80.1517665866094
"19865",19864,"51_5_37",37.7240627061833,-80.1588955110931
"19866",19865,"51_5_37",37.7243810568013,-80.1569352659551
"19867",19866,"51_5_37",37.7244626001528,-80.1548195639553
"19868",19867,"51_5_37",37.7318156111217,-80.1455442918779
"19869",19868,"51_5_37",37.7281402683213,-80.1647914413274
"19870",19869,"51_5_37",37.7280631519223,-80.1592007492434
"19871",19870,"51_5_44",37.6662387457897,-80.0572378045262
"19872",19871,"51_5_44",37.6768088155377,-80.0744577986261
"19873",19872,"51_5_44",37.6702414210902,-80.0591348652393
"19874",19873,"51_5_44",37.6766750269215,-80.0636737097662
"19875",19874,"51_5_44",37.669636221576,-80.0767862148649
"19876",19875,"51_5_44",37.6654965659053,-80.0823248365717
"19877",19876,"51_5_44",37.6781835806398,-80.0766842624403
"19878",19877,"51_5_44",37.6776173139934,-80.0694657337294
"19879",19878,"51_5_44",37.6824030947946,-80.0769681072578
"19880",19879,"51_5_44",37.6743343590098,-80.0687957297475
"19881",19880,"51_5_5",37.7718289502863,-80.0480849042149
"19882",19881,"51_5_5",37.7664095359838,-80.0541314149523
"19883",19882,"51_5_5",37.7815234714227,-80.036594511829
"19884",19883,"51_5_5",37.759870435652,-80.0451122996853
"19885",19884,"51_5_5",37.7743009221399,-80.0286619903272
"19886",19885,"51_5_5",37.783225925671,-80.0431215644399
"19887",19886,"51_5_5",37.7697249277712,-80.0382751068729
"19888",19887,"51_5_5",37.7650841795734,-80.0303219398006
"19889",19888,"51_5_5",37.7784909222848,-80.0455016261868
"19890",19889,"51_5_5",37.7609491738678,-80.0520541743421
"19891",19890,"51_5_14",37.6785024307142,-80.0475873902499
"19892",19891,"51_5_14",37.6847563875588,-80.0696309732964
"19893",19892,"51_5_14",37.6735017883233,-80.0529963931959
"19894",19893,"51_5_14",37.6708933730606,-80.0535888323034
"19895",19894,"51_5_14",37.6766816843476,-80.0552130247405
"19896",19895,"51_5_14",37.6834254567226,-80.0521874400631
"19897",19896,"51_5_14",37.6676342179171,-80.0467611583399
"19898",19897,"51_5_14",37.6748248827675,-80.05479895707
"19899",19898,"51_5_14",37.6678622792072,-80.0486030787772
"19900",19899,"51_5_14",37.6708588740435,-80.0676712909895
"19901",19900,"51_17_25",38.0339182178463,-79.7029353921891
"19902",19901,"51_17_25",38.0368360034701,-79.7069741059128
"19903",19902,"51_17_25",38.0290207849797,-79.7162072907257
"19904",19903,"51_17_25",38.0333598032522,-79.7096755679182
"19905",19904,"51_17_25",38.0326009992283,-79.7104064245598
"19906",19905,"51_17_25",38.0411996586158,-79.7063074679721
"19907",19906,"51_17_25",38.0426465044368,-79.6962492767923
"19908",19907,"51_17_25",38.037201391627,-79.7096964405485
"19909",19908,"51_17_25",38.0348787027299,-79.7081238583504
"19910",19909,"51_17_25",38.0417751381258,-79.7070223322234
"19911",19910,"51_165_12",38.4951340342532,-79.1531322830947
"19912",19911,"51_165_12",38.4913499924193,-79.1458485204341
"19913",19912,"51_165_12",38.4855826581394,-79.1360031130041
"19914",19913,"51_165_12",38.4825928869576,-79.1536098675424
"19915",19914,"51_165_12",38.4910697086414,-79.145464565498
"19916",19915,"51_165_12",38.4802093062685,-79.1387106091556
"19917",19916,"51_165_12",38.5020834961319,-79.1448859722071
"19918",19917,"51_165_12",38.4833960791364,-79.1447895241836
"19919",19918,"51_165_12",38.491165981521,-79.1456495704307
"19920",19919,"51_165_12",38.4899429762522,-79.1552626175083
"19921",19920,"51_125_5",37.7996126940468,-79.1200417558346
"19922",19921,"51_125_5",37.8005768004424,-79.118340596012
"19923",19922,"51_125_5",37.7984977610069,-79.116133068405
"19924",19923,"51_125_5",37.8029867654275,-79.1105216922627
"19925",19924,"51_125_5",37.8052228869121,-79.1048163934454
"19926",19925,"51_125_5",37.8092981325795,-79.1312972771797
"19927",19926,"51_125_5",37.8163269431645,-79.12782563663
"19928",19927,"51_125_5",37.8102160598177,-79.1313690735043
"19929",19928,"51_125_5",37.8052442123679,-79.1039857007712
"19930",19929,"51_125_5",37.7948507774592,-79.1133813145787
"19931",19930,"51_125_12",37.8515430458385,-79.0410976485086
"19932",19931,"51_125_12",37.852048145838,-79.0460612123277
"19933",19932,"51_125_12",37.8498934406231,-79.0459230770896
"19934",19933,"51_125_12",37.8433593573645,-79.0600605876698
"19935",19934,"51_125_12",37.8444217898287,-79.042981648904
"19936",19935,"51_125_12",37.8513736047322,-79.0465826118082
"19937",19936,"51_125_12",37.8505229859346,-79.0506123237544
"19938",19937,"51_125_12",37.8502505594371,-79.0305936912129
"19939",19938,"51_125_12",37.8514374312885,-79.0468484904163
"19940",19939,"51_125_12",37.8570729860606,-79.046513294552
"19941",19940,"51_197_2",36.9529146532625,-81.3583740936608
"19942",19941,"51_197_2",36.9472665953871,-81.3609644056362
"19943",19942,"51_197_2",36.9629174113837,-81.3458517852011
"19944",19943,"51_197_2",36.9530362922263,-81.3736061731729
"19945",19944,"51_197_2",36.9533189207643,-81.3656393479075
"19946",19945,"51_197_2",36.9522037140214,-81.3588880391487
"19947",19946,"51_197_2",36.9579989626452,-81.3467020537214
"19948",19947,"51_197_2",36.9558328777911,-81.3599465411403
"19949",19948,"51_197_2",36.962177132355,-81.3606717634181
"19950",19949,"51_197_2",36.9528728055628,-81.3559512937702
"19951",19950,"51_21_21",37.1639663604979,-81.1634683490847
"19952",19951,"51_21_21",37.1517451274545,-81.16668303738
"19953",19952,"51_21_21",37.162780513046,-81.1595256865263
"19954",19953,"51_21_21",37.1597293547335,-81.1678223497155
"19955",19954,"51_21_21",37.1629458783925,-81.1637344966601
"19956",19955,"51_21_21",37.1687323771189,-81.1508010235795
"19957",19956,"51_21_21",37.1632951573534,-81.1639163009365
"19958",19957,"51_21_21",37.1606586861219,-81.177623306042
"19959",19958,"51_21_21",37.1630006991069,-81.1516719230117
"19960",19959,"51_21_21",37.1676774301477,-81.1754968783382
"19961",19960,"51_71_35",37.4148003651297,-80.5340572928694
"19962",19961,"51_71_35",37.4214200131048,-80.5293498387011
"19963",19962,"51_71_35",37.4235069388934,-80.5303324596426
"19964",19963,"51_71_35",37.4271929812069,-80.5267720873658
"19965",19964,"51_71_35",37.4219111535601,-80.5202835193368
"19966",19965,"51_71_35",37.4277593572027,-80.5323662157331
"19967",19966,"51_71_35",37.4247978588111,-80.5232515755919
"19968",19967,"51_71_35",37.4222746509724,-80.5402110511494
"19969",19968,"51_71_35",37.4216561156506,-80.5286145899554
"19970",19969,"51_71_35",37.4198121734753,-80.5473682926466
"19971",19970,"51_139_8",38.5576175027033,-78.4247591043958
"19972",19971,"51_139_8",38.5512528961219,-78.4228739810588
"19973",19972,"51_139_8",38.5489940715674,-78.4297760181139
"19974",19973,"51_139_8",38.5456871907433,-78.4337767127258
"19975",19974,"51_139_8",38.5400929346892,-78.4319190326576
"19976",19975,"51_139_8",38.549166557172,-78.4298242308198
"19977",19976,"51_139_8",38.5355944974674,-78.4284755713368
"19978",19977,"51_139_8",38.5526754343088,-78.4326056544991
"19979",19978,"51_139_8",38.5464483100365,-78.4383843130695
"19980",19979,"51_139_8",38.538797947534,-78.4240040556285
"19981",19980,"51_171_31",38.8742142824542,-78.4480127619531
"19982",19981,"51_171_31",38.8718687491864,-78.4439923687187
"19983",19982,"51_171_31",38.8765591106422,-78.4481005730588
"19984",19983,"51_171_31",38.8743981708932,-78.4479231405197
"19985",19984,"51_171_31",38.8779732986932,-78.4510623620773
"19986",19985,"51_171_31",38.8696459747073,-78.4404090113106
"19987",19986,"51_171_31",38.8702124926427,-78.4403474693974
"19988",19987,"51_171_31",38.8743365822121,-78.4480246273642
"19989",19988,"51_171_31",38.8749021251863,-78.4329114521627
"19990",19989,"51_171_31",38.8852672454122,-78.440450589916
"19991",19990,"51_5_24",37.8032958219512,-79.6686282291622
"19992",19991,"51_5_24",37.7943501029345,-79.6643406938087
"19993",19992,"51_5_24",37.7963490788509,-79.6637403466946
"19994",19993,"51_5_24",37.7943638789001,-79.6535385669903
"19995",19994,"51_5_24",37.807186692404,-79.6530808790412
"19996",19995,"51_5_24",37.7986205197614,-79.6620869665846
"19997",19996,"51_5_24",37.7878267292986,-79.6548416578817
"19998",19997,"51_5_24",37.7991109247016,-79.6667704897521
"19999",19998,"51_5_24",37.8062786878688,-79.6705518268697
"20000",19999,"51_5_24",37.7972897878078,-79.6539754657583
"20001",20000,"51_91_27",38.3657476924901,-79.3765170930309
"20002",20001,"51_91_27",38.3760282434477,-79.3830546780732
"20003",20002,"51_91_27",38.373208840402,-79.3793367852274
"20004",20003,"51_91_27",38.3657377417872,-79.3768874908074
"20005",20004,"51_91_27",38.3682194906719,-79.3755061942522
"20006",20005,"51_91_27",38.3778514692025,-79.3876872480097
"20007",20006,"51_91_27",38.373003403799,-79.3863129417366
"20008",20007,"51_91_27",38.3634150705219,-79.3776964341126
"20009",20008,"51_91_27",38.3740869552318,-79.3872947673687
"20010",20009,"51_91_27",38.374532878565,-79.3954874938258
"20011",20010,"51_15_94",38.2407911420742,-79.3157777677172
"20012",20011,"51_15_94",38.2410083567366,-79.3050635878097
"20013",20012,"51_15_94",38.230144664444,-79.3124009493476
"20014",20013,"51_15_94",38.2431905111849,-79.3092846472428
"20015",20014,"51_15_94",38.2355861884945,-79.2866434973431
"20016",20015,"51_15_94",38.2335071780673,-79.3039844639806
"20017",20016,"51_15_94",38.232742684954,-79.3145153851324
"20018",20017,"51_15_94",38.2319087884425,-79.2924992197619
"20019",20018,"51_15_94",38.2199613306297,-79.3019515916794
"20020",20019,"51_15_94",38.2279881670792,-79.310457528573
"20021",20020,"51_165_83",38.6139273755137,-78.9183285679615
"20022",20021,"51_165_83",38.6144267298266,-78.9254467245168
"20023",20022,"51_165_83",38.6207152704642,-78.934356629887
"20024",20023,"51_165_83",38.6076548184443,-78.9366591920836
"20025",20024,"51_165_83",38.6092621364207,-78.9290956746085
"20026",20025,"51_165_83",38.6138822455924,-78.9093090301636
"20027",20026,"51_165_83",38.6014110626491,-78.9271294414621
"20028",20027,"51_165_83",38.6149302917065,-78.9336253861449
"20029",20028,"51_165_83",38.603553125318,-78.9318724875643
"20030",20029,"51_165_83",38.6008798790231,-78.9281968350031
"20031",20030,"51_171_23",38.9227668587078,-78.3345598399156
"20032",20031,"51_171_23",38.9356125541598,-78.3200779168166
"20033",20032,"51_171_23",38.9225418842734,-78.3358862333502
"20034",20033,"51_171_23",38.926359555683,-78.3424474096588
"20035",20034,"51_171_23",38.9329924914739,-78.3310167321814
"20036",20035,"51_171_23",38.9319266415907,-78.3386012017302
"20037",20036,"51_171_23",38.9154920004484,-78.332496077895
"20038",20037,"51_171_23",38.9286641933309,-78.3427208597376
"20039",20038,"51_171_23",38.9279187784972,-78.3195515436057
"20040",20039,"51_171_23",38.9273229588703,-78.3397854442623
"20041",20040,"51_139_18",38.6695014288421,-78.5563856605824
"20042",20041,"51_139_18",38.6697301795868,-78.5698708625195
"20043",20042,"51_139_18",38.668916648144,-78.5664540395481
"20044",20043,"51_139_18",38.6570115210566,-78.5663322604259
"20045",20044,"51_139_18",38.6547069580639,-78.5636657549261
"20046",20045,"51_139_18",38.6726145291156,-78.5523670971743
"20047",20046,"51_139_18",38.66906949131,-78.5650675125795
"20048",20047,"51_139_18",38.6716035237599,-78.5642658610371
"20049",20048,"51_139_18",38.6681519850642,-78.565580008712
"20050",20049,"51_139_18",38.6636191282861,-78.5716325871122
"20051",20050,"51_169_22",36.8591200430947,-82.4528816601808
"20052",20051,"51_169_22",36.8750307226757,-82.4447217780725
"20053",20052,"51_169_22",36.8680286600615,-82.4422674579907
"20054",20053,"51_169_22",36.8644064996175,-82.4540401021273
"20055",20054,"51_169_22",36.8651313339461,-82.4508782405467
"20056",20055,"51_169_22",36.8637140075486,-82.4516523330654
"20057",20056,"51_169_22",36.855046298733,-82.4472096174823
"20058",20057,"51_169_22",36.8633830467059,-82.449771041482
"20059",20058,"51_169_22",36.8651217935325,-82.4501965476487
"20060",20059,"51_169_22",36.8607286453169,-82.4438657821715
"20061",20060,"51_15_17",38.3263276032248,-79.2171788090412
"20062",20061,"51_15_17",38.3258413870393,-79.2363944464281
"20063",20062,"51_15_17",38.3310462195187,-79.2192196078042
"20064",20063,"51_15_17",38.3371817061406,-79.2317392050735
"20065",20064,"51_15_17",38.3210519650366,-79.2352110971534
"20066",20065,"51_15_17",38.3231191486984,-79.2290581061643
"20067",20066,"51_15_17",38.3189659708529,-79.2421354589167
"20068",20067,"51_15_17",38.3117879760428,-79.2283889793492
"20069",20068,"51_15_17",38.323630328385,-79.2392668010899
"20070",20069,"51_15_17",38.3222545836912,-79.2267532672454
"20071",20070,"51_171_14",38.9189681674019,-78.6254499319726
"20072",20071,"51_171_14",38.9044149844768,-78.6124392531067
"20073",20072,"51_171_14",38.9140562453497,-78.6121970551827
"20074",20073,"51_171_14",38.9227758976392,-78.6093282829759
"20075",20074,"51_171_14",38.9022202626945,-78.6172431121304
"20076",20075,"51_171_14",38.9126412102005,-78.6230868253348
"20077",20076,"51_171_14",38.9079068312648,-78.6261319647589
"20078",20077,"51_171_14",38.9230167261872,-78.6072381648618
"20079",20078,"51_171_14",38.9145510093841,-78.6136941690317
"20080",20079,"51_171_14",38.9089248125022,-78.6159656034271
"20081",20080,"51_171_9",38.7363522172706,-78.5544451156356
"20082",20081,"51_171_9",38.7312987053462,-78.568016677568
"20083",20082,"51_171_9",38.7346785832339,-78.5620874597916
"20084",20083,"51_171_9",38.7459104993234,-78.5654159824143
"20085",20084,"51_171_9",38.7357625970765,-78.5740844132991
"20086",20085,"51_171_9",38.7377364045677,-78.5779440883118
"20087",20086,"51_171_9",38.7419459502246,-78.5637648619821
"20088",20087,"51_171_9",38.7362792211857,-78.5695512457369
"20089",20088,"51_171_9",38.74009239147,-78.5557018723113
"20090",20089,"51_171_9",38.7480517943515,-78.5682940636327
"20091",20090,"51_35_37",36.8034452612506,-80.9887026372611
"20092",20091,"51_35_37",36.8079756793286,-80.9997881983233
"20093",20092,"51_35_37",36.7906035319235,-80.9954016397465
"20094",20093,"51_35_37",36.8030777606839,-80.99350450132
"20095",20094,"51_35_37",36.8038799929261,-80.9920026575885
"20096",20095,"51_35_37",36.8139497491746,-80.9909229505917
"20097",20096,"51_35_37",36.7966699977517,-80.9961500345966
"20098",20097,"51_35_37",36.8056578454265,-80.9762182511484
"20099",20098,"51_35_37",36.8164196552903,-80.988721557219
"20100",20099,"51_35_37",36.8049118707058,-80.9844047227685
"20101",20100,"51_23_53",37.7523795712055,-79.8467383560252
"20102",20101,"51_23_53",37.7574556403534,-79.8556956753705
"20103",20102,"51_23_53",37.7535794199799,-79.8376224587301
"20104",20103,"51_23_53",37.7470948851816,-79.8531331905863
"20105",20104,"51_23_53",37.7536785290721,-79.8335842897644
"20106",20105,"51_23_53",37.7511161745824,-79.843402368357
"20107",20106,"51_23_53",37.7490016726295,-79.8382004461816
"20108",20107,"51_23_53",37.7523095585416,-79.8450718362271
"20109",20108,"51_23_53",37.7467163089101,-79.8340236089107
"20110",20109,"51_23_53",37.7496843893753,-79.8460074511764
"20111",20110,"51_23_42",37.6722420180036,-79.9122709971916
"20112",20111,"51_23_42",37.6651883423183,-79.9111114738634
"20113",20112,"51_23_42",37.6613417336182,-79.9125753113836
"20114",20113,"51_23_42",37.6734451611499,-79.9113611127741
"20115",20114,"51_23_42",37.6648884489373,-79.9155805216922
"20116",20115,"51_23_42",37.6633250171109,-79.9182523366418
"20117",20116,"51_23_42",37.6675996449323,-79.9141438047518
"20118",20117,"51_23_42",37.665534253176,-79.911830808856
"20119",20118,"51_23_42",37.6639250608698,-79.9136622739155
"20120",20119,"51_23_42",37.6710609913443,-79.9175011229813
"20121",20120,"51_5_29",37.8139635139262,-79.904272072744
"20122",20121,"51_5_29",37.8137311753844,-79.9246928321552
"20123",20122,"51_5_29",37.8055468097257,-79.9014440392148
"20124",20123,"51_5_29",37.8109844494531,-79.9133050990105
"20125",20124,"51_5_29",37.8112852504142,-79.9100994576245
"20126",20125,"51_5_29",37.8207030835612,-79.9156365084134
"20127",20126,"51_5_29",37.8149660339879,-79.9143502432926
"20128",20127,"51_5_29",37.798951047898,-79.9045470757221
"20129",20128,"51_5_29",37.8012694414889,-79.9158554676012
"20130",20129,"51_5_29",37.8177931924302,-79.9138798070398
"20131",20130,"51_197_43",36.8366088797078,-81.0693468411915
"20132",20131,"51_197_43",36.8215442810285,-81.0736464071333
"20133",20132,"51_197_43",36.8374437355103,-81.0654967935743
"20134",20133,"51_197_43",36.8285021790287,-81.0690121511486
"20135",20134,"51_197_43",36.8253315525919,-81.0600066718685
"20136",20135,"51_197_43",36.8184512877351,-81.071433221848
"20137",20136,"51_197_43",36.8115079751356,-81.0681636488682
"20138",20137,"51_197_43",36.8250784550174,-81.0656676599385
"20139",20138,"51_197_43",36.825350333599,-81.0655426381796
"20140",20139,"51_197_43",36.82339994042,-81.0647608517138
"20141",20140,"51_173_19",36.7179958600246,-81.61375545473
"20142",20141,"51_173_19",36.7140051704272,-81.6144489095749
"20143",20142,"51_173_19",36.7138841843951,-81.6279623902994
"20144",20143,"51_173_19",36.716712645592,-81.6101461834364
"20145",20144,"51_173_19",36.7148901714503,-81.6321988486911
"20146",20145,"51_173_19",36.7171191853173,-81.6351313664663
"20147",20146,"51_173_19",36.7067059255184,-81.6231215331283
"20148",20147,"51_173_19",36.7182401749566,-81.6227992548174
"20149",20148,"51_173_19",36.7140246445709,-81.6173461004556
"20150",20149,"51_173_19",36.7105556410274,-81.6225109296621
"20151",20150,"51_139_23",38.7000899469242,-78.3899541513081
"20152",20151,"51_139_23",38.6922792569813,-78.375483675499
"20153",20152,"51_139_23",38.6963455398344,-78.3942411112439
"20154",20153,"51_139_23",38.6886960047715,-78.3830196753068
"20155",20154,"51_139_23",38.6829271350218,-78.3901742865063
"20156",20155,"51_139_23",38.7001653938989,-78.375534714876
"20157",20156,"51_139_23",38.6986925847611,-78.3921827719317
"20158",20157,"51_139_23",38.6928814796136,-78.3741238702326
"20159",20158,"51_139_23",38.695094648743,-78.3853003558814
"20160",20159,"51_139_23",38.6956426276499,-78.3805264574365
"20161",20160,"51_171_21",38.8060646529682,-78.8181569144404
"20162",20161,"51_171_21",38.8126226442602,-78.8222629813713
"20163",20162,"51_171_21",38.8110513546613,-78.8005788838124
"20164",20163,"51_171_21",38.8091675039335,-78.8140592391344
"20165",20164,"51_171_21",38.8108849848694,-78.8259154551079
"20166",20165,"51_171_21",38.8156422200021,-78.8164008007852
"20167",20166,"51_171_21",38.8156679912531,-78.8190095099071
"20168",20167,"51_171_21",38.8066750103075,-78.8123824530505
"20169",20168,"51_171_21",38.8241445913928,-78.8109140966465
"20170",20169,"51_171_21",38.8128650871028,-78.7995530989212
"20171",20170,"51_171_34",38.8974627410991,-78.6367553967356
"20172",20171,"51_171_34",38.9086936643983,-78.644071292543
"20173",20172,"51_171_34",38.9122179737554,-78.6449620146526
"20174",20173,"51_171_34",38.9120043766278,-78.6567704344423
"20175",20174,"51_171_34",38.9096555882024,-78.6518974402793
"20176",20175,"51_171_34",38.9206608082609,-78.6440293572435
"20177",20176,"51_171_34",38.9167418916253,-78.646672429341
"20178",20177,"51_171_34",38.9080812084356,-78.6478933279512
"20179",20178,"51_171_34",38.9062644914706,-78.6262790424497
"20180",20179,"51_171_34",38.9043995996974,-78.6484167505034
"20181",20180,"51_171_37",38.9311643361099,-78.6074484083556
"20182",20181,"51_171_37",38.9370020526559,-78.618460448702
"20183",20182,"51_171_37",38.9429895567881,-78.5993866139348
"20184",20183,"51_171_37",38.9283802672357,-78.6122149141513
"20185",20184,"51_171_37",38.930698952099,-78.626111699368
"20186",20185,"51_171_37",38.9221092953526,-78.6193271177228
"20187",20186,"51_171_37",38.929977992126,-78.6130691973069
"20188",20187,"51_171_37",38.9301923363482,-78.6101437487686
"20189",20188,"51_171_37",38.9301463417311,-78.6088096920497
"20190",20189,"51_171_37",38.9227738660831,-78.6106652930238
"20191",20190,"51_171_15",39.0438063119109,-78.5288728781086
"20192",20191,"51_171_15",39.0442345135489,-78.533080652048
"20193",20192,"51_171_15",39.0427192257206,-78.527400789783
"20194",20193,"51_171_15",39.0455985417399,-78.5419611785091
"20195",20194,"51_171_15",39.0456464506179,-78.5373945365507
"20196",20195,"51_171_15",39.0448801920677,-78.5346326003153
"20197",20196,"51_171_15",39.0462857051738,-78.5300126852663
"20198",20197,"51_171_15",39.0344441706062,-78.5321661043862
"20199",20198,"51_171_15",39.0452723610923,-78.5373796459853
"20200",20199,"51_171_15",39.0457302337228,-78.5357703123197
"20201",20200,"51_171_3",38.9106137635756,-78.3690104872852
"20202",20201,"51_171_3",38.9055596020922,-78.3799974827147
"20203",20202,"51_171_3",38.9122593840376,-78.3703579994858
"20204",20203,"51_171_3",38.9136796288207,-78.3704443975991
"20205",20204,"51_171_3",38.9164142091509,-78.3688064645177
"20206",20205,"51_171_3",38.9165993409722,-78.3771503470184
"20207",20206,"51_171_3",38.9080726728995,-78.3841263904815
"20208",20207,"51_171_3",38.9189844086041,-78.3793847286002
"20209",20208,"51_171_3",38.9104120092191,-78.3668734932011
"20210",20209,"51_171_3",38.902081488464,-78.3705600412636
"20211",20210,"51_173_33",36.7584065056701,-81.404105038668
"20212",20211,"51_173_33",36.7543220315082,-81.4008287240723
"20213",20212,"51_173_33",36.7580383811253,-81.3944255887407
"20214",20213,"51_173_33",36.7563579464028,-81.4117174893151
"20215",20214,"51_173_33",36.7519202953986,-81.4127006568297
"20216",20215,"51_173_33",36.7515973927514,-81.3975756765335
"20217",20216,"51_173_33",36.7505431093036,-81.3993669461643
"20218",20217,"51_173_33",36.7571114777378,-81.3986079308483
"20219",20218,"51_173_33",36.7515670511387,-81.400495588861
"20220",20219,"51_173_33",36.7449160068928,-81.4072408404117
"20221",20220,"51_173_69",36.6642880073475,-81.5515233044518
"20222",20221,"51_173_69",36.670139746278,-81.5419893405544
"20223",20222,"51_173_69",36.6535918488209,-81.5585617949227
"20224",20223,"51_173_69",36.6608298658841,-81.5584671462426
"20225",20224,"51_173_69",36.6641867547696,-81.5539267478112
"20226",20225,"51_173_69",36.6575083390318,-81.5444885997478
"20227",20226,"51_173_69",36.6741901509714,-81.5521206063282
"20228",20227,"51_173_69",36.6602775344509,-81.5461720748646
"20229",20228,"51_173_69",36.6709844120776,-81.5453649171372
"20230",20229,"51_173_69",36.66982128722,-81.5490499652207
"20231",20230,"13_311_3",34.7442871076834,-83.6876442955732
"20232",20231,"13_311_3",34.7541871430271,-83.6789217131355
"20233",20232,"13_311_3",34.7540817782176,-83.6779895124875
"20234",20233,"13_311_3",34.7562587904585,-83.6800102879829
"20235",20234,"13_311_3",34.7531988678734,-83.6780629786396
"20236",20235,"13_311_3",34.75473790747,-83.6778049513448
"20237",20236,"13_311_3",34.7597303208045,-83.67461693865
"20238",20237,"13_311_3",34.7444429971717,-83.6670774225022
"20239",20238,"13_311_3",34.7562207616133,-83.6800417548646
"20240",20239,"13_311_3",34.7539762978673,-83.6786515900259
"20241",20240,"13_291_34",34.7698026687298,-83.8463856934095
"20242",20241,"13_291_34",34.7736290545803,-83.8401952264317
"20243",20242,"13_291_34",34.7737203811882,-83.8465046051375
"20244",20243,"13_291_34",34.7755810402818,-83.8372419276152
"20245",20244,"13_291_34",34.7781808176055,-83.8474438233715
"20246",20245,"13_291_34",34.7625989155703,-83.8529373781176
"20247",20246,"13_291_34",34.7704858236705,-83.8546370264579
"20248",20247,"13_291_34",34.7685958623264,-83.8489737662174
"20249",20248,"13_291_34",34.7657585619368,-83.8398926934452
"20250",20249,"13_291_34",34.7798283946767,-83.8392400352651
"20251",20250,"13_187_58",34.5961188549064,-84.1654171778012
"20252",20251,"13_187_58",34.594516311649,-84.1716184417751
"20253",20252,"13_187_58",34.5959383251817,-84.1724356875238
"20254",20253,"13_187_58",34.6016659732096,-84.1833831528861
"20255",20254,"13_187_58",34.5970384643888,-84.1710963244588
"20256",20255,"13_187_58",34.6006455701187,-84.169507544075
"20257",20256,"13_187_58",34.5976718867994,-84.1563885252526
"20258",20257,"13_187_58",34.5999148320763,-84.1700976325014
"20259",20258,"13_187_58",34.6040939309454,-84.1760916924164
"20260",20259,"13_187_58",34.591632732926,-84.1599412906967
"20261",20260,"13_241_143",34.9518901289489,-83.5683774048311
"20262",20261,"13_241_143",34.9527281274705,-83.5683350793282
"20263",20262,"13_241_143",34.9438297570558,-83.5764798514558
"20264",20263,"13_241_143",34.9412005047096,-83.5865341546904
"20265",20264,"13_241_143",34.9311307365428,-83.5824409179058
"20266",20265,"13_241_143",34.9393173618943,-83.5779934899596
"20267",20266,"13_241_143",34.9329943976714,-83.5703867116421
"20268",20267,"13_241_143",34.9513783228508,-83.5735167786258
"20269",20268,"13_241_143",34.9521662352866,-83.5745127454748
"20270",20269,"13_241_143",34.9438275468535,-83.5672099095848
"20271",20270,"13_281_54",34.8442704096177,-83.7457623495954
"20272",20271,"13_281_54",34.8481394057007,-83.735257438226
"20273",20272,"13_281_54",34.8506393578387,-83.7434881196514
"20274",20273,"13_281_54",34.8549952837478,-83.7582338788879
"20275",20274,"13_281_54",34.8514839091657,-83.7321506476041
"20276",20275,"13_281_54",34.8590359091947,-83.7338397980412
"20277",20276,"13_281_54",34.8476129072754,-83.7391589566118
"20278",20277,"13_281_54",34.8510952890239,-83.743484028442
"20279",20278,"13_281_54",34.8516705837075,-83.7312039685965
"20280",20279,"13_281_54",34.8601780628598,-83.7303538108765
"20281",20280,"13_291_130",34.7628029738225,-84.0830008948858
"20282",20281,"13_291_130",34.7637162786677,-84.0751651399975
"20283",20282,"13_291_130",34.7488485009605,-84.0688799831421
"20284",20283,"13_291_130",34.7637548663092,-84.0768803816979
"20285",20284,"13_291_130",34.752745513023,-84.0805991487335
"20286",20285,"13_291_130",34.7527082808,-84.0786706316319
"20287",20286,"13_291_130",34.7434697147677,-84.0733829186958
"20288",20287,"13_291_130",34.7642321570599,-84.0840874164646
"20289",20288,"13_291_130",34.7518997847255,-84.0669562418433
"20290",20289,"13_291_130",34.7486085137612,-84.0789080636782
"20291",20290,"13_111_18",34.6828743271939,-84.1564783358751
"20292",20291,"13_111_18",34.6879440833079,-84.142342916727
"20293",20292,"13_111_18",34.6993544094117,-84.1449864631192
"20294",20293,"13_111_18",34.6803477056656,-84.166106141921
"20295",20294,"13_111_18",34.6960147681185,-84.1645674598367
"20296",20295,"13_111_18",34.6868962014603,-84.1509202836295
"20297",20296,"13_111_18",34.7010932474156,-84.1582536641669
"20298",20297,"13_111_18",34.6966335336872,-84.1634321132558
"20299",20298,"13_111_18",34.6913117479801,-84.1417700573079
"20300",20299,"13_111_18",34.6877702339084,-84.1517499863165
"20301",20300,"47_9_17",35.5400183715379,-83.8794336023067
"20302",20301,"47_9_17",35.53759034088,-83.8842554284888
"20303",20302,"47_9_17",35.5293658963722,-83.8825905564043
"20304",20303,"47_9_17",35.5271584045491,-83.8793733370177
"20305",20304,"47_9_17",35.5318955433719,-83.8918635166342
"20306",20305,"47_9_17",35.519148453146,-83.8908419757655
"20307",20306,"47_9_17",35.5253835428052,-83.8875303508277
"20308",20307,"47_9_17",35.5429341701562,-83.8750209848963
"20309",20308,"47_9_17",35.5405526620302,-83.8787119696797
"20310",20309,"47_9_17",35.538557969164,-83.8895917155617
"20311",20310,"51_197_33",36.9875496628131,-80.8723040885214
"20312",20311,"51_197_33",36.9920182379252,-80.863872634176
"20313",20312,"51_197_33",36.9943052895633,-80.8634370327153
"20314",20313,"51_197_33",36.9912183263128,-80.8768778738872
"20315",20314,"51_197_33",36.9783723240821,-80.862834770419
"20316",20315,"51_197_33",36.9885155470626,-80.8700998709326
"20317",20316,"51_197_33",36.9874258775687,-80.8577719176222
"20318",20317,"51_197_33",36.9893407823346,-80.8684408158659
"20319",20318,"51_197_33",36.9877959313289,-80.8627331132611
"20320",20319,"51_197_33",36.9895163283987,-80.8667802642305
"20321",20320,"51_17_29",38.2553177717224,-79.7793788235105
"20322",20321,"51_17_29",38.2526013833933,-79.7945572818378
"20323",20322,"51_17_29",38.2608298250287,-79.8003987995596
"20324",20323,"51_17_29",38.2662679036865,-79.7992967199398
"20325",20324,"51_17_29",38.2448145134735,-79.7852965868502
"20326",20325,"51_17_29",38.2423164287396,-79.7877065399341
"20327",20326,"51_17_29",38.2403450102007,-79.8015735726121
"20328",20327,"51_17_29",38.2556739092867,-79.7842216967369
"20329",20328,"51_17_29",38.2509298961162,-79.7840002709703
"20330",20329,"51_17_29",38.2520771880385,-79.8021696103924
"20331",20330,"51_17_8",37.9986827889219,-79.7671148909891
"20332",20331,"51_17_8",37.9953772424884,-79.7511702642075
"20333",20332,"51_17_8",38.0051746532223,-79.7763471279825
"20334",20333,"51_17_8",37.9954576130606,-79.7600308404888
"20335",20334,"51_17_8",38.0051697138539,-79.7759423785202
"20336",20335,"51_17_8",38.0066826538223,-79.7703318116709
"20337",20336,"51_17_8",38.0012758185422,-79.7663367579558
"20338",20337,"51_17_8",37.9891004427645,-79.7606685493031
"20339",20338,"51_17_8",37.9990761526248,-79.7819469512153
"20340",20339,"51_17_8",37.9989650130661,-79.7661001739289
"20341",20340,"51_17_17",37.927347866955,-79.7305399815874
"20342",20341,"51_17_17",37.9311701552222,-79.7325791021409
"20343",20342,"51_17_17",37.9358700668739,-79.7269299417111
"20344",20343,"51_17_17",37.9285102149676,-79.7313251760654
"20345",20344,"51_17_17",37.940581755772,-79.7293540603898
"20346",20345,"51_17_17",37.9192248218912,-79.7357014958313
"20347",20346,"51_17_17",37.9288547117017,-79.7310369580191
"20348",20347,"51_17_17",37.9266118946365,-79.7312775812166
"20349",20348,"51_17_17",37.9275808125596,-79.7251205057353
"20350",20349,"51_17_17",37.9277111534249,-79.7169757263971
"20351",20350,"51_17_59",38.0565243308488,-79.7494092379835
"20352",20351,"51_17_59",38.0539782300068,-79.7387630505879
"20353",20352,"51_17_59",38.0446712829546,-79.7423613294571
"20354",20353,"51_17_59",38.0560096498199,-79.7340954357525
"20355",20354,"51_17_59",38.0560854378243,-79.7439757553146
"20356",20355,"51_17_59",38.053158894607,-79.7509703607199
"20357",20356,"51_17_59",38.060642870473,-79.7351471449623
"20358",20357,"51_17_59",38.0466612287193,-79.7360643138832
"20359",20358,"51_17_59",38.0590767514841,-79.7344405265252
"20360",20359,"51_17_59",38.0705293895809,-79.735663474326
"20361",20360,"51_17_11",38.1032723172854,-79.5289858220248
"20362",20361,"51_17_11",38.1019297300111,-79.5488039868993
"20363",20362,"51_17_11",38.1067905014077,-79.5488668535416
"20364",20363,"51_17_11",38.1054378291815,-79.5561472671844
"20365",20364,"51_17_11",38.1070445705763,-79.555890089981
"20366",20365,"51_17_11",38.0966596996174,-79.5356073438744
"20367",20366,"51_17_11",38.0944932556199,-79.5420527911307
"20368",20367,"51_17_11",38.1030984148793,-79.5430708898932
"20369",20368,"51_17_11",38.1005239203576,-79.5524456072575
"20370",20369,"51_17_11",38.1032043261767,-79.5267975238188
"20371",20370,"51_17_55",38.0674849474519,-79.7539608971763
"20372",20371,"51_17_55",38.0572794555758,-79.732843958283
"20373",20372,"51_17_55",38.0630773202199,-79.7505747672506
"20374",20373,"51_17_55",38.0522981166902,-79.7406528518468
"20375",20374,"51_17_55",38.0484037724978,-79.7392155733417
"20376",20375,"51_17_55",38.054637911973,-79.7501551882992
"20377",20376,"51_17_55",38.0516570776987,-79.7369499699272
"20378",20377,"51_17_55",38.0556333263005,-79.7352117644731
"20379",20378,"51_17_55",38.0566138531265,-79.7393508299399
"20380",20379,"51_17_55",38.0589106142865,-79.7296619540054
"20381",20380,"51_15_42",38.382202534149,-79.223574603705
"20382",20381,"51_15_42",38.3819425705715,-79.2165995363867
"20383",20382,"51_15_42",38.3859775510306,-79.2178318250724
"20384",20383,"51_15_42",38.3943652461479,-79.200951279671
"20385",20384,"51_15_42",38.3932614169526,-79.2312084711142
"20386",20385,"51_15_42",38.3934989627363,-79.2328806547951
"20387",20386,"51_15_42",38.3899435689202,-79.217194876765
"20388",20387,"51_15_42",38.3921630207829,-79.2071722126627
"20389",20388,"51_15_42",38.3885347537607,-79.2186116283808
"20390",20389,"51_15_42",38.3904098132775,-79.2173675804015
"20391",20390,"51_165_32",38.6466861018461,-78.9580331641258
"20392",20391,"51_165_32",38.6398547675714,-78.9644279309678
"20393",20392,"51_165_32",38.6374694152899,-78.9536793830931
"20394",20393,"51_165_32",38.64174907584,-78.9675997354424
"20395",20394,"51_165_32",38.650632380522,-78.9710629025683
"20396",20395,"51_165_32",38.6402134602312,-78.9600028958567
"20397",20396,"51_165_32",38.6382637664478,-78.960730504242
"20398",20397,"51_165_32",38.6358306267618,-78.9796497632775
"20399",20398,"51_165_32",38.6345173611516,-78.9701540243815
"20400",20399,"51_165_32",38.6482554490725,-78.9528209706396
"20401",20400,"51_17_19",37.9145584083866,-79.6325831945034
"20402",20401,"51_17_19",37.9107294553655,-79.652352009793
"20403",20402,"51_17_19",37.9119362546053,-79.6403115096672
"20404",20403,"51_17_19",37.9093539569991,-79.6471130385084
"20405",20404,"51_17_19",37.9073414181112,-79.6404542549682
"20406",20405,"51_17_19",37.9068000016462,-79.6340663737682
"20407",20406,"51_17_19",37.9040915614258,-79.6383621507819
"20408",20407,"51_17_19",37.9117109948419,-79.6420808804093
"20409",20408,"51_17_19",37.9069861589336,-79.6437219995529
"20410",20409,"51_17_19",37.9090512978943,-79.6397415957965
"20411",20410,"51_23_26",37.5392862966867,-79.5717221009769
"20412",20411,"51_23_26",37.5251143530119,-79.5690366246036
"20413",20412,"51_23_26",37.5261486262506,-79.5714388932098
"20414",20413,"51_23_26",37.5380513070089,-79.5667177285709
"20415",20414,"51_23_26",37.5323956656827,-79.575475709691
"20416",20415,"51_23_26",37.5252682482644,-79.5739036783153
"20417",20416,"51_23_26",37.5251100135755,-79.5579444552445
"20418",20417,"51_23_26",37.5355029843427,-79.5697084280757
"20419",20418,"51_23_26",37.5224546756976,-79.5680829947986
"20420",20419,"51_23_26",37.5265758782713,-79.5739683159097
"20421",20420,"51_169_29",36.83155532629,-82.5913355580044
"20422",20421,"51_169_29",36.8258181741098,-82.6005613118813
"20423",20422,"51_169_29",36.8303888346072,-82.6037753397685
"20424",20423,"51_169_29",36.8160865399925,-82.5968705014371
"20425",20424,"51_169_29",36.8273154315123,-82.5961364475625
"20426",20425,"51_169_29",36.8227640345517,-82.5867375185379
"20427",20426,"51_169_29",36.8332018422178,-82.6000273268486
"20428",20427,"51_169_29",36.8408839771307,-82.6033243498207
"20429",20428,"51_169_29",36.8299410183073,-82.5933592561254
"20430",20429,"51_169_29",36.8277982678567,-82.5993921319322
"20431",20430,"51_15_33",38.1620965260766,-79.4356762335222
"20432",20431,"51_15_33",38.1626860829928,-79.4359411819706
"20433",20432,"51_15_33",38.163887863599,-79.4500053151846
"20434",20433,"51_15_33",38.1643336122443,-79.4393065999449
"20435",20434,"51_15_33",38.1549133490462,-79.4290136780443
"20436",20435,"51_15_33",38.1609862124134,-79.4343250786548
"20437",20436,"51_15_33",38.1598206735473,-79.434302022481
"20438",20437,"51_15_33",38.161118509683,-79.4450977781865
"20439",20438,"51_15_33",38.1535541911801,-79.4305339687032
"20440",20439,"51_15_33",38.1614679688108,-79.4376843046375
"20441",20440,"51_15_73",38.3047844974587,-79.3342631381617
"20442",20441,"51_15_73",38.3051863975714,-79.3267987527265
"20443",20442,"51_15_73",38.3054376787995,-79.3227764992637
"20444",20443,"51_15_73",38.3051931454905,-79.3140175865544
"20445",20444,"51_15_73",38.3134186779773,-79.3145939857434
"20446",20445,"51_15_73",38.3100944025608,-79.3334155241167
"20447",20446,"51_15_73",38.3005749627519,-79.3114696343652
"20448",20447,"51_15_73",38.3017334983828,-79.3285732284456
"20449",20448,"51_15_73",38.3077050265053,-79.3139454994054
"20450",20449,"51_15_73",38.3092766350027,-79.3265818609702
"20451",20450,"51_15_61",38.2100842826333,-79.2685283537927
"20452",20451,"51_15_61",38.2165922816209,-79.277828829587
"20453",20452,"51_15_61",38.210638739523,-79.261920007962
"20454",20453,"51_15_61",38.2076959431243,-79.2670442502978
"20455",20454,"51_15_61",38.1995820786833,-79.2635413187297
"20456",20455,"51_15_61",38.216561515047,-79.28266925651
"20457",20456,"51_15_61",38.2108672253057,-79.2688820139102
"20458",20457,"51_15_61",38.2117415430708,-79.2681458702231
"20459",20458,"51_15_61",38.2009461236189,-79.2601645236784
"20460",20459,"51_15_61",38.2218830838572,-79.2777920848313
"20461",20460,"51_15_99",37.9802808297868,-79.0815759857751
"20462",20461,"51_15_99",37.9956712962998,-79.0799020627221
"20463",20462,"51_15_99",37.9827831752352,-79.0714418321898
"20464",20463,"51_15_99",37.9908977578528,-79.0772188100073
"20465",20464,"51_15_99",37.9889085145435,-79.0751650967815
"20466",20465,"51_15_99",37.9809007476032,-79.0691093760251
"20467",20466,"51_15_99",37.9901524880153,-79.0717082128187
"20468",20467,"51_15_99",37.9850909093777,-79.0831363871563
"20469",20468,"51_15_99",38.0010295732108,-79.0782343384595
"20470",20469,"51_15_99",37.9985975660771,-79.0841565897792
"20471",20470,"51_15_87",38.3245374679442,-79.2750840269582
"20472",20471,"51_15_87",38.3263231950421,-79.2734025671924
"20473",20472,"51_15_87",38.3221872938111,-79.2632219375118
"20474",20473,"51_15_87",38.321051602968,-79.2700709434939
"20475",20474,"51_15_87",38.3254526220466,-79.2659391153031
"20476",20475,"51_15_87",38.3306074501532,-79.2750840489791
"20477",20476,"51_15_87",38.3280725092961,-79.2768138312249
"20478",20477,"51_15_87",38.3287214280199,-79.2735359109578
"20479",20478,"51_15_87",38.3273202664877,-79.2651873339628
"20480",20479,"51_15_87",38.3259048923841,-79.2911124862948
"20481",20480,"51_15_28",38.4330044214709,-79.1648835597847
"20482",20481,"51_15_28",38.4361059763325,-79.16856558523
"20483",20482,"51_15_28",38.4213637256058,-79.1605493322517
"20484",20483,"51_15_28",38.4416309217348,-79.1658036201048
"20485",20484,"51_15_28",38.4326439120012,-79.1683717641214
"20486",20485,"51_15_28",38.4449585611284,-79.1706977749091
"20487",20486,"51_15_28",38.4402868673929,-79.1722875675049
"20488",20487,"51_15_28",38.431745907539,-79.1662140137321
"20489",20488,"51_15_28",38.4317707956255,-79.1660979212709
"20490",20489,"51_15_28",38.4317811129116,-79.1618948239963
"20491",20490,"51_17_31",38.0551517536265,-79.7464401103001
"20492",20491,"51_17_31",38.0652816326702,-79.7394944104269
"20493",20492,"51_17_31",38.0698349316943,-79.745045565794
"20494",20493,"51_17_31",38.0700454888082,-79.727347529364
"20495",20494,"51_17_31",38.0582191930448,-79.7397167259077
"20496",20495,"51_17_31",38.0684539636234,-79.7447019727129
"20497",20496,"51_17_31",38.0699502405621,-79.7549686703471
"20498",20497,"51_17_31",38.0662009651132,-79.7380910980806
"20499",20498,"51_17_31",38.0668803160005,-79.7483780397772
"20500",20499,"51_17_31",38.0557103816442,-79.7474145527702
"20501",20500,"51_17_7",38.0461818896742,-79.5156917536498
"20502",20501,"51_17_7",38.0474715641087,-79.5237561104974
"20503",20502,"51_17_7",38.0352899690882,-79.5131589609057
"20504",20503,"51_17_7",38.0219328886075,-79.5147326029362
"20505",20504,"51_17_7",38.0362266154878,-79.5064838004843
"20506",20505,"51_17_7",38.0304181333162,-79.5268681994854
"20507",20506,"51_17_7",38.0285495641135,-79.5267254872491
"20508",20507,"51_17_7",38.0217043142658,-79.5221193217044
"20509",20508,"51_17_7",38.035476208631,-79.5245758410351
"20510",20509,"51_17_7",38.0328146037689,-79.5304520948449
"20511",20510,"51_5_41",37.8571076330385,-79.9250024880234
"20512",20511,"51_5_41",37.8517189197708,-79.9341583253893
"20513",20512,"51_5_41",37.8549070879464,-79.9187290580479
"20514",20513,"51_5_41",37.8588322280958,-79.927659575379
"20515",20514,"51_5_41",37.8434719901377,-79.9389331501789
"20516",20515,"51_5_41",37.8509822422136,-79.9293480095157
"20517",20516,"51_5_41",37.8506956876834,-79.9215194207741
"20518",20517,"51_5_41",37.8392338135395,-79.9393119426956
"20519",20518,"51_5_41",37.8490462777993,-79.9269370971418
"20520",20519,"51_5_41",37.8393312780879,-79.9408873455449
"20521",20520,"51_5_46",37.8228948601116,-79.8527814623755
"20522",20521,"51_5_46",37.8175480844226,-79.8422008171153
"20523",20522,"51_5_46",37.8248518005729,-79.8338029314023
"20524",20523,"51_5_46",37.8286103142516,-79.8522656320835
"20525",20524,"51_5_46",37.8186914488411,-79.8501609539733
"20526",20525,"51_5_46",37.816002528268,-79.841205101922
"20527",20526,"51_5_46",37.8125375232351,-79.8290898866429
"20528",20527,"51_5_46",37.8224890662424,-79.844140997568
"20529",20528,"51_5_46",37.8119880665372,-79.8320924434248
"20530",20529,"51_5_46",37.8187721715683,-79.8423609985479
"20531",20530,"51_5_59",37.7154952571704,-79.9074417427629
"20532",20531,"51_5_59",37.7248249300118,-79.9092795778408
"20533",20532,"51_5_59",37.7164970804027,-79.8926994817325
"20534",20533,"51_5_59",37.7311390539918,-79.8998691339883
"20535",20534,"51_5_59",37.7242640938064,-79.9089468335395
"20536",20535,"51_5_59",37.7196559027612,-79.8958834112818
"20537",20536,"51_5_59",37.7190303679316,-79.9052444391948
"20538",20537,"51_5_59",37.7223453833952,-79.8958464467762
"20539",20538,"51_5_59",37.7257224563352,-79.9072964517909
"20540",20539,"51_5_59",37.725499025912,-79.9047506732181
"20541",20540,"51_9_18",37.6533360462148,-79.3259653737463
"20542",20541,"51_9_18",37.6440251784012,-79.3275806820575
"20543",20542,"51_9_18",37.6365591742503,-79.3392483000271
"20544",20543,"51_9_18",37.645379006341,-79.3304886673987
"20545",20544,"51_9_18",37.6470664482345,-79.3253996309284
"20546",20545,"51_9_18",37.6493745044992,-79.3285579755932
"20547",20546,"51_9_18",37.6481712731884,-79.3295945372824
"20548",20547,"51_9_18",37.6366879643239,-79.3263925649137
"20549",20548,"51_9_18",37.6501704257346,-79.3304186236914
"20550",20549,"51_9_18",37.6608959579875,-79.3365415438012
"20551",20550,"51_195_1",36.9006774939036,-82.5604930249585
"20552",20551,"51_195_1",36.8951790667667,-82.5531543278732
"20553",20552,"51_195_1",36.9031647464268,-82.5564944722641
"20554",20553,"51_195_1",36.9138439508845,-82.5561023992824
"20555",20554,"51_195_1",36.9069996023096,-82.562673744637
"20556",20555,"51_195_1",36.901786816777,-82.5747943824001
"20557",20556,"51_195_1",36.9152555468968,-82.5651259511259
"20558",20557,"51_195_1",36.9083722018886,-82.5628983148554
"20559",20558,"51_195_1",36.9016943953542,-82.5467458052243
"20560",20559,"51_195_1",36.9088145380187,-82.5616563321599
"20561",20560,"51_23_65",37.5252013600554,-79.596524054097
"20562",20561,"51_23_65",37.5325616917014,-79.5815176584018
"20563",20562,"51_23_65",37.5363554848238,-79.6041801915025
"20564",20563,"51_23_65",37.5313742133909,-79.5872232450599
"20565",20564,"51_23_65",37.5296183266207,-79.6025430911231
"20566",20565,"51_23_65",37.5350629596054,-79.6101804560765
"20567",20566,"51_23_65",37.536178725733,-79.5970776622856
"20568",20567,"51_23_65",37.5352740272139,-79.5949908746511
"20569",20568,"51_23_65",37.5485263728573,-79.5960695375056
"20570",20569,"51_23_65",37.5340798767133,-79.5935467010012
"20571",20570,"51_163_63",37.6754693380606,-79.4127604183081
"20572",20571,"51_163_63",37.6650307352207,-79.3962854176491
"20573",20572,"51_163_63",37.6583433692937,-79.4149234290241
"20574",20573,"51_163_63",37.6759043702014,-79.4226645451183
"20575",20574,"51_163_63",37.6686227967945,-79.4140282475649
"20576",20575,"51_163_63",37.6738458774062,-79.4131100529951
"20577",20576,"51_163_63",37.6650748389479,-79.4132845853045
"20578",20577,"51_163_63",37.6610125473163,-79.408904601409
"20579",20578,"51_163_63",37.6659491805161,-79.4000794678135
"20580",20579,"51_163_63",37.6632916380914,-79.4100209832794
"20581",20580,"51_9_47",37.6461324940163,-79.2942983605368
"20582",20581,"51_9_47",37.652834231102,-79.2856096322842
"20583",20582,"51_9_47",37.6522761443325,-79.2893807642218
"20584",20583,"51_9_47",37.6491720201725,-79.2891297731241
"20585",20584,"51_9_47",37.6591615462581,-79.2937635656149
"20586",20585,"51_9_47",37.6473776101085,-79.2975282420015
"20587",20586,"51_9_47",37.6588068069892,-79.2751942860541
"20588",20587,"51_9_47",37.6570170073997,-79.2899044039466
"20589",20588,"51_9_47",37.6475617254988,-79.2956491466011
"20590",20589,"51_9_47",37.6518535256088,-79.2909295411141
"20591",20590,"51_9_36",37.7289688942765,-79.2034825201822
"20592",20591,"51_9_36",37.7426821962253,-79.1995465828708
"20593",20592,"51_9_36",37.7424383036052,-79.1955153563491
"20594",20593,"51_9_36",37.7473486586549,-79.2092055711053
"20595",20594,"51_9_36",37.7426915479725,-79.1950100436779
"20596",20595,"51_9_36",37.7391127633505,-79.2008102042034
"20597",20596,"51_9_36",37.7315333931801,-79.1986585697474
"20598",20597,"51_9_36",37.7446634833397,-79.2039421089282
"20599",20598,"51_9_36",37.7450727613658,-79.1986924882906
"20600",20599,"51_9_36",37.7413311167146,-79.1979743854434
"20601",20600,"51_21_20",37.1290489187855,-81.2646849986981
"20602",20601,"51_21_20",37.1266937059858,-81.2474072570578
"20603",20602,"51_21_20",37.1302582353868,-81.2608421933996
"20604",20603,"51_21_20",37.1278428672438,-81.2595310922834
"20605",20604,"51_21_20",37.1304843677215,-81.277506879456
"20606",20605,"51_21_20",37.1295323611335,-81.2605068854755
"20607",20606,"51_21_20",37.1355547756137,-81.2672847470227
"20608",20607,"51_21_20",37.1394363228634,-81.2624678985706
"20609",20608,"51_21_20",37.1316916332164,-81.2531563254379
"20610",20609,"51_21_20",37.1384149043344,-81.2705262606669
"20611",20610,"51_21_38",37.1095714925513,-81.1814181014949
"20612",20611,"51_21_38",37.1074941139879,-81.1879382509216
"20613",20612,"51_21_38",37.10229151339,-81.1695771421734
"20614",20613,"51_21_38",37.1010848427529,-81.1931113190189
"20615",20614,"51_21_38",37.1091070131895,-81.1679382098201
"20616",20615,"51_21_38",37.105408877334,-81.184221494017
"20617",20616,"51_21_38",37.1049532467326,-81.1799288358569
"20618",20617,"51_21_38",37.1167859848105,-81.1814434212667
"20619",20618,"51_21_38",37.1097240746195,-81.1816280144671
"20620",20619,"51_21_38",37.1122771245315,-81.1849146336899
"20621",20620,"51_23_45",37.7747783410346,-79.8143524609188
"20622",20621,"51_23_45",37.7753315550335,-79.8116049331909
"20623",20622,"51_23_45",37.7745707542478,-79.8123084680197
"20624",20623,"51_23_45",37.7789237986227,-79.8176019260162
"20625",20624,"51_23_45",37.7827192582819,-79.8111089291703
"20626",20625,"51_23_45",37.783379230106,-79.8228808652374
"20627",20626,"51_23_45",37.777877145768,-79.8176592510212
"20628",20627,"51_23_45",37.7717033858024,-79.8269535749221
"20629",20628,"51_23_45",37.7669540213719,-79.8146553048447
"20630",20629,"51_23_45",37.7760343610331,-79.815365852253
"20631",20630,"51_121_33",37.2557030482081,-80.5419472736468
"20632",20631,"51_121_33",37.2607878948416,-80.5316615349203
"20633",20632,"51_121_33",37.2590669828011,-80.5461076342743
"20634",20633,"51_121_33",37.2732456245866,-80.5296461633918
"20635",20634,"51_121_33",37.2623632960451,-80.5339948462804
"20636",20635,"51_121_33",37.263847332221,-80.5339717372763
"20637",20636,"51_121_33",37.2616270909018,-80.5329990110425
"20638",20637,"51_121_33",37.2598127948796,-80.5188572192172
"20639",20638,"51_121_33",37.2670042052061,-80.5344595008672
"20640",20639,"51_121_33",37.2633063308096,-80.5362355182823
"20641",20640,"51_21_41",37.0612736979241,-81.332771281707
"20642",20641,"51_21_41",37.0506303151389,-81.3353407727546
"20643",20642,"51_21_41",37.0624897284532,-81.3401877969652
"20644",20643,"51_21_41",37.0627401313829,-81.3518975935678
"20645",20644,"51_21_41",37.0550680183964,-81.3402480483609
"20646",20645,"51_21_41",37.0559821382593,-81.3477855794742
"20647",20646,"51_21_41",37.0599708082615,-81.3308313924473
"20648",20647,"51_21_41",37.066700051205,-81.3366438649619
"20649",20648,"51_21_41",37.0567328073694,-81.3381816068313
"20650",20649,"51_21_41",37.0675370995517,-81.3434957228752
"20651",20650,"51_5_10",37.9002377204195,-79.9238822459918
"20652",20651,"51_5_10",37.9057491165337,-79.9348145488658
"20653",20652,"51_5_10",37.9118418781141,-79.9278073276162
"20654",20653,"51_5_10",37.9034605491072,-79.9265349896037
"20655",20654,"51_5_10",37.901884713341,-79.9391607958001
"20656",20655,"51_5_10",37.9049417422025,-79.930256094228
"20657",20656,"51_5_10",37.903960000083,-79.9297064483862
"20658",20657,"51_5_10",37.9022324691302,-79.9456908709989
"20659",20658,"51_5_10",37.9060020089397,-79.9270682058197
"20660",20659,"51_5_10",37.9108143715587,-79.9173579443065
"20661",20660,"51_163_41",37.5766649577092,-79.492172241641
"20662",20661,"51_163_41",37.5780393575155,-79.497281146138
"20663",20662,"51_163_41",37.5749256879782,-79.4928419307322
"20664",20663,"51_163_41",37.5756841960833,-79.4941771308143
"20665",20664,"51_163_41",37.5706727966161,-79.4961497344989
"20666",20665,"51_163_41",37.5700047038538,-79.501249527618
"20667",20666,"51_163_41",37.5772540091506,-79.4878167355988
"20668",20667,"51_163_41",37.5806250929123,-79.5018149738706
"20669",20668,"51_163_41",37.5615582624437,-79.4976268436976
"20670",20669,"51_163_41",37.5741853168673,-79.4924325846945
"20671",20670,"51_15_89",38.0481295341207,-79.4362344322363
"20672",20671,"51_15_89",38.0536706404918,-79.4304974008326
"20673",20672,"51_15_89",38.0525265602467,-79.433260139522
"20674",20673,"51_15_89",38.0602133798695,-79.4370089883365
"20675",20674,"51_15_89",38.0696988174579,-79.4299544768972
"20676",20675,"51_15_89",38.0460081818402,-79.4422894030745
"20677",20676,"51_15_89",38.0604099713166,-79.4382476931981
"20678",20677,"51_15_89",38.0595279943078,-79.444129551414
"20679",20678,"51_15_89",38.0507727523814,-79.4236074608766
"20680",20679,"51_15_89",38.0597493129,-79.4178534391987
"20681",20680,"51_15_18",38.3466980818239,-79.1479237453482
"20682",20681,"51_15_18",38.3593819205163,-79.1348711541794
"20683",20682,"51_15_18",38.3608161813677,-79.1256235262335
"20684",20683,"51_15_18",38.3599952153667,-79.1357094996742
"20685",20684,"51_15_18",38.3565643761539,-79.1378534471295
"20686",20685,"51_15_18",38.3576381991826,-79.1358898541897
"20687",20686,"51_15_18",38.3589387301137,-79.1378414164086
"20688",20687,"51_15_18",38.3486079872257,-79.1437472634376
"20689",20688,"51_15_18",38.3657189652049,-79.1373875226107
"20690",20689,"51_15_18",38.3485115504506,-79.1313699005017
"20691",20690,"51_17_42",38.1436315534974,-79.8420251558034
"20692",20691,"51_17_42",38.1403505653961,-79.856653846198
"20693",20692,"51_17_42",38.1468013116679,-79.8572219620851
"20694",20693,"51_17_42",38.1351614908751,-79.8582165484436
"20695",20694,"51_17_42",38.1605884855119,-79.8550652301669
"20696",20695,"51_17_42",38.1472574229363,-79.8563636313534
"20697",20696,"51_17_42",38.1471579646516,-79.8570882129189
"20698",20697,"51_17_42",38.1464201889912,-79.8568161270971
"20699",20698,"51_17_42",38.1566072237761,-79.8563432095582
"20700",20699,"51_17_42",38.1507818262524,-79.8669573205213
"20701",20700,"51_17_51",38.109226110412,-79.8055295736584
"20702",20701,"51_17_51",38.0973665209634,-79.8106652474169
"20703",20702,"51_17_51",38.1061341764417,-79.7985314962278
"20704",20703,"51_17_51",38.0970549216507,-79.8098754134386
"20705",20704,"51_17_51",38.0976849684994,-79.8132312594968
"20706",20705,"51_17_51",38.0945001104929,-79.7988232286159
"20707",20706,"51_17_51",38.0897781009379,-79.8234330511068
"20708",20707,"51_17_51",38.0884566739582,-79.7996641834176
"20709",20708,"51_17_51",38.0990899765796,-79.8007933675529
"20710",20709,"51_17_51",38.0881733483598,-79.8123664224842
"20711",20710,"51_15_109",38.3105906403847,-79.2357119943284
"20712",20711,"51_15_109",38.3198545505553,-79.2346835225581
"20713",20712,"51_15_109",38.3117405951042,-79.2223594201755
"20714",20713,"51_15_109",38.312001962926,-79.2170762623233
"20715",20714,"51_15_109",38.3102006143699,-79.2236006470398
"20716",20715,"51_15_109",38.3027422520762,-79.2269761586309
"20717",20716,"51_15_109",38.3004330850109,-79.2241079985206
"20718",20717,"51_15_109",38.2962580033162,-79.2207608499003
"20719",20718,"51_15_109",38.3029390607489,-79.2371237757347
"20720",20719,"51_15_109",38.3177959330221,-79.2244419401738
"20721",20720,"51_15_50",38.3966423393428,-79.298696611984
"20722",20721,"51_15_50",38.3840763226377,-79.3053150519625
"20723",20722,"51_15_50",38.385820218575,-79.3048850942673
"20724",20723,"51_15_50",38.3825751656631,-79.3139895863862
"20725",20724,"51_15_50",38.3828622252826,-79.291748181143
"20726",20725,"51_15_50",38.3852723000834,-79.3127394569085
"20727",20726,"51_15_50",38.3819178721114,-79.3032000402483
"20728",20727,"51_15_50",38.3810879553934,-79.3120538041542
"20729",20728,"51_15_50",38.3824044912012,-79.2922037539263
"20730",20729,"51_15_50",38.3845769132892,-79.3146463756668
"20731",20730,"51_113_2",38.4677409473571,-78.383173403071
"20732",20731,"51_113_2",38.4523708110879,-78.3772110553339
"20733",20732,"51_113_2",38.4530982352373,-78.3759826726832
"20734",20733,"51_113_2",38.4480731795717,-78.3683054570189
"20735",20734,"51_113_2",38.4426833027277,-78.3726674528606
"20736",20735,"51_113_2",38.4548269439159,-78.3759059881089
"20737",20736,"51_113_2",38.4623722486447,-78.3772009097402
"20738",20737,"51_113_2",38.4593126597685,-78.3708817959427
"20739",20738,"51_113_2",38.4558401073575,-78.3770365320844
"20740",20739,"51_113_2",38.46219935062,-78.3847200997041
"20741",20740,"51_187_20",38.865813893886,-78.33709255967
"20742",20741,"51_187_20",38.8579345358596,-78.3341337440735
"20743",20742,"51_187_20",38.8610686040599,-78.3270512994227
"20744",20743,"51_187_20",38.8618992199853,-78.3317966879448
"20745",20744,"51_187_20",38.8636549135212,-78.3349897112385
"20746",20745,"51_187_20",38.8557460089207,-78.3303621301666
"20747",20746,"51_187_20",38.8669484671849,-78.3313071077827
"20748",20747,"51_187_20",38.8502718501851,-78.327440215405
"20749",20748,"51_187_20",38.8760118014313,-78.3341539918216
"20750",20749,"51_187_20",38.8693145800229,-78.3379233741641
"20751",20750,"51_187_3",38.7943197600822,-78.2006590089209
"20752",20751,"51_187_3",38.8040162933055,-78.205989238682
"20753",20752,"51_187_3",38.7997690301256,-78.1846877550813
"20754",20753,"51_187_3",38.8127818462777,-78.1998954298198
"20755",20754,"51_187_3",38.8009845826902,-78.1946285468793
"20756",20755,"51_187_3",38.7961732536686,-78.1978921483948
"20757",20756,"51_187_3",38.7952331059359,-78.1966243813773
"20758",20757,"51_187_3",38.8018354536832,-78.1970323881195
"20759",20758,"51_187_3",38.7995200144951,-78.1882784198093
"20760",20759,"51_187_3",38.7950707050848,-78.1957267623117
"20761",20760,"51_191_15",36.6579368643773,-81.7184446382258
"20762",20761,"51_191_15",36.6569543994897,-81.7234335729715
"20763",20762,"51_191_15",36.6457898629456,-81.7264369315673
"20764",20763,"51_191_15",36.6366066640701,-81.7185023762947
"20765",20764,"51_191_15",36.642400921404,-81.7286545128839
"20766",20765,"51_191_15",36.6536313002903,-81.7242835376197
"20767",20766,"51_191_15",36.6499126859619,-81.7229214152553
"20768",20767,"51_191_15",36.6476379057691,-81.7146276264356
"20769",20768,"51_191_15",36.654254633016,-81.7103526632216
"20770",20769,"51_191_15",36.6450762687688,-81.7175222776742
"20771",20770,"51_191_55",36.6634197676148,-81.6881453492375
"20772",20771,"51_191_55",36.6696488366203,-81.7063591706972
"20773",20772,"51_191_55",36.6683873782928,-81.6887975218641
"20774",20773,"51_191_55",36.6682441672003,-81.7024586597268
"20775",20774,"51_191_55",36.6676071982157,-81.6984952985461
"20776",20775,"51_191_55",36.6687567714344,-81.6896561121832
"20777",20776,"51_191_55",36.6777557320373,-81.6903650310756
"20778",20777,"51_191_55",36.6730269328347,-81.7045955916192
"20779",20778,"51_191_55",36.6518327268619,-81.6907940929126
"20780",20779,"51_191_55",36.6653944273245,-81.7116589622387
"20781",20780,"51_77_49",36.6379928866488,-81.5617673411834
"20782",20781,"51_77_49",36.6493582568535,-81.5779990432325
"20783",20782,"51_77_49",36.6470853432402,-81.5706242484629
"20784",20783,"51_77_49",36.6397084638388,-81.5757871389349
"20785",20784,"51_77_49",36.6482988211209,-81.5615302349512
"20786",20785,"51_77_49",36.6514134540145,-81.5680694689803
"20787",20786,"51_77_49",36.6496211408418,-81.5497998538214
"20788",20787,"51_77_49",36.6481922040992,-81.5727367476635
"20789",20788,"51_77_49",36.6456681466025,-81.5528530269289
"20790",20789,"51_77_49",36.6383261980197,-81.557347824211
"20791",20790,"51_197_6",36.9794045863927,-81.306750208013
"20792",20791,"51_197_6",36.9776185884385,-81.2993196568152
"20793",20792,"51_197_6",36.9892889935386,-81.2941104394071
"20794",20793,"51_197_6",36.979921659563,-81.3077196351622
"20795",20794,"51_197_6",36.9848005839926,-81.2935720259691
"20796",20795,"51_197_6",36.9802450803565,-81.2944079036955
"20797",20796,"51_197_6",36.9893912746572,-81.3021100423372
"20798",20797,"51_197_6",36.9843835166884,-81.294644759919
"20799",20798,"51_197_6",36.9865774202844,-81.2876418944799
"20800",20799,"51_197_6",36.9727868000355,-81.2912160126391
"20801",20800,"51_17_44",38.0191829559308,-79.7502987510844
"20802",20801,"51_17_44",38.0275568297493,-79.7270082214342
"20803",20802,"51_17_44",38.0162527189792,-79.7335451169787
"20804",20803,"51_17_44",38.0305157645264,-79.7388403246042
"20805",20804,"51_17_44",38.0338574524184,-79.7340423364699
"20806",20805,"51_17_44",38.027651524729,-79.7331514367635
"20807",20806,"51_17_44",38.0203874744473,-79.7354603689128
"20808",20807,"51_17_44",38.0181876001997,-79.7381108850852
"20809",20808,"51_17_44",38.0277510702945,-79.7287575633627
"20810",20809,"51_17_44",38.0292587948636,-79.7423093930007
"20811",20810,"51_21_26",37.0455267009248,-81.4537063560641
"20812",20811,"51_21_26",37.0324345081223,-81.4479254098362
"20813",20812,"51_21_26",37.0299339464604,-81.4568774521544
"20814",20813,"51_21_26",37.034782711373,-81.4406612224282
"20815",20814,"51_21_26",37.0393735641992,-81.4559877640017
"20816",20815,"51_21_26",37.0402263570766,-81.454136128929
"20817",20816,"51_21_26",37.0341987423478,-81.4512020733199
"20818",20817,"51_21_26",37.042843372429,-81.4597324536957
"20819",20818,"51_21_26",37.0348834444372,-81.4422989628487
"20820",20819,"51_21_26",37.0337228917658,-81.4377336694649
"20821",20820,"51_185_47",37.0616784665631,-81.4177640384061
"20822",20821,"51_185_47",37.0651228791881,-81.4183692875665
"20823",20822,"51_185_47",37.0722414287533,-81.4313968767568
"20824",20823,"51_185_47",37.066658039122,-81.4198670544729
"20825",20824,"51_185_47",37.0675342594017,-81.4072162307906
"20826",20825,"51_185_47",37.0680133826785,-81.4141448782536
"20827",20826,"51_185_47",37.0595599364802,-81.4101325066283
"20828",20827,"51_185_47",37.0702261746869,-81.417893424842
"20829",20828,"51_185_47",37.0656207453342,-81.4170871473771
"20830",20829,"51_185_47",37.0581477006394,-81.4111737505368
"20831",20830,"51_9_39",37.6160201416376,-79.3962833659154
"20832",20831,"51_9_39",37.6312215631463,-79.3891204437504
"20833",20832,"51_9_39",37.6261789304575,-79.3858341804141
"20834",20833,"51_9_39",37.6246256529095,-79.4080884054469
"20835",20834,"51_9_39",37.618117785791,-79.4060258447801
"20836",20835,"51_9_39",37.6250577555466,-79.3932547234891
"20837",20836,"51_9_39",37.6297084946207,-79.4074667425751
"20838",20837,"51_9_39",37.620129892428,-79.3937827740939
"20839",20838,"51_9_39",37.6091873500625,-79.3889563231773
"20840",20839,"51_9_39",37.6235655632871,-79.3790880818249
"20841",20840,"51_17_14",38.170399442073,-79.8235757017532
"20842",20841,"51_17_14",38.1775716578548,-79.8200254681368
"20843",20842,"51_17_14",38.1710699935629,-79.8356370030421
"20844",20843,"51_17_14",38.1670249238208,-79.8360137714618
"20845",20844,"51_17_14",38.1706307047367,-79.8297144167723
"20846",20845,"51_17_14",38.1791179680902,-79.8233660316516
"20847",20846,"51_17_14",38.1801055208751,-79.8284810620301
"20848",20847,"51_17_14",38.1727826014724,-79.8303334083196
"20849",20848,"51_17_14",38.1809142905199,-79.8224638631502
"20850",20849,"51_17_14",38.177255811418,-79.8203581632828
"20851",20850,"51_45_3",37.4270782452204,-80.4500648777075
"20852",20851,"51_45_3",37.4298003699716,-80.4636344215803
"20853",20852,"51_45_3",37.4301007970872,-80.448708049079
"20854",20853,"51_45_3",37.4225251577613,-80.4540541456716
"20855",20854,"51_45_3",37.4189491863606,-80.4572502592877
"20856",20855,"51_45_3",37.4176164875275,-80.4551536387241
"20857",20856,"51_45_3",37.4247930994002,-80.454128391223
"20858",20857,"51_45_3",37.4228321599706,-80.4566292857695
"20859",20858,"51_45_3",37.4109289221137,-80.4588674710521
"20860",20859,"51_45_3",37.4186318239042,-80.4593047284557
"20861",20860,"51_45_17",37.5940751545195,-80.0851584948504
"20862",20861,"51_45_17",37.5824106414632,-80.0856037653623
"20863",20862,"51_45_17",37.5733469496376,-80.0776129533281
"20864",20863,"51_45_17",37.5884971225646,-80.0988146735363
"20865",20864,"51_45_17",37.5819508645092,-80.0848223164038
"20866",20865,"51_45_17",37.5832714350704,-80.089136536928
"20867",20866,"51_45_17",37.57271067009,-80.0762203597541
"20868",20867,"51_45_17",37.5809155519521,-80.0840305594592
"20869",20868,"51_45_17",37.5781007282111,-80.0876015596655
"20870",20869,"51_45_17",37.5878922340861,-80.1012725808008
"20871",20870,"51_3_53",38.2575803515192,-78.6625634168829
"20872",20871,"51_3_53",38.2690206984229,-78.6766763570816
"20873",20872,"51_3_53",38.2663422091676,-78.6660491122028
"20874",20873,"51_3_53",38.2687947824917,-78.65465210256
"20875",20874,"51_3_53",38.2612519979166,-78.6675765107628
"20876",20875,"51_3_53",38.2692871021538,-78.6631147979812
"20877",20876,"51_3_53",38.2670635727157,-78.6812691358273
"20878",20877,"51_3_53",38.2586588396812,-78.6525081257149
"20879",20878,"51_3_53",38.2719671129881,-78.6683835263346
"20880",20879,"51_3_53",38.2650389434683,-78.6646102740673
"20881",20880,"51_5_36",37.639285477905,-80.2019194071215
"20882",20881,"51_5_36",37.6470685783396,-80.1688318532077
"20883",20882,"51_5_36",37.6494333349157,-80.1860878691574
"20884",20883,"51_5_36",37.6464277933016,-80.1866517260401
"20885",20884,"51_5_36",37.6377400490445,-80.1888760744468
"20886",20885,"51_5_36",37.6424738379946,-80.1812971647829
"20887",20886,"51_5_36",37.6577159296478,-80.1856255049523
"20888",20887,"51_5_36",37.6460988131063,-80.185526547997
"20889",20888,"51_5_36",37.646143461307,-80.1921726103634
"20890",20889,"51_5_36",37.648258435894,-80.1769890231539
"20891",20890,"51_5_21",37.6961899175623,-80.084009007561
"20892",20891,"51_5_21",37.7026472504837,-80.0906432676919
"20893",20892,"51_5_21",37.701843476896,-80.0830512163824
"20894",20893,"51_5_21",37.6961094024957,-80.093850571586
"20895",20894,"51_5_21",37.7077885629747,-80.078809057337
"20896",20895,"51_5_21",37.6952572189084,-80.0969531608881
"20897",20896,"51_5_21",37.7095975627033,-80.0918773245764
"20898",20897,"51_5_21",37.703126427057,-80.0948944894609
"20899",20898,"51_5_21",37.7031183408489,-80.0914019239543
"20900",20899,"51_5_21",37.7153055499952,-80.1025981085558
"20901",20900,"51_171_40",38.9105663611156,-78.7320418952944
"20902",20901,"51_171_40",38.9139807204728,-78.7328345414332
"20903",20902,"51_171_40",38.9259944187498,-78.7214424025214
"20904",20903,"51_171_40",38.9194563177013,-78.7343814052148
"20905",20904,"51_171_40",38.917968187934,-78.7367652662788
"20906",20905,"51_171_40",38.9254771056701,-78.7307409980917
"20907",20906,"51_171_40",38.9195572686169,-78.7403953673611
"20908",20907,"51_171_40",38.9140261128897,-78.7319246098676
"20909",20908,"51_171_40",38.9180598242947,-78.7310563200027
"20910",20909,"51_171_40",38.920095654441,-78.7201247718983
"20911",20910,"51_173_49",36.9902401329777,-81.52328101127
"20912",20911,"51_173_49",36.9959573670348,-81.5136768971047
"20913",20912,"51_173_49",36.9921013009957,-81.5223752205405
"20914",20913,"51_173_49",36.9896990488905,-81.513224519699
"20915",20914,"51_173_49",36.9924815064607,-81.5050639165816
"20916",20915,"51_173_49",36.9991293905971,-81.5199482173755
"20917",20916,"51_173_49",36.9929122766866,-81.5011918518697
"20918",20917,"51_173_49",36.9948280992568,-81.5025366242599
"20919",20918,"51_173_49",36.986844117359,-81.5237395718078
"20920",20919,"51_173_49",36.9962028148986,-81.5125663635998
"20921",20920,"51_173_28",36.7751050677644,-81.3451683014127
"20922",20921,"51_173_28",36.7738898542846,-81.3502622109442
"20923",20922,"51_173_28",36.7809660813261,-81.340092791383
"20924",20923,"51_173_28",36.7812531008958,-81.3345770005062
"20925",20924,"51_173_28",36.7775543044667,-81.341089348451
"20926",20925,"51_173_28",36.7761462846734,-81.3451314961239
"20927",20926,"51_173_28",36.7783372888017,-81.3434773769627
"20928",20927,"51_173_28",36.7717436565291,-81.3407493017612
"20929",20928,"51_173_28",36.7730363942076,-81.3566500274775
"20930",20929,"51_173_28",36.7776859567884,-81.3425858339615
"20931",20930,"51_17_54",37.9173287430658,-79.906678919492
"20932",20931,"51_17_54",37.9395813246628,-79.8979946230256
"20933",20932,"51_17_54",37.929219455813,-79.8958848865715
"20934",20933,"51_17_54",37.9273470313885,-79.8975879262783
"20935",20934,"51_17_54",37.937589762286,-79.9063856020828
"20936",20935,"51_17_54",37.9207259245609,-79.9018910326525
"20937",20936,"51_17_54",37.9181839336263,-79.8900262643534
"20938",20937,"51_17_54",37.9405105992129,-79.8983949431452
"20939",20938,"51_17_54",37.9193429340224,-79.8985253696396
"20940",20939,"51_17_54",37.9287698033508,-79.8918110400053
"20941",20940,"51_69_22",39.0527733005751,-78.4789450807394
"20942",20941,"51_69_22",39.0538120921555,-78.4615108981277
"20943",20942,"51_69_22",39.0627490172056,-78.4583026442344
"20944",20943,"51_69_22",39.0580776971548,-78.4660241969747
"20945",20944,"51_69_22",39.0515596707727,-78.4695081052818
"20946",20945,"51_69_22",39.0623417640867,-78.4710834596366
"20947",20946,"51_69_22",39.0490456874985,-78.4700502156439
"20948",20947,"51_69_22",39.0693355200622,-78.4732834575162
"20949",20948,"51_69_22",39.052510024111,-78.4598408747231
"20950",20949,"51_69_22",39.0483748176174,-78.4781809801555
"20951",20950,"51_45_14",37.4160627969133,-80.4731572809274
"20952",20951,"51_45_14",37.4192950119325,-80.4497051673771
"20953",20952,"51_45_14",37.4220368259088,-80.469707778407
"20954",20953,"51_45_14",37.4155839329564,-80.4662104178818
"20955",20954,"51_45_14",37.4075020387839,-80.4727287674885
"20956",20955,"51_45_14",37.4187091904541,-80.4768677173849
"20957",20956,"51_45_14",37.4140665698016,-80.465857211552
"20958",20957,"51_45_14",37.4075295591793,-80.4791963366236
"20959",20958,"51_45_14",37.4171194289742,-80.4574931893596
"20960",20959,"51_45_14",37.4125178157663,-80.4526439096101
"20961",20960,"51_45_31",37.5085264335112,-80.2927914135898
"20962",20961,"51_45_31",37.5099710228527,-80.3019089349193
"20963",20962,"51_45_31",37.5234312335171,-80.2931446122904
"20964",20963,"51_45_31",37.5266831410128,-80.2839495073019
"20965",20964,"51_45_31",37.5136570688063,-80.2932655243465
"20966",20965,"51_45_31",37.5158145684065,-80.2945075214879
"20967",20966,"51_45_31",37.5106666687673,-80.2893841996181
"20968",20967,"51_45_31",37.5116981530871,-80.2930469509238
"20969",20968,"51_45_31",37.5151763598872,-80.2728040719934
"20970",20969,"51_45_31",37.5231192143866,-80.3030345124351
"20971",20970,"51_45_24",37.4141195538421,-80.1433327943753
"20972",20971,"51_45_24",37.4046032602887,-80.1493901958172
"20973",20972,"51_45_24",37.4261070690499,-80.1348290672249
"20974",20973,"51_45_24",37.419530919233,-80.1566201559609
"20975",20974,"51_45_24",37.4184097179591,-80.1298165226634
"20976",20975,"51_45_24",37.4177005408269,-80.1455750836667
"20977",20976,"51_45_24",37.4085368052698,-80.1486589504208
"20978",20977,"51_45_24",37.4169707158601,-80.1585383258522
"20979",20978,"51_45_24",37.4149766541364,-80.1442100192848
"20980",20979,"51_45_24",37.4142244895288,-80.1466981847365
"20981",20980,"51_45_5",37.625494250157,-80.0655931856546
"20982",20981,"51_45_5",37.6272927439762,-80.0734429067639
"20983",20982,"51_45_5",37.6217698379282,-80.0666062992691
"20984",20983,"51_45_5",37.6246595399737,-80.0811920493219
"20985",20984,"51_45_5",37.6164829488091,-80.061388053805
"20986",20985,"51_45_5",37.6278070578269,-80.0735567462968
"20987",20986,"51_45_5",37.6091529978309,-80.0685222500377
"20988",20987,"51_45_5",37.6114449892425,-80.0685966376716
"20989",20988,"51_45_5",37.6116354999659,-80.0726591008264
"20990",20989,"51_45_5",37.6138565229056,-80.078281763189
"20991",20990,"51_45_25",37.5184530397993,-80.2186318606552
"20992",20991,"51_45_25",37.5140856829459,-80.2191060882132
"20993",20992,"51_45_25",37.5169174302492,-80.2359393183114
"20994",20993,"51_45_25",37.5199726595477,-80.2122589368873
"20995",20994,"51_45_25",37.5262761652233,-80.2154546443415
"20996",20995,"51_45_25",37.5242526228282,-80.2227326072339
"20997",20996,"51_45_25",37.5271550757615,-80.2141135608093
"20998",20997,"51_45_25",37.5151975414408,-80.2160006436799
"20999",20998,"51_45_25",37.5181002437394,-80.2223239461071
"21000",20999,"51_45_25",37.5150470238474,-80.2168277592329
"21001",21000,"51_157_5",38.7860123285601,-78.1859854777109
"21002",21001,"51_157_5",38.7853138830666,-78.1704824227948
"21003",21002,"51_157_5",38.7805853715189,-78.1665973138904
"21004",21003,"51_157_5",38.7859334629728,-78.173358574904
"21005",21004,"51_157_5",38.780652334707,-78.1722715248597
"21006",21005,"51_157_5",38.7834380763753,-78.1707433056834
"21007",21006,"51_157_5",38.7887211731859,-78.1847800888873
"21008",21007,"51_157_5",38.7739998866761,-78.1857701996102
"21009",21008,"51_157_5",38.7751342889075,-78.186029509497
"21010",21009,"51_157_5",38.7939068979037,-78.1828105443276
"21011",21010,"51_163_22",37.9987597632012,-79.5237104814117
"21012",21011,"51_163_22",38.0075683829041,-79.5340746255284
"21013",21012,"51_163_22",37.9944118595479,-79.5368831727905
"21014",21013,"51_163_22",38.0043105493052,-79.5317896905354
"21015",21014,"51_163_22",37.9936645696811,-79.5156016472405
"21016",21015,"51_163_22",37.9975112747301,-79.524802793548
"21017",21016,"51_163_22",37.9980563942978,-79.5295313088931
"21018",21017,"51_163_22",38.0027735222744,-79.5153209977452
"21019",21018,"51_163_22",37.9983474321719,-79.5198332422179
"21020",21019,"51_163_22",38.0060877621794,-79.5163018736536
"21021",21020,"51_45_22",37.4578361746048,-80.3738066628604
"21022",21021,"51_45_22",37.447693468512,-80.37618271519
"21023",21022,"51_45_22",37.4494085399115,-80.3770011174304
"21024",21023,"51_45_22",37.4484722765238,-80.3759480396187
"21025",21024,"51_45_22",37.4538711649199,-80.3832271903047
"21026",21025,"51_45_22",37.4412269585758,-80.3758477214072
"21027",21026,"51_45_22",37.4554155419942,-80.3840215808954
"21028",21027,"51_45_22",37.4408978612531,-80.3625030953313
"21029",21028,"51_45_22",37.4403573237445,-80.3856537540919
"21030",21029,"51_45_22",37.4564758465016,-80.3756581160853
"21031",21030,"51_45_19",37.478348112025,-80.2757190662931
"21032",21031,"51_45_19",37.4668418044367,-80.2731575785732
"21033",21032,"51_45_19",37.4775952914506,-80.262831832502
"21034",21033,"51_45_19",37.4685454210898,-80.2746229528385
"21035",21034,"51_45_19",37.4617915794309,-80.2739546313941
"21036",21035,"51_45_19",37.4695954785655,-80.2751521055396
"21037",21036,"51_45_19",37.468840389886,-80.2632558756806
"21038",21037,"51_45_19",37.469192943895,-80.2753193608895
"21039",21038,"51_45_19",37.4660198597223,-80.2712809139719
"21040",21039,"51_45_19",37.4744744784964,-80.2795640222784
"21041",21040,"51_45_7",37.5819954816139,-80.1887931552641
"21042",21041,"51_45_7",37.5689422619299,-80.1810661776696
"21043",21042,"51_45_7",37.566565050475,-80.1864165449678
"21044",21043,"51_45_7",37.579641361869,-80.1868384770099
"21045",21044,"51_45_7",37.5744316000166,-80.1995892969354
"21046",21045,"51_45_7",37.5802243348096,-80.182240327431
"21047",21046,"51_45_7",37.5792023689903,-80.1881583282118
"21048",21047,"51_45_7",37.5750407267353,-80.1724442416476
"21049",21048,"51_45_7",37.5817240018041,-80.1913811999654
"21050",21049,"51_45_7",37.5796525014981,-80.1807618732302
"21051",21050,"51_45_10",37.534953955361,-80.1429989580816
"21052",21051,"51_45_10",37.5501116045774,-80.1233377373046
"21053",21052,"51_45_10",37.5400147883972,-80.1320867389812
"21054",21053,"51_45_10",37.5389950350331,-80.1336191985498
"21055",21054,"51_45_10",37.5314901134068,-80.1278385454926
"21056",21055,"51_45_10",37.5426715472609,-80.1472179461811
"21057",21056,"51_45_10",37.5418372144492,-80.1300028569545
"21058",21057,"51_45_10",37.5393300430557,-80.1381078769916
"21059",21058,"51_45_10",37.5362491310841,-80.1296126783583
"21060",21059,"51_45_10",37.5326715366222,-80.136197817849
"21061",21060,"51_15_215",38.1853792659543,-79.3783351111846
"21062",21061,"51_15_215",38.1829685653591,-79.3660515539642
"21063",21062,"51_15_215",38.1889443154964,-79.3585920451029
"21064",21063,"51_15_215",38.1794983160073,-79.3700836890255
"21065",21064,"51_15_215",38.1867210989201,-79.3674239828574
"21066",21065,"51_15_215",38.1836442807297,-79.3619875478853
"21067",21066,"51_15_215",38.1811556681708,-79.3642089099816
"21068",21067,"51_15_215",38.1842797794921,-79.359801577212
"21069",21068,"51_15_215",38.1900919932038,-79.3668651183288
"21070",21069,"51_15_215",38.188064307193,-79.3630774307957
"21071",21070,"51_9_104",37.5687252499124,-79.3535096008981
"21072",21071,"51_9_104",37.5697417390129,-79.3578171776255
"21073",21072,"51_9_104",37.5784492436524,-79.3445418891273
"21074",21073,"51_9_104",37.5810607607953,-79.3565976290253
"21075",21074,"51_9_104",37.5713575369964,-79.354652465483
"21076",21075,"51_9_104",37.5663618680607,-79.3706156901266
"21077",21076,"51_9_104",37.5725594032244,-79.3690368933003
"21078",21077,"51_9_104",37.5745153317924,-79.3620071984614
"21079",21078,"51_9_104",37.5594641559853,-79.3480675391268
"21080",21079,"51_9_104",37.5719887000202,-79.355363425208
"21081",21080,"51_23_92",37.4989143956826,-79.5518473421546
"21082",21081,"51_23_92",37.4972377006929,-79.5488095728467
"21083",21082,"51_23_92",37.5084760325306,-79.5811668939395
"21084",21083,"51_23_92",37.4979209889031,-79.5798668961043
"21085",21084,"51_23_92",37.5092116275511,-79.5592108974323
"21086",21085,"51_23_92",37.5096740767423,-79.5664387990578
"21087",21086,"51_23_92",37.4970908606602,-79.5678334149792
"21088",21087,"51_23_92",37.5031209531212,-79.5614954771385
"21089",21088,"51_23_92",37.510838121345,-79.5681395802442
"21090",21089,"51_23_92",37.5159820178131,-79.5599879094523
"21091",21090,"51_15_219",38.1277062248893,-79.4231000179189
"21092",21091,"51_15_219",38.1230386120978,-79.4117404486298
"21093",21092,"51_15_219",38.1188853257718,-79.4082301057446
"21094",21093,"51_15_219",38.1217705499245,-79.4026642244968
"21095",21094,"51_15_219",38.1307903092486,-79.4093322434527
"21096",21095,"51_15_219",38.1263486697116,-79.4170284806293
"21097",21096,"51_15_219",38.119933907435,-79.3945158413223
"21098",21097,"51_15_219",38.1242921117303,-79.4174194648373
"21099",21098,"51_15_219",38.1223152543283,-79.3991918657045
"21100",21099,"51_15_219",38.1078286343998,-79.4085498325256
"21101",21100,"51_163_114",37.8828825188012,-79.2095528693879
"21102",21101,"51_163_114",37.888295374536,-79.2032812689654
"21103",21102,"51_163_114",37.880870349802,-79.2162613048208
"21104",21103,"51_163_114",37.8926933985253,-79.2157992528792
"21105",21104,"51_163_114",37.88281698268,-79.2095808754132
"21106",21105,"51_163_114",37.8803784187369,-79.2052146890811
"21107",21106,"51_163_114",37.8961251773765,-79.2066557816423
"21108",21107,"51_163_114",37.8726473574458,-79.2206665248069
"21109",21108,"51_163_114",37.8781670338051,-79.2000402459597
"21110",21109,"51_163_114",37.883404332328,-79.2036877360787
"21111",21110,"51_71_67",37.3881069781925,-80.6710493520344
"21112",21111,"51_71_67",37.3831531395727,-80.6872787796553
"21113",21112,"51_71_67",37.3902648671856,-80.6801880979834
"21114",21113,"51_71_67",37.3896928609481,-80.6787730400924
"21115",21114,"51_71_67",37.393310037807,-80.6756595375344
"21116",21115,"51_71_67",37.3898648077586,-80.6629210656438
"21117",21116,"51_71_67",37.3888790164365,-80.677844027442
"21118",21117,"51_71_67",37.3970259328592,-80.6812367757314
"21119",21118,"51_71_67",37.3842169885819,-80.6779761772098
"21120",21119,"51_71_67",37.3869124365248,-80.678449387029
"21121",21120,"51_17_90",37.9029500145535,-79.7601178884718
"21122",21121,"51_17_90",37.9031397774579,-79.7829413425589
"21123",21122,"51_17_90",37.9070805393752,-79.7722963517451
"21124",21123,"51_17_90",37.8966085526415,-79.7819414391909
"21125",21124,"51_17_90",37.9083227905106,-79.7776673066568
"21126",21125,"51_17_90",37.9029435121434,-79.7704823441365
"21127",21126,"51_17_90",37.9088329786047,-79.7694190706285
"21128",21127,"51_17_90",37.9090630880822,-79.7625542172179
"21129",21128,"51_17_90",37.9063968823274,-79.7697270559762
"21130",21129,"51_17_90",37.9062333560867,-79.7687477819172
"21131",21130,"51_113_32",38.5378452611519,-78.3244453274739
"21132",21131,"51_113_32",38.5427400441345,-78.3382973129151
"21133",21132,"51_113_32",38.529913332451,-78.3203791702029
"21134",21133,"51_113_32",38.5434470395925,-78.314522744736
"21135",21134,"51_113_32",38.5486238836437,-78.3281787729582
"21136",21135,"51_113_32",38.5474277593677,-78.3326537238077
"21137",21136,"51_113_32",38.5459010431149,-78.3259532718432
"21138",21137,"51_113_32",38.5382004058648,-78.3237955552559
"21139",21138,"51_113_32",38.5390594601983,-78.3251208505854
"21140",21139,"51_113_32",38.5490456913669,-78.3232877999994
"21141",21140,"51_17_145",38.2002658360947,-79.8520666884505
"21142",21141,"51_17_145",38.1980311919937,-79.8611976400971
"21143",21142,"51_17_145",38.188254033698,-79.8445861352106
"21144",21143,"51_17_145",38.1974555235667,-79.8562224616541
"21145",21144,"51_17_145",38.1960092647169,-79.8546147459086
"21146",21145,"51_17_145",38.1925372860459,-79.8638434948902
"21147",21146,"51_17_145",38.2011873329111,-79.847079346081
"21148",21147,"51_17_145",38.2075572209534,-79.8494113682218
"21149",21148,"51_17_145",38.1817982741303,-79.8516456970446
"21150",21149,"51_17_145",38.1952866791697,-79.8603917878133
"21151",21150,"51_17_148",38.1184888985254,-79.8933248152522
"21152",21151,"51_17_148",38.1295101775167,-79.8954404805775
"21153",21152,"51_17_148",38.1372442891804,-79.909142715288
"21154",21153,"51_17_148",38.1357295444935,-79.8896645698178
"21155",21154,"51_17_148",38.1294326221894,-79.8962452013173
"21156",21155,"51_17_148",38.1349888299178,-79.8837593726153
"21157",21156,"51_17_148",38.139906935219,-79.901432238938
"21158",21157,"51_17_148",38.1287850248168,-79.898924403227
"21159",21158,"51_17_148",38.1392349178806,-79.8873293614197
"21160",21159,"51_17_148",38.1332005030709,-79.8946046189382
"21161",21160,"51_17_127",37.9645940074048,-79.6458979544496
"21162",21161,"51_17_127",37.9644851224781,-79.6464446048239
"21163",21162,"51_17_127",37.9632086866918,-79.6467933245566
"21164",21163,"51_17_127",37.9715226432045,-79.6493828632611
"21165",21164,"51_17_127",37.9648304050576,-79.6462463606826
"21166",21165,"51_17_127",37.9639410517449,-79.6457814559577
"21167",21166,"51_17_127",37.9637349753278,-79.6454716143273
"21168",21167,"51_17_127",37.9689606709306,-79.642729527624
"21169",21168,"51_17_127",37.955025929951,-79.6469748859745
"21170",21169,"51_17_127",37.9602679961702,-79.6396648658081
"21171",21170,"51_17_110",38.1241855495015,-79.72085489449
"21172",21171,"51_17_110",38.1198697312581,-79.7244073360539
"21173",21172,"51_17_110",38.1281536333683,-79.725281498231
"21174",21173,"51_17_110",38.12683159755,-79.7437650219799
"21175",21174,"51_17_110",38.1228241991715,-79.7214652276317
"21176",21175,"51_17_110",38.1261759100796,-79.7416609367524
"21177",21176,"51_17_110",38.1175254405206,-79.7258779933005
"21178",21177,"51_17_110",38.1221975178076,-79.7145934281674
"21179",21178,"51_17_110",38.1116317441917,-79.7427498248538
"21180",21179,"51_17_110",38.1217816721611,-79.728430632141
"21181",21180,"51_15_162",37.9458812860506,-79.0177301362099
"21182",21181,"51_15_162",37.9477976027032,-79.0185126545537
"21183",21182,"51_15_162",37.9506185268536,-79.022071181952
"21184",21183,"51_15_162",37.945830537357,-79.0127203140785
"21185",21184,"51_15_162",37.9397153496374,-79.0082465565202
"21186",21185,"51_15_162",37.949224934568,-79.0075420844438
"21187",21186,"51_15_162",37.943663151526,-79.0145895930264
"21188",21187,"51_15_162",37.929635630552,-79.014522399504
"21189",21188,"51_15_162",37.9369982292504,-79.0257366811332
"21190",21189,"51_15_162",37.9433010728579,-79.0133159060336
"21191",21190,"51_45_54",37.5090893306485,-80.0399399317146
"21192",21191,"51_45_54",37.5182033624436,-80.0410095674304
"21193",21192,"51_45_54",37.5006923002447,-80.0314262608422
"21194",21193,"51_45_54",37.5058532423679,-80.0316967030242
"21195",21194,"51_45_54",37.5126609502054,-80.0255062814701
"21196",21195,"51_45_54",37.512342902721,-80.0362991145034
"21197",21196,"51_45_54",37.5098753191956,-80.038443071401
"21198",21197,"51_45_54",37.50922230213,-80.0456109448434
"21199",21198,"51_45_54",37.5237346317387,-80.0402684270201
"21200",21199,"51_45_54",37.5111811578827,-80.0512032715041
"21201",21200,"51_71_81",37.3088394605011,-80.7683596562344
"21202",21201,"51_71_81",37.3087426934999,-80.7704337629399
"21203",21202,"51_71_81",37.3045955363748,-80.7851370969723
"21204",21203,"51_71_81",37.2995937194791,-80.7692415750466
"21205",21204,"51_71_81",37.3091214160987,-80.7684466256066
"21206",21205,"51_71_81",37.3097444473514,-80.7687785918338
"21207",21206,"51_71_81",37.3066742601311,-80.7678614766185
"21208",21207,"51_71_81",37.3108738398211,-80.7645165288607
"21209",21208,"51_71_81",37.3005761499354,-80.7783691290187
"21210",21209,"51_71_81",37.3133614737207,-80.7687507500819
"21211",21210,"51_71_83",37.2257990925349,-80.820017035017
"21212",21211,"51_71_83",37.2227954609975,-80.8183462214975
"21213",21212,"51_71_83",37.2295608624135,-80.8095568469764
"21214",21213,"51_71_83",37.2139228065593,-80.8241021220386
"21215",21214,"51_71_83",37.2239548376817,-80.8182552744874
"21216",21215,"51_71_83",37.2351141726988,-80.8061921994291
"21217",21216,"51_71_83",37.2313483523759,-80.8256663438361
"21218",21217,"51_71_83",37.2321939000977,-80.8190459822489
"21219",21218,"51_71_83",37.2242103936094,-80.8269087829916
"21220",21219,"51_71_83",37.222662053819,-80.8204203835336
"21221",21220,"51_169_96",36.8720654833394,-82.5687742983229
"21222",21221,"51_169_96",36.8719036731924,-82.5681368160254
"21223",21222,"51_169_96",36.8713751908106,-82.5615720320853
"21224",21223,"51_169_96",36.8815544381984,-82.5762368852705
"21225",21224,"51_169_96",36.8781944860157,-82.576646117176
"21226",21225,"51_169_96",36.8708640543858,-82.5688682739775
"21227",21226,"51_169_96",36.8667044109443,-82.5629734635724
"21228",21227,"51_169_96",36.8791327021917,-82.5808090029203
"21229",21228,"51_169_96",36.8692177099312,-82.5809758412256
"21230",21229,"51_169_96",36.8715709159983,-82.5687153318016
"21231",21230,"51_5_71",37.7718892436201,-80.1765520983196
"21232",21231,"51_5_71",37.7762440571387,-80.1786143302793
"21233",21232,"51_5_71",37.776950602811,-80.1830993078755
"21234",21233,"51_5_71",37.7722412219683,-80.181497896896
"21235",21234,"51_5_71",37.7713741274662,-80.1771008341968
"21236",21235,"51_5_71",37.7718745095268,-80.1758870585382
"21237",21236,"51_5_71",37.7598512021471,-80.1679103912044
"21238",21237,"51_5_71",37.7616723274378,-80.1713932739147
"21239",21238,"51_5_71",37.7611108827981,-80.1833872614719
"21240",21239,"51_5_71",37.7841171212497,-80.1789647783244
"21241",21240,"51_5_77",37.7959315101848,-79.7176670883569
"21242",21241,"51_5_77",37.8184457841444,-79.710569430918
"21243",21242,"51_5_77",37.8203851086318,-79.7155129195573
"21244",21243,"51_5_77",37.7990516504809,-79.7218724678038
"21245",21244,"51_5_77",37.7971934468888,-79.7098389719304
"21246",21245,"51_5_77",37.8043780069269,-79.7166892474452
"21247",21246,"51_5_77",37.8096488105004,-79.7177603572458
"21248",21247,"51_5_77",37.7990988831999,-79.7037403549906
"21249",21248,"51_5_77",37.8037907411392,-79.7306132675198
"21250",21249,"51_5_77",37.8056790203917,-79.7064799636264
"21251",21250,"51_15_190",38.4031052571089,-79.2536301069415
"21252",21251,"51_15_190",38.4033761067797,-79.2442589557296
"21253",21252,"51_15_190",38.4037101840216,-79.262826733678
"21254",21253,"51_15_190",38.392155807252,-79.2727393230865
"21255",21254,"51_15_190",38.3956868163021,-79.2591042704096
"21256",21255,"51_15_190",38.4098152770724,-79.2495533790928
"21257",21256,"51_15_190",38.4081215270036,-79.248518632966
"21258",21257,"51_15_190",38.4019618950641,-79.2594601465248
"21259",21258,"51_15_190",38.4078374182838,-79.2661315376019
"21260",21259,"51_15_190",38.3934042384568,-79.2689416748688
"21261",21260,"51_45_69",37.4526836630268,-80.0630307762165
"21262",21261,"51_45_69",37.4442610774276,-80.063139957324
"21263",21262,"51_45_69",37.4469313709777,-80.0664992130136
"21264",21263,"51_45_69",37.4450078234106,-80.0658526010331
"21265",21264,"51_45_69",37.4488964503004,-80.0645826709112
"21266",21265,"51_45_69",37.4539001615157,-80.0772733927523
"21267",21266,"51_45_69",37.4571825981382,-80.0556025090474
"21268",21267,"51_45_69",37.4444270016866,-80.0686997452871
"21269",21268,"51_45_69",37.4547611680679,-80.064706981072
"21270",21269,"51_45_69",37.4418587793117,-80.0548393538035
"21271",21270,"51_45_95",37.3772100916702,-80.4290245966189
"21272",21271,"51_45_95",37.3785535979121,-80.4471019465493
"21273",21272,"51_45_95",37.3766954839659,-80.4318913464148
"21274",21273,"51_45_95",37.3862015675469,-80.4315971319051
"21275",21274,"51_45_95",37.3781690750305,-80.4395246896541
"21276",21275,"51_45_95",37.3805940122448,-80.4220929673538
"21277",21276,"51_45_95",37.370835621348,-80.4329488504972
"21278",21277,"51_45_95",37.3866725680385,-80.440283230476
"21279",21278,"51_45_95",37.3812066081065,-80.4373222445102
"21280",21279,"51_45_95",37.3697486004152,-80.4290438667168
"21281",21280,"51_21_76",37.087935196945,-81.2017907597084
"21282",21281,"51_21_76",37.0860303015435,-81.1961122849907
"21283",21282,"51_21_76",37.0929931170676,-81.1973577791871
"21284",21283,"51_21_76",37.087835047151,-81.1944903683586
"21285",21284,"51_21_76",37.0881558374577,-81.1845521970947
"21286",21285,"51_21_76",37.0882430192234,-81.2055206742313
"21287",21286,"51_21_76",37.0804705626019,-81.2126360124315
"21288",21287,"51_21_76",37.0843465260415,-81.1844005271421
"21289",21288,"51_21_76",37.0834136839591,-81.1968454589825
"21290",21289,"51_21_76",37.094417005129,-81.2071890000965
"21291",21290,"51_155_25",37.0346142626407,-80.8829991078292
"21292",21291,"51_155_25",37.0373307971492,-80.8928669974061
"21293",21292,"51_155_25",37.0263140778084,-80.8952298668124
"21294",21293,"51_155_25",37.0242456118029,-80.9017592563835
"21295",21294,"51_155_25",37.0325189313755,-80.876549514147
"21296",21295,"51_155_25",37.0225152251104,-80.8945279800391
"21297",21296,"51_155_25",37.0283526516425,-80.8912617134621
"21298",21297,"51_155_25",37.0252500565541,-80.9050876815393
"21299",21298,"51_155_25",37.0382655371098,-80.9063446754453
"21300",21299,"51_155_25",37.0212537024292,-80.8955160078972
"21301",21300,"51_45_16",37.3917229794303,-80.1496372581152
"21302",21301,"51_45_16",37.4033639678552,-80.1622601711969
"21303",21302,"51_45_16",37.3905647053103,-80.1551700167541
"21304",21303,"51_45_16",37.4019677703607,-80.1546785656626
"21305",21304,"51_45_16",37.4059347493354,-80.1448824204647
"21306",21305,"51_45_16",37.4043550920158,-80.1535259816955
"21307",21306,"51_45_16",37.4062771771439,-80.1485222564073
"21308",21307,"51_45_16",37.3989452066938,-80.1640321430152
"21309",21308,"51_45_16",37.3932679969934,-80.1645572283971
"21310",21309,"51_45_16",37.4128709805552,-80.1474221607498
"21311",21310,"51_51_38",37.1984094956976,-82.547756772115
"21312",21311,"51_51_38",37.2077862560009,-82.531065851016
"21313",21312,"51_51_38",37.2011941138052,-82.5588005896873
"21314",21313,"51_51_38",37.1926552441185,-82.5545832593119
"21315",21314,"51_51_38",37.1974151987001,-82.5544563826117
"21316",21315,"51_51_38",37.1995696113049,-82.5438770985639
"21317",21316,"51_51_38",37.2017177716401,-82.5381833739944
"21318",21317,"51_51_38",37.2036360660533,-82.5308989716754
"21319",21318,"51_51_38",37.2108644349803,-82.5446075752018
"21320",21319,"51_51_38",37.1990536115326,-82.5330282127086
"21321",21320,"51_17_52",37.9346643677409,-79.788781003481
"21322",21321,"51_17_52",37.9447237401518,-79.7952605937148
"21323",21322,"51_17_52",37.9496611803798,-79.8001105161298
"21324",21323,"51_17_52",37.9494339052025,-79.7793143875706
"21325",21324,"51_17_52",37.9436546090654,-79.7961972223725
"21326",21325,"51_17_52",37.942067796934,-79.7836945648457
"21327",21326,"51_17_52",37.9433585387531,-79.8008768153795
"21328",21327,"51_17_52",37.9336437233075,-79.7860006526436
"21329",21328,"51_17_52",37.944163159657,-79.7920483987039
"21330",21329,"51_17_52",37.9433054906247,-79.7793433007908
"21331",21330,"51_21_40",37.149853030452,-81.1646850966632
"21332",21331,"51_21_40",37.1467649405539,-81.1661680680087
"21333",21332,"51_21_40",37.1489009126822,-81.1755161491712
"21334",21333,"51_21_40",37.1519559148686,-81.1650497750569
"21335",21334,"51_21_40",37.143901317291,-81.1595473684336
"21336",21335,"51_21_40",37.1376587167746,-81.1742322359792
"21337",21336,"51_21_40",37.1422055706869,-81.1686066197659
"21338",21337,"51_21_40",37.1350651624829,-81.1834438627454
"21339",21338,"51_21_40",37.1414295837631,-81.174469530317
"21340",21339,"51_21_40",37.1434617369374,-81.1870020227513
"21341",21340,"51_21_3",37.1647807131798,-81.0957282238062
"21342",21341,"51_21_3",37.1620026853261,-81.0779583365174
"21343",21342,"51_21_3",37.1632551129162,-81.096169604248
"21344",21343,"51_21_3",37.1647294472809,-81.0945834314773
"21345",21344,"51_21_3",37.1752378099478,-81.1038655422405
"21346",21345,"51_21_3",37.1513405458062,-81.0914280165297
"21347",21346,"51_21_3",37.1722658279486,-81.1016132955755
"21348",21347,"51_21_3",37.1771137925875,-81.0863762578171
"21349",21348,"51_21_3",37.1643014860096,-81.1060708471968
"21350",21349,"51_21_3",37.1627043145448,-81.0958304289838
"21351",21350,"51_17_3",38.0977957388627,-79.6558363284513
"21352",21351,"51_17_3",38.0992210386614,-79.656208515686
"21353",21352,"51_17_3",38.1004357898957,-79.6567783888419
"21354",21353,"51_17_3",38.0920883110493,-79.6514185745824
"21355",21354,"51_17_3",38.0964626400779,-79.6434140249426
"21356",21355,"51_17_3",38.0911625725735,-79.6410018567963
"21357",21356,"51_17_3",38.0959824593296,-79.6441172795222
"21358",21357,"51_17_3",38.1011717422401,-79.6464482795395
"21359",21358,"51_17_3",38.0904821288845,-79.6654876979423
"21360",21359,"51_17_3",38.1040676650255,-79.6434990272988
"21361",21360,"51_17_77",38.1861595002295,-79.673438337433
"21362",21361,"51_17_77",38.1844831608801,-79.669448260091
"21363",21362,"51_17_77",38.1851221197978,-79.67589952138
"21364",21363,"51_17_77",38.1860188618721,-79.6572393081448
"21365",21364,"51_17_77",38.1862188690999,-79.659194725514
"21366",21365,"51_17_77",38.184316128577,-79.670845102282
"21367",21366,"51_17_77",38.1871021892722,-79.670615702027
"21368",21367,"51_17_77",38.1876077793842,-79.6847949819622
"21369",21368,"51_17_77",38.184839959081,-79.6841633097595
"21370",21369,"51_17_77",38.1846557847851,-79.6729114332516
"21371",21370,"51_19_82",37.3195801312258,-79.5207268135541
"21372",21371,"51_19_82",37.3229279979953,-79.5231946291067
"21373",21372,"51_19_82",37.3168797919182,-79.5239058642737
"21374",21373,"51_19_82",37.3115476137016,-79.5117121495321
"21375",21374,"51_19_82",37.3345093337583,-79.5224338786885
"21376",21375,"51_19_82",37.320952175756,-79.5220988532817
"21377",21376,"51_19_82",37.3160701859062,-79.5180639393181
"21378",21377,"51_19_82",37.31451129318,-79.5161065297054
"21379",21378,"51_19_82",37.3255624012391,-79.5114720172329
"21380",21379,"51_19_82",37.3169856489464,-79.518479015372
"21381",21380,"51_19_57",37.5166701429491,-79.5009875048612
"21382",21381,"51_19_57",37.5186413110805,-79.5021072334917
"21383",21382,"51_19_57",37.5237841375959,-79.5114180149928
"21384",21383,"51_19_57",37.5216931421306,-79.502650800636
"21385",21384,"51_19_57",37.5200700552306,-79.5021763241137
"21386",21385,"51_19_57",37.5135301663869,-79.5024646249866
"21387",21386,"51_19_57",37.516780312322,-79.5017068409874
"21388",21387,"51_19_57",37.5166151381197,-79.5184537926073
"21389",21388,"51_19_57",37.5259000314497,-79.5147812852318
"21390",21389,"51_19_57",37.5153463193715,-79.5150538186599
"21391",21390,"51_21_29",37.1764900538166,-81.2630359530579
"21392",21391,"51_21_29",37.1789458796079,-81.2646570903946
"21393",21392,"51_21_29",37.1732034374858,-81.2599636384819
"21394",21393,"51_21_29",37.1653939776515,-81.2512480143027
"21395",21394,"51_21_29",37.1721144597192,-81.2546714862877
"21396",21395,"51_21_29",37.1736331125452,-81.261966826409
"21397",21396,"51_21_29",37.1828353662205,-81.2606779846453
"21398",21397,"51_21_29",37.178901645482,-81.2708346074541
"21399",21398,"51_21_29",37.1807866809956,-81.250035382471
"21400",21399,"51_21_29",37.1630928508671,-81.2620461702869
"21401",21400,"51_15_8",38.1863476975063,-79.31231026055
"21402",21401,"51_15_8",38.1864462580659,-79.2891639699891
"21403",21402,"51_15_8",38.1775889631749,-79.3173878691229
"21404",21403,"51_15_8",38.1886585731248,-79.3125415786487
"21405",21404,"51_15_8",38.1861134652264,-79.3049604315528
"21406",21405,"51_15_8",38.1949262495615,-79.2948386901719
"21407",21406,"51_15_8",38.1780769268529,-79.3100511237382
"21408",21407,"51_15_8",38.193708977614,-79.2916323609786
"21409",21408,"51_15_8",38.1853330792966,-79.3069008405884
"21410",21409,"51_15_8",38.200196478371,-79.3091387507488
"21411",21410,"51_15_93",37.9703343058582,-79.104901692521
"21412",21411,"51_15_93",37.9669212129266,-79.0927568175864
"21413",21412,"51_15_93",37.9713409529382,-79.1056913371988
"21414",21413,"51_15_93",37.9786061252785,-79.1042008512893
"21415",21414,"51_15_93",37.9744370115526,-79.1111311496192
"21416",21415,"51_15_93",37.9774329090688,-79.1019792680791
"21417",21416,"51_15_93",37.984266491216,-79.1073905159318
"21418",21417,"51_15_93",37.9693941395463,-79.1035213531404
"21419",21418,"51_15_93",37.9712368378438,-79.1040208209538
"21420",21419,"51_15_93",37.9698579296612,-79.1027732051189
"21421",21420,"51_15_97",38.4119590624735,-79.2054929827273
"21422",21421,"51_15_97",38.4018108381696,-79.2076755551621
"21423",21422,"51_15_97",38.4117871093169,-79.2061201101956
"21424",21423,"51_15_97",38.4119796617859,-79.2028292469927
"21425",21424,"51_15_97",38.4086694821398,-79.2079142711422
"21426",21425,"51_15_97",38.4114722801202,-79.2049099861312
"21427",21426,"51_15_97",38.4134896616728,-79.2050005184488
"21428",21427,"51_15_97",38.3997256306321,-79.2047286860546
"21429",21428,"51_15_97",38.4032960561582,-79.2180887916162
"21430",21429,"51_15_97",38.4063030169125,-79.2174176530858
"21431",21430,"51_15_16",38.1345656752837,-78.7982186512473
"21432",21431,"51_15_16",38.1305543487198,-78.7973885995596
"21433",21432,"51_15_16",38.1260970766154,-78.8115634844481
"21434",21433,"51_15_16",38.1315834408394,-78.8115144574083
"21435",21434,"51_15_16",38.1388146026569,-78.8053969676784
"21436",21435,"51_15_16",38.137927315884,-78.7920451634144
"21437",21436,"51_15_16",38.1305693443515,-78.7977035591482
"21438",21437,"51_15_16",38.1310651479229,-78.7989447020474
"21439",21438,"51_15_16",38.128085401489,-78.7903897501991
"21440",21439,"51_15_16",38.1197896074185,-78.7885548218571
"21441",21440,"51_17_60",37.986331283292,-79.9652284228472
"21442",21441,"51_17_60",37.9921785017756,-79.9743335597627
"21443",21442,"51_17_60",37.9921722580041,-79.9733411594783
"21444",21443,"51_17_60",37.9894814695072,-79.9690183644259
"21445",21444,"51_17_60",37.9796871922679,-79.9637602203982
"21446",21445,"51_17_60",37.9767277334857,-79.9592784918753
"21447",21446,"51_17_60",37.9936963039184,-79.96889565733
"21448",21447,"51_17_60",37.9974174857276,-79.9705481949138
"21449",21448,"51_17_60",37.9853609210663,-79.9731769657107
"21450",21449,"51_17_60",37.9943535480664,-79.9669133346571
"21451",21450,"51_17_21",38.0129349668191,-79.8063675852259
"21452",21451,"51_17_21",38.0101814499932,-79.82011701115
"21453",21452,"51_17_21",38.0119327770949,-79.818344760179
"21454",21453,"51_17_21",38.0230735710157,-79.8269228947063
"21455",21454,"51_17_21",38.0090878724495,-79.836073254343
"21456",21455,"51_17_21",38.0132889948199,-79.8287226745849
"21457",21456,"51_17_21",38.0143258600557,-79.8071567310926
"21458",21457,"51_17_21",38.0155206119263,-79.8351476940992
"21459",21458,"51_17_21",38.0136368444111,-79.8225596661788
"21460",21459,"51_17_21",38.0057517895069,-79.8162871986394
"21461",21460,"51_21_31",37.0393068830705,-81.0742651894329
"21462",21461,"51_21_31",37.0429190358406,-81.0652895946177
"21463",21462,"51_21_31",37.0486437749095,-81.0597863032816
"21464",21463,"51_21_31",37.0353568560094,-81.0881943011782
"21465",21464,"51_21_31",37.0490011451183,-81.0636686007005
"21466",21465,"51_21_31",37.0394517865137,-81.0712139854097
"21467",21466,"51_21_31",37.0426579660831,-81.0694788525793
"21468",21467,"51_21_31",37.0346956037978,-81.0830878186571
"21469",21468,"51_21_31",37.0417351103764,-81.0816214330978
"21470",21469,"51_21_31",37.0288139523122,-81.0660284600209
"21471",21470,"51_157_11",38.7059204928821,-78.3352205094738
"21472",21471,"51_157_11",38.698333297794,-78.3175536952242
"21473",21472,"51_157_11",38.7140172960893,-78.3332379356444
"21474",21473,"51_157_11",38.7017130742556,-78.3172677701023
"21475",21474,"51_157_11",38.7019853028052,-78.3072867133675
"21476",21475,"51_157_11",38.7136759472529,-78.3316653544468
"21477",21476,"51_157_11",38.708951959431,-78.332143753889
"21478",21477,"51_157_11",38.7037981202616,-78.309171437666
"21479",21478,"51_157_11",38.7137403795201,-78.308127491755
"21480",21479,"51_157_11",38.7019232661779,-78.3214055060188
"21481",21480,"51_163_57",37.5740853011744,-79.4808881080568
"21482",21481,"51_163_57",37.5691866763338,-79.4799801463619
"21483",21482,"51_163_57",37.57816790165,-79.4844194357163
"21484",21483,"51_163_57",37.5773026954995,-79.4788604099478
"21485",21484,"51_163_57",37.5786591964918,-79.478874885388
"21486",21485,"51_163_57",37.5727079956101,-79.4868166003987
"21487",21486,"51_163_57",37.5741506707947,-79.487640103933
"21488",21487,"51_163_57",37.5759646125775,-79.4767967746799
"21489",21488,"51_163_57",37.5647295253849,-79.4859498941864
"21490",21489,"51_163_57",37.5829781221463,-79.4816005940466
"21491",21490,"51_163_45",37.6703539407081,-79.3855254079641
"21492",21491,"51_163_45",37.6709302552979,-79.3779898788895
"21493",21492,"51_163_45",37.6829913302165,-79.3922340225995
"21494",21493,"51_163_45",37.6812691312601,-79.3859140360456
"21495",21494,"51_163_45",37.677758388595,-79.3842599903288
"21496",21495,"51_163_45",37.6710110761472,-79.3913806560452
"21497",21496,"51_163_45",37.6851953784998,-79.3918847103659
"21498",21497,"51_163_45",37.6818546657242,-79.3773915821447
"21499",21498,"51_163_45",37.6781550776803,-79.3967631139434
"21500",21499,"51_163_45",37.680620589436,-79.3964339037334
"21501",21500,"51_171_2",38.9686188960233,-78.5209263076107
"21502",21501,"51_171_2",38.9507996008576,-78.517898371493
"21503",21502,"51_171_2",38.9608508321338,-78.5186247205799
"21504",21503,"51_171_2",38.955163217285,-78.5181365935557
"21505",21504,"51_171_2",38.9589118608245,-78.5298890815041
"21506",21505,"51_171_2",38.9631377402969,-78.5201728042253
"21507",21506,"51_171_2",38.9599531160473,-78.5295299055096
"21508",21507,"51_171_2",38.9559824995127,-78.5294924933223
"21509",21508,"51_171_2",38.9575204433355,-78.5203858722537
"21510",21509,"51_171_2",38.954120963313,-78.5328780260675
"21511",21510,"51_71_29",37.2335240269236,-80.9078132015189
"21512",21511,"51_71_29",37.229005627641,-80.9134512773115
"21513",21512,"51_71_29",37.238263317585,-80.9166659636472
"21514",21513,"51_71_29",37.2455065524906,-80.9037358933065
"21515",21514,"51_71_29",37.2363789575292,-80.9179343404358
"21516",21515,"51_71_29",37.2431765072596,-80.8994740332418
"21517",21516,"51_71_29",37.23909774654,-80.9076173744053
"21518",21517,"51_71_29",37.2409120527644,-80.9242606306094
"21519",21518,"51_71_29",37.2357917144111,-80.9137459209144
"21520",21519,"51_71_29",37.2299206286484,-80.8995998989869
"21521",21520,"51_121_20",37.266528546164,-80.5319273761946
"21522",21521,"51_121_20",37.2548360348448,-80.5136285116952
"21523",21522,"51_121_20",37.2534043047721,-80.5447944050012
"21524",21523,"51_121_20",37.2640057560041,-80.5364463402621
"21525",21524,"51_121_20",37.2504240515222,-80.5202692332899
"21526",21525,"51_121_20",37.260169595414,-80.5290127586004
"21527",21526,"51_121_20",37.2574647552472,-80.5241732198237
"21528",21527,"51_121_20",37.2613462879594,-80.5250766745688
"21529",21528,"51_121_20",37.2573850049548,-80.5264680675359
"21530",21529,"51_121_20",37.2583774257863,-80.5209514614598
"21531",21530,"51_91_4",38.2253248554323,-79.4274283907104
"21532",21531,"51_91_4",38.2345270426586,-79.4394185439114
"21533",21532,"51_91_4",38.2411810912897,-79.441941598116
"21534",21533,"51_91_4",38.233793243808,-79.4333520269092
"21535",21534,"51_91_4",38.2267711516741,-79.436036657282
"21536",21535,"51_91_4",38.2393210550961,-79.4237435201173
"21537",21536,"51_91_4",38.230642375818,-79.4284624957179
"21538",21537,"51_91_4",38.2365324345438,-79.4472049267935
"21539",21538,"51_91_4",38.2341518957817,-79.4350305340319
"21540",21539,"51_91_4",38.2258024466733,-79.4386558177439
"21541",21540,"51_79_19",38.3066095285203,-78.6186368998294
"21542",21541,"51_79_19",38.2941852700818,-78.6320077628589
"21543",21542,"51_79_19",38.2851665141929,-78.6348251786526
"21544",21543,"51_79_19",38.2921361201482,-78.6207068405285
"21545",21544,"51_79_19",38.2950303889727,-78.6369340931069
"21546",21545,"51_79_19",38.2909584803565,-78.6204949018616
"21547",21546,"51_79_19",38.2906751286238,-78.6208202321454
"21548",21547,"51_79_19",38.2965298709555,-78.6370160773712
"21549",21548,"51_79_19",38.2967474149114,-78.6248947307802
"21550",21549,"51_79_19",38.3014726895966,-78.6141829235455
"21551",21550,"51_191_75",36.6280159003001,-81.8403013282262
"21552",21551,"51_191_75",36.6268441322217,-81.8595792676945
"21553",21552,"51_191_75",36.6229569228035,-81.8577613118145
"21554",21553,"51_191_75",36.6184699185307,-81.865067535689
"21555",21554,"51_191_75",36.6223908678258,-81.856110357245
"21556",21555,"51_191_75",36.6247074856828,-81.8386054877572
"21557",21556,"51_191_75",36.6197340036999,-81.8669383782395
"21558",21557,"51_191_75",36.6255366552411,-81.8569100745283
"21559",21558,"51_191_75",36.6193273962197,-81.8577315426267
"21560",21559,"51_191_75",36.6227006752459,-81.8545407235659
"21561",21560,"51_165_80",38.5828334273645,-79.0659582385063
"21562",21561,"51_165_80",38.5833894291966,-79.0581152379797
"21563",21562,"51_165_80",38.5938082066165,-79.0632869569301
"21564",21563,"51_165_80",38.5795141091183,-79.0730205207475
"21565",21564,"51_165_80",38.5903213630959,-79.050993944299
"21566",21565,"51_165_80",38.5928518938346,-79.0554949652875
"21567",21566,"51_165_80",38.5862732216895,-79.0683745206152
"21568",21567,"51_165_80",38.5860075437142,-79.070561090672
"21569",21568,"51_165_80",38.5827534724607,-79.0641691133605
"21570",21569,"51_165_80",38.5750362554528,-79.0641828506375
"21571",21570,"51_191_22",36.6358730800199,-81.7128350424197
"21572",21571,"51_191_22",36.6418621292875,-81.7116036477632
"21573",21572,"51_191_22",36.6383509189434,-81.7130117042325
"21574",21573,"51_191_22",36.6373045212426,-81.7161453391457
"21575",21574,"51_191_22",36.6374030248203,-81.7169217673733
"21576",21575,"51_191_22",36.6336740717415,-81.7133675474625
"21577",21576,"51_191_22",36.6428687950931,-81.7170446046642
"21578",21577,"51_191_22",36.6370129162799,-81.7016161979064
"21579",21578,"51_191_22",36.6356589432714,-81.715116169225
"21580",21579,"51_191_22",36.6280395968127,-81.7150131566393
"21581",21580,"51_197_68",36.9961345381496,-81.2244995463717
"21582",21581,"51_197_68",36.9997526022612,-81.2214211358576
"21583",21582,"51_197_68",36.9840433067036,-81.2157604451909
"21584",21583,"51_197_68",37.0033708510982,-81.2263252832262
"21585",21584,"51_197_68",36.9888471285756,-81.238676560789
"21586",21585,"51_197_68",36.9911703156261,-81.2121181588174
"21587",21586,"51_197_68",37.0018605627915,-81.2299171639575
"21588",21587,"51_197_68",37.0059868004417,-81.2152894762134
"21589",21588,"51_197_68",36.9875473833659,-81.2223069464261
"21590",21589,"51_197_68",37.002483094232,-81.2247619074751
"21591",21590,"51_165_129",38.7442207079523,-78.8768530066126
"21592",21591,"51_165_129",38.7507120258292,-78.8744065318538
"21593",21592,"51_165_129",38.7560433236231,-78.8728308393729
"21594",21593,"51_165_129",38.7562104064948,-78.8780613453261
"21595",21594,"51_165_129",38.7642364925881,-78.8800433240608
"21596",21595,"51_165_129",38.7614019385226,-78.8857916475461
"21597",21596,"51_165_129",38.7679735266984,-78.8761365712605
"21598",21597,"51_165_129",38.7636076244156,-78.8686661152416
"21599",21598,"51_165_129",38.7546882765305,-78.872272991103
"21600",21599,"51_165_129",38.7580440865873,-78.8799396705733
"21601",21600,"51_91_66",38.2589116184256,-79.4785407617839
"21602",21601,"51_91_66",38.2370107774959,-79.4729573632428
"21603",21602,"51_91_66",38.248839723551,-79.4747278024852
"21604",21603,"51_91_66",38.2408206822947,-79.4674975194648
"21605",21604,"51_91_66",38.2561222280841,-79.4849611354221
"21606",21605,"51_91_66",38.2484411986536,-79.4703427373844
"21607",21606,"51_91_66",38.2339534013341,-79.477156035491
"21608",21607,"51_91_66",38.2463265425727,-79.4824197621991
"21609",21608,"51_91_66",38.2558131952155,-79.4811854142568
"21610",21609,"51_91_66",38.2485391732663,-79.4845511976845
"21611",21610,"51_5_69",37.8661147588496,-79.8261898851956
"21612",21611,"51_5_69",37.8796131983636,-79.827808915703
"21613",21612,"51_5_69",37.8750614312412,-79.8335679880729
"21614",21613,"51_5_69",37.8686206612838,-79.8183229570011
"21615",21614,"51_5_69",37.8631672218661,-79.8145559784756
"21616",21615,"51_5_69",37.8782511789892,-79.8268765772996
"21617",21616,"51_5_69",37.8627293518772,-79.8236756408808
"21618",21617,"51_5_69",37.8644636642769,-79.8170757078064
"21619",21618,"51_5_69",37.864329590333,-79.8126440956755
"21620",21619,"51_5_69",37.8694292582419,-79.8373635569502
"21621",21620,"51_155_39",37.0576481539621,-80.8610585334185
"21622",21621,"51_155_39",37.0490857675958,-80.8818496123545
"21623",21622,"51_155_39",37.0520222993621,-80.8601683744108
"21624",21623,"51_155_39",37.0583320610598,-80.8690777594379
"21625",21624,"51_155_39",37.053742308467,-80.8663883911922
"21626",21625,"51_155_39",37.0688912078474,-80.8629813585109
"21627",21626,"51_155_39",37.0493316149032,-80.8584627475882
"21628",21627,"51_155_39",37.0442982066191,-80.8666114898025
"21629",21628,"51_155_39",37.0612171994699,-80.8769631966167
"21630",21629,"51_155_39",37.043524343282,-80.8732917287133
"21631",21630,"51_5_117",37.8253369081824,-79.6944898695854
"21632",21631,"51_5_117",37.83618029761,-79.6939393800882
"21633",21632,"51_5_117",37.8451076598452,-79.6968603617352
"21634",21633,"51_5_117",37.8284592145654,-79.690658995057
"21635",21634,"51_5_117",37.8361848292274,-79.6928618572869
"21636",21635,"51_5_117",37.8345249042877,-79.6924677023497
"21637",21636,"51_5_117",37.8291298233809,-79.7059148060846
"21638",21637,"51_5_117",37.8335897281562,-79.696586258988
"21639",21638,"51_5_117",37.842256599817,-79.6996912692866
"21640",21639,"51_5_117",37.8319052969865,-79.6998786113209
"21641",21640,"51_17_73",38.0746638498241,-79.5985769241034
"21642",21641,"51_17_73",38.0675834337848,-79.6102020770408
"21643",21642,"51_17_73",38.0784174735909,-79.5929735839407
"21644",21643,"51_17_73",38.0732257164348,-79.6059847689112
"21645",21644,"51_17_73",38.0625303282583,-79.5950383857257
"21646",21645,"51_17_73",38.0757326922205,-79.5891921875216
"21647",21646,"51_17_73",38.0730038521802,-79.6120359777898
"21648",21647,"51_17_73",38.0792109093733,-79.6110913036005
"21649",21648,"51_17_73",38.0812558671217,-79.5972289813805
"21650",21649,"51_17_73",38.0699273831918,-79.6006596591193
"21651",21650,"51_21_51",37.182191154718,-81.1537587790087
"21652",21651,"51_21_51",37.1879713812799,-81.1562862163954
"21653",21652,"51_21_51",37.1889933862667,-81.1627222621281
"21654",21653,"51_21_51",37.1861458136787,-81.1622573662567
"21655",21654,"51_21_51",37.1911210952383,-81.1548731552178
"21656",21655,"51_21_51",37.1834357794058,-81.1666060715414
"21657",21656,"51_21_51",37.187124316874,-81.1630121020988
"21658",21657,"51_21_51",37.1875904213711,-81.1785881495822
"21659",21658,"51_21_51",37.1901234233864,-81.1614171397459
"21660",21659,"51_21_51",37.1807270540141,-81.1513812708761
"21661",21660,"51_23_71",37.6324337618782,-79.8791521695594
"21662",21661,"51_23_71",37.6457832106066,-79.8775920110685
"21663",21662,"51_23_71",37.6380221155732,-79.8980787756763
"21664",21663,"51_23_71",37.6301037121565,-79.8984386339768
"21665",21664,"51_23_71",37.6411892455039,-79.8874959489899
"21666",21665,"51_23_71",37.6313211730258,-79.8856102431713
"21667",21666,"51_23_71",37.6344647802684,-79.8828937130914
"21668",21667,"51_23_71",37.6374831618162,-79.8814896516224
"21669",21668,"51_23_71",37.6372507012697,-79.8869921676878
"21670",21669,"51_23_71",37.6322603309741,-79.8860151261794
"21671",21670,"51_15_115",38.2191874051249,-79.3751303725433
"21672",21671,"51_15_115",38.2225452301894,-79.3686060456944
"21673",21672,"51_15_115",38.2216709698955,-79.3778153272045
"21674",21673,"51_15_115",38.236352871026,-79.3663965137653
"21675",21674,"51_15_115",38.2316524994986,-79.3678570989019
"21676",21675,"51_15_115",38.2311343980377,-79.3710105499551
"21677",21676,"51_15_115",38.2210737877439,-79.3635755600115
"21678",21677,"51_15_115",38.2249449079046,-79.3790690530834
"21679",21678,"51_15_115",38.2305173138962,-79.3736254599454
"21680",21679,"51_15_115",38.2224510235634,-79.3766296302378
"21681",21680,"51_45_50",37.5802509691956,-80.1333342267304
"21682",21681,"51_45_50",37.5884362496557,-80.1387271377171
"21683",21682,"51_45_50",37.5845773016076,-80.1443563132218
"21684",21683,"51_45_50",37.5790124040535,-80.1305165210398
"21685",21684,"51_45_50",37.5825246669788,-80.1371880336773
"21686",21685,"51_45_50",37.5741490319031,-80.1423066121229
"21687",21686,"51_45_50",37.5809567855335,-80.1270437355803
"21688",21687,"51_45_50",37.5704871886518,-80.1337896206589
"21689",21688,"51_45_50",37.5854491057599,-80.1484293772052
"21690",21689,"51_45_50",37.5923332242688,-80.1433999591619
"21691",21690,"51_23_87",37.5354450876294,-79.9677659682432
"21692",21691,"51_23_87",37.5321262733239,-79.9693782406754
"21693",21692,"51_23_87",37.5358180612874,-79.9617416255953
"21694",21693,"51_23_87",37.5291125823638,-79.9741732294854
"21695",21694,"51_23_87",37.5375593644662,-79.9690154475947
"21696",21695,"51_23_87",37.5471071332528,-79.9675949775271
"21697",21696,"51_23_87",37.5360510289325,-79.9711832192735
"21698",21697,"51_23_87",37.5410614756196,-79.984853791597
"21699",21698,"51_23_87",37.5337484317795,-79.970549635188
"21700",21699,"51_23_87",37.5215183802311,-79.9684028418357
"21701",21700,"51_21_81",37.0173576993234,-81.3836508151642
"21702",21701,"51_21_81",37.0111033004689,-81.3872285263978
"21703",21702,"51_21_81",37.0119367353138,-81.3881277259629
"21704",21703,"51_21_81",37.0030001902634,-81.3816279282639
"21705",21704,"51_21_81",37.0156449809495,-81.3832165120857
"21706",21705,"51_21_81",37.0139465647332,-81.3744642868647
"21707",21706,"51_21_81",37.0238348482017,-81.3824603853091
"21708",21707,"51_21_81",37.0118908331648,-81.3866871326098
"21709",21708,"51_21_81",37.0147256803464,-81.390645358721
"21710",21709,"51_21_81",37.0078609604729,-81.3929012127433
"21711",21710,"51_173_91",36.778797105107,-81.5089588080194
"21712",21711,"51_173_91",36.7878689609203,-81.5108068452109
"21713",21712,"51_173_91",36.780894014712,-81.5065078291577
"21714",21713,"51_173_91",36.7731417054557,-81.5022450997152
"21715",21714,"51_173_91",36.7738771150196,-81.498946473267
"21716",21715,"51_173_91",36.7766041110501,-81.505101828928
"21717",21716,"51_173_91",36.7845669118174,-81.4928865530683
"21718",21717,"51_173_91",36.7944038240746,-81.5072213128189
"21719",21718,"51_173_91",36.7832378790234,-81.518877917267
"21720",21719,"51_173_91",36.7817734546425,-81.5110152450284
"21721",21720,"51_173_94",36.7129581936665,-81.538453196774
"21722",21721,"51_173_94",36.7092747984747,-81.5504440146582
"21723",21722,"51_173_94",36.7140911534217,-81.5504019177931
"21724",21723,"51_173_94",36.7228348718204,-81.539549369204
"21725",21724,"51_173_94",36.7213975730714,-81.5429340843658
"21726",21725,"51_173_94",36.700196121924,-81.548813053172
"21727",21726,"51_173_94",36.7101523087464,-81.5489120791919
"21728",21727,"51_173_94",36.7152495089941,-81.5479924260106
"21729",21728,"51_173_94",36.7117057479377,-81.5335818745286
"21730",21729,"51_173_94",36.7157168335227,-81.5356753970376
"21731",21730,"51_23_75",37.4648436392091,-79.7522131854452
"21732",21731,"51_23_75",37.4619086228706,-79.7486028734138
"21733",21732,"51_23_75",37.4592462967426,-79.7504901998589
"21734",21733,"51_23_75",37.4554076344749,-79.7440393950647
"21735",21734,"51_23_75",37.4625748651225,-79.7450359939415
"21736",21735,"51_23_75",37.4546828705355,-79.7431989253835
"21737",21736,"51_23_75",37.4510384574994,-79.7471327297432
"21738",21737,"51_23_75",37.4601794443001,-79.7477038066342
"21739",21738,"51_23_75",37.4552551754451,-79.7427052578857
"21740",21739,"51_23_75",37.4595467224104,-79.7442435148315
"21741",21740,"51_187_31",38.798000377641,-78.3086031999109
"21742",21741,"51_187_31",38.7987809991619,-78.301423066811
"21743",21742,"51_187_31",38.8022379007033,-78.2972306873556
"21744",21743,"51_187_31",38.8007503918595,-78.2917530080565
"21745",21744,"51_187_31",38.8093843492963,-78.302631056902
"21746",21745,"51_187_31",38.8043225926712,-78.2908696426709
"21747",21746,"51_187_31",38.8041799912518,-78.3013314619403
"21748",21747,"51_187_31",38.8060581056139,-78.2984517249069
"21749",21748,"51_187_31",38.7968917674515,-78.2978748315867
"21750",21749,"51_187_31",38.7936746062813,-78.2871475116027
"21751",21750,"51_155_59",37.1043431214658,-80.8540122285205
"21752",21751,"51_155_59",37.1028250376629,-80.8643701945462
"21753",21752,"51_155_59",37.099045847749,-80.861357718561
"21754",21753,"51_155_59",37.1117737745447,-80.8618215662352
"21755",21754,"51_155_59",37.1029683572853,-80.8638658637926
"21756",21755,"51_155_59",37.1052953307666,-80.8726086190618
"21757",21756,"51_155_59",37.1067337967789,-80.8666404676131
"21758",21757,"51_155_59",37.1040039433997,-80.8832890116129
"21759",21758,"51_155_59",37.1105125511593,-80.8794668865712
"21760",21759,"51_155_59",37.1061814516556,-80.8612293926478
"21761",21760,"51_91_68",38.5597921412192,-79.6237031408658
"21762",21761,"51_91_68",38.5631363842274,-79.6386730136562
"21763",21762,"51_91_68",38.5676438942587,-79.6445537197202
"21764",21763,"51_91_68",38.5640377991126,-79.6383948462513
"21765",21764,"51_91_68",38.5608911159223,-79.6405861525063
"21766",21765,"51_91_68",38.5595732056729,-79.6288704439435
"21767",21766,"51_91_68",38.5654215226594,-79.6402580916153
"21768",21767,"51_91_68",38.5614863560583,-79.6248580423168
"21769",21768,"51_91_68",38.5568538857061,-79.641307205824
"21770",21769,"51_91_68",38.5532093157348,-79.6318200855086
"21771",21770,"51_21_10",37.1456319758438,-81.2858923573258
"21772",21771,"51_21_10",37.14764332336,-81.2904454689023
"21773",21772,"51_21_10",37.1551526727248,-81.3124997456562
"21774",21773,"51_21_10",37.1376181225338,-81.292728264077
"21775",21774,"51_21_10",37.1500911454602,-81.2923612516115
"21776",21775,"51_21_10",37.1517945548786,-81.3051400649205
"21777",21776,"51_21_10",37.1520509658121,-81.3004639063476
"21778",21777,"51_21_10",37.1448458430751,-81.2995617336301
"21779",21778,"51_21_10",37.1437134419782,-81.3097648595624
"21780",21779,"51_21_10",37.157017210669,-81.2957125762162
"21781",21780,"51_77_82",36.7883673776282,-81.0504291724128
"21782",21781,"51_77_82",36.7918251231907,-81.0454318816053
"21783",21782,"51_77_82",36.7888968081812,-81.0440634095216
"21784",21783,"51_77_82",36.7665171123573,-81.0468808120319
"21785",21784,"51_77_82",36.7800875966061,-81.0431106267458
"21786",21785,"51_77_82",36.7848726692471,-81.0444173491856
"21787",21786,"51_77_82",36.7751808129305,-81.0351360863073
"21788",21787,"51_77_82",36.7796144915397,-81.0327525033981
"21789",21788,"51_77_82",36.7730544392178,-81.0460403478514
"21790",21789,"51_77_82",36.7831886225582,-81.0344089114639
"21791",21790,"51_165_170",38.5545682600459,-79.0343342001039
"21792",21791,"51_165_170",38.5483268065202,-79.0255605340986
"21793",21792,"51_165_170",38.5475145381859,-79.0286910812309
"21794",21793,"51_165_170",38.5637621492998,-79.0174386808273
"21795",21794,"51_165_170",38.5429662132865,-79.0383558377483
"21796",21795,"51_165_170",38.5524546773654,-79.0261019144696
"21797",21796,"51_165_170",38.558487802663,-79.03088166262
"21798",21797,"51_165_170",38.5498807597164,-79.0321078602481
"21799",21798,"51_165_170",38.5545036167345,-79.0134744292258
"21800",21799,"51_165_170",38.5604567098024,-79.0311338824558
"21801",21800,"51_9_97",37.7206887801056,-79.3145314416064
"21802",21801,"51_9_97",37.7209378723073,-79.3015345954337
"21803",21802,"51_9_97",37.7152624089924,-79.2973424805765
"21804",21803,"51_9_97",37.7169387771409,-79.302191232547
"21805",21804,"51_9_97",37.7086766955809,-79.293133012219
"21806",21805,"51_9_97",37.7240608608475,-79.2870715613624
"21807",21806,"51_9_97",37.7151358116903,-79.2884244090601
"21808",21807,"51_9_97",37.7068248888282,-79.2974914740514
"21809",21808,"51_9_97",37.7206206027514,-79.305956467386
"21810",21809,"51_9_97",37.7170224560221,-79.3035243136216
"21811",21810,"51_9_98",37.6585457495286,-79.3057535023988
"21812",21811,"51_9_98",37.6510519325847,-79.3131900063313
"21813",21812,"51_9_98",37.6647774183805,-79.3138820147743
"21814",21813,"51_9_98",37.6543917278696,-79.316957538161
"21815",21814,"51_9_98",37.6634891825227,-79.3125866905477
"21816",21815,"51_9_98",37.6539016360551,-79.3361587720872
"21817",21816,"51_9_98",37.6398169288589,-79.3170159663359
"21818",21817,"51_9_98",37.6529800821319,-79.3222229861087
"21819",21818,"51_9_98",37.6497000301065,-79.3121134181395
"21820",21819,"51_9_98",37.6609214710629,-79.3128445825202
"21821",21820,"51_91_88",38.2060778470609,-79.5364099351495
"21822",21821,"51_91_88",38.2039380422286,-79.5226399033318
"21823",21822,"51_91_88",38.1903946059407,-79.5389983820646
"21824",21823,"51_91_88",38.199942960881,-79.52996864732
"21825",21824,"51_91_88",38.1943091096799,-79.5262163691186
"21826",21825,"51_91_88",38.1999612048019,-79.5288678508691
"21827",21826,"51_91_88",38.2006244028519,-79.5214134232177
"21828",21827,"51_91_88",38.1921078191595,-79.5420367322055
"21829",21828,"51_91_88",38.1972542149826,-79.5337678876233
"21830",21829,"51_91_88",38.1976415858754,-79.5398461205548
"21831",21830,"51_17_131",37.9032739957513,-79.6940525445892
"21832",21831,"51_17_131",37.8806368972709,-79.6857394399947
"21833",21832,"51_17_131",37.9057123464992,-79.6872678683044
"21834",21833,"51_17_131",37.8967326055627,-79.6730020596687
"21835",21834,"51_17_131",37.8893602587605,-79.6839148988332
"21836",21835,"51_17_131",37.907622615999,-79.6841309717591
"21837",21836,"51_17_131",37.8929783360851,-79.6811998443477
"21838",21837,"51_17_131",37.9021284058535,-79.6801248753982
"21839",21838,"51_17_131",37.9061983693029,-79.6826580016864
"21840",21839,"51_17_131",37.8952818554508,-79.6862056166348
"21841",21840,"51_17_144",37.9027193988225,-79.8664513121151
"21842",21841,"51_17_144",37.9054083801914,-79.8462811682602
"21843",21842,"51_17_144",37.9036305895727,-79.8519494471582
"21844",21843,"51_17_144",37.9007421421525,-79.8507386888346
"21845",21844,"51_17_144",37.9001391724245,-79.8461216081307
"21846",21845,"51_17_144",37.8998276691738,-79.8367809431027
"21847",21846,"51_17_144",37.8857591922131,-79.8515049283552
"21848",21847,"51_17_144",37.9007055456786,-79.8508490862222
"21849",21848,"51_17_144",37.9085358091749,-79.8561853214268
"21850",21849,"51_17_144",37.8969443826029,-79.8455364854472
"21851",21850,"51_5_101",37.8988333423394,-80.1014876519153
"21852",21851,"51_5_101",37.9083256573016,-80.1039498692517
"21853",21852,"51_5_101",37.8988807373573,-80.1087899979386
"21854",21853,"51_5_101",37.9003299311937,-80.1000495334052
"21855",21854,"51_5_101",37.8957701544938,-80.102138743768
"21856",21855,"51_5_101",37.8991963245671,-80.101254800247
"21857",21856,"51_5_101",37.8958906478634,-80.1006038455631
"21858",21857,"51_5_101",37.892411060709,-80.0972560541741
"21859",21858,"51_5_101",37.8909592462771,-80.1014506396121
"21860",21859,"51_5_101",37.9059566266826,-80.1130205812563
"21861",21860,"51_45_78",37.5114667966415,-80.2055510178711
"21862",21861,"51_45_78",37.5084149714926,-80.1784820188886
"21863",21862,"51_45_78",37.5135109260251,-80.1831952905085
"21864",21863,"51_45_78",37.5102046069598,-80.1953416408732
"21865",21864,"51_45_78",37.5133129086732,-80.1943476753542
"21866",21865,"51_45_78",37.5106547125587,-80.1959746356597
"21867",21866,"51_45_78",37.512370936639,-80.1950744351739
"21868",21867,"51_45_78",37.5188302759823,-80.1933896949949
"21869",21868,"51_45_78",37.5113711598381,-80.1920771787191
"21870",21869,"51_45_78",37.50547970219,-80.2066127438556
"21871",21870,"51_77_90",36.6356544075662,-81.5661304848766
"21872",21871,"51_77_90",36.6412093016962,-81.5647070587448
"21873",21872,"51_77_90",36.6421588563844,-81.5626818424866
"21874",21873,"51_77_90",36.6399517022113,-81.5664683935545
"21875",21874,"51_77_90",36.6467581656686,-81.5525586656993
"21876",21875,"51_77_90",36.6459754437424,-81.5787542951696
"21877",21876,"51_77_90",36.642961071991,-81.5512831614003
"21878",21877,"51_77_90",36.6522355182947,-81.5616076958506
"21879",21878,"51_77_90",36.6305711892032,-81.5650673128155
"21880",21879,"51_77_90",36.6373969459807,-81.5661163013408
"21881",21880,"51_125_86",37.8666473783061,-79.0595132334145
"21882",21881,"51_125_86",37.8658551979558,-79.0605209300131
"21883",21882,"51_125_86",37.8684638120119,-79.0605489208349
"21884",21883,"51_125_86",37.8654326669174,-79.0717492010139
"21885",21884,"51_125_86",37.8785195300364,-79.0721995918687
"21886",21885,"51_125_86",37.8717124599563,-79.0745650044311
"21887",21886,"51_125_86",37.866689442092,-79.0626848660388
"21888",21887,"51_125_86",37.8703402386915,-79.0659526301906
"21889",21888,"51_125_86",37.8778378263922,-79.0738992043112
"21890",21889,"51_125_86",37.8727764771744,-79.0632400118904
"21891",21890,"51_15_194",38.3356565020733,-79.3016512856375
"21892",21891,"51_15_194",38.3370225819383,-79.3027473528821
"21893",21892,"51_15_194",38.320867390112,-79.292087922455
"21894",21893,"51_15_194",38.3340962427034,-79.2968699251237
"21895",21894,"51_15_194",38.328003248889,-79.2944826293761
"21896",21895,"51_15_194",38.3254331416498,-79.292413453493
"21897",21896,"51_15_194",38.3252335824058,-79.3071697950062
"21898",21897,"51_15_194",38.3329723830464,-79.2947503571279
"21899",21898,"51_15_194",38.3215643971525,-79.293399813743
"21900",21899,"51_15_194",38.3293259398447,-79.2866196022988
"21901",21900,"51_155_72",37.0907722701786,-80.8936179380203
"21902",21901,"51_155_72",37.0828787784186,-80.8873887914255
"21903",21902,"51_155_72",37.0920885853268,-80.9110854025433
"21904",21903,"51_155_72",37.0784389340794,-80.8924376105362
"21905",21904,"51_155_72",37.0937129497318,-80.9091153715983
"21906",21905,"51_155_72",37.0856388147717,-80.8994375619809
"21907",21906,"51_155_72",37.0791170200811,-80.897355994356
"21908",21907,"51_155_72",37.0804986110622,-80.904154399321
"21909",21908,"51_155_72",37.0934369403361,-80.8799840137788
"21910",21909,"51_155_72",37.0947862336067,-80.9089617721623
"21911",21910,"51_169_31",36.8168361873245,-82.6733388872046
"21912",21911,"51_169_31",36.8198570125799,-82.6830623781328
"21913",21912,"51_169_31",36.8186064482084,-82.6696668896693
"21914",21913,"51_169_31",36.8108818544724,-82.687838426694
"21915",21914,"51_169_31",36.8116873284957,-82.6769619407585
"21916",21915,"51_169_31",36.8174120549575,-82.6803710906651
"21917",21916,"51_169_31",36.8226223248346,-82.6749528754406
"21918",21917,"51_169_31",36.8032790054517,-82.6738426676338
"21919",21918,"51_169_31",36.8211178825565,-82.6680262265359
"21920",21919,"51_169_31",36.8184579467983,-82.6625486294184
"21921",21920,"51_17_45",37.9161621904513,-79.6630979978841
"21922",21921,"51_17_45",37.9190265474321,-79.6703921788384
"21923",21922,"51_17_45",37.9335614818071,-79.6730816828134
"21924",21923,"51_17_45",37.9393094495991,-79.672942345683
"21925",21924,"51_17_45",37.9337758799931,-79.6574437016932
"21926",21925,"51_17_45",37.9429509135026,-79.6633535113507
"21927",21926,"51_17_45",37.9225743363413,-79.6762550538859
"21928",21927,"51_17_45",37.92997841915,-79.6635367041762
"21929",21928,"51_17_45",37.9174821175479,-79.6567487078763
"21930",21929,"51_17_45",37.936654148346,-79.6786952810019
"21931",21930,"51_139_53",38.5736497296723,-78.429049087653
"21932",21931,"51_139_53",38.5765850728683,-78.4179613105008
"21933",21932,"51_139_53",38.5726566224094,-78.4275017510824
"21934",21933,"51_139_53",38.5683142871147,-78.4322042364747
"21935",21934,"51_139_53",38.5749239298905,-78.433751103578
"21936",21935,"51_139_53",38.5718483436001,-78.4250065897795
"21937",21936,"51_139_53",38.5742875249569,-78.4279184645468
"21938",21937,"51_139_53",38.5697653700634,-78.4218273614029
"21939",21938,"51_139_53",38.5741797142292,-78.406799394774
"21940",21939,"51_139_53",38.5728592387401,-78.4264221905534
"21941",21940,"51_121_46",37.3216021015562,-80.3772116152534
"21942",21941,"51_121_46",37.328358114778,-80.3802956873734
"21943",21942,"51_121_46",37.3289831256524,-80.375560263158
"21944",21943,"51_121_46",37.3157718269962,-80.3580893737109
"21945",21944,"51_121_46",37.3263693302524,-80.3667394292643
"21946",21945,"51_121_46",37.3253676447977,-80.3590368817451
"21947",21946,"51_121_46",37.3279818117526,-80.3637344817701
"21948",21947,"51_121_46",37.3333781213467,-80.3694415200007
"21949",21948,"51_121_46",37.33451811591,-80.3713205123358
"21950",21949,"51_121_46",37.3296332238321,-80.3656948406446
"21951",21950,"51_5_47",37.9471644836481,-80.0629159846262
"21952",21951,"51_5_47",37.9513750986694,-80.0392258401207
"21953",21952,"51_5_47",37.9446331369048,-80.0601659910753
"21954",21953,"51_5_47",37.947944056996,-80.0532510663289
"21955",21954,"51_5_47",37.9452229195791,-80.0526939390371
"21956",21955,"51_5_47",37.9494628008788,-80.0420175494784
"21957",21956,"51_5_47",37.9513683486166,-80.0514176401635
"21958",21957,"51_5_47",37.9470306703914,-80.04460177287
"21959",21958,"51_5_47",37.9446470446996,-80.048105321111
"21960",21959,"51_5_47",37.9415201277098,-80.037383690111
"21961",21960,"51_163_93",37.5985202580843,-79.4977492261977
"21962",21961,"51_163_93",37.6103375906639,-79.5223203954152
"21963",21962,"51_163_93",37.6150022702059,-79.5054982619179
"21964",21963,"51_163_93",37.6065870964968,-79.5101475692668
"21965",21964,"51_163_93",37.6056727773484,-79.5212539455647
"21966",21965,"51_163_93",37.6051305154236,-79.5088221580464
"21967",21966,"51_163_93",37.6132048230721,-79.5095603500748
"21968",21967,"51_163_93",37.6080884790742,-79.5211555793175
"21969",21968,"51_163_93",37.5982587762883,-79.5220586846231
"21970",21969,"51_163_93",37.6019408812981,-79.5146551075913
"21971",21970,"51_157_49",38.6668717231863,-78.2736675842712
"21972",21971,"51_157_49",38.6629770426511,-78.2725106857522
"21973",21972,"51_157_49",38.6662122196335,-78.2849491010067
"21974",21973,"51_157_49",38.6545655856244,-78.2743741788899
"21975",21974,"51_157_49",38.6625798421614,-78.2754405557094
"21976",21975,"51_157_49",38.6587366824316,-78.2701272721697
"21977",21976,"51_157_49",38.6621048262746,-78.2708023433503
"21978",21977,"51_157_49",38.6510700559654,-78.268804373331
"21979",21978,"51_157_49",38.6582703565386,-78.2726710136052
"21980",21979,"51_157_49",38.6501213095412,-78.2660446439297
"21981",21980,"51_5_62",37.7225869577081,-80.0591298448952
"21982",21981,"51_5_62",37.7232170525266,-80.0457491286828
"21983",21982,"51_5_62",37.7360354788173,-80.0556512616116
"21984",21983,"51_5_62",37.7273913083249,-80.0430666224627
"21985",21984,"51_5_62",37.7221060489193,-80.059378138731
"21986",21985,"51_5_62",37.7351395050416,-80.0500250623768
"21987",21986,"51_5_62",37.724401166274,-80.0676228447379
"21988",21987,"51_5_62",37.734702273397,-80.048449687694
"21989",21988,"51_5_62",37.7294323564777,-80.0614011374204
"21990",21989,"51_5_62",37.7317635419592,-80.062969353975
"21991",21990,"51_21_47",37.2122921984745,-81.0458087682691
"21992",21991,"51_21_47",37.2029320017048,-81.0523576009687
"21993",21992,"51_21_47",37.2183661991472,-81.0733698845756
"21994",21993,"51_21_47",37.2189746502274,-81.0544371017639
"21995",21994,"51_21_47",37.2210371305124,-81.0512638599573
"21996",21995,"51_21_47",37.2160765047835,-81.0630720998428
"21997",21996,"51_21_47",37.2122813361614,-81.0608852870843
"21998",21997,"51_21_47",37.2141407499546,-81.0553000950669
"21999",21998,"51_21_47",37.2163165723055,-81.0592261709989
"22000",21999,"51_21_47",37.2007642271826,-81.0556014005671
"22001",22000,"51_91_62",38.3034151468517,-79.8059378047732
"22002",22001,"51_91_62",38.2968809770576,-79.8008249531306
"22003",22002,"51_91_62",38.306475375527,-79.8065808653721
"22004",22003,"51_91_62",38.2970718773942,-79.8013354980825
"22005",22004,"51_91_62",38.3075995633819,-79.8072580468968
"22006",22005,"51_91_62",38.3137890020906,-79.7996621733309
"22007",22006,"51_91_62",38.2893278943493,-79.8046741680728
"22008",22007,"51_91_62",38.3096138578525,-79.8111491618328
"22009",22008,"51_91_62",38.3173768104083,-79.803388388591
"22010",22009,"51_91_62",38.3008275148519,-79.808641496215
"22011",22010,"51_165_149",38.6429416190241,-79.0657675926441
"22012",22011,"51_165_149",38.6386670745744,-79.054517232523
"22013",22012,"51_165_149",38.6484468896386,-79.0631539904442
"22014",22013,"51_165_149",38.6529014787401,-79.0704112740174
"22015",22014,"51_165_149",38.6483393186937,-79.0609709142164
"22016",22015,"51_165_149",38.6537576089357,-79.0616347690425
"22017",22016,"51_165_149",38.6432167660885,-79.0667673994021
"22018",22017,"51_165_149",38.6520452319051,-79.0734253428747
"22019",22018,"51_165_149",38.6491408921908,-79.0601353831349
"22020",22019,"51_165_149",38.6491034890861,-79.0642639894658
"22021",22020,"51_165_79",38.5753740672631,-78.9569421582801
"22022",22021,"51_165_79",38.5732285768096,-78.9433740806162
"22023",22022,"51_165_79",38.5759840779009,-78.9508667036086
"22024",22023,"51_165_79",38.5795607917998,-78.9338013194154
"22025",22024,"51_165_79",38.5724326182715,-78.9434431278474
"22026",22025,"51_165_79",38.5774178251976,-78.9285955084599
"22027",22026,"51_165_79",38.5616942121304,-78.9459882720453
"22028",22027,"51_165_79",38.5778500664762,-78.9417962400166
"22029",22028,"51_165_79",38.5710233573869,-78.9406047924564
"22030",22029,"51_165_79",38.5671287765704,-78.9413334767237
"22031",22030,"51_171_82",39.0087823458511,-78.55685456145
"22032",22031,"51_171_82",39.0122383109927,-78.5548936743163
"22033",22032,"51_171_82",39.0095453885525,-78.5715238438119
"22034",22033,"51_171_82",39.0112727618932,-78.5652830514449
"22035",22034,"51_171_82",39.0065513798677,-78.554986476162
"22036",22035,"51_171_82",39.0187541869092,-78.5441420065847
"22037",22036,"51_171_82",39.0086899754049,-78.5584274397097
"22038",22037,"51_171_82",39.007147236813,-78.5461678798021
"22039",22038,"51_171_82",39.0074136432878,-78.5531320504991
"22040",22039,"51_171_82",39.0095957258142,-78.5559059521575
"22041",22040,"51_171_81",38.8517545840348,-78.7944772598749
"22042",22041,"51_171_81",38.8650804281455,-78.7762937825444
"22043",22042,"51_171_81",38.8712339434076,-78.7821060910428
"22044",22043,"51_171_81",38.8699513912765,-78.7943299152438
"22045",22044,"51_171_81",38.8589090807217,-78.7756111416469
"22046",22045,"51_171_81",38.870312343909,-78.7937138954926
"22047",22046,"51_171_81",38.8614257551817,-78.7953726444614
"22048",22047,"51_171_81",38.8534603363332,-78.7942461156914
"22049",22048,"51_171_81",38.8699675562952,-78.7949267659565
"22050",22049,"51_171_81",38.8613961038052,-78.7956510606342
"22051",22050,"51_171_29",38.7824419096733,-78.5392459403398
"22052",22051,"51_171_29",38.7809547457653,-78.5261084466334
"22053",22052,"51_171_29",38.7847804989137,-78.5254507751926
"22054",22053,"51_171_29",38.7800701938153,-78.5116466523965
"22055",22054,"51_171_29",38.7802984359522,-78.5241248258202
"22056",22055,"51_171_29",38.7861239596532,-78.5303993356097
"22057",22056,"51_171_29",38.7781042257313,-78.5113712832055
"22058",22057,"51_171_29",38.7801700700004,-78.5250241360417
"22059",22058,"51_171_29",38.7798351435005,-78.5350950452731
"22060",22059,"51_171_29",38.7808719622737,-78.5253765589209
"22061",22060,"51_157_24",38.6030486339116,-78.2895975282324
"22062",22061,"51_157_24",38.5992801127989,-78.2830489085049
"22063",22062,"51_157_24",38.6061389823428,-78.2757622758065
"22064",22063,"51_157_24",38.6174283296688,-78.2763280760115
"22065",22064,"51_157_24",38.6074386004185,-78.2856265956468
"22066",22065,"51_157_24",38.5979013427173,-78.2789348443178
"22067",22066,"51_157_24",38.6065729925276,-78.2748283820613
"22068",22067,"51_157_24",38.6045806830745,-78.28171141068
"22069",22068,"51_157_24",38.6037165226199,-78.2870709918591
"22070",22069,"51_157_24",38.6004574926066,-78.2793053673216
"22071",22070,"51_17_75",37.9250842036396,-79.8285686884387
"22072",22071,"51_17_75",37.9213218589416,-79.8372288735264
"22073",22072,"51_17_75",37.9271298324207,-79.8430249171136
"22074",22073,"51_17_75",37.9147632496632,-79.8367998578934
"22075",22074,"51_17_75",37.9183831680881,-79.8499158555372
"22076",22075,"51_17_75",37.9216209711895,-79.8436711430794
"22077",22076,"51_17_75",37.9246265935363,-79.832015241162
"22078",22077,"51_17_75",37.9174586137818,-79.8269349081148
"22079",22078,"51_17_75",37.9145829540759,-79.8534619613401
"22080",22079,"51_17_75",37.925645920745,-79.8546219522396
"22081",22080,"51_17_74",38.1682384909966,-79.8925539050588
"22082",22081,"51_17_74",38.1649124798925,-79.8895190213485
"22083",22082,"51_17_74",38.1660073511885,-79.8835619984913
"22084",22083,"51_17_74",38.169657217088,-79.8822170797418
"22085",22084,"51_17_74",38.1540921810006,-79.8816258548345
"22086",22085,"51_17_74",38.1712740494166,-79.8820168996209
"22087",22086,"51_17_74",38.1619610000211,-79.8933546600047
"22088",22087,"51_17_74",38.1635674184193,-79.8993343084459
"22089",22088,"51_17_74",38.1659405212913,-79.887111459645
"22090",22089,"51_17_74",38.1514265312485,-79.8847460204414
"22091",22090,"51_71_50",37.2704066546214,-80.8572221438028
"22092",22091,"51_71_50",37.2838248880789,-80.8538995212386
"22093",22092,"51_71_50",37.2640165545011,-80.8442956598043
"22094",22093,"51_71_50",37.2767173060202,-80.8446062084664
"22095",22094,"51_71_50",37.2642573198934,-80.8474361735653
"22096",22095,"51_71_50",37.2700859594383,-80.8539021430608
"22097",22096,"51_71_50",37.2841149257476,-80.8612009301546
"22098",22097,"51_71_50",37.2769836910341,-80.8655859658135
"22099",22098,"51_71_50",37.2654472218232,-80.8555314026161
"22100",22099,"51_71_50",37.274222071078,-80.8391200780574
"22101",22100,"51_163_9",37.7601806363812,-79.3352306953409
"22102",22101,"51_163_9",37.7536097500362,-79.3454758916912
"22103",22102,"51_163_9",37.7433902158612,-79.3266411485963
"22104",22103,"51_163_9",37.7578968366927,-79.3186706470948
"22105",22104,"51_163_9",37.7597850498024,-79.3170260716025
"22106",22105,"51_163_9",37.7521108293463,-79.3313931857805
"22107",22106,"51_163_9",37.7523768989923,-79.3290916235695
"22108",22107,"51_163_9",37.7514029350229,-79.3326712807716
"22109",22108,"51_163_9",37.7653201174215,-79.3320836466887
"22110",22109,"51_163_9",37.7471298272752,-79.3410649589567
"22111",22110,"51_165_77",38.6897461916039,-79.0380756640845
"22112",22111,"51_165_77",38.6810477191446,-79.0417003847476
"22113",22112,"51_165_77",38.6888301177402,-79.0259090034628
"22114",22113,"51_165_77",38.6922517235009,-79.0304117838751
"22115",22114,"51_165_77",38.6826186521965,-79.0347474268093
"22116",22115,"51_165_77",38.7006463430495,-79.0331498379193
"22117",22116,"51_165_77",38.6939260691067,-79.0409983940721
"22118",22117,"51_165_77",38.6914402259175,-79.0336352055457
"22119",22118,"51_165_77",38.688229021665,-79.0357436107468
"22120",22119,"51_165_77",38.6973646879498,-79.0472127002395
"22121",22120,"51_169_64",36.8416695024332,-82.6483555477765
"22122",22121,"51_169_64",36.8503828655065,-82.6469887670751
"22123",22122,"51_169_64",36.84593991625,-82.6558464704341
"22124",22123,"51_169_64",36.8472306115947,-82.6397000866077
"22125",22124,"51_169_64",36.8456968234906,-82.6488961684696
"22126",22125,"51_169_64",36.8484074866164,-82.6420812445033
"22127",22126,"51_169_64",36.8472796994271,-82.6420879237988
"22128",22127,"51_169_64",36.8512267735366,-82.6425388007402
"22129",22128,"51_169_64",36.847951686199,-82.63853498988
"22130",22129,"51_169_64",36.8509762992777,-82.652276473156
"22131",22130,"51_173_65",36.9006545093843,-81.5109396704601
"22132",22131,"51_173_65",36.903241316368,-81.5224490887825
"22133",22132,"51_173_65",36.8887636017426,-81.5014204690889
"22134",22133,"51_173_65",36.8959122779274,-81.4985944926718
"22135",22134,"51_173_65",36.9029501265921,-81.5074141233545
"22136",22135,"51_173_65",36.8975308026033,-81.5159150994205
"22137",22136,"51_173_65",36.8903946047975,-81.5223197848801
"22138",22137,"51_173_65",36.895110467412,-81.4992817584944
"22139",22138,"51_173_65",36.8969093314619,-81.5025027846774
"22140",22139,"51_173_65",36.9072730393369,-81.50977860988
"22141",22140,"51_15_153",37.9526921771711,-78.9417626523409
"22142",22141,"51_15_153",37.9513910028162,-78.9421819920289
"22143",22142,"51_15_153",37.9518730935657,-78.9282577865975
"22144",22143,"51_15_153",37.9547756528315,-78.9372218594936
"22145",22144,"51_15_153",37.9465608719255,-78.9253643310564
"22146",22145,"51_15_153",37.9589535306529,-78.9448788400493
"22147",22146,"51_15_153",37.9596521961203,-78.9401788215389
"22148",22147,"51_15_153",37.943212022521,-78.9407180836553
"22149",22148,"51_15_153",37.9498771076053,-78.9346528053104
"22150",22149,"51_15_153",37.9393708887366,-78.934865527295
"22151",22150,"51_17_40",38.1433631336885,-79.4700946180291
"22152",22151,"51_17_40",38.1479056541185,-79.4485599073877
"22153",22152,"51_17_40",38.1516213777786,-79.4536466311472
"22154",22153,"51_17_40",38.1461142298414,-79.4646259858166
"22155",22154,"51_17_40",38.1452914764641,-79.4711044098618
"22156",22155,"51_17_40",38.1350568396512,-79.4435638013861
"22157",22156,"51_17_40",38.1518053897649,-79.4557357214129
"22158",22157,"51_17_40",38.1380200270453,-79.4517229414867
"22159",22158,"51_17_40",38.131856426527,-79.4526953196579
"22160",22159,"51_17_40",38.1328057037044,-79.4529664200021
"22161",22160,"51_5_57",37.9461778550143,-80.0109160930679
"22162",22161,"51_5_57",37.9334431349763,-80.0019838108503
"22163",22162,"51_5_57",37.9411392855666,-80.0051927254925
"22164",22163,"51_5_57",37.9289320445453,-79.9936571274354
"22165",22164,"51_5_57",37.9339617374949,-80.0068170419597
"22166",22165,"51_5_57",37.9365569932789,-80.0162437949793
"22167",22166,"51_5_57",37.9286156085236,-79.9945407841438
"22168",22167,"51_5_57",37.9355389999311,-80.0073745981863
"22169",22168,"51_5_57",37.9387601363204,-79.9977064089385
"22170",22169,"51_5_57",37.9459099043388,-80.0095866425541
"22171",22170,"51_5_56",37.9155533111264,-80.1208699267442
"22172",22171,"51_5_56",37.9037991365827,-80.1010037301042
"22173",22172,"51_5_56",37.905920267144,-80.1040256078458
"22174",22173,"51_5_56",37.9179555516288,-80.1006487789156
"22175",22174,"51_5_56",37.9143771916607,-80.0976625079908
"22176",22175,"51_5_56",37.9155049188073,-80.1038271611831
"22177",22176,"51_5_56",37.9179672997175,-80.114220245135
"22178",22177,"51_5_56",37.9161978720466,-80.1067087996226
"22179",22178,"51_5_56",37.9128957408458,-80.0929786977946
"22180",22179,"51_5_56",37.9074366755319,-80.1031285508355
"22181",22180,"51_125_37",37.8508309959277,-78.9868701594833
"22182",22181,"51_125_37",37.8539571978867,-78.9853962179582
"22183",22182,"51_125_37",37.8612940168313,-78.9888647743739
"22184",22183,"51_125_37",37.8443275275256,-78.9952789468905
"22185",22184,"51_125_37",37.8535785921817,-78.9891550265324
"22186",22185,"51_125_37",37.8662277345564,-78.9766857695052
"22187",22186,"51_125_37",37.86139170266,-78.9924688038247
"22188",22187,"51_125_37",37.8600671266437,-78.9685751224478
"22189",22188,"51_125_37",37.8523343857493,-78.982663873357
"22190",22189,"51_125_37",37.8588702235476,-78.9956282616288
"22191",22190,"51_173_6",36.816617394833,-81.4184447312007
"22192",22191,"51_173_6",36.8162672801179,-81.408149769815
"22193",22192,"51_173_6",36.8051753451105,-81.3946751306972
"22194",22193,"51_173_6",36.8106226176763,-81.4107930955915
"22195",22194,"51_173_6",36.8195442866543,-81.3966536427553
"22196",22195,"51_173_6",36.8095034103884,-81.4068444989024
"22197",22196,"51_173_6",36.8072367020927,-81.4082088905557
"22198",22197,"51_173_6",36.8168922279865,-81.4001134476742
"22199",22198,"51_173_6",36.8108721385451,-81.4073854326764
"22200",22199,"51_173_6",36.8230628148068,-81.4006400601262
"22201",22200,"51_45_41",37.5708138024572,-80.0787185338651
"22202",22201,"51_45_41",37.5534518954585,-80.0788006509072
"22203",22202,"51_45_41",37.5564490548215,-80.0799163246366
"22204",22203,"51_45_41",37.5596741490562,-80.0964429829409
"22205",22204,"51_45_41",37.5643896739228,-80.0849722620129
"22206",22205,"51_45_41",37.5659265342099,-80.0909931578352
"22207",22206,"51_45_41",37.5582268734416,-80.0917730498562
"22208",22207,"51_45_41",37.5648324420406,-80.095015975129
"22209",22208,"51_45_41",37.574054545255,-80.0901069773998
"22210",22209,"51_45_41",37.5693514790282,-80.0843464830655
"22211",22210,"51_45_39",37.4921225195578,-80.1359784581183
"22212",22211,"51_45_39",37.4880740880235,-80.1159540117821
"22213",22212,"51_45_39",37.4885190344952,-80.1115807919308
"22214",22213,"51_45_39",37.489248342365,-80.1170627709393
"22215",22214,"51_45_39",37.4846319369635,-80.1038678574133
"22216",22215,"51_45_39",37.4947918155113,-80.1187790685118
"22217",22216,"51_45_39",37.4861414499954,-80.1119852549547
"22218",22217,"51_45_39",37.4879225597065,-80.1113340620443
"22219",22218,"51_45_39",37.4745187551634,-80.1211824877254
"22220",22219,"51_45_39",37.4952199821009,-80.1225751194265
"22221",22220,"51_15_26",38.1264949295221,-79.4099150971009
"22222",22221,"51_15_26",38.1231329051186,-79.4249081698481
"22223",22222,"51_15_26",38.1339964545245,-79.4200144883919
"22224",22223,"51_15_26",38.1262827632259,-79.4070088253189
"22225",22224,"51_15_26",38.1215012392404,-79.417634571584
"22226",22225,"51_15_26",38.1308591073822,-79.409138671023
"22227",22226,"51_15_26",38.1191204369759,-79.3976294038573
"22228",22227,"51_15_26",38.1361421613566,-79.4114883725719
"22229",22228,"51_15_26",38.1250596503558,-79.4088283307128
"22230",22229,"51_15_26",38.1285060612961,-79.3994199197856
"22231",22230,"51_5_58",37.8663817879641,-80.0871445956414
"22232",22231,"51_5_58",37.8683969897255,-80.1059170839101
"22233",22232,"51_5_58",37.872303559538,-80.1006266127525
"22234",22233,"51_5_58",37.870789152354,-80.0933588801945
"22235",22234,"51_5_58",37.8572394902069,-80.0998267277708
"22236",22235,"51_5_58",37.8752480318793,-80.0853767697314
"22237",22236,"51_5_58",37.8679492201247,-80.091583958826
"22238",22237,"51_5_58",37.8658435024193,-80.0783130409702
"22239",22238,"51_5_58",37.8702834188718,-80.092535533441
"22240",22239,"51_5_58",37.8699604530177,-80.0994132759314
"22241",22240,"51_5_55",37.691900650866,-79.9475400304422
"22242",22241,"51_5_55",37.6948602245445,-79.9498619020065
"22243",22242,"51_5_55",37.6906996353782,-79.9475515119324
"22244",22243,"51_5_55",37.6993626050948,-79.9627649297163
"22245",22244,"51_5_55",37.6896881535388,-79.9593982185899
"22246",22245,"51_5_55",37.6862485086108,-79.9514511593436
"22247",22246,"51_5_55",37.6987256285389,-79.9527434847754
"22248",22247,"51_5_55",37.6991027723894,-79.9567031984173
"22249",22248,"51_5_55",37.6948435733228,-79.9573508002814
"22250",22249,"51_5_55",37.6955067665352,-79.9666311950774
"22251",22250,"51_17_35",38.060007678503,-79.7394024350323
"22252",22251,"51_17_35",38.0700495570769,-79.7411386853857
"22253",22252,"51_17_35",38.0564611101077,-79.7488841917547
"22254",22253,"51_17_35",38.0626443625978,-79.7557336703097
"22255",22254,"51_17_35",38.0670366899278,-79.7374694169372
"22256",22255,"51_17_35",38.0671990929518,-79.7265306044203
"22257",22256,"51_17_35",38.0520236093828,-79.7274290130763
"22258",22257,"51_17_35",38.0559272933783,-79.7366372457503
"22259",22258,"51_17_35",38.0692456161637,-79.7413564451119
"22260",22259,"51_17_35",38.0707273328247,-79.7344582766888
"22261",22260,"51_21_17",37.0756817239084,-81.0389464210493
"22262",22261,"51_21_17",37.0709179450348,-81.0623002898179
"22263",22262,"51_21_17",37.0655174231384,-81.0503273100099
"22264",22263,"51_21_17",37.0870350585411,-81.0406478902056
"22265",22264,"51_21_17",37.0769214223137,-81.0459901473013
"22266",22265,"51_21_17",37.077057793955,-81.0400090034563
"22267",22266,"51_21_17",37.0769478976874,-81.0328204877789
"22268",22267,"51_21_17",37.0756372786043,-81.0490626680888
"22269",22268,"51_21_17",37.0825150259458,-81.0484003839533
"22270",22269,"51_21_17",37.076065671172,-81.0512929294098
"22271",22270,"51_165_18",38.5977616804111,-79.1179172441077
"22272",22271,"51_165_18",38.611760529805,-79.1077254224009
"22273",22272,"51_165_18",38.6139217788506,-79.1243525771442
"22274",22273,"51_165_18",38.6028003495093,-79.1179476164404
"22275",22274,"51_165_18",38.6099134789635,-79.1140156515486
"22276",22275,"51_165_18",38.6059029856297,-79.1188614599052
"22277",22276,"51_165_18",38.6111594650717,-79.1128572677218
"22278",22277,"51_165_18",38.6076999973371,-79.1285466888474
"22279",22278,"51_165_18",38.6111581021935,-79.109489776466
"22280",22279,"51_165_18",38.601252990098,-79.1140500754641
"22281",22280,"51_165_57",38.4725546559672,-79.185085839595
"22282",22281,"51_165_57",38.4710692460174,-79.18395520701
"22283",22282,"51_165_57",38.4669699368081,-79.1741681352494
"22284",22283,"51_165_57",38.4813782994226,-79.1657239097103
"22285",22284,"51_165_57",38.4810924801497,-79.1795349702494
"22286",22285,"51_165_57",38.4767062674659,-79.1669342960861
"22287",22286,"51_165_57",38.4677495484143,-79.1801660602822
"22288",22287,"51_165_57",38.4772012395067,-79.1750292897037
"22289",22288,"51_165_57",38.4800307105827,-79.1716924464628
"22290",22289,"51_165_57",38.4780827294139,-79.16920479188
"22291",22290,"51_45_51",37.42163069058,-80.1994366199258
"22292",22291,"51_45_51",37.4329332324118,-80.1995021812043
"22293",22292,"51_45_51",37.4351077404198,-80.20741622919
"22294",22293,"51_45_51",37.4329534249694,-80.2016052949355
"22295",22294,"51_45_51",37.4268603878654,-80.2029757398039
"22296",22295,"51_45_51",37.434491864756,-80.2114883332669
"22297",22296,"51_45_51",37.4367528413528,-80.1909676217287
"22298",22297,"51_45_51",37.4252129623359,-80.2019887987194
"22299",22298,"51_45_51",37.4263923878154,-80.1949918157973
"22300",22299,"51_45_51",37.4313823553302,-80.207457521199
"22301",22300,"51_113_20",38.5707096431491,-78.3348479305954
"22302",22301,"51_113_20",38.5621165555047,-78.3429914088454
"22303",22302,"51_113_20",38.5743235791475,-78.3242684409921
"22304",22303,"51_113_20",38.5711559411231,-78.3356012372078
"22305",22304,"51_113_20",38.5720669785089,-78.3292703882155
"22306",22305,"51_113_20",38.5763770781236,-78.352957187163
"22307",22306,"51_113_20",38.5642075107026,-78.3486354893565
"22308",22307,"51_113_20",38.571577654956,-78.3349085864681
"22309",22308,"51_113_20",38.5697095642822,-78.3491977653963
"22310",22309,"51_113_20",38.5745776089471,-78.3351878991692
"22311",22310,"51_9_63",37.6285135409931,-79.3192933364402
"22312",22311,"51_9_63",37.6299144715178,-79.3173211368882
"22313",22312,"51_9_63",37.6368872780282,-79.2995936954203
"22314",22313,"51_9_63",37.6311270827274,-79.2983583936226
"22315",22314,"51_9_63",37.6427181592275,-79.314570279291
"22316",22315,"51_9_63",37.6300568313322,-79.3013951609804
"22317",22316,"51_9_63",37.6172695740127,-79.3135236073221
"22318",22317,"51_9_63",37.6350181189396,-79.3147458361752
"22319",22318,"51_9_63",37.6403432180432,-79.3054833986623
"22320",22319,"51_9_63",37.6296349624416,-79.3195179362113
"22321",22320,"51_165_90",38.4156443252441,-78.6470945701013
"22322",22321,"51_165_90",38.4167121932719,-78.6563423165655
"22323",22322,"51_165_90",38.4148830969162,-78.6461171822692
"22324",22323,"51_165_90",38.4168504060787,-78.6483557065614
"22325",22324,"51_165_90",38.4249192605008,-78.6552237136118
"22326",22325,"51_165_90",38.4260039990305,-78.6395050146749
"22327",22326,"51_165_90",38.41674249115,-78.6493513527044
"22328",22327,"51_165_90",38.4227494832108,-78.6548043965782
"22329",22328,"51_165_90",38.4104274822962,-78.6373056176549
"22330",22329,"51_165_90",38.4163937109281,-78.6505706897341
"22331",22330,"51_23_41",37.6423762177008,-80.0089168635051
"22332",22331,"51_23_41",37.6433923067833,-80.0119789758485
"22333",22332,"51_23_41",37.6489102026098,-80.0175674000975
"22334",22333,"51_23_41",37.6443939503155,-80.0163740532199
"22335",22334,"51_23_41",37.6442470306758,-80.0103282351749
"22336",22335,"51_23_41",37.6359892856497,-79.9963896585839
"22337",22336,"51_23_41",37.6444421965593,-80.0086636696165
"22338",22337,"51_23_41",37.6317080574201,-80.0050812930574
"22339",22338,"51_23_41",37.6503323522416,-80.0223910537406
"22340",22339,"51_23_41",37.6439539179366,-80.0091599064652
"22341",22340,"51_23_28",37.4660292853678,-79.605087110809
"22342",22341,"51_23_28",37.4653895361195,-79.6014543337969
"22343",22342,"51_23_28",37.4567638632841,-79.6115394132507
"22344",22343,"51_23_28",37.4772425427659,-79.6029694795081
"22345",22344,"51_23_28",37.4671835217544,-79.6136874372138
"22346",22345,"51_23_28",37.4663836430285,-79.5995659521488
"22347",22346,"51_23_28",37.4749370655458,-79.6053656900633
"22348",22347,"51_23_28",37.4614182270681,-79.5834070352053
"22349",22348,"51_23_28",37.4721058158391,-79.6118677347072
"22350",22349,"51_23_28",37.4705066264041,-79.593661552764
"22351",22350,"51_71_30",37.3104464939424,-80.7542858685546
"22352",22351,"51_71_30",37.3006215301683,-80.7644620677973
"22353",22352,"51_71_30",37.3053104035849,-80.7689480000834
"22354",22353,"51_71_30",37.3091586794115,-80.7589729928271
"22355",22354,"51_71_30",37.3168635257773,-80.7570493207246
"22356",22355,"51_71_30",37.3068762337387,-80.7643724933527
"22357",22356,"51_71_30",37.3077822461658,-80.7583875566532
"22358",22357,"51_71_30",37.3118448565681,-80.7722720873171
"22359",22358,"51_71_30",37.3054389132552,-80.752865814459
"22360",22359,"51_71_30",37.3166558333297,-80.7556442867388
"22361",22360,"51_71_43",37.4403272182274,-80.5367074777296
"22362",22361,"51_71_43",37.4576226280713,-80.542800631023
"22363",22362,"51_71_43",37.4492438097811,-80.5252230765816
"22364",22363,"51_71_43",37.4469814056853,-80.5379533019857
"22365",22364,"51_71_43",37.4490128403177,-80.544258962301
"22366",22365,"51_71_43",37.4493020914035,-80.5306657352666
"22367",22366,"51_71_43",37.446428380078,-80.5404060751923
"22368",22367,"51_71_43",37.4472118444651,-80.5382266935984
"22369",22368,"51_71_43",37.440845147912,-80.5252354790624
"22370",22369,"51_71_43",37.453850678404,-80.5524521111977
"22371",22370,"51_15_65",37.9880767676812,-78.9254140434177
"22372",22371,"51_15_65",37.9945222876651,-78.9390283632684
"22373",22372,"51_15_65",37.9938579741887,-78.9283491571191
"22374",22373,"51_15_65",38.0031300255346,-78.9303784566455
"22375",22374,"51_15_65",38.0045937091579,-78.9358580389342
"22376",22375,"51_15_65",37.9815631663629,-78.9324089134731
"22377",22376,"51_15_65",37.9911329595248,-78.9284560632482
"22378",22377,"51_15_65",37.9975647532707,-78.9197937907521
"22379",22378,"51_15_65",37.9898814245394,-78.9154848095912
"22380",22379,"51_15_65",37.997461326859,-78.9338529998973
"22381",22380,"51_15_155",38.3427636131715,-79.2298015898688
"22382",22381,"51_15_155",38.3341160831292,-79.2343428456352
"22383",22382,"51_15_155",38.3411528929753,-79.2355639940434
"22384",22383,"51_15_155",38.3405419478886,-79.2263763061252
"22385",22384,"51_15_155",38.3411498176019,-79.2152109180414
"22386",22385,"51_15_155",38.3408689831785,-79.2287036540401
"22387",22386,"51_15_155",38.3439911620003,-79.2253472326087
"22388",22387,"51_15_155",38.347494549567,-79.2218596811902
"22389",22388,"51_15_155",38.341949563148,-79.2274342382421
"22390",22389,"51_15_155",38.3286041628435,-79.2257949914482
"22391",22390,"51_15_55",38.1001363325111,-79.3516013545685
"22392",22391,"51_15_55",38.0934899270918,-79.3528061551662
"22393",22392,"51_15_55",38.1012506667313,-79.3354470357067
"22394",22393,"51_15_55",38.0952667507911,-79.354181304504
"22395",22394,"51_15_55",38.0977477325261,-79.3509450321
"22396",22395,"51_15_55",38.0983589492981,-79.3679584523951
"22397",22396,"51_15_55",38.0995057068711,-79.3478797426637
"22398",22397,"51_15_55",38.110765533845,-79.3515629911741
"22399",22398,"51_15_55",38.1037082326263,-79.3640788404829
"22400",22399,"51_15_55",38.0952181452087,-79.3383378096012
"22401",22400,"51_165_150",38.4788145929667,-78.6627120835375
"22402",22401,"51_165_150",38.4762439818788,-78.6635922470457
"22403",22402,"51_165_150",38.4793571174493,-78.6748382143374
"22404",22403,"51_165_150",38.4805047071007,-78.6885220182928
"22405",22404,"51_165_150",38.4766554436252,-78.6711700733921
"22406",22405,"51_165_150",38.4729033091424,-78.6739382104893
"22407",22406,"51_165_150",38.4740973668987,-78.6719450796106
"22408",22407,"51_165_150",38.4791072005738,-78.6746842729259
"22409",22408,"51_165_150",38.4716206159961,-78.6783320135169
"22410",22409,"51_165_150",38.4855969853593,-78.6833906920805
"22411",22410,"51_125_63",37.8277196226151,-79.1103728218116
"22412",22411,"51_125_63",37.8338752512712,-79.1238277927615
"22413",22412,"51_125_63",37.8278155219274,-79.1315636837904
"22414",22413,"51_125_63",37.8354609302492,-79.1215546717301
"22415",22414,"51_125_63",37.8288081658348,-79.1197070476927
"22416",22415,"51_125_63",37.8270987329453,-79.1226844239383
"22417",22416,"51_125_63",37.8389780119382,-79.1196550106996
"22418",22417,"51_125_63",37.8427901428383,-79.1308629995357
"22419",22418,"51_125_63",37.836291867771,-79.1155293347299
"22420",22419,"51_125_63",37.8294710341632,-79.1232470921716
"22421",22420,"51_77_25",36.6639627364417,-81.4650155119171
"22422",22421,"51_77_25",36.6728976258167,-81.4613394510542
"22423",22422,"51_77_25",36.667481652511,-81.4599481509061
"22424",22423,"51_77_25",36.6559861637407,-81.4488709524232
"22425",22424,"51_77_25",36.6767402133061,-81.4636856996456
"22426",22425,"51_77_25",36.6639999901454,-81.4562283199087
"22427",22426,"51_77_25",36.6794912433995,-81.452145936414
"22428",22427,"51_77_25",36.6657464796751,-81.4591715395124
"22429",22428,"51_77_25",36.669400288275,-81.4440562287439
"22430",22429,"51_77_25",36.6788099381125,-81.4663851208398
"22431",22430,"51_139_37",38.7367372341893,-78.4957665365387
"22432",22431,"51_139_37",38.7283028456195,-78.5036751101553
"22433",22432,"51_139_37",38.7155722234646,-78.5104590101291
"22434",22433,"51_139_37",38.7372016726702,-78.5094574052266
"22435",22434,"51_139_37",38.720953951099,-78.4973391959351
"22436",22435,"51_139_37",38.7314987870803,-78.5087176302459
"22437",22436,"51_139_37",38.727885867812,-78.5078418397361
"22438",22437,"51_139_37",38.7243233704461,-78.515990970892
"22439",22438,"51_139_37",38.7394835535724,-78.5025783738978
"22440",22439,"51_139_37",38.7333167508928,-78.5087778596307
"22441",22440,"51_139_38",38.5020666120301,-78.463380573946
"22442",22441,"51_139_38",38.5044711407712,-78.4647369458715
"22443",22442,"51_139_38",38.5120553549094,-78.4502657087326
"22444",22443,"51_139_38",38.5016804820665,-78.4647866589506
"22445",22444,"51_139_38",38.5124540282997,-78.4680825787634
"22446",22445,"51_139_38",38.5062512905698,-78.4574003459227
"22447",22446,"51_139_38",38.500611489402,-78.4631193055539
"22448",22447,"51_139_38",38.5068022889018,-78.4589518175392
"22449",22448,"51_139_38",38.5082007695231,-78.4761685845476
"22450",22449,"51_139_38",38.4996795205926,-78.4623714359535
"22451",22450,"51_165_13",38.4375655909287,-79.161946148419
"22452",22451,"51_165_13",38.4469733728721,-79.1707755139117
"22453",22452,"51_165_13",38.4374037274839,-79.1534325906202
"22454",22453,"51_165_13",38.4513460908188,-79.1552522811936
"22455",22454,"51_165_13",38.4390074859187,-79.1516111451307
"22456",22455,"51_165_13",38.4524319634577,-79.1461214801043
"22457",22456,"51_165_13",38.441841268646,-79.1732075331585
"22458",22457,"51_165_13",38.4370722248756,-79.1640988463966
"22459",22458,"51_165_13",38.4367610083719,-79.1518625715929
"22460",22459,"51_165_13",38.4396361567691,-79.1487144194142
"22461",22460,"51_165_104",38.422909143812,-78.5018200239332
"22462",22461,"51_165_104",38.4230836670777,-78.498675395847
"22463",22462,"51_165_104",38.4163407302796,-78.5152475150497
"22464",22463,"51_165_104",38.4252871819399,-78.4965937219432
"22465",22464,"51_165_104",38.4233759036679,-78.4835960526339
"22466",22465,"51_165_104",38.4252826543992,-78.4850408097226
"22467",22466,"51_165_104",38.4251550223,-78.4914736281791
"22468",22467,"51_165_104",38.4323968388684,-78.4932892820062
"22469",22468,"51_165_104",38.4354092840225,-78.4949106946437
"22470",22469,"51_165_104",38.4185175938075,-78.5004408895585
"22471",22470,"51_105_66",36.8334070535759,-82.9219803860005
"22472",22471,"51_105_66",36.8318443531013,-82.9009260760236
"22473",22472,"51_105_66",36.822404544929,-82.9024964494436
"22474",22473,"51_105_66",36.8267883769106,-82.9003698652053
"22475",22474,"51_105_66",36.8196247950008,-82.9079587649946
"22476",22475,"51_105_66",36.829546275436,-82.9184201670002
"22477",22476,"51_105_66",36.8325866114296,-82.8932655525482
"22478",22477,"51_105_66",36.8172744965303,-82.9029916210399
"22479",22478,"51_105_66",36.8313102391551,-82.9061712914757
"22480",22479,"51_105_66",36.8293423356519,-82.9056473183961
"22481",22480,"51_121_26",37.2545271567593,-80.4696552507709
"22482",22481,"51_121_26",37.2542311733815,-80.4799073309783
"22483",22482,"51_121_26",37.2459116285433,-80.4809866750313
"22484",22483,"51_121_26",37.2518187421258,-80.4699036077792
"22485",22484,"51_121_26",37.2522792283041,-80.4696743704706
"22486",22485,"51_121_26",37.253875650443,-80.4591507949906
"22487",22486,"51_121_26",37.2545457797002,-80.4764307041105
"22488",22487,"51_121_26",37.2508811688054,-80.4876742400416
"22489",22488,"51_121_26",37.2501975104988,-80.4601430430833
"22490",22489,"51_121_26",37.2542741214973,-80.4802373142732
"22491",22490,"51_9_57",37.7621869291347,-79.1715379450131
"22492",22491,"51_9_57",37.7685745201419,-79.1717359308148
"22493",22492,"51_9_57",37.7624339443607,-79.1612532480708
"22494",22493,"51_9_57",37.7642847281076,-79.1903400459884
"22495",22494,"51_9_57",37.7630779943441,-79.1828888809835
"22496",22495,"51_9_57",37.758876145431,-79.1737316187595
"22497",22496,"51_9_57",37.7611634058401,-79.1821784466707
"22498",22497,"51_9_57",37.7660902828863,-79.1805731808571
"22499",22498,"51_9_57",37.7536391932447,-79.1655698145909
"22500",22499,"51_9_57",37.7557674549943,-79.1733617046433
"22501",22500,"51_9_4",37.678033806543,-79.3111395825591
"22502",22501,"51_9_4",37.6831620125194,-79.3105093894389
"22503",22502,"51_9_4",37.6866651621769,-79.3181694247254
"22504",22503,"51_9_4",37.6777741575567,-79.3141099044236
"22505",22504,"51_9_4",37.6798630341277,-79.3275656693017
"22506",22505,"51_9_4",37.6840097385817,-79.3113488611905
"22507",22506,"51_9_4",37.6833202856404,-79.3101228163053
"22508",22507,"51_9_4",37.6744316338613,-79.3200936418202
"22509",22508,"51_9_4",37.6707054272932,-79.3148518664097
"22510",22509,"51_9_4",37.6792636376845,-79.3078286578216
"22511",22510,"51_15_133",38.4100471627414,-79.2277844036602
"22512",22511,"51_15_133",38.3968944461629,-79.2519129990331
"22513",22512,"51_15_133",38.4032598428154,-79.2392458186582
"22514",22513,"51_15_133",38.4063245925604,-79.2418981192478
"22515",22514,"51_15_133",38.4026903665649,-79.2405518786221
"22516",22515,"51_15_133",38.4108838524185,-79.2323346457112
"22517",22516,"51_15_133",38.4022525904394,-79.2412828008785
"22518",22517,"51_15_133",38.3895598491195,-79.2457070899681
"22519",22518,"51_15_133",38.4053210919495,-79.2385445045323
"22520",22519,"51_15_133",38.4094869193736,-79.2344109241644
"22521",22520,"51_19_108",37.4790002750073,-79.5270538724537
"22522",22521,"51_19_108",37.4830481865144,-79.5412344445201
"22523",22522,"51_19_108",37.4801696005898,-79.5284837049937
"22524",22523,"51_19_108",37.478239561452,-79.5374155486118
"22525",22524,"51_19_108",37.4730237296739,-79.5250765380898
"22526",22525,"51_19_108",37.4789292202562,-79.5275840117018
"22527",22526,"51_19_108",37.476739350497,-79.5146194023654
"22528",22527,"51_19_108",37.4841729098718,-79.5380635665574
"22529",22528,"51_19_108",37.4811260470338,-79.5221968549703
"22530",22529,"51_19_108",37.4877200530499,-79.5413901059723
"22531",22530,"51_17_69",38.0163219492606,-79.6977778086568
"22532",22531,"51_17_69",38.0282013545627,-79.7009126062427
"22533",22532,"51_17_69",38.0182103577094,-79.7148891740448
"22534",22533,"51_17_69",38.0124580631255,-79.7095279857757
"22535",22534,"51_17_69",38.0183941973909,-79.6972472068296
"22536",22535,"51_17_69",38.0213471386509,-79.7069478312486
"22537",22536,"51_17_69",38.0144143003999,-79.6964474945746
"22538",22537,"51_17_69",38.0032457343851,-79.6964349130728
"22539",22538,"51_17_69",38.0178058078534,-79.6905215321001
"22540",22539,"51_17_69",38.0165425381656,-79.6946459011639
"22541",22540,"51_165_140",38.5582523415364,-79.171922042335
"22542",22541,"51_165_140",38.5417227981611,-79.1538235758017
"22543",22542,"51_165_140",38.5477912780614,-79.1591345970411
"22544",22543,"51_165_140",38.5447262760246,-79.1636228306392
"22545",22544,"51_165_140",38.5373840440492,-79.1509482285833
"22546",22545,"51_165_140",38.552704719983,-79.1447208909737
"22547",22546,"51_165_140",38.5482371925061,-79.1596952452642
"22548",22547,"51_165_140",38.5485637841598,-79.140500691992
"22549",22548,"51_165_140",38.5496883941299,-79.159400406229
"22550",22549,"51_165_140",38.5446213002076,-79.1481093790903
"22551",22550,"51_139_50",38.5927340640085,-78.6411031479071
"22552",22551,"51_139_50",38.6090517227182,-78.6414756172908
"22553",22552,"51_139_50",38.6124819713632,-78.6366952176254
"22554",22553,"51_139_50",38.6000256711688,-78.6443498046535
"22555",22554,"51_139_50",38.609460962863,-78.6386471096453
"22556",22555,"51_139_50",38.6072419112147,-78.6480656630111
"22557",22556,"51_139_50",38.5958107243343,-78.6551287271296
"22558",22557,"51_139_50",38.6095746679733,-78.6258434015513
"22559",22558,"51_139_50",38.5962251654176,-78.6366155212851
"22560",22559,"51_139_50",38.6006515773135,-78.6379925308815
"22561",22560,"51_5_13",37.8516099715248,-79.8989722316435
"22562",22561,"51_5_13",37.8547812316857,-79.8819707266948
"22563",22562,"51_5_13",37.8470415928646,-79.8758327527085
"22564",22563,"51_5_13",37.858897274874,-79.8837245314531
"22565",22564,"51_5_13",37.8532346276175,-79.8895669863817
"22566",22565,"51_5_13",37.8555993543944,-79.8856164662562
"22567",22566,"51_5_13",37.8552136493883,-79.8774178394093
"22568",22567,"51_5_13",37.854496410658,-79.8858208192503
"22569",22568,"51_5_13",37.8508646832944,-79.8702678203774
"22570",22569,"51_5_13",37.8531170812579,-79.8902049244044
"22571",22570,"51_15_148",38.163038617562,-79.3574603283696
"22572",22571,"51_15_148",38.1688667243121,-79.3553403211645
"22573",22572,"51_15_148",38.1726138253002,-79.3578888181318
"22574",22573,"51_15_148",38.170272182637,-79.3553494720735
"22575",22574,"51_15_148",38.1806671095181,-79.3665865098446
"22576",22575,"51_15_148",38.1669587424081,-79.3643968149737
"22577",22576,"51_15_148",38.1808865478055,-79.3619863238124
"22578",22577,"51_15_148",38.1694770645622,-79.3575863600402
"22579",22578,"51_15_148",38.1612481211942,-79.3643381517464
"22580",22579,"51_15_148",38.1650370095774,-79.3555892863362
"22581",22580,"51_17_15",38.0858092448786,-79.7178544838044
"22582",22581,"51_17_15",38.0772784702102,-79.7135240144329
"22583",22582,"51_17_15",38.0782730937225,-79.7236576232207
"22584",22583,"51_17_15",38.092821719545,-79.695443098203
"22585",22584,"51_17_15",38.0818460760676,-79.7221171228943
"22586",22585,"51_17_15",38.0740823567679,-79.7115737653873
"22587",22586,"51_17_15",38.0888907168546,-79.7077613549637
"22588",22587,"51_17_15",38.0875977081622,-79.7187981470656
"22589",22588,"51_17_15",38.0923880194535,-79.7067808269584
"22590",22589,"51_17_15",38.0927670054966,-79.7211629549408
"22591",22590,"51_9_21",37.7501717867659,-79.1113550915673
"22592",22591,"51_9_21",37.7581597909996,-79.1083164728394
"22593",22592,"51_9_21",37.7559083001748,-79.1005003872151
"22594",22593,"51_9_21",37.7483727093166,-79.0942518624628
"22595",22594,"51_9_21",37.7575133634905,-79.1136678538858
"22596",22595,"51_9_21",37.7527255724258,-79.087672402459
"22597",22596,"51_9_21",37.7565014921699,-79.0939126382451
"22598",22597,"51_9_21",37.7531853243972,-79.1099270905307
"22599",22598,"51_9_21",37.7557383996581,-79.0948013648964
"22600",22599,"51_9_21",37.7472648656578,-79.0989511012392
"22601",22600,"51_173_30",36.7893500609973,-81.5163822867358
"22602",22601,"51_173_30",36.7895677341633,-81.518793316334
"22603",22602,"51_173_30",36.7904983745298,-81.5115220087421
"22604",22603,"51_173_30",36.7816169554303,-81.5298208057113
"22605",22604,"51_173_30",36.7794648467768,-81.5181431876842
"22606",22605,"51_173_30",36.7845132969019,-81.5171291431312
"22607",22606,"51_173_30",36.7929529829143,-81.5153375145742
"22608",22607,"51_173_30",36.7894408067761,-81.5195590069442
"22609",22608,"51_173_30",36.792475140695,-81.5128122750504
"22610",22609,"51_173_30",36.7839959495921,-81.5207604475231
"22611",22610,"51_15_91",38.0965695889316,-79.3583283856183
"22612",22611,"51_15_91",38.0988135704643,-79.3756272145443
"22613",22612,"51_15_91",38.0953507424411,-79.3612070078557
"22614",22613,"51_15_91",38.0921952618288,-79.3815688127261
"22615",22614,"51_15_91",38.089922502606,-79.3693114027102
"22616",22615,"51_15_91",38.1095206558127,-79.3800468597789
"22617",22616,"51_15_91",38.0972545660167,-79.3622806501156
"22618",22617,"51_15_91",38.0934166214065,-79.3797046452014
"22619",22618,"51_15_91",38.1059755283928,-79.3686501578638
"22620",22619,"51_15_91",38.0874535783512,-79.3767173546027
"22621",22620,"51_17_20",38.1304632091221,-79.8364377594723
"22622",22621,"51_17_20",38.1178858973474,-79.8517377073219
"22623",22622,"51_17_20",38.1318079918327,-79.845149279868
"22624",22623,"51_17_20",38.1261979955732,-79.851172461507
"22625",22624,"51_17_20",38.1280276441446,-79.8475543719593
"22626",22625,"51_17_20",38.1197345603167,-79.8576330811566
"22627",22626,"51_17_20",38.1209713902135,-79.8448941969965
"22628",22627,"51_17_20",38.1317576979188,-79.8410755206914
"22629",22628,"51_17_20",38.116004824064,-79.8530589002745
"22630",22629,"51_17_20",38.1253482759114,-79.8524069045194
"22631",22630,"51_23_36",37.5006142416098,-79.6362066232635
"22632",22631,"51_23_36",37.4951412577048,-79.6278311212725
"22633",22632,"51_23_36",37.5108690026725,-79.6490138061678
"22634",22633,"51_23_36",37.5136508604864,-79.6362800692329
"22635",22634,"51_23_36",37.5102506225892,-79.6338978758691
"22636",22635,"51_23_36",37.5074569444645,-79.6482321815146
"22637",22636,"51_23_36",37.5032550278589,-79.6385253997216
"22638",22637,"51_23_36",37.5030265083881,-79.6419847287443
"22639",22638,"51_23_36",37.502874467141,-79.6387767053598
"22640",22639,"51_23_36",37.5069915677172,-79.641871860484
"22641",22640,"51_71_60",37.3629505104038,-80.7038839544424
"22642",22641,"51_71_60",37.3689293523225,-80.7170652001969
"22643",22642,"51_71_60",37.3674368262061,-80.7065117207369
"22644",22643,"51_71_60",37.3689309550957,-80.7137751834549
"22645",22644,"51_71_60",37.3684134156677,-80.7116574930644
"22646",22645,"51_71_60",37.3674663139394,-80.7096799552884
"22647",22646,"51_71_60",37.3778668397893,-80.7101054202447
"22648",22647,"51_71_60",37.3804373806382,-80.7125871291925
"22649",22648,"51_71_60",37.370004084032,-80.7109126050413
"22650",22649,"51_71_60",37.3680850780533,-80.7117027478516
"22651",22650,"51_51_59",37.2817758939411,-82.3316397729757
"22652",22651,"51_51_59",37.2732722277135,-82.3290108694812
"22653",22652,"51_51_59",37.2709597088794,-82.3179895623788
"22654",22653,"51_51_59",37.2650519483561,-82.3149981762529
"22655",22654,"51_51_59",37.2702061001521,-82.327404477844
"22656",22655,"51_51_59",37.2841634864273,-82.3256138624566
"22657",22656,"51_51_59",37.2728480394926,-82.3290436907767
"22658",22657,"51_51_59",37.2698197668599,-82.3210113931146
"22659",22658,"51_51_59",37.2770622669156,-82.3153840061691
"22660",22659,"51_51_59",37.2772597619333,-82.335788064232
"22661",22660,"51_173_35",36.7132436173116,-81.481172703676
"22662",22661,"51_173_35",36.7115930969759,-81.4986446523368
"22663",22662,"51_173_35",36.7108709211063,-81.4950442923724
"22664",22663,"51_173_35",36.7173931441514,-81.4903123278284
"22665",22664,"51_173_35",36.7158665419246,-81.4894461195693
"22666",22665,"51_173_35",36.7156079421943,-81.4944325603078
"22667",22666,"51_173_35",36.7136188759222,-81.4891422237206
"22668",22667,"51_173_35",36.7249374997319,-81.4919244453413
"22669",22668,"51_173_35",36.7222080388031,-81.4826345596343
"22670",22669,"51_173_35",36.716586568988,-81.4929071350233
"22671",22670,"51_197_78",37.0201964341048,-81.1522665021772
"22672",22671,"51_197_78",37.023388272783,-81.1680957398657
"22673",22672,"51_197_78",37.0147524464592,-81.1577821216464
"22674",22673,"51_197_78",37.0173236315681,-81.1644873900499
"22675",22674,"51_197_78",37.0223970846874,-81.1514429431386
"22676",22675,"51_197_78",37.0189603927275,-81.1657076046916
"22677",22676,"51_197_78",37.0324966829145,-81.1587026693282
"22678",22677,"51_197_78",37.021604243344,-81.1679095933297
"22679",22678,"51_197_78",37.0236625552388,-81.1687157827039
"22680",22679,"51_197_78",37.0244476007605,-81.1686276615281
"22681",22680,"51_155_14",37.0763401380179,-80.8105706341258
"22682",22681,"51_155_14",37.0793959994452,-80.814431395193
"22683",22682,"51_155_14",37.0783793850022,-80.8225441343584
"22684",22683,"51_155_14",37.0769194754031,-80.8106980713823
"22685",22684,"51_155_14",37.0845438279382,-80.8228426611158
"22686",22685,"51_155_14",37.0794941914106,-80.8191952982843
"22687",22686,"51_155_14",37.0839585615627,-80.8185563212598
"22688",22687,"51_155_14",37.0700731894116,-80.8236170224485
"22689",22688,"51_155_14",37.0793337989859,-80.8278055552257
"22690",22689,"51_155_14",37.0824375241629,-80.8240338492683
"22691",22690,"51_169_73",36.7514705523109,-82.7882137640527
"22692",22691,"51_169_73",36.7521004828013,-82.7806871539779
"22693",22692,"51_169_73",36.7503844740794,-82.793367012179
"22694",22693,"51_169_73",36.7549061954224,-82.784987253189
"22695",22694,"51_169_73",36.7559278318931,-82.7859241668588
"22696",22695,"51_169_73",36.7653508805414,-82.7892570064015
"22697",22696,"51_169_73",36.7593637727828,-82.7985665401533
"22698",22697,"51_169_73",36.7636435528885,-82.7831415606293
"22699",22698,"51_169_73",36.7511470408178,-82.7647617832852
"22700",22699,"51_169_73",36.7483725886976,-82.7704394236867
"22701",22700,"51_51_45",37.2289661495426,-82.4702722527108
"22702",22701,"51_51_45",37.2320266568552,-82.4714514809641
"22703",22702,"51_51_45",37.2404396033171,-82.4695570689508
"22704",22703,"51_51_45",37.2293963184394,-82.4695610204268
"22705",22704,"51_51_45",37.222706723584,-82.4820271835805
"22706",22705,"51_51_45",37.2279816737987,-82.4653058168758
"22707",22706,"51_51_45",37.2302835458972,-82.4607360714974
"22708",22707,"51_51_45",37.2308521580815,-82.4774308924797
"22709",22708,"51_51_45",37.2370279251199,-82.4635512470106
"22710",22709,"51_51_45",37.2247567336416,-82.4536938425167
"22711",22710,"51_5_50",37.6871647484686,-80.2124321915368
"22712",22711,"51_5_50",37.6943341686414,-80.2025619097941
"22713",22712,"51_5_50",37.6815582225132,-80.2070867087566
"22714",22713,"51_5_50",37.7039913924189,-80.2207583337672
"22715",22714,"51_5_50",37.6923524077767,-80.2098597458175
"22716",22715,"51_5_50",37.6968202926503,-80.2222805424132
"22717",22716,"51_5_50",37.6924675964578,-80.2115846263921
"22718",22717,"51_5_50",37.688901485078,-80.2175104863306
"22719",22718,"51_5_50",37.6969602765137,-80.2126545266566
"22720",22719,"51_5_50",37.6928506183452,-80.2084144443746
"22721",22720,"51_9_24",37.7838175307936,-79.1884441852023
"22722",22721,"51_9_24",37.7774001606554,-79.1728125317118
"22723",22722,"51_9_24",37.778450847978,-79.1740701025338
"22724",22723,"51_9_24",37.7764485667757,-79.1775848019418
"22725",22724,"51_9_24",37.7632941511513,-79.1718119056171
"22726",22725,"51_9_24",37.7749327684228,-79.1646323056745
"22727",22726,"51_9_24",37.7702487098199,-79.1811286989159
"22728",22727,"51_9_24",37.7769116154754,-79.1878822872833
"22729",22728,"51_9_24",37.783061992255,-79.1666437115669
"22730",22729,"51_9_24",37.7804038258058,-79.1720653264879
"22731",22730,"51_197_92",37.0101929190217,-81.2230951910758
"22732",22731,"51_197_92",37.0137131714556,-81.243578708996
"22733",22732,"51_197_92",37.0015353964444,-81.2289355613265
"22734",22733,"51_197_92",37.0150790541436,-81.2301259607609
"22735",22734,"51_197_92",37.003037929315,-81.230104790544
"22736",22735,"51_197_92",37.0021488966317,-81.2313531950079
"22737",22736,"51_197_92",37.0097159486292,-81.2354082145128
"22738",22737,"51_197_92",37.0191829210828,-81.2461878983163
"22739",22738,"51_197_92",37.005319784352,-81.2320186974149
"22740",22739,"51_197_92",37.0123083585354,-81.234804930345
"22741",22740,"51_191_114",36.6409674697971,-81.7359595902999
"22742",22741,"51_191_114",36.639139956315,-81.7308207365691
"22743",22742,"51_191_114",36.6424615127192,-81.7547320242894
"22744",22743,"51_191_114",36.6474169050505,-81.7418895612929
"22745",22744,"51_191_114",36.6357313732821,-81.7370971328682
"22746",22745,"51_191_114",36.6377256300701,-81.7434276330829
"22747",22746,"51_191_114",36.6378870304968,-81.7330584418051
"22748",22747,"51_191_114",36.6316645185086,-81.756043939194
"22749",22748,"51_191_114",36.6415678837819,-81.7459805544728
"22750",22749,"51_191_114",36.6356996972636,-81.7413025779274
"22751",22750,"51_197_96",36.7710180924634,-81.1790767765994
"22752",22751,"51_197_96",36.7775529611894,-81.1774834516193
"22753",22752,"51_197_96",36.7801645328904,-81.1714827977902
"22754",22753,"51_197_96",36.7667265490738,-81.1819401105298
"22755",22754,"51_197_96",36.7688145913144,-81.1699396657672
"22756",22755,"51_197_96",36.7824577147585,-81.1825013561761
"22757",22756,"51_197_96",36.7708117718067,-81.1783295106286
"22758",22757,"51_197_96",36.7658695353581,-81.1813156312975
"22759",22758,"51_197_96",36.7609314892543,-81.175728983444
"22760",22759,"51_197_96",36.7689818930574,-81.1760032013682
"22761",22760,"51_195_2",36.9392323451983,-82.5856453520612
"22762",22761,"51_195_2",36.937840693217,-82.5957438274944
"22763",22762,"51_195_2",36.9364821447303,-82.5921425706295
"22764",22763,"51_195_2",36.9329113953894,-82.5906371993221
"22765",22764,"51_195_2",36.9496013395376,-82.5927362486766
"22766",22765,"51_195_2",36.933997837822,-82.596415422085
"22767",22766,"51_195_2",36.9327764578941,-82.5913857193761
"22768",22767,"51_195_2",36.9394269277646,-82.6059733112619
"22769",22768,"51_195_2",36.937087259814,-82.6027711885152
"22770",22769,"51_195_2",36.9242978273245,-82.5851604574295
"22771",22770,"51_105_74",36.8487566482669,-82.8476656875625
"22772",22771,"51_105_74",36.8622771624419,-82.8511465376466
"22773",22772,"51_105_74",36.8703138528439,-82.863697326288
"22774",22773,"51_105_74",36.8594250281985,-82.856192587792
"22775",22774,"51_105_74",36.8626892084463,-82.8410607050741
"22776",22775,"51_105_74",36.8524002420551,-82.86164571268
"22777",22776,"51_105_74",36.868238934502,-82.8427264777521
"22778",22777,"51_105_74",36.8527082585172,-82.8649727443111
"22779",22778,"51_105_74",36.8541280886655,-82.8533615219675
"22780",22779,"51_105_74",36.8711559634168,-82.8500143593835
"22781",22780,"51_17_86",37.8750657885261,-79.6694651700785
"22782",22781,"51_17_86",37.8723920688119,-79.675179284861
"22783",22782,"51_17_86",37.8702606677473,-79.6663560747361
"22784",22783,"51_17_86",37.8666687075286,-79.6758893866991
"22785",22784,"51_17_86",37.8784581508249,-79.6556084988387
"22786",22785,"51_17_86",37.8752809159891,-79.6691192223637
"22787",22786,"51_17_86",37.8781188299162,-79.6758605805299
"22788",22787,"51_17_86",37.8650364183198,-79.6685612277081
"22789",22788,"51_17_86",37.8778067217506,-79.6728669850074
"22790",22789,"51_17_86",37.8731692104959,-79.6827415059018
"22791",22790,"51_91_60",38.3854461695158,-79.3390674181417
"22792",22791,"51_91_60",38.3943635530216,-79.346890976378
"22793",22792,"51_91_60",38.3908327208942,-79.3307244862619
"22794",22793,"51_91_60",38.3871383727827,-79.3641903394172
"22795",22794,"51_91_60",38.3783499769902,-79.3565135215824
"22796",22795,"51_91_60",38.382359556314,-79.3425422088808
"22797",22796,"51_91_60",38.3912652388042,-79.3598076470783
"22798",22797,"51_91_60",38.3862778334017,-79.3428902722897
"22799",22798,"51_91_60",38.3982367997765,-79.3392031329795
"22800",22799,"51_91_60",38.3894001157108,-79.3574087898421
"22801",22800,"51_105_37",36.7723022342668,-82.8302248439129
"22802",22801,"51_105_37",36.7796032268845,-82.8344588371453
"22803",22802,"51_105_37",36.7782218304756,-82.8498392109734
"22804",22803,"51_105_37",36.7594046277645,-82.8476530018787
"22805",22804,"51_105_37",36.7791354914222,-82.8452245930258
"22806",22805,"51_105_37",36.7678358489163,-82.8393576416655
"22807",22806,"51_105_37",36.7704878372743,-82.8575910159645
"22808",22807,"51_105_37",36.7696022927968,-82.8471331321133
"22809",22808,"51_105_37",36.7701031734136,-82.8282783181655
"22810",22809,"51_105_37",36.7683693209769,-82.8444372563371
"22811",22810,"51_15_158",38.1469142487675,-79.306786771534
"22812",22811,"51_15_158",38.1516972820122,-79.299446145468
"22813",22812,"51_15_158",38.1408420430755,-79.3089874009254
"22814",22813,"51_15_158",38.1467564800356,-79.3096555308525
"22815",22814,"51_15_158",38.1430336189943,-79.3066861656681
"22816",22815,"51_15_158",38.1540076203532,-79.2983565277445
"22817",22816,"51_15_158",38.1492481108098,-79.2944503704774
"22818",22817,"51_15_158",38.1366216653752,-79.3002051859896
"22819",22818,"51_15_158",38.1452581932433,-79.3029619856569
"22820",22819,"51_15_158",38.147324279372,-79.3018602170636
"22821",22820,"51_21_34",37.0508441013628,-81.1065897563548
"22822",22821,"51_21_34",37.038787264929,-81.1280690599137
"22823",22822,"51_21_34",37.0419044794879,-81.1160899264969
"22824",22823,"51_21_34",37.0438295067823,-81.1175911555144
"22825",22824,"51_21_34",37.0419346218494,-81.1177031498062
"22826",22825,"51_21_34",37.0437254732866,-81.1114585863247
"22827",22826,"51_21_34",37.0375025533249,-81.1257901178502
"22828",22827,"51_21_34",37.0441147527327,-81.1225415952254
"22829",22828,"51_21_34",37.0330829790531,-81.1130392184773
"22830",22829,"51_21_34",37.033552015886,-81.110739259397
"22831",22830,"51_191_109",36.6339434759174,-81.6592375198731
"22832",22831,"51_191_109",36.64351599956,-81.6615269691271
"22833",22832,"51_191_109",36.6363961202552,-81.6605551573775
"22834",22833,"51_191_109",36.6394402965569,-81.6583499510165
"22835",22834,"51_191_109",36.6361389500359,-81.6613561238728
"22836",22835,"51_191_109",36.638635093126,-81.6665634454384
"22837",22836,"51_191_109",36.6347084088672,-81.6689276322558
"22838",22837,"51_191_109",36.6404257944915,-81.6493467677127
"22839",22838,"51_191_109",36.6486193206859,-81.6581731100101
"22840",22839,"51_191_109",36.6399007951073,-81.6635307068964
"22841",22840,"51_69_67",39.0544854231146,-78.5241541158722
"22842",22841,"51_69_67",39.0486602574052,-78.5344537368126
"22843",22842,"51_69_67",39.0549688225441,-78.521253583096
"22844",22843,"51_69_67",39.0518486898829,-78.517206071632
"22845",22844,"51_69_67",39.058800307704,-78.51511545077
"22846",22845,"51_69_67",39.0570458997755,-78.512397197613
"22847",22846,"51_69_67",39.0510012831492,-78.5285117921161
"22848",22847,"51_69_67",39.0542461504824,-78.5206809545202
"22849",22848,"51_69_67",39.0578507560736,-78.5104527852292
"22850",22849,"51_69_67",39.0598211779244,-78.5120826069086
"22851",22850,"51_15_177",37.9666247542811,-79.06061984341
"22852",22851,"51_15_177",37.9567705614441,-79.0748164873936
"22853",22852,"51_15_177",37.9572003492026,-79.0687371599794
"22854",22853,"51_15_177",37.96350440288,-79.0642930756406
"22855",22854,"51_15_177",37.9632061656339,-79.0631113575667
"22856",22855,"51_15_177",37.9609537866042,-79.0553242940272
"22857",22856,"51_15_177",37.9625705794207,-79.0634573150446
"22858",22857,"51_15_177",37.9730717814741,-79.0717488939949
"22859",22858,"51_15_177",37.9620421702595,-79.0582058323257
"22860",22859,"51_15_177",37.9651960149354,-79.080365613794
"22861",22860,"51_9_92",37.7812413764743,-79.1494719399345
"22862",22861,"51_9_92",37.7952995935898,-79.1420261944948
"22863",22862,"51_9_92",37.7882728178288,-79.1507480427972
"22864",22863,"51_9_92",37.7850717199629,-79.1553545292361
"22865",22864,"51_9_92",37.7939226139721,-79.1482758477089
"22866",22865,"51_9_92",37.7943488927097,-79.1438519723848
"22867",22866,"51_9_92",37.7870392133816,-79.1560900840906
"22868",22867,"51_9_92",37.7939460097425,-79.1469112213199
"22869",22868,"51_9_92",37.7946745775971,-79.1512662948332
"22870",22869,"51_9_92",37.7954697431097,-79.132151272761
"22871",22870,"51_9_94",37.7355940780637,-79.1928276969001
"22872",22871,"51_9_94",37.7340535795557,-79.184816844469
"22873",22872,"51_9_94",37.7385189904535,-79.1834229670723
"22874",22873,"51_9_94",37.7433459968808,-79.1821784418396
"22875",22874,"51_9_94",37.7312595127683,-79.1844547014503
"22876",22875,"51_9_94",37.7336829361596,-79.1862338448902
"22877",22876,"51_9_94",37.7358178819583,-79.1836475706392
"22878",22877,"51_9_94",37.7321876650498,-79.1819601778617
"22879",22878,"51_9_94",37.7338384064762,-79.186192330459
"22880",22879,"51_9_94",37.7389649242072,-79.1699620766894
"22881",22880,"51_15_213",38.2780098035315,-79.3892778010288
"22882",22881,"51_15_213",38.2734445977662,-79.408070323224
"22883",22882,"51_15_213",38.2780600095644,-79.402378121884
"22884",22883,"51_15_213",38.2791285303264,-79.3984289948927
"22885",22884,"51_15_213",38.2664714302403,-79.3918830317838
"22886",22885,"51_15_213",38.2814396603948,-79.3972086029318
"22887",22886,"51_15_213",38.2713608915048,-79.3926055653101
"22888",22887,"51_15_213",38.2776776552627,-79.4060331062662
"22889",22888,"51_15_213",38.2790224898879,-79.386255446155
"22890",22889,"51_15_213",38.2756508722199,-79.381591560261
"22891",22890,"51_165_175",38.5789200742481,-79.0652666284573
"22892",22891,"51_165_175",38.572898489638,-79.0627077774759
"22893",22892,"51_165_175",38.5813796363738,-79.0695384364918
"22894",22893,"51_165_175",38.5739444050413,-79.0541233540548
"22895",22894,"51_165_175",38.5849691132483,-79.0532800175487
"22896",22895,"51_165_175",38.5745387148694,-79.0604857454729
"22897",22896,"51_165_175",38.5815255268688,-79.075744446803
"22898",22897,"51_165_175",38.5798254315115,-79.0646783845191
"22899",22898,"51_165_175",38.5795625314762,-79.064512945995
"22900",22899,"51_165_175",38.5816330248007,-79.0825737595725
"22901",22900,"51_15_171",38.3540647252715,-79.2072551416628
"22902",22901,"51_15_171",38.3532704678909,-79.2104551228541
"22903",22902,"51_15_171",38.3517847463662,-79.197594235388
"22904",22903,"51_15_171",38.346532496052,-79.1938678622254
"22905",22904,"51_15_171",38.3478656518384,-79.208787147027
"22906",22905,"51_15_171",38.3442069590198,-79.2179206301944
"22907",22906,"51_15_171",38.3529854240593,-79.2043980651227
"22908",22907,"51_15_171",38.3456158915831,-79.2170771888553
"22909",22908,"51_15_171",38.3513925374063,-79.2046904602827
"22910",22909,"51_15_171",38.3463448109184,-79.2106958938088
"22911",22910,"51_163_123",37.650970638863,-79.3846875350477
"22912",22911,"51_163_123",37.6526342583632,-79.3833764272521
"22913",22912,"51_163_123",37.6471686909221,-79.3853300321914
"22914",22913,"51_163_123",37.6556621952205,-79.3765255770798
"22915",22914,"51_163_123",37.6536318545027,-79.3827793697506
"22916",22915,"51_163_123",37.6434787655312,-79.3935792501578
"22917",22916,"51_163_123",37.655278318197,-79.3960345864569
"22918",22917,"51_163_123",37.655172585795,-79.3689779065775
"22919",22918,"51_163_123",37.6452013842575,-79.3971145059019
"22920",22919,"51_163_123",37.6512907439741,-79.3862401307592
"22921",22920,"51_91_74",38.3616248939436,-79.3351531805062
"22922",22921,"51_91_74",38.3602327406252,-79.3362418715075
"22923",22922,"51_91_74",38.3619901587783,-79.3406415112348
"22924",22923,"51_91_74",38.3526891923854,-79.3371980574392
"22925",22924,"51_91_74",38.3757505567235,-79.3407908438076
"22926",22925,"51_91_74",38.3669318788275,-79.3366809323137
"22927",22926,"51_91_74",38.3511268361828,-79.3340904924469
"22928",22927,"51_91_74",38.3564939447361,-79.3249164004415
"22929",22928,"51_91_74",38.3703124086194,-79.3367411180479
"22930",22929,"51_91_74",38.3639650268916,-79.3506886525768
"22931",22930,"51_15_205",38.2149427934287,-79.2490911227864
"22932",22931,"51_15_205",38.2109547555224,-79.2626564071546
"22933",22932,"51_15_205",38.2103065073139,-79.2610554675728
"22934",22933,"51_15_205",38.2165190521146,-79.2600655243162
"22935",22934,"51_15_205",38.2058517999769,-79.2528229486342
"22936",22935,"51_15_205",38.2104020630296,-79.2529725372959
"22937",22936,"51_15_205",38.2036825560849,-79.263626188786
"22938",22937,"51_15_205",38.2005454480953,-79.2602516461309
"22939",22938,"51_15_205",38.212622293584,-79.2608260825794
"22940",22939,"51_15_205",38.2030313402776,-79.2539670438227
"22941",22940,"51_23_101",37.6132652467539,-79.8813638358415
"22942",22941,"51_23_101",37.6046893879001,-79.8903873042235
"22943",22942,"51_23_101",37.6018292798825,-79.8858782202156
"22944",22943,"51_23_101",37.6105205667568,-79.896143182342
"22945",22944,"51_23_101",37.6093593146983,-79.8918969970769
"22946",22945,"51_23_101",37.5965687148969,-79.8898572132141
"22947",22946,"51_23_101",37.6057759672705,-79.9075836596326
"22948",22947,"51_23_101",37.6103482324938,-79.8852688815749
"22949",22948,"51_23_101",37.6003233260758,-79.8886176151075
"22950",22949,"51_23_101",37.5972289795375,-79.8836445399181
"22951",22950,"51_91_83",38.5111855394503,-79.6118722960064
"22952",22951,"51_91_83",38.5251625727675,-79.6126605154673
"22953",22952,"51_91_83",38.5273737505097,-79.6131022734141
"22954",22953,"51_91_83",38.5283184938104,-79.6058421850511
"22955",22954,"51_91_83",38.5155349379197,-79.614715110973
"22956",22955,"51_91_83",38.518764125851,-79.5975843129932
"22957",22956,"51_91_83",38.5277198914646,-79.625263758075
"22958",22957,"51_91_83",38.5233183567393,-79.6128787512379
"22959",22958,"51_91_83",38.5187664533166,-79.6072766605498
"22960",22959,"51_91_83",38.5260266367241,-79.6190594075858
"22961",22960,"51_15_156",38.2800349342996,-79.284883873195
"22962",22961,"51_15_156",38.2807811877183,-79.2764663644461
"22963",22962,"51_15_156",38.2753470327183,-79.2736416496061
"22964",22963,"51_15_156",38.2776038414876,-79.2737326877875
"22965",22964,"51_15_156",38.2801646951666,-79.2847673231582
"22966",22965,"51_15_156",38.2665063843896,-79.2852481742304
"22967",22966,"51_15_156",38.275914961836,-79.2622395452705
"22968",22967,"51_15_156",38.2787745203965,-79.2777195987671
"22969",22968,"51_15_156",38.2782891492499,-79.2772664741762
"22970",22969,"51_15_156",38.2790771429911,-79.2764450055725
"22971",22970,"51_23_85",37.74477072672,-79.7001601409815
"22972",22971,"51_23_85",37.7510248791964,-79.687329557673
"22973",22972,"51_23_85",37.7579047109317,-79.7033205708207
"22974",22973,"51_23_85",37.7541712873128,-79.6988155243096
"22975",22974,"51_23_85",37.7654451814769,-79.6960900195992
"22976",22975,"51_23_85",37.7567918237418,-79.7013473111994
"22977",22976,"51_23_85",37.7563633802685,-79.6950928242058
"22978",22977,"51_23_85",37.7480802806331,-79.7056042558852
"22979",22978,"51_23_85",37.7582347839318,-79.7135753295724
"22980",22979,"51_23_85",37.752546642436,-79.701194821845
"22981",22980,"51_5_18",37.8096547594239,-79.6653516412213
"22982",22981,"51_5_18",37.8102590876199,-79.6534012589177
"22983",22982,"51_5_18",37.7991470195606,-79.6567286524914
"22984",22983,"51_5_18",37.8070727370584,-79.665498301221
"22985",22984,"51_5_18",37.8053929038778,-79.6736476992354
"22986",22985,"51_5_18",37.8079195075774,-79.6599858702123
"22987",22986,"51_5_18",37.8024968719236,-79.6608219497456
"22988",22987,"51_5_18",37.8093744720268,-79.6803688804791
"22989",22988,"51_5_18",37.8090809641168,-79.6539915490976
"22990",22989,"51_5_18",37.8220193766962,-79.6610493687196
"22991",22990,"51_163_109",37.8948851602254,-79.6168812822013
"22992",22991,"51_163_109",37.8967573771931,-79.6293918457929
"22993",22992,"51_163_109",37.9092460305965,-79.6066268998664
"22994",22993,"51_163_109",37.9009917396844,-79.6120206411082
"22995",22994,"51_163_109",37.9002800028857,-79.6359411383573
"22996",22995,"51_163_109",37.8884728740088,-79.6096492739279
"22997",22996,"51_163_109",37.888628019304,-79.6181702989869
"22998",22997,"51_163_109",37.8850498060945,-79.6187065929909
"22999",22998,"51_163_109",37.8963992033239,-79.621245901877
"23000",22999,"51_163_109",37.9000251179088,-79.618277252696
"23001",23000,"51_71_66",37.3940075848682,-80.5253824021677
"23002",23001,"51_71_66",37.4008109897261,-80.524079249357
"23003",23002,"51_71_66",37.392036431306,-80.5138941383718
"23004",23003,"51_71_66",37.405772907943,-80.5142673901524
"23005",23004,"51_71_66",37.3940195750065,-80.5233012360416
"23006",23005,"51_71_66",37.4006031363571,-80.5141745256444
"23007",23006,"51_71_66",37.401784526036,-80.5225122300638
"23008",23007,"51_71_66",37.3940305162585,-80.5237905534367
"23009",23008,"51_71_66",37.3879058317664,-80.5240296343355
"23010",23009,"51_71_66",37.3928697577302,-80.5304742903201
"23011",23010,"51_71_42",37.4286663579713,-80.6308782829186
"23012",23011,"51_71_42",37.4165580649609,-80.6322676964838
"23013",23012,"51_71_42",37.4050137651571,-80.6195304690808
"23014",23013,"51_71_42",37.4130436470629,-80.640331179259
"23015",23014,"51_71_42",37.4185238717903,-80.6171064478757
"23016",23015,"51_71_42",37.4303149951187,-80.6285731145035
"23017",23016,"51_71_42",37.4139917500625,-80.6326238602353
"23018",23017,"51_71_42",37.4165881970584,-80.6318691515139
"23019",23018,"51_71_42",37.4209198968388,-80.6373858369157
"23020",23019,"51_71_42",37.4075866562761,-80.6385667362147
"23021",23020,"51_121_75",37.3068061470656,-80.3890929490628
"23022",23021,"51_121_75",37.308123476949,-80.392679866896
"23023",23022,"51_121_75",37.3047635546382,-80.4005021175842
"23024",23023,"51_121_75",37.2982454527082,-80.4023248493868
"23025",23024,"51_121_75",37.3106252000194,-80.38679726314
"23026",23025,"51_121_75",37.2979839770401,-80.4031916732233
"23027",23026,"51_121_75",37.3118419357419,-80.3912862527552
"23028",23027,"51_121_75",37.2993412389469,-80.4068212381859
"23029",23028,"51_121_75",37.3000260338125,-80.4076795996993
"23030",23029,"51_121_75",37.3074949285678,-80.376650022377
"23031",23030,"51_165_17",38.5304897522646,-79.0834433814726
"23032",23031,"51_165_17",38.5207035035634,-79.0886296070877
"23033",23032,"51_165_17",38.5209948162522,-79.0869696057351
"23034",23033,"51_165_17",38.5210173663974,-79.0800911192642
"23035",23034,"51_165_17",38.5131740949575,-79.0867459072461
"23036",23035,"51_165_17",38.5216129654634,-79.0986531017527
"23037",23036,"51_165_17",38.5192489800884,-79.0924433431755
"23038",23037,"51_165_17",38.5245474851229,-79.0903191529344
"23039",23038,"51_165_17",38.5179091558451,-79.0743034248737
"23040",23039,"51_165_17",38.521945860773,-79.0892389982275
"23041",23040,"51_197_79",37.0145288912162,-81.0136000283036
"23042",23041,"51_197_79",37.0145954337046,-80.9978892279378
"23043",23042,"51_197_79",37.0104109026644,-81.010587580035
"23044",23043,"51_197_79",37.0109885179538,-81.0219213801038
"23045",23044,"51_197_79",37.0140176390177,-81.010800516967
"23046",23045,"51_197_79",37.018027112101,-81.0079873878268
"23047",23046,"51_197_79",37.0175883039652,-81.0164035184142
"23048",23047,"51_197_79",37.0065533386734,-81.0017135049178
"23049",23048,"51_197_79",37.0133752768876,-80.9958744546167
"23050",23049,"51_197_79",37.0112698412569,-81.0139357615526
"23051",23050,"51_45_11",37.4951659614365,-80.0253223738557
"23052",23051,"51_45_11",37.4863221377184,-80.025634322127
"23053",23052,"51_45_11",37.4925307495487,-80.0195961200265
"23054",23053,"51_45_11",37.488930985438,-80.0339099860469
"23055",23054,"51_45_11",37.506082815574,-80.0084143352764
"23056",23055,"51_45_11",37.4988287054531,-80.021447735814
"23057",23056,"51_45_11",37.4963817665786,-80.0200051716062
"23058",23057,"51_45_11",37.5013012695532,-80.026172586166
"23059",23058,"51_45_11",37.4960719303153,-80.0122888039443
"23060",23059,"51_45_11",37.4969143440187,-80.0371285418386
"23061",23060,"51_45_52",37.3860591445862,-80.1809558894049
"23062",23061,"51_45_52",37.3758834021465,-80.1858275883798
"23063",23062,"51_45_52",37.3872913651191,-80.1944976131918
"23064",23063,"51_45_52",37.3864900075051,-80.1956474698025
"23065",23064,"51_45_52",37.3896132707518,-80.1903077725459
"23066",23065,"51_45_52",37.3954560062833,-80.1912988447015
"23067",23066,"51_45_52",37.3839637409521,-80.1913371894394
"23068",23067,"51_45_52",37.3709328783963,-80.19178499704
"23069",23068,"51_45_52",37.3945503318464,-80.181962825003
"23070",23069,"51_45_52",37.3966674517699,-80.2035487508791
"23071",23070,"51_187_50",38.8342371337541,-78.3575348776871
"23072",23071,"51_187_50",38.8313101800821,-78.3616536918208
"23073",23072,"51_187_50",38.8241105294776,-78.3725359299085
"23074",23073,"51_187_50",38.8270934778112,-78.3750131592019
"23075",23074,"51_187_50",38.8295067427625,-78.3567422269186
"23076",23075,"51_187_50",38.8400676851878,-78.3680878469063
"23077",23076,"51_187_50",38.8327941163042,-78.3703380258263
"23078",23077,"51_187_50",38.8266590356225,-78.376673509198
"23079",23078,"51_187_50",38.8291194141821,-78.3668112238563
"23080",23079,"51_187_50",38.8251456598982,-78.3732811624345
"23081",23080,"51_171_100",38.9417395485093,-78.6716994163967
"23082",23081,"51_171_100",38.9349669318481,-78.6788373746604
"23083",23082,"51_171_100",38.9294069743974,-78.6678833160713
"23084",23083,"51_171_100",38.9189538896964,-78.6701269765976
"23085",23084,"51_171_100",38.9400437797989,-78.6780441059091
"23086",23085,"51_171_100",38.9258342027026,-78.6705976041726
"23087",23086,"51_171_100",38.9224661042436,-78.659995432082
"23088",23087,"51_171_100",38.9331276984419,-78.6737994495539
"23089",23088,"51_171_100",38.9347026160402,-78.6561144681504
"23090",23089,"51_171_100",38.9235966119901,-78.6809445659406
"23091",23090,"51_165_159",38.7103574955187,-78.9488137242328
"23092",23091,"51_165_159",38.725027548588,-78.9454517713545
"23093",23092,"51_165_159",38.7123714761477,-78.9524055224245
"23094",23093,"51_165_159",38.7102576484132,-78.9549837515436
"23095",23094,"51_165_159",38.723132744924,-78.9477392572434
"23096",23095,"51_165_159",38.7143180192575,-78.9408487523146
"23097",23096,"51_165_159",38.7111060704005,-78.9509055861519
"23098",23097,"51_165_159",38.7104788197379,-78.9440828074813
"23099",23098,"51_165_159",38.7156309340746,-78.9261440254674
"23100",23099,"51_165_159",38.7101823202147,-78.9381478052896
"23101",23100,"51_165_165",38.6371207872363,-78.9930912313018
"23102",23101,"51_165_165",38.6330805344079,-78.9848578318213
"23103",23102,"51_165_165",38.6228533864536,-78.9920308935926
"23104",23103,"51_165_165",38.6336867177286,-78.9864744456036
"23105",23104,"51_165_165",38.6306824119773,-78.9956463961581
"23106",23105,"51_165_165",38.6266863306955,-78.9847031995704
"23107",23106,"51_165_165",38.635844580646,-78.9853410395034
"23108",23107,"51_165_165",38.6408155015299,-78.9986024423717
"23109",23108,"51_165_165",38.6329608946537,-78.9960778608084
"23110",23109,"51_165_165",38.6403261624952,-79.0022002077388
"23111",23110,"51_5_82",37.8182104791539,-79.8705485382999
"23112",23111,"51_5_82",37.8196308395756,-79.8786627639552
"23113",23112,"51_5_82",37.8230687070518,-79.886415630844
"23114",23113,"51_5_82",37.8198105631294,-79.8939927474482
"23115",23114,"51_5_82",37.8191903569911,-79.8809547766717
"23116",23115,"51_5_82",37.8179145177282,-79.8879954521202
"23117",23116,"51_5_82",37.8255191443154,-79.8973435190373
"23118",23117,"51_5_82",37.8183634551109,-79.8808159060101
"23119",23118,"51_5_82",37.8348447534687,-79.8863711657417
"23120",23119,"51_5_82",37.8138377858937,-79.8832139141559
"23121",23120,"51_45_89",37.4303043053252,-80.3228997554256
"23122",23121,"51_45_89",37.4231520746163,-80.3171869924814
"23123",23122,"51_45_89",37.4230941754798,-80.3332153302091
"23124",23123,"51_45_89",37.443127141313,-80.3310770443473
"23125",23124,"51_45_89",37.4292463161691,-80.3238589319162
"23126",23125,"51_45_89",37.4289086733529,-80.3236905483897
"23127",23126,"51_45_89",37.4414538632785,-80.3269475132993
"23128",23127,"51_45_89",37.4311769602972,-80.3076492160566
"23129",23128,"51_45_89",37.4360951771123,-80.336748917252
"23130",23129,"51_45_89",37.4179359332398,-80.3170586276332
"23131",23130,"51_17_108",38.1096835237418,-79.5784152776899
"23132",23131,"51_17_108",38.1278682921303,-79.5789866158302
"23133",23132,"51_17_108",38.1345086303856,-79.5753579221155
"23134",23133,"51_17_108",38.1184179771502,-79.5727722083669
"23135",23134,"51_17_108",38.1295427784962,-79.5720288671805
"23136",23135,"51_17_108",38.1306702262504,-79.5829361269506
"23137",23136,"51_17_108",38.124085776758,-79.5614258457646
"23138",23137,"51_17_108",38.1119374830575,-79.5739177414355
"23139",23138,"51_17_108",38.1189324122207,-79.5714126681566
"23140",23139,"51_17_108",38.1189070760537,-79.5875819272639
"23141",23140,"51_71_76",37.3655649411982,-80.5846614577433
"23142",23141,"51_71_76",37.3752653576717,-80.568249456247
"23143",23142,"51_71_76",37.3753710248519,-80.5788854367776
"23144",23143,"51_71_76",37.3762081235028,-80.5747061664262
"23145",23144,"51_71_76",37.3714916096987,-80.5845441279942
"23146",23145,"51_71_76",37.3823224322136,-80.5749581393587
"23147",23146,"51_71_76",37.3865388882766,-80.5759312091666
"23148",23147,"51_71_76",37.3817681652605,-80.5712102761552
"23149",23148,"51_71_76",37.3624712257754,-80.5722813284968
"23150",23149,"51_71_76",37.3880489890385,-80.5824268857085
"23151",23150,"51_21_68",37.1683831912288,-81.1704867728268
"23152",23151,"51_21_68",37.16612923331,-81.1673261060105
"23153",23152,"51_21_68",37.1627425443322,-81.1720100383414
"23154",23153,"51_21_68",37.1666894171209,-81.1724771275341
"23155",23154,"51_21_68",37.1769531304944,-81.1572907632625
"23156",23155,"51_21_68",37.1641335982779,-81.1568285470049
"23157",23156,"51_21_68",37.1646195692488,-81.1682064820316
"23158",23157,"51_21_68",37.1666602076921,-81.1721271111155
"23159",23158,"51_21_68",37.1768305622276,-81.1731277350927
"23160",23159,"51_21_68",37.1641569261447,-81.1597330909456
"23161",23160,"51_169_102",36.8070907980007,-82.7613828431707
"23162",23161,"51_169_102",36.8090612593715,-82.7733925024741
"23163",23162,"51_169_102",36.8101308091624,-82.7547557585682
"23164",23163,"51_169_102",36.8125475814801,-82.7693661645061
"23165",23164,"51_169_102",36.8084856751765,-82.7483828051652
"23166",23165,"51_169_102",36.8132509972395,-82.7628619934993
"23167",23166,"51_169_102",36.8010613463768,-82.761011122756
"23168",23167,"51_169_102",36.8017335678137,-82.7623323921416
"23169",23168,"51_169_102",36.8079577276871,-82.7636162565866
"23170",23169,"51_169_102",36.7997109511531,-82.7485324916823
"23171",23170,"51_5_108",37.7731076841305,-80.0906915348043
"23172",23171,"51_5_108",37.7669460457134,-80.0919645866557
"23173",23172,"51_5_108",37.7559598228223,-80.0853785522397
"23174",23173,"51_5_108",37.7707272446464,-80.0882775713457
"23175",23174,"51_5_108",37.7698096881286,-80.0829049225756
"23176",23175,"51_5_108",37.7618218489503,-80.0812142280539
"23177",23176,"51_5_108",37.7602016092394,-80.0886446357947
"23178",23177,"51_5_108",37.7586561631362,-80.0879811175244
"23179",23178,"51_5_108",37.7621709885853,-80.087326883009
"23180",23179,"51_5_108",37.7517927112623,-80.0888268895168
"23181",23180,"51_91_71",38.4327798324281,-79.6691280486427
"23182",23181,"51_91_71",38.4531314593983,-79.6817123971206
"23183",23182,"51_91_71",38.4389789789775,-79.6864340926501
"23184",23183,"51_91_71",38.4430405826464,-79.6698429612438
"23185",23184,"51_91_71",38.4433056138977,-79.6707745401197
"23186",23185,"51_91_71",38.4413286172823,-79.6617408777451
"23187",23186,"51_91_71",38.4336114737344,-79.6693833247092
"23188",23187,"51_91_71",38.4445243785662,-79.6657415463626
"23189",23188,"51_91_71",38.4569423876271,-79.6745739530456
"23190",23189,"51_91_71",38.4391831093903,-79.6707047225205
"23191",23190,"51_17_18",37.9812712507258,-79.7595838770812
"23192",23191,"51_17_18",37.9699387413125,-79.7595429047943
"23193",23192,"51_17_18",37.9674564120911,-79.772772964134
"23194",23193,"51_17_18",37.9664269675283,-79.7579727209171
"23195",23194,"51_17_18",37.9572917451831,-79.7609870392641
"23196",23195,"51_17_18",37.9721957454611,-79.7545919037142
"23197",23196,"51_17_18",37.9686601738319,-79.7715405221335
"23198",23197,"51_17_18",37.9720960319362,-79.7673276954978
"23199",23198,"51_17_18",37.9719533923227,-79.7596602868094
"23200",23199,"51_17_18",37.9622740272759,-79.7731797687793
"23201",23200,"51_17_38",37.9529602823553,-79.7856357260466
"23202",23201,"51_17_38",37.9528196199763,-79.7815486088045
"23203",23202,"51_17_38",37.9523838596399,-79.7833957138301
"23204",23203,"51_17_38",37.9474560181123,-79.7809928973003
"23205",23204,"51_17_38",37.956129424305,-79.777251709058
"23206",23205,"51_17_38",37.9423492940956,-79.783096416073
"23207",23206,"51_17_38",37.956416974045,-79.7791513198638
"23208",23207,"51_17_38",37.9517633538284,-79.7836128273012
"23209",23208,"51_17_38",37.9513844052522,-79.7892052247696
"23210",23209,"51_17_38",37.9532337821704,-79.7879600195585
"23211",23210,"51_165_151",38.7216232614164,-79.0205900180666
"23212",23211,"51_165_151",38.7177034543228,-79.0342380291984
"23213",23212,"51_165_151",38.7225028207669,-79.0278462595375
"23214",23213,"51_165_151",38.7242805732714,-79.03618888622
"23215",23214,"51_165_151",38.7285710502557,-79.0436567113745
"23216",23215,"51_165_151",38.724893998077,-79.0268353354447
"23217",23216,"51_165_151",38.7239208397144,-79.0360659298619
"23218",23217,"51_165_151",38.7240931474633,-79.0345834708456
"23219",23218,"51_165_151",38.7246664434636,-79.0328668001111
"23220",23219,"51_165_151",38.7237293088886,-79.0332662851145
"23221",23220,"51_91_1",38.2768477077567,-79.4269901024146
"23222",23221,"51_91_1",38.2837599044323,-79.4385476349074
"23223",23222,"51_91_1",38.2778951821208,-79.4314852576329
"23224",23223,"51_91_1",38.2710086102453,-79.4293748473803
"23225",23224,"51_91_1",38.2809463775929,-79.4391084306713
"23226",23225,"51_91_1",38.2795951973727,-79.4285070700758
"23227",23226,"51_91_1",38.275983751011,-79.4414750840035
"23228",23227,"51_91_1",38.2756807930595,-79.4340633954136
"23229",23228,"51_91_1",38.2773849081623,-79.4335918324968
"23230",23229,"51_91_1",38.2817750603127,-79.4425153181728
"23231",23230,"51_91_30",38.2099330277019,-79.4793170236703
"23232",23231,"51_91_30",38.2187236373096,-79.503169109912
"23233",23232,"51_91_30",38.215863919986,-79.4954489668337
"23234",23233,"51_91_30",38.2112626727109,-79.4900662746817
"23235",23234,"51_91_30",38.2145973543555,-79.481680980992
"23236",23235,"51_91_30",38.2148350922609,-79.4918026240741
"23237",23236,"51_91_30",38.2191512274369,-79.4937020443675
"23238",23237,"51_91_30",38.2092326030603,-79.4884697467458
"23239",23238,"51_91_30",38.2221796763579,-79.4896254807664
"23240",23239,"51_91_30",38.2129295726407,-79.4883051526507
"23241",23240,"51_165_42",38.5755624379386,-79.1388210805649
"23242",23241,"51_165_42",38.5805999886856,-79.1375695338954
"23243",23242,"51_165_42",38.5734318492609,-79.1359274312058
"23244",23243,"51_165_42",38.5697510430223,-79.1364538207687
"23245",23244,"51_165_42",38.5836531978608,-79.1359965339689
"23246",23245,"51_165_42",38.5859625718036,-79.1262967602024
"23247",23246,"51_165_42",38.5876097482134,-79.1311571380405
"23248",23247,"51_165_42",38.589888555361,-79.1336669596807
"23249",23248,"51_165_42",38.5689336052412,-79.1370396030515
"23250",23249,"51_165_42",38.5815308066201,-79.139374452612
"23251",23250,"51_17_143",37.9237980767512,-79.8001386656017
"23252",23251,"51_17_143",37.9136529542328,-79.8023014706858
"23253",23252,"51_17_143",37.9319640954794,-79.8058198274681
"23254",23253,"51_17_143",37.9152188240535,-79.7941059436184
"23255",23254,"51_17_143",37.9301467465443,-79.7962281262424
"23256",23255,"51_17_143",37.9323286376053,-79.7970039298637
"23257",23256,"51_17_143",37.9345967332959,-79.814296612189
"23258",23257,"51_17_143",37.9173132385107,-79.8059451508478
"23259",23258,"51_17_143",37.9255037913807,-79.8031064685434
"23260",23259,"51_17_143",37.925126608682,-79.7904529256245
"23261",23260,"51_5_112",37.7046402500831,-80.2175387825357
"23262",23261,"51_5_112",37.7031696264117,-80.2207911556367
"23263",23262,"51_5_112",37.7050848399971,-80.2208092525516
"23264",23263,"51_5_112",37.7037955568042,-80.2258666355077
"23265",23264,"51_5_112",37.6963788826496,-80.2302139014346
"23266",23265,"51_5_112",37.7063560019227,-80.2219342768588
"23267",23266,"51_5_112",37.7076095047342,-80.22341299426
"23268",23267,"51_5_112",37.7119498081405,-80.2253445075851
"23269",23268,"51_5_112",37.6902902467517,-80.2190757638005
"23270",23269,"51_5_112",37.6932680523177,-80.2241937285068
"23271",23270,"51_155_74",37.0224954341516,-80.8785986777563
"23272",23271,"51_155_74",37.0296405001693,-80.8769502951485
"23273",23272,"51_155_74",37.0318822153007,-80.8906530757206
"23274",23273,"51_155_74",37.033040271391,-80.8682199105613
"23275",23274,"51_155_74",37.0288137731221,-80.8846159612353
"23276",23275,"51_155_74",37.0338604967559,-80.8921737514323
"23277",23276,"51_155_74",37.0372855214051,-80.8812393034022
"23278",23277,"51_155_74",37.0268854571376,-80.8635374921959
"23279",23278,"51_155_74",37.0331358909934,-80.8668382183803
"23280",23279,"51_155_74",37.0265323259978,-80.8643175694323
"23281",23280,"51_21_73",37.1087543818839,-81.1614091652847
"23282",23281,"51_21_73",37.1105081117889,-81.1481996746588
"23283",23282,"51_21_73",37.1206820367162,-81.1455399113868
"23284",23283,"51_21_73",37.1097469736811,-81.1592601659873
"23285",23284,"51_21_73",37.1214597698333,-81.1598244903586
"23286",23285,"51_21_73",37.111109407286,-81.164818488387
"23287",23286,"51_21_73",37.1196621299881,-81.1544621785246
"23288",23287,"51_21_73",37.1182413136174,-81.1506173132041
"23289",23288,"51_21_73",37.1075379581796,-81.1586525081897
"23290",23289,"51_21_73",37.1243191130682,-81.1518612526296
"23291",23290,"51_191_111",36.6761089362044,-81.6815770615302
"23292",23291,"51_191_111",36.6619558434199,-81.6778043516489
"23293",23292,"51_191_111",36.6738927134152,-81.6848886309524
"23294",23293,"51_191_111",36.6735264568186,-81.6706139003215
"23295",23294,"51_191_111",36.6807056961779,-81.675424817474
"23296",23295,"51_191_111",36.6773995250512,-81.6808800313293
"23297",23296,"51_191_111",36.6793003916868,-81.6956873217041
"23298",23297,"51_191_111",36.6627581171182,-81.6887171447123
"23299",23298,"51_191_111",36.6691083111384,-81.6679005192799
"23300",23299,"51_191_111",36.672866011343,-81.6823593922262
"23301",23300,"51_17_98",38.0831140252455,-79.5657611467659
"23302",23301,"51_17_98",38.0734251941493,-79.5624973115764
"23303",23302,"51_17_98",38.0953436003945,-79.5710627759017
"23304",23303,"51_17_98",38.0857054185791,-79.568134075637
"23305",23304,"51_17_98",38.0756910879298,-79.5551442832161
"23306",23305,"51_17_98",38.0767518393761,-79.5584779107982
"23307",23306,"51_17_98",38.0891953817857,-79.5640346629276
"23308",23307,"51_17_98",38.0864505998646,-79.5784387451386
"23309",23308,"51_17_98",38.0780440536331,-79.569050933198
"23310",23309,"51_17_98",38.0956419398751,-79.576472132937
"23311",23310,"51_91_92",38.5351287747618,-79.6352861641964
"23312",23311,"51_91_92",38.5414368642202,-79.6381743302574
"23313",23312,"51_91_92",38.5414570025437,-79.6519809372773
"23314",23313,"51_91_92",38.5283165024312,-79.6325970044895
"23315",23314,"51_91_92",38.5356582535535,-79.6430610732798
"23316",23315,"51_91_92",38.5509686458409,-79.6444880860488
"23317",23316,"51_91_92",38.5464139709785,-79.6387957754857
"23318",23317,"51_91_92",38.5469271294721,-79.6406684398946
"23319",23318,"51_91_92",38.5461466439238,-79.6426278695825
"23320",23319,"51_91_92",38.539821417483,-79.6501659572706
"23321",23320,"51_171_93",38.7898032403552,-78.5107198088818
"23322",23321,"51_171_93",38.7968608229573,-78.5061932572051
"23323",23322,"51_171_93",38.8030864589562,-78.5070059572885
"23324",23323,"51_171_93",38.796301435739,-78.5195066239075
"23325",23324,"51_171_93",38.7980533086238,-78.5181027293663
"23326",23325,"51_171_93",38.7989504338083,-78.5162629423025
"23327",23326,"51_171_93",38.7970258030681,-78.5145877220651
"23328",23327,"51_171_93",38.7932522180929,-78.5284895654228
"23329",23328,"51_171_93",38.7888517710809,-78.5120441558937
"23330",23329,"51_171_93",38.8060146141391,-78.5327755996839
"23331",23330,"51_139_62",38.5818739992689,-78.6463906122814
"23332",23331,"51_139_62",38.5802281730507,-78.6392385181094
"23333",23332,"51_139_62",38.5642012486718,-78.6666271769809
"23334",23333,"51_139_62",38.5686629600527,-78.6515643434691
"23335",23334,"51_139_62",38.5818763503385,-78.6535027039291
"23336",23335,"51_139_62",38.559430602438,-78.6521275536459
"23337",23336,"51_139_62",38.5604721005785,-78.6566618494927
"23338",23337,"51_139_62",38.5795711799431,-78.6530857788768
"23339",23338,"51_139_62",38.5702505375382,-78.6476212430717
"23340",23339,"51_139_62",38.5736087405041,-78.6393231224077
"23341",23340,"51_165_155",38.4370931741955,-78.708724498842
"23342",23341,"51_165_155",38.4311828471501,-78.726428095016
"23343",23342,"51_165_155",38.4321776813977,-78.7294049939101
"23344",23343,"51_165_155",38.4354169726945,-78.7219703581324
"23345",23344,"51_165_155",38.4241764880135,-78.718916304566
"23346",23345,"51_165_155",38.433330547581,-78.7173500156643
"23347",23346,"51_165_155",38.4251600574691,-78.7231490074148
"23348",23347,"51_165_155",38.4384309782439,-78.7348673051561
"23349",23348,"51_165_155",38.4389024604425,-78.7219011509629
"23350",23349,"51_165_155",38.4361273566999,-78.7314738439451
"23351",23350,"51_163_113",37.8896215334955,-79.1553243722149
"23352",23351,"51_163_113",37.8921667719045,-79.1604002348915
"23353",23352,"51_163_113",37.9005403215558,-79.1702515577729
"23354",23353,"51_163_113",37.8898318229765,-79.1580775524068
"23355",23354,"51_163_113",37.8828754831644,-79.1683140439423
"23356",23355,"51_163_113",37.9004114048299,-79.1698473847442
"23357",23356,"51_163_113",37.8995724192795,-79.1601563779171
"23358",23357,"51_163_113",37.8856743570527,-79.1610816878468
"23359",23358,"51_163_113",37.8917643134012,-79.1559728765249
"23360",23359,"51_163_113",37.8912805705801,-79.1602472889241
"23361",23360,"51_15_191",38.3524272568626,-79.2713034205185
"23362",23361,"51_15_191",38.3690417475744,-79.2606978063886
"23363",23362,"51_15_191",38.3669956112438,-79.2575696327134
"23364",23363,"51_15_191",38.3639276389091,-79.2451872104255
"23365",23364,"51_15_191",38.3628702996125,-79.2772389566785
"23366",23365,"51_15_191",38.3723705903079,-79.2570233536577
"23367",23366,"51_15_191",38.3556572575267,-79.2520971733283
"23368",23367,"51_15_191",38.3605384302319,-79.2694751134415
"23369",23368,"51_15_191",38.3583082500333,-79.2668290164313
"23370",23369,"51_15_191",38.3701105057767,-79.2705129200458
"23371",23370,"51_17_24",38.1651830194878,-79.5777312894684
"23372",23371,"51_17_24",38.1667474028972,-79.5758514564559
"23373",23372,"51_17_24",38.1768987594504,-79.5648041327912
"23374",23373,"51_17_24",38.1728468026174,-79.5765093704455
"23375",23374,"51_17_24",38.1727655378387,-79.5654368199942
"23376",23375,"51_17_24",38.1664292609076,-79.5749523815896
"23377",23376,"51_17_24",38.1671576881721,-79.5732148221015
"23378",23377,"51_17_24",38.1622238280751,-79.5834648795064
"23379",23378,"51_17_24",38.1653431009221,-79.5775023740969
"23380",23379,"51_17_24",38.1651733768934,-79.5855325827296
"23381",23380,"51_5_64",37.8272976743354,-80.1844093130119
"23382",23381,"51_5_64",37.8245975457802,-80.173420424772
"23383",23382,"51_5_64",37.8158192165944,-80.1903883717943
"23384",23383,"51_5_64",37.8175678205121,-80.1834610794009
"23385",23384,"51_5_64",37.8145551487278,-80.1749472967384
"23386",23385,"51_5_64",37.8238941502711,-80.1759485993498
"23387",23386,"51_5_64",37.8090900966039,-80.1744601920548
"23388",23387,"51_5_64",37.8226351629358,-80.1799676585408
"23389",23388,"51_5_64",37.821335559803,-80.1929898387032
"23390",23389,"51_5_64",37.8246391715979,-80.1782270702721
"23391",23390,"51_23_90",37.5252709912628,-79.52024330077
"23392",23391,"51_23_90",37.5352293945804,-79.5185832950843
"23393",23392,"51_23_90",37.5366539692723,-79.5151255964758
"23394",23393,"51_23_90",37.5473560837153,-79.5146117066235
"23395",23394,"51_23_90",37.5325468527298,-79.5334130162114
"23396",23395,"51_23_90",37.5313882138589,-79.5143118067808
"23397",23396,"51_23_90",37.5355168467844,-79.5328130867704
"23398",23397,"51_23_90",37.5360244164774,-79.5223681976888
"23399",23398,"51_23_90",37.5360495075853,-79.5165436266292
"23400",23399,"51_23_90",37.5350635551723,-79.5201397980926
"23401",23400,"51_15_188",38.4524018406415,-79.2164023429747
"23402",23401,"51_15_188",38.4542191413305,-79.2175840328735
"23403",23402,"51_15_188",38.4458507395052,-79.2197131392453
"23404",23403,"51_15_188",38.4582855238426,-79.2141653550384
"23405",23404,"51_15_188",38.4503935816088,-79.2117805862404
"23406",23405,"51_15_188",38.4579020781713,-79.2159573024299
"23407",23406,"51_15_188",38.4477904577677,-79.2204804538588
"23408",23407,"51_15_188",38.4479176221166,-79.2080369596517
"23409",23408,"51_15_188",38.4447177855906,-79.2093562261314
"23410",23409,"51_15_188",38.4507658211696,-79.2116307634624
"23411",23410,"51_91_79",38.2302293507923,-79.4876126111571
"23412",23411,"51_91_79",38.2199255353369,-79.4993198308077
"23413",23412,"51_91_79",38.2201281871497,-79.4871226910801
"23414",23413,"51_91_79",38.2229612334156,-79.485065444959
"23415",23414,"51_91_79",38.2357114149706,-79.4978215073696
"23416",23415,"51_91_79",38.239335257735,-79.4888443165874
"23417",23416,"51_91_79",38.2210160691946,-79.4923962739788
"23418",23417,"51_91_79",38.2320166539841,-79.4920901776187
"23419",23418,"51_91_79",38.2387099139376,-79.4967544835517
"23420",23419,"51_91_79",38.2273647256791,-79.4866577283019
"23421",23420,"51_17_103",37.921478002227,-79.6331353162237
"23422",23421,"51_17_103",37.9289378242109,-79.6376069313061
"23423",23422,"51_17_103",37.9132225361043,-79.6285444208612
"23424",23423,"51_17_103",37.9272996174578,-79.6339039188519
"23425",23424,"51_17_103",37.9357937618442,-79.6419940377644
"23426",23425,"51_17_103",37.9282581711654,-79.6385140788082
"23427",23426,"51_17_103",37.9107444084649,-79.6299642211162
"23428",23427,"51_17_103",37.9280935826765,-79.6260997326659
"23429",23428,"51_17_103",37.9333992844116,-79.6440164327105
"23430",23429,"51_17_103",37.9356782811463,-79.640239220638
"23431",23430,"51_17_119",38.0809677685475,-79.7318304519994
"23432",23431,"51_17_119",38.0884393327031,-79.7360561006854
"23433",23432,"51_17_119",38.0822961079737,-79.7288101234232
"23434",23433,"51_17_119",38.0791323987889,-79.7254425573022
"23435",23434,"51_17_119",38.0823593543286,-79.7313665618306
"23436",23435,"51_17_119",38.0775923976511,-79.7250752380492
"23437",23436,"51_17_119",38.0777270723954,-79.7340864029964
"23438",23437,"51_17_119",38.0741309187223,-79.7384377942335
"23439",23438,"51_17_119",38.0827784301045,-79.7292004738379
"23440",23439,"51_17_119",38.0875443836148,-79.7330047924776
"23441",23440,"51_5_110",37.6259744086305,-80.1189688254047
"23442",23441,"51_5_110",37.6260214485529,-80.1296487298599
"23443",23442,"51_5_110",37.6338429949247,-80.1126583580319
"23444",23443,"51_5_110",37.6316888130034,-80.1042152215189
"23445",23444,"51_5_110",37.6375630814278,-80.1158624099673
"23446",23445,"51_5_110",37.6324010920292,-80.1161347138057
"23447",23446,"51_5_110",37.6309828921038,-80.1181600474666
"23448",23447,"51_5_110",37.6214016042367,-80.1238908210082
"23449",23448,"51_5_110",37.6292179260856,-80.1143300899089
"23450",23449,"51_5_110",37.6209379023349,-80.125003235659
"23451",23450,"51_71_73",37.4483558445478,-80.5495306142933
"23452",23451,"51_71_73",37.4472950822714,-80.5547874750745
"23453",23452,"51_71_73",37.4569251980375,-80.5509234542357
"23454",23453,"51_71_73",37.4562584305574,-80.5426068887077
"23455",23454,"51_71_73",37.4586852883796,-80.5388100208795
"23456",23455,"51_71_73",37.4616174472532,-80.5485490251073
"23457",23456,"51_71_73",37.4603373682571,-80.5524566060434
"23458",23457,"51_71_73",37.4598934707292,-80.5428572236571
"23459",23458,"51_71_73",37.4564947942078,-80.5422031024351
"23460",23459,"51_71_73",37.4552736443933,-80.5536442445923
"23461",23460,"47_91_59",36.3196596576678,-81.8787042268541
"23462",23461,"47_91_59",36.3096348224375,-81.8801464400006
"23463",23462,"47_91_59",36.320688264276,-81.886496798502
"23464",23463,"47_91_59",36.3230335366114,-81.8984919289522
"23465",23464,"47_91_59",36.3191160983634,-81.8876560118969
"23466",23465,"47_91_59",36.3085438247831,-81.8938522890487
"23467",23466,"47_91_59",36.3228450454093,-81.8716401214453
"23468",23467,"47_91_59",36.324971826442,-81.8741289866505
"23469",23468,"47_91_59",36.3194266627193,-81.8739314081709
"23470",23469,"47_91_59",36.3326850862236,-81.8847065654257
"23471",23470,"47_91_61",36.4047068516866,-81.9967599735412
"23472",23471,"47_91_61",36.398994244624,-81.9992991338194
"23473",23472,"47_91_61",36.3988497986073,-82.0046853533992
"23474",23473,"47_91_61",36.4084225252517,-82.0005683300037
"23475",23474,"47_91_61",36.4201626147458,-81.9893157955548
"23476",23475,"47_91_61",36.4112600456451,-81.9884372388776
"23477",23476,"47_91_61",36.4160034674169,-81.9934082443561
"23478",23477,"47_91_61",36.4014172034517,-82.0133286491022
"23479",23478,"47_91_61",36.4082398509446,-82.0001638300387
"23480",23479,"47_91_61",36.4099109781404,-81.9988125586179
"23481",23480,"47_91_62",36.5597655232697,-81.6899914865
"23482",23481,"47_91_62",36.5658777565877,-81.6815502647395
"23483",23482,"47_91_62",36.5727088296459,-81.6974208555048
"23484",23483,"47_91_62",36.5731032123482,-81.6960473681554
"23485",23484,"47_91_62",36.5712007451182,-81.6986679274464
"23486",23485,"47_91_62",36.5818790692729,-81.6903135264673
"23487",23486,"47_91_62",36.5641328169498,-81.6962390720864
"23488",23487,"47_91_62",36.5747063739106,-81.7063737864692
"23489",23488,"47_91_62",36.5753523575775,-81.6994403513067
"23490",23489,"47_91_62",36.5707717317956,-81.6949928848109
"23491",23490,"47_19_66",36.4884107046931,-82.006145550305
"23492",23491,"47_19_66",36.4888075383179,-82.0039645017815
"23493",23492,"47_19_66",36.4826472795154,-81.9959128779427
"23494",23493,"47_19_66",36.4888354068454,-82.0024925000597
"23495",23494,"47_19_66",36.4866174111509,-82.0002838906835
"23496",23495,"47_19_66",36.4998026288505,-82.0057465956475
"23497",23496,"47_19_66",36.4887666384025,-82.014676144717
"23498",23497,"47_19_66",36.4911116084312,-82.0069607571734
"23499",23498,"47_19_66",36.4873482527035,-82.0120519780068
"23500",23499,"47_19_66",36.4906272423362,-82.0063713753787
"23501",23500,"47_19_68",36.234008449972,-82.1162703171969
"23502",23501,"47_19_68",36.2368911587137,-82.1118690082039
"23503",23502,"47_19_68",36.2372989731466,-82.1114072881672
"23504",23503,"47_19_68",36.2284352896095,-82.1080722974981
"23505",23504,"47_19_68",36.2368819654108,-82.1041149943106
"23506",23505,"47_19_68",36.2433875839821,-82.1140117278091
"23507",23506,"47_19_68",36.2456601161422,-82.1235649201544
"23508",23507,"47_19_68",36.2318001887397,-82.1239806140735
"23509",23508,"47_19_68",36.2425843003762,-82.1024226125723
"23510",23509,"47_19_68",36.251148732823,-82.110517741938
"23511",23510,"47_19_70",36.4233873854255,-82.1659596035187
"23512",23511,"47_19_70",36.409617858918,-82.1630728443004
"23513",23512,"47_19_70",36.4200222206223,-82.1581391889492
"23514",23513,"47_19_70",36.411423347706,-82.1593647818674
"23515",23514,"47_19_70",36.4042035582078,-82.1520722626976
"23516",23515,"47_19_70",36.4168960281846,-82.1635776627223
"23517",23516,"47_19_70",36.4110244763808,-82.1567758334612
"23518",23517,"47_19_70",36.4100973680302,-82.1760477503759
"23519",23518,"47_19_70",36.4091928482333,-82.1767228974171
"23520",23519,"47_19_70",36.4118763079572,-82.1590762188788
"23521",23520,"47_29_80",35.7342532627004,-83.2501034384131
"23522",23521,"47_29_80",35.7330257972448,-83.2394093727834
"23523",23522,"47_29_80",35.728740303143,-83.269225022693
"23524",23523,"47_29_80",35.725459836496,-83.2556753732481
"23525",23524,"47_29_80",35.7262783302005,-83.2563590499178
"23526",23525,"47_29_80",35.712395626654,-83.252846724266
"23527",23526,"47_29_80",35.727063131477,-83.2487312467136
"23528",23527,"47_29_80",35.728499236393,-83.2568924509585
"23529",23528,"47_29_80",35.7297561792034,-83.2458412467665
"23530",23529,"47_29_80",35.7148686855687,-83.2575380122804
"23531",23530,"47_59_78",36.1034354795156,-82.639162413797
"23532",23531,"47_59_78",36.1009868093554,-82.6441344438999
"23533",23532,"47_59_78",36.1019035355112,-82.6385758057581
"23534",23533,"47_59_78",36.098504021202,-82.6374143778903
"23535",23534,"47_59_78",36.1012627158031,-82.6450176531048
"23536",23535,"47_59_78",36.1069095258024,-82.6400138942352
"23537",23536,"47_59_78",36.0945873993973,-82.6359123144399
"23538",23537,"47_59_78",36.1033374133021,-82.636350962554
"23539",23538,"47_59_78",36.1011984657186,-82.6393580206389
"23540",23539,"47_59_78",36.0953815820356,-82.6469660167744
"23541",23540,"47_59_83",36.0063957830803,-82.7942788462992
"23542",23541,"47_59_83",36.0158822694717,-82.8004540010683
"23543",23542,"47_59_83",36.0052929756513,-82.8094631671879
"23544",23543,"47_59_83",36.0160882809299,-82.7940368176244
"23545",23544,"47_59_83",36.0104729424275,-82.8089226523416
"23546",23545,"47_59_83",36.0162364537332,-82.8025048774308
"23547",23546,"47_59_83",36.0137904019074,-82.8075184351367
"23548",23547,"47_59_83",36.017915754462,-82.803056712061
"23549",23548,"47_59_83",36.0162217956595,-82.8024809299533
"23550",23549,"47_59_83",36.0169271151338,-82.8038455351897
"23551",23550,"47_59_84",35.9752853670538,-82.8622017503709
"23552",23551,"47_59_84",35.973786011426,-82.870382881115
"23553",23552,"47_59_84",35.9743128490413,-82.8587393315278
"23554",23553,"47_59_84",35.9856295785226,-82.8630414890267
"23555",23554,"47_59_84",35.9844569741305,-82.8658888689413
"23556",23555,"47_59_84",35.9810019714097,-82.8683014060991
"23557",23556,"47_59_84",35.9616749895516,-82.8554904695289
"23558",23557,"47_59_84",35.9848231496886,-82.8720825434712
"23559",23558,"47_59_84",35.9842987961835,-82.8636638355297
"23560",23559,"47_59_84",35.9657500774261,-82.850099905468
"23561",23560,"47_123_134",35.4090218629517,-84.1467605865501
"23562",23561,"47_123_134",35.4017353359845,-84.1393191181701
"23563",23562,"47_123_134",35.4040382183297,-84.1625872245654
"23564",23563,"47_123_134",35.4210124235624,-84.1567949474661
"23565",23564,"47_123_134",35.4083537427195,-84.1479350910735
"23566",23565,"47_123_134",35.4104737004303,-84.1398586809702
"23567",23566,"47_123_134",35.4135061475486,-84.1494217491329
"23568",23567,"47_123_134",35.4157054815691,-84.1497660233252
"23569",23568,"47_123_134",35.4038539555104,-84.1443688496517
"23570",23569,"47_123_134",35.4105801383643,-84.1608830145888
"23571",23570,"47_171_28",36.0960829143179,-82.4177719251362
"23572",23571,"47_171_28",36.0940969910932,-82.4226389469579
"23573",23572,"47_171_28",36.1075069911796,-82.4350405909831
"23574",23573,"47_171_28",36.1059512918096,-82.4152162277141
"23575",23574,"47_171_28",36.0933889217848,-82.4213867637818
"23576",23575,"47_171_28",36.0979210752339,-82.4214197407776
"23577",23576,"47_171_28",36.0988843652499,-82.4336614323525
"23578",23577,"47_171_28",36.1029566620166,-82.4324317020879
"23579",23578,"47_171_28",36.0938277414451,-82.4340842098691
"23580",23579,"47_171_28",36.0992706825412,-82.4294592591546
"23581",23580,"47_171_30",36.1587791702258,-82.2201827186054
"23582",23581,"47_171_30",36.1569648467064,-82.2210456375018
"23583",23582,"47_171_30",36.1638479279922,-82.2377284225276
"23584",23583,"47_171_30",36.1722291722347,-82.2374645960114
"23585",23584,"47_171_30",36.1638173461932,-82.2326401344903
"23586",23585,"47_171_30",36.1636994027459,-82.2288135703304
"23587",23586,"47_171_30",36.1591296403083,-82.2402611248434
"23588",23587,"47_171_30",36.1620578605093,-82.2456567961881
"23589",23588,"47_171_30",36.1702689370781,-82.2277759777617
"23590",23589,"47_171_30",36.1579275800732,-82.2301423715884
"23591",23590,"47_139_30",35.121453833641,-84.4566669078288
"23592",23591,"47_139_30",35.1289044637746,-84.4693259408208
"23593",23592,"47_139_30",35.1307610970308,-84.4740859664691
"23594",23593,"47_139_30",35.1249290358366,-84.4704940346623
"23595",23594,"47_139_30",35.1391295240171,-84.4627115174159
"23596",23595,"47_139_30",35.1252026642777,-84.4637527640125
"23597",23596,"47_139_30",35.1231019543857,-84.4585197874094
"23598",23597,"47_139_30",35.1222452825416,-84.4524203747555
"23599",23598,"47_139_30",35.1371012937002,-84.4637689897778
"23600",23599,"47_139_30",35.1152097271151,-84.4723791071798
"23601",23600,"47_139_34",35.0920764638808,-84.4808242218792
"23602",23601,"47_139_34",35.086424569219,-84.5027954090719
"23603",23602,"47_139_34",35.0941507081496,-84.4998512536038
"23604",23603,"47_139_34",35.08976983581,-84.494971636581
"23605",23604,"47_139_34",35.0967408658596,-84.5090218818328
"23606",23605,"47_139_34",35.0906293542787,-84.4960547682804
"23607",23606,"47_139_34",35.089830334599,-84.5041527816775
"23608",23607,"47_139_34",35.0901423969741,-84.5015121425705
"23609",23608,"47_139_34",35.0875468194407,-84.4969769653066
"23610",23609,"47_139_34",35.0931389878308,-84.4951089077379
"23611",23610,"47_139_36",35.0534900053182,-84.492663691527
"23612",23611,"47_139_36",35.0367077880528,-84.491392944449
"23613",23612,"47_139_36",35.0480508956541,-84.4848680367568
"23614",23613,"47_139_36",35.031191640427,-84.4746403166153
"23615",23614,"47_139_36",35.0317835739217,-84.4752875292756
"23616",23615,"47_139_36",35.0382287170028,-84.4981076989728
"23617",23616,"47_139_36",35.0398815646835,-84.4863364717236
"23618",23617,"47_139_36",35.0425588317787,-84.4855673597247
"23619",23618,"47_139_36",35.0268552664117,-84.4807546565412
"23620",23619,"47_139_36",35.047361949832,-84.5006364164005
"23621",23620,"47_123_21",35.3991317890952,-84.063024931692
"23622",23621,"47_123_21",35.3981625536883,-84.0612334778637
"23623",23622,"47_123_21",35.3912982214377,-84.0541603202008
"23624",23623,"47_123_21",35.4029108891192,-84.0541300020191
"23625",23624,"47_123_21",35.3893848206658,-84.0471485460084
"23626",23625,"47_123_21",35.3883837795692,-84.0698485699528
"23627",23626,"47_123_21",35.3980590607914,-84.0571317770836
"23628",23627,"47_123_21",35.3939702848706,-84.0465284033922
"23629",23628,"47_123_21",35.384299682468,-84.0467436994115
"23630",23629,"47_123_21",35.4002527917784,-84.0529278695957
"23631",23630,"47_139_21",35.1570242092259,-84.4922328669137
"23632",23631,"47_139_21",35.168677527179,-84.4838890118743
"23633",23632,"47_139_21",35.1554125997673,-84.4740309727062
"23634",23633,"47_139_21",35.1654929124505,-84.4758652716067
"23635",23634,"47_139_21",35.1629939638924,-84.4691090821294
"23636",23635,"47_139_21",35.1518682567076,-84.4868938278887
"23637",23636,"47_139_21",35.1617955805913,-84.4939526102051
"23638",23637,"47_139_21",35.1623258476472,-84.4752952914566
"23639",23638,"47_139_21",35.1616222729448,-84.4755451770226
"23640",23639,"47_139_21",35.1559719959382,-84.4937164502291
"23641",23640,"47_179_8",36.1724542765029,-82.4844279418358
"23642",23641,"47_179_8",36.1702995749383,-82.4892952521251
"23643",23642,"47_179_8",36.176129482293,-82.5076813157672
"23644",23643,"47_179_8",36.1731005093302,-82.5037710146265
"23645",23644,"47_179_8",36.1856107425015,-82.4947687165669
"23646",23645,"47_179_8",36.168437583602,-82.4924126674282
"23647",23646,"47_179_8",36.1775640646852,-82.4996877412791
"23648",23647,"47_179_8",36.1774469504481,-82.4910491557596
"23649",23648,"47_179_8",36.1695428975176,-82.5026974277745
"23650",23649,"47_179_8",36.1816088265427,-82.4922940533531
"23651",23650,"47_163_8",36.5016426239216,-82.0139756678862
"23652",23651,"47_163_8",36.4941754576048,-82.0139496590476
"23653",23652,"47_163_8",36.49306359767,-82.0192571757124
"23654",23653,"47_163_8",36.5114251206067,-82.0151232143479
"23655",23654,"47_163_8",36.5005072659009,-82.0212559735106
"23656",23655,"47_163_8",36.5099203974194,-82.0053534047522
"23657",23656,"47_163_8",36.5044138431981,-82.0172241299147
"23658",23657,"47_163_8",36.494887420921,-82.01766479988
"23659",23658,"47_163_8",36.5015887134266,-82.0128094833338
"23660",23659,"47_163_8",36.5148829836177,-82.0081338981997
"23661",23660,"47_19_22",36.1893327144815,-82.1647249526713
"23662",23661,"47_19_22",36.2028799094029,-82.1554406137709
"23663",23662,"47_19_22",36.2024107036226,-82.1480135022378
"23664",23663,"47_19_22",36.1960093583421,-82.1761266192447
"23665",23664,"47_19_22",36.1944582903866,-82.1542667280568
"23666",23665,"47_19_22",36.1957228482387,-82.1448556201351
"23667",23666,"47_19_22",36.1973034126812,-82.1598846790939
"23668",23667,"47_19_22",36.1917517445527,-82.1624666940024
"23669",23668,"47_19_22",36.1906757426721,-82.1478821778959
"23670",23669,"47_19_22",36.1960125830209,-82.1596794470735
"23671",23670,"47_91_9",36.5446032169421,-81.7209798613693
"23672",23671,"47_91_9",36.5478334603474,-81.7154175558356
"23673",23672,"47_91_9",36.5478056400327,-81.7271224764121
"23674",23673,"47_91_9",36.5347849186593,-81.7198732509659
"23675",23674,"47_91_9",36.5366231514295,-81.7238432451255
"23676",23675,"47_91_9",36.5420358130415,-81.7316857605305
"23677",23676,"47_91_9",36.5441522489308,-81.7223001603794
"23678",23677,"47_91_9",36.539487810729,-81.7254768113749
"23679",23678,"47_91_9",36.536605393468,-81.7284894371976
"23680",23679,"47_91_9",36.5412986725249,-81.7199522976871
"23681",23680,"47_163_3",36.5699310759924,-81.978920231272
"23682",23681,"47_163_3",36.5800567498249,-81.9756377011218
"23683",23682,"47_163_3",36.5797184478106,-81.9812353568009
"23684",23683,"47_163_3",36.5679278622952,-81.9782235941896
"23685",23684,"47_163_3",36.5779738889044,-81.9721656322867
"23686",23685,"47_163_3",36.5783193496422,-81.9659937344337
"23687",23686,"47_163_3",36.5817825831057,-81.9623452827192
"23688",23687,"47_163_3",36.5731593693195,-81.9750605769768
"23689",23688,"47_163_3",36.567230571582,-81.9689755670327
"23690",23689,"47_163_3",36.5746462132851,-81.9576957637069
"23691",23690,"47_163_7",36.551789178755,-82.015760480501
"23692",23691,"47_163_7",36.5514351089957,-82.0246798144861
"23693",23692,"47_163_7",36.5513799452856,-82.0241372957845
"23694",23693,"47_163_7",36.5529831502593,-82.0145985105286
"23695",23694,"47_163_7",36.5528890942285,-82.0226402109684
"23696",23695,"47_163_7",36.5499074294446,-82.0201374579455
"23697",23696,"47_163_7",36.5514331293874,-82.0177023722926
"23698",23697,"47_163_7",36.5512747754818,-82.0117343825396
"23699",23698,"47_163_7",36.5571677016177,-82.0148137929482
"23700",23699,"47_163_7",36.5496149782614,-82.0169919308993
"23701",23700,"47_19_19",36.2758643741979,-82.10329779719
"23702",23701,"47_19_19",36.2763768062959,-82.1116216285182
"23703",23702,"47_19_19",36.2841502741631,-82.0870759446537
"23704",23703,"47_19_19",36.2738856150252,-82.1037703574388
"23705",23704,"47_19_19",36.2743229003397,-82.0920485442751
"23706",23705,"47_19_19",36.2757143679679,-82.1020460169568
"23707",23706,"47_19_19",36.2758294181767,-82.1024724090946
"23708",23707,"47_19_19",36.2677626601329,-82.1070932354223
"23709",23708,"47_19_19",36.262772804772,-82.1063595541639
"23710",23709,"47_19_19",36.2719026666079,-82.1061262799701
"23711",23710,"47_29_18",35.7857993031448,-82.9686853503089
"23712",23711,"47_29_18",35.7867637030094,-82.9762619161841
"23713",23712,"47_29_18",35.7899139614988,-82.9671746928961
"23714",23713,"47_29_18",35.792426450035,-82.9794177064757
"23715",23714,"47_29_18",35.7933159673373,-82.9877741984566
"23716",23715,"47_29_18",35.7993561410054,-82.989098847643
"23717",23716,"47_29_18",35.7902478113442,-82.9818161325281
"23718",23717,"47_29_18",35.7937643374431,-82.9835432682727
"23719",23718,"47_29_18",35.7855007791553,-82.9864332774218
"23720",23719,"47_29_18",35.786136086002,-82.9852248765826
"23721",23720,"47_123_27",35.3147235598697,-84.0919794225573
"23722",23721,"47_123_27",35.3266040578207,-84.0955412845977
"23723",23722,"47_123_27",35.3248931510412,-84.0903513284411
"23724",23723,"47_123_27",35.325433919825,-84.0970133688431
"23725",23724,"47_123_27",35.3243307571365,-84.0863970944287
"23726",23725,"47_123_27",35.3398670719171,-84.0987971040835
"23727",23726,"47_123_27",35.3381981297663,-84.0947031889022
"23728",23727,"47_123_27",35.3312509030239,-84.0989966286626
"23729",23728,"47_123_27",35.3289465704367,-84.0981087271555
"23730",23729,"47_123_27",35.3343959411484,-84.1057638658524
"23731",23730,"47_123_29",35.2795797160876,-84.0726500689286
"23732",23731,"47_123_29",35.2794783085591,-84.0719172599354
"23733",23732,"47_123_29",35.2738524999627,-84.0806488547549
"23734",23733,"47_123_29",35.2764650095324,-84.0855219591959
"23735",23734,"47_123_29",35.2858719239439,-84.0635039883526
"23736",23735,"47_123_29",35.2782120020824,-84.0798001396065
"23737",23736,"47_123_29",35.2798192438915,-84.0753055786587
"23738",23737,"47_123_29",35.2874676345284,-84.0675666638015
"23739",23738,"47_123_29",35.284313847466,-84.0675004891833
"23740",23739,"47_123_29",35.2686928052898,-84.0694445765959
"23741",23740,"47_123_46",35.323669987501,-84.4132659728367
"23742",23741,"47_123_46",35.3338146568744,-84.4093433506023
"23743",23742,"47_123_46",35.3358719512268,-84.4096760187647
"23744",23743,"47_123_46",35.3385971999529,-84.4010187051819
"23745",23744,"47_123_46",35.3263832440551,-84.3922688877213
"23746",23745,"47_123_46",35.3340994736457,-84.4203426949842
"23747",23746,"47_123_46",35.3308748780722,-84.4069791707942
"23748",23747,"47_123_46",35.3297317181839,-84.4073694131105
"23749",23748,"47_123_46",35.335009922188,-84.4211283475474
"23750",23749,"47_123_46",35.3369642512791,-84.407958719003
"23751",23750,"47_123_16",35.4282272459272,-84.0178883387364
"23752",23751,"47_123_16",35.4322138349575,-84.0165666794574
"23753",23752,"47_123_16",35.4340593827361,-84.0070688087604
"23754",23753,"47_123_16",35.431885144797,-84.0043371177862
"23755",23754,"47_123_16",35.4349423154416,-84.0173063459531
"23756",23755,"47_123_16",35.4257613105681,-84.0032572882857
"23757",23756,"47_123_16",35.4424408274411,-84.0096462732329
"23758",23757,"47_123_16",35.4285060152416,-84.0269734415731
"23759",23758,"47_123_16",35.4308305423351,-84.0177527267275
"23760",23759,"47_123_16",35.4347111841128,-84.0021456650884
"23761",23760,"47_123_23",35.3557041922062,-84.0350015236014
"23762",23761,"47_123_23",35.3484698161115,-84.0512223373437
"23763",23762,"47_123_23",35.360995131279,-84.0324515164453
"23764",23763,"47_123_23",35.3514644015691,-84.042202462464
"23765",23764,"47_123_23",35.3527760035364,-84.0333064407587
"23766",23765,"47_123_23",35.3444141395384,-84.0506454126162
"23767",23766,"47_123_23",35.3487809180531,-84.0262443863263
"23768",23767,"47_123_23",35.3482662942076,-84.0370749467234
"23769",23768,"47_123_23",35.3546822057184,-84.043507768399
"23770",23769,"47_123_23",35.3514800655381,-84.041918125018
"23771",23770,"47_163_9",36.4706570426685,-82.0686630031176
"23772",23771,"47_163_9",36.4794488972636,-82.0633673404194
"23773",23772,"47_163_9",36.4767619264713,-82.0556171228339
"23774",23773,"47_163_9",36.4799804020999,-82.0587260489892
"23775",23774,"47_163_9",36.4757689028573,-82.0765547318769
"23776",23775,"47_163_9",36.4733876199539,-82.0624105331659
"23777",23776,"47_163_9",36.4776190447876,-82.0522160044999
"23778",23777,"47_163_9",36.4779729663546,-82.0643704497293
"23779",23778,"47_163_9",36.4736873787268,-82.0541448093503
"23780",23779,"47_163_9",36.4793691165773,-82.064266533478
"23781",23780,"47_179_17",36.1539837021665,-82.5229998793677
"23782",23781,"47_179_17",36.1523234449861,-82.5430928003648
"23783",23782,"47_179_17",36.1516875833781,-82.5248895686196
"23784",23783,"47_179_17",36.164554222553,-82.5262475149126
"23785",23784,"47_179_17",36.152647749836,-82.5321206960906
"23786",23785,"47_179_17",36.1441780207612,-82.5375105260858
"23787",23786,"47_179_17",36.1530086211789,-82.5120706403678
"23788",23787,"47_179_17",36.1435352281796,-82.5233553732657
"23789",23788,"47_179_17",36.1473662369683,-82.5321393852684
"23790",23789,"47_179_17",36.1501440318483,-82.5261319123828
"23791",23790,"47_179_13",36.2274209580649,-82.3745517672946
"23792",23791,"47_179_13",36.2443027366649,-82.3715144641839
"23793",23792,"47_179_13",36.2282421748394,-82.3773988202003
"23794",23793,"47_179_13",36.2359684166232,-82.3866628767019
"23795",23794,"47_179_13",36.2277417123477,-82.3703674632436
"23796",23795,"47_179_13",36.2330782595701,-82.3596765276975
"23797",23796,"47_179_13",36.2417861340678,-82.3730555144555
"23798",23797,"47_179_13",36.2298982036113,-82.3717940615179
"23799",23798,"47_179_13",36.2398136443666,-82.3823627657214
"23800",23799,"47_179_13",36.2391056896088,-82.3676094242006
"23801",23800,"47_123_37",35.2511744147318,-84.1361248889968
"23802",23801,"47_123_37",35.2499338802985,-84.1269649121805
"23803",23802,"47_123_37",35.2468853101558,-84.1389695355783
"23804",23803,"47_123_37",35.2527710686735,-84.1301853580547
"23805",23804,"47_123_37",35.2534216536382,-84.1206211418242
"23806",23805,"47_123_37",35.2527189625675,-84.1194351230243
"23807",23806,"47_123_37",35.2558759598959,-84.1250257759575
"23808",23807,"47_123_37",35.2594540039155,-84.1286218031784
"23809",23808,"47_123_37",35.2583126505122,-84.1391911912539
"23810",23809,"47_123_37",35.2638212670305,-84.1289356529533
"23811",23810,"47_139_17",35.1967924229708,-84.4347172425797
"23812",23811,"47_139_17",35.1985325805244,-84.421575308058
"23813",23812,"47_139_17",35.2032009838217,-84.4327913051013
"23814",23813,"47_139_17",35.1873326716139,-84.4270197834881
"23815",23814,"47_139_17",35.1929536816085,-84.4295654160971
"23816",23815,"47_139_17",35.2010353055925,-84.4355409436635
"23817",23816,"47_139_17",35.1878308683072,-84.4345042782346
"23818",23817,"47_139_17",35.1915970121187,-84.4480395602329
"23819",23818,"47_139_17",35.1917539501702,-84.4350228251719
"23820",23819,"47_139_17",35.1919756111285,-84.4356624212986
"23821",23820,"47_139_28",35.1630065967784,-84.5757091154212
"23822",23821,"47_139_28",35.1688737853209,-84.5758183593934
"23823",23822,"47_139_28",35.1656701434946,-84.5710130327351
"23824",23823,"47_139_28",35.1638450629864,-84.5724890917427
"23825",23824,"47_139_28",35.165432184385,-84.5780739229642
"23826",23825,"47_139_28",35.1643821833297,-84.580119080286
"23827",23826,"47_139_28",35.1754545281435,-84.5674947666794
"23828",23827,"47_139_28",35.1664166901597,-84.582677811733
"23829",23828,"47_139_28",35.1615008699252,-84.5813609298018
"23830",23829,"47_139_28",35.1587451243767,-84.5803218510059
"23831",23830,"47_139_47",35.009096252603,-84.6565591345203
"23832",23831,"47_139_47",35.0069871250743,-84.6570809912981
"23833",23832,"47_139_47",35.0132148445596,-84.6544635712594
"23834",23833,"47_139_47",35.0089662820867,-84.6562823316985
"23835",23834,"47_139_47",35.0185034291553,-84.666273259206
"23836",23835,"47_139_47",35.0034166597212,-84.6524958458821
"23837",23836,"47_139_47",35.0094798521311,-84.6567429158299
"23838",23837,"47_139_47",35.0024382902148,-84.6585508891058
"23839",23838,"47_139_47",35.0057696567248,-84.6456559118944
"23840",23839,"47_139_47",35.0206285945487,-84.6594658642272
"23841",23840,"47_171_11",36.1773348419439,-82.3199363725124
"23842",23841,"47_171_11",36.1718697939449,-82.3198892679125
"23843",23842,"47_171_11",36.1791686588397,-82.3205673427364
"23844",23843,"47_171_11",36.1871315962117,-82.3098103996351
"23845",23844,"47_171_11",36.177808313922,-82.3264755661632
"23846",23845,"47_171_11",36.1649513209089,-82.3201845841105
"23847",23846,"47_171_11",36.1769259948425,-82.3174223000055
"23848",23847,"47_171_11",36.1785034586872,-82.322802913736
"23849",23848,"47_171_11",36.1861736156099,-82.3238184679902
"23850",23849,"47_171_11",36.1832226567621,-82.3306623919161
"23851",23850,"47_171_14",36.1493358302531,-82.3627894172684
"23852",23851,"47_171_14",36.152088621674,-82.3679372771749
"23853",23852,"47_171_14",36.1569056180505,-82.3625587488194
"23854",23853,"47_171_14",36.1551873016151,-82.3570666220057
"23855",23854,"47_171_14",36.157185370635,-82.3736416448925
"23856",23855,"47_171_14",36.1708717035385,-82.3563787141198
"23857",23856,"47_171_14",36.1561945028005,-82.3554265102346
"23858",23857,"47_171_14",36.1569771734153,-82.3566125240548
"23859",23858,"47_171_14",36.1696955127245,-82.3490315507115
"23860",23859,"47_171_14",36.1484465574238,-82.34677669218
"23861",23860,"47_59_7",36.0995965897012,-82.661264254682
"23862",23861,"47_59_7",36.0996110547484,-82.6565168179676
"23863",23862,"47_59_7",36.0949523247541,-82.659060872844
"23864",23863,"47_59_7",36.1010611701099,-82.6486135300992
"23865",23864,"47_59_7",36.1004687702092,-82.6420647073696
"23866",23865,"47_59_7",36.0912770803624,-82.6575241689433
"23867",23866,"47_59_7",36.0862293191058,-82.6489777843486
"23868",23867,"47_59_7",36.0848475230537,-82.6594819910877
"23869",23868,"47_59_7",36.095604546731,-82.6451426786775
"23870",23869,"47_59_7",36.0944157055696,-82.6496025272886
"23871",23870,"47_29_13",35.950741494676,-83.0353307373148
"23872",23871,"47_29_13",35.9516996568714,-83.0336272467455
"23873",23872,"47_29_13",35.9610760808039,-83.0270519657933
"23874",23873,"47_29_13",35.9584505538394,-83.0232139564703
"23875",23874,"47_29_13",35.9497191057716,-83.0461527461664
"23876",23875,"47_29_13",35.9481278521613,-83.0406097406622
"23877",23876,"47_29_13",35.9493619648628,-83.0359367499702
"23878",23877,"47_29_13",35.9501956042483,-83.0382920289451
"23879",23878,"47_29_13",35.9527669136063,-83.0410590302887
"23880",23879,"47_29_13",35.9459223595417,-83.0414218228481
"23881",23880,"47_139_50",35.1444245802152,-84.6368895064837
"23882",23881,"47_139_50",35.1442366448552,-84.629370348859
"23883",23882,"47_139_50",35.1486093830933,-84.6442371223391
"23884",23883,"47_139_50",35.1397210287137,-84.6355269132633
"23885",23884,"47_139_50",35.1379488506401,-84.6277399023787
"23886",23885,"47_139_50",35.1299390409175,-84.6381548911657
"23887",23886,"47_139_50",35.1356189844091,-84.6216956845635
"23888",23887,"47_139_50",35.1491792252254,-84.6198152068078
"23889",23888,"47_139_50",35.1433044543857,-84.6418532403816
"23890",23889,"47_139_50",35.1539413021182,-84.6335376724683
"23891",23890,"47_59_9",36.0825389925231,-82.7032777476832
"23892",23891,"47_59_9",36.0856779114929,-82.7017090245452
"23893",23892,"47_59_9",36.0748075276836,-82.7052014706916
"23894",23893,"47_59_9",36.0800810235604,-82.7002227621799
"23895",23894,"47_59_9",36.0846898311292,-82.6914947689569
"23896",23895,"47_59_9",36.0801641321697,-82.6932843145043
"23897",23896,"47_59_9",36.0767547958932,-82.707720925666
"23898",23897,"47_59_9",36.079410265713,-82.6966738760851
"23899",23898,"47_59_9",36.0710141135878,-82.6952500548825
"23900",23899,"47_59_9",36.0795619068353,-82.6968436167298
"23901",23900,"47_91_12",36.5203358532619,-81.8787601428458
"23902",23901,"47_91_12",36.5226075234523,-81.8742311010859
"23903",23902,"47_91_12",36.5153604518081,-81.8766240679055
"23904",23903,"47_91_12",36.5122424647298,-81.8858116571825
"23905",23904,"47_91_12",36.5165082439599,-81.8710680496931
"23906",23905,"47_91_12",36.5218050280874,-81.8951994833388
"23907",23906,"47_91_12",36.5150729939735,-81.8739510159271
"23908",23907,"47_91_12",36.5255402221029,-81.8931506703475
"23909",23908,"47_91_12",36.5251773415427,-81.8720128363208
"23910",23909,"47_91_12",36.5164386457297,-81.8805425231433
"23911",23910,"47_123_41",35.2049784746801,-84.2977474137824
"23912",23911,"47_123_41",35.2012239031032,-84.292717067674
"23913",23912,"47_123_41",35.2078222237389,-84.2857881920042
"23914",23913,"47_123_41",35.2124792985709,-84.2945376262509
"23915",23914,"47_123_41",35.2160978665105,-84.2885965977867
"23916",23915,"47_123_41",35.2126699631844,-84.3022621735129
"23917",23916,"47_123_41",35.2139023688065,-84.2817704138944
"23918",23917,"47_123_41",35.2111397999306,-84.2943479007571
"23919",23918,"47_123_41",35.2081404212689,-84.2996017390381
"23920",23919,"47_123_41",35.2110521985107,-84.294037643418
"23921",23920,"47_29_19",35.8778452787238,-83.0627689231834
"23922",23921,"47_29_19",35.8685268487662,-83.067494987312
"23923",23922,"47_29_19",35.8731972363308,-83.0802756950302
"23924",23923,"47_29_19",35.8697574119684,-83.073590829279
"23925",23924,"47_29_19",35.8679182098252,-83.0678305919121
"23926",23925,"47_29_19",35.8685883280171,-83.0621500187292
"23927",23926,"47_29_19",35.8675932293408,-83.071503988229
"23928",23927,"47_29_19",35.8704979534292,-83.0648883619172
"23929",23928,"47_29_19",35.8691611334139,-83.0690984417662
"23930",23929,"47_29_19",35.8713840867995,-83.0782952127201
"23931",23930,"47_171_6",36.2505295880672,-82.3002660445055
"23932",23931,"47_171_6",36.2430744634154,-82.2869463440255
"23933",23932,"47_171_6",36.2448099534644,-82.2884084469185
"23934",23933,"47_171_6",36.2402898613252,-82.2860860273825
"23935",23934,"47_171_6",36.24510627479,-82.2820151718282
"23936",23935,"47_171_6",36.2503592155208,-82.2901005603396
"23937",23936,"47_171_6",36.2382451164843,-82.2768924566249
"23938",23937,"47_171_6",36.2472570434053,-82.3001115664405
"23939",23938,"47_171_6",36.2411305985296,-82.2896668508337
"23940",23939,"47_171_6",36.2494931792103,-82.2763777225465
"23941",23940,"47_91_10",36.5387656892743,-81.8305327807688
"23942",23941,"47_91_10",36.5356471510259,-81.8383939698433
"23943",23942,"47_91_10",36.5420175668861,-81.8117593674158
"23944",23943,"47_91_10",36.5441770882128,-81.8376511354453
"23945",23944,"47_91_10",36.5384099886774,-81.8266883500196
"23946",23945,"47_91_10",36.5336133296139,-81.8341405608356
"23947",23946,"47_91_10",36.5412104505868,-81.8388052621573
"23948",23947,"47_91_10",36.543247715372,-81.8249178375307
"23949",23948,"47_91_10",36.5400677373933,-81.8269483033094
"23950",23949,"47_91_10",36.5303763639678,-81.8263040114193
"23951",23950,"47_91_15",36.6011410430008,-81.850843111371
"23952",23951,"47_91_15",36.6026838182795,-81.8493495492563
"23953",23952,"47_91_15",36.6018148209086,-81.8489280406054
"23954",23953,"47_91_15",36.6032853440142,-81.8508327836108
"23955",23954,"47_91_15",36.6020814960496,-81.8453330200739
"23956",23955,"47_91_15",36.6143512439694,-81.8518944854361
"23957",23956,"47_91_15",36.602332298569,-81.8323623717672
"23958",23957,"47_91_15",36.6045776520081,-81.8534906356063
"23959",23958,"47_91_15",36.6001364636226,-81.8479783052513
"23960",23959,"47_91_15",36.5874894819106,-81.8499331910122
"23961",23960,"47_123_34",35.4130497608009,-84.1807348122126
"23962",23961,"47_123_34",35.4061218097715,-84.1734339246428
"23963",23962,"47_123_34",35.4039975643437,-84.1849778749041
"23964",23963,"47_123_34",35.4051990517736,-84.2021920083184
"23965",23964,"47_123_34",35.4132362869006,-84.1744492937427
"23966",23965,"47_123_34",35.4056023831415,-84.1892302115699
"23967",23966,"47_123_34",35.3991877059664,-84.1964283458132
"23968",23967,"47_123_34",35.4010335229993,-84.1974440587754
"23969",23968,"47_123_34",35.4014277660656,-84.1898130687479
"23970",23969,"47_123_34",35.4050956101223,-84.1893357662001
"23971",23970,"47_123_35",35.3872385186272,-84.242910343389
"23972",23971,"47_123_35",35.3881963276573,-84.2302104153428
"23973",23972,"47_123_35",35.3852679664337,-84.2346222585027
"23974",23973,"47_123_35",35.3873649534489,-84.2371727589797
"23975",23974,"47_123_35",35.3939511301529,-84.2246840944379
"23976",23975,"47_123_35",35.393762938806,-84.2228239956094
"23977",23976,"47_123_35",35.3955593622677,-84.2429141731917
"23978",23977,"47_123_35",35.392804329828,-84.2227034282166
"23979",23978,"47_123_35",35.3936431028887,-84.2271350803718
"23980",23979,"47_123_35",35.3773573315181,-84.2353233488276
"23981",23980,"47_19_16",36.3628596562787,-82.0762647059053
"23982",23981,"47_19_16",36.3493185153681,-82.0815997320011
"23983",23982,"47_19_16",36.3619557175988,-82.0854074823833
"23984",23983,"47_19_16",36.3499008598692,-82.078211275504
"23985",23984,"47_19_16",36.3436774212469,-82.0688140884092
"23986",23985,"47_19_16",36.3427211011896,-82.0895183336494
"23987",23986,"47_19_16",36.3480329398706,-82.0884940106646
"23988",23987,"47_19_16",36.3606941014097,-82.0710394285058
"23989",23988,"47_19_16",36.3422034637835,-82.0780540395606
"23990",23989,"47_19_16",36.3554909267161,-82.0886949652338
"23991",23990,"47_171_16",36.1092001581434,-82.5049692953839
"23992",23991,"47_171_16",36.1292547642337,-82.5026734154476
"23993",23992,"47_171_16",36.1044942495803,-82.491234015533
"23994",23993,"47_171_16",36.1184530461917,-82.4954892022842
"23995",23994,"47_171_16",36.1088879303263,-82.5021617619056
"23996",23995,"47_171_16",36.1162453545316,-82.4831922933831
"23997",23996,"47_171_16",36.1157166015199,-82.5002733864581
"23998",23997,"47_171_16",36.1290751729232,-82.4959921178151
"23999",23998,"47_171_16",36.1259229967584,-82.4874151775691
"24000",23999,"47_171_16",36.1187168225081,-82.4909557791477
"24001",24000,"47_139_40",35.0111448219544,-84.5222938278955
"24002",24001,"47_139_40",35.0199048840258,-84.5297781144899
"24003",24002,"47_139_40",35.0171308279217,-84.5273633147467
"24004",24003,"47_139_40",35.0076430470032,-84.5234431139806
"24005",24004,"47_139_40",35.0175547341963,-84.5232723690086
"24006",24005,"47_139_40",35.0218459849998,-84.5219993819578
"24007",24006,"47_139_40",35.01705226126,-84.513311528086
"24008",24007,"47_139_40",35.0069584395637,-84.5191144584386
"24009",24008,"47_139_40",35.0128338832048,-84.5415217246307
"24010",24009,"47_139_40",35.0240681450727,-84.5401573391555
"24011",24010,"47_155_18",35.7076006573188,-83.3503946404574
"24012",24011,"47_155_18",35.7045695588985,-83.3691013890959
"24013",24012,"47_155_18",35.7045227998697,-83.3519514402739
"24014",24013,"47_155_18",35.7039719544379,-83.3435677993751
"24015",24014,"47_155_18",35.700255186188,-83.3540154184206
"24016",24015,"47_155_18",35.7134156553206,-83.3472732906424
"24017",24016,"47_155_18",35.6928083498265,-83.3448516206129
"24018",24017,"47_155_18",35.6935150455536,-83.3474912530223
"24019",24018,"47_155_18",35.6947365100999,-83.3591555335538
"24020",24019,"47_155_18",35.7039442460857,-83.3583152499528
"24021",24020,"47_155_67",35.7193185063949,-83.4053671149838
"24022",24021,"47_155_67",35.7175516614144,-83.3953722674668
"24023",24022,"47_155_67",35.7080995605106,-83.4048117984901
"24024",24023,"47_155_67",35.7095097150706,-83.3973606622808
"24025",24024,"47_155_67",35.7117851633749,-83.3875325700105
"24026",24025,"47_155_67",35.7128049137903,-83.3947415968249
"24027",24026,"47_155_67",35.7039640469488,-83.3999922310562
"24028",24027,"47_155_67",35.7158965573129,-83.3891713062771
"24029",24028,"47_155_67",35.7061717673705,-83.3995966814301
"24030",24029,"47_155_67",35.7152904376651,-83.4152372257384
"24031",24030,"47_155_68",35.6686876983269,-83.4472742060034
"24032",24031,"47_155_68",35.6640780629498,-83.4613847344804
"24033",24032,"47_155_68",35.6583539493664,-83.4729611520167
"24034",24033,"47_155_68",35.678226830234,-83.4651205669979
"24035",24034,"47_155_68",35.6580490254388,-83.4476943487202
"24036",24035,"47_155_68",35.6634376824044,-83.4681556158493
"24037",24036,"47_155_68",35.6793726734519,-83.4564061878423
"24038",24037,"47_155_68",35.666670992467,-83.4592284931691
"24039",24038,"47_155_68",35.6671252791423,-83.4614200358373
"24040",24039,"47_155_68",35.6629564647743,-83.4625185553259
"24041",24040,"47_155_73",35.672731594078,-83.6086354024403
"24042",24041,"47_155_73",35.6708676614699,-83.6233038681557
"24043",24042,"47_155_73",35.6596759391619,-83.6060643762757
"24044",24043,"47_155_73",35.6654121039319,-83.6171011259676
"24045",24044,"47_155_73",35.6707008603781,-83.612348519509
"24046",24045,"47_155_73",35.6702061731544,-83.5998970068171
"24047",24046,"47_155_73",35.6595385142067,-83.6146432596469
"24048",24047,"47_155_73",35.6690998112848,-83.6267168272218
"24049",24048,"47_155_73",35.6632755934297,-83.6173740392541
"24050",24049,"47_155_73",35.6683736227537,-83.6099504173198
"24051",24050,"47_139_110",35.1730291128846,-84.3991287908567
"24052",24051,"47_139_110",35.1776546290922,-84.3940677638105
"24053",24052,"47_139_110",35.1744533472849,-84.4074523606406
"24054",24053,"47_139_110",35.1853131009468,-84.40559718902
"24055",24054,"47_139_110",35.1749428526315,-84.3957570037926
"24056",24055,"47_139_110",35.1835217709925,-84.401900967625
"24057",24056,"47_139_110",35.174102862467,-84.4076606024127
"24058",24057,"47_139_110",35.1717046967122,-84.4018455682935
"24059",24058,"47_139_110",35.1695435936069,-84.4145877901258
"24060",24059,"47_139_110",35.1735126488482,-84.3910756596574
"24061",24060,"47_139_111",35.0995669450042,-84.4137888853733
"24062",24061,"47_139_111",35.1144495558256,-84.4349098430877
"24063",24062,"47_139_111",35.1019603163738,-84.4202933499925
"24064",24063,"47_139_111",35.1005731860214,-84.4289672929296
"24065",24064,"47_139_111",35.0956296008215,-84.4314373349298
"24066",24065,"47_139_111",35.1108430242312,-84.4379686822166
"24067",24066,"47_139_111",35.1045294719466,-84.4268102397067
"24068",24067,"47_139_111",35.1063472145899,-84.4375470147064
"24069",24068,"47_139_111",35.1069489869446,-84.4168879095662
"24070",24069,"47_139_111",35.1170937968052,-84.4299728161643
"24071",24070,"47_139_112",34.9916011217266,-84.4582623378117
"24072",24071,"47_139_112",34.9882092232617,-84.4618389827654
"24073",24072,"47_139_112",34.9958792497152,-84.4699599036281
"24074",24073,"47_139_112",35.004406747596,-84.4577418752736
"24075",24074,"47_139_112",34.9882628757859,-84.4740460233782
"24076",24075,"47_139_112",34.9873289780591,-84.4781706832122
"24077",24076,"47_139_112",34.9954094082437,-84.4671077130731
"24078",24077,"47_139_112",34.9947626950638,-84.4664205692118
"24079",24078,"47_139_112",35.0025011783583,-84.4756697870291
"24080",24079,"47_139_112",34.994606463126,-84.4575519197611
"24081",24080,"47_139_113",35.2536561183739,-84.5237325510824
"24082",24081,"47_139_113",35.2665465983664,-84.5084288957905
"24083",24082,"47_139_113",35.2503816046728,-84.5252964453016
"24084",24083,"47_139_113",35.2627152995782,-84.5158018637223
"24085",24084,"47_139_113",35.2581698328115,-84.5256043113808
"24086",24085,"47_139_113",35.2591590372709,-84.5233525256003
"24087",24086,"47_139_113",35.2607324925127,-84.5130976106379
"24088",24087,"47_139_113",35.2623590929005,-84.5204102003803
"24089",24088,"47_139_113",35.2540678822819,-84.5190746026435
"24090",24089,"47_139_113",35.2606105774345,-84.5157666239175
"24091",24090,"47_139_114",35.0893036148608,-84.5581594857683
"24092",24091,"47_139_114",35.1058493682465,-84.5786271097763
"24093",24092,"47_139_114",35.0890888131164,-84.5765529941354
"24094",24093,"47_139_114",35.1019922004764,-84.5717713171739
"24095",24094,"47_139_114",35.097204003182,-84.5770925908046
"24096",24095,"47_139_114",35.0822180464258,-84.5793055968577
"24097",24096,"47_139_114",35.1050688437274,-84.5843258152876
"24098",24097,"47_139_114",35.1022325381417,-84.5703668209129
"24099",24098,"47_139_114",35.0910601660765,-84.587462876135
"24100",24099,"47_139_114",35.1033934070764,-84.5821343808848
"24101",24100,"47_139_115",35.177461016489,-84.5682849706609
"24102",24101,"47_139_115",35.1724942301304,-84.5665904347491
"24103",24102,"47_139_115",35.1737000274782,-84.5650613342258
"24104",24103,"47_139_115",35.1685955327003,-84.571487299792
"24105",24104,"47_139_115",35.166298451951,-84.5726265955884
"24106",24105,"47_139_115",35.1703021124697,-84.5649322703792
"24107",24106,"47_139_115",35.1607758123639,-84.5696797148297
"24108",24107,"47_139_115",35.1682462441513,-84.572442426172
"24109",24108,"47_139_115",35.168383613544,-84.5600134892053
"24110",24109,"47_139_115",35.1633418642035,-84.5561361719485
"24111",24110,"47_139_116",35.0017978498678,-84.6168594030395
"24112",24111,"47_139_116",35.0102900109046,-84.6087420404951
"24113",24112,"47_139_116",34.9951481304337,-84.6195339348455
"24114",24113,"47_139_116",34.9934762329377,-84.630858423896
"24115",24114,"47_139_116",35.0056415456403,-84.620590540513
"24116",24115,"47_139_116",35.0130635709829,-84.6174542509691
"24117",24116,"47_139_116",35.0076399389783,-84.6245406687591
"24118",24117,"47_139_116",35.0055188531971,-84.6315260782097
"24119",24118,"47_139_116",34.9954435005567,-84.630651394817
"24120",24119,"47_139_116",34.9932236218255,-84.6182926183183
"24121",24120,"47_19_37",36.2322676246061,-82.0500447349725
"24122",24121,"47_19_37",36.2290989132961,-82.0406191681546
"24123",24122,"47_19_37",36.240416962338,-82.0466739666816
"24124",24123,"47_19_37",36.2392588417593,-82.044045046674
"24125",24124,"47_19_37",36.2374077509937,-82.0469327697006
"24126",24125,"47_19_37",36.2401009035003,-82.0514056936368
"24127",24126,"47_19_37",36.2256195547734,-82.0522888965494
"24128",24127,"47_19_37",36.2188544535605,-82.0531371100502
"24129",24128,"47_19_37",36.2309882391081,-82.0540892816029
"24130",24129,"47_19_37",36.2291754819817,-82.0653873395404
"24131",24130,"47_107_18",35.3340794751834,-84.4144626799388
"24132",24131,"47_107_18",35.3359707054918,-84.4441797896453
"24133",24132,"47_107_18",35.3301519207252,-84.4273073215213
"24134",24133,"47_107_18",35.3341530207778,-84.4303569601107
"24135",24134,"47_107_18",35.3374306514222,-84.4347973491861
"24136",24135,"47_107_18",35.3278879495541,-84.4184772250305
"24137",24136,"47_107_18",35.3357070020059,-84.4412814920509
"24138",24137,"47_107_18",35.3348629315367,-84.4455208973313
"24139",24138,"47_107_18",35.3314960241062,-84.4343578179237
"24140",24139,"47_107_18",35.3354129897767,-84.4368684067961
"24141",24140,"47_19_28",36.2972623323285,-82.1367278411776
"24142",24141,"47_19_28",36.3116221633565,-82.1395027774627
"24143",24142,"47_19_28",36.2906400780062,-82.1251645237417
"24144",24143,"47_19_28",36.3023389439394,-82.1248082671356
"24145",24144,"47_19_28",36.3091647788129,-82.1264855978477
"24146",24145,"47_19_28",36.2993381128833,-82.124014601803
"24147",24146,"47_19_28",36.3086917477379,-82.1310412007936
"24148",24147,"47_19_28",36.3034344629025,-82.1382021985239
"24149",24148,"47_19_28",36.308326486995,-82.1318588266181
"24150",24149,"47_19_28",36.302319821689,-82.1318885039636
"24151",24150,"47_139_65",35.1361109449213,-84.3525089682115
"24152",24151,"47_139_65",35.1448635262642,-84.3506398163881
"24153",24152,"47_139_65",35.137322225255,-84.3490701092702
"24154",24153,"47_139_65",35.1479882414578,-84.3604157132406
"24155",24154,"47_139_65",35.1312915855969,-84.3520612916519
"24156",24155,"47_139_65",35.1381376326129,-84.3485136944841
"24157",24156,"47_139_65",35.1382688424491,-84.3570347919213
"24158",24157,"47_139_65",35.133927695437,-84.3678547979348
"24159",24158,"47_139_65",35.1490328042969,-84.362074486014
"24160",24159,"47_139_65",35.1375328159329,-84.3515333406465
"24161",24160,"47_19_32",36.2453349655289,-82.1969968047306
"24162",24161,"47_19_32",36.2465910952093,-82.1936026121147
"24163",24162,"47_19_32",36.245508752,-82.1940339085103
"24164",24163,"47_19_32",36.2364670592859,-82.2025359665927
"24165",24164,"47_19_32",36.2501069927616,-82.2050837479906
"24166",24165,"47_19_32",36.248374100427,-82.1978062574798
"24167",24166,"47_19_32",36.2561635164903,-82.1951407829269
"24168",24167,"47_19_32",36.2517333333829,-82.1814341630668
"24169",24168,"47_19_32",36.2483726383728,-82.2036870001811
"24170",24169,"47_19_32",36.2543205768248,-82.1894415145503
"24171",24170,"47_91_24",36.4460875491875,-81.9552776025188
"24172",24171,"47_91_24",36.442120294675,-81.9370185785949
"24173",24172,"47_91_24",36.442679332553,-81.9393560616138
"24174",24173,"47_91_24",36.4436943175099,-81.9479727325849
"24175",24174,"47_91_24",36.4492338778742,-81.9573590824798
"24176",24175,"47_91_24",36.4364197627984,-81.9550231618578
"24177",24176,"47_91_24",36.4461823541645,-81.9573871064738
"24178",24177,"47_91_24",36.4410858023537,-81.948264143544
"24179",24178,"47_91_24",36.4430391724537,-81.9490544970937
"24180",24179,"47_91_24",36.4438164553756,-81.9466295900415
"24181",24180,"47_163_32",36.4655958637713,-82.1043875953785
"24182",24181,"47_163_32",36.4677507494444,-82.0753236508418
"24183",24182,"47_163_32",36.4677736835431,-82.0874341320316
"24184",24183,"47_163_32",36.4654145824623,-82.0965666356904
"24185",24184,"47_163_32",36.4651008414739,-82.0946221510268
"24186",24185,"47_163_32",36.466306994991,-82.0758201277029
"24187",24186,"47_163_32",36.4658193422098,-82.0886950651169
"24188",24187,"47_163_32",36.4685090833981,-82.0906244867071
"24189",24188,"47_163_32",36.4723740423488,-82.0822499160154
"24190",24189,"47_163_32",36.4770801096435,-82.0885370455006
"24191",24190,"47_9_67",35.5828104522399,-83.7558122315986
"24192",24191,"47_9_67",35.5759825427429,-83.7648129071193
"24193",24192,"47_9_67",35.5834583408485,-83.7703332344107
"24194",24193,"47_9_67",35.5719979050859,-83.7693771609887
"24195",24194,"47_9_67",35.5708178981033,-83.7611941351815
"24196",24195,"47_9_67",35.5789577702304,-83.7537354179561
"24197",24196,"47_9_67",35.5772035737606,-83.7644070118183
"24198",24197,"47_9_67",35.5878874769279,-83.7580168830388
"24199",24198,"47_9_67",35.5748768157341,-83.7653845451463
"24200",24199,"47_9_67",35.585429276867,-83.764609202575
"24201",24200,"47_9_70",35.5752937116657,-83.9460400901163
"24202",24201,"47_9_70",35.5755366937744,-83.936447815376
"24203",24202,"47_9_70",35.5731169525913,-83.9458481754901
"24204",24203,"47_9_70",35.5668676037849,-83.9472269887111
"24205",24204,"47_9_70",35.5753123983327,-83.9385162494655
"24206",24205,"47_9_70",35.5785549919391,-83.9351712296652
"24207",24206,"47_9_70",35.5655677563706,-83.9286198833392
"24208",24207,"47_9_70",35.5811968722464,-83.9350755779197
"24209",24208,"47_9_70",35.5794826473309,-83.9372704524274
"24210",24209,"47_9_70",35.5704469015804,-83.93061818717
"24211",24210,"47_123_72",35.3933427898788,-84.2565273923373
"24212",24211,"47_123_72",35.397751735641,-84.2398934265912
"24213",24212,"47_123_72",35.4019541956015,-84.2502550186209
"24214",24213,"47_123_72",35.3975838987888,-84.2581878238027
"24215",24214,"47_123_72",35.3966122162288,-84.2423791374822
"24216",24215,"47_123_72",35.400033007668,-84.2618959215263
"24217",24216,"47_123_72",35.4046729061605,-84.2685268638652
"24218",24217,"47_123_72",35.3977342056115,-84.2549556604029
"24219",24218,"47_123_72",35.4053846173029,-84.2518231873068
"24220",24219,"47_123_72",35.3891085174904,-84.2502671525657
"24221",24220,"47_123_74",35.2192815771284,-84.3136291375014
"24222",24221,"47_123_74",35.2113546107415,-84.3242353960853
"24223",24222,"47_123_74",35.213011872312,-84.3035406442013
"24224",24223,"47_123_74",35.22897402909,-84.3116020564002
"24225",24224,"47_123_74",35.2216700995283,-84.3109602394297
"24226",24225,"47_123_74",35.2119236918737,-84.3084674358138
"24227",24226,"47_123_74",35.219632393736,-84.3149305059868
"24228",24227,"47_123_74",35.2291260876948,-84.3190355676013
"24229",24228,"47_123_74",35.20939682057,-84.307078741134
"24230",24229,"47_123_74",35.2281806562605,-84.3183889816477
"24231",24230,"47_163_72",36.5542155857032,-81.9627471910181
"24232",24231,"47_163_72",36.5527217819638,-81.9619834587421
"24233",24232,"47_163_72",36.5557704075245,-81.9606430328025
"24234",24233,"47_163_72",36.5550485371005,-81.9531974192786
"24235",24234,"47_163_72",36.5513679872586,-81.9577337924172
"24236",24235,"47_163_72",36.561721074709,-81.948996377821
"24237",24236,"47_163_72",36.5563159345957,-81.9601802361285
"24238",24237,"47_163_72",36.5467236051858,-81.9595442379423
"24239",24238,"47_163_72",36.5588678545997,-81.9749936440373
"24240",24239,"47_163_72",36.5649711007229,-81.9542913487305
"24241",24240,"47_9_52",35.6203539864446,-83.6657243749316
"24242",24241,"47_9_52",35.6231251835153,-83.674434447887
"24243",24242,"47_9_52",35.6176930636872,-83.654923647974
"24244",24243,"47_9_52",35.618512013616,-83.6675305096689
"24245",24244,"47_9_52",35.6175186169509,-83.6694963967492
"24246",24245,"47_9_52",35.6105642289327,-83.6600157594252
"24247",24246,"47_9_52",35.6145377157825,-83.6704386584698
"24248",24247,"47_9_52",35.6096135402782,-83.6765223784408
"24249",24248,"47_9_52",35.6239746543607,-83.6754252951072
"24250",24249,"47_9_52",35.6141651955912,-83.67183546433
"24251",24250,"47_9_54",35.6132423503185,-83.7578847761223
"24252",24251,"47_9_54",35.6205734093249,-83.766933927237
"24253",24252,"47_9_54",35.6094806046627,-83.7662815769807
"24254",24253,"47_9_54",35.6148476123459,-83.7811796554171
"24255",24254,"47_9_54",35.601097450692,-83.7655978025625
"24256",24255,"47_9_54",35.6080823805092,-83.7788267349415
"24257",24256,"47_9_54",35.5983486990534,-83.7743311446683
"24258",24257,"47_9_54",35.6190448287288,-83.7790081832966
"24259",24258,"47_9_54",35.6120404732701,-83.7676973467814
"24260",24259,"47_9_54",35.6119847254449,-83.7682637612052
"24261",24260,"47_9_55",35.5219361561952,-83.8173673457139
"24262",24261,"47_9_55",35.5292685169906,-83.8276905831161
"24263",24262,"47_9_55",35.529252038153,-83.8270633678408
"24264",24263,"47_9_55",35.5261789880947,-83.8416936453199
"24265",24264,"47_9_55",35.5284879698168,-83.8239234844688
"24266",24265,"47_9_55",35.5308457576315,-83.8285460964421
"24267",24266,"47_9_55",35.5328310220694,-83.8271156284943
"24268",24267,"47_9_55",35.5333896305948,-83.8151285907269
"24269",24268,"47_9_55",35.5367964629747,-83.8165828589134
"24270",24269,"47_9_55",35.5335655708586,-83.8322239178299
"24271",24270,"47_9_58",35.6047040873876,-83.9168108265787
"24272",24271,"47_9_58",35.6165513139169,-83.9265986383607
"24273",24272,"47_9_58",35.6176409719527,-83.9218819054478
"24274",24273,"47_9_58",35.6131648132709,-83.9149469214364
"24275",24274,"47_9_58",35.6202742894823,-83.9269069482248
"24276",24275,"47_9_58",35.6221529559771,-83.919042477588
"24277",24276,"47_9_58",35.617177192833,-83.9238844483588
"24278",24277,"47_9_58",35.6181208209016,-83.9106203676715
"24279",24278,"47_9_58",35.6167355111096,-83.921455429563
"24280",24279,"47_9_58",35.6225682224828,-83.9267566734666
"24281",24280,"47_9_61",35.5431045140359,-83.9865430922512
"24282",24281,"47_9_61",35.5526109514122,-83.9828229908543
"24283",24282,"47_9_61",35.5340700152769,-83.9904542684969
"24284",24283,"47_9_61",35.552364266725,-83.9839898962521
"24285",24284,"47_9_61",35.5447507902008,-83.982074949256
"24286",24285,"47_9_61",35.537263594114,-83.9805440582678
"24287",24286,"47_9_61",35.5427009443967,-83.9758707605788
"24288",24287,"47_9_61",35.5518221355262,-83.9902575940031
"24289",24288,"47_9_61",35.5458492591747,-83.9801373183849
"24290",24289,"47_9_61",35.5327187571436,-83.9804752817982
"24291",24290,"47_163_16",36.4193962492753,-82.1679932841858
"24292",24291,"47_163_16",36.4162530258434,-82.1723251951402
"24293",24292,"47_163_16",36.4155263271414,-82.1651106670132
"24294",24293,"47_163_16",36.4111295973077,-82.1590501823313
"24295",24294,"47_163_16",36.428912841713,-82.1770539202494
"24296",24295,"47_163_16",36.4173049292331,-82.1723207370154
"24297",24296,"47_163_16",36.4143855252326,-82.1606417530688
"24298",24297,"47_163_16",36.4302016746249,-82.1802204886874
"24299",24298,"47_163_16",36.4201364854996,-82.1702924175967
"24300",24299,"47_163_16",36.4223762160506,-82.1665802851189
"24301",24300,"47_163_25",36.4156782113255,-82.220947338977
"24302",24301,"47_163_25",36.416519098271,-82.2110135171943
"24303",24302,"47_163_25",36.411771382279,-82.2179182587478
"24304",24303,"47_163_25",36.4158746849959,-82.2050977731112
"24305",24304,"47_163_25",36.4186747627322,-82.2191053094773
"24306",24305,"47_163_25",36.4177180656821,-82.2316543509782
"24307",24306,"47_163_25",36.4207599085639,-82.2258506176742
"24308",24307,"47_163_25",36.4189877645495,-82.2142048300676
"24309",24308,"47_163_25",36.4192087026207,-82.2200380914987
"24310",24309,"47_163_25",36.4152444205913,-82.2021056533558
"24311",24310,"47_123_63",35.4203050759779,-84.1419843831503
"24312",24311,"47_123_63",35.4315537311523,-84.1369770861968
"24313",24312,"47_123_63",35.4371351909874,-84.1322375750195
"24314",24313,"47_123_63",35.4311041668581,-84.1393394019122
"24315",24314,"47_123_63",35.4312154236995,-84.1417948730766
"24316",24315,"47_123_63",35.4257280176452,-84.1378044058694
"24317",24316,"47_123_63",35.4215814023507,-84.1381145965466
"24318",24317,"47_123_63",35.4406101789716,-84.1319589579931
"24319",24318,"47_123_63",35.4279067850054,-84.1281984074265
"24320",24319,"47_123_63",35.4419851494951,-84.143146628059
"24321",24320,"47_139_66",35.0619557493456,-84.4609611285908
"24322",24321,"47_139_66",35.0611115472035,-84.4714250863991
"24323",24322,"47_139_66",35.0529399843032,-84.4594235064675
"24324",24323,"47_139_66",35.0617766564265,-84.4674856009217
"24325",24324,"47_139_66",35.0613017008469,-84.4566253281397
"24326",24325,"47_139_66",35.0640393572337,-84.4609410446117
"24327",24326,"47_139_66",35.0610281218052,-84.4681039896381
"24328",24327,"47_139_66",35.0642764010386,-84.4704174755444
"24329",24328,"47_139_66",35.0598272339285,-84.4692330161648
"24330",24329,"47_139_66",35.0514005465187,-84.4590529629058
"24331",24330,"47_171_48",36.1027436451154,-82.4735326327691
"24332",24331,"47_171_48",36.1000136776252,-82.4629252153139
"24333",24332,"47_171_48",36.0910179636701,-82.4740579751955
"24334",24333,"47_171_48",36.1053860435972,-82.4675387445789
"24335",24334,"47_171_48",36.1061672252084,-82.4722169221468
"24336",24335,"47_171_48",36.1016044237294,-82.4723389222548
"24337",24336,"47_171_48",36.108165728624,-82.4764003372589
"24338",24337,"47_171_48",36.1077130561953,-82.4613590911174
"24339",24338,"47_171_48",36.1034187724245,-82.4714996714163
"24340",24339,"47_171_48",36.1039358622261,-82.4753352824081
"24341",24340,"47_179_43",36.2020883095228,-82.4135348017872
"24342",24341,"47_179_43",36.1988308656215,-82.422201410395
"24343",24342,"47_179_43",36.1963750884436,-82.4263131951036
"24344",24343,"47_179_43",36.2086177149586,-82.4324279691835
"24345",24344,"47_179_43",36.198401539353,-82.4237996525516
"24346",24345,"47_179_43",36.1970855002771,-82.4308584773241
"24347",24346,"47_179_43",36.1979732229681,-82.4296128150987
"24348",24347,"47_179_43",36.2015929092931,-82.4240239356694
"24349",24348,"47_179_43",36.1972379685356,-82.4242350830579
"24350",24349,"47_179_43",36.1980918559817,-82.4352966698843
"24351",24350,"47_123_123",35.3459890601846,-84.0379127879899
"24352",24351,"47_123_123",35.3485097907656,-84.0426052071361
"24353",24352,"47_123_123",35.3425111773345,-84.0487008195881
"24354",24353,"47_123_123",35.3502687641147,-84.0548636483758
"24355",24354,"47_123_123",35.3479046854154,-84.0542182461761
"24356",24355,"47_123_123",35.3511622060731,-84.0490509308703
"24357",24356,"47_123_123",35.3486124576939,-84.048642332188
"24358",24357,"47_123_123",35.3534480927268,-84.0499128890033
"24359",24358,"47_123_123",35.3547651563956,-84.0352334767806
"24360",24359,"47_123_123",35.3511124094389,-84.041501513275
"24361",24360,"47_123_125",35.3500957548427,-84.1914913716156
"24362",24361,"47_123_125",35.3516943787251,-84.1871619180524
"24363",24362,"47_123_125",35.3529486855737,-84.2020806297178
"24364",24363,"47_123_125",35.3468341666225,-84.1902450146682
"24365",24364,"47_123_125",35.3507047708518,-84.1857699550724
"24366",24365,"47_123_125",35.3570958035289,-84.2054301055193
"24367",24366,"47_123_125",35.349701578955,-84.1994273055779
"24368",24367,"47_123_125",35.3469171202129,-84.1905665523169
"24369",24368,"47_123_125",35.3471749533116,-84.2026721425877
"24370",24369,"47_123_125",35.3464064526898,-84.1921485736784
"24371",24370,"47_123_129",35.2678029555514,-84.3638541238737
"24372",24371,"47_123_129",35.2656879811089,-84.3801716482131
"24373",24372,"47_123_129",35.2754776060236,-84.3534635745845
"24374",24373,"47_123_129",35.265114951528,-84.3645240038414
"24375",24374,"47_123_129",35.2662862602417,-84.3651883359158
"24376",24375,"47_123_129",35.2656092131437,-84.3649388462589
"24377",24376,"47_123_129",35.2706596328742,-84.3664226299964
"24378",24377,"47_123_129",35.2584554543636,-84.3670558016668
"24379",24378,"47_123_129",35.2658757772098,-84.3625142712802
"24380",24379,"47_123_129",35.2664112326102,-84.3630034221782
"24381",24380,"47_9_7",35.5784474107185,-83.7252252324734
"24382",24381,"47_9_7",35.5658854787884,-83.7259248087165
"24383",24382,"47_9_7",35.5816405147062,-83.7191913858663
"24384",24383,"47_9_7",35.5643385241353,-83.7254677369176
"24385",24384,"47_9_7",35.5729325315792,-83.7379982202936
"24386",24385,"47_9_7",35.57768323423,-83.7222267573965
"24387",24386,"47_9_7",35.5907276042563,-83.7330677802172
"24388",24387,"47_9_7",35.5767335195267,-83.7425441188241
"24389",24388,"47_9_7",35.5791648992873,-83.7310883392567
"24390",24389,"47_9_7",35.5708162999283,-83.7277143871487
"24391",24390,"47_9_25",35.6617104638622,-83.7171221628525
"24392",24391,"47_9_25",35.6605360113904,-83.7147266913389
"24393",24392,"47_9_25",35.6637391730301,-83.7179713040039
"24394",24393,"47_9_25",35.661002475152,-83.7247402174967
"24395",24394,"47_9_25",35.6679918777352,-83.7183586909236
"24396",24395,"47_9_25",35.6691890416827,-83.7204653347821
"24397",24396,"47_9_25",35.6603796223164,-83.7260631607805
"24398",24397,"47_9_25",35.6687860603903,-83.7140606409625
"24399",24398,"47_9_25",35.6616405286929,-83.7192576979038
"24400",24399,"47_9_25",35.6679028423733,-83.7055730616438
"24401",24400,"47_9_44",35.5701472357249,-83.8047892618236
"24402",24401,"47_9_44",35.5689597660203,-83.8052199731912
"24403",24402,"47_9_44",35.5782477237072,-83.8126232115189
"24404",24403,"47_9_44",35.5680364589713,-83.8173009995289
"24405",24404,"47_9_44",35.5638019295299,-83.8143498542437
"24406",24405,"47_9_44",35.5712097896222,-83.8046521046282
"24407",24406,"47_9_44",35.5844878015055,-83.8163007562569
"24408",24407,"47_9_44",35.5641012171724,-83.8207234466021
"24409",24408,"47_9_44",35.5736280124303,-83.8346662664017
"24410",24409,"47_9_44",35.5742313109511,-83.8200550018054
"24411",24410,"47_9_10",35.6132358793858,-83.8260196968857
"24412",24411,"47_9_10",35.6117712573526,-83.8174728818256
"24413",24412,"47_9_10",35.6147612604511,-83.8226885213016
"24414",24413,"47_9_10",35.6146264126951,-83.8324488885999
"24415",24414,"47_9_10",35.6139976140843,-83.8231575395588
"24416",24415,"47_9_10",35.6058034394664,-83.8141498236511
"24417",24416,"47_9_10",35.6254645820975,-83.8322536075089
"24418",24417,"47_9_10",35.6122069159966,-83.8145097967185
"24419",24418,"47_9_10",35.6151809192766,-83.8270933690808
"24420",24419,"47_9_10",35.6059289254289,-83.8168028496555
"24421",24420,"47_9_29",35.6557511102159,-83.8648657045171
"24422",24421,"47_9_29",35.6609289865993,-83.876632816034
"24423",24422,"47_9_29",35.6678196971895,-83.8802941005695
"24424",24423,"47_9_29",35.6618791825331,-83.8821304175349
"24425",24424,"47_9_29",35.6605300889808,-83.8669349587249
"24426",24425,"47_9_29",35.6615034271449,-83.8758294724417
"24427",24426,"47_9_29",35.6645717866194,-83.8725606947683
"24428",24427,"47_9_29",35.6634962184584,-83.8821028449595
"24429",24428,"47_9_29",35.6602071785417,-83.8787307159261
"24430",24429,"47_9_29",35.6649579818208,-83.8886761914341
"24431",24430,"47_9_30",35.6128211000622,-83.881043672523
"24432",24431,"47_9_30",35.6145872834512,-83.8882252327324
"24433",24432,"47_9_30",35.6126281101728,-83.8943403169388
"24434",24433,"47_9_30",35.6096151286643,-83.8665885295282
"24435",24434,"47_9_30",35.6153894402585,-83.8760528603132
"24436",24435,"47_9_30",35.6122866395135,-83.8791337678582
"24437",24436,"47_9_30",35.6169985495912,-83.8833292585006
"24438",24437,"47_9_30",35.613038676374,-83.8738810117714
"24439",24438,"47_9_30",35.6067330495924,-83.8767977742918
"24440",24439,"47_9_30",35.6202282831446,-83.8935800193704
"24441",24440,"47_9_13",35.5919070364024,-83.8609210863484
"24442",24441,"47_9_13",35.5845981131961,-83.863117208245
"24443",24442,"47_9_13",35.5739038255335,-83.8668066999744
"24444",24443,"47_9_13",35.5938234420983,-83.8606061784839
"24445",24444,"47_9_13",35.5796851884145,-83.8758404071837
"24446",24445,"47_9_13",35.5749547555251,-83.8628313709924
"24447",24446,"47_9_13",35.5812370552519,-83.8855643396484
"24448",24447,"47_9_13",35.588660848437,-83.8845635711405
"24449",24448,"47_9_13",35.5782389619181,-83.8672201976607
"24450",24449,"47_9_13",35.5838599364318,-83.8717722723772
"24451",24450,"47_9_31",35.5348379997238,-83.9238043480293
"24452",24451,"47_9_31",35.5379657832869,-83.9387620510544
"24453",24452,"47_9_31",35.5242271192692,-83.9504045423676
"24454",24453,"47_9_31",35.5246054073359,-83.9334089608614
"24455",24454,"47_9_31",35.5253051263505,-83.9331850232025
"24456",24455,"47_9_31",35.5341148407956,-83.9239025128106
"24457",24456,"47_9_31",35.5198821777,-83.9361161694651
"24458",24457,"47_9_31",35.52233626837,-83.9355361874656
"24459",24458,"47_9_31",35.5196667110307,-83.9351919596151
"24460",24459,"47_9_31",35.5300295543737,-83.9370905000039
"24461",24460,"47_9_47",35.5731570753741,-83.9774789350404
"24462",24461,"47_9_47",35.5707400281792,-83.9738170900963
"24463",24462,"47_9_47",35.5671036254135,-83.9782333713904
"24464",24463,"47_9_47",35.5849226561331,-83.9742572953556
"24465",24464,"47_9_47",35.5760616435548,-83.980204022591
"24466",24465,"47_9_47",35.5739584115325,-83.9748471652939
"24467",24466,"47_9_47",35.5714882624443,-83.9761392674716
"24468",24467,"47_9_47",35.5708502694286,-83.9663967530644
"24469",24468,"47_9_47",35.5707425895367,-83.9809938771627
"24470",24469,"47_9_47",35.5834790807029,-83.964386494742
"24471",24470,"47_29_29",35.8783178255112,-83.0990605406486
"24472",24471,"47_29_29",35.8916715467862,-83.112262132796
"24473",24472,"47_29_29",35.8900843575406,-83.0959213653925
"24474",24473,"47_29_29",35.8976282028811,-83.1120660709299
"24475",24474,"47_29_29",35.8910716931154,-83.0983948952329
"24476",24475,"47_29_29",35.8795932051361,-83.1150702761079
"24477",24476,"47_29_29",35.8775584997925,-83.1021264062071
"24478",24477,"47_29_29",35.8957440449986,-83.1150385025596
"24479",24478,"47_29_29",35.8902503878314,-83.0990054061683
"24480",24479,"47_29_29",35.8886981060326,-83.1096726168064
"24481",24480,"47_29_26",35.9252966354091,-83.1202023936774
"24482",24481,"47_29_26",35.9280132866451,-83.1196448899767
"24483",24482,"47_29_26",35.9222100791514,-83.1290457663363
"24484",24483,"47_29_26",35.9282922779747,-83.1210920662693
"24485",24484,"47_29_26",35.9270188412552,-83.1289210954257
"24486",24485,"47_29_26",35.920916080642,-83.1220513155944
"24487",24486,"47_29_26",35.935515619527,-83.1220591568661
"24488",24487,"47_29_26",35.9292909950065,-83.135031467968
"24489",24488,"47_29_26",35.9193147836547,-83.1099020657697
"24490",24489,"47_29_26",35.923640141735,-83.1183108531298
"24491",24490,"47_29_48",35.7625589878431,-83.2302271396148
"24492",24491,"47_29_48",35.7526977554555,-83.2276280522109
"24493",24492,"47_29_48",35.751970827635,-83.247982810125
"24494",24493,"47_29_48",35.7589303353786,-83.2358703003715
"24495",24494,"47_29_48",35.7587882663889,-83.2361239885426
"24496",24495,"47_29_48",35.7474469427291,-83.2316692107843
"24497",24496,"47_29_48",35.7468433775204,-83.2250469905264
"24498",24497,"47_29_48",35.7561008804917,-83.2420727499633
"24499",24498,"47_29_48",35.74671673496,-83.2384239224081
"24500",24499,"47_29_48",35.7530464045258,-83.2334587337084
"24501",24500,"47_163_24",36.5879669897477,-81.9501929498831
"24502",24501,"47_163_24",36.5814185855682,-81.9451331303603
"24503",24502,"47_163_24",36.5804393615281,-81.9268496771815
"24504",24503,"47_163_24",36.5762479630548,-81.9474243181023
"24505",24504,"47_163_24",36.5878305659746,-81.9417099191392
"24506",24505,"47_163_24",36.5883149192326,-81.9428006339955
"24507",24506,"47_163_24",36.5763452485345,-81.9488439819607
"24508",24507,"47_163_24",36.5765847353831,-81.9430348879125
"24509",24508,"47_163_24",36.5785424023391,-81.9445197249198
"24510",24509,"47_163_24",36.583861457272,-81.9550506293043
"24511",24510,"47_163_22",36.4576885034423,-82.1752093880694
"24512",24511,"47_163_22",36.4346013732303,-82.1638657229064
"24513",24512,"47_163_22",36.4460784546641,-82.1832938434855
"24514",24513,"47_163_22",36.4470052333371,-82.1695669999938
"24515",24514,"47_163_22",36.4425354636324,-82.1678475062189
"24516",24515,"47_163_22",36.4501810332931,-82.1641556486804
"24517",24516,"47_163_22",36.4427405783019,-82.1781163169062
"24518",24517,"47_163_22",36.4449506936562,-82.16375754758
"24519",24518,"47_163_22",36.4572987997655,-82.1616834364375
"24520",24519,"47_163_22",36.4445330186846,-82.1743623146364
"24521",24520,"47_29_65",35.9247523408095,-83.080971190255
"24522",24521,"47_29_65",35.9271304052623,-83.0766991638708
"24523",24522,"47_29_65",35.9334345869152,-83.0599556803413
"24524",24523,"47_29_65",35.9297824401685,-83.0696229816764
"24525",24524,"47_29_65",35.9364852867668,-83.0715586069604
"24526",24525,"47_29_65",35.9308480413401,-83.0640842350766
"24527",24526,"47_29_65",35.930880025889,-83.077419151102
"24528",24527,"47_29_65",35.9372040802201,-83.0774205910032
"24529",24528,"47_29_65",35.932142314245,-83.0610723905711
"24530",24529,"47_29_65",35.9374980418333,-83.069441419344
"24531",24530,"47_155_57",35.633824860719,-83.5057132333213
"24532",24531,"47_155_57",35.6273936463809,-83.4956343822653
"24533",24532,"47_155_57",35.6237875881246,-83.4966598803276
"24534",24533,"47_155_57",35.6320042233089,-83.5026636218516
"24535",24534,"47_155_57",35.6245440415976,-83.4952264082018
"24536",24535,"47_155_57",35.6229452542154,-83.4970615963341
"24537",24536,"47_155_57",35.6285992212949,-83.5017278076349
"24538",24537,"47_155_57",35.6354681293179,-83.4887536461376
"24539",24538,"47_155_57",35.6157762568618,-83.5119276992729
"24540",24539,"47_155_57",35.6345165291254,-83.508282263257
"24541",24540,"47_59_2",36.0739164276834,-82.669900084898
"24542",24541,"47_59_2",36.0807142280301,-82.6758498705295
"24543",24542,"47_59_2",36.0768391976191,-82.6841632714405
"24544",24543,"47_59_2",36.0674409129783,-82.6815155638842
"24545",24544,"47_59_2",36.0715662968268,-82.6685025930343
"24546",24545,"47_59_2",36.078657566222,-82.6744761118166
"24547",24546,"47_59_2",36.0621274390405,-82.6864839543304
"24548",24547,"47_59_2",36.0760779620209,-82.6776427501154
"24549",24548,"47_59_2",36.0712299669995,-82.6820546791671
"24550",24549,"47_59_2",36.064484026552,-82.6868273401877
"24551",24550,"47_91_52",36.5356304678309,-81.8367464609365
"24552",24551,"47_91_52",36.5345850625014,-81.8423846269171
"24553",24552,"47_91_52",36.535411283543,-81.8290986124196
"24554",24553,"47_91_52",36.5312699860791,-81.8375363379807
"24555",24554,"47_91_52",36.5337816120659,-81.8440844250358
"24556",24555,"47_91_52",36.5328763900543,-81.8414674964992
"24557",24556,"47_91_52",36.5220278323738,-81.8352655133348
"24558",24557,"47_91_52",36.5343141949048,-81.830680825606
"24559",24558,"47_91_52",36.5423640662592,-81.8511873591956
"24560",24559,"47_91_52",36.5438698985009,-81.8425445906361
"24561",24560,"47_91_55",36.2745904757267,-81.9509772121771
"24562",24561,"47_91_55",36.2675683941214,-81.9515252267088
"24563",24562,"47_91_55",36.279721432717,-81.9465992005018
"24564",24563,"47_91_55",36.2847620695763,-81.9400942191854
"24565",24564,"47_91_55",36.2874107557437,-81.9544056886884
"24566",24565,"47_91_55",36.2763832765301,-81.9525231059246
"24567",24566,"47_91_55",36.2845644199921,-81.9458539591252
"24568",24567,"47_91_55",36.2782553595408,-81.9449514821726
"24569",24568,"47_91_55",36.2778809114037,-81.9452450106528
"24570",24569,"47_91_55",36.2767569492294,-81.9428217357882
"24571",24570,"47_9_40",35.5999502802947,-83.885076873732
"24572",24571,"47_9_40",35.5907360200637,-83.9013274908781
"24573",24572,"47_9_40",35.6044750551678,-83.8773899103416
"24574",24573,"47_9_40",35.6024184035539,-83.8899168722106
"24575",24574,"47_9_40",35.5953624262244,-83.8726286480477
"24576",24575,"47_9_40",35.6007258654551,-83.8861269074949
"24577",24576,"47_9_40",35.5995174603934,-83.8792394937113
"24578",24577,"47_9_40",35.6140453687293,-83.8910023709696
"24579",24578,"47_9_40",35.6034766888623,-83.8900120550517
"24580",24579,"47_9_40",35.5929534502908,-83.9042307538386
"24581",24580,"47_139_25",35.2233881122718,-84.5389622793526
"24582",24581,"47_139_25",35.2179764009952,-84.5281287891257
"24583",24582,"47_139_25",35.2139077837454,-84.5426569961866
"24584",24583,"47_139_25",35.2277071336246,-84.5311279472991
"24585",24584,"47_139_25",35.2276583196743,-84.5467914794642
"24586",24585,"47_139_25",35.2335157487638,-84.5287000888884
"24587",24586,"47_139_25",35.2266475119971,-84.5288388550611
"24588",24587,"47_139_25",35.2208982625153,-84.536394111755
"24589",24588,"47_139_25",35.2222678632566,-84.5342667880009
"24590",24589,"47_139_25",35.2261346820253,-84.5353218105055
"24591",24590,"47_139_49",35.1188793969277,-84.6114848255678
"24592",24591,"47_139_49",35.1185364052749,-84.6170705589716
"24593",24592,"47_139_49",35.1217569844303,-84.6164311412942
"24594",24593,"47_139_49",35.1143169529526,-84.6267893685147
"24595",24594,"47_139_49",35.1199603099723,-84.6179106878026
"24596",24595,"47_139_49",35.1158201041302,-84.6206429924806
"24597",24596,"47_139_49",35.1205518477634,-84.6192296084754
"24598",24597,"47_139_49",35.1210034251174,-84.6243088517243
"24599",24598,"47_139_49",35.1170069324705,-84.6134153355631
"24600",24599,"47_139_49",35.1095614827858,-84.6130395289328
"24601",24600,"47_139_51",35.0939970464648,-84.642918707515
"24602",24601,"47_139_51",35.090702660972,-84.6475869716852
"24603",24602,"47_139_51",35.106177728358,-84.6411252144272
"24604",24603,"47_139_51",35.094644553338,-84.6414828030801
"24605",24604,"47_139_51",35.0971863212457,-84.630859018309
"24606",24605,"47_139_51",35.0905321766787,-84.6473372135046
"24607",24606,"47_139_51",35.0942391795548,-84.6510180882157
"24608",24607,"47_139_51",35.0878776648461,-84.642079612145
"24609",24608,"47_139_51",35.0914735021581,-84.643906026469
"24610",24609,"47_139_51",35.0969233168552,-84.6443106859671
"24611",24610,"47_139_52",35.0401797331531,-84.6527829072876
"24612",24611,"47_139_52",35.0356635976552,-84.6545156986256
"24613",24612,"47_139_52",35.041876471694,-84.6547440592398
"24614",24613,"47_139_52",35.0348867095376,-84.6556814795549
"24615",24614,"47_139_52",35.0445587025312,-84.6526762127478
"24616",24615,"47_139_52",35.0465089618358,-84.6563416039132
"24617",24616,"47_139_52",35.0409991663944,-84.6597252586276
"24618",24617,"47_139_52",35.0528711527623,-84.6516111831096
"24619",24618,"47_139_52",35.0467323075934,-84.6508011541459
"24620",24619,"47_139_52",35.0533820450351,-84.6448874570603
"24621",24620,"47_155_42",35.663505941729,-83.5042491939824
"24622",24621,"47_155_42",35.6707804624055,-83.5085268194889
"24623",24622,"47_155_42",35.6663857522477,-83.5056263615848
"24624",24623,"47_155_42",35.6608532873285,-83.5074722846895
"24625",24624,"47_155_42",35.6629993516253,-83.4957605002781
"24626",24625,"47_155_42",35.6711232477765,-83.50698070315
"24627",24626,"47_155_42",35.6482232769535,-83.517713756974
"24628",24627,"47_155_42",35.6699736729212,-83.5088014088436
"24629",24628,"47_155_42",35.6608339713659,-83.5188251659379
"24630",24629,"47_155_42",35.6570798735819,-83.5112163288591
"24631",24630,"47_155_12",35.6120360493978,-83.602738064441
"24632",24631,"47_155_12",35.6091219245064,-83.6028451333551
"24633",24632,"47_155_12",35.6097190630871,-83.6180864193114
"24634",24633,"47_155_12",35.6183876849037,-83.6137720929794
"24635",24634,"47_155_12",35.6095259187837,-83.5993534618313
"24636",24635,"47_155_12",35.6114335183269,-83.6162812928848
"24637",24636,"47_155_12",35.6099284843758,-83.6050489414876
"24638",24637,"47_155_12",35.6082225876871,-83.6137759865379
"24639",24638,"47_155_12",35.6159531693658,-83.592398858241
"24640",24639,"47_155_12",35.6076808913817,-83.596807917777
"24641",24640,"47_155_4",35.5798388782735,-83.5944923153708
"24642",24641,"47_155_4",35.582766791454,-83.5991978517396
"24643",24642,"47_155_4",35.5878316697785,-83.6207494004828
"24644",24643,"47_155_4",35.5938847613122,-83.5987952570245
"24645",24644,"47_155_4",35.5896485641481,-83.6111377394057
"24646",24645,"47_155_4",35.5823340255723,-83.6030651214334
"24647",24646,"47_155_4",35.5905251048239,-83.5929855330396
"24648",24647,"47_155_4",35.5816539938186,-83.5897381376527
"24649",24648,"47_155_4",35.5841447586647,-83.6048421297562
"24650",24649,"47_155_4",35.5902876743394,-83.6074155823982
"24651",24650,"47_163_17",36.5398614843703,-82.0338827265481
"24652",24651,"47_163_17",36.5355478181402,-82.0224191085022
"24653",24652,"47_163_17",36.5271591465419,-82.0402425404583
"24654",24653,"47_163_17",36.5331751718464,-82.0204735276503
"24655",24654,"47_163_17",36.5325823863136,-82.0268949736541
"24656",24655,"47_163_17",36.5414753780792,-82.0269883627738
"24657",24656,"47_163_17",36.5258994608838,-82.0237489526829
"24658",24657,"47_163_17",36.5321918154542,-82.029235966922
"24659",24658,"47_163_17",36.5266950577949,-82.0288245868998
"24660",24659,"47_163_17",36.5340320364872,-82.0385281805114
"24661",24660,"47_163_15",36.4645519344536,-82.1256843880969
"24662",24661,"47_163_15",36.468303341754,-82.1266389657641
"24663",24662,"47_163_15",36.4577107608684,-82.1279612917272
"24664",24663,"47_163_15",36.4820167183371,-82.1264293102191
"24665",24664,"47_163_15",36.475793029014,-82.1375062786973
"24666",24665,"47_163_15",36.4736429305037,-82.1424238043642
"24667",24666,"47_163_15",36.4738762544385,-82.1400813979817
"24668",24667,"47_163_15",36.4598353631286,-82.1301370474057
"24669",24668,"47_163_15",36.4699339501393,-82.1306032698233
"24670",24669,"47_163_15",36.4682054595893,-82.1355204749195
"24671",24670,"47_29_20",35.915596913923,-83.0849959336894
"24672",24671,"47_29_20",35.911119760629,-83.111454183543
"24673",24672,"47_29_20",35.9056636178008,-83.0858757097625
"24674",24673,"47_29_20",35.9073567226129,-83.0982068710923
"24675",24674,"47_29_20",35.9221182968098,-83.1006502723739
"24676",24675,"47_29_20",35.8990164205817,-83.0889151336587
"24677",24676,"47_29_20",35.9037759276631,-83.1005762189898
"24678",24677,"47_29_20",35.8987058411483,-83.1026561112716
"24679",24678,"47_29_20",35.9068315208248,-83.1047585258853
"24680",24679,"47_29_20",35.9085106274181,-83.0897550588174
"24681",24680,"47_171_12",36.1664335572478,-82.3414733019921
"24682",24681,"47_171_12",36.1695372826819,-82.336089200551
"24683",24682,"47_171_12",36.1698441444308,-82.3456039664004
"24684",24683,"47_171_12",36.1711528082629,-82.3301985522648
"24685",24684,"47_171_12",36.1578843836596,-82.3442359575664
"24686",24685,"47_171_12",36.1786711998632,-82.357005991939
"24687",24686,"47_171_12",36.1748314538164,-82.3402308562941
"24688",24687,"47_171_12",36.1684483611517,-82.3460373508789
"24689",24688,"47_171_12",36.164652059157,-82.3493337041189
"24690",24689,"47_171_12",36.1772092511127,-82.3311433923535
"24691",24690,"47_123_40",35.2665330418339,-84.2349077483626
"24692",24691,"47_123_40",35.2785393213004,-84.2324540590748
"24693",24692,"47_123_40",35.2814724458461,-84.2198475682198
"24694",24693,"47_123_40",35.2794142807342,-84.2261692996289
"24695",24694,"47_123_40",35.2822853314307,-84.2292355614613
"24696",24695,"47_123_40",35.2715599483298,-84.239852595032
"24697",24696,"47_123_40",35.2855408967166,-84.2472934522264
"24698",24697,"47_123_40",35.2726782112452,-84.2205300651461
"24699",24698,"47_123_40",35.2777562753263,-84.2330523691405
"24700",24699,"47_123_40",35.2816385782473,-84.224506058676
"24701",24700,"47_123_43",35.3967639842194,-84.2049765913406
"24702",24701,"47_123_43",35.4034069691385,-84.1976325587402
"24703",24702,"47_123_43",35.400427346377,-84.2123270952375
"24704",24703,"47_123_43",35.408752787785,-84.2077652803189
"24705",24704,"47_123_43",35.3936789927953,-84.2134927251405
"24706",24705,"47_123_43",35.3949680576006,-84.2056018572562
"24707",24706,"47_123_43",35.396963437338,-84.2152936839503
"24708",24707,"47_123_43",35.4044106790865,-84.2256792949655
"24709",24708,"47_123_43",35.403106416482,-84.2100214939595
"24710",24709,"47_123_43",35.4100258067594,-84.2144151012991
"24711",24710,"47_179_7",36.1794869502339,-82.474433645416
"24712",24711,"47_179_7",36.167337743692,-82.4633108454406
"24713",24712,"47_179_7",36.1804201299045,-82.4600284301886
"24714",24713,"47_179_7",36.1760557855545,-82.4623097699498
"24715",24714,"47_179_7",36.1818881666439,-82.4813193660803
"24716",24715,"47_179_7",36.1861231057357,-82.4612509415928
"24717",24716,"47_179_7",36.1783283326839,-82.4886366052839
"24718",24717,"47_179_7",36.190138221002,-82.4743604581654
"24719",24718,"47_179_7",36.1776098297199,-82.4652111563314
"24720",24719,"47_179_7",36.1824900209087,-82.4788978631211
"24721",24720,"47_91_6",36.5992530112977,-81.6934659005123
"24722",24721,"47_91_6",36.5979584677718,-81.6861757405809
"24723",24722,"47_91_6",36.5970165511416,-81.6726603990178
"24724",24723,"47_91_6",36.5937108353583,-81.694567515509
"24725",24724,"47_91_6",36.5996897377498,-81.6818219499373
"24726",24725,"47_91_6",36.6018783024264,-81.6868725916335
"24727",24726,"47_91_6",36.5976467447157,-81.6869204891978
"24728",24727,"47_91_6",36.5927056470459,-81.6771465521587
"24729",24728,"47_91_6",36.5947236036851,-81.6784542701396
"24730",24729,"47_91_6",36.5873982100904,-81.6803173481354
"24731",24730,"47_19_9",36.4506691722011,-82.0668488376445
"24732",24731,"47_19_9",36.4459341009809,-82.0711952880483
"24733",24732,"47_19_9",36.4500911857018,-82.0708075819961
"24734",24733,"47_19_9",36.4528151631728,-82.0678070262764
"24735",24734,"47_19_9",36.4488248675761,-82.0670524339003
"24736",24735,"47_19_9",36.4519908140169,-82.066892778736
"24737",24736,"47_19_9",36.4548188820822,-82.063044643831
"24738",24737,"47_19_9",36.4598197589667,-82.0779498458161
"24739",24738,"47_19_9",36.4647844779927,-82.0617682525441
"24740",24739,"47_19_9",36.4534871033584,-82.0674270717243
"24741",24740,"47_171_3",36.132342070442,-82.4526544109841
"24742",24741,"47_171_3",36.1278618867191,-82.4479728869843
"24743",24742,"47_171_3",36.1297570289707,-82.4495691245075
"24744",24743,"47_171_3",36.1443799657992,-82.4514654161106
"24745",24744,"47_171_3",36.1347142588915,-82.4506701667495
"24746",24745,"47_171_3",36.1297421032466,-82.4534312063897
"24747",24746,"47_171_3",36.1359904514085,-82.4551889970467
"24748",24747,"47_171_3",36.1319544187449,-82.4411101958256
"24749",24748,"47_171_3",36.1295919355885,-82.448671379881
"24750",24749,"47_171_3",36.1285002746978,-82.4621507531998
"24751",24750,"47_139_6",35.1306259422236,-84.4307280832494
"24752",24751,"47_139_6",35.1206861581132,-84.4004247875249
"24753",24752,"47_139_6",35.1287089340652,-84.4148603753733
"24754",24753,"47_139_6",35.1298462042899,-84.4206238199311
"24755",24754,"47_139_6",35.1253134651335,-84.4158673527796
"24756",24755,"47_139_6",35.1268252313704,-84.4137029941842
"24757",24756,"47_139_6",35.1231581295782,-84.4193960243452
"24758",24757,"47_139_6",35.1269287957969,-84.411613238489
"24759",24758,"47_139_6",35.1253426196473,-84.411888754686
"24760",24759,"47_139_6",35.127375657704,-84.4055742993761
"24761",24760,"47_59_13",35.9799250332266,-82.8313823523251
"24762",24761,"47_59_13",35.9754426183688,-82.8411251772431
"24763",24762,"47_59_13",35.981800448309,-82.8323356378093
"24764",24763,"47_59_13",35.9879289574258,-82.8320292349666
"24765",24764,"47_59_13",35.9862124943909,-82.8266332512132
"24766",24765,"47_59_13",35.9684257969143,-82.8292751791239
"24767",24766,"47_59_13",35.981954900595,-82.8320919272584
"24768",24767,"47_59_13",35.985148258113,-82.8355943255486
"24769",24768,"47_59_13",35.9939051256771,-82.8343683754854
"24770",24769,"47_59_13",35.9845449986108,-82.8474564774463
"24771",24770,"47_29_11",35.9612792325212,-82.9420104328956
"24772",24771,"47_29_11",35.9570794541922,-82.9388850732372
"24773",24772,"47_29_11",35.9498338053311,-82.9445231587834
"24774",24773,"47_29_11",35.9540312089956,-82.9357173192348
"24775",24774,"47_29_11",35.9482370173436,-82.9483138802802
"24776",24775,"47_29_11",35.9556474215008,-82.9537158929982
"24777",24776,"47_29_11",35.9621925577728,-82.9438820741533
"24778",24777,"47_29_11",35.9615294188701,-82.9349329223662
"24779",24778,"47_29_11",35.9576879287184,-82.9593587954839
"24780",24779,"47_29_11",35.957871441134,-82.9334796562281
"24781",24780,"47_123_38",35.2618010074393,-84.1599798923325
"24782",24781,"47_123_38",35.2590078987345,-84.1612316653559
"24783",24782,"47_123_38",35.261130141539,-84.1605131935142
"24784",24783,"47_123_38",35.2630258057299,-84.1579185021804
"24785",24784,"47_123_38",35.2625864573318,-84.168220727116
"24786",24785,"47_123_38",35.2566833930362,-84.1741957174763
"24787",24786,"47_123_38",35.2629988492408,-84.1578802991326
"24788",24787,"47_123_38",35.2548559983512,-84.1460059543243
"24789",24788,"47_123_38",35.2677946707901,-84.1573897914517
"24790",24789,"47_123_38",35.265426744151,-84.1430057269125
"24791",24790,"47_139_55",35.226296226793,-84.404405216536
"24792",24791,"47_139_55",35.2385305321729,-84.4020697221322
"24793",24792,"47_139_55",35.2492553899762,-84.3960533727681
"24794",24793,"47_139_55",35.2378366662772,-84.4033740659277
"24795",24794,"47_139_55",35.2435015388664,-84.4160770256172
"24796",24795,"47_139_55",35.2280944760806,-84.4027005734677
"24797",24796,"47_139_55",35.2235368513955,-84.3985157971702
"24798",24797,"47_139_55",35.2327308569901,-84.4119369566956
"24799",24798,"47_139_55",35.2343281615084,-84.401742445103
"24800",24799,"47_139_55",35.2475934055112,-84.3978221440764
"24801",24800,"47_139_18",35.1997513345891,-84.4378336954916
"24802",24801,"47_139_18",35.2177707958213,-84.4523524830135
"24803",24802,"47_139_18",35.206420832409,-84.4588146198525
"24804",24803,"47_139_18",35.2104051249335,-84.4446737618354
"24805",24804,"47_139_18",35.2056919519614,-84.4435149222849
"24806",24805,"47_139_18",35.2010072628174,-84.4428280043181
"24807",24806,"47_139_18",35.2165020647252,-84.4470701481822
"24808",24807,"47_139_18",35.1955187537924,-84.4404755677943
"24809",24808,"47_139_18",35.2095081796177,-84.4424248425581
"24810",24809,"47_139_18",35.2099765247519,-84.4432069693381
"24811",24810,"47_163_1",36.5932723876809,-81.9495015704003
"24812",24811,"47_163_1",36.5761421185119,-81.9469392872978
"24813",24812,"47_163_1",36.584205957791,-81.9365924108583
"24814",24813,"47_163_1",36.5809997111802,-81.9441950901482
"24815",24814,"47_163_1",36.5787031409627,-81.9363759527634
"24816",24815,"47_163_1",36.5824256258257,-81.9341609288566
"24817",24816,"47_163_1",36.5810546088526,-81.9416707513832
"24818",24817,"47_163_1",36.5950519775649,-81.9376925895407
"24819",24818,"47_163_1",36.5836909789284,-81.9470024790452
"24820",24819,"47_163_1",36.579393768279,-81.9461129923528
"24821",24820,"47_19_5",36.1965227981615,-82.1050707403624
"24822",24821,"47_19_5",36.1987399682485,-82.110057017636
"24823",24822,"47_19_5",36.198958319469,-82.1186677969392
"24824",24823,"47_19_5",36.207091057202,-82.1018768836495
"24825",24824,"47_19_5",36.1958913116052,-82.093260178037
"24826",24825,"47_19_5",36.1997722269332,-82.1205127073159
"24827",24826,"47_19_5",36.1988131946601,-82.0909873898453
"24828",24827,"47_19_5",36.1905968325524,-82.1086070423636
"24829",24828,"47_19_5",36.2028247432543,-82.0984973885117
"24830",24829,"47_19_5",36.2095023280497,-82.1152400009922
"24831",24830,"47_19_11",36.4205664807268,-82.1218778225982
"24832",24831,"47_19_11",36.4223290336916,-82.1203976204992
"24833",24832,"47_19_11",36.4260810635066,-82.1154002190684
"24834",24833,"47_19_11",36.4220474324582,-82.1210773173177
"24835",24834,"47_19_11",36.4226751672216,-82.1259845330722
"24836",24835,"47_19_11",36.4199216923654,-82.1187150085038
"24837",24836,"47_19_11",36.4149156510896,-82.1102999473749
"24838",24837,"47_19_11",36.4203819590292,-82.1317007430834
"24839",24838,"47_19_11",36.4251969974256,-82.1350151356157
"24840",24839,"47_19_11",36.4139634383398,-82.1319547362988
"24841",24840,"47_107_2",35.340565912197,-84.4339831265412
"24842",24841,"47_107_2",35.3405985424548,-84.4225456896365
"24843",24842,"47_107_2",35.3390815429813,-84.4334483632568
"24844",24843,"47_107_2",35.3303212748734,-84.4389696318106
"24845",24844,"47_107_2",35.3397036206678,-84.4340879757788
"24846",24845,"47_107_2",35.3335915482906,-84.4393836679346
"24847",24846,"47_107_2",35.3385004877201,-84.4351657483625
"24848",24847,"47_107_2",35.3455540528482,-84.4247018079932
"24849",24848,"47_107_2",35.3347371189767,-84.4251992886786
"24850",24849,"47_107_2",35.3448487225783,-84.4336714513626
"24851",24850,"47_163_13",36.445650246616,-82.2042294237031
"24852",24851,"47_163_13",36.4288148472012,-82.199327634763
"24853",24852,"47_163_13",36.4306845223384,-82.1977150505745
"24854",24853,"47_163_13",36.4262336955332,-82.200743243592
"24855",24854,"47_163_13",36.4284448321564,-82.2068159045506
"24856",24855,"47_163_13",36.4300515204823,-82.1952733318
"24857",24856,"47_163_13",36.4436553832022,-82.203133386
"24858",24857,"47_163_13",36.4289514243728,-82.1893049403678
"24859",24858,"47_163_13",36.4307510487735,-82.2048748834415
"24860",24859,"47_163_13",36.434438563341,-82.2188266728887
"24861",24860,"47_171_7",36.1979504544454,-82.2877439333161
"24862",24861,"47_171_7",36.202935669598,-82.302886455879
"24863",24862,"47_171_7",36.2021047886782,-82.2840698996955
"24864",24863,"47_171_7",36.206683415294,-82.2885553332791
"24865",24864,"47_171_7",36.2058589110089,-82.3035968813152
"24866",24865,"47_171_7",36.1851540526403,-82.2862598611308
"24867",24866,"47_171_7",36.1994195966132,-82.295388949447
"24868",24867,"47_171_7",36.2003524561307,-82.2907261719824
"24869",24868,"47_171_7",36.2077225212719,-82.2898520031211
"24870",24869,"47_171_7",36.2066570863092,-82.2905422505673
"24871",24870,"47_139_44",35.068599283503,-84.5959089824029
"24872",24871,"47_139_44",35.0708317188539,-84.6006972036448
"24873",24872,"47_139_44",35.0703682927264,-84.5921562770226
"24874",24873,"47_139_44",35.0611365758555,-84.6083815279103
"24875",24874,"47_139_44",35.0741576820851,-84.5956340011518
"24876",24875,"47_139_44",35.0663547983368,-84.5908987984574
"24877",24876,"47_139_44",35.0750224625475,-84.5933097362605
"24878",24877,"47_139_44",35.0654417265963,-84.5971128065286
"24879",24878,"47_139_44",35.060870897195,-84.5856149203854
"24880",24879,"47_139_44",35.0698149641736,-84.5977498710564
"24881",24880,"47_19_65",36.3076229349505,-82.1318246782614
"24882",24881,"47_19_65",36.305602215636,-82.1147004411725
"24883",24882,"47_19_65",36.3068333385086,-82.1327756121199
"24884",24883,"47_19_65",36.2864217084149,-82.1165063239307
"24885",24884,"47_19_65",36.2955463392096,-82.1247414961713
"24886",24885,"47_19_65",36.2983251983294,-82.1311156260538
"24887",24886,"47_19_65",36.2960745355696,-82.1278638793348
"24888",24887,"47_19_65",36.307836471565,-82.1169045792586
"24889",24888,"47_19_65",36.2944491680582,-82.1180403115608
"24890",24889,"47_19_65",36.2939573712864,-82.1147476735024
"24891",24890,"47_19_42",36.4525136043021,-82.0141461186775
"24892",24891,"47_19_42",36.4575380537859,-81.9870901998355
"24893",24892,"47_19_42",36.4565020515492,-81.9947715857366
"24894",24893,"47_19_42",36.4504242461434,-82.000876724256
"24895",24894,"47_19_42",36.448224964524,-81.9942809835054
"24896",24895,"47_19_42",36.443529203567,-82.0169005287803
"24897",24896,"47_19_42",36.4591099269596,-82.0113255937
"24898",24897,"47_19_42",36.436129052316,-82.0011361563974
"24899",24898,"47_19_42",36.4507829812518,-82.0008165061021
"24900",24899,"47_19_42",36.4508809357969,-81.9925068133583
"24901",24900,"47_123_118",35.5133668205389,-84.1059408097262
"24902",24901,"47_123_118",35.538170964377,-84.0959924094042
"24903",24902,"47_123_118",35.5231956949893,-84.09049347067
"24904",24903,"47_123_118",35.5294259455398,-84.1016791585282
"24905",24904,"47_123_118",35.5277232222352,-84.0924657420523
"24906",24905,"47_123_118",35.5257193724429,-84.0970101751767
"24907",24906,"47_123_118",35.5391397836737,-84.0995847966634
"24908",24907,"47_123_118",35.5318450281926,-84.1052214886531
"24909",24908,"47_123_118",35.5264260611265,-84.1045563152962
"24910",24909,"47_123_118",35.523514257014,-84.1015507357623
"24911",24910,"47_123_111",35.3115757094011,-84.0937714266965
"24912",24911,"47_123_111",35.308484601118,-84.0914395765106
"24913",24912,"47_123_111",35.294585198124,-84.0902052833553
"24914",24913,"47_123_111",35.2987140334999,-84.0833477223333
"24915",24914,"47_123_111",35.2934139682619,-84.0874304717252
"24916",24915,"47_123_111",35.2962278960472,-84.0976380341775
"24917",24916,"47_123_111",35.3056682788826,-84.0943719233803
"24918",24917,"47_123_111",35.2980142611472,-84.0906416117704
"24919",24918,"47_123_111",35.3059038661365,-84.0956775345046
"24920",24919,"47_123_111",35.3187384453851,-84.0884359271533
"24921",24920,"47_123_112",35.3928623658129,-84.1877949241749
"24922",24921,"47_123_112",35.4035528190584,-84.1979273210466
"24923",24922,"47_123_112",35.3932144064421,-84.2064669535081
"24924",24923,"47_123_112",35.3933658859267,-84.2093521287811
"24925",24924,"47_123_112",35.3943441977371,-84.203926915054
"24926",24925,"47_123_112",35.3925173045467,-84.2084873199852
"24927",24926,"47_123_112",35.4055896006898,-84.2103068188206
"24928",24927,"47_123_112",35.404495560988,-84.1961790557448
"24929",24928,"47_123_112",35.3991392948725,-84.2020280299536
"24930",24929,"47_123_112",35.3841040217312,-84.2017455951631
"24931",24930,"47_123_119",35.2863490308698,-84.2185885240291
"24932",24931,"47_123_119",35.2910598037084,-84.216813410782
"24933",24932,"47_123_119",35.2850854525114,-84.2192490020837
"24934",24933,"47_123_119",35.2985840657753,-84.210281214497
"24935",24934,"47_123_119",35.2857068600398,-84.204895165172
"24936",24935,"47_123_119",35.279520238799,-84.2159382433722
"24937",24936,"47_123_119",35.2823795617679,-84.2149207771019
"24938",24937,"47_123_119",35.3004539464461,-84.2239144180809
"24939",24938,"47_123_119",35.2768947091368,-84.2125000998022
"24940",24939,"47_123_119",35.2883016954351,-84.2142517957184
"24941",24940,"47_91_25",36.5156722767396,-81.9542812890682
"24942",24941,"47_91_25",36.520902097575,-81.9482305842359
"24943",24942,"47_91_25",36.5191625617383,-81.9517710885231
"24944",24943,"47_91_25",36.523364625726,-81.9503564641986
"24945",24944,"47_91_25",36.5326669646897,-81.955088756128
"24946",24945,"47_91_25",36.5166476328056,-81.9574411855797
"24947",24946,"47_91_25",36.5249083367933,-81.9461474339116
"24948",24947,"47_91_25",36.5214113664583,-81.9466507732527
"24949",24948,"47_91_25",36.5263172607045,-81.9530177070571
"24950",24949,"47_91_25",36.5360382464524,-81.9501403004517
"24951",24950,"47_139_62",35.0900744344279,-84.588475369174
"24952",24951,"47_139_62",35.0831619083007,-84.5811806941911
"24953",24952,"47_139_62",35.0893341050213,-84.5951297943915
"24954",24953,"47_139_62",35.0850631168008,-84.5765130935805
"24955",24954,"47_139_62",35.0779331513763,-84.591998953883
"24956",24955,"47_139_62",35.0897232371545,-84.5937214785077
"24957",24956,"47_139_62",35.0999949180736,-84.5804540704323
"24958",24957,"47_139_62",35.0808804607379,-84.60098979582
"24959",24958,"47_139_62",35.0824269233219,-84.5817992149719
"24960",24959,"47_139_62",35.0804235764275,-84.5812248013855
"24961",24960,"47_123_122",35.4639136078224,-83.996677967344
"24962",24961,"47_123_122",35.4721168564599,-83.9851344207195
"24963",24962,"47_123_122",35.4715107332067,-83.9839859486047
"24964",24963,"47_123_122",35.4682048057934,-83.9870447401723
"24965",24964,"47_123_122",35.4800706405459,-83.9791589293338
"24966",24965,"47_123_122",35.4740125455473,-83.9843082540466
"24967",24966,"47_123_122",35.4719702400793,-83.9848183791163
"24968",24967,"47_123_122",35.4684354932987,-83.9821257800358
"24969",24968,"47_123_122",35.4658357473755,-83.9819863342477
"24970",24969,"47_123_122",35.4612985363042,-83.9838730425576
"24971",24970,"47_155_33",35.6598739084873,-83.5671128292681
"24972",24971,"47_155_33",35.6730273386226,-83.5643471764341
"24973",24972,"47_155_33",35.6638598853176,-83.5782537750654
"24974",24973,"47_155_33",35.6726820168062,-83.5688843841449
"24975",24974,"47_155_33",35.6574373212906,-83.5628249956498
"24976",24975,"47_155_33",35.666601242292,-83.5750466701412
"24977",24976,"47_155_33",35.6618897670662,-83.5820070334883
"24978",24977,"47_155_33",35.6708328686657,-83.5723796923549
"24979",24978,"47_155_33",35.6589115984619,-83.5788730033709
"24980",24979,"47_155_33",35.6651425556235,-83.5617498635422
"24981",24980,"47_139_38",34.9961165771724,-84.4790898303077
"24982",24981,"47_139_38",34.9930260743821,-84.4824641828221
"24983",24982,"47_139_38",34.9960310139809,-84.4729109450209
"24984",24983,"47_139_38",35.0054168761858,-84.4841734183565
"24985",24984,"47_139_38",34.9990829207207,-84.4767466060872
"24986",24985,"47_139_38",35.00113218249,-84.4840206581385
"24987",24986,"47_139_38",34.9848248689653,-84.4860642592419
"24988",24987,"47_139_38",34.9972163559567,-84.4937577894
"24989",24988,"47_139_38",34.9972488076345,-84.4666234939123
"24990",24989,"47_139_38",34.9849840749523,-84.488466557938
"24991",24990,"47_91_22",36.3807115813751,-82.0491605069143
"24992",24991,"47_91_22",36.3788376585755,-82.0454438485155
"24993",24992,"47_91_22",36.3837610159909,-82.044245462338
"24994",24993,"47_91_22",36.3884150461959,-82.0579253150695
"24995",24994,"47_91_22",36.3679588056206,-82.0440494385547
"24996",24995,"47_91_22",36.3784702313484,-82.0457882969932
"24997",24996,"47_91_22",36.3781410264102,-82.0462250299723
"24998",24997,"47_91_22",36.3756783301128,-82.0441873790049
"24999",24998,"47_91_22",36.3817360866477,-82.0417723288572
"25000",24999,"47_91_22",36.3770459079524,-82.0476663069594
"25001",25000,"47_19_17",36.2975546448017,-82.066934706362
"25002",25001,"47_19_17",36.3001547479628,-82.0714918097743
"25003",25002,"47_19_17",36.2941622910999,-82.0652523363389
"25004",25003,"47_19_17",36.2991105692517,-82.0705059014917
"25005",25004,"47_19_17",36.3004146848003,-82.0734038109079
"25006",25005,"47_19_17",36.3092099591165,-82.0619544043724
"25007",25006,"47_19_17",36.295286807701,-82.0660924840799
"25008",25007,"47_19_17",36.2972732212739,-82.0628688295429
"25009",25008,"47_19_17",36.3002661159161,-82.0660387578623
"25010",25009,"47_19_17",36.2931494516193,-82.0698907650775
"25011",25010,"47_179_6",36.2339521984911,-82.4182946144967
"25012",25011,"47_179_6",36.2396850784139,-82.4137310837078
"25013",25012,"47_179_6",36.2285167873738,-82.4121172865575
"25014",25013,"47_179_6",36.2380128169769,-82.4037907724384
"25015",25014,"47_179_6",36.2311926444793,-82.4074651176188
"25016",25015,"47_179_6",36.2344903310072,-82.4179726750961
"25017",25016,"47_179_6",36.2194340464262,-82.4109006453671
"25018",25017,"47_179_6",36.2420301687652,-82.4145065910671
"25019",25018,"47_179_6",36.2330260225846,-82.4133261440291
"25020",25019,"47_179_6",36.2210111620355,-82.3958474048858
"25021",25020,"47_91_56",36.580995178332,-81.8229984875152
"25022",25021,"47_91_56",36.5989220258591,-81.832336752484
"25023",25022,"47_91_56",36.5974400157468,-81.8247570650303
"25024",25023,"47_91_56",36.594157946975,-81.8267543633594
"25025",25024,"47_91_56",36.5969210145563,-81.827005711784
"25026",25025,"47_91_56",36.5975364566215,-81.8387684945089
"25027",25026,"47_91_56",36.5968473029665,-81.8247268331443
"25028",25027,"47_91_56",36.5927703086856,-81.8339251973801
"25029",25028,"47_91_56",36.6045593022292,-81.8164946244577
"25030",25029,"47_91_56",36.5897782845285,-81.824152571299
"25031",25030,"47_91_26",36.5256221834832,-81.8508439989115
"25032",25031,"47_91_26",36.5138837713346,-81.8716670998195
"25033",25032,"47_91_26",36.5166161517801,-81.8607939018273
"25034",25033,"47_91_26",36.5348228794692,-81.8673482462134
"25035",25034,"47_91_26",36.5259204115467,-81.8778853638852
"25036",25035,"47_91_26",36.5156723395346,-81.8700221236581
"25037",25036,"47_91_26",36.5232798244313,-81.861687010842
"25038",25037,"47_91_26",36.5133429831727,-81.8543178610041
"25039",25038,"47_91_26",36.5290315488829,-81.8718282914905
"25040",25039,"47_91_26",36.5244527997039,-81.8778374173647
"25041",25040,"47_139_19",35.1530149345614,-84.418028657376
"25042",25041,"47_139_19",35.1569233995171,-84.4324939572499
"25043",25042,"47_139_19",35.1540073125493,-84.418979327962
"25044",25043,"47_139_19",35.1436013076561,-84.4093180585573
"25045",25044,"47_139_19",35.1510128372586,-84.40682318796
"25046",25045,"47_139_19",35.1571567103139,-84.4065078451774
"25047",25046,"47_139_19",35.1595877920903,-84.4231141373724
"25048",25047,"47_139_19",35.1500724984289,-84.4044152210356
"25049",25048,"47_139_19",35.1547553649692,-84.4247686170288
"25050",25049,"47_139_19",35.1605785365489,-84.4144870505947
"25051",25050,"47_139_32",35.0785743274167,-84.4343221537118
"25052",25051,"47_139_32",35.0879757331316,-84.4174906851829
"25053",25052,"47_139_32",35.0764929614348,-84.4333281063197
"25054",25053,"47_139_32",35.0807930035449,-84.4391019247862
"25055",25054,"47_139_32",35.0793448350382,-84.4353619859792
"25056",25055,"47_139_32",35.0784444072845,-84.415923628369
"25057",25056,"47_139_32",35.0788581616009,-84.4444736604826
"25058",25057,"47_139_32",35.0821578853923,-84.4339074913623
"25059",25058,"47_139_32",35.0790478598087,-84.4307859525154
"25060",25059,"47_139_32",35.0797453009352,-84.4370097985055
"25061",25060,"47_171_41",36.2129347483101,-82.2900324169876
"25062",25061,"47_171_41",36.2223586814462,-82.2934971512602
"25063",25062,"47_171_41",36.2224955862741,-82.2749896694967
"25064",25063,"47_171_41",36.2146673748477,-82.2815295792058
"25065",25064,"47_171_41",36.2273999008027,-82.2808474589455
"25066",25065,"47_171_41",36.2250639690895,-82.2885508154162
"25067",25066,"47_171_41",36.2352186527041,-82.2787010850866
"25068",25067,"47_171_41",36.2278027095225,-82.2992331886777
"25069",25068,"47_171_41",36.2364474824381,-82.2761501979677
"25070",25069,"47_171_41",36.2175945623464,-82.2888431401211
"25071",25070,"47_171_42",36.1478543536303,-82.312748222168
"25072",25071,"47_171_42",36.1563342743004,-82.3087061667719
"25073",25072,"47_171_42",36.1529140996207,-82.3099704699813
"25074",25073,"47_171_42",36.1551390379912,-82.3007355109273
"25075",25074,"47_171_42",36.1479500203298,-82.305517336082
"25076",25075,"47_171_42",36.1545657578542,-82.3144981783123
"25077",25076,"47_171_42",36.1523192851448,-82.3060947343122
"25078",25077,"47_171_42",36.147435148467,-82.3114174468294
"25079",25078,"47_171_42",36.1574610061357,-82.3234670251742
"25080",25079,"47_171_42",36.1455933071617,-82.3232456289841
"25081",25080,"47_171_43",36.1414903727772,-82.494036470281
"25082",25081,"47_171_43",36.1472887921531,-82.4885755597594
"25083",25082,"47_171_43",36.1524219346582,-82.5040701570207
"25084",25083,"47_171_43",36.1540637172505,-82.4865242364382
"25085",25084,"47_171_43",36.1491460950431,-82.4854471298484
"25086",25085,"47_171_43",36.1451529309228,-82.481570014995
"25087",25086,"47_171_43",36.1514609760552,-82.4936386348721
"25088",25087,"47_171_43",36.1580688362476,-82.4801309806359
"25089",25088,"47_171_43",36.1481497565562,-82.4872063188427
"25090",25089,"47_171_43",36.1508992803991,-82.4745169127065
"25091",25090,"47_171_23",36.1002012112816,-82.4232857273412
"25092",25091,"47_171_23",36.1027878245306,-82.4300727271469
"25093",25092,"47_171_23",36.1057161527783,-82.4355834939585
"25094",25093,"47_171_23",36.1112172909869,-82.4375329176114
"25095",25094,"47_171_23",36.1080800754825,-82.4296278269916
"25096",25095,"47_171_23",36.1098904672893,-82.4236317859765
"25097",25096,"47_171_23",36.1112904881468,-82.4250266349227
"25098",25097,"47_171_23",36.1170386680351,-82.4188529551474
"25099",25098,"47_171_23",36.1043427635468,-82.4398279807788
"25100",25099,"47_171_23",36.1056275411421,-82.4166300793532
"25101",25100,"47_9_41",35.6554623995604,-83.6600422269636
"25102",25101,"47_9_41",35.6729275145923,-83.6690067006952
"25103",25102,"47_9_41",35.6542676683017,-83.6846568854195
"25104",25103,"47_9_41",35.6559378474913,-83.6664454601081
"25105",25104,"47_9_41",35.6638311837569,-83.6728913735846
"25106",25105,"47_9_41",35.6528318523233,-83.6617718505309
"25107",25106,"47_9_41",35.6710426356556,-83.6685387882104
"25108",25107,"47_9_41",35.6626130875313,-83.6771318240317
"25109",25108,"47_9_41",35.6632246564772,-83.6744305320531
"25110",25109,"47_9_41",35.6696948265895,-83.6729355248464
"25111",25110,"47_9_42",35.5590991785928,-83.6810683740021
"25112",25111,"47_9_42",35.5709653052722,-83.671980951582
"25113",25112,"47_9_42",35.56892426766,-83.6650854291161
"25114",25113,"47_9_42",35.573649916874,-83.6829024074506
"25115",25114,"47_9_42",35.5668406865456,-83.6783710012513
"25116",25115,"47_9_42",35.5730666291478,-83.6790134811562
"25117",25116,"47_9_42",35.5775202734234,-83.6859725264131
"25118",25117,"47_9_42",35.5806959258201,-83.6791070794211
"25119",25118,"47_9_42",35.5704721076925,-83.6791187091386
"25120",25119,"47_9_42",35.5811792133061,-83.6751798574251
"25121",25120,"47_59_15",35.9795773424573,-82.9162236278321
"25122",25121,"47_59_15",35.987437300397,-82.9338013871372
"25123",25122,"47_59_15",35.9974064824291,-82.9187428999941
"25124",25123,"47_59_15",35.9902001647823,-82.9332666219814
"25125",25124,"47_59_15",35.9867798770546,-82.9238335534702
"25126",25125,"47_59_15",35.9869627162809,-82.9242836999293
"25127",25126,"47_59_15",35.9896770610275,-82.9231450076674
"25128",25127,"47_59_15",35.9869243260901,-82.9220728064115
"25129",25128,"47_59_15",35.9862354244504,-82.9061673133289
"25130",25129,"47_59_15",35.9909105660722,-82.9196763109687
"25131",25130,"47_29_12",35.9178918369,-82.964099254642
"25132",25131,"47_29_12",35.9052347378067,-82.9693865303233
"25133",25132,"47_29_12",35.9112386154239,-82.9536007798144
"25134",25133,"47_29_12",35.9119718770516,-82.9662637608413
"25135",25134,"47_29_12",35.9195245179622,-82.9692894021074
"25136",25135,"47_29_12",35.9121273735509,-82.9568479588512
"25137",25136,"47_29_12",35.9137650562229,-82.9690934865587
"25138",25137,"47_29_12",35.9251322248376,-82.9749145601279
"25139",25138,"47_29_12",35.925165836496,-82.973247309468
"25140",25139,"47_29_12",35.9170380523928,-82.9652080927128
"25141",25140,"47_29_16",35.8276858994744,-82.9842659241717
"25142",25141,"47_29_16",35.8283948492881,-82.998111085288
"25143",25142,"47_29_16",35.8173271383222,-82.9928557451872
"25144",25143,"47_29_16",35.8249086977618,-82.9846204189683
"25145",25144,"47_29_16",35.8188064772649,-82.9972694895849
"25146",25145,"47_29_16",35.829987611102,-83.0060118020361
"25147",25146,"47_29_16",35.8284726984782,-82.9884113946022
"25148",25147,"47_29_16",35.8147028153658,-82.9859421628803
"25149",25148,"47_29_16",35.825545152406,-82.9902540720364
"25150",25149,"47_29_16",35.8358784435809,-82.993380187647
"25151",25150,"47_123_18",35.440730963118,-84.0821189778359
"25152",25151,"47_123_18",35.4414209076943,-84.0688362951172
"25153",25152,"47_123_18",35.4388233985405,-84.0840994100566
"25154",25153,"47_123_18",35.4424250845024,-84.0836668392146
"25155",25154,"47_123_18",35.4474643994106,-84.0703360732693
"25156",25155,"47_123_18",35.4363328752001,-84.0955758827819
"25157",25156,"47_123_18",35.4378000148823,-84.0974801192492
"25158",25157,"47_123_18",35.4463640100461,-84.0804884572477
"25159",25158,"47_123_18",35.4463735110266,-84.0996621673566
"25160",25159,"47_123_18",35.438868456818,-84.0880291389264
"25161",25160,"47_179_9",36.1309392416154,-82.5492807238457
"25162",25161,"47_179_9",36.1232299841825,-82.5493217985192
"25163",25162,"47_179_9",36.1254763202719,-82.5366077927673
"25164",25163,"47_179_9",36.1269772975653,-82.5564461020982
"25165",25164,"47_179_9",36.1275825955869,-82.5336825220725
"25166",25165,"47_179_9",36.1398188202727,-82.5449095751679
"25167",25166,"47_179_9",36.130891927626,-82.547491056441
"25168",25167,"47_179_9",36.1314208034987,-82.5483263414821
"25169",25168,"47_179_9",36.1252279803278,-82.5558667712821
"25170",25169,"47_179_9",36.1325918542613,-82.5467392940655
"25171",25170,"47_91_4",36.3340758009624,-81.872724126746
"25172",25171,"47_91_4",36.328643740281,-81.8576637798003
"25173",25172,"47_91_4",36.3376835555827,-81.8686635178953
"25174",25173,"47_91_4",36.3311801149194,-81.87245214228
"25175",25174,"47_91_4",36.3289833339128,-81.8672057550197
"25176",25175,"47_91_4",36.3358849948688,-81.8629584106671
"25177",25176,"47_91_4",36.3312293445585,-81.8626631149154
"25178",25177,"47_91_4",36.3329658679333,-81.8748864480159
"25179",25178,"47_91_4",36.3292634887217,-81.8569387544486
"25180",25179,"47_91_4",36.3373240673404,-81.8645953488049
"25181",25180,"47_19_6",36.2710176758983,-82.2061500136182
"25182",25181,"47_19_6",36.259049230058,-82.2145348342582
"25183",25182,"47_19_6",36.2523266121083,-82.1917128677733
"25184",25183,"47_19_6",36.2637311290634,-82.2053655018831
"25185",25184,"47_19_6",36.2589033451293,-82.1948450356092
"25186",25185,"47_19_6",36.2565931353697,-82.2008214493417
"25187",25186,"47_19_6",36.265592059865,-82.1964518124899
"25188",25187,"47_19_6",36.2515865198642,-82.208190773831
"25189",25188,"47_19_6",36.2475969604491,-82.2106517751033
"25190",25189,"47_19_6",36.2546747203442,-82.2072246800073
"25191",25190,"47_19_7",36.4140849634645,-82.1458252239905
"25192",25191,"47_19_7",36.4073191771457,-82.1398232489483
"25193",25192,"47_19_7",36.4130775328991,-82.122861086975
"25194",25193,"47_19_7",36.4020845919418,-82.14422098715
"25195",25194,"47_19_7",36.4263218059706,-82.1266383031667
"25196",25195,"47_19_7",36.4104664092673,-82.1399501895056
"25197",25196,"47_19_7",36.4152890056403,-82.1347472203573
"25198",25197,"47_19_7",36.4075919366333,-82.1492980510714
"25199",25198,"47_19_7",36.4170932001519,-82.1243691897316
"25200",25199,"47_19_7",36.4102975965034,-82.1353398426659
"25201",25200,"47_91_7",36.5928531576259,-81.7409778569335
"25202",25201,"47_91_7",36.5948034929457,-81.7343306391142
"25203",25202,"47_91_7",36.5992611226742,-81.7242833829205
"25204",25203,"47_91_7",36.5909372228057,-81.7287517559589
"25205",25204,"47_91_7",36.5907821842191,-81.7280222608033
"25206",25205,"47_91_7",36.6024607630917,-81.7311134354233
"25207",25206,"47_91_7",36.6001996378235,-81.7287361016247
"25208",25207,"47_91_7",36.5800479952074,-81.7309478810458
"25209",25208,"47_91_7",36.5941398941417,-81.7247599347043
"25210",25209,"47_91_7",36.5937742277923,-81.7290821094265
"25211",25210,"47_123_25",35.3707466617535,-84.1089716668152
"25212",25211,"47_123_25",35.3731516069011,-84.120447055417
"25213",25212,"47_123_25",35.3685122942416,-84.1265344908904
"25214",25213,"47_123_25",35.3802652396654,-84.1146171290117
"25215",25214,"47_123_25",35.3756583948318,-84.118445579541
"25216",25215,"47_123_25",35.3727477148913,-84.1161962615799
"25217",25216,"47_123_25",35.3768252826374,-84.1118453055426
"25218",25217,"47_123_25",35.3682568272007,-84.1160301035917
"25219",25218,"47_123_25",35.3747175571887,-84.1181982095219
"25220",25219,"47_123_25",35.3904307204738,-84.1104798022514
"25221",25220,"47_123_31",35.2890310329429,-84.1475346386411
"25222",25221,"47_123_31",35.2944739738672,-84.1360884263269
"25223",25222,"47_123_31",35.2998791239414,-84.1386024254316
"25224",25223,"47_123_31",35.3010289086724,-84.140676973361
"25225",25224,"47_123_31",35.2871783205591,-84.1316823387736
"25226",25225,"47_123_31",35.2865402270986,-84.1437752134159
"25227",25226,"47_123_31",35.2996876658933,-84.1256753501149
"25228",25227,"47_123_31",35.291350569493,-84.1434368837662
"25229",25228,"47_123_31",35.3066617683859,-84.1412200580589
"25230",25229,"47_123_31",35.297547432353,-84.1376530441755
"25231",25230,"47_123_47",35.2985006536114,-84.4437673595661
"25232",25231,"47_123_47",35.3037980241718,-84.4435812756754
"25233",25232,"47_123_47",35.3022929491006,-84.4562955574994
"25234",25233,"47_123_47",35.2971311664531,-84.4488532102979
"25235",25234,"47_123_47",35.2973081824621,-84.4448596416798
"25236",25235,"47_123_47",35.3038355822579,-84.4542719755433
"25237",25236,"47_123_47",35.294317803333,-84.4566212413502
"25238",25237,"47_123_47",35.2953676567814,-84.4532411413685
"25239",25238,"47_123_47",35.3045080752071,-84.4382950657655
"25240",25239,"47_123_47",35.2925387542933,-84.4397937057603
"25241",25240,"47_19_14",36.3116813128138,-82.0362716922457
"25242",25241,"47_19_14",36.3236043742732,-82.0408434012634
"25243",25242,"47_19_14",36.3171641363798,-82.0537087417967
"25244",25243,"47_19_14",36.316280422085,-82.0376956791006
"25245",25244,"47_19_14",36.3227229567407,-82.0399593743669
"25246",25245,"47_19_14",36.3070317636995,-82.0451055310094
"25247",25246,"47_19_14",36.3165795498227,-82.0313796691214
"25248",25247,"47_19_14",36.3054173960784,-82.0426097693447
"25249",25248,"47_19_14",36.3124487300564,-82.0505208882542
"25250",25249,"47_19_14",36.3172839666052,-82.026789162621
"25251",25250,"47_19_18",36.2353875531319,-82.0654274012168
"25252",25251,"47_19_18",36.2351904215355,-82.0589451409281
"25253",25252,"47_19_18",36.2175315466169,-82.0666508359652
"25254",25253,"47_19_18",36.2267639134495,-82.0637747636553
"25255",25254,"47_19_18",36.224192501997,-82.0564958015665
"25256",25255,"47_19_18",36.2309781770106,-82.0636010060974
"25257",25256,"47_19_18",36.2396860035196,-82.0576104457927
"25258",25257,"47_19_18",36.2253193362353,-82.0657639303066
"25259",25258,"47_19_18",36.238164843515,-82.0677305123904
"25260",25259,"47_19_18",36.2321628162574,-82.0660882369156
"25261",25260,"47_19_26",36.1200226211725,-82.0929837732955
"25262",25261,"47_19_26",36.0986055097008,-82.0871393973497
"25263",25262,"47_19_26",36.1087111289192,-82.0993816485335
"25264",25263,"47_19_26",36.1121868459839,-82.0851901469066
"25265",25264,"47_19_26",36.1237807474542,-82.0880583698677
"25266",25265,"47_19_26",36.1120084087898,-82.0978502746868
"25267",25266,"47_19_26",36.1215878399753,-82.0747610040557
"25268",25267,"47_19_26",36.1110669433811,-82.0926860098239
"25269",25268,"47_19_26",36.1086641447536,-82.0848264272759
"25270",25269,"47_19_26",36.1115810543194,-82.0864055474477
"25271",25270,"47_179_4",36.2291895051705,-82.3748765431901
"25272",25271,"47_179_4",36.2361385011535,-82.3884879393049
"25273",25272,"47_179_4",36.2255088733688,-82.3722065592931
"25274",25273,"47_179_4",36.2323164516442,-82.3769527516008
"25275",25274,"47_179_4",36.2214098297746,-82.3766816780083
"25276",25275,"47_179_4",36.2282547401716,-82.3831569118601
"25277",25276,"47_179_4",36.2309945959136,-82.382519034203
"25278",25277,"47_179_4",36.2298812762951,-82.3631519610686
"25279",25278,"47_179_4",36.2416861484252,-82.3683966638871
"25280",25279,"47_179_4",36.222445368456,-82.3716796970375
"25281",25280,"47_171_18",36.0804038942062,-82.4387501864448
"25282",25281,"47_171_18",36.079106283599,-82.4487482697384
"25283",25282,"47_171_18",36.0713493058625,-82.4456896169322
"25284",25283,"47_171_18",36.0729952506369,-82.4509583961399
"25285",25284,"47_171_18",36.0771440298355,-82.4438941388664
"25286",25285,"47_171_18",36.0878979639483,-82.4358952814908
"25287",25286,"47_171_18",36.0869813508139,-82.4564180397418
"25288",25287,"47_171_18",36.0873024887777,-82.4457311614076
"25289",25288,"47_171_18",36.0790290829096,-82.4457117789345
"25290",25289,"47_171_18",36.0795415237343,-82.4435049029695
"25291",25290,"47_91_20",36.4883121836915,-81.9225731738752
"25292",25291,"47_91_20",36.4775129163424,-81.9377079927462
"25293",25292,"47_91_20",36.4909202241717,-81.9261469303811
"25294",25293,"47_91_20",36.4861731221547,-81.9227584191155
"25295",25294,"47_91_20",36.4893164188638,-81.910482108615
"25296",25295,"47_91_20",36.4845615535681,-81.9297034824185
"25297",25296,"47_91_20",36.4829676179006,-81.9099348471846
"25298",25297,"47_91_20",36.4889748544397,-81.9257512176888
"25299",25298,"47_91_20",36.4947718415393,-81.9255381122512
"25300",25299,"47_91_20",36.4929973656288,-81.918082825273
"25301",25300,"47_59_10",36.0260242040428,-82.7481783019346
"25302",25301,"47_59_10",36.0460450686578,-82.7437767790488
"25303",25302,"47_59_10",36.0385871582393,-82.7478266388888
"25304",25303,"47_59_10",36.0439449841003,-82.7366927381956
"25305",25304,"47_59_10",36.0363921836417,-82.7361562008116
"25306",25305,"47_59_10",36.0393625540141,-82.7620659636197
"25307",25306,"47_59_10",36.04185690448,-82.7561417417075
"25308",25307,"47_59_10",36.0415629176744,-82.761521801222
"25309",25308,"47_59_10",36.0329713114237,-82.7429841877888
"25310",25309,"47_59_10",36.0437294554809,-82.7328200275082
"25311",25310,"47_29_21",35.8831709014238,-83.1210640591704
"25312",25311,"47_29_21",35.8767399288639,-83.1170368572624
"25313",25312,"47_29_21",35.8695606317625,-83.125240152741
"25314",25313,"47_29_21",35.8827412161605,-83.1176132081303
"25315",25314,"47_29_21",35.8861555609902,-83.1306352039172
"25316",25315,"47_29_21",35.8815225757597,-83.123081965442
"25317",25316,"47_29_21",35.8824483954332,-83.110382289651
"25318",25317,"47_29_21",35.8819435246748,-83.1252434696093
"25319",25318,"47_29_21",35.8779266536498,-83.1188451948365
"25320",25319,"47_29_21",35.8737910354887,-83.1268079141377
"25321",25320,"47_29_23",35.8434771198991,-83.1672925113593
"25322",25321,"47_29_23",35.8596660286803,-83.1677440962713
"25323",25322,"47_29_23",35.8362667622723,-83.1711956305957
"25324",25323,"47_29_23",35.8466736888897,-83.1582567553271
"25325",25324,"47_29_23",35.8396512974194,-83.1664266156513
"25326",25325,"47_29_23",35.8463405885727,-83.161327353306
"25327",25326,"47_29_23",35.8509734263432,-83.1721562428031
"25328",25327,"47_29_23",35.8452434435459,-83.1493392611263
"25329",25328,"47_29_23",35.8496344359923,-83.1634176054945
"25330",25329,"47_29_23",35.8414185875527,-83.1623581308821
"25331",25330,"47_123_42",35.3145668805612,-84.2991627913887
"25332",25331,"47_123_42",35.2989077022589,-84.3028322789892
"25333",25332,"47_123_42",35.3155357145057,-84.3004119666627
"25334",25333,"47_123_42",35.3059765537978,-84.315871038812
"25335",25334,"47_123_42",35.3082393262001,-84.2909264563508
"25336",25335,"47_123_42",35.303374623704,-84.2940916535602
"25337",25336,"47_123_42",35.30773709884,-84.3076314741205
"25338",25337,"47_123_42",35.3089460739537,-84.2982051742544
"25339",25338,"47_123_42",35.2960138786174,-84.3154747668356
"25340",25339,"47_123_42",35.3028746053462,-84.2998530548161
"25341",25340,"47_91_19",36.529690741587,-81.9392267061798
"25342",25341,"47_91_19",36.5317667301659,-81.9276925972662
"25343",25342,"47_91_19",36.524871002936,-81.9199729738189
"25344",25343,"47_91_19",36.5236161875975,-81.9160989608468
"25345",25344,"47_91_19",36.5439293779957,-81.9312450273316
"25346",25345,"47_91_19",36.5260088953131,-81.9234492997479
"25347",25346,"47_91_19",36.5388043068612,-81.9345628893235
"25348",25347,"47_91_19",36.5300333968903,-81.9329241010644
"25349",25348,"47_91_19",36.5420793168114,-81.9389906526238
"25350",25349,"47_91_19",36.5425096128089,-81.9329822758119
"25351",25350,"47_91_21",36.4626392579762,-81.9620209683929
"25352",25351,"47_91_21",36.4704867024135,-81.9753868927779
"25353",25352,"47_91_21",36.4514825576666,-81.950101650377
"25354",25353,"47_91_21",36.4601173297028,-81.9725612896677
"25355",25354,"47_91_21",36.4638200435597,-81.964911617079
"25356",25355,"47_91_21",36.4622473538993,-81.964896406818
"25357",25356,"47_91_21",36.4605011156469,-81.9616572919611
"25358",25357,"47_91_21",36.460149081676,-81.9445258428678
"25359",25358,"47_91_21",36.4564341945863,-81.976376320805
"25360",25359,"47_91_21",36.4598929128446,-81.9541615296705
"25361",25360,"47_171_17",36.1147266260268,-82.3897673896069
"25362",25361,"47_171_17",36.1152085424788,-82.4153426974745
"25363",25362,"47_171_17",36.1032348606025,-82.3896621646
"25364",25363,"47_171_17",36.1097437983759,-82.3982283236451
"25365",25364,"47_171_17",36.1186696263677,-82.4160700276306
"25366",25365,"47_171_17",36.1153941366002,-82.3938927290573
"25367",25366,"47_171_17",36.1115713579444,-82.3894728086292
"25368",25367,"47_171_17",36.1127088145017,-82.3989665902052
"25369",25368,"47_171_17",36.1129160205189,-82.406691799921
"25370",25369,"47_171_17",36.1172392563236,-82.4058139131536
"25371",25370,"47_59_11",36.0140124297406,-82.8063916046827
"25372",25371,"47_59_11",36.0194318967851,-82.8021388070346
"25373",25372,"47_59_11",36.0151396848668,-82.7893881117706
"25374",25373,"47_59_11",36.0193842965806,-82.8031830925415
"25375",25374,"47_59_11",36.0166207608987,-82.8088044569814
"25376",25375,"47_59_11",36.0184032296432,-82.8167180613793
"25377",25376,"47_59_11",36.0252085528499,-82.8008257896168
"25378",25377,"47_59_11",36.0135290322921,-82.8042516527713
"25379",25378,"47_59_11",36.0256092656436,-82.8140073772464
"25380",25379,"47_59_11",36.0087808708194,-82.7943218458877
"25381",25380,"47_171_19",35.9913821128776,-82.4862308674279
"25382",25381,"47_171_19",36.0071617304837,-82.4740433085048
"25383",25382,"47_171_19",36.0113173489504,-82.4720324994189
"25384",25383,"47_171_19",36.0007251480808,-82.4798437814821
"25385",25384,"47_171_19",36.0026983071898,-82.4947908446989
"25386",25385,"47_171_19",36.003583409852,-82.4804729853287
"25387",25386,"47_171_19",36.0035900890597,-82.4746612818047
"25388",25387,"47_171_19",36.0022285178713,-82.477855891747
"25389",25388,"47_171_19",36.006198886077,-82.4812341066043
"25390",25389,"47_171_19",36.0090630240892,-82.4854407128814
"25391",25390,"47_91_18",36.5588036287584,-81.8866804794599
"25392",25391,"47_91_18",36.5685737868946,-81.8933989554585
"25393",25392,"47_91_18",36.5716495640793,-81.8830090682909
"25394",25393,"47_91_18",36.5500707178885,-81.8850605194342
"25395",25394,"47_91_18",36.5528233202295,-81.8900853970277
"25396",25395,"47_91_18",36.5536711938255,-81.8806375881053
"25397",25396,"47_91_18",36.5707295290594,-81.8880256604105
"25398",25397,"47_91_18",36.5508269721135,-81.883031903332
"25399",25398,"47_91_18",36.5565495511863,-81.8774413293748
"25400",25399,"47_91_18",36.5646795428818,-81.8899665959249
"25401",25400,"47_139_53",35.0762324089507,-84.4110857472411
"25402",25401,"47_139_53",35.0769948545731,-84.4142722907374
"25403",25402,"47_139_53",35.0766626353818,-84.4038149856282
"25404",25403,"47_139_53",35.0780511057548,-84.4158533504365
"25405",25404,"47_139_53",35.0807297974302,-84.4291004301977
"25406",25405,"47_139_53",35.0692772465144,-84.4030283082873
"25407",25406,"47_139_53",35.0765399252889,-84.4124496357918
"25408",25407,"47_139_53",35.0781084614703,-84.4110918433196
"25409",25408,"47_139_53",35.0776633248986,-84.4079794540672
"25410",25409,"47_139_53",35.0780184937915,-84.4148115225676
"25411",25410,"47_123_45",35.339419901509,-84.2760274735605
"25412",25411,"47_123_45",35.3420007984073,-84.2716979291316
"25413",25412,"47_123_45",35.3328084128674,-84.2603652995534
"25414",25413,"47_123_45",35.3281654841751,-84.2712979720609
"25415",25414,"47_123_45",35.3418677444755,-84.2742293218546
"25416",25415,"47_123_45",35.3311373517284,-84.262374113867
"25417",25416,"47_123_45",35.336441040497,-84.2731232413116
"25418",25417,"47_123_45",35.3258139601904,-84.2788110191634
"25419",25418,"47_123_45",35.340107025428,-84.2763915690683
"25420",25419,"47_123_45",35.3350321803266,-84.2723583759539
"25421",25420,"47_139_15",35.1925013246229,-84.3261453001356
"25422",25421,"47_139_15",35.1905440802345,-84.3344866811526
"25423",25422,"47_139_15",35.189926636403,-84.3348116842957
"25424",25423,"47_139_15",35.1898609097144,-84.3275740008164
"25425",25424,"47_139_15",35.1923040620893,-84.3295747135156
"25426",25425,"47_139_15",35.1918382084855,-84.3322842880954
"25427",25426,"47_139_15",35.1909064431456,-84.3216293980751
"25428",25427,"47_139_15",35.1976978032236,-84.31960782526
"25429",25428,"47_139_15",35.2050017356595,-84.323408789202
"25430",25429,"47_139_15",35.2011542780643,-84.340415387304
"25431",25430,"47_139_16",35.1590824889091,-84.3693621197362
"25432",25431,"47_139_16",35.1614517067481,-84.385488271572
"25433",25432,"47_139_16",35.1677578502785,-84.3787796255831
"25434",25433,"47_139_16",35.1641306841723,-84.3770129692634
"25435",25434,"47_139_16",35.1687733113839,-84.3831703719609
"25436",25435,"47_139_16",35.1564750543556,-84.3693389036107
"25437",25436,"47_139_16",35.1564794341031,-84.375386781692
"25438",25437,"47_139_16",35.1549994561195,-84.3831912225084
"25439",25438,"47_139_16",35.1676124040827,-84.3894762013406
"25440",25439,"47_139_16",35.1598665073704,-84.3746117762946
"25441",25440,"47_19_15",36.2351227370528,-81.9855664943319
"25442",25441,"47_19_15",36.2390683808049,-81.9969750081757
"25443",25442,"47_19_15",36.2416653774228,-81.9867620117188
"25444",25443,"47_19_15",36.2437076932782,-81.9963065189376
"25445",25444,"47_19_15",36.2352351557014,-81.9874376965824
"25446",25445,"47_19_15",36.241047827954,-81.9858984549095
"25447",25446,"47_19_15",36.2448100324319,-81.9818464636419
"25448",25447,"47_19_15",36.2391854045939,-82.0012775618157
"25449",25448,"47_19_15",36.2395252586827,-81.9879064047636
"25450",25449,"47_19_15",36.2561808344776,-81.9898526276476
"25451",25450,"47_91_11",36.5005316230564,-81.8534714350217
"25452",25451,"47_91_11",36.508853658355,-81.8561780046865
"25453",25452,"47_91_11",36.5097955394611,-81.869359959332
"25454",25453,"47_91_11",36.4969209162935,-81.8470529027418
"25455",25454,"47_91_11",36.5008846804174,-81.8651366811977
"25456",25455,"47_91_11",36.5052788478339,-81.8676263288076
"25457",25456,"47_91_11",36.4956825177239,-81.8674793061165
"25458",25457,"47_91_11",36.514181288716,-81.8644583343642
"25459",25458,"47_91_11",36.5104669435356,-81.8729474828127
"25460",25459,"47_91_11",36.492215071142,-81.8622816124349
"25461",25460,"47_91_16",36.5907280593303,-81.8796710594462
"25462",25461,"47_91_16",36.5879496553113,-81.8624024736918
"25463",25462,"47_91_16",36.5861158419727,-81.8709947428757
"25464",25463,"47_91_16",36.5835437224693,-81.8771346415648
"25465",25464,"47_91_16",36.5926545275801,-81.8722760397006
"25466",25465,"47_91_16",36.5885086394076,-81.8694784354193
"25467",25466,"47_91_16",36.5870393702486,-81.8743449259842
"25468",25467,"47_91_16",36.5891625228748,-81.8650642201351
"25469",25468,"47_91_16",36.5832699702816,-81.8543513594536
"25470",25469,"47_91_16",36.5892018090671,-81.8637305289997
"25471",25470,"47_29_14",35.9346806775144,-83.0827899416358
"25472",25471,"47_29_14",35.939470616186,-83.071587788872
"25473",25472,"47_29_14",35.9227715780121,-83.0529167026908
"25474",25473,"47_29_14",35.9326673467049,-83.06509567214
"25475",25474,"47_29_14",35.936498145503,-83.058606452314
"25476",25475,"47_29_14",35.9269228243265,-83.06058393147
"25477",25476,"47_29_14",35.9269271623061,-83.0718039556846
"25478",25477,"47_29_14",35.9329337195963,-83.0642545908432
"25479",25478,"47_29_14",35.9267667795825,-83.0695460281144
"25480",25479,"47_29_14",35.9267594546164,-83.0597979534052
"25481",25480,"47_29_22",35.8229257741012,-83.1377681202586
"25482",25481,"47_29_22",35.8169428256872,-83.1540642339318
"25483",25482,"47_29_22",35.8215247144697,-83.14719514091
"25484",25483,"47_29_22",35.8287997435335,-83.1378106713546
"25485",25484,"47_29_22",35.8187923525905,-83.1518611921022
"25486",25485,"47_29_22",35.8193726702403,-83.1336667526841
"25487",25486,"47_29_22",35.826860721203,-83.1515945438721
"25488",25487,"47_29_22",35.8247606221689,-83.1270690204497
"25489",25488,"47_29_22",35.8367470194371,-83.1416071947672
"25490",25489,"47_29_22",35.8344857624638,-83.1407537168271
"25491",25490,"47_91_23",36.3663431116455,-81.9765177885348
"25492",25491,"47_91_23",36.370190039787,-81.9880168294739
"25493",25492,"47_91_23",36.3711950460698,-81.9829283177695
"25494",25493,"47_91_23",36.3715120872968,-81.9874992223542
"25495",25494,"47_91_23",36.3696063356275,-81.9812772236054
"25496",25495,"47_91_23",36.3765804247215,-81.9846647017896
"25497",25496,"47_91_23",36.3732388421476,-81.9808805085049
"25498",25497,"47_91_23",36.3806041169451,-81.9908443676316
"25499",25498,"47_91_23",36.3616741054631,-81.9799942934648
"25500",25499,"47_91_23",36.3695295332638,-81.9716095427734
"25501",25500,"47_163_12",36.4552268625309,-82.1538424885393
"25502",25501,"47_163_12",36.4606304332798,-82.144886573684
"25503",25502,"47_163_12",36.4524449453002,-82.1410081764091
"25504",25503,"47_163_12",36.461698597997,-82.150578762255
"25505",25504,"47_163_12",36.4557315222971,-82.1590057803004
"25506",25505,"47_163_12",36.4604531430831,-82.1555417086271
"25507",25506,"47_163_12",36.4625646691249,-82.1499954349988
"25508",25507,"47_163_12",36.4543714638666,-82.1492488790281
"25509",25508,"47_163_12",36.4595943687395,-82.1546072039141
"25510",25509,"47_163_12",36.4657539371765,-82.1567391094098
"25511",25510,"47_123_39",35.3167781022878,-84.1956689864684
"25512",25511,"47_123_39",35.2990557626346,-84.1966066185394
"25513",25512,"47_123_39",35.3118928873827,-84.2021076240234
"25514",25513,"47_123_39",35.3141708297092,-84.1901833069346
"25515",25514,"47_123_39",35.3230030766744,-84.1924115124404
"25516",25515,"47_123_39",35.3036247834449,-84.2068328733946
"25517",25516,"47_123_39",35.3071439745713,-84.1862618948522
"25518",25517,"47_123_39",35.2999416788518,-84.1897018805986
"25519",25518,"47_123_39",35.310654659198,-84.1949954312037
"25520",25519,"47_123_39",35.3012019141285,-84.1934382156375
"25521",25520,"47_139_31",35.1339652953545,-84.4662585014489
"25522",25521,"47_139_31",35.148140020147,-84.4810242141353
"25523",25522,"47_139_31",35.1422152367189,-84.4677305159247
"25524",25523,"47_139_31",35.1332155257479,-84.4716634460442
"25525",25524,"47_139_31",35.1530194778295,-84.4892273353882
"25526",25525,"47_139_31",35.1437901148754,-84.4815735932698
"25527",25526,"47_139_31",35.1572219828933,-84.4799413303177
"25528",25527,"47_139_31",35.1516970905741,-84.487552320436
"25529",25528,"47_139_31",35.143197403721,-84.475728995402
"25530",25529,"47_139_31",35.1495022265741,-84.4754376914311
"25531",25530,"47_139_35",35.1136321134881,-84.5269006306191
"25532",25531,"47_139_35",35.1153105544816,-84.5155149215989
"25533",25532,"47_139_35",35.1142106851427,-84.5137705508315
"25534",25533,"47_139_35",35.1149363076718,-84.5172144292511
"25535",25534,"47_139_35",35.1127581700796,-84.5140061420105
"25536",25535,"47_139_35",35.1158116135441,-84.5301401591387
"25537",25536,"47_139_35",35.1119548019041,-84.5198150510702
"25538",25537,"47_139_35",35.1140628138277,-84.5141477376165
"25539",25538,"47_139_35",35.1195600101704,-84.5129374141233
"25540",25539,"47_139_35",35.1068808431295,-84.5020475905973
"25541",25540,"47_139_39",35.0213769364383,-84.4757845482096
"25542",25541,"47_139_39",35.0164620358883,-84.4951582600659
"25543",25542,"47_139_39",35.0151635422081,-84.5000825065429
"25544",25543,"47_139_39",35.0229257874643,-84.4861091124497
"25545",25544,"47_139_39",35.0165584243254,-84.4911767695992
"25546",25545,"47_139_39",35.0276088654602,-84.4929948427029
"25547",25546,"47_139_39",35.0207348821028,-84.4686964180119
"25548",25547,"47_139_39",35.0198990497359,-84.4906662771266
"25549",25548,"47_139_39",35.0270628423024,-84.4980602889209
"25550",25549,"47_139_39",35.0190488164843,-84.4681035063881
"25551",25550,"47_139_45",34.9924900684483,-84.5308400597072
"25552",25551,"47_139_45",34.9903961107942,-84.5281094784624
"25553",25552,"47_139_45",34.9903569278302,-84.5267831267892
"25554",25553,"47_139_45",34.9881793299673,-84.5372250688162
"25555",25554,"47_139_45",34.9912649883377,-84.5174159932248
"25556",25555,"47_139_45",34.996895436235,-84.5320529543166
"25557",25556,"47_139_45",34.9864607190819,-84.519381865963
"25558",25557,"47_139_45",34.9876959768123,-84.5189762742305
"25559",25558,"47_139_45",34.9912944463662,-84.5336317204157
"25560",25559,"47_139_45",34.9908750731408,-84.5341424760831
"25561",25560,"47_163_4",36.5962205520964,-82.0100224706069
"25562",25561,"47_163_4",36.5923780130655,-82.0091190945852
"25563",25562,"47_163_4",36.5843123748594,-81.9970151519918
"25564",25563,"47_163_4",36.5956094815232,-82.0198503016938
"25565",25564,"47_163_4",36.5876882852269,-82.0085947123393
"25566",25565,"47_163_4",36.5872902090625,-81.9956275786344
"25567",25566,"47_163_4",36.5970431208316,-81.9968407617743
"25568",25567,"47_163_4",36.5998173995135,-82.0087320163704
"25569",25568,"47_163_4",36.5906577378704,-82.0264058011091
"25570",25569,"47_163_4",36.5767038367942,-82.0102056892977
"25571",25570,"47_171_4",36.0550079985595,-82.4819279803979
"25572",25571,"47_171_4",36.0540656598097,-82.4818061161208
"25573",25572,"47_171_4",36.044020319088,-82.4841163466598
"25574",25573,"47_171_4",36.0534357202507,-82.4828403993779
"25575",25574,"47_171_4",36.056494762151,-82.4827519691467
"25576",25575,"47_171_4",36.0444393990096,-82.4930173323179
"25577",25576,"47_171_4",36.0580674139657,-82.4812488654992
"25578",25577,"47_171_4",36.0456512497441,-82.4707962079585
"25579",25578,"47_171_4",36.0524024770175,-82.477585472798
"25580",25579,"47_171_4",36.048002472466,-82.4856094554921
"25581",25580,"47_59_66",36.0562706626077,-82.6978614425908
"25582",25581,"47_59_66",36.0626279704888,-82.6990779612269
"25583",25582,"47_59_66",36.0562976944161,-82.6964946914175
"25584",25583,"47_59_66",36.0548817972548,-82.6914473192652
"25585",25584,"47_59_66",36.0661655121638,-82.683468070291
"25586",25585,"47_59_66",36.0509864094368,-82.6879921719613
"25587",25586,"47_59_66",36.0687879919565,-82.6858154218097
"25588",25587,"47_59_66",36.0602024251121,-82.6900624680097
"25589",25588,"47_59_66",36.0540687581336,-82.6790913320847
"25590",25589,"47_59_66",36.0647802033621,-82.6951682895535
"25591",25590,"47_29_40",35.8644141427441,-83.153079715347
"25592",25591,"47_29_40",35.8669971927232,-83.1596750217451
"25593",25592,"47_29_40",35.8694987042977,-83.1656319730425
"25594",25593,"47_29_40",35.866774379132,-83.1642577546565
"25595",25594,"47_29_40",35.8694163663862,-83.1489341648937
"25596",25595,"47_29_40",35.867903979448,-83.1625333513659
"25597",25596,"47_29_40",35.8713668852589,-83.1709414304073
"25598",25597,"47_29_40",35.8737298473583,-83.158100635094
"25599",25598,"47_29_40",35.8689153965979,-83.1644853096469
"25600",25599,"47_29_40",35.8735716951894,-83.1623796888183
"25601",25600,"47_29_25",35.7947120003255,-82.9947132582846
"25602",25601,"47_29_25",35.7948486995371,-83.0049995753731
"25603",25602,"47_29_25",35.8018931890964,-83.010991974461
"25604",25603,"47_29_25",35.8091998297524,-82.9968145657825
"25605",25604,"47_29_25",35.8005276881821,-83.0081697662408
"25606",25605,"47_29_25",35.794433549948,-82.9893134108172
"25607",25606,"47_29_25",35.79952256366,-83.0084042808329
"25608",25607,"47_29_25",35.811501515561,-82.9990585516144
"25609",25608,"47_29_25",35.8103245790184,-83.0053166317312
"25610",25609,"47_29_25",35.8081359658302,-83.0019948418957
"25611",25610,"47_155_30",35.6623919244362,-83.4097833454566
"25612",25611,"47_155_30",35.6631962192249,-83.4079285605698
"25613",25612,"47_155_30",35.6658955595982,-83.3989685727862
"25614",25613,"47_155_30",35.6681597622213,-83.4079541371549
"25615",25614,"47_155_30",35.6577339404685,-83.4152144108967
"25616",25615,"47_155_30",35.66171028625,-83.4141814997509
"25617",25616,"47_155_30",35.6694338786896,-83.3941206616967
"25618",25617,"47_155_30",35.6700562867751,-83.4193980539659
"25619",25618,"47_155_30",35.6550587127351,-83.4175150100795
"25620",25619,"47_155_30",35.6697139537833,-83.3969138758482
"25621",25620,"47_155_41",35.759686967864,-83.5588231389607
"25622",25621,"47_155_41",35.7712917803588,-83.5593425694311
"25623",25622,"47_155_41",35.7616429938711,-83.5639237336689
"25624",25623,"47_155_41",35.7577304853628,-83.545647144261
"25625",25624,"47_155_41",35.7578486413625,-83.5522407181134
"25626",25625,"47_155_41",35.7662477195293,-83.5483257235708
"25627",25626,"47_155_41",35.7682144746368,-83.5540132063926
"25628",25627,"47_155_41",35.7571991662652,-83.5593991012633
"25629",25628,"47_155_41",35.7557793603094,-83.5554752948102
"25630",25629,"47_155_41",35.7577626919168,-83.5433255957237
"25631",25630,"47_139_64",35.0646511955544,-84.4691038462356
"25632",25631,"47_139_64",35.0639973762586,-84.4701474535432
"25633",25632,"47_139_64",35.0590685944267,-84.4811571121863
"25634",25633,"47_139_64",35.0620417378122,-84.471072799935
"25635",25634,"47_139_64",35.0602601949615,-84.4749078442502
"25636",25635,"47_139_64",35.0734690598584,-84.4672503821004
"25637",25636,"47_139_64",35.0728086266131,-84.4704816681466
"25638",25637,"47_139_64",35.0600467300524,-84.4561746576866
"25639",25638,"47_139_64",35.0551835273161,-84.4670027874708
"25640",25639,"47_139_64",35.0588870781858,-84.4692026476252
"25641",25640,"47_139_58",35.1198826130958,-84.5117019916606
"25642",25641,"47_139_58",35.1172853068717,-84.499242220136
"25643",25642,"47_139_58",35.1130559720007,-84.5045325753622
"25644",25643,"47_139_58",35.1126855275486,-84.5154587802831
"25645",25644,"47_139_58",35.1207258136321,-84.5200401670785
"25646",25645,"47_139_58",35.105509601022,-84.5114251992493
"25647",25646,"47_139_58",35.1231954090712,-84.5211032250761
"25648",25647,"47_139_58",35.1196655841289,-84.5123005617543
"25649",25648,"47_139_58",35.1154891584526,-84.5157946890582
"25650",25649,"47_139_58",35.121887025515,-84.5124547850584
"25651",25650,"47_139_60",35.222734921853,-84.5227163744595
"25652",25651,"47_139_60",35.2204707492695,-84.5227657227522
"25653",25652,"47_139_60",35.2233430586931,-84.5255905656591
"25654",25653,"47_139_60",35.2267286968349,-84.5384784426155
"25655",25654,"47_139_60",35.2313452378503,-84.5340187686146
"25656",25655,"47_139_60",35.2157446680669,-84.5163669740411
"25657",25656,"47_139_60",35.2214038120322,-84.5343870900796
"25658",25657,"47_139_60",35.226365718303,-84.5243308116698
"25659",25658,"47_139_60",35.2263382483372,-84.5232330892259
"25660",25659,"47_139_60",35.2187234847202,-84.536490675959
"25661",25660,"47_139_57",35.1368568456671,-84.5610031640192
"25662",25661,"47_139_57",35.140982031006,-84.5620173580905
"25663",25662,"47_139_57",35.1442243362636,-84.5600811414715
"25664",25663,"47_139_57",35.1352494969162,-84.5509649863156
"25665",25664,"47_139_57",35.1341319194829,-84.5554404888909
"25666",25665,"47_139_57",35.1352132845199,-84.5445994551872
"25667",25666,"47_139_57",35.1353889871214,-84.567228265242
"25668",25667,"47_139_57",35.1437255076476,-84.5731989248603
"25669",25668,"47_139_57",35.1392545255281,-84.5621772362124
"25670",25669,"47_139_57",35.1530296935167,-84.5645405157273
"25671",25670,"47_139_106",35.1337376602681,-84.6245621687928
"25672",25671,"47_139_106",35.1300983134592,-84.6141553294887
"25673",25672,"47_139_106",35.1288457558718,-84.6282599758963
"25674",25673,"47_139_106",35.1296266181131,-84.6123266998361
"25675",25674,"47_139_106",35.1298881390707,-84.6232005586443
"25676",25675,"47_139_106",35.1304387144141,-84.6190708258421
"25677",25676,"47_139_106",35.1342210000463,-84.6235811269392
"25678",25677,"47_139_106",35.1294933372905,-84.6281108444056
"25679",25678,"47_139_106",35.1381057524617,-84.6209552428361
"25680",25679,"47_139_106",35.1395233498723,-84.6173147013943
"25681",25680,"47_139_61",35.112663776597,-84.5259265833188
"25682",25681,"47_139_61",35.1163671388688,-84.5213593889858
"25683",25682,"47_139_61",35.1095542206742,-84.5206087732603
"25684",25683,"47_139_61",35.1175959990237,-84.5224956410021
"25685",25684,"47_139_61",35.1068936138485,-84.5320854908944
"25686",25685,"47_139_61",35.1203827996544,-84.5365761461842
"25687",25686,"47_139_61",35.1035742178696,-84.5173058367356
"25688",25687,"47_139_61",35.1219029457514,-84.5239462197659
"25689",25688,"47_139_61",35.1121416560595,-84.5376828695869
"25690",25689,"47_139_61",35.1040877904214,-84.518452929051
"25691",25690,"47_139_98",35.0382489759215,-84.6880308138221
"25692",25691,"47_139_98",35.0440413637863,-84.6768328067943
"25693",25692,"47_139_98",35.0497305827658,-84.6680310686173
"25694",25693,"47_139_98",35.0462980434421,-84.6915219808802
"25695",25694,"47_139_98",35.0438781101547,-84.6752101836111
"25696",25695,"47_139_98",35.0387696062425,-84.6810813417933
"25697",25696,"47_139_98",35.0364895999042,-84.6841273482686
"25698",25697,"47_139_98",35.0411770645007,-84.6757273095127
"25699",25698,"47_139_98",35.0507369712992,-84.6758773614329
"25700",25699,"47_139_98",35.0488095244335,-84.6778984360411
"25701",25700,"47_9_39",35.600032300889,-83.7361531955983
"25702",25701,"47_9_39",35.5992626691015,-83.737992614841
"25703",25702,"47_9_39",35.5999905980223,-83.7212134475022
"25704",25703,"47_9_39",35.5984926864706,-83.7478359702377
"25705",25704,"47_9_39",35.5917382253272,-83.7402419334262
"25706",25705,"47_9_39",35.6029907035674,-83.7237904492508
"25707",25706,"47_9_39",35.6029991974036,-83.7359041773711
"25708",25707,"47_9_39",35.6128054434081,-83.7337012876603
"25709",25708,"47_9_39",35.5989214349005,-83.7557430872489
"25710",25709,"47_9_39",35.6085849945472,-83.746558497768
"25711",25710,"47_155_43",35.5609795738185,-83.511889652365
"25712",25711,"47_155_43",35.5773644258821,-83.5106419682645
"25713",25712,"47_155_43",35.5714007539399,-83.5096324930295
"25714",25713,"47_155_43",35.5785926215719,-83.4993115403362
"25715",25714,"47_155_43",35.5723927602917,-83.5118988181259
"25716",25715,"47_155_43",35.571719957431,-83.5066373067755
"25717",25716,"47_155_43",35.5720860879136,-83.5122037661348
"25718",25717,"47_155_43",35.5646725445086,-83.5118549076319
"25719",25718,"47_155_43",35.5730057188697,-83.5074197179896
"25720",25719,"47_155_43",35.5696236137014,-83.5083069555027
"25721",25720,"47_155_39",35.7428975659321,-83.3067548862551
"25722",25721,"47_155_39",35.7470613476976,-83.2974733230989
"25723",25722,"47_155_39",35.7484958720848,-83.2956972449162
"25724",25723,"47_155_39",35.7392918754336,-83.287097529323
"25725",25724,"47_155_39",35.74502273086,-83.2850122714695
"25726",25725,"47_155_39",35.7544587292999,-83.2991097260925
"25727",25726,"47_155_39",35.739445708612,-83.2856169948456
"25728",25727,"47_155_39",35.7473050075766,-83.2933993281201
"25729",25728,"47_155_39",35.7447020468462,-83.2945787485723
"25730",25729,"47_155_39",35.7560489583187,-83.3068093797465
"25731",25730,"47_155_52",35.7171852742334,-83.29486176887
"25732",25731,"47_155_52",35.7009551965909,-83.2861931180183
"25733",25732,"47_155_52",35.694639368983,-83.2953836882376
"25734",25733,"47_155_52",35.708480696632,-83.3155950723577
"25735",25734,"47_155_52",35.7095835789291,-83.3105860215779
"25736",25735,"47_155_52",35.7046736404393,-83.2885654527252
"25737",25736,"47_155_52",35.7094715755282,-83.3082230246316
"25738",25737,"47_155_52",35.7101190636248,-83.293068559842
"25739",25738,"47_155_52",35.7104626760296,-83.2947106256454
"25740",25739,"47_155_52",35.7004295481808,-83.3107169477678
"25741",25740,"47_155_11",35.6655216257725,-83.3665069824357
"25742",25741,"47_155_11",35.6652069064545,-83.3861330964304
"25743",25742,"47_155_11",35.67763672268,-83.3694987782753
"25744",25743,"47_155_11",35.673385476679,-83.3621891808084
"25745",25744,"47_155_11",35.6637906796016,-83.3736285381142
"25746",25745,"47_155_11",35.6672130896131,-83.3858655666935
"25747",25746,"47_155_11",35.6579582375709,-83.3813085580083
"25748",25747,"47_155_11",35.6634544215609,-83.3694234841918
"25749",25748,"47_155_11",35.6688252558352,-83.3584626127204
"25750",25749,"47_155_11",35.6518229369835,-83.3760560175015
"25751",25750,"47_155_28",35.7553234912917,-83.3591100382419
"25752",25751,"47_155_28",35.7602973194806,-83.3560194664615
"25753",25752,"47_155_28",35.7587632804061,-83.3686577577816
"25754",25753,"47_155_28",35.7597277319994,-83.375409803563
"25755",25754,"47_155_28",35.7649615240608,-83.3747004834661
"25756",25755,"47_155_28",35.7580603356307,-83.3748540045538
"25757",25756,"47_155_28",35.7578478593738,-83.3609222970727
"25758",25757,"47_155_28",35.7570364947258,-83.3746492838182
"25759",25758,"47_155_28",35.7462500259114,-83.3526330519429
"25760",25759,"47_155_28",35.7497134633796,-83.3460582865643
"25761",25760,"47_155_6",35.7752134961395,-83.5163128764686
"25762",25761,"47_155_6",35.7907473767971,-83.5168977774057
"25763",25762,"47_155_6",35.786985682175,-83.5066550364342
"25764",25763,"47_155_6",35.7820953913627,-83.5051312229989
"25765",25764,"47_155_6",35.7832244533757,-83.5183943427428
"25766",25765,"47_155_6",35.7750258113826,-83.5153063766489
"25767",25766,"47_155_6",35.7780371719799,-83.4980994658825
"25768",25767,"47_155_6",35.7762655731252,-83.5291454835723
"25769",25768,"47_155_6",35.7749541294733,-83.525793644918
"25770",25769,"47_155_6",35.7679060064059,-83.510681543971
"25771",25770,"47_155_10",35.7869261799868,-83.5159574570522
"25772",25771,"47_155_10",35.783576366985,-83.5331875497366
"25773",25772,"47_155_10",35.7880106461871,-83.526882514856
"25774",25773,"47_155_10",35.7871541629109,-83.5000306069734
"25775",25774,"47_155_10",35.7837054273836,-83.529507908906
"25776",25775,"47_155_10",35.7867184091972,-83.5228104247706
"25777",25776,"47_155_10",35.7766881045706,-83.5239107465662
"25778",25777,"47_155_10",35.7810912372473,-83.5055791660725
"25779",25778,"47_155_10",35.7848551110838,-83.5164228751407
"25780",25779,"47_155_10",35.7816214192204,-83.5151741172487
"25781",25780,"47_155_55",35.7068405710886,-83.4475659195288
"25782",25781,"47_155_55",35.7153485173804,-83.4696916589218
"25783",25782,"47_155_55",35.6968788411148,-83.4489388048776
"25784",25783,"47_155_55",35.7177231039334,-83.4598354142266
"25785",25784,"47_155_55",35.7151284035186,-83.4696236198952
"25786",25785,"47_155_55",35.7127829167232,-83.4436111789273
"25787",25786,"47_155_55",35.7090126372186,-83.4499786861054
"25788",25787,"47_155_55",35.7058032876137,-83.4587365882713
"25789",25788,"47_155_55",35.7190747031704,-83.4541468042279
"25790",25789,"47_155_55",35.7060646209498,-83.4423807513767
"25791",25790,"47_91_31",36.5814790162446,-81.7704886762069
"25792",25791,"47_91_31",36.5809525708696,-81.7878962492982
"25793",25792,"47_91_31",36.5717513010937,-81.7721736530182
"25794",25793,"47_91_31",36.5789239975142,-81.7797262799004
"25795",25794,"47_91_31",36.5815058487389,-81.76840528392
"25796",25795,"47_91_31",36.581744738897,-81.7742871887744
"25797",25796,"47_91_31",36.5797656583814,-81.7714208269024
"25798",25797,"47_91_31",36.5901065222899,-81.7650394351022
"25799",25798,"47_91_31",36.5836054368986,-81.7736993581351
"25800",25799,"47_91_31",36.5756673817747,-81.774314977618
"25801",25800,"47_123_120",35.466338598254,-84.0114222726082
"25802",25801,"47_123_120",35.4456896983619,-84.0107543894063
"25803",25802,"47_123_120",35.4536216382,-84.0051256362008
"25804",25803,"47_123_120",35.4511640500888,-84.0204143231219
"25805",25804,"47_123_120",35.4694947807775,-84.0230495328614
"25806",25805,"47_123_120",35.4584963748667,-84.0087098171316
"25807",25806,"47_123_120",35.4570141708564,-84.0127798681093
"25808",25807,"47_123_120",35.4559514191021,-84.0245014119932
"25809",25808,"47_123_120",35.457144522545,-84.0179999211245
"25810",25809,"47_123_120",35.4665765695282,-84.0101009075877
"25811",25810,"47_123_110",35.4451314998739,-84.0315369947768
"25812",25811,"47_123_110",35.4438065126161,-84.0430025485532
"25813",25812,"47_123_110",35.4431240754411,-84.0385524652995
"25814",25813,"47_123_110",35.4538958653843,-84.0398108480915
"25815",25814,"47_123_110",35.4398793500995,-84.0478770283696
"25816",25815,"47_123_110",35.4544801680355,-84.0527158222448
"25817",25816,"47_123_110",35.4463978023597,-84.0392195155197
"25818",25817,"47_123_110",35.4463437086549,-84.0481689082786
"25819",25818,"47_123_110",35.440629191391,-84.0425237341345
"25820",25819,"47_123_110",35.4408152322656,-84.0488759069833
"25821",25820,"47_139_59",35.1596268635979,-84.5868624205408
"25822",25821,"47_139_59",35.1718941958089,-84.5728855836798
"25823",25822,"47_139_59",35.175727044541,-84.5893827740028
"25824",25823,"47_139_59",35.1625907937306,-84.5735868151729
"25825",25824,"47_139_59",35.1704529426907,-84.5821603874068
"25826",25825,"47_139_59",35.1602683667622,-84.5741878771068
"25827",25826,"47_139_59",35.183574474458,-84.5738460816265
"25828",25827,"47_139_59",35.1621808580121,-84.5911380142692
"25829",25828,"47_139_59",35.1648259524499,-84.5822318627806
"25830",25829,"47_139_59",35.1702452058134,-84.5969144366792
"25831",25830,"47_155_15",35.585932904709,-83.5682370424951
"25832",25831,"47_155_15",35.5766860137458,-83.5627433078177
"25833",25832,"47_155_15",35.5826952554141,-83.5619871487667
"25834",25833,"47_155_15",35.5882770039682,-83.5613204717799
"25835",25834,"47_155_15",35.5974908543705,-83.5671746506683
"25836",25835,"47_155_15",35.5904533990773,-83.5489661046178
"25837",25836,"47_155_15",35.585684199623,-83.5544976311263
"25838",25837,"47_155_15",35.5803834629119,-83.5586187021044
"25839",25838,"47_155_15",35.5756325927703,-83.5687144879995
"25840",25839,"47_155_15",35.5945854742959,-83.5468219019522
"25841",25840,"47_19_51",36.2004166750778,-82.0099036140519
"25842",25841,"47_19_51",36.1936641007839,-82.006620502331
"25843",25842,"47_19_51",36.1947008538373,-82.0055713320841
"25844",25843,"47_19_51",36.1932677080802,-82.0069220094903
"25845",25844,"47_19_51",36.2000901231753,-82.0149920494918
"25846",25845,"47_19_51",36.1970165669276,-82.0029268656259
"25847",25846,"47_19_51",36.1913737354844,-82.0127995575134
"25848",25847,"47_19_51",36.1993110351501,-82.0097953245384
"25849",25848,"47_19_51",36.2007367204859,-82.0204114832659
"25850",25849,"47_19_51",36.1938403919557,-82.0063996239549
"25851",25850,"47_29_71",35.8532822828341,-82.9335469595152
"25852",25851,"47_29_71",35.8488443077865,-82.9446117048738
"25853",25852,"47_29_71",35.8385345117581,-82.9288001669918
"25854",25853,"47_29_71",35.8494562526696,-82.9406090067458
"25855",25854,"47_29_71",35.8521196019311,-82.9401150255483
"25856",25855,"47_29_71",35.8465051946586,-82.9210142587671
"25857",25856,"47_29_71",35.8446046706735,-82.9349556180418
"25858",25857,"47_29_71",35.8543213034486,-82.9342704892578
"25859",25858,"47_29_71",35.8443030635235,-82.94295497587
"25860",25859,"47_29_71",35.8402857346824,-82.9236554110529
"25861",25860,"47_139_23",35.2145776700436,-84.4777127451301
"25862",25861,"47_139_23",35.2170901788494,-84.4875716583228
"25863",25862,"47_139_23",35.2084230211968,-84.4881044127166
"25864",25863,"47_139_23",35.2197517988648,-84.4931968943423
"25865",25864,"47_139_23",35.2152697091416,-84.4796767358216
"25866",25865,"47_139_23",35.2129075976979,-84.4978769167202
"25867",25866,"47_139_23",35.2156161166905,-84.477554372935
"25868",25867,"47_139_23",35.2129822308682,-84.4813552916241
"25869",25868,"47_139_23",35.2025119091902,-84.4903093313589
"25870",25869,"47_139_23",35.2139939805182,-84.4835382504714
"25871",25870,"47_139_26",35.1357179228975,-84.4989558896934
"25872",25871,"47_139_26",35.1426567589385,-84.5030532178566
"25873",25872,"47_139_26",35.1459160537204,-84.5183544083287
"25874",25873,"47_139_26",35.1465908652656,-84.4908079201141
"25875",25874,"47_139_26",35.1525821535074,-84.5107210357326
"25876",25875,"47_139_26",35.1424762846705,-84.4961002601381
"25877",25876,"47_139_26",35.1524310381637,-84.5022739652809
"25878",25877,"47_139_26",35.1455491404211,-84.4959987329322
"25879",25878,"47_139_26",35.1420325329832,-84.5025360479684
"25880",25879,"47_139_26",35.1470800591988,-84.4918296965597
"25881",25880,"47_139_42",35.0621202320535,-84.5447120718056
"25882",25881,"47_139_42",35.0490192959268,-84.5420536548637
"25883",25882,"47_139_42",35.0599887407215,-84.5421930761799
"25884",25883,"47_139_42",35.0539589282537,-84.5557548201721
"25885",25884,"47_139_42",35.0530190409715,-84.535824521678
"25886",25885,"47_139_42",35.0465930809747,-84.540909314269
"25887",25886,"47_139_42",35.0676784370308,-84.5371664867402
"25888",25887,"47_139_42",35.0715960038836,-84.5469831457399
"25889",25888,"47_139_42",35.0525987645372,-84.5364359959478
"25890",25889,"47_139_42",35.0474413783993,-84.5364159339677
"25891",25890,"47_19_12",36.4402130997739,-82.0962681306815
"25892",25891,"47_19_12",36.4392056735621,-82.1074637629665
"25893",25892,"47_19_12",36.4424846415167,-82.0782379480926
"25894",25893,"47_19_12",36.4357354281187,-82.094095260755
"25895",25894,"47_19_12",36.4351094209793,-82.1003488889484
"25896",25895,"47_19_12",36.4320542464088,-82.1076251100997
"25897",25896,"47_19_12",36.4309090015103,-82.1040333353428
"25898",25897,"47_19_12",36.4418977734119,-82.0934800596287
"25899",25898,"47_19_12",36.4506456527039,-82.0895390448391
"25900",25899,"47_19_12",36.4404258634885,-82.0941808938059
"25901",25900,"47_179_3",36.1098049166951,-82.5734634629563
"25902",25901,"47_179_3",36.1193905515152,-82.58979019782
"25903",25902,"47_179_3",36.1133428883595,-82.589613642297
"25904",25903,"47_179_3",36.1147140203056,-82.5896646045924
"25905",25904,"47_179_3",36.1174105142041,-82.5973909579658
"25906",25905,"47_179_3",36.1128202875414,-82.5822060817587
"25907",25906,"47_179_3",36.1201176817678,-82.588449538889
"25908",25907,"47_179_3",36.1181974619604,-82.5950183948324
"25909",25908,"47_179_3",36.1063435307952,-82.5817694067561
"25910",25909,"47_179_3",36.1218423563183,-82.6017147027289
"25911",25910,"47_29_5",35.9519367735397,-82.9672234855396
"25912",25911,"47_29_5",35.959214249514,-82.9854657117957
"25913",25912,"47_29_5",35.9617411555588,-82.9752406244173
"25914",25913,"47_29_5",35.9684797151235,-82.9714715898498
"25915",25914,"47_29_5",35.9640177000961,-82.9899750285101
"25916",25915,"47_29_5",35.9565075658386,-82.9773023267275
"25917",25916,"47_29_5",35.9669721386787,-82.9834920097474
"25918",25917,"47_29_5",35.9595402145623,-82.9738772006617
"25919",25918,"47_29_5",35.9607892742551,-82.9753072468991
"25920",25919,"47_29_5",35.9548428281984,-82.9594488024904
"25921",25920,"47_123_3",35.4908712553619,-84.0912596585342
"25922",25921,"47_123_3",35.4845045291074,-84.086881073218
"25923",25922,"47_123_3",35.4993043527789,-84.0729813145771
"25924",25923,"47_123_3",35.4886718885278,-84.0847396788223
"25925",25924,"47_123_3",35.4979787494047,-84.076284651413
"25926",25925,"47_123_3",35.4908412715455,-84.0890685647247
"25927",25926,"47_123_3",35.4948882702033,-84.0833282486187
"25928",25927,"47_123_3",35.4934058598302,-84.0801941191728
"25929",25928,"47_123_3",35.4963262255697,-84.0850546214887
"25930",25929,"47_123_3",35.4855879748026,-84.0850015812703
"25931",25930,"47_123_5",35.4185041457617,-84.109284165959
"25932",25931,"47_123_5",35.4218862231367,-84.1094285849811
"25933",25932,"47_123_5",35.4165233660668,-84.1147032626091
"25934",25933,"47_123_5",35.418750702453,-84.1181321181471
"25935",25934,"47_123_5",35.4215470520546,-84.1046307451904
"25936",25935,"47_123_5",35.4148361403536,-84.1278804924565
"25937",25936,"47_123_5",35.4195668455252,-84.1307312978722
"25938",25937,"47_123_5",35.4087945145056,-84.1237445797402
"25939",25938,"47_123_5",35.4257216097515,-84.1146114612044
"25940",25939,"47_123_5",35.4234664082298,-84.1214808480166
"25941",25940,"47_123_7",35.3361778737091,-84.1594683524772
"25942",25941,"47_123_7",35.332025259842,-84.1573190164646
"25943",25942,"47_123_7",35.3434266989849,-84.1612969842774
"25944",25943,"47_123_7",35.3347718287664,-84.1619349452247
"25945",25944,"47_123_7",35.3497995341076,-84.1330856792688
"25946",25945,"47_123_7",35.3382073912216,-84.149308615497
"25947",25946,"47_123_7",35.3393058672094,-84.1375749457217
"25948",25947,"47_123_7",35.3430387860812,-84.1383186618785
"25949",25948,"47_123_7",35.341082299717,-84.1482075937797
"25950",25949,"47_123_7",35.3482052082368,-84.1562920072546
"25951",25950,"47_123_9",35.2634841923939,-84.1912879228686
"25952",25951,"47_123_9",35.2689720728498,-84.1952275732948
"25953",25952,"47_123_9",35.266685651112,-84.189093094796
"25954",25953,"47_123_9",35.2768412478983,-84.184092724837
"25955",25954,"47_123_9",35.2689243632285,-84.199792367549
"25956",25955,"47_123_9",35.2583536414403,-84.2023803837096
"25957",25956,"47_123_9",35.268912809756,-84.1943110071858
"25958",25957,"47_123_9",35.2668472905603,-84.1910862622402
"25959",25958,"47_123_9",35.2598355996135,-84.1877323512959
"25960",25959,"47_123_9",35.2624571360527,-84.18255437764
"25961",25960,"47_139_8",35.2650168553557,-84.4649675757274
"25962",25961,"47_139_8",35.2687489628374,-84.4870600164458
"25963",25962,"47_139_8",35.2639782568776,-84.4866947093932
"25964",25963,"47_139_8",35.2780898190128,-84.4804350536044
"25965",25964,"47_139_8",35.2767509651791,-84.4785058504964
"25966",25965,"47_139_8",35.2626562302861,-84.4764767720625
"25967",25966,"47_139_8",35.2648129235718,-84.4760930900665
"25968",25967,"47_139_8",35.2552504279901,-84.486744129456
"25969",25968,"47_139_8",35.2676196812339,-84.4776931583166
"25970",25969,"47_139_8",35.268205536286,-84.4760708034986
"25971",25970,"47_139_11",35.1154126516082,-84.5673399069596
"25972",25971,"47_139_11",35.1049120386576,-84.5557525791935
"25973",25972,"47_139_11",35.1092540449668,-84.5459906462568
"25974",25973,"47_139_11",35.1173807901005,-84.5508378143144
"25975",25974,"47_139_11",35.1007445555625,-84.5505676170765
"25976",25975,"47_139_11",35.1042604131465,-84.5629912090376
"25977",25976,"47_139_11",35.0981397853069,-84.557318700883
"25978",25977,"47_139_11",35.1075976976313,-84.5567262497426
"25979",25978,"47_139_11",35.1039785200567,-84.5518728469387
"25980",25979,"47_139_11",35.0914872656155,-84.553832629011
"25981",25980,"47_139_13",35.0199053618282,-84.5796274821491
"25982",25981,"47_139_13",35.0247528778881,-84.572060060854
"25983",25982,"47_139_13",35.03859894882,-84.5803974092999
"25984",25983,"47_139_13",35.0401777291493,-84.5730167990164
"25985",25984,"47_139_13",35.0428202402232,-84.5765219588111
"25986",25985,"47_139_13",35.0451126631462,-84.5713792877844
"25987",25986,"47_139_13",35.0394171755483,-84.5729720406049
"25988",25987,"47_139_13",35.0241246472803,-84.5641388470419
"25989",25988,"47_139_13",35.0339202986744,-84.5793795966059
"25990",25989,"47_139_13",35.0333489488893,-84.5830986676637
"25991",25990,"47_19_69",36.2598329873954,-82.2476807044375
"25992",25991,"47_19_69",36.2456894273592,-82.2456122416277
"25993",25992,"47_19_69",36.2459298625121,-82.2438475054782
"25994",25993,"47_19_69",36.2504715056722,-82.2425307241307
"25995",25994,"47_19_69",36.2530558384017,-82.2376044107577
"25996",25995,"47_19_69",36.2523336866878,-82.2448361932227
"25997",25996,"47_19_69",36.2480860754755,-82.2461188842773
"25998",25997,"47_19_69",36.2570768737801,-82.2466079534712
"25999",25998,"47_19_69",36.2601583423249,-82.253875506508
"26000",25999,"47_19_69",36.2502539698164,-82.244837964119
"26001",26000,"47_139_29",35.2036229090718,-84.561507040221
"26002",26001,"47_139_29",35.2119743840845,-84.5746524448378
"26003",26002,"47_139_29",35.196841133395,-84.5694064497682
"26004",26003,"47_139_29",35.1958414559032,-84.5680882751614
"26005",26004,"47_139_29",35.200631675116,-84.5810598917737
"26006",26005,"47_139_29",35.2035610352141,-84.5614129779029
"26007",26006,"47_139_29",35.2042933194314,-84.5636635035805
"26008",26007,"47_139_29",35.2045532405346,-84.5610511821062
"26009",26008,"47_139_29",35.192049904401,-84.559821999939
"26010",26009,"47_139_29",35.1979574026071,-84.5560922061799
"26011",26010,"47_171_10",36.1480089826613,-82.2872694199699
"26012",26011,"47_171_10",36.135350211325,-82.2900545147831
"26013",26012,"47_171_10",36.145474683962,-82.2726475759501
"26014",26013,"47_171_10",36.1504474037111,-82.2789335696964
"26015",26014,"47_171_10",36.1419442414112,-82.2809620228085
"26016",26015,"47_171_10",36.1429232102019,-82.2925172634898
"26017",26016,"47_171_10",36.1389743725814,-82.2825686670814
"26018",26017,"47_171_10",36.13784099189,-82.2841536435099
"26019",26018,"47_171_10",36.1338335576429,-82.274625209858
"26020",26019,"47_171_10",36.1372987431569,-82.2762726419952
"26021",26020,"47_91_14",36.5732126336708,-81.8290061018002
"26022",26021,"47_91_14",36.5693530604013,-81.8105452947824
"26023",26022,"47_91_14",36.5763983165703,-81.811659102457
"26024",26023,"47_91_14",36.579083763056,-81.8213570037513
"26025",26024,"47_91_14",36.5792989018912,-81.8356849647995
"26026",26025,"47_91_14",36.575288268229,-81.8332121174846
"26027",26026,"47_91_14",36.5760482782307,-81.8227217976008
"26028",26027,"47_91_14",36.5673411994707,-81.8247865144331
"26029",26028,"47_91_14",36.5770367283538,-81.8262153719351
"26030",26029,"47_91_14",36.5800455589261,-81.8254540994511
"26031",26030,"47_91_17",36.5452462033022,-81.8568465281029
"26032",26031,"47_91_17",36.5675077735586,-81.8639158018394
"26033",26032,"47_91_17",36.5546661000243,-81.8632569944978
"26034",26033,"47_91_17",36.5518581737669,-81.861325122851
"26035",26034,"47_91_17",36.5653140207594,-81.8678054013947
"26036",26035,"47_91_17",36.5566850143412,-81.8589247443173
"26037",26036,"47_91_17",36.5679649876613,-81.8549230619516
"26038",26037,"47_91_17",36.5510367573272,-81.8690965515099
"26039",26038,"47_91_17",36.5596601142898,-81.8686306378155
"26040",26039,"47_91_17",36.5612976699481,-81.8794699335177
"26041",26040,"47_123_33",35.3944046529234,-84.1537329291129
"26042",26041,"47_123_33",35.3998647599452,-84.1491714968936
"26043",26042,"47_123_33",35.3914173978668,-84.155100063238
"26044",26043,"47_123_33",35.3876498879312,-84.1652640891296
"26045",26044,"47_123_33",35.3994688925561,-84.1477143039532
"26046",26045,"47_123_33",35.3901940744538,-84.1701777174004
"26047",26046,"47_123_33",35.3866816775684,-84.1627941353972
"26048",26047,"47_123_33",35.3784901889864,-84.1538161375439
"26049",26048,"47_123_33",35.3891109924347,-84.15174053896
"26050",26049,"47_123_33",35.3980259659591,-84.1673916732819
"26051",26050,"47_171_13",36.1305121868435,-82.3324809331179
"26052",26051,"47_171_13",36.126644392466,-82.3338870363588
"26053",26052,"47_171_13",36.1226249847894,-82.329310434685
"26054",26053,"47_171_13",36.1226630830656,-82.3397054764414
"26055",26054,"47_171_13",36.1130543787225,-82.3422653591573
"26056",26055,"47_171_13",36.1188040449307,-82.3198674174097
"26057",26056,"47_171_13",36.1239211043028,-82.3370489450353
"26058",26057,"47_171_13",36.1297044572099,-82.3216733479308
"26059",26058,"47_171_13",36.1094424968988,-82.3302223581652
"26060",26059,"47_171_13",36.1354748981955,-82.3218859916666
"26061",26060,"47_91_13",36.2971494389328,-81.8972039435756
"26062",26061,"47_91_13",36.298107563643,-81.9137941455421
"26063",26062,"47_91_13",36.2931374563837,-81.9237886270392
"26064",26063,"47_91_13",36.300004454165,-81.9054769335293
"26065",26064,"47_91_13",36.3103950651857,-81.9014176027747
"26066",26065,"47_91_13",36.2987339500745,-81.9109501862124
"26067",26066,"47_91_13",36.294105685606,-81.9060756632113
"26068",26067,"47_91_13",36.3026743035422,-81.9202002450311
"26069",26068,"47_91_13",36.3080306812361,-81.903973852767
"26070",26069,"47_91_13",36.2953007270934,-81.9048130657614
"26071",26070,"47_139_14",35.2184257357974,-84.3239982445207
"26072",26071,"47_139_14",35.2147885662884,-84.3175996817317
"26073",26072,"47_139_14",35.2035290834732,-84.3314306078472
"26074",26073,"47_139_14",35.2146301208201,-84.3140468440398
"26075",26074,"47_139_14",35.2042918338354,-84.3229515844618
"26076",26075,"47_139_14",35.2124302779888,-84.3103356586173
"26077",26076,"47_139_14",35.2071623216396,-84.3230133327324
"26078",26077,"47_139_14",35.2179385766096,-84.3228103708524
"26079",26078,"47_139_14",35.2074030315942,-84.3125679062488
"26080",26079,"47_139_14",35.1985535646872,-84.3205250534074
"26081",26080,"47_139_37",35.0633014754255,-84.4997164742183
"26082",26081,"47_139_37",35.0646818319264,-84.5078673019541
"26083",26082,"47_139_37",35.0619628483345,-84.5140778444853
"26084",26083,"47_139_37",35.06174702518,-84.4952396546389
"26085",26084,"47_139_37",35.052798497673,-84.4941775404525
"26086",26085,"47_139_37",35.0559830300352,-84.5077999816164
"26087",26086,"47_139_37",35.0621292319847,-84.5007476883251
"26088",26087,"47_139_37",35.0665809238917,-84.5034413254137
"26089",26088,"47_139_37",35.0664697733718,-84.5160153524488
"26090",26089,"47_139_37",35.0645730869736,-84.5032307256468
"26091",26090,"47_139_33",35.0880845718314,-84.4919906906835
"26092",26091,"47_139_33",35.0868795971709,-84.4906827997017
"26093",26092,"47_139_33",35.0916526869774,-84.480422685601
"26094",26093,"47_139_33",35.0835791985095,-84.483646238245
"26095",26094,"47_139_33",35.0929456490521,-84.480111479937
"26096",26095,"47_139_33",35.0999145665992,-84.4714131999915
"26097",26096,"47_139_33",35.1009957552364,-84.4690488926312
"26098",26097,"47_139_33",35.0992844179347,-84.4809318609604
"26099",26098,"47_139_33",35.1014623206126,-84.4874849973535
"26100",26099,"47_139_33",35.0816934751995,-84.4892848002823
"26101",26100,"47_19_10",36.3962793139682,-82.0516316047447
"26102",26101,"47_19_10",36.3992658224954,-82.0511555691909
"26103",26102,"47_19_10",36.3995825014315,-82.0454925999478
"26104",26103,"47_19_10",36.3948166265951,-82.0578657913047
"26105",26104,"47_19_10",36.3901768704779,-82.0488887316617
"26106",26105,"47_19_10",36.395333193406,-82.0427741573
"26107",26106,"47_19_10",36.3874784761016,-82.0687231766005
"26108",26107,"47_19_10",36.3963730057874,-82.0483413391809
"26109",26108,"47_19_10",36.4000384169429,-82.0564690944198
"26110",26109,"47_19_10",36.3978418960853,-82.0732451294298
"26111",26110,"47_123_15",35.4141855849546,-84.0253973555349
"26112",26111,"47_123_15",35.4019529240567,-84.0378790838269
"26113",26112,"47_123_15",35.4169838743784,-84.0362926935174
"26114",26113,"47_123_15",35.425685147832,-84.0267832740677
"26115",26114,"47_123_15",35.4217407334497,-84.0276025923383
"26116",26115,"47_123_15",35.4154255103494,-84.0338271449388
"26117",26116,"47_123_15",35.4244814114472,-84.0261535412858
"26118",26117,"47_123_15",35.4150351652639,-84.0315398415126
"26119",26118,"47_123_15",35.4255451174257,-84.0401748759787
"26120",26119,"47_123_15",35.4189820448046,-84.0361604401157
"26121",26120,"47_171_21",36.1316388240237,-82.5555065529914
"26122",26121,"47_171_21",36.1253596592965,-82.5617016071662
"26123",26122,"47_171_21",36.1253417839332,-82.5668812872891
"26124",26123,"47_171_21",36.1173907012132,-82.5607745464228
"26125",26124,"47_171_21",36.1183595840639,-82.5513591151145
"26126",26125,"47_171_21",36.1133166539769,-82.5541338294745
"26127",26126,"47_171_21",36.1198630643935,-82.5444027223776
"26128",26127,"47_171_21",36.116182274649,-82.563901727052
"26129",26128,"47_171_21",36.1156030939487,-82.5486070663746
"26130",26129,"47_171_21",36.1176594357855,-82.5524975865351
"26131",26130,"47_19_3",36.4418104655568,-81.9996931611534
"26132",26131,"47_19_3",36.431868304979,-82.0013927171771
"26133",26132,"47_19_3",36.4273935118603,-81.9978799301384
"26134",26133,"47_19_3",36.4330347011092,-81.9885679852627
"26135",26134,"47_19_3",36.4370857972064,-81.9895531508349
"26136",26135,"47_19_3",36.4445769577256,-81.9929979429068
"26137",26136,"47_19_3",36.4305816569248,-81.9960929465341
"26138",26137,"47_19_3",36.4340930556026,-81.9999629767348
"26139",26138,"47_19_3",36.4322988599066,-81.9982353712205
"26140",26139,"47_19_3",36.4348737574136,-81.9933765899974
"26141",26140,"47_19_4",36.2889454643161,-82.0808427835739
"26142",26141,"47_19_4",36.2902516464196,-82.079855569527
"26143",26142,"47_19_4",36.2677813387892,-82.0791349338876
"26144",26143,"47_19_4",36.2763821820895,-82.0782379726705
"26145",26144,"47_19_4",36.2775458669311,-82.0702780298478
"26146",26145,"47_19_4",36.2777659316084,-82.0746651789287
"26147",26146,"47_19_4",36.2761669924367,-82.0712262716259
"26148",26147,"47_19_4",36.2767700191041,-82.0618372751781
"26149",26148,"47_19_4",36.2853706616278,-82.0826619989219
"26150",26149,"47_19_4",36.2785871104537,-82.0748086041061
"26151",26150,"47_163_6",36.5459767746718,-81.9746825251167
"26152",26151,"47_163_6",36.5468912876891,-81.984178578029
"26153",26152,"47_163_6",36.5410610141621,-81.9900945587253
"26154",26153,"47_163_6",36.5622565065025,-81.9912458997947
"26155",26154,"47_163_6",36.5521476448146,-81.9882628093961
"26156",26155,"47_163_6",36.5438399420041,-81.9880772881793
"26157",26156,"47_163_6",36.5628468992079,-81.9887136740273
"26158",26157,"47_163_6",36.5421122217015,-81.9952301744174
"26159",26158,"47_163_6",36.5529123334625,-81.9861284609128
"26160",26159,"47_163_6",36.5641505669119,-81.9848437315198
"26161",26160,"47_171_5",35.9742492328239,-82.5238544943339
"26162",26161,"47_171_5",35.964160923746,-82.5300997568145
"26163",26162,"47_171_5",35.9875139317783,-82.5205290180006
"26164",26163,"47_171_5",35.97465470962,-82.5267465247421
"26165",26164,"47_171_5",35.968848708614,-82.510672766068
"26166",26165,"47_171_5",35.9763719853821,-82.5276741529175
"26167",26166,"47_171_5",35.9711631654703,-82.5143846343463
"26168",26167,"47_171_5",35.9625415541616,-82.5162815238103
"26169",26168,"47_171_5",35.9694864320541,-82.5199728220577
"26170",26169,"47_171_5",35.9779952367935,-82.5103160450822
"26171",26170,"47_123_8",35.274680122646,-84.0447986783707
"26172",26171,"47_123_8",35.2817308061702,-84.0466711928154
"26173",26172,"47_123_8",35.2963449930208,-84.0460055027401
"26174",26173,"47_123_8",35.2852532959941,-84.0406778152137
"26175",26174,"47_123_8",35.2821495588808,-84.0476275486645
"26176",26175,"47_123_8",35.2947940106205,-84.0385268098291
"26177",26176,"47_123_8",35.2830554603287,-84.0567330143923
"26178",26177,"47_123_8",35.273637084729,-84.0568296046169
"26179",26178,"47_123_8",35.2920414419756,-84.0535952678974
"26180",26179,"47_123_8",35.2799121974821,-84.0314682747628
"26181",26180,"47_139_4",35.2035661331033,-84.3820421183067
"26182",26181,"47_139_4",35.205892933414,-84.3797549619658
"26183",26182,"47_139_4",35.2037857283999,-84.3724733958727
"26184",26183,"47_139_4",35.2140077591704,-84.3752544085593
"26185",26184,"47_139_4",35.2129729391297,-84.3924258382355
"26186",26185,"47_139_4",35.199591507494,-84.3893014723788
"26187",26186,"47_139_4",35.2057239640172,-84.3805987065932
"26188",26187,"47_139_4",35.1964502882594,-84.3680428079435
"26189",26188,"47_139_4",35.2078366901345,-84.3708264024198
"26190",26189,"47_139_4",35.2093827854483,-84.3828759854834
"26191",26190,"47_171_20",36.0857285203238,-82.451724326826
"26192",26191,"47_171_20",36.0779871332757,-82.4629938256669
"26193",26192,"47_171_20",36.0874899243008,-82.4589423532418
"26194",26193,"47_171_20",36.0874586347842,-82.4531419496636
"26195",26194,"47_171_20",36.081855593415,-82.4636676347276
"26196",26195,"47_171_20",36.0864371363436,-82.4483810617095
"26197",26196,"47_171_20",36.0951162985208,-82.4634673263427
"26198",26197,"47_171_20",36.0759678119106,-82.44911154748
"26199",26198,"47_171_20",36.0726185654548,-82.4524485157293
"26200",26199,"47_171_20",36.0841755339947,-82.4462676421938
"26201",26200,"47_163_5",36.5420173695651,-81.9600384321357
"26202",26201,"47_163_5",36.5465017272731,-81.9713615535027
"26203",26202,"47_163_5",36.5449479236695,-81.9696785413975
"26204",26203,"47_163_5",36.5427961664224,-81.9764016641626
"26205",26204,"47_163_5",36.5459940395238,-81.9701276428738
"26206",26205,"47_163_5",36.5511343692784,-81.9698141430739
"26207",26206,"47_163_5",36.5359079619449,-81.9646363820735
"26208",26207,"47_163_5",36.5452724588771,-81.9710594857772
"26209",26208,"47_163_5",36.5368963331465,-81.9666870994762
"26210",26209,"47_163_5",36.5499427597074,-81.9711938257192
"26211",26210,"47_59_12",35.9619386410052,-82.8112033887627
"26212",26211,"47_59_12",35.9551363335309,-82.8055897047186
"26213",26212,"47_59_12",35.9477825101334,-82.7971865043206
"26214",26213,"47_59_12",35.9639869632627,-82.8056226050016
"26215",26214,"47_59_12",35.9524076093473,-82.820860289547
"26216",26215,"47_59_12",35.9542409230035,-82.8161875746991
"26217",26216,"47_59_12",35.9628898449436,-82.8058010492659
"26218",26217,"47_59_12",35.9484037607865,-82.8028955574658
"26219",26218,"47_59_12",35.9664868699088,-82.8197143771137
"26220",26219,"47_59_12",35.9622632599318,-82.8060172227945
"26221",26220,"47_19_13",36.3442324281543,-82.033543270487
"26222",26221,"47_19_13",36.3424660720192,-82.0324414188002
"26223",26222,"47_19_13",36.3324012204367,-82.0327456130849
"26224",26223,"47_19_13",36.334751644883,-82.0314613329412
"26225",26224,"47_19_13",36.3291101915788,-82.033294590764
"26226",26225,"47_19_13",36.3339873711879,-82.0355830108637
"26227",26226,"47_19_13",36.3391019087583,-82.0244222674598
"26228",26227,"47_19_13",36.3306823132697,-82.0180395373561
"26229",26228,"47_19_13",36.3357216636868,-82.0449575863056
"26230",26229,"47_19_13",36.3330138922304,-82.0268659477785
"26231",26230,"47_59_5",36.0326133353371,-82.7769884046039
"26232",26231,"47_59_5",36.0428834065448,-82.7900416606517
"26233",26232,"47_59_5",36.0396524208124,-82.7783865599506
"26234",26233,"47_59_5",36.0326498755254,-82.7792046144543
"26235",26234,"47_59_5",36.0386889492921,-82.7633299520747
"26236",26235,"47_59_5",36.048737890391,-82.7747819599305
"26237",26236,"47_59_5",36.0419224077364,-82.7722379273508
"26238",26237,"47_59_5",36.0416182503046,-82.7854299866313
"26239",26238,"47_59_5",36.0287823562006,-82.7741412626337
"26240",26239,"47_59_5",36.0343635238701,-82.7856472314883
"26241",26240,"47_29_6",35.8934146163289,-83.1517932163121
"26242",26241,"47_29_6",35.8792820754434,-83.1513882173846
"26243",26242,"47_29_6",35.8886384611293,-83.1514905603387
"26244",26243,"47_29_6",35.8861436569234,-83.1611192708332
"26245",26244,"47_29_6",35.8781126307265,-83.1493620372248
"26246",26245,"47_29_6",35.8921487833132,-83.1515659963919
"26247",26246,"47_29_6",35.8700670893324,-83.1623636914012
"26248",26247,"47_29_6",35.8786833095881,-83.1529459008259
"26249",26248,"47_29_6",35.8767029383775,-83.1662839743572
"26250",26249,"47_29_6",35.8748871123634,-83.1648417850385
"26251",26250,"47_29_8",35.8010115859019,-83.1908576565418
"26252",26251,"47_29_8",35.7997022399825,-83.1923116885363
"26253",26252,"47_29_8",35.8132440555882,-83.1922160180524
"26254",26253,"47_29_8",35.8003684457067,-83.1866953048562
"26255",26254,"47_29_8",35.8080710733769,-83.2030914937108
"26256",26255,"47_29_8",35.8056412389015,-83.1831546533903
"26257",26256,"47_29_8",35.7976753016949,-83.182940516211
"26258",26257,"47_29_8",35.800754761454,-83.1873606368822
"26259",26258,"47_29_8",35.8000235925517,-83.1880310492326
"26260",26259,"47_29_8",35.7995468933763,-83.1922307278148
"26261",26260,"47_139_5",35.1929094634501,-84.3702021891811
"26262",26261,"47_139_5",35.1841972740375,-84.3892281188273
"26263",26262,"47_139_5",35.1893371503846,-84.3622436818356
"26264",26263,"47_139_5",35.2007977196353,-84.3666634551196
"26265",26264,"47_139_5",35.1962266727746,-84.3810982336022
"26266",26265,"47_139_5",35.1778845463464,-84.3864110129187
"26267",26266,"47_139_5",35.185888003404,-84.370648368213
"26268",26267,"47_139_5",35.1846438174881,-84.3799801536542
"26269",26268,"47_139_5",35.1910955536793,-84.3789123889837
"26270",26269,"47_139_5",35.1820888870287,-84.3605362851474
"26271",26270,"47_139_7",35.0985150916329,-84.3984007500505
"26272",26271,"47_139_7",35.0962824997054,-84.3864688717097
"26273",26272,"47_139_7",35.1024667162903,-84.3913662764681
"26274",26273,"47_139_7",35.1142535516564,-84.3990788917671
"26275",26274,"47_139_7",35.1072898223778,-84.3918394440069
"26276",26275,"47_139_7",35.1150956451319,-84.392113863619
"26277",26276,"47_139_7",35.1057947779486,-84.3926250335171
"26278",26277,"47_139_7",35.0973921908769,-84.3936840140708
"26279",26278,"47_139_7",35.1004180379008,-84.3996812377112
"26280",26279,"47_139_7",35.1055506904277,-84.3764875848907
"26281",26280,"47_123_14",35.4829038272398,-83.9886723220806
"26282",26281,"47_123_14",35.4730134286346,-83.9693794829021
"26283",26282,"47_123_14",35.4708944429442,-83.9884446630529
"26284",26283,"47_123_14",35.4753585688892,-83.9736703655046
"26285",26284,"47_123_14",35.482798636884,-83.9925606722095
"26286",26285,"47_123_14",35.4722398226155,-83.9958157297289
"26287",26286,"47_123_14",35.4621620199526,-83.9704429459684
"26288",26287,"47_123_14",35.4701018951984,-83.9870557156539
"26289",26288,"47_123_14",35.4705381398478,-83.984715871381
"26290",26289,"47_123_14",35.4663766237269,-83.979368862013
"26291",26290,"47_123_12",35.3109519310908,-84.0298128435091
"26292",26291,"47_123_12",35.3127073621237,-84.0436465020247
"26293",26292,"47_123_12",35.3257243637099,-84.0492629828379
"26294",26293,"47_123_12",35.3028642739796,-84.0346004155832
"26295",26294,"47_123_12",35.3130150645905,-84.0455214554184
"26296",26295,"47_123_12",35.3133995973855,-84.0553714932041
"26297",26296,"47_123_12",35.2991816778017,-84.049571366743
"26298",26297,"47_123_12",35.3257630852011,-84.0441694410347
"26299",26298,"47_123_12",35.3059657101952,-84.0464060323672
"26300",26299,"47_123_12",35.313056597031,-84.0459604654825
"26301",26300,"47_19_20",36.2283812983037,-82.1097568380557
"26302",26301,"47_19_20",36.216632940365,-82.1255391032518
"26303",26302,"47_19_20",36.2227379785891,-82.1085374326229
"26304",26303,"47_19_20",36.2312123231079,-82.1073464256331
"26305",26304,"47_19_20",36.2253468476168,-82.1166830850964
"26306",26305,"47_19_20",36.2237701724193,-82.1288242163855
"26307",26306,"47_19_20",36.2283266148804,-82.1177606868767
"26308",26307,"47_19_20",36.2166320976041,-82.1214042626418
"26309",26308,"47_19_20",36.2127250730283,-82.1239435894219
"26310",26309,"47_19_20",36.215981088426,-82.1290691429319
"26311",26310,"47_19_23",36.1433263032713,-82.1371566521486
"26312",26311,"47_19_23",36.1499673624392,-82.1439228054437
"26313",26312,"47_19_23",36.1525735725125,-82.1463254880383
"26314",26313,"47_19_23",36.1651317664618,-82.1497115260892
"26315",26314,"47_19_23",36.1472887232221,-82.1522977732153
"26316",26315,"47_19_23",36.1548892665027,-82.1471061054941
"26317",26316,"47_19_23",36.1486704936477,-82.1527187924524
"26318",26317,"47_19_23",36.1493942703054,-82.1580901747701
"26319",26318,"47_19_23",36.157655651941,-82.1600627515578
"26320",26319,"47_19_23",36.1590911311544,-82.1545416813813
"26321",26320,"47_19_27",36.110264782993,-82.1263679071903
"26322",26321,"47_19_27",36.1143687422294,-82.1141145757783
"26323",26322,"47_19_27",36.1079487514128,-82.1127560804457
"26324",26323,"47_19_27",36.1126808337493,-82.119457529786
"26325",26324,"47_19_27",36.1114763215665,-82.1157974846255
"26326",26325,"47_19_27",36.1156296110205,-82.125507063457
"26327",26326,"47_19_27",36.1005438807245,-82.1186989530936
"26328",26327,"47_19_27",36.1059705276539,-82.1099558793703
"26329",26328,"47_19_27",36.1116708211624,-82.1206222643547
"26330",26329,"47_19_27",36.1102626033671,-82.11348667558
"26331",26330,"47_171_15",36.1425608590462,-82.4311014799813
"26332",26331,"47_171_15",36.1413303519047,-82.4438813770857
"26333",26332,"47_171_15",36.1354174178671,-82.4288511368295
"26334",26333,"47_171_15",36.1479336766439,-82.4588323833784
"26335",26334,"47_171_15",36.1546609262823,-82.4378256911977
"26336",26335,"47_171_15",36.1323041307586,-82.4388824302024
"26337",26336,"47_171_15",36.1446670585112,-82.4421915527805
"26338",26337,"47_171_15",36.1347628688442,-82.4511677926705
"26339",26338,"47_171_15",36.1517954168295,-82.4415762446907
"26340",26339,"47_171_15",36.1413596003002,-82.4338002393029
"26341",26340,"47_179_5",36.2598165070315,-82.3549765669181
"26342",26341,"47_179_5",36.2652087622567,-82.3768366732779
"26343",26342,"47_179_5",36.2555918304845,-82.3858005294947
"26344",26343,"47_179_5",36.269543127858,-82.3718307306178
"26345",26344,"47_179_5",36.2540751406547,-82.3768516606609
"26346",26345,"47_179_5",36.257516723749,-82.3546831700815
"26347",26346,"47_179_5",36.2531820952243,-82.3735214320947
"26348",26347,"47_179_5",36.2564022589957,-82.3675191413105
"26349",26348,"47_179_5",36.2504276225699,-82.3793702073771
"26350",26349,"47_179_5",36.2557137431649,-82.3850247965225
"26351",26350,"47_91_2",36.549847236776,-81.9209631790938
"26352",26351,"47_91_2",36.5688533015666,-81.9088223062847
"26353",26352,"47_91_2",36.5581821930635,-81.9024567172661
"26354",26353,"47_91_2",36.5560272785222,-81.9183868903639
"26355",26354,"47_91_2",36.5624585867203,-81.9318653033898
"26356",26355,"47_91_2",36.5492040624269,-81.9248905074569
"26357",26356,"47_91_2",36.5647963908833,-81.9160926218858
"26358",26357,"47_91_2",36.5624583527106,-81.9084851913886
"26359",26358,"47_91_2",36.5474797053387,-81.920027146945
"26360",26359,"47_91_2",36.5525749440172,-81.9276614834454
"26361",26360,"47_91_5",36.4103366237342,-81.9712686715351
"26362",26361,"47_91_5",36.400448551977,-82.003284338557
"26363",26362,"47_91_5",36.4121994534699,-82.0012601668133
"26364",26363,"47_91_5",36.3976257584874,-81.9957286757119
"26365",26364,"47_91_5",36.397739754375,-81.9809391758741
"26366",26365,"47_91_5",36.398103631732,-81.9854814255417
"26367",26366,"47_91_5",36.4156434445351,-81.980810437682
"26368",26367,"47_91_5",36.411098856299,-81.9852576804427
"26369",26368,"47_91_5",36.4084231552226,-82.0025953191936
"26370",26369,"47_91_5",36.4135224948186,-81.9787198429778
"26371",26370,"47_171_2",36.1844041506519,-82.4081889255145
"26372",26371,"47_171_2",36.1888494374053,-82.4084103421518
"26373",26372,"47_171_2",36.1835448662885,-82.4063179616666
"26374",26373,"47_171_2",36.1729409027182,-82.416261351143
"26375",26374,"47_171_2",36.1825827706667,-82.4163562746008
"26376",26375,"47_171_2",36.1891215338516,-82.4172232770635
"26377",26376,"47_171_2",36.1830025131072,-82.407904671048
"26378",26377,"47_171_2",36.1836028282502,-82.4053018773193
"26379",26378,"47_171_2",36.1814707270483,-82.4074069166267
"26380",26379,"47_171_2",36.1943445479924,-82.4166316280372
"26381",26380,"47_139_54",35.229402914007,-84.36943551357
"26382",26381,"47_139_54",35.2331653116511,-84.3759031439618
"26383",26382,"47_139_54",35.2296489658544,-84.375447464533
"26384",26383,"47_139_54",35.2316995445386,-84.3968947672702
"26385",26384,"47_139_54",35.218521651933,-84.3840080881138
"26386",26385,"47_139_54",35.2316545043067,-84.3851043844718
"26387",26386,"47_139_54",35.225837475048,-84.3799777050459
"26388",26387,"47_139_54",35.225703744055,-84.3847415230008
"26389",26388,"47_139_54",35.2284599261358,-84.3699384992548
"26390",26389,"47_139_54",35.2296810956766,-84.3842997576952
"26391",26390,"47_139_24",35.2388100581758,-84.5175820479243
"26392",26391,"47_139_24",35.2445673019513,-84.517825663522
"26393",26392,"47_139_24",35.238085954425,-84.5155822370018
"26394",26393,"47_139_24",35.2305667692501,-84.5244753857436
"26395",26394,"47_139_24",35.2413914437136,-84.5027006168823
"26396",26395,"47_139_24",35.2362566619552,-84.5094858743374
"26397",26396,"47_139_24",35.2365147894602,-84.5054789902438
"26398",26397,"47_139_24",35.2296380644678,-84.5064483387566
"26399",26398,"47_139_24",35.2262334855832,-84.5104105655775
"26400",26399,"47_139_24",35.2351390937372,-84.5037492132241
"26401",26400,"47_19_24",36.2235646893519,-82.2175373143874
"26402",26401,"47_19_24",36.2350340045354,-82.2240609818023
"26403",26402,"47_19_24",36.2354910201019,-82.2107394695454
"26404",26403,"47_19_24",36.2396902124219,-82.2134694064828
"26405",26404,"47_19_24",36.2221134813872,-82.2181498106193
"26406",26405,"47_19_24",36.2289768355949,-82.2323798971386
"26407",26406,"47_19_24",36.2330921442615,-82.2200692101583
"26408",26407,"47_19_24",36.2312791010654,-82.2190920416912
"26409",26408,"47_19_24",36.227802001594,-82.2101467089293
"26410",26409,"47_19_24",36.2220187099208,-82.2174268321869
"26411",26410,"47_91_8",36.6061374366904,-81.7501728848846
"26412",26411,"47_91_8",36.608775695459,-81.7456930001285
"26413",26412,"47_91_8",36.6007392711849,-81.7576524061548
"26414",26413,"47_91_8",36.612458128679,-81.7339464280123
"26415",26414,"47_91_8",36.6012032627792,-81.7452590538255
"26416",26415,"47_91_8",36.613462669468,-81.7402158555651
"26417",26416,"47_91_8",36.6036392664859,-81.7311002336092
"26418",26417,"47_91_8",36.6003078514647,-81.7596121144794
"26419",26418,"47_91_8",36.6020578990772,-81.7455657364843
"26420",26419,"47_91_8",36.6111339615856,-81.7444536027253
"26421",26420,"47_163_11",36.4685490720947,-82.1252698672779
"26422",26421,"47_163_11",36.4633592355597,-82.1314226139125
"26423",26422,"47_163_11",36.4629738234403,-82.1432005356867
"26424",26423,"47_163_11",36.4689671051795,-82.1258889024001
"26425",26424,"47_163_11",36.4590477186774,-82.1465699565139
"26426",26425,"47_163_11",36.4668100182234,-82.1292651166072
"26427",26426,"47_163_11",36.4700285716653,-82.1181029242331
"26428",26427,"47_163_11",36.4665380697072,-82.1288603145935
"26429",26428,"47_163_11",36.4744773109185,-82.1295143553489
"26430",26429,"47_163_11",36.4725001051197,-82.1443300417349
"26431",26430,"47_139_43",35.0784414931795,-84.5782159721431
"26432",26431,"47_139_43",35.0690842852269,-84.569438741154
"26433",26432,"47_139_43",35.0824098128346,-84.5725311315372
"26434",26433,"47_139_43",35.0833683554414,-84.5697692228335
"26435",26434,"47_139_43",35.0822098023159,-84.5691741057344
"26436",26435,"47_139_43",35.0834725210219,-84.5695951382361
"26437",26436,"47_139_43",35.0768763978116,-84.5778520003597
"26438",26437,"47_139_43",35.0826274766632,-84.5581688767335
"26439",26438,"47_139_43",35.0895830185366,-84.5721601452078
"26440",26439,"47_139_43",35.0804464490282,-84.5868875703034
"26441",26440,"47_59_6",36.0821874736246,-82.6059578484173
"26442",26441,"47_59_6",36.0779761765259,-82.6108344038696
"26443",26442,"47_59_6",36.0841022637562,-82.6152347673676
"26444",26443,"47_59_6",36.086617556273,-82.6027402642975
"26445",26444,"47_59_6",36.0842307044886,-82.6000527903238
"26446",26445,"47_59_6",36.0844644467479,-82.6063461192286
"26447",26446,"47_59_6",36.0866670853271,-82.6099918414359
"26448",26447,"47_59_6",36.0891630629754,-82.6110661040856
"26449",26448,"47_59_6",36.0893931538658,-82.5991256639174
"26450",26449,"47_59_6",36.0962455590907,-82.6013933867791
"26451",26450,"47_139_46",34.9962104833701,-84.5952028485992
"26452",26451,"47_139_46",34.9977023194042,-84.5994088405545
"26453",26452,"47_139_46",34.9933037582562,-84.5982501247583
"26454",26453,"47_139_46",35.0005464563518,-84.6062995374656
"26455",26454,"47_139_46",34.9981124390565,-84.5993436066253
"26456",26455,"47_139_46",34.9958946117858,-84.5931427981376
"26457",26456,"47_139_46",34.988740935007,-84.6079435380867
"26458",26457,"47_139_46",34.9912127210742,-84.6119991100392
"26459",26458,"47_139_46",34.9999450306739,-84.5999480919385
"26460",26459,"47_139_46",34.9925834726546,-84.6104753858314
"26461",26460,"47_179_2",36.1321419326101,-82.6081050112735
"26462",26461,"47_179_2",36.1438847458345,-82.6016056991828
"26463",26462,"47_179_2",36.1332214805288,-82.6110225494961
"26464",26463,"47_179_2",36.1369386937876,-82.6113385422626
"26465",26464,"47_179_2",36.1373576154686,-82.6206855027743
"26466",26465,"47_179_2",36.1353294037274,-82.6074551205026
"26467",26466,"47_179_2",36.1313461169633,-82.6119943925972
"26468",26467,"47_179_2",36.1227560799473,-82.6077330916862
"26469",26468,"47_179_2",36.1332951766121,-82.6080163736535
"26470",26469,"47_179_2",36.1330820609751,-82.6033830701347
"26471",26470,"47_123_4",35.4317704021048,-84.1416232879516
"26472",26471,"47_123_4",35.4399669727384,-84.14763108479
"26473",26472,"47_123_4",35.440381709574,-84.1585646456297
"26474",26473,"47_123_4",35.4293664810565,-84.1440375169884
"26475",26474,"47_123_4",35.4346431013929,-84.1298699716671
"26476",26475,"47_123_4",35.4433096248901,-84.1394744357529
"26477",26476,"47_123_4",35.4397999907339,-84.142771912063
"26478",26477,"47_123_4",35.4413095019168,-84.1411384245644
"26479",26478,"47_123_4",35.4490254081619,-84.144784220077
"26480",26479,"47_123_4",35.4283735380197,-84.1537930645591
"26481",26480,"47_123_6",35.34912305739,-84.1702915841213
"26482",26481,"47_123_6",35.3558650980829,-84.1706696365731
"26483",26482,"47_123_6",35.3599640193568,-84.1869449364503
"26484",26483,"47_123_6",35.3686875646962,-84.1814478430215
"26485",26484,"47_123_6",35.3613426966252,-84.1726634670554
"26486",26485,"47_123_6",35.3523811532029,-84.177616019845
"26487",26486,"47_123_6",35.3659911696323,-84.1818294724111
"26488",26487,"47_123_6",35.3513847793975,-84.181304665229
"26489",26488,"47_123_6",35.3602074556157,-84.181783455636
"26490",26489,"47_123_6",35.3472294362174,-84.1670787246361
"26491",26490,"47_123_10",35.2830408745978,-84.2120605109445
"26492",26491,"47_123_10",35.2825374421272,-84.2035827997146
"26493",26492,"47_123_10",35.2842111187519,-84.2052923599611
"26494",26493,"47_123_10",35.2963849169305,-84.2084066901447
"26495",26494,"47_123_10",35.2795712452169,-84.2013743498566
"26496",26495,"47_123_10",35.2832490038273,-84.2024571310883
"26497",26496,"47_123_10",35.2901944906124,-84.2031332608205
"26498",26497,"47_123_10",35.2778905494897,-84.2158458321517
"26499",26498,"47_123_10",35.2888509759775,-84.1970302119658
"26500",26499,"47_123_10",35.2841976530315,-84.1953046993942
"26501",26500,"47_139_9",35.2024738811598,-84.5248057438038
"26502",26501,"47_139_9",35.1924367068942,-84.5364527760856
"26503",26502,"47_139_9",35.199285325333,-84.5365301566646
"26504",26503,"47_139_9",35.1970171142436,-84.5490947482704
"26505",26504,"47_139_9",35.2081258159457,-84.5394392319573
"26506",26505,"47_139_9",35.2029789952407,-84.5401329649954
"26507",26506,"47_139_9",35.2049895669405,-84.5405079241561
"26508",26507,"47_139_9",35.2112920608566,-84.5270770653448
"26509",26508,"47_139_9",35.1914646838231,-84.550866099678
"26510",26509,"47_139_9",35.2149370666501,-84.5406150299163
"26511",26510,"47_139_10",35.1209234583152,-84.5745382284289
"26512",26511,"47_139_10",35.119759207504,-84.5892978190075
"26513",26512,"47_139_10",35.134954951496,-84.5882591533741
"26514",26513,"47_139_10",35.1239730794477,-84.5669546743478
"26515",26514,"47_139_10",35.1202729198394,-84.564785765144
"26516",26515,"47_139_10",35.1284474428807,-84.5804778284633
"26517",26516,"47_139_10",35.1318983799569,-84.5875149277757
"26518",26517,"47_139_10",35.1185376831181,-84.5754526316047
"26519",26518,"47_139_10",35.1251633431224,-84.5748212434211
"26520",26519,"47_139_10",35.1219888183771,-84.5805999918701
"26521",26520,"47_139_12",35.0461761502457,-84.5932665655693
"26522",26521,"47_139_12",35.051276528112,-84.5953736192845
"26523",26522,"47_139_12",35.0589448243888,-84.6055761712126
"26524",26523,"47_139_12",35.0563295519843,-84.5871274131937
"26525",26524,"47_139_12",35.053828299773,-84.5913328560267
"26526",26525,"47_139_12",35.0637200616837,-84.585752430836
"26527",26526,"47_139_12",35.0523432982059,-84.5907658679551
"26528",26527,"47_139_12",35.0472007299672,-84.6002363721722
"26529",26528,"47_139_12",35.041106716332,-84.589873414655
"26530",26529,"47_139_12",35.0529322384075,-84.602179205001
"26531",26530,"47_123_19",35.4619718484914,-84.0942741018568
"26532",26531,"47_123_19",35.4572137368394,-84.0894147184058
"26533",26532,"47_123_19",35.4641944469604,-84.1099793554124
"26534",26533,"47_123_19",35.47124300646,-84.1110268984441
"26535",26534,"47_123_19",35.4656002338242,-84.106922192634
"26536",26535,"47_123_19",35.4527810913648,-84.1108191151206
"26537",26536,"47_123_19",35.4575880145243,-84.1146660114495
"26538",26537,"47_123_19",35.4547394342208,-84.1136474760768
"26539",26538,"47_123_19",35.4631541684019,-84.1117437008169
"26540",26539,"47_123_19",35.4591517303876,-84.1035662681882
"26541",26540,"47_123_32",35.301116201732,-84.1643620297645
"26542",26541,"47_123_32",35.30680900654,-84.1674969417083
"26543",26542,"47_123_32",35.300560984804,-84.180343058541
"26544",26543,"47_123_32",35.3065564885716,-84.1651263804683
"26545",26544,"47_123_32",35.3051485982884,-84.1678151847309
"26546",26545,"47_123_32",35.3097860158149,-84.1664692495145
"26547",26546,"47_123_32",35.3130902697945,-84.1615263017879
"26548",26547,"47_123_32",35.2995411258329,-84.1615429874319
"26549",26548,"47_123_32",35.2979897074641,-84.178935465016
"26550",26549,"47_123_32",35.301474263384,-84.1573756645573
"26551",26550,"47_107_3",35.314109148598,-84.4799137396662
"26552",26551,"47_107_3",35.3202632989878,-84.4702547372196
"26553",26552,"47_107_3",35.322236367553,-84.4661724733537
"26554",26553,"47_107_3",35.318016559009,-84.476215880262
"26555",26554,"47_107_3",35.3115583088879,-84.4757127902654
"26556",26555,"47_107_3",35.3154643016081,-84.4759162178918
"26557",26556,"47_107_3",35.3134214179137,-84.4791307614374
"26558",26557,"47_107_3",35.3186432340602,-84.4705600997513
"26559",26558,"47_107_3",35.3172213784307,-84.4536667231011
"26560",26559,"47_107_3",35.3187759586278,-84.466115299499
"26561",26560,"47_29_17",35.8489990404947,-82.9998352469672
"26562",26561,"47_29_17",35.8402382637745,-83.0050598383177
"26563",26562,"47_29_17",35.8512486974433,-83.0191629363511
"26564",26563,"47_29_17",35.8478075913755,-83.0266343638448
"26565",26564,"47_29_17",35.8609599016528,-83.0209989730617
"26566",26565,"47_29_17",35.8482435312738,-83.0074883306301
"26567",26566,"47_29_17",35.8489092909597,-83.0093133166388
"26568",26567,"47_29_17",35.857466246049,-83.0208361282808
"26569",26568,"47_29_17",35.8584653616154,-83.0078769623593
"26570",26569,"47_29_17",35.8603753659933,-83.0137743986566
"26571",26570,"47_171_9",36.1587257416463,-82.2469932683063
"26572",26571,"47_171_9",36.1549963167393,-82.2333439473544
"26573",26572,"47_171_9",36.1615199915722,-82.2519052945632
"26574",26573,"47_171_9",36.1611527105489,-82.2447440513108
"26575",26574,"47_171_9",36.1541562488372,-82.2484041600371
"26576",26575,"47_171_9",36.1513873513359,-82.2398371855969
"26577",26576,"47_171_9",36.1524279323824,-82.2435768053825
"26578",26577,"47_171_9",36.1624728882217,-82.2565867600164
"26579",26578,"47_171_9",36.1616884257829,-82.2475390318812
"26580",26579,"47_171_9",36.1446922040069,-82.2412166166252
"26581",26580,"47_91_1",36.5762946215529,-81.7871007707131
"26582",26581,"47_91_1",36.581248879715,-81.7987633635969
"26583",26582,"47_91_1",36.5807788643724,-81.7913866125253
"26584",26583,"47_91_1",36.5769073826895,-81.7931500944165
"26585",26584,"47_91_1",36.5819322422286,-81.7834647941552
"26586",26585,"47_91_1",36.5800637464509,-81.7960752999971
"26587",26586,"47_91_1",36.5744565384566,-81.8020444207501
"26588",26587,"47_91_1",36.584301582269,-81.7897892782891
"26589",26588,"47_91_1",36.5716121017775,-81.7878968335987
"26590",26589,"47_91_1",36.5858376012208,-81.7865128779691
"26591",26590,"47_163_2",36.425840721318,-82.165064454825
"26592",26591,"47_163_2",36.4278164588119,-82.1652049868795
"26593",26592,"47_163_2",36.4221229030474,-82.1745232116961
"26594",26593,"47_163_2",36.426489295748,-82.1696797162984
"26595",26594,"47_163_2",36.4282432087456,-82.1528609962085
"26596",26595,"47_163_2",36.4336296980796,-82.1632563572467
"26597",26596,"47_163_2",36.4187272072056,-82.1614227550528
"26598",26597,"47_163_2",36.4283786769399,-82.1661072046928
"26599",26598,"47_163_2",36.428962462358,-82.1632982707832
"26600",26599,"47_163_2",36.429053088766,-82.1639281874685
"26601",26600,"47_123_26",35.4007328267304,-84.1323799981116
"26602",26601,"47_123_26",35.3914500891863,-84.1312703609538
"26603",26602,"47_123_26",35.3934884914353,-84.1297547453976
"26604",26603,"47_123_26",35.4025195773796,-84.131388142547
"26605",26604,"47_123_26",35.3940520116968,-84.1298818827312
"26606",26605,"47_123_26",35.3949142641142,-84.1315104876901
"26607",26606,"47_123_26",35.3974814398018,-84.1340648055266
"26608",26607,"47_123_26",35.393148150832,-84.1376970829994
"26609",26608,"47_123_26",35.3875878363526,-84.1210058392031
"26610",26609,"47_123_26",35.3943838976869,-84.1265121439933
"26611",26610,"47_123_55",35.3022377830565,-84.0304358641915
"26612",26611,"47_123_55",35.2887761691341,-84.0306738313992
"26613",26612,"47_123_55",35.3018088806149,-84.0284387042755
"26614",26613,"47_123_55",35.2923185107963,-84.0256337898731
"26615",26614,"47_123_55",35.2943569297062,-84.0212215301932
"26616",26615,"47_123_55",35.306301264431,-84.0265213461589
"26617",26616,"47_123_55",35.2946067827251,-84.0305909133965
"26618",26617,"47_123_55",35.3039167827924,-84.0312746941434
"26619",26618,"47_123_55",35.3035669941638,-84.0331309433783
"26620",26619,"47_123_55",35.3031493704983,-84.0363051164976
"26621",26620,"47_123_109",35.378028154796,-84.0312504044408
"26622",26621,"47_123_109",35.3893294056735,-84.0327938230815
"26623",26622,"47_123_109",35.3779740121336,-84.0324136722858
"26624",26623,"47_123_109",35.3868024069846,-84.0342601466112
"26625",26624,"47_123_109",35.3861214991937,-84.0401169084957
"26626",26625,"47_123_109",35.3940310266496,-84.0411657558821
"26627",26626,"47_123_109",35.3883826679016,-84.0265828502959
"26628",26627,"47_123_109",35.3858516598399,-84.0259550703933
"26629",26628,"47_123_109",35.3936643389971,-84.0344844919683
"26630",26629,"47_123_109",35.3797481681629,-84.0388487344933
"26631",26630,"47_123_67",35.4860362235574,-84.0969571011415
"26632",26631,"47_123_67",35.4858225421189,-84.1100361478446
"26633",26632,"47_123_67",35.4911655058713,-84.0919756175183
"26634",26633,"47_123_67",35.4825143656389,-84.0983404641638
"26635",26634,"47_123_67",35.4909818981105,-84.0984136508296
"26636",26635,"47_123_67",35.4734753957798,-84.0926939312068
"26637",26636,"47_123_67",35.4861908047659,-84.0997755556847
"26638",26637,"47_123_67",35.4900673788953,-84.0959916723843
"26639",26638,"47_123_67",35.4943407281636,-84.0998776894008
"26640",26639,"47_123_67",35.4837421499059,-84.0994772686695
"26641",26640,"47_123_64",35.2413158136981,-84.1250197356022
"26642",26641,"47_123_64",35.2577078503825,-84.1372208985431
"26643",26642,"47_123_64",35.2424611477079,-84.1277462165109
"26644",26643,"47_123_64",35.2515689195405,-84.1478037466567
"26645",26644,"47_123_64",35.240185245222,-84.1278861790937
"26646",26645,"47_123_64",35.2510465225281,-84.1208658727444
"26647",26646,"47_123_64",35.26039990276,-84.1376552683906
"26648",26647,"47_123_64",35.2593932274389,-84.1363271355556
"26649",26648,"47_123_64",35.2514827047534,-84.1463849771922
"26650",26649,"47_123_64",35.2419521023671,-84.1295082938104
"26651",26650,"47_123_54",35.5244837117206,-84.1427586985398
"26652",26651,"47_123_54",35.5334715370443,-84.1270842652264
"26653",26652,"47_123_54",35.5243250426503,-84.1449531795189
"26654",26653,"47_123_54",35.5297961982289,-84.1334509940768
"26655",26654,"47_123_54",35.5378532903343,-84.1346506515408
"26656",26655,"47_123_54",35.5272601059949,-84.1421886876399
"26657",26656,"47_123_54",35.533156299697,-84.1338571613128
"26658",26657,"47_123_54",35.5247613208033,-84.1473131370851
"26659",26658,"47_123_54",35.5256254417475,-84.1501513442428
"26660",26659,"47_123_54",35.5127921136134,-84.1426191292847
"26661",26660,"47_123_57",35.2987492575645,-84.1954406737577
"26662",26661,"47_123_57",35.3171394771405,-84.1931819047962
"26663",26662,"47_123_57",35.3205396046667,-84.1986057151456
"26664",26663,"47_123_57",35.3022756111915,-84.2109835220605
"26665",26664,"47_123_57",35.3027676006933,-84.19472648039
"26666",26665,"47_123_57",35.3006147315786,-84.1903352411607
"26667",26666,"47_123_57",35.310164993734,-84.2038511938161
"26668",26667,"47_123_57",35.3086680303863,-84.1941199101486
"26669",26668,"47_123_57",35.3104638040924,-84.1986582749968
"26670",26669,"47_123_57",35.3202629493859,-84.2070067230468
"26671",26670,"47_155_76",35.605969745716,-83.5860920995213
"26672",26671,"47_155_76",35.5901205589143,-83.5883349489697
"26673",26672,"47_155_76",35.6077495223505,-83.5869457397206
"26674",26673,"47_155_76",35.5962760915121,-83.5945899160307
"26675",26674,"47_155_76",35.6028690144753,-83.5887877459173
"26676",26675,"47_155_76",35.6060208311724,-83.5810545312765
"26677",26676,"47_155_76",35.6076757315148,-83.5837264170099
"26678",26677,"47_155_76",35.6027953130817,-83.5950537950815
"26679",26678,"47_155_76",35.6002039017289,-83.5916879417239
"26680",26679,"47_155_76",35.6057881156931,-83.6059747266469
"26681",26680,"47_19_60",36.3569777586343,-82.0475997577564
"26682",26681,"47_19_60",36.3684786895433,-82.0363325693106
"26683",26682,"47_19_60",36.3616306571675,-82.0506305726316
"26684",26683,"47_19_60",36.358581931806,-82.064230296938
"26685",26684,"47_19_60",36.3612282218842,-82.0500814317088
"26686",26685,"47_19_60",36.3590003734138,-82.0475434714284
"26687",26686,"47_19_60",36.3540052985559,-82.0619097963794
"26688",26687,"47_19_60",36.367767765129,-82.0433456410734
"26689",26688,"47_19_60",36.371355814008,-82.0372526619315
"26690",26689,"47_19_60",36.3733636041694,-82.0587296923762
"26691",26690,"47_123_17",35.447525700311,-84.0472246440759
"26692",26691,"47_123_17",35.4490721922215,-84.0593092908686
"26693",26692,"47_123_17",35.4606258486279,-84.0487000921794
"26694",26693,"47_123_17",35.4407094629001,-84.0383366342811
"26695",26694,"47_123_17",35.4483848447497,-84.060642861634
"26696",26695,"47_123_17",35.4591731486319,-84.0519707834605
"26697",26696,"47_123_17",35.4604694174605,-84.0487156231596
"26698",26697,"47_123_17",35.4511431345736,-84.0547985403296
"26699",26698,"47_123_17",35.4482319501998,-84.0494622968803
"26700",26699,"47_123_17",35.4393099503985,-84.0559882031211
"26701",26700,"47_29_9",35.8821306243534,-82.8960769744202
"26702",26701,"47_29_9",35.8743920563738,-82.9139473913942
"26703",26702,"47_29_9",35.8828592439979,-82.9018231844382
"26704",26703,"47_29_9",35.8811368912236,-82.9058386239911
"26705",26704,"47_29_9",35.8694682252075,-82.8973952824477
"26706",26705,"47_29_9",35.8739548841658,-82.9062996223807
"26707",26706,"47_29_9",35.8847396027109,-82.9211209289985
"26708",26707,"47_29_9",35.8763839502272,-82.8975778707847
"26709",26708,"47_29_9",35.8848571136348,-82.9008094433773
"26710",26709,"47_29_9",35.8834476742242,-82.8920713577109
"26711",26710,"47_59_14",35.9991231762519,-82.8998258652096
"26712",26711,"47_59_14",35.9985634700435,-82.8873774860344
"26713",26712,"47_59_14",35.9878310426107,-82.8988046740068
"26714",26713,"47_59_14",35.988934226464,-82.8967556689718
"26715",26714,"47_59_14",36.0026202014949,-82.8782977431092
"26716",26715,"47_59_14",35.9991303526707,-82.8931988960886
"26717",26716,"47_59_14",36.0072386632977,-82.9020948605985
"26718",26717,"47_59_14",35.993594153277,-82.8913051942335
"26719",26718,"47_59_14",36.0086043683513,-82.8866839452322
"26720",26719,"47_59_14",36.0057108992488,-82.8974972345964
"26721",26720,"47_123_13",35.324051138042,-84.0497454357837
"26722",26721,"47_123_13",35.3115960757449,-84.0601648422489
"26723",26722,"47_123_13",35.3189670421078,-84.0556688852479
"26724",26723,"47_123_13",35.3286657292874,-84.0612238394139
"26725",26724,"47_123_13",35.3238157612136,-84.062129177705
"26726",26725,"47_123_13",35.3292593374713,-84.0748000821141
"26727",26726,"47_123_13",35.3257550028117,-84.0680395280169
"26728",26727,"47_123_13",35.3209990263998,-84.0519488924738
"26729",26728,"47_123_13",35.32683039483,-84.0713190773266
"26730",26729,"47_123_13",35.3180343666265,-84.0510838475883
"26731",26730,"47_123_22",35.4203485809958,-84.0800555701603
"26732",26731,"47_123_22",35.431193695995,-84.0741024556756
"26733",26732,"47_123_22",35.4366250749341,-84.0677576838626
"26734",26733,"47_123_22",35.4272591826776,-84.0831224056109
"26735",26734,"47_123_22",35.4318840109081,-84.077126580418
"26736",26735,"47_123_22",35.4361155806994,-84.0725246565877
"26737",26736,"47_123_22",35.4308969902138,-84.0765263374524
"26738",26737,"47_123_22",35.4305445440623,-84.0755363387359
"26739",26738,"47_123_22",35.4318860805289,-84.0826524251601
"26740",26739,"47_123_22",35.4329065942638,-84.0933118155956
"26741",26740,"47_19_8",36.4866103761832,-82.0145889692132
"26742",26741,"47_19_8",36.496419983149,-82.0146443379045
"26743",26742,"47_19_8",36.4826083551071,-82.0083703951629
"26744",26743,"47_19_8",36.4829152749192,-82.008575661621
"26745",26744,"47_19_8",36.488758429457,-82.0076733205655
"26746",26745,"47_19_8",36.4875726477982,-82.0285384998273
"26747",26746,"47_19_8",36.4814055551199,-82.0212910371323
"26748",26747,"47_19_8",36.4910944055876,-82.0174808765599
"26749",26748,"47_19_8",36.4834576488661,-82.0202851894342
"26750",26749,"47_19_8",36.4898243030821,-82.0233863921034
"26751",26750,"47_123_30",35.3046326659954,-84.1022618256242
"26752",26751,"47_123_30",35.3085146571893,-84.1041981186215
"26753",26752,"47_123_30",35.3010846362322,-84.0890329816796
"26754",26753,"47_123_30",35.3048585043576,-84.1100904132244
"26755",26754,"47_123_30",35.2950101771256,-84.1146894416351
"26756",26755,"47_123_30",35.2942607790647,-84.1051832991947
"26757",26756,"47_123_30",35.3028933326493,-84.0985307885055
"26758",26757,"47_123_30",35.3018104353011,-84.1096787636415
"26759",26758,"47_123_30",35.2985797587977,-84.1006492201621
"26760",26759,"47_123_30",35.3021986930632,-84.1082048923972
"26761",26760,"47_29_7",35.8277721929433,-83.2054764845452
"26762",26761,"47_29_7",35.8188495175508,-83.1898102915817
"26763",26762,"47_29_7",35.8293263427891,-83.2001061869147
"26764",26763,"47_29_7",35.8396318915141,-83.2109619526716
"26765",26764,"47_29_7",35.8333023283812,-83.1972761123069
"26766",26765,"47_29_7",35.8283554750575,-83.2032538363036
"26767",26766,"47_29_7",35.8308611281024,-83.1881347128547
"26768",26767,"47_29_7",35.8247444768069,-83.2189116538823
"26769",26768,"47_29_7",35.8287584283238,-83.1961937205343
"26770",26769,"47_29_7",35.8175161291487,-83.2000911269853
"26771",26770,"47_123_11",35.281953662979,-84.344681805479
"26772",26771,"47_123_11",35.2829065922231,-84.3434491509292
"26773",26772,"47_123_11",35.2903488143218,-84.3421084747257
"26774",26773,"47_123_11",35.2861782727937,-84.3460804674487
"26775",26774,"47_123_11",35.2815712447042,-84.3482055475194
"26776",26775,"47_123_11",35.2896710617941,-84.359216854124
"26777",26776,"47_123_11",35.2844936605425,-84.3503408852454
"26778",26777,"47_123_11",35.2921460166936,-84.3455569095526
"26779",26778,"47_123_11",35.2816923875911,-84.3424091694192
"26780",26779,"47_123_11",35.286157019946,-84.342043573307
"26781",26780,"47_59_63",36.0679280362478,-82.7201860537329
"26782",26781,"47_59_63",36.0612906422823,-82.7110251839107
"26783",26782,"47_59_63",36.0598018416193,-82.7018515610826
"26784",26783,"47_59_63",36.0480547298054,-82.7151154595628
"26785",26784,"47_59_63",36.0632389041127,-82.7050694233191
"26786",26785,"47_59_63",36.063860283525,-82.7087257900344
"26787",26786,"47_59_63",36.0480881200108,-82.7154815776345
"26788",26787,"47_59_63",36.0584665877935,-82.7121543006577
"26789",26788,"47_59_63",36.0594679879032,-82.711367989882
"26790",26789,"47_59_63",36.0613375611452,-82.707850268525
"26791",26790,"47_59_20",35.9971093570823,-82.8894728059804
"26792",26791,"47_59_20",35.9978152090731,-82.8773278365681
"26793",26792,"47_59_20",35.9946474031985,-82.8843895699715
"26794",26793,"47_59_20",35.996878405936,-82.8931962330436
"26795",26794,"47_59_20",36.0009836914428,-82.9046396120066
"26796",26795,"47_59_20",35.9954919400407,-82.8852347829603
"26797",26796,"47_59_20",35.996931458844,-82.8894632047112
"26798",26797,"47_59_20",35.9980894882214,-82.8886568195643
"26799",26798,"47_59_20",35.9969143733025,-82.8885503614692
"26800",26799,"47_59_20",35.9916838468829,-82.8897323124807
"26801",26800,"51_69_68",39.0922313366301,-78.4770292230408
"26802",26801,"51_69_68",39.096324977221,-78.481617780277
"26803",26802,"51_69_68",39.0790781539592,-78.4918724334409
"26804",26803,"51_69_68",39.0923289813461,-78.4874645910534
"26805",26804,"51_69_68",39.0960642818955,-78.4756927976476
"26806",26805,"51_69_68",39.095965407955,-78.4788772733431
"26807",26806,"51_69_68",39.0890341988225,-78.502926630571
"26808",26807,"51_69_68",39.0848308239583,-78.4744236698048
"26809",26808,"51_69_68",39.1045745628839,-78.4867713813771
"26810",26809,"51_69_68",39.0835923275387,-78.4707925018626
"26811",26810,"51_163_126",37.5950191146017,-79.4746628324647
"26812",26811,"51_163_126",37.6018100766166,-79.4779626193628
"26813",26812,"51_163_126",37.6128153020714,-79.4672691401068
"26814",26813,"51_163_126",37.6055129647821,-79.4698448759205
"26815",26814,"51_163_126",37.6039691440454,-79.4722675171482
"26816",26815,"51_163_126",37.5953905253255,-79.4573873347534
"26817",26816,"51_163_126",37.6158843701555,-79.4676530413461
"26818",26817,"51_163_126",37.6092588857997,-79.4669347948585
"26819",26818,"51_163_126",37.6147639737001,-79.4673388499177
"26820",26819,"51_163_126",37.605443986277,-79.4694746674102
"26821",26820,"51_165_183",38.6729234578779,-78.9832133195298
"26822",26821,"51_165_183",38.657192201548,-78.9928211740656
"26823",26822,"51_165_183",38.6630431223987,-78.9942105395432
"26824",26823,"51_165_183",38.6692211028608,-79.002822107878
"26825",26824,"51_165_183",38.6753459646443,-78.99059393966
"26826",26825,"51_165_183",38.6688794642553,-78.9822939457663
"26827",26826,"51_165_183",38.6677419699858,-78.9914622542361
"26828",26827,"51_165_183",38.6759191080565,-79.0139146168943
"26829",26828,"51_165_183",38.6604557567629,-78.9835701504015
"26830",26829,"51_165_183",38.6685253832365,-79.0113574868611
"26831",26830,"51_15_184",38.3670296489792,-79.1396282192748
"26832",26831,"51_15_184",38.3727597513495,-79.1451791036125
"26833",26832,"51_15_184",38.3641042141426,-79.1601179387659
"26834",26833,"51_15_184",38.3790173770742,-79.1540779769886
"26835",26834,"51_15_184",38.3576439358224,-79.1503938063299
"26836",26835,"51_15_184",38.3727514883807,-79.1410026179954
"26837",26836,"51_15_184",38.375396350131,-79.1315955256995
"26838",26837,"51_15_184",38.3709707231581,-79.1462198022177
"26839",26838,"51_15_184",38.3698165174031,-79.1440190152388
"26840",26839,"51_15_184",38.3671770622276,-79.1514424007365
"26841",26840,"51_15_193",38.378919144622,-79.2955475918871
"26842",26841,"51_15_193",38.3971806579355,-79.2988939076647
"26843",26842,"51_15_193",38.3918144906583,-79.2938690402069
"26844",26843,"51_15_193",38.386444108546,-79.2935491076013
"26845",26844,"51_15_193",38.3903936684546,-79.3033843033705
"26846",26845,"51_15_193",38.379846612705,-79.2830794113985
"26847",26846,"51_15_193",38.3859249733103,-79.2914160710662
"26848",26847,"51_15_193",38.385184303205,-79.2906743041435
"26849",26848,"51_15_193",38.3900883399145,-79.2922499018849
"26850",26849,"51_15_193",38.3910719124307,-79.3007969367191
"26851",26850,"51_23_94",37.5348127470202,-79.5555944606964
"26852",26851,"51_23_94",37.5382490178114,-79.5651057297489
"26853",26852,"51_23_94",37.5397351245515,-79.5690900652984
"26854",26853,"51_23_94",37.5380041649608,-79.5626373491366
"26855",26854,"51_23_94",37.5423573895072,-79.5554089454108
"26856",26855,"51_23_94",37.5457982476414,-79.5535452153259
"26857",26856,"51_23_94",37.545108160868,-79.5653545343854
"26858",26857,"51_23_94",37.5462386313438,-79.5675366795638
"26859",26858,"51_23_94",37.5493489273012,-79.572881621624
"26860",26859,"51_23_94",37.5394236418098,-79.5730879914878
"26861",26860,"51_23_99",37.6482539616924,-79.8531878799305
"26862",26861,"51_23_99",37.6525920122046,-79.8394616878124
"26863",26862,"51_23_99",37.6379542619393,-79.8399303123095
"26864",26863,"51_23_99",37.6470546608523,-79.8513849227487
"26865",26864,"51_23_99",37.6452838977981,-79.8663157355876
"26866",26865,"51_23_99",37.6524447670349,-79.8623159553321
"26867",26866,"51_23_99",37.6473054528553,-79.8415427678835
"26868",26867,"51_23_99",37.6562861423229,-79.8621009515105
"26869",26868,"51_23_99",37.6429374382931,-79.8643389912318
"26870",26869,"51_23_99",37.6486960311284,-79.8493478245081
"26871",26870,"51_17_147",38.1686288292581,-79.9145630487652
"26872",26871,"51_17_147",38.1736066881989,-79.9172519232181
"26873",26872,"51_17_147",38.1768564420234,-79.9083624082215
"26874",26873,"51_17_147",38.1760827681185,-79.9198655158148
"26875",26874,"51_17_147",38.1689946021271,-79.9210788358102
"26876",26875,"51_17_147",38.1838547231967,-79.9247580234589
"26877",26876,"51_17_147",38.1739209593024,-79.9082507612983
"26878",26877,"51_17_147",38.1777818630475,-79.9192592555054
"26879",26878,"51_17_147",38.1758900534242,-79.9128821616675
"26880",26879,"51_17_147",38.1661015415708,-79.9124105430413
"26881",26880,"51_23_116",37.6435303159313,-79.9960584254777
"26882",26881,"51_23_116",37.6473394676434,-79.9920861560274
"26883",26882,"51_23_116",37.6447592635543,-80.0124997238305
"26884",26883,"51_23_116",37.6429570695293,-79.9987489772108
"26885",26884,"51_23_116",37.649889194067,-79.9975261430431
"26886",26885,"51_23_116",37.6424985759562,-79.9990784809362
"26887",26886,"51_23_116",37.6417830865463,-80.0135559880572
"26888",26887,"51_23_116",37.6502927024002,-80.0140636234761
"26889",26888,"51_23_116",37.6315257710198,-79.9994580727084
"26890",26889,"51_23_116",37.6352891564853,-80.0059914646353
"26891",26890,"51_45_57",37.5626142154771,-80.050964115489
"26892",26891,"51_45_57",37.5707309103656,-80.0320471925517
"26893",26892,"51_45_57",37.5690253770619,-80.0381323412124
"26894",26893,"51_45_57",37.5635079255251,-80.0297155212374
"26895",26894,"51_45_57",37.5631194482898,-80.0301544736385
"26896",26895,"51_45_57",37.5482348718312,-80.0319162701225
"26897",26896,"51_45_57",37.5638724007066,-80.0308684395319
"26898",26897,"51_45_57",37.557508380637,-80.0373541005009
"26899",26898,"51_45_57",37.5619470539042,-80.0331633761683
"26900",26899,"51_45_57",37.5640276426912,-80.0378456243729
"26901",26900,"51_5_109",37.718195836097,-80.1345552067033
"26902",26901,"51_5_109",37.728209825115,-80.1392363097384
"26903",26902,"51_5_109",37.7286862804584,-80.1372344726162
"26904",26903,"51_5_109",37.7227419546058,-80.1376095141696
"26905",26904,"51_5_109",37.7170649600871,-80.1271945343904
"26906",26905,"51_5_109",37.7160891500663,-80.1214914384773
"26907",26906,"51_5_109",37.7248355106888,-80.1335621761615
"26908",26907,"51_5_109",37.7132072871204,-80.1385546250953
"26909",26908,"51_5_109",37.7222813847628,-80.1308629373542
"26910",26909,"51_5_109",37.7163032596145,-80.1534455087304
"26911",26910,"51_197_81",37.0505928963672,-80.9266139071455
"26912",26911,"51_197_81",37.0654094099604,-80.9403230287572
"26913",26912,"51_197_81",37.049758930276,-80.9145783504541
"26914",26913,"51_197_81",37.0591970457493,-80.9208073592776
"26915",26914,"51_197_81",37.0571482795764,-80.9349654070695
"26916",26915,"51_197_81",37.0531451777548,-80.931267865343
"26917",26916,"51_197_81",37.0650514470281,-80.9305784321547
"26918",26917,"51_197_81",37.0684866358521,-80.9392198429753
"26919",26918,"51_197_81",37.0565586805234,-80.9295600812042
"26920",26919,"51_197_81",37.0505834886102,-80.932291765647
"26921",26920,"51_21_70",37.1272432441813,-81.0709546211548
"26922",26921,"51_21_70",37.119713681931,-81.0471718248559
"26923",26922,"51_21_70",37.1264066839946,-81.0633775252959
"26924",26923,"51_21_70",37.1229965545592,-81.063033227692
"26925",26924,"51_21_70",37.113261168501,-81.056538492212
"26926",26925,"51_21_70",37.122265934032,-81.0435093497286
"26927",26926,"51_21_70",37.1204792888922,-81.0625643556276
"26928",26927,"51_21_70",37.1293462314398,-81.0571170537692
"26929",26928,"51_21_70",37.1159029878509,-81.0658020983023
"26930",26929,"51_21_70",37.1101798456031,-81.0652064969308
"26931",26930,"51_197_95",36.9769475051433,-81.2681314984831
"26932",26931,"51_197_95",36.9709437827115,-81.2741239414694
"26933",26932,"51_197_95",36.9832439973468,-81.2755695522696
"26934",26933,"51_197_95",36.9775049216734,-81.273982626856
"26935",26934,"51_197_95",36.9744145341734,-81.2693189258085
"26936",26935,"51_197_95",36.9758380374168,-81.2771508645828
"26937",26936,"51_197_95",36.9763490835979,-81.2712967191541
"26938",26937,"51_197_95",36.9759753426115,-81.2920093563957
"26939",26938,"51_197_95",36.9765968212963,-81.2753007556535
"26940",26939,"51_197_95",36.9856252730785,-81.2844587847588
"26941",26940,"51_21_78",37.1306532193599,-81.2217532903433
"26942",26941,"51_21_78",37.1241780032355,-81.2264869146905
"26943",26942,"51_21_78",37.12497585874,-81.2310232207097
"26944",26943,"51_21_78",37.1377799364763,-81.2310030268004
"26945",26944,"51_21_78",37.1230295627431,-81.2103501330096
"26946",26945,"51_21_78",37.1304156360797,-81.2109390713331
"26947",26946,"51_21_78",37.1191026406202,-81.2133614145392
"26948",26947,"51_21_78",37.1250228816772,-81.2308883857152
"26949",26948,"51_21_78",37.1368220538814,-81.2250717537789
"26950",26949,"51_21_78",37.1309443074197,-81.2221014226231
"26951",26950,"51_51_61",37.2492301458722,-82.4482838939441
"26952",26951,"51_51_61",37.237767867395,-82.4560481922308
"26953",26952,"51_51_61",37.2374888218339,-82.4467481291534
"26954",26953,"51_51_61",37.2315877068296,-82.4433565858941
"26955",26954,"51_51_61",37.2336532097786,-82.4619639014184
"26956",26955,"51_51_61",37.238171380438,-82.4487402975985
"26957",26956,"51_51_61",37.2431665287287,-82.4633705354207
"26958",26957,"51_51_61",37.2336104946294,-82.4650476189931
"26959",26958,"51_51_61",37.2272627866557,-82.4387371015413
"26960",26959,"51_51_61",37.2388073296269,-82.4485474869469
"26961",26960,"47_19_2",36.2173048564919,-81.9676289271342
"26962",26961,"47_19_2",36.220816789384,-81.9757051152787
"26963",26962,"47_19_2",36.2314105118981,-81.9856515990892
"26964",26963,"47_19_2",36.2224335595426,-81.9768556108443
"26965",26964,"47_19_2",36.2236284214416,-81.9766567259791
"26966",26965,"47_19_2",36.2272786100607,-81.9775914544507
"26967",26966,"47_19_2",36.2264208794739,-81.9733971752296
"26968",26967,"47_19_2",36.2234047420969,-81.9927958189926
"26969",26968,"47_19_2",36.2352915279738,-81.9771436910336
"26970",26969,"47_19_2",36.225770585878,-81.9792539292571
"26971",26970,"51_91_82",38.5719457828297,-79.6204895871245
"26972",26971,"51_91_82",38.5755498334336,-79.6059357832541
"26973",26972,"51_91_82",38.583224977785,-79.6244477928027
"26974",26973,"51_91_82",38.5713012139693,-79.6211016885688
"26975",26974,"51_91_82",38.5640617663204,-79.6064285339964
"26976",26975,"51_91_82",38.5628507975387,-79.6143673025931
"26977",26976,"51_91_82",38.5716535409967,-79.6193119380275
"26978",26977,"51_91_82",38.5782880080561,-79.6330670043076
"26979",26978,"51_91_82",38.5682316952856,-79.6191760499453
"26980",26979,"51_91_82",38.5661319977163,-79.6067772910908
"26981",26980,"51_17_109",38.1294286642579,-79.6287992371668
"26982",26981,"51_17_109",38.1464242214641,-79.6394205939982
"26983",26982,"51_17_109",38.1312868660506,-79.6380002128705
"26984",26983,"51_17_109",38.1334013510863,-79.6379642260991
"26985",26984,"51_17_109",38.1330617073272,-79.6355330439813
"26986",26985,"51_17_109",38.1350905584447,-79.6353615967812
"26987",26986,"51_17_109",38.1265505727725,-79.6236999992884
"26988",26987,"51_17_109",38.133633104686,-79.6353847796059
"26989",26988,"51_17_109",38.1337272874016,-79.6345304207918
"26990",26989,"51_17_109",38.1404871758651,-79.6364413444254
"26991",26990,"51_17_111",38.2218892893177,-79.7514398659972
"26992",26991,"51_17_111",38.2223808611988,-79.7364951599697
"26993",26992,"51_17_111",38.212778538319,-79.7556966156756
"26994",26993,"51_17_111",38.2142991467424,-79.7521555526207
"26995",26994,"51_17_111",38.214047712028,-79.7371186166346
"26996",26995,"51_17_111",38.2119514607936,-79.7486472310706
"26997",26996,"51_17_111",38.2273851303434,-79.7532137053561
"26998",26997,"51_17_111",38.202046533659,-79.7374956573239
"26999",26998,"51_17_111",38.2111672969333,-79.7620556209371
"27000",26999,"51_17_111",38.2139319376719,-79.7322963077642
"27001",27000,"51_5_92",37.6858063559628,-80.0172419113886
"27002",27001,"51_5_92",37.6916725787217,-80.0097016571929
"27003",27002,"51_5_92",37.6941338103532,-80.0056394987845
"27004",27003,"51_5_92",37.6906304485467,-80.0027530318293
"27005",27004,"51_5_92",37.6829855738626,-80.0051744447522
"27006",27005,"51_5_92",37.6932414391163,-80.0203713349118
"27007",27006,"51_5_92",37.6853096960632,-80.0056202712881
"27008",27007,"51_5_92",37.6928253742526,-80.0065926180309
"27009",27008,"51_5_92",37.6889160851838,-80.0150602931388
"27010",27009,"51_5_92",37.7015807747779,-79.9951448510309
"27011",27010,"51_5_102",37.8484197052705,-80.0912905486791
"27012",27011,"51_5_102",37.83921625873,-80.088738980579
"27013",27012,"51_5_102",37.8432006556545,-80.0917975875289
"27014",27013,"51_5_102",37.8365451978356,-80.0923054653668
"27015",27014,"51_5_102",37.8327820073843,-80.0927271014749
"27016",27015,"51_5_102",37.8397605173092,-80.0839932141295
"27017",27016,"51_5_102",37.8481481065592,-80.094330670458
"27018",27017,"51_5_102",37.8295939906781,-80.0787461380127
"27019",27018,"51_5_102",37.8347337996033,-80.0984762967166
"27020",27019,"51_5_102",37.8383114259237,-80.0939708131206
"27021",27020,"51_71_68",37.4022386322312,-80.4723057413339
"27022",27021,"51_71_68",37.4009574162091,-80.480385397002
"27023",27022,"51_71_68",37.3931686292803,-80.4723612008691
"27024",27023,"51_71_68",37.3952197980576,-80.4788954316639
"27025",27024,"51_71_68",37.4001212212418,-80.4675777167994
"27026",27025,"51_71_68",37.3906813145988,-80.4802162613504
"27027",27026,"51_71_68",37.3994968696974,-80.4958914736049
"27028",27027,"51_71_68",37.3951248328191,-80.4899937761376
"27029",27028,"51_71_68",37.3980570007361,-80.4727129511907
"27030",27029,"51_71_68",37.3950609653589,-80.4763558779251
"27031",27030,"51_71_78",37.3950833131243,-80.6278277822641
"27032",27031,"51_71_78",37.3917864883335,-80.6477929726872
"27033",27032,"51_71_78",37.4111387638986,-80.642648516649
"27034",27033,"51_71_78",37.3983606918853,-80.6443207050285
"27035",27034,"51_71_78",37.3955050872325,-80.6254949411217
"27036",27035,"51_71_78",37.3981529301379,-80.6384180274514
"27037",27036,"51_71_78",37.3940498185391,-80.6375974303164
"27038",27037,"51_71_78",37.4038923092127,-80.6421926320944
"27039",27038,"51_71_78",37.3969046830307,-80.6369869636919
"27040",27039,"51_71_78",37.393834912688,-80.6428493306603
"27041",27040,"51_71_86",37.2583499311101,-80.8916073273401
"27042",27041,"51_71_86",37.2474456287851,-80.8954427560714
"27043",27042,"51_71_86",37.25045133728,-80.8939553330088
"27044",27043,"51_71_86",37.2417399304474,-80.8925071621186
"27045",27044,"51_71_86",37.2426869704397,-80.8837049847655
"27046",27045,"51_71_86",37.2367935401919,-80.8866123680256
"27047",27046,"51_71_86",37.2506599777735,-80.8867186251647
"27048",27047,"51_71_86",37.2437447817919,-80.8998358634962
"27049",27048,"51_71_86",37.2432700064005,-80.8841345242918
"27050",27049,"51_71_86",37.2457323192979,-80.8709423768426
"27051",27050,"51_197_82",37.0095156067433,-80.9841895167152
"27052",27051,"51_197_82",37.017620312699,-80.986793540873
"27053",27052,"51_197_82",37.0217142022189,-80.972916957679
"27054",27053,"51_197_82",37.0190809393898,-80.9830374483852
"27055",27054,"51_197_82",37.0251644416992,-80.9970020642753
"27056",27055,"51_197_82",37.0192779326036,-80.9833406587626
"27057",27056,"51_197_82",37.0148230242232,-80.9993497102315
"27058",27057,"51_197_82",37.0161714675807,-80.9855529966568
"27059",27058,"51_197_82",37.0315687570626,-80.9765469865843
"27060",27059,"51_197_82",37.0166191528296,-80.9870275399214
"27061",27060,"51_77_86",36.6480046882533,-81.4728421345807
"27062",27061,"51_77_86",36.6387938039555,-81.4793431884554
"27063",27062,"51_77_86",36.6456821927553,-81.4743709323258
"27064",27063,"51_77_86",36.6518882682781,-81.4683206207853
"27065",27064,"51_77_86",36.6572372035017,-81.4852125490028
"27066",27065,"51_77_86",36.6480734662476,-81.4757915380733
"27067",27066,"51_77_86",36.6380700539473,-81.4843701609695
"27068",27067,"51_77_86",36.6386094230552,-81.4752977780864
"27069",27068,"51_77_86",36.6397449813818,-81.4671046151503
"27070",27069,"51_77_86",36.6464922688387,-81.4789218526596
"27071",27070,"51_169_99",36.8301038401071,-82.6507847838943
"27072",27071,"51_169_99",36.8123070765107,-82.6331583168754
"27073",27072,"51_169_99",36.8277340903258,-82.6461733064954
"27074",27073,"51_169_99",36.8257256116399,-82.6324328518972
"27075",27074,"51_169_99",36.8085919651933,-82.6399223277658
"27076",27075,"51_169_99",36.8164114159784,-82.6555710231843
"27077",27076,"51_169_99",36.8209920828953,-82.634719390809
"27078",27077,"51_169_99",36.8264958148878,-82.6526895784712
"27079",27078,"51_169_99",36.8169661679034,-82.6522554428535
"27080",27079,"51_169_99",36.8088946972424,-82.6441433310143
"27081",27080,"51_163_136",37.8965638105637,-79.5807063417371
"27082",27081,"51_163_136",37.8959667214788,-79.5819125610192
"27083",27082,"51_163_136",37.8958181603848,-79.5774743169599
"27084",27083,"51_163_136",37.9006658897607,-79.5907109518051
"27085",27084,"51_163_136",37.8943669315343,-79.5673676061315
"27086",27085,"51_163_136",37.8994272393042,-79.5772984595186
"27087",27086,"51_163_136",37.9053004459309,-79.5664973974216
"27088",27087,"51_163_136",37.8982380266012,-79.5797862290746
"27089",27088,"51_163_136",37.8880135701497,-79.5829859367607
"27090",27089,"51_163_136",37.8875304384732,-79.5717839921177
"27091",27090,"47_123_115",35.2936249736546,-84.3537441604237
"27092",27091,"47_123_115",35.2894490758459,-84.3623314056733
"27093",27092,"47_123_115",35.2947796445179,-84.36255128129
"27094",27093,"47_123_115",35.2955402765628,-84.3607133167708
"27095",27094,"47_123_115",35.3080960197981,-84.3522040879829
"27096",27095,"47_123_115",35.2976015180654,-84.3520905121934
"27097",27096,"47_123_115",35.300555025704,-84.3581334046936
"27098",27097,"47_123_115",35.2991248023301,-84.3591623641572
"27099",27098,"47_123_115",35.3032560094137,-84.3626496939903
"27100",27099,"47_123_115",35.2986687399376,-84.3560700218125
"27101",27100,"47_91_3",36.5151129801263,-81.965100250959
"27102",27101,"47_91_3",36.5062313750534,-81.9755462822313
"27103",27102,"47_91_3",36.5028059229883,-81.9799359779814
"27104",27103,"47_91_3",36.5036193236499,-81.9815395923756
"27105",27104,"47_91_3",36.5082182724618,-81.9841600601175
"27106",27105,"47_91_3",36.4959259253008,-81.9857943281527
"27107",27106,"47_91_3",36.5092925084557,-81.966624507059
"27108",27107,"47_91_3",36.5154845694751,-81.9665672968373
"27109",27108,"47_91_3",36.4962019884357,-81.9895026005753
"27110",27109,"47_91_3",36.5051858502351,-81.9763185844757
"27111",27110,"47_123_2",35.3667257720629,-84.0084264580086
"27112",27111,"47_123_2",35.3673270720175,-84.0174728919217
"27113",27112,"47_123_2",35.3704302012573,-84.0090611365804
"27114",27113,"47_123_2",35.363484546946,-84.0179967030369
"27115",27114,"47_123_2",35.3670501749008,-84.0141927027661
"27116",27115,"47_123_2",35.3503737358906,-84.0187952091447
"27117",27116,"47_123_2",35.3757812631349,-84.0280733675395
"27118",27117,"47_123_2",35.3587447724635,-84.032197044156
"27119",27118,"47_123_2",35.3623774179133,-84.0230358302011
"27120",27119,"47_123_2",35.3549033547026,-84.0304038783018
"27121",27120,"47_139_3",35.0390537827891,-84.4295883174116
"27122",27121,"47_139_3",35.0428682106203,-84.4302012979443
"27123",27122,"47_139_3",35.0473649398644,-84.439123784288
"27124",27123,"47_139_3",35.0582289685532,-84.4433002530996
"27125",27124,"47_139_3",35.035816690243,-84.4337782531402
"27126",27125,"47_139_3",35.0483302329698,-84.4410946605061
"27127",27126,"47_139_3",35.0461958604652,-84.4475920905484
"27128",27127,"47_139_3",35.0538991328999,-84.4500236616188
"27129",27128,"47_139_3",35.0396321703256,-84.4292126632492
"27130",27129,"47_139_3",35.0515316541232,-84.4379017857189
"27131",27130,"47_179_1",36.1986879213492,-82.4414829773542
"27132",27131,"47_179_1",36.2015819361743,-82.4146743795716
"27133",27132,"47_179_1",36.2039135684902,-82.4229289938958
"27134",27133,"47_179_1",36.2001672823153,-82.4264162615669
"27135",27134,"47_179_1",36.1995879406739,-82.4177603354797
"27136",27135,"47_179_1",36.1952182825855,-82.4159993361328
"27137",27136,"47_179_1",36.2051604261099,-82.4240658046781
"27138",27137,"47_179_1",36.2080110062154,-82.4341310213274
"27139",27138,"47_179_1",36.2080843154113,-82.4186630575538
"27140",27139,"47_179_1",36.1958335050455,-82.4389593984782
"27141",27140,"47_19_45",36.4552677073173,-82.0968318119879
"27142",27141,"47_19_45",36.4476245806938,-82.1009713474158
"27143",27142,"47_19_45",36.4497968475287,-82.1003273580497
"27144",27143,"47_19_45",36.448072004371,-82.1127220731164
"27145",27144,"47_19_45",36.4495378988208,-82.0938969330999
"27146",27145,"47_19_45",36.447375340751,-82.1124011180268
"27147",27146,"47_19_45",36.4552485558032,-82.0914208973977
"27148",27147,"47_19_45",36.4405022860492,-82.0919078268717
"27149",27148,"47_19_45",36.4550170801534,-82.0888705081433
"27150",27149,"47_19_45",36.4376913759636,-82.1054273216317
"27151",27150,"51_165_189",38.5961093670066,-79.0391321320892
"27152",27151,"51_165_189",38.6093638451561,-79.0289383105801
"27153",27152,"51_165_189",38.6077647424369,-79.0440163065574
"27154",27153,"51_165_189",38.5955849224344,-79.0418305577532
"27155",27154,"51_165_189",38.608592331644,-79.0318883415543
"27156",27155,"51_165_189",38.6004168009297,-79.016892680414
"27157",27156,"51_165_189",38.5991973998339,-79.0326164063825
"27158",27157,"51_165_189",38.6108833711719,-79.0299406060564
"27159",27158,"51_165_189",38.6122319064511,-79.0303867907991
"27160",27159,"51_165_189",38.6040458536894,-79.03328240867
"27161",27160,"51_15_214",38.2123873901735,-79.4131061053464
"27162",27161,"51_15_214",38.1996992389238,-79.4229775727365
"27163",27162,"51_15_214",38.203666059637,-79.4246568759754
"27164",27163,"51_15_214",38.2073366522507,-79.4218444156954
"27165",27164,"51_15_214",38.1983153954714,-79.4206030921046
"27166",27165,"51_15_214",38.2111895334236,-79.4243315144571
"27167",27166,"51_15_214",38.2073155090879,-79.4247870361835
"27168",27167,"51_15_214",38.2029600365564,-79.4198365715221
"27169",27168,"51_15_214",38.205553822793,-79.4280023418272
"27170",27169,"51_15_214",38.2021866667886,-79.4121769780764
"27171",27170,"51_195_78",36.8960271925379,-82.6144327615726
"27172",27171,"51_195_78",36.8916089535516,-82.6086489181605
"27173",27172,"51_195_78",36.9040975800219,-82.6203692730013
"27174",27173,"51_195_78",36.9038898062849,-82.6217781918754
"27175",27174,"51_195_78",36.902738585652,-82.6189020406076
"27176",27175,"51_195_78",36.9031754795487,-82.6191454792858
"27177",27176,"51_195_78",36.9018635855084,-82.6179215770377
"27178",27177,"51_195_78",36.908193467632,-82.6305948833508
"27179",27178,"51_195_78",36.8999972422474,-82.6257947876785
"27180",27179,"51_195_78",36.8889912214095,-82.6241922294321
"27181",27180,"51_17_123",38.1363159660223,-79.7778371827283
"27182",27181,"51_17_123",38.1395585469311,-79.8003155251282
"27183",27182,"51_17_123",38.1420489734356,-79.7856137986281
"27184",27183,"51_17_123",38.1514891665399,-79.7876326454886
"27185",27184,"51_17_123",38.1466051424956,-79.7756265690596
"27186",27185,"51_17_123",38.1503363490477,-79.7847248987559
"27187",27186,"51_17_123",38.1470822235371,-79.7769822065251
"27188",27187,"51_17_123",38.1412309781986,-79.7956126678775
"27189",27188,"51_17_123",38.1464575450294,-79.7735665797037
"27190",27189,"51_17_123",38.14694350541,-79.7722699802571
"27191",27190,"51_17_128",37.9783283656279,-79.7081116920987
"27192",27191,"51_17_128",37.9749314537748,-79.7237616065774
"27193",27192,"51_17_128",37.9687035805688,-79.7188325395946
"27194",27193,"51_17_128",37.979337773811,-79.715124285076
"27195",27194,"51_17_128",37.9818719771172,-79.7165168658298
"27196",27195,"51_17_128",37.9752342909688,-79.7153293989611
"27197",27196,"51_17_128",37.9893748036506,-79.723911958074
"27198",27197,"51_17_128",37.9818581397714,-79.7207581492491
"27199",27198,"51_17_128",37.9793920716797,-79.7152757230338
"27200",27199,"51_17_128",37.9744192443094,-79.7101987675537
"27201",27200,"51_17_140",37.9997051967085,-79.8779912989694
"27202",27201,"51_17_140",37.9763382387705,-79.8758903968958
"27203",27202,"51_17_140",37.9968442221923,-79.8560307672331
"27204",27203,"51_17_140",37.9999130309737,-79.8621609925532
"27205",27204,"51_17_140",37.9867807557373,-79.8779950556887
"27206",27205,"51_17_140",37.981718564595,-79.8681138349172
"27207",27206,"51_17_140",37.9903043249133,-79.8779339322979
"27208",27207,"51_17_140",37.9842781836754,-79.8680227250335
"27209",27208,"51_17_140",37.9819233444664,-79.8728713163396
"27210",27209,"51_17_140",37.9894454445617,-79.861159444294
"27211",27210,"51_23_108",37.6781040391258,-79.8626845016288
"27212",27211,"51_23_108",37.6814172710323,-79.8502674978369
"27213",27212,"51_23_108",37.6670273995271,-79.8607696833427
"27214",27213,"51_23_108",37.6761793600791,-79.8778461850533
"27215",27214,"51_23_108",37.6766199886775,-79.8526787857104
"27216",27215,"51_23_108",37.6739712002923,-79.859844472888
"27217",27216,"51_23_108",37.6767510788303,-79.8628392518604
"27218",27217,"51_23_108",37.6806450267415,-79.8705320575752
"27219",27218,"51_23_108",37.6845052730341,-79.8603729701259
"27220",27219,"51_23_108",37.6732451181088,-79.8598231562232
"27221",27220,"51_5_87",37.8250541215196,-79.9487623368507
"27222",27221,"51_5_87",37.8393933085738,-79.9302905996982
"27223",27222,"51_5_87",37.8230723526188,-79.9450536608416
"27224",27223,"51_5_87",37.8416714844764,-79.9455899662344
"27225",27224,"51_5_87",37.8312316805192,-79.9377569419935
"27226",27225,"51_5_87",37.8294715925838,-79.9254597880538
"27227",27226,"51_5_87",37.8413334115742,-79.9416082953166
"27228",27227,"51_5_87",37.8307216589887,-79.9306899376628
"27229",27228,"51_5_87",37.8356014540966,-79.9230664384861
"27230",27229,"51_5_87",37.837488116263,-79.924154584681
"27231",27230,"51_45_55",37.6054323830809,-80.0440260849879
"27232",27231,"51_45_55",37.5945825566258,-80.0540469951004
"27233",27232,"51_45_55",37.6132424350719,-80.0556001186718
"27234",27233,"51_45_55",37.5991804266864,-80.0417859326599
"27235",27234,"51_45_55",37.6107441716037,-80.0678342109713
"27236",27235,"51_45_55",37.6011873095826,-80.0668024828239
"27237",27236,"51_45_55",37.6088880193799,-80.0634384747868
"27238",27237,"51_45_55",37.6076488733657,-80.0526125045603
"27239",27238,"51_45_55",37.6113955256575,-80.0458253845941
"27240",27239,"51_45_55",37.6075974148669,-80.060425737813
"27241",27240,"51_45_71",37.4583731150824,-80.134050494544
"27242",27241,"51_45_71",37.454765393624,-80.1301618833512
"27243",27242,"51_45_71",37.4692149812309,-80.1378533353397
"27244",27243,"51_45_71",37.4495974432579,-80.1287813242719
"27245",27244,"51_45_71",37.4475628333036,-80.1400025554427
"27246",27245,"51_45_71",37.4676843510214,-80.1222877521675
"27247",27246,"51_45_71",37.4623810557856,-80.132412949013
"27248",27247,"51_45_71",37.4598626391642,-80.1351683642162
"27249",27248,"51_45_71",37.4563682040507,-80.1358111005102
"27250",27249,"51_45_71",37.4553808093104,-80.1353164933513
"27251",27250,"51_161_68",37.3772852322658,-80.172808649648
"27252",27251,"51_161_68",37.3877505537747,-80.1766404198007
"27253",27252,"51_161_68",37.3786168638043,-80.173959188621
"27254",27253,"51_161_68",37.3731955464151,-80.1633603778481
"27255",27254,"51_161_68",37.3809305313987,-80.1560396178475
"27256",27255,"51_161_68",37.3763007805233,-80.1736631005786
"27257",27256,"51_161_68",37.380275221368,-80.1682236495671
"27258",27257,"51_161_68",37.3819439088363,-80.1700854168079
"27259",27258,"51_161_68",37.380912716831,-80.1859288226763
"27260",27259,"51_161_68",37.3651274409416,-80.1669367273146
"27261",27260,"51_45_75",37.6217211916305,-80.1989367312666
"27262",27261,"51_45_75",37.6255561391859,-80.2037145178396
"27263",27262,"51_45_75",37.6078671859205,-80.207670789351
"27264",27263,"51_45_75",37.614691769593,-80.2020103424638
"27265",27264,"51_45_75",37.6225223477651,-80.2224112539651
"27266",27265,"51_45_75",37.604643613564,-80.2108877468307
"27267",27266,"51_45_75",37.6153013942618,-80.2085437535815
"27268",27267,"51_45_75",37.6140725881471,-80.193013141938
"27269",27268,"51_45_75",37.6138092115134,-80.1926538878483
"27270",27269,"51_45_75",37.6156832719476,-80.2039603608882
"27271",27270,"51_45_76",37.5833026550394,-80.2473870957836
"27272",27271,"51_45_76",37.5921152266356,-80.2365292682487
"27273",27272,"51_45_76",37.5881535624127,-80.240688739545
"27274",27273,"51_45_76",37.5938891228711,-80.2556227308724
"27275",27274,"51_45_76",37.5989441724051,-80.2522008334398
"27276",27275,"51_45_76",37.5797070715731,-80.2475659442293
"27277",27276,"51_45_76",37.5891018328266,-80.2320882019135
"27278",27277,"51_45_76",37.5896432157116,-80.2468525074609
"27279",27278,"51_45_76",37.5872760116557,-80.2422795530221
"27280",27279,"51_45_76",37.5926043404801,-80.2427871825586
"27281",27280,"51_15_66",37.9440229279266,-79.1515464803809
"27282",27281,"51_15_66",37.9396181128839,-79.1546113553127
"27283",27282,"51_15_66",37.9397585355869,-79.1569489153591
"27284",27283,"51_15_66",37.9410810607726,-79.1558350439328
"27285",27284,"51_15_66",37.9323629803372,-79.1626227491465
"27286",27285,"51_15_66",37.9340596278926,-79.1508200603394
"27287",27286,"51_15_66",37.9356180665412,-79.1621797475378
"27288",27287,"51_15_66",37.9391644721158,-79.1457946750674
"27289",27288,"51_15_66",37.9285843803643,-79.1562400673593
"27290",27289,"51_15_66",37.9297780247864,-79.1670319161741
"27291",27290,"51_71_20",37.3593279406645,-80.8008085445518
"27292",27291,"51_71_20",37.3555820413372,-80.8127382798164
"27293",27292,"51_71_20",37.3394445775347,-80.805744231487
"27294",27293,"51_71_20",37.3620018502364,-80.7899221984159
"27295",27294,"51_71_20",37.3433001900559,-80.8051050829292
"27296",27295,"51_71_20",37.3547183225963,-80.7906672145829
"27297",27296,"51_71_20",37.3518635479887,-80.8126463362785
"27298",27297,"51_71_20",37.3509714916268,-80.7958358902324
"27299",27298,"51_71_20",37.3550731743403,-80.8063955889896
"27300",27299,"51_71_20",37.3515061931307,-80.7802074852175
"27301",27300,"51_197_89",37.0228988653746,-81.1390435837055
"27302",27301,"51_197_89",37.0197312030289,-81.1462751156878
"27303",27302,"51_197_89",37.0214731096576,-81.1305978089172
"27304",27303,"51_197_89",37.0310119178073,-81.1367067790612
"27305",27304,"51_197_89",37.0253705866617,-81.1338012216887
"27306",27305,"51_197_89",37.0286695717698,-81.1373760406524
"27307",27306,"51_197_89",37.0246094242061,-81.1295572444794
"27308",27307,"51_197_89",37.0242201163704,-81.1334827937014
"27309",27308,"51_197_89",37.0324869790423,-81.1337466214533
"27310",27309,"51_197_89",37.0166625030222,-81.1403871235904
"27311",27310,"51_21_79",37.0981511408295,-81.2495723486863
"27312",27311,"51_21_79",37.103013668319,-81.2605415296068
"27313",27312,"51_21_79",37.1115067241148,-81.2671793907986
"27314",27313,"51_21_79",37.1022074933167,-81.2492840354068
"27315",27314,"51_21_79",37.1160593669917,-81.264804933264
"27316",27315,"51_21_79",37.1073101431925,-81.238171188465
"27317",27316,"51_21_79",37.1014218634671,-81.2565752393745
"27318",27317,"51_21_79",37.107176883097,-81.2571184290503
"27319",27318,"51_21_79",37.0986700683895,-81.2598170189533
"27320",27319,"51_21_79",37.1008768879094,-81.261873883616
"27321",27320,"51_185_97",37.0409588180816,-81.4544727637931
"27322",27321,"51_185_97",37.0338491512549,-81.4606254571949
"27323",27322,"51_185_97",37.0420456304832,-81.4706661798948
"27324",27323,"51_185_97",37.0396964279597,-81.4445001702822
"27325",27324,"51_185_97",37.0420548617651,-81.4538075425729
"27326",27325,"51_185_97",37.0474947680683,-81.4457867607732
"27327",27326,"51_185_97",37.0471437658558,-81.4511092308518
"27328",27327,"51_185_97",37.0498680058381,-81.4533404274225
"27329",27328,"51_185_97",37.0420602687557,-81.4446941436841
"27330",27329,"51_185_97",37.0422053819256,-81.4552899078071
"27331",27330,"51_197_100",36.9483173622756,-81.3349055583614
"27332",27331,"51_197_100",36.9405838541504,-81.3336564152091
"27333",27332,"51_197_100",36.9488346848631,-81.3268963712496
"27334",27333,"51_197_100",36.9486212229877,-81.3437172682405
"27335",27334,"51_197_100",36.9399900651956,-81.3281555776691
"27336",27335,"51_197_100",36.9481342690635,-81.3186239893685
"27337",27336,"51_197_100",36.9399893909581,-81.3408168373987
"27338",27337,"51_197_100",36.9608402179336,-81.3260487299923
"27339",27338,"51_197_100",36.9606157017124,-81.3428915976452
"27340",27339,"51_197_100",36.9506723526824,-81.3317215626652
"27341",27340,"51_77_83",36.7212898091446,-81.4410567131683
"27342",27341,"51_77_83",36.7065610255948,-81.4469670399652
"27343",27342,"51_77_83",36.711804108468,-81.4392366092321
"27344",27343,"51_77_83",36.711822934201,-81.4391438903712
"27345",27344,"51_77_83",36.7151634220315,-81.4316858819681
"27346",27345,"51_77_83",36.7120916417409,-81.4532496467743
"27347",27346,"51_77_83",36.7161886307667,-81.4482699350513
"27348",27347,"51_77_83",36.7122406936336,-81.4400863671587
"27349",27348,"51_77_83",36.7029703107012,-81.4392253648887
"27350",27349,"51_77_83",36.7141553491293,-81.4255546631837
"27351",27350,"51_173_98",36.732666683896,-81.6144140079508
"27352",27351,"51_173_98",36.7190175731755,-81.6126740685603
"27353",27352,"51_173_98",36.7092302194343,-81.6033297917271
"27354",27353,"51_173_98",36.7129602445261,-81.6183753336196
"27355",27354,"51_173_98",36.7239989896632,-81.6076884258879
"27356",27355,"51_173_98",36.7236063826682,-81.6050838878505
"27357",27356,"51_173_98",36.7276638564431,-81.6061810102432
"27358",27357,"51_173_98",36.7333587350382,-81.6081579945076
"27359",27358,"51_173_98",36.7225721299232,-81.6051078164727
"27360",27359,"51_173_98",36.7296862567005,-81.6015634587182
"27361",27360,"51_191_110",36.6538161344564,-81.6129086066682
"27362",27361,"51_191_110",36.6434302481121,-81.6292135555216
"27363",27362,"51_191_110",36.657515256537,-81.6222919337864
"27364",27363,"51_191_110",36.6454638084415,-81.6256982296812
"27365",27364,"51_191_110",36.6520726069507,-81.624821806713
"27366",27365,"51_191_110",36.6468119418823,-81.6297685918566
"27367",27366,"51_191_110",36.6484038901265,-81.6267863413596
"27368",27367,"51_191_110",36.6533810480909,-81.6324580394926
"27369",27368,"51_191_110",36.6545532894757,-81.6331129928912
"27370",27369,"51_191_110",36.6436228305329,-81.6252008314992
"27371",27370,"51_195_82",37.1180826329069,-82.6549089097988
"27372",27371,"51_195_82",37.12164344743,-82.6691215665537
"27373",27372,"51_195_82",37.1249709348237,-82.6713941499525
"27374",27373,"51_195_82",37.1131348975544,-82.6792931234827
"27375",27374,"51_195_82",37.1273635667471,-82.6554545038993
"27376",27375,"51_195_82",37.1243464425858,-82.6676990155511
"27377",27376,"51_195_82",37.1276265123748,-82.6587603195495
"27378",27377,"51_195_82",37.1286843261203,-82.6695465030017
"27379",27378,"51_195_82",37.1192297829586,-82.6708028056767
"27380",27379,"51_195_82",37.1277471853682,-82.6660925084841
"27381",27380,"51_45_61",37.5310165100824,-80.0753792388859
"27382",27381,"51_45_61",37.5309408554041,-80.0950116761857
"27383",27382,"51_45_61",37.5308917234046,-80.1044214723639
"27384",27383,"51_45_61",37.5224107009921,-80.0875489538161
"27385",27384,"51_45_61",37.5226173876566,-80.0834349074133
"27386",27385,"51_45_61",37.5273724253201,-80.0789734067157
"27387",27386,"51_45_61",37.5360438796964,-80.0997192832293
"27388",27387,"51_45_61",37.524493657037,-80.0793643872755
"27389",27388,"51_45_61",37.5327160838401,-80.1033779934992
"27390",27389,"51_45_61",37.5192410899867,-80.1024560019007
"27391",27390,"51_45_85",37.4559437733963,-80.2947403496807
"27392",27391,"51_45_85",37.4617556988772,-80.2987955678387
"27393",27392,"51_45_85",37.4551650976932,-80.298012883324
"27394",27393,"51_45_85",37.4612199024659,-80.2941448975724
"27395",27394,"51_45_85",37.4533947471502,-80.2918467686851
"27396",27395,"51_45_85",37.4640852101356,-80.2921629129707
"27397",27396,"51_45_85",37.464637046637,-80.2805018052648
"27398",27397,"51_45_85",37.4739681170156,-80.3000096575624
"27399",27398,"51_45_85",37.4558420215634,-80.3025890535378
"27400",27399,"51_45_85",37.4644057269941,-80.2956053808244
"27401",27400,"51_165_182",38.7294248074525,-79.000439742371
"27402",27401,"51_165_182",38.7319464446754,-78.9882907531049
"27403",27402,"51_165_182",38.7250619611207,-79.0086262422734
"27404",27403,"51_165_182",38.738961614115,-78.9932991834603
"27405",27404,"51_165_182",38.7343285179486,-79.0143391344109
"27406",27405,"51_165_182",38.7292873817748,-78.998034430914
"27407",27406,"51_165_182",38.7275544858821,-78.998830671589
"27408",27407,"51_165_182",38.7265412282898,-78.9977190391782
"27409",27408,"51_165_182",38.7350108141379,-78.991707580654
"27410",27409,"51_165_182",38.7262515077258,-78.999704340982
"27411",27410,"51_197_87",36.8072016164122,-81.0969164061746
"27412",27411,"51_197_87",36.8099670934242,-81.0939433385719
"27413",27412,"51_197_87",36.7988695056111,-81.083236431748
"27414",27413,"51_197_87",36.808463996012,-81.0744824777492
"27415",27414,"51_197_87",36.7928214376299,-81.0745971856244
"27416",27415,"51_197_87",36.7917428549961,-81.0888855608611
"27417",27416,"51_197_87",36.8059588743158,-81.0831302852558
"27418",27417,"51_197_87",36.8023976330142,-81.0793916035334
"27419",27418,"51_197_87",36.7917350003564,-81.0699572096793
"27420",27419,"51_197_87",36.8056698692841,-81.0933946650966
"27421",27420,"51_17_92",38.1285097927706,-79.4639577616008
"27422",27421,"51_17_92",38.1218156961026,-79.4749390567815
"27423",27422,"51_17_92",38.1261053513154,-79.4682697505479
"27424",27423,"51_17_92",38.1381744949241,-79.4852182171685
"27425",27424,"51_17_92",38.1293209957594,-79.4880447929926
"27426",27425,"51_17_92",38.1408321736558,-79.4778325633187
"27427",27426,"51_17_92",38.1279522561112,-79.473810266935
"27428",27427,"51_17_92",38.1181783878275,-79.4819262083338
"27429",27428,"51_17_92",38.1312890195392,-79.466984910824
"27430",27429,"51_17_92",38.1274445477833,-79.4778428227691
"27431",27430,"51_169_10",36.8522737346013,-82.5268983887643
"27432",27431,"51_169_10",36.8588103839016,-82.5181407085519
"27433",27432,"51_169_10",36.8486716821711,-82.5176283587111
"27434",27433,"51_169_10",36.8571158177626,-82.5160530846593
"27435",27434,"51_169_10",36.8614309354575,-82.5189598033656
"27436",27435,"51_169_10",36.8638869155376,-82.5307656518742
"27437",27436,"51_169_10",36.8613371928193,-82.5220372089405
"27438",27437,"51_169_10",36.8629794012882,-82.509167902195
"27439",27438,"51_169_10",36.856148912207,-82.5055166521889
"27440",27439,"51_169_10",36.8592378670498,-82.5029432260112
"27441",27440,"51_171_79",38.8530801948574,-78.4746360939814
"27442",27441,"51_171_79",38.847920116131,-78.4863832168828
"27443",27442,"51_171_79",38.865355258614,-78.4574718689824
"27444",27443,"51_171_79",38.8563689715134,-78.4696514973436
"27445",27444,"51_171_79",38.8499057423668,-78.4729401221262
"27446",27445,"51_171_79",38.8544134678209,-78.4663722359813
"27447",27446,"51_171_79",38.8520514088946,-78.4583785628826
"27448",27447,"51_171_79",38.849648821794,-78.461464513546
"27449",27448,"51_171_79",38.8655244121973,-78.4600905578878
"27450",27449,"51_171_79",38.8616853803273,-78.4862977318518
"27451",27450,"51_165_193",38.5118742143772,-79.1624737663639
"27452",27451,"51_165_193",38.5199554842293,-79.179205661313
"27453",27452,"51_165_193",38.530022449863,-79.1569616112097
"27454",27453,"51_165_193",38.5174493643492,-79.1532016957841
"27455",27454,"51_165_193",38.5296275648307,-79.163070598602
"27456",27455,"51_165_193",38.509881360296,-79.1608798041566
"27457",27456,"51_165_193",38.5200141538748,-79.1715247817674
"27458",27457,"51_165_193",38.5186486973409,-79.1519085679347
"27459",27458,"51_165_193",38.5247915247104,-79.1619998222407
"27460",27459,"51_165_193",38.5129459353974,-79.1747902475253
"27461",27460,"51_15_196",38.2934698886054,-79.2779618486864
"27462",27461,"51_15_196",38.3034172947391,-79.2693162719207
"27463",27462,"51_15_196",38.2934955680156,-79.2806173375083
"27464",27463,"51_15_196",38.299355960597,-79.2736309775119
"27465",27464,"51_15_196",38.2924514876526,-79.2776432194004
"27466",27465,"51_15_196",38.2845782550071,-79.2856129705254
"27467",27466,"51_15_196",38.2922921794205,-79.2790544504723
"27468",27467,"51_15_196",38.2926978826229,-79.2662901300814
"27469",27468,"51_15_196",38.301621792495,-79.2687855017949
"27470",27469,"51_15_196",38.2973759221442,-79.2922902783442
"27471",27470,"51_17_94",38.1297644015122,-79.5178212477073
"27472",27471,"51_17_94",38.1402803830765,-79.5208424127026
"27473",27472,"51_17_94",38.1299380898763,-79.5057786455657
"27474",27473,"51_17_94",38.1301156994244,-79.5303962724389
"27475",27474,"51_17_94",38.143562018238,-79.5165572113139
"27476",27475,"51_17_94",38.1428870820859,-79.5198724723564
"27477",27476,"51_17_94",38.1511338941887,-79.5198170519383
"27478",27477,"51_17_94",38.1361142487837,-79.5115141227078
"27479",27478,"51_17_94",38.1436522592599,-79.5280327565777
"27480",27479,"51_17_94",38.1396237074199,-79.5220687482441
"27481",27480,"51_23_103",37.4753248157186,-79.69413782949
"27482",27481,"51_23_103",37.4759399141793,-79.7124618768878
"27483",27482,"51_23_103",37.466729036103,-79.6939356884721
"27484",27483,"51_23_103",37.4643715146295,-79.7231696860652
"27485",27484,"51_23_103",37.4781817147288,-79.7095700723156
"27486",27485,"51_23_103",37.474145709927,-79.7041980817001
"27487",27486,"51_23_103",37.4717150796054,-79.7089341655164
"27488",27487,"51_23_103",37.4807511964308,-79.7111885895578
"27489",27488,"51_23_103",37.4791066349771,-79.7107511879448
"27490",27489,"51_23_103",37.4756370863945,-79.711869986597
"27491",27490,"51_45_67",37.4777172512634,-80.0350682283146
"27492",27491,"51_45_67",37.4746128068284,-80.033636033151
"27493",27492,"51_45_67",37.4819559253963,-80.033994376685
"27494",27493,"51_45_67",37.4716604844907,-80.0362136537946
"27495",27494,"51_45_67",37.4779650187345,-80.0503762729739
"27496",27495,"51_45_67",37.4702512861134,-80.0244807673354
"27497",27496,"51_45_67",37.481238104899,-80.0401250635931
"27498",27497,"51_45_67",37.4849821683969,-80.0449245188043
"27499",27498,"51_45_67",37.4770425831973,-80.0382175004985
"27500",27499,"51_45_67",37.4738919853499,-80.0267605017437
"27501",27500,"51_91_93",38.3117242237741,-79.7460046669085
"27502",27501,"51_91_93",38.3080824182831,-79.7616895530461
"27503",27502,"51_91_93",38.3141446087643,-79.7670805783718
"27504",27503,"51_91_93",38.3148405210044,-79.7625496018712
"27505",27504,"51_91_93",38.3251917087806,-79.7633585276797
"27506",27505,"51_91_93",38.3094353056418,-79.7595069918187
"27507",27506,"51_91_93",38.3191316211141,-79.7656656708298
"27508",27507,"51_91_93",38.3076487177592,-79.744808056066
"27509",27508,"51_91_93",38.3234438253697,-79.7722752572012
"27510",27509,"51_91_93",38.3204028774114,-79.7518049282277
"27511",27510,"51_5_107",37.7775674132185,-80.1973653764149
"27512",27511,"51_5_107",37.7709819082317,-80.1819342596362
"27513",27512,"51_5_107",37.778235502498,-80.1819355317246
"27514",27513,"51_5_107",37.7742377461966,-80.2055933495775
"27515",27514,"51_5_107",37.7788780683222,-80.205351646243
"27516",27515,"51_5_107",37.7796556861948,-80.2068593236064
"27517",27516,"51_5_107",37.7818453423386,-80.1983825786549
"27518",27517,"51_5_107",37.7683490403926,-80.2089450288886
"27519",27518,"51_5_107",37.76460790754,-80.2003771437316
"27520",27519,"51_5_107",37.7744203123561,-80.2026654792014
"27521",27520,"51_21_65",37.2085145703454,-81.0261833019532
"27522",27521,"51_21_65",37.2097664229664,-81.025309026711
"27523",27522,"51_21_65",37.2038057432755,-81.0124469465389
"27524",27523,"51_21_65",37.2069015973887,-81.0280660266801
"27525",27524,"51_21_65",37.2045695802299,-81.0097231347679
"27526",27525,"51_21_65",37.2086265603521,-81.0292065021848
"27527",27526,"51_21_65",37.2007520709622,-81.0268396853449
"27528",27527,"51_21_65",37.2137665381961,-81.0270133720643
"27529",27528,"51_21_65",37.2081658261903,-81.0411929289048
"27530",27529,"51_21_65",37.2211917744773,-81.0201624915264
"27531",27530,"51_173_92",36.7426506173135,-81.4972721250692
"27532",27531,"51_173_92",36.7423155155545,-81.4877292956748
"27533",27532,"51_173_92",36.7455082676972,-81.4881069008395
"27534",27533,"51_173_92",36.7423660648133,-81.4863894807704
"27535",27534,"51_173_92",36.7331000651461,-81.47628269247
"27536",27535,"51_173_92",36.7460266582506,-81.4875738693901
"27537",27536,"51_173_92",36.7553492482239,-81.4895145284903
"27538",27537,"51_173_92",36.7418616891586,-81.4830082449208
"27539",27538,"51_173_92",36.7290958529783,-81.4854762664722
"27540",27539,"51_173_92",36.7549263601598,-81.4908776935402
"27541",27540,"51_165_196",38.45548031034,-79.1010586733887
"27542",27541,"51_165_196",38.4535960265316,-79.101702197205
"27543",27542,"51_165_196",38.4570499363818,-79.1132577417473
"27544",27543,"51_165_196",38.4518824815309,-79.1018320494909
"27545",27544,"51_165_196",38.4536600268391,-79.101110301934
"27546",27545,"51_165_196",38.4566440057813,-79.1086330756383
"27547",27546,"51_165_196",38.4616670134274,-79.0942270123151
"27548",27547,"51_165_196",38.4576020560249,-79.1066143704529
"27549",27548,"51_165_196",38.442427766636,-79.0902747388058
"27550",27549,"51_165_196",38.4555518334915,-79.1122296111213
"27551",27550,"51_15_198",38.3012037034523,-79.3216739143442
"27552",27551,"51_15_198",38.2986219580287,-79.3352795763482
"27553",27552,"51_15_198",38.2988030072508,-79.3392014878631
"27554",27553,"51_15_198",38.2984221443848,-79.344824672363
"27555",27554,"51_15_198",38.3120403372693,-79.3422647515624
"27556",27555,"51_15_198",38.2965016679478,-79.3443731163698
"27557",27556,"51_15_198",38.2999419841916,-79.3240786388838
"27558",27557,"51_15_198",38.2958943013463,-79.3553160887273
"27559",27558,"51_15_198",38.29735272332,-79.3259812394297
"27560",27559,"51_15_198",38.2947482987761,-79.3242620885393
"27561",27560,"51_17_134",38.0010915854114,-79.7591817670416
"27562",27561,"51_17_134",38.0156096883641,-79.7573646430287
"27563",27562,"51_17_134",38.0023040464796,-79.7627245386496
"27564",27563,"51_17_134",38.0021876103817,-79.7490552846867
"27565",27564,"51_17_134",38.0009268217221,-79.7500747956748
"27566",27565,"51_17_134",38.0085709426624,-79.7734802071726
"27567",27566,"51_17_134",37.9989654550882,-79.764013613272
"27568",27567,"51_17_134",38.0211603253776,-79.7581446512542
"27569",27568,"51_17_134",38.0062271306912,-79.7713732240751
"27570",27569,"51_17_134",38.0038382933638,-79.7666468254688
"27571",27570,"51_5_79",37.8429569476823,-79.8490552402503
"27572",27571,"51_5_79",37.851188564098,-79.8376261515227
"27573",27572,"51_5_79",37.8443389869042,-79.8252113751202
"27574",27573,"51_5_79",37.8467009396738,-79.8385756076486
"27575",27574,"51_5_79",37.8469756690644,-79.8351610351632
"27576",27575,"51_5_79",37.8586958955645,-79.8471926816313
"27577",27576,"51_5_79",37.8430464782735,-79.8502923441883
"27578",27577,"51_5_79",37.8563479717246,-79.8302965473071
"27579",27578,"51_5_79",37.8482357121502,-79.8379384901183
"27580",27579,"51_5_79",37.8440480549058,-79.8356014857261
"27581",27580,"51_5_88",37.7949658410633,-79.9328840876842
"27582",27581,"51_5_88",37.7946110858239,-79.9321190249047
"27583",27582,"51_5_88",37.7994919293899,-79.9229175587594
"27584",27583,"51_5_88",37.8044241017265,-79.9410486934444
"27585",27584,"51_5_88",37.803040984488,-79.9174662231353
"27586",27585,"51_5_88",37.7898755131762,-79.9326651565222
"27587",27586,"51_5_88",37.7967052765245,-79.9328719864759
"27588",27587,"51_5_88",37.7951102785854,-79.929773849249
"27589",27588,"51_5_88",37.7911414884483,-79.9446584058908
"27590",27589,"51_5_88",37.7894012455377,-79.9300902141944
"27591",27590,"51_121_80",37.3415815946022,-80.3367262910665
"27592",27591,"51_121_80",37.338235866313,-80.3283265743271
"27593",27592,"51_121_80",37.3458946736907,-80.3306843204277
"27594",27593,"51_121_80",37.3336435236187,-80.322947371636
"27595",27594,"51_121_80",37.3340646632189,-80.3132000389597
"27596",27595,"51_121_80",37.3365074926786,-80.3309964236905
"27597",27596,"51_121_80",37.3314372680406,-80.3227458266119
"27598",27597,"51_121_80",37.3317996920141,-80.3435934941292
"27599",27598,"51_121_80",37.335910869667,-80.3265564378449
"27600",27599,"51_121_80",37.344219634452,-80.3263007593273
"27601",27600,"51_17_150",38.0780018187535,-79.8890355523815
"27602",27601,"51_17_150",38.0772208204511,-79.8954496641302
"27603",27602,"51_17_150",38.0709146721594,-79.9001361473357
"27604",27603,"51_17_150",38.0827769120523,-79.905630449768
"27605",27604,"51_17_150",38.083118273709,-79.9069392093581
"27606",27605,"51_17_150",38.0823419915939,-79.8945337260019
"27607",27606,"51_17_150",38.0807934595151,-79.8915153363774
"27608",27607,"51_17_150",38.0851600967357,-79.8950262597779
"27609",27608,"51_17_150",38.0814425449543,-79.8892692975656
"27610",27609,"51_17_150",38.0769973192604,-79.9094351144729
"27611",27610,"51_71_74",37.4110707840838,-80.532112015215
"27612",27611,"51_71_74",37.4005928070545,-80.5448384370373
"27613",27612,"51_71_74",37.4058095484557,-80.5509277931367
"27614",27613,"51_71_74",37.3918229076322,-80.5317356823438
"27615",27614,"51_71_74",37.3952482192418,-80.5428582625325
"27616",27615,"51_71_74",37.4146481792417,-80.5285221834616
"27617",27616,"51_71_74",37.3981117997394,-80.5302970024254
"27618",27617,"51_71_74",37.4133066962609,-80.5263602946272
"27619",27618,"51_71_74",37.4042567769891,-80.5361406862489
"27620",27619,"51_71_74",37.4047748681358,-80.5351063085217
"27621",27620,"51_71_77",37.4294217584934,-80.5959678459141
"27622",27621,"51_71_77",37.4292994812269,-80.5807522860304
"27623",27622,"51_71_77",37.4257884829084,-80.5998011837246
"27624",27623,"51_71_77",37.4257310740813,-80.5881832594289
"27625",27624,"51_71_77",37.417580995058,-80.6037028293227
"27626",27625,"51_71_77",37.4378065268012,-80.5905884648694
"27627",27626,"51_71_77",37.4266198245495,-80.5998299220365
"27628",27627,"51_71_77",37.4246887508235,-80.5898225681688
"27629",27628,"51_71_77",37.4353103657301,-80.5973476059501
"27630",27629,"51_71_77",37.4364585660797,-80.6093143891219
"27631",27630,"51_71_80",37.358637705452,-80.779577546144
"27632",27631,"51_71_80",37.3593783087163,-80.7858775808493
"27633",27632,"51_71_80",37.3495177590074,-80.7804588635285
"27634",27633,"51_71_80",37.3613713770562,-80.7792220165235
"27635",27634,"51_71_80",37.3570172633136,-80.7739922741554
"27636",27635,"51_71_80",37.3560512826396,-80.7960598925526
"27637",27636,"51_71_80",37.3647064439258,-80.7942330227968
"27638",27637,"51_71_80",37.3522843811827,-80.7830237150419
"27639",27638,"51_71_80",37.3524300299493,-80.769284687102
"27640",27639,"51_71_80",37.3536277762266,-80.7857984033725
"27641",27640,"51_71_82",37.2879001120567,-80.8095613072449
"27642",27641,"51_71_82",37.286137736574,-80.8242783837528
"27643",27642,"51_71_82",37.2816780297852,-80.8140805059956
"27644",27643,"51_71_82",37.2805402413217,-80.8145468012915
"27645",27644,"51_71_82",37.2740328180559,-80.8062740538797
"27646",27645,"51_71_82",37.2788167046102,-80.8082274587581
"27647",27646,"51_71_82",37.272179226306,-80.8109350577423
"27648",27647,"51_71_82",37.278878136956,-80.7991428255824
"27649",27648,"51_71_82",37.2849390802659,-80.8054823775771
"27650",27649,"51_71_82",37.2817468575223,-80.8162450328188
"27651",27650,"51_71_84",37.1958713728152,-80.8557666351329
"27652",27651,"51_71_84",37.2001151368945,-80.862293834084
"27653",27652,"51_71_84",37.2070590031164,-80.8788030720095
"27654",27653,"51_71_84",37.209369461381,-80.8462406312144
"27655",27654,"51_71_84",37.2006541864428,-80.8625948780533
"27656",27655,"51_71_84",37.2072048508661,-80.86140426466
"27657",27656,"51_71_84",37.2085778146597,-80.8594031436762
"27658",27657,"51_71_84",37.2144698250825,-80.8780607022618
"27659",27658,"51_71_84",37.2158951269789,-80.8718838476249
"27660",27659,"51_71_84",37.2003082038445,-80.8630326199453
"27661",27660,"51_197_85",36.8279061838467,-81.0513091815372
"27662",27661,"51_197_85",36.8257834569613,-81.048105201866
"27663",27662,"51_197_85",36.8278868920651,-81.0703135772839
"27664",27663,"51_197_85",36.8353979466437,-81.0374377150525
"27665",27664,"51_197_85",36.8237512043102,-81.0633211321693
"27666",27665,"51_197_85",36.8150720886387,-81.0439185378015
"27667",27666,"51_197_85",36.8255857213892,-81.0485038664532
"27668",27667,"51_197_85",36.8306797799009,-81.0495857181783
"27669",27668,"51_197_85",36.8279411896071,-81.0539195255652
"27670",27669,"51_197_85",36.8345073272762,-81.054802025196
"27671",27670,"51_21_72",37.0635217528422,-81.1053396008345
"27672",27671,"51_21_72",37.0661478213778,-81.0992564163797
"27673",27672,"51_21_72",37.0435615846107,-81.0988115713839
"27674",27673,"51_21_72",37.0682680553356,-81.1003438776365
"27675",27674,"51_21_72",37.0563084435321,-81.0920677397454
"27676",27675,"51_21_72",37.0632716897309,-81.0857862543835
"27677",27676,"51_21_72",37.0688103458229,-81.1058191718518
"27678",27677,"51_21_72",37.0653273080641,-81.0888192614345
"27679",27678,"51_21_72",37.0586584280968,-81.0969354662539
"27680",27679,"51_21_72",37.0647859293431,-81.1139106787312
"27681",27680,"51_185_95",37.0628224697081,-81.3938371143882
"27682",27681,"51_185_95",37.0605585762206,-81.3981008175028
"27683",27682,"51_185_95",37.0604947477409,-81.4074451249345
"27684",27683,"51_185_95",37.0488246908481,-81.4142742507988
"27685",27684,"51_185_95",37.0653695155521,-81.4065754077882
"27686",27685,"51_185_95",37.0483455687866,-81.4145969304857
"27687",27686,"51_185_95",37.0698513301985,-81.4089511252217
"27688",27687,"51_185_95",37.0588455604453,-81.4204253833537
"27689",27688,"51_185_95",37.0632630395534,-81.4033939800312
"27690",27689,"51_185_95",37.0734457931258,-81.3993407895016
"27691",27690,"51_173_85",36.823801185184,-81.3526997557382
"27692",27691,"51_173_85",36.8314596689392,-81.3506863520326
"27693",27692,"51_173_85",36.8289226817245,-81.3511246388359
"27694",27693,"51_173_85",36.8342010315253,-81.3369251357945
"27695",27694,"51_173_85",36.83239993898,-81.3413589616609
"27696",27695,"51_173_85",36.8213975272714,-81.3403256651802
"27697",27696,"51_173_85",36.8273414599257,-81.3465895938213
"27698",27697,"51_173_85",36.8275670530148,-81.3557136599377
"27699",27698,"51_173_85",36.8256077013142,-81.3575732381354
"27700",27699,"51_173_85",36.8283325813021,-81.349981804147
"27701",27700,"51_173_87",36.9124418752685,-81.4663509168982
"27702",27701,"51_173_87",36.9022332110711,-81.4871734145889
"27703",27702,"51_173_87",36.908002435824,-81.476451641161
"27704",27703,"51_173_87",36.9067829335933,-81.4739368179156
"27705",27704,"51_173_87",36.917275049411,-81.4709059214259
"27706",27705,"51_173_87",36.9071113980007,-81.4811764779071
"27707",27706,"51_173_87",36.911243060358,-81.4820523483201
"27708",27707,"51_173_87",36.9095920923349,-81.4613332331552
"27709",27708,"51_173_87",36.9166282911478,-81.4879746356229
"27710",27709,"51_173_87",36.8970246698887,-81.4705899208161
"27711",27710,"51_169_95",36.8311972055583,-82.5421823399245
"27712",27711,"51_169_95",36.8248326061463,-82.5490896602048
"27713",27712,"51_169_95",36.8285987170603,-82.5370459708502
"27714",27713,"51_169_95",36.83649572251,-82.5559516565356
"27715",27714,"51_169_95",36.8271966559623,-82.5525227806331
"27716",27715,"51_169_95",36.8237092023045,-82.5543771257865
"27717",27716,"51_169_95",36.8419111474299,-82.5587607867884
"27718",27717,"51_169_95",36.8355132987043,-82.5673179683657
"27719",27718,"51_169_95",36.8311320796396,-82.5448215656498
"27720",27719,"51_169_95",36.8417288893704,-82.5495396653047
"27721",27720,"51_15_217",38.1401442662331,-79.3819691634643
"27722",27721,"51_15_217",38.1468955039494,-79.3503775643477
"27723",27722,"51_15_217",38.1365947989574,-79.3722799679003
"27724",27723,"51_15_217",38.142881050449,-79.3687089567267
"27725",27724,"51_15_217",38.1464974285936,-79.3728916496628
"27726",27725,"51_15_217",38.1465998599653,-79.3693003067866
"27727",27726,"51_15_217",38.1429222557035,-79.3587367864774
"27728",27727,"51_15_217",38.1297838300322,-79.3692393138556
"27729",27728,"51_15_217",38.1435638443125,-79.3655203405782
"27730",27729,"51_15_217",38.1409886121392,-79.3627877327709
"27731",27730,"51_5_73",37.8497110121674,-79.684775216372
"27732",27731,"51_5_73",37.8506015275334,-79.6905687712592
"27733",27732,"51_5_73",37.8308636806758,-79.6847285154168
"27734",27733,"51_5_73",37.8479359817883,-79.6889160964084
"27735",27734,"51_5_73",37.8402326307575,-79.672690853406
"27736",27735,"51_5_73",37.8447894960604,-79.6889389560484
"27737",27736,"51_5_73",37.8380683685008,-79.6956835985658
"27738",27737,"51_5_73",37.8455285736211,-79.6867747519823
"27739",27738,"51_5_73",37.8472144131102,-79.6986589886093
"27740",27739,"51_5_73",37.8414993553929,-79.6880323735083
"27741",27740,"51_45_63",37.4789535519455,-80.08216424492
"27742",27741,"51_45_63",37.4803310350266,-80.076345690527
"27743",27742,"51_45_63",37.491855044861,-80.0631012835528
"27744",27743,"51_45_63",37.4913501911762,-80.0818150576281
"27745",27744,"51_45_63",37.4942746573212,-80.0879699774616
"27746",27745,"51_45_63",37.48231656036,-80.0772475401416
"27747",27746,"51_45_63",37.4911465531732,-80.0608146170397
"27748",27747,"51_45_63",37.4932207617451,-80.0733475331887
"27749",27748,"51_45_63",37.4855949693529,-80.0766832924135
"27750",27749,"51_45_63",37.490641864707,-80.0763008688113
"27751",27750,"51_45_72",37.4048791554366,-80.116720379727
"27752",27751,"51_45_72",37.4040682902432,-80.1282203461336
"27753",27752,"51_45_72",37.3896987598722,-80.1240885675839
"27754",27753,"51_45_72",37.3914001438922,-80.1223553689221
"27755",27754,"51_45_72",37.4003351248124,-80.1153317336264
"27756",27755,"51_45_72",37.4044963996116,-80.1377504841421
"27757",27756,"51_45_72",37.4130754785578,-80.1216481226185
"27758",27757,"51_45_72",37.4049094039028,-80.1239020367489
"27759",27758,"51_45_72",37.4084975051622,-80.1259015395521
"27760",27759,"51_45_72",37.4125775173139,-80.1195629168138
"27761",27760,"51_187_48",38.8779562962813,-78.3392322220241
"27762",27761,"51_187_48",38.875647657796,-78.342973039906
"27763",27762,"51_187_48",38.8701727482143,-78.3309719545086
"27764",27763,"51_187_48",38.8712175271212,-78.3410666710497
"27765",27764,"51_187_48",38.8748316440536,-78.3181361520208
"27766",27765,"51_187_48",38.8732291974426,-78.3411451950816
"27767",27766,"51_187_48",38.8691954108958,-78.3415145498375
"27768",27767,"51_187_48",38.8620207988594,-78.3249129936472
"27769",27768,"51_187_48",38.8625479933427,-78.3475694967084
"27770",27769,"51_187_48",38.8740808563745,-78.3350665089938
"27771",27770,"51_173_83",36.737186200942,-81.3865309571315
"27772",27771,"51_173_83",36.7545477882046,-81.3725968243759
"27773",27772,"51_173_83",36.745773665073,-81.3695788963512
"27774",27773,"51_173_83",36.7536109386227,-81.379626183899
"27775",27774,"51_173_83",36.7493966319581,-81.3835065676178
"27776",27775,"51_173_83",36.7510826110669,-81.3623923821299
"27777",27776,"51_173_83",36.7554550628495,-81.3830148582736
"27778",27777,"51_173_83",36.7497425521721,-81.3894755851208
"27779",27778,"51_173_83",36.7460329433284,-81.3680262150382
"27780",27779,"51_173_83",36.7495877349134,-81.3792720745326
"27781",27780,"51_77_89",36.6630599254712,-81.5388236575354
"27782",27781,"51_77_89",36.6671637422839,-81.5232525931848
"27783",27782,"51_77_89",36.6727926192315,-81.519849110796
"27784",27783,"51_77_89",36.6537669800252,-81.5398250269033
"27785",27784,"51_77_89",36.6528998228807,-81.5185710863155
"27786",27785,"51_77_89",36.6628661734718,-81.521695697393
"27787",27786,"51_77_89",36.6523731902316,-81.5282706102917
"27788",27787,"51_77_89",36.6582681676613,-81.5263074715327
"27789",27788,"51_77_89",36.6621490453761,-81.5273116024535
"27790",27789,"51_77_89",36.66042970748,-81.5279873245813
"27791",27790,"51_165_167",38.5760927499214,-78.9898006509539
"27792",27791,"51_165_167",38.5854354476642,-78.983354145708
"27793",27792,"51_165_167",38.5841279135045,-78.9744483721059
"27794",27793,"51_165_167",38.5871905184507,-78.9955590419636
"27795",27794,"51_165_167",38.5908684379482,-78.9674224510637
"27796",27795,"51_165_167",38.5848867547361,-78.9808716558463
"27797",27796,"51_165_167",38.589492186632,-78.9783177940887
"27798",27797,"51_165_167",38.5779880342075,-78.9907166972774
"27799",27798,"51_165_167",38.5762416623339,-78.9852226374052
"27800",27799,"51_165_167",38.5828886758582,-78.980536824526
"27801",27800,"51_139_55",38.7353648486145,-78.4816083519326
"27802",27801,"51_139_55",38.7211611171966,-78.4713907343253
"27803",27802,"51_139_55",38.7307071075081,-78.480735014919
"27804",27803,"51_139_55",38.7286273026669,-78.4691778035489
"27805",27804,"51_139_55",38.7229630496126,-78.4543140271223
"27806",27805,"51_139_55",38.7403438074471,-78.4679047846415
"27807",27806,"51_139_55",38.7338246376715,-78.4651898580592
"27808",27807,"51_139_55",38.7243149188093,-78.4589125370229
"27809",27808,"51_139_55",38.7274881890265,-78.4729728586148
"27810",27809,"51_139_55",38.7275616364354,-78.4675662798399
"27811",27810,"51_139_59",38.6411533530556,-78.5895930689062
"27812",27811,"51_139_59",38.6494319513923,-78.6010148723439
"27813",27812,"51_139_59",38.645385000354,-78.6092816731125
"27814",27813,"51_139_59",38.6354530978757,-78.6119704009764
"27815",27814,"51_139_59",38.6464289250515,-78.6116187397675
"27816",27815,"51_139_59",38.647830633064,-78.6098005974607
"27817",27816,"51_139_59",38.6307820120726,-78.6026612774265
"27818",27817,"51_139_59",38.6441473950037,-78.6074795176673
"27819",27818,"51_139_59",38.6409997440495,-78.6039294142339
"27820",27819,"51_139_59",38.6470483016736,-78.6181004160679
"27821",27820,"51_165_153",38.5046683534823,-78.7146542629129
"27822",27821,"51_165_153",38.4987076230643,-78.6951023273405
"27823",27822,"51_165_153",38.5038038339512,-78.6922164402038
"27824",27823,"51_165_153",38.4961032001371,-78.6871067109001
"27825",27824,"51_165_153",38.5068090195863,-78.6977290739253
"27826",27825,"51_165_153",38.5013413674769,-78.7028146175283
"27827",27826,"51_165_153",38.510308000664,-78.7105297918816
"27828",27827,"51_165_153",38.5060391978605,-78.6897304057268
"27829",27828,"51_165_153",38.5104503335824,-78.701361360862
"27830",27829,"51_165_153",38.5071155153086,-78.6877833976017
"27831",27830,"51_163_121",37.6966817527426,-79.3273825655854
"27832",27831,"51_163_121",37.7033168834545,-79.3206577345344
"27833",27832,"51_163_121",37.6992589073839,-79.3305310485724
"27834",27833,"51_163_121",37.6972997494568,-79.331694423493
"27835",27834,"51_163_121",37.6881645131032,-79.3268118392464
"27836",27835,"51_163_121",37.6989238259849,-79.3282017075813
"27837",27836,"51_163_121",37.7043029694738,-79.3327217154085
"27838",27837,"51_163_121",37.7066584637432,-79.321987836233
"27839",27838,"51_163_121",37.6937307156832,-79.335340866014
"27840",27839,"51_163_121",37.6925759197794,-79.3441660263879
"27841",27840,"51_163_119",37.7634885728068,-79.2854717767498
"27842",27841,"51_163_119",37.7757646669366,-79.3009574596694
"27843",27842,"51_163_119",37.7747753895074,-79.3150161470753
"27844",27843,"51_163_119",37.7745179433579,-79.3061402649728
"27845",27844,"51_163_119",37.7700996997228,-79.299510219485
"27846",27845,"51_163_119",37.7693456013448,-79.3009229353222
"27847",27846,"51_163_119",37.7840745973042,-79.2993529181721
"27848",27847,"51_163_119",37.7627373671726,-79.2991628899851
"27849",27848,"51_163_119",37.7694667980531,-79.2990507414561
"27850",27849,"51_163_119",37.7776621835958,-79.306233194332
"27851",27850,"51_105_80",36.8405553603024,-82.8687610908145
"27852",27851,"51_105_80",36.8237494489475,-82.8575206214261
"27853",27852,"51_105_80",36.823857271732,-82.8711951670158
"27854",27853,"51_105_80",36.8348069606815,-82.8785046083871
"27855",27854,"51_105_80",36.8275146356159,-82.8575935732041
"27856",27855,"51_105_80",36.8265727646281,-82.8661494983213
"27857",27856,"51_105_80",36.8301098946253,-82.8503471908947
"27858",27857,"51_105_80",36.829189663606,-82.8639451120625
"27859",27858,"51_105_80",36.8259220913561,-82.8841297976993
"27860",27859,"51_105_80",36.8183838234044,-82.8720000303689
"27861",27860,"51_165_157",38.7349724762124,-78.8953964405899
"27862",27861,"51_165_157",38.7429465516025,-78.8860458780718
"27863",27862,"51_165_157",38.7358539956775,-78.9003665148136
"27864",27863,"51_165_157",38.727748102484,-78.8793926161123
"27865",27864,"51_165_157",38.7288711396172,-78.8883979158696
"27866",27865,"51_165_157",38.727071736508,-78.8971152533236
"27867",27866,"51_165_157",38.7451139995431,-78.8981743200201
"27868",27867,"51_165_157",38.7319323549062,-78.8923177901484
"27869",27868,"51_165_157",38.7377499468784,-78.889194412571
"27870",27869,"51_165_157",38.7419180687269,-78.885882804258
"27871",27870,"51_9_100",37.596592985026,-79.322715034548
"27872",27871,"51_9_100",37.5945307958095,-79.3097566833415
"27873",27872,"51_9_100",37.5935561768205,-79.3165720164707
"27874",27873,"51_9_100",37.5955375756721,-79.3204385994136
"27875",27874,"51_9_100",37.5988765882882,-79.3226608847042
"27876",27875,"51_9_100",37.6030905791811,-79.3235941865994
"27877",27876,"51_9_100",37.594960607509,-79.331123035311
"27878",27877,"51_9_100",37.5957624035291,-79.3208765076377
"27879",27878,"51_9_100",37.600357989321,-79.3109323772331
"27880",27879,"51_9_100",37.5970007001805,-79.3282366754178
"27881",27880,"51_15_218",38.145852146776,-79.424500569582
"27882",27881,"51_15_218",38.1574064302753,-79.4147549351173
"27883",27882,"51_15_218",38.1563895757329,-79.4331332470069
"27884",27883,"51_15_218",38.1466347626744,-79.4247555334369
"27885",27884,"51_15_218",38.1629454621711,-79.4179898885239
"27886",27885,"51_15_218",38.1571569416691,-79.4383851852915
"27887",27886,"51_15_218",38.1623084475819,-79.4176840086242
"27888",27887,"51_15_218",38.159340244814,-79.4137931719262
"27889",27888,"51_15_218",38.1516024621668,-79.4150841105093
"27890",27889,"51_15_218",38.1555171549438,-79.4255754888689
"27891",27890,"51_23_93",37.7769083234285,-79.7316301241647
"27892",27891,"51_23_93",37.7706294234252,-79.725275895929
"27893",27892,"51_23_93",37.7740869807091,-79.7232515976597
"27894",27893,"51_23_93",37.7647948228712,-79.7191308519061
"27895",27894,"51_23_93",37.7770865137002,-79.7225881932064
"27896",27895,"51_23_93",37.7629099814354,-79.7123498629138
"27897",27896,"51_23_93",37.7747985926545,-79.7260685842092
"27898",27897,"51_23_93",37.7788705031372,-79.7198428358193
"27899",27898,"51_23_93",37.7725315770648,-79.7246336650662
"27900",27899,"51_23_93",37.7749932327726,-79.7103876432826
"27901",27900,"51_125_89",37.8350713747586,-79.0747305700953
"27902",27901,"51_125_89",37.8404974721157,-79.085640415721
"27903",27902,"51_125_89",37.8490989075356,-79.0861981374951
"27904",27903,"51_125_89",37.8409330770265,-79.0859803727472
"27905",27904,"51_125_89",37.8373942226996,-79.0885356277714
"27906",27905,"51_125_89",37.8287013661795,-79.0830395567283
"27907",27906,"51_125_89",37.845955145688,-79.0878875214467
"27908",27907,"51_125_89",37.8322611248023,-79.0822552950355
"27909",27908,"51_125_89",37.8536181894434,-79.092399003985
"27910",27909,"51_125_89",37.8363482525467,-79.0862225651755
"27911",27910,"51_23_111",37.6983507978382,-79.9147655920396
"27912",27911,"51_23_111",37.6923729607364,-79.9017912163812
"27913",27912,"51_23_111",37.6939850212463,-79.9257152070882
"27914",27913,"51_23_111",37.6993946689147,-79.9147803747288
"27915",27914,"51_23_111",37.6964847226536,-79.9179096347762
"27916",27915,"51_23_111",37.70345533322,-79.9077494108148
"27917",27916,"51_23_111",37.6966646665654,-79.9105459110202
"27918",27917,"51_23_111",37.7019320146954,-79.9204602258955
"27919",27918,"51_23_111",37.6907246841745,-79.9253569259339
"27920",27919,"51_23_111",37.7010578785719,-79.9112784984411
"27921",27920,"47_19_33",36.4487136037047,-82.0848680650164
"27922",27921,"47_19_33",36.4453925614243,-82.095666021259
"27923",27922,"47_19_33",36.4538630388675,-82.0948410489654
"27924",27923,"47_19_33",36.4436309494226,-82.098000968734
"27925",27924,"47_19_33",36.4412751172863,-82.0800300446653
"27926",27925,"47_19_33",36.4430547114004,-82.0863173145302
"27927",27926,"47_19_33",36.4481793334714,-82.1031248546077
"27928",27927,"47_19_33",36.4460899710393,-82.0765209678084
"27929",27928,"47_19_33",36.4418536418163,-82.1029852579893
"27930",27929,"47_19_33",36.4509864354409,-82.0744305794565
"27931",27930,"47_19_31",36.4377691752896,-82.053269127025
"27932",27931,"47_19_31",36.4488249145902,-82.0473625296647
"27933",27932,"47_19_31",36.4332337227433,-82.0463272122002
"27934",27933,"47_19_31",36.4371241347729,-82.0518778372777
"27935",27934,"47_19_31",36.4474747542171,-82.0514807977618
"27936",27935,"47_19_31",36.440512795974,-82.0592781737489
"27937",27936,"47_19_31",36.4410568416003,-82.0560612365251
"27938",27937,"47_19_31",36.4335031892669,-82.0656593004797
"27939",27938,"47_19_31",36.4306711670598,-82.0572694583228
"27940",27939,"47_19_31",36.4379524181511,-82.045372677556
"27941",27940,"51_195_76",36.9152338663423,-82.5797592004217
"27942",27941,"51_195_76",36.9215265368267,-82.5623380122248
"27943",27942,"51_195_76",36.9235704648844,-82.5683726363438
"27944",27943,"51_195_76",36.9198466523221,-82.5725999423265
"27945",27944,"51_195_76",36.9237255669594,-82.5759326736526
"27946",27945,"51_195_76",36.9178763478627,-82.5600858067572
"27947",27946,"51_195_76",36.9243870603017,-82.5631058511929
"27948",27947,"51_195_76",36.9259895144459,-82.5642003064696
"27949",27948,"51_195_76",36.9200406509267,-82.5745668610096
"27950",27949,"51_195_76",36.9103262986499,-82.5727476117211
"27951",27950,"51_15_211",38.229771685617,-79.3672695512864
"27952",27951,"51_15_211",38.2325133747365,-79.3565003456259
"27953",27952,"51_15_211",38.2318086894798,-79.3818058980812
"27954",27953,"51_15_211",38.242484078173,-79.3861992541607
"27955",27954,"51_15_211",38.2379131925924,-79.3742774612125
"27956",27955,"51_15_211",38.243803574816,-79.3686892608417
"27957",27956,"51_15_211",38.233699071919,-79.3772667562614
"27958",27957,"51_15_211",38.2295019801323,-79.3636865325141
"27959",27958,"51_15_211",38.2235144950272,-79.3856123484405
"27960",27959,"51_15_211",38.2361402141796,-79.3633365531518
"27961",27960,"51_5_98",37.9356231724721,-80.0255569436704
"27962",27961,"51_5_98",37.9344174654842,-80.0208625651498
"27963",27962,"51_5_98",37.9398970718082,-80.0140854215143
"27964",27963,"51_5_98",37.9425378497377,-80.0179976190178
"27965",27964,"51_5_98",37.9417698113403,-80.0250800171416
"27966",27965,"51_5_98",37.936334235729,-79.998220044025
"27967",27966,"51_5_98",37.9299413837423,-80.0066184366111
"27968",27967,"51_5_98",37.935126259404,-80.0005757082824
"27969",27968,"51_5_98",37.9383193350512,-80.0036174596073
"27970",27969,"51_5_98",37.9460258212281,-80.0176417608225
"27971",27970,"51_45_94",37.4389464632382,-80.4244288192825
"27972",27971,"51_45_94",37.4418516505224,-80.4404654137242
"27973",27972,"51_45_94",37.4302920869778,-80.4331358152376
"27974",27973,"51_45_94",37.4263878284968,-80.439017965104
"27975",27974,"51_45_94",37.4270219157604,-80.4387776049428
"27976",27975,"51_45_94",37.4281575727888,-80.4440424307468
"27977",27976,"51_45_94",37.4300309910251,-80.4311102260549
"27978",27977,"51_45_94",37.4356970554231,-80.4411056732942
"27979",27978,"51_45_94",37.4312953043335,-80.4340544245574
"27980",27979,"51_45_94",37.4327402446612,-80.4370274841685
"27981",27980,"51_9_103",37.6274878682263,-79.3569719635426
"27982",27981,"51_9_103",37.6131590854396,-79.3819848210994
"27983",27982,"51_9_103",37.6331400485579,-79.3603182069927
"27984",27983,"51_9_103",37.6258648002684,-79.3508662253181
"27985",27984,"51_9_103",37.6187119715358,-79.3652460502106
"27986",27985,"51_9_103",37.6226991110711,-79.3694639317488
"27987",27986,"51_9_103",37.621495256607,-79.3682255335989
"27988",27987,"51_9_103",37.6110575580143,-79.3659556283805
"27989",27988,"51_9_103",37.6269246066659,-79.3738427307481
"27990",27989,"51_9_103",37.6228872201761,-79.3668013099625
"27991",27990,"51_163_117",37.8364455608414,-79.2512828887566
"27992",27991,"51_163_117",37.8360127175802,-79.2550940400623
"27993",27992,"51_163_117",37.8369019673935,-79.2538173562406
"27994",27993,"51_163_117",37.8323713242598,-79.2637894200915
"27995",27994,"51_163_117",37.838846552624,-79.2540603635452
"27996",27995,"51_163_117",37.8309957102372,-79.2514686276384
"27997",27996,"51_163_117",37.838207822654,-79.2572608372858
"27998",27997,"51_163_117",37.8420144683523,-79.2415308062044
"27999",27998,"51_163_117",37.8494572188642,-79.2649432274401
"28000",27999,"51_163_117",37.8407496304183,-79.2536498286192
"28001",28000,"51_165_162",38.7622659773089,-78.9544751404283
"28002",28001,"51_165_162",38.7701032393295,-78.9626932913685
"28003",28002,"51_165_162",38.7657208169849,-78.9518635967591
"28004",28003,"51_165_162",38.7588668697097,-78.9653110798145
"28005",28004,"51_165_162",38.7548237139516,-78.9661026019941
"28006",28005,"51_165_162",38.7657356887116,-78.9548052605416
"28007",28006,"51_165_162",38.7588292977754,-78.9658647651174
"28008",28007,"51_165_162",38.7744698386224,-78.9519976022862
"28009",28008,"51_165_162",38.7576908266587,-78.9457833346176
"28010",28009,"51_165_162",38.7616515424558,-78.9634578191916
"28011",28010,"51_165_177",38.5158672360952,-79.0584865710841
"28012",28011,"51_165_177",38.5161997564069,-79.0572409369632
"28013",28012,"51_165_177",38.5212607364669,-79.0628471101928
"28014",28013,"51_165_177",38.5193176345497,-79.0583583614016
"28015",28014,"51_165_177",38.5237116873505,-79.0587533260412
"28016",28015,"51_165_177",38.5200487671116,-79.0674425319646
"28017",28016,"51_165_177",38.5199321559251,-79.0487067163101
"28018",28017,"51_165_177",38.5245916454575,-79.0467151027426
"28019",28018,"51_165_177",38.5272545202336,-79.0501693859547
"28020",28019,"51_165_177",38.5201209028102,-79.0767976029296
"28021",28020,"47_19_58",36.2284220975164,-81.9946586940001
"28022",28021,"47_19_58",36.2438440728921,-81.9967968707958
"28023",28022,"47_19_58",36.2398393829763,-82.0018842631853
"28024",28023,"47_19_58",36.2332516451785,-81.9982160270973
"28025",28024,"47_19_58",36.2458508125001,-81.9975986598792
"28026",28025,"47_19_58",36.2447254644154,-81.9968592477367
"28027",28026,"47_19_58",36.2315886411009,-81.9959333759249
"28028",28027,"47_19_58",36.2291578912953,-81.9934868698736
"28029",28028,"47_19_58",36.2353100946657,-81.9999783963725
"28030",28029,"47_19_58",36.2474325116849,-82.0113690320022
"28031",28030,"51_19_133",37.5024053264923,-79.46791874116
"28032",28031,"51_19_133",37.5068493741925,-79.4484998663157
"28033",28032,"51_19_133",37.4954677606521,-79.4719758093317
"28034",28033,"51_19_133",37.4991296582875,-79.4542600711879
"28035",28034,"51_19_133",37.511982375877,-79.4468832836049
"28036",28035,"51_19_133",37.5024980103273,-79.4710439108862
"28037",28036,"51_19_133",37.506451006352,-79.4732876639402
"28038",28037,"51_19_133",37.5070539877028,-79.4663395056257
"28039",28038,"51_19_133",37.5079947312222,-79.4706840844323
"28040",28039,"51_19_133",37.4980154622903,-79.4556289870927
"28041",28040,"51_165_187",38.6660360220489,-79.0521281066405
"28042",28041,"51_165_187",38.6461085299918,-79.0458550555688
"28043",28042,"51_165_187",38.6462987222363,-79.0469012166247
"28044",28043,"51_165_187",38.6663064256932,-79.0566747778338
"28045",28044,"51_165_187",38.6525062763618,-79.0541214074114
"28046",28045,"51_165_187",38.6468449411151,-79.0690304962431
"28047",28046,"51_165_187",38.6474645420507,-79.0693832513648
"28048",28047,"51_165_187",38.6523609274446,-79.0407776376069
"28049",28048,"51_165_187",38.6520903892249,-79.0548415831175
"28050",28049,"51_165_187",38.6468199088355,-79.0618362760781
"28051",28050,"51_165_194",38.5164312480521,-79.1334103532203
"28052",28051,"51_165_194",38.5044166498358,-79.1123378157736
"28053",28052,"51_165_194",38.5078745856021,-79.1153975548866
"28054",28053,"51_165_194",38.511578815127,-79.1248249142927
"28055",28054,"51_165_194",38.5007095029332,-79.1319218921701
"28056",28055,"51_165_194",38.5131620884407,-79.1129478678984
"28057",28056,"51_165_194",38.5080223210396,-79.1251747700385
"28058",28057,"51_165_194",38.5082003862155,-79.1377634051052
"28059",28058,"51_165_194",38.5129484598791,-79.1205004857402
"28060",28059,"51_165_194",38.5087351034073,-79.1258951921349
"28061",28060,"51_15_182",38.4132558671542,-79.1665579969879
"28062",28061,"51_15_182",38.4147717295535,-79.1525273849384
"28063",28062,"51_15_182",38.4130610226741,-79.1747843080847
"28064",28063,"51_15_182",38.4118451014672,-79.1640000300561
"28065",28064,"51_15_182",38.4126394730014,-79.1634480851409
"28066",28065,"51_15_182",38.399083330216,-79.1563075553913
"28067",28066,"51_15_182",38.4199997004114,-79.1743805585244
"28068",28067,"51_15_182",38.4116707888954,-79.1463399986608
"28069",28068,"51_15_182",38.4132357696313,-79.1606650921774
"28070",28069,"51_15_182",38.4060672714345,-79.1614182073433
"28071",28070,"51_91_73",38.4015175506214,-79.3485576546372
"28072",28071,"51_91_73",38.410750064618,-79.356857885445
"28073",28072,"51_91_73",38.3946658143095,-79.3471971667269
"28074",28073,"51_91_73",38.4035172566794,-79.3461444698315
"28075",28074,"51_91_73",38.3975554244747,-79.3323335475898
"28076",28075,"51_91_73",38.4068332392366,-79.3375881093957
"28077",28076,"51_91_73",38.4115260229772,-79.3465831930494
"28078",28077,"51_91_73",38.4072786785452,-79.3298981211866
"28079",28078,"51_91_73",38.4093865587089,-79.3551767005096
"28080",28079,"51_91_73",38.4023056911802,-79.3444900040894
"28081",28080,"51_15_200",38.2725153135023,-79.2377953296247
"28082",28081,"51_15_200",38.2777325274627,-79.2397156958966
"28083",28082,"51_15_200",38.2641904230012,-79.224063798516
"28084",28083,"51_15_200",38.2720232547718,-79.2393657153152
"28085",28084,"51_15_200",38.266963823179,-79.2344817665639
"28086",28085,"51_15_200",38.2737875300263,-79.2220598210171
"28087",28086,"51_15_200",38.2593089999781,-79.2378870723696
"28088",28087,"51_15_200",38.2689194380126,-79.2525323622646
"28089",28088,"51_15_200",38.2719085107669,-79.2252037004782
"28090",28089,"51_15_200",38.2760914006954,-79.2334234056876
"28091",28090,"51_15_105",38.0769992001795,-79.336326836368
"28092",28091,"51_15_105",38.068350401111,-79.3503871345989
"28093",28092,"51_15_105",38.0612141883806,-79.3462072282088
"28094",28093,"51_15_105",38.0553369644444,-79.3490126672032
"28095",28094,"51_15_105",38.0647956988314,-79.3439072223662
"28096",28095,"51_15_105",38.0737457074356,-79.3338820837884
"28097",28096,"51_15_105",38.0653684789108,-79.3511249212621
"28098",28097,"51_15_105",38.0737603702052,-79.3330118513667
"28099",28098,"51_15_105",38.0593458735921,-79.339294194365
"28100",28099,"51_15_105",38.0680469795756,-79.3497844803432
"28101",28100,"51_15_39",38.2764904663343,-79.2160241665278
"28102",28101,"51_15_39",38.2627538294098,-79.2205791643747
"28103",28102,"51_15_39",38.2779804273295,-79.2184472392434
"28104",28103,"51_15_39",38.2690352262378,-79.2299049615034
"28105",28104,"51_15_39",38.2808827011627,-79.2093974056698
"28106",28105,"51_15_39",38.2833542253704,-79.2063183217822
"28107",28106,"51_15_39",38.2689031684506,-79.2162757332056
"28108",28107,"51_15_39",38.2745873481405,-79.2238635209878
"28109",28108,"51_15_39",38.2868036220864,-79.219402127877
"28110",28109,"51_15_39",38.264624961473,-79.2241101532795
"28111",28110,"51_17_28",38.0964401532367,-79.7959736469344
"28112",28111,"51_17_28",38.0990759116529,-79.7903327523352
"28113",28112,"51_17_28",38.1017591062553,-79.7749331828598
"28114",28113,"51_17_28",38.0997872621264,-79.7914622810642
"28115",28114,"51_17_28",38.1005707344234,-79.7908571388206
"28116",28115,"51_17_28",38.091589284987,-79.7842109203574
"28117",28116,"51_17_28",38.0976618480324,-79.7790631320717
"28118",28117,"51_17_28",38.1001896445519,-79.7910119620175
"28119",28118,"51_17_28",38.1039269929421,-79.798113128743
"28120",28119,"51_17_28",38.1029018205039,-79.7906781006906
"28121",28120,"51_17_4",38.1299596562345,-79.8002280081156
"28122",28121,"51_17_4",38.1168932102302,-79.7986424895839
"28123",28122,"51_17_4",38.1300323670527,-79.8052129811913
"28124",28123,"51_17_4",38.1262820130377,-79.8074318462002
"28125",28124,"51_17_4",38.1191040360909,-79.8167206060099
"28126",28125,"51_17_4",38.1249763060474,-79.8043303656165
"28127",28126,"51_17_4",38.1335148593387,-79.8091274817625
"28128",28127,"51_17_4",38.1216810721975,-79.8090422362585
"28129",28128,"51_17_4",38.1391915101499,-79.8102662038387
"28130",28129,"51_17_4",38.1138588497127,-79.8128438864168
"28131",28130,"47_19_34",36.2978075622051,-82.095566470216
"28132",28131,"47_19_34",36.2993850307997,-82.0916118262114
"28133",28132,"47_19_34",36.2869168139233,-82.0957329364612
"28134",28133,"47_19_34",36.2950790501477,-82.0928585125735
"28135",28134,"47_19_34",36.2903132171795,-82.1015785673376
"28136",28135,"47_19_34",36.2908448558411,-82.0987385299945
"28137",28136,"47_19_34",36.2810612163429,-82.1019645389286
"28138",28137,"47_19_34",36.3001198941453,-82.0910601182021
"28139",28138,"47_19_34",36.2873050580806,-82.0981986916896
"28140",28139,"47_19_34",36.2968248281133,-82.0852331772428
"28141",28140,"47_19_30",36.2963405568631,-82.133366601173
"28142",28141,"47_19_30",36.2865739241861,-82.1305358635512
"28143",28142,"47_19_30",36.291655804536,-82.1328758469645
"28144",28143,"47_19_30",36.2841332274173,-82.1392780757942
"28145",28144,"47_19_30",36.2876722225237,-82.1301941692071
"28146",28145,"47_19_30",36.3018801354281,-82.1380811177738
"28147",28146,"47_19_30",36.2914022542756,-82.1327480530882
"28148",28147,"47_19_30",36.2881674758557,-82.1300779665551
"28149",28148,"47_19_30",36.2985991569732,-82.1342716696988
"28150",28149,"47_19_30",36.2931487280645,-82.120298189563
"28151",28150,"47_123_52",35.2569281338067,-84.1970696145048
"28152",28151,"47_123_52",35.2348878520039,-84.1946466133722
"28153",28152,"47_123_52",35.2542744139044,-84.1831235910196
"28154",28153,"47_123_52",35.2526961794361,-84.1882455391284
"28155",28154,"47_123_52",35.2490343617258,-84.1981270170341
"28156",28155,"47_123_52",35.2445098785015,-84.1947480129129
"28157",28156,"47_123_52",35.249408816825,-84.2008135907659
"28158",28157,"47_123_52",35.2513797295378,-84.2051935751572
"28159",28158,"47_123_52",35.2439695932729,-84.2023223645731
"28160",28159,"47_123_52",35.2407787741378,-84.1948393916247
"28161",28160,"47_123_60",35.3097391755933,-84.290551946146
"28162",28161,"47_123_60",35.307292643652,-84.2892707048377
"28163",28162,"47_123_60",35.3046437089891,-84.3000727206989
"28164",28163,"47_123_60",35.2953803310446,-84.2962354322894
"28165",28164,"47_123_60",35.3071616274732,-84.304486681447
"28166",28165,"47_123_60",35.3176816002167,-84.2925502266814
"28167",28166,"47_123_60",35.3076115797853,-84.3015312842068
"28168",28167,"47_123_60",35.297455779238,-84.3089091790587
"28169",28168,"47_123_60",35.3082391572646,-84.2967581278335
"28170",28169,"47_123_60",35.3063187676569,-84.3036147483443
"28171",28170,"47_123_59",35.3075516373457,-84.4283982241222
"28172",28171,"47_123_59",35.3010158377601,-84.4154541086535
"28173",28172,"47_123_59",35.3109449978627,-84.4184563692993
"28174",28173,"47_123_59",35.3207796395768,-84.4075809676868
"28175",28174,"47_123_59",35.3182064894172,-84.4132528125017
"28176",28175,"47_123_59",35.3070446653278,-84.4354460861966
"28177",28176,"47_123_59",35.3146606983275,-84.425317262969
"28178",28177,"47_123_59",35.321987081364,-84.4182534859441
"28179",28178,"47_123_59",35.3033764366455,-84.4330560204814
"28180",28179,"47_123_59",35.2998547416045,-84.4076896104782
"28181",28180,"47_123_50",35.2973522587563,-84.4794675302049
"28182",28181,"47_123_50",35.3028245205831,-84.4575875788165
"28183",28182,"47_123_50",35.3075023875508,-84.4652909066244
"28184",28183,"47_123_50",35.3012999561457,-84.4668760527169
"28185",28184,"47_123_50",35.3133971421054,-84.4621356353572
"28186",28185,"47_123_50",35.3120535438807,-84.4688672565423
"28187",28186,"47_123_50",35.298510183107,-84.4802323185802
"28188",28187,"47_123_50",35.3060783733348,-84.4637222249428
"28189",28188,"47_123_50",35.3064474776012,-84.4697577308446
"28190",28189,"47_123_50",35.2940527576673,-84.473753626115
"28191",28190,"47_123_58",35.3371847159764,-84.2205827424534
"28192",28191,"47_123_58",35.325689880295,-84.2093276657482
"28193",28192,"47_123_58",35.3392012742236,-84.2135369327645
"28194",28193,"47_123_58",35.3395258920161,-84.2122982376558
"28195",28194,"47_123_58",35.3277795255302,-84.2075148335989
"28196",28195,"47_123_58",35.3436509139456,-84.216499083527
"28197",28196,"47_123_58",35.3391995158095,-84.2258958936031
"28198",28197,"47_123_58",35.3386962497729,-84.2163467281767
"28199",28198,"47_123_58",35.3381004777729,-84.2160333223741
"28200",28199,"47_123_58",35.3369534441959,-84.2163900600782
"28201",28200,"47_123_61",35.3078329694388,-84.0904661686064
"28202",28201,"47_123_61",35.3128332735577,-84.0920749231264
"28203",28202,"47_123_61",35.3212087269307,-84.0824194897267
"28204",28203,"47_123_61",35.3073248819209,-84.069222251539
"28205",28204,"47_123_61",35.3050696195005,-84.0979229368959
"28206",28205,"47_123_61",35.3071593697485,-84.0873347323904
"28207",28206,"47_123_61",35.3025677476388,-84.0856819614185
"28208",28207,"47_123_61",35.30733069989,-84.0870503177134
"28209",28208,"47_123_61",35.2984499652851,-84.079137821754
"28210",28209,"47_123_61",35.3170292732683,-84.0759508046805
"28211",28210,"47_123_62",35.2862442359263,-84.0650810936122
"28212",28211,"47_123_62",35.2723108784109,-84.0468800813348
"28213",28212,"47_123_62",35.2719372469706,-84.0605748502114
"28214",28213,"47_123_62",35.2762905753362,-84.0542538882419
"28215",28214,"47_123_62",35.2767287073982,-84.0608886992114
"28216",28215,"47_123_62",35.270964123831,-84.0671650878389
"28217",28216,"47_123_62",35.2779029166332,-84.0568550454184
"28218",28217,"47_123_62",35.2769965840969,-84.0475711365241
"28219",28218,"47_123_62",35.2756236740865,-84.0539044138133
"28220",28219,"47_123_62",35.2811476489528,-84.0462170056962
"28221",28220,"47_123_65",35.2447729977608,-84.1761829234922
"28222",28221,"47_123_65",35.2543414583894,-84.1528793078155
"28223",28222,"47_123_65",35.2430449020986,-84.1804507510443
"28224",28223,"47_123_65",35.2484013975785,-84.1683810777819
"28225",28224,"47_123_65",35.2453101822664,-84.161948274328
"28226",28225,"47_123_65",35.245001277842,-84.1630257616042
"28227",28226,"47_123_65",35.2460966078734,-84.1636530280958
"28228",28227,"47_123_65",35.2424047855965,-84.1723666176912
"28229",28228,"47_123_65",35.2436174811704,-84.1462756432253
"28230",28229,"47_123_65",35.2355623886883,-84.1711268566351
"28231",28230,"51_23_121",37.5497322470874,-79.5687997477149
"28232",28231,"51_23_121",37.5543917591149,-79.5652652054512
"28233",28232,"51_23_121",37.549483459629,-79.5694149903775
"28234",28233,"51_23_121",37.5503315096479,-79.5518819417247
"28235",28234,"51_23_121",37.5497527413094,-79.5581947495906
"28236",28235,"51_23_121",37.5452540098009,-79.5558347244317
"28237",28236,"51_23_121",37.5485807046436,-79.5804724084524
"28238",28237,"51_23_121",37.5563653426152,-79.5717338434813
"28239",28238,"51_23_121",37.5586522924632,-79.5638535422426
"28240",28239,"51_23_121",37.5548294041812,-79.5623431220004
"28241",28240,"51_163_14",37.6846865645099,-79.3570281359639
"28242",28241,"51_163_14",37.67671664331,-79.344353125627
"28243",28242,"51_163_14",37.6841194222247,-79.3615719952735
"28244",28243,"51_163_14",37.6827002231598,-79.3612795495848
"28245",28244,"51_163_14",37.6830089549634,-79.349431962938
"28246",28245,"51_163_14",37.680869290905,-79.3622490724685
"28247",28246,"51_163_14",37.6819434902198,-79.3630186876243
"28248",28247,"51_163_14",37.6818314329068,-79.3683613135979
"28249",28248,"51_163_14",37.6789949968211,-79.3648342170549
"28250",28249,"51_163_14",37.6951701400274,-79.3603871691114
"28251",28250,"51_163_21",37.8381622531657,-79.2170468696493
"28252",28251,"51_163_21",37.8478685214312,-79.216616814914
"28253",28252,"51_163_21",37.8362007524295,-79.2136377879419
"28254",28253,"51_163_21",37.8367075277055,-79.2223239423389
"28255",28254,"51_163_21",37.8420554505658,-79.2279000523883
"28256",28255,"51_163_21",37.8365967094023,-79.2169178362656
"28257",28256,"51_163_21",37.8450108857436,-79.2253079549672
"28258",28257,"51_163_21",37.8355180782243,-79.2258193374657
"28259",28258,"51_163_21",37.8335370891858,-79.2022497235693
"28260",28259,"51_163_21",37.8386093970198,-79.2231336586245
"28261",28260,"51_23_7",37.7172564983879,-79.9036981069888
"28262",28261,"51_23_7",37.7145507805395,-79.8921697989612
"28263",28262,"51_23_7",37.7203087809409,-79.8849620364553
"28264",28263,"51_23_7",37.7148729685277,-79.8844786235517
"28265",28264,"51_23_7",37.71185959268,-79.8936773675634
"28266",28265,"51_23_7",37.7094883986385,-79.908365226119
"28267",28266,"51_23_7",37.7252774422174,-79.8866281007053
"28268",28267,"51_23_7",37.7177341213595,-79.8833411029826
"28269",28268,"51_23_7",37.7188731571004,-79.8906122501256
"28270",28269,"51_23_7",37.7160683637704,-79.8919516183773
"28271",28270,"51_23_34",37.514740050969,-79.6230029395077
"28272",28271,"51_23_34",37.5208511880777,-79.6203347330009
"28273",28272,"51_23_34",37.5263839903376,-79.6057766967661
"28274",28273,"51_23_34",37.5293005917785,-79.6250217240651
"28275",28274,"51_23_34",37.5319871640259,-79.6262314623161
"28276",28275,"51_23_34",37.5221423293795,-79.616896094822
"28277",28276,"51_23_34",37.5372996529836,-79.6272419894903
"28278",28277,"51_23_34",37.533240218276,-79.6236345146583
"28279",28278,"51_23_34",37.5292029977279,-79.5997759781259
"28280",28279,"51_23_34",37.5269071263306,-79.6219190268423
"28281",28280,"51_23_9",37.5847917552778,-79.9893083643525
"28282",28281,"51_23_9",37.5746565703882,-79.9843388864921
"28283",28282,"51_23_9",37.5848627199993,-79.9750078739875
"28284",28283,"51_23_9",37.5805249147135,-79.96456306875
"28285",28284,"51_23_9",37.5953777216893,-79.970231146666
"28286",28285,"51_23_9",37.5785871320596,-79.9892249782288
"28287",28286,"51_23_9",37.5809658841292,-79.9688339693783
"28288",28287,"51_23_9",37.5833789345949,-79.9790985247805
"28289",28288,"51_23_9",37.57734303305,-79.9780791157271
"28290",28289,"51_23_9",37.5804676636129,-79.9681884317641
"28291",28290,"51_165_46",38.6129572429677,-79.0894911104957
"28292",28291,"51_165_46",38.6121442357851,-79.089864205225
"28293",28292,"51_165_46",38.6056938937118,-79.0843658271793
"28294",28293,"51_165_46",38.6214748855237,-79.0964176413519
"28295",28294,"51_165_46",38.6111446061033,-79.0894922541718
"28296",28295,"51_165_46",38.6118271998188,-79.0885585140101
"28297",28296,"51_165_46",38.6147668826602,-79.0884676042945
"28298",28297,"51_165_46",38.6160557764847,-79.0735319737192
"28299",28298,"51_165_46",38.6165738186076,-79.0895451673599
"28300",28299,"51_165_46",38.6011217590177,-79.0795104603878
"28301",28300,"51_165_120",38.4816657551814,-78.7445536973969
"28302",28301,"51_165_120",38.4876249113045,-78.7318209262104
"28303",28302,"51_165_120",38.4779986777442,-78.7448285618515
"28304",28303,"51_165_120",38.4832510368602,-78.7348301332731
"28305",28304,"51_165_120",38.4834372873763,-78.7441737027534
"28306",28305,"51_165_120",38.4902346255836,-78.7195476120337
"28307",28306,"51_165_120",38.4894756497064,-78.7344372711652
"28308",28307,"51_165_120",38.4930955384294,-78.7438803449307
"28309",28308,"51_165_120",38.4929401983321,-78.7175099952617
"28310",28309,"51_165_120",38.4895913655258,-78.7256702987639
"28311",28310,"51_45_46",37.5305556702761,-80.219360339764
"28312",28311,"51_45_46",37.5238978988388,-80.2315704992503
"28313",28312,"51_45_46",37.5285344353724,-80.2279458947053
"28314",28313,"51_45_46",37.528628095168,-80.2333072040389
"28315",28314,"51_45_46",37.531568645023,-80.2145270942082
"28316",28315,"51_45_46",37.5169185641752,-80.2163608746378
"28317",28316,"51_45_46",37.5182966481208,-80.2193755960374
"28318",28317,"51_45_46",37.5341516907605,-80.2125706069769
"28319",28318,"51_45_46",37.534020396144,-80.2332243738652
"28320",28319,"51_45_46",37.5204763593252,-80.2130345135638
"28321",28320,"51_15_9",37.9024256405906,-79.0540560832313
"28322",28321,"51_15_9",37.901726155693,-79.0575420601943
"28323",28322,"51_15_9",37.9034129758644,-79.0399258081512
"28324",28323,"51_15_9",37.9085286984779,-79.0589810579795
"28325",28324,"51_15_9",37.9044914509567,-79.0436996943747
"28326",28325,"51_15_9",37.9128282573206,-79.0469552572443
"28327",28326,"51_15_9",37.9039462585026,-79.0312401027325
"28328",28327,"51_15_9",37.9059261372808,-79.0459922938646
"28329",28328,"51_15_9",37.9143327281261,-79.0486752710438
"28330",28329,"51_15_9",37.9048211783665,-79.0383274953382
"28331",28330,"51_165_73",38.593752294065,-79.0649102692929
"28332",28331,"51_165_73",38.5878682703758,-79.0525039416539
"28333",28332,"51_165_73",38.5777889484158,-79.0641122615516
"28334",28333,"51_165_73",38.5959729477701,-79.0734300975013
"28335",28334,"51_165_73",38.5917085808643,-79.0600730930017
"28336",28335,"51_165_73",38.5919127129695,-79.0640165372167
"28337",28336,"51_165_73",38.5961855353714,-79.0556589225431
"28338",28337,"51_165_73",38.6001993814298,-79.0566817648858
"28339",28338,"51_165_73",38.5841105873892,-79.0499456031381
"28340",28339,"51_165_73",38.5975048559391,-79.0768811683805
"28341",28340,"51_5_115",37.6380641054037,-80.2129687332109
"28342",28341,"51_5_115",37.6438576181186,-80.2139556892892
"28343",28342,"51_5_115",37.6377489467978,-80.2251048654287
"28344",28343,"51_5_115",37.6322005437488,-80.2016241217543
"28345",28344,"51_5_115",37.6365933035848,-80.2227861110617
"28346",28345,"51_5_115",37.6298433135043,-80.2069354913483
"28347",28346,"51_5_115",37.6241919699276,-80.2064696162376
"28348",28347,"51_5_115",37.629923767978,-80.2039212365293
"28349",28348,"51_5_115",37.6282490019804,-80.19205872923
"28350",28349,"51_5_115",37.625306887871,-80.2097230559918
"28351",28350,"51_5_116",37.7116625173667,-80.0126989851601
"28352",28351,"51_5_116",37.7272323061875,-80.0067219893758
"28353",28352,"51_5_116",37.7206090915212,-80.0074542730129
"28354",28353,"51_5_116",37.7231855828806,-80.0251045271227
"28355",28354,"51_5_116",37.731308348801,-80.0194933878783
"28356",28355,"51_5_116",37.7290847791448,-79.9997746590977
"28357",28356,"51_5_116",37.7324633878425,-80.0066013265175
"28358",28357,"51_5_116",37.7153827714264,-80.0087077780355
"28359",28358,"51_5_116",37.7148630360788,-80.0011139985582
"28360",28359,"51_5_116",37.7172252052564,-79.9976097492838
"28361",28360,"51_15_222",38.2110903948377,-79.4210104908986
"28362",28361,"51_15_222",38.2233549038152,-79.4198393837251
"28363",28362,"51_15_222",38.2251295366534,-79.4081461732799
"28364",28363,"51_15_222",38.2247706160499,-79.4114502495506
"28365",28364,"51_15_222",38.2162362799386,-79.419168040831
"28366",28365,"51_15_222",38.2167818901747,-79.4165741212737
"28367",28366,"51_15_222",38.2169499462278,-79.4200342164049
"28368",28367,"51_15_222",38.2144486397582,-79.4099149232291
"28369",28368,"51_15_222",38.216436211286,-79.4185657432228
"28370",28369,"51_15_222",38.228469412515,-79.4174981766521
"28371",28370,"51_21_84",37.1286740045016,-81.210827613336
"28372",28371,"51_21_84",37.1279648149337,-81.2117133546118
"28373",28372,"51_21_84",37.1265057790758,-81.21794637996
"28374",28373,"51_21_84",37.1202669641329,-81.2100325175172
"28375",28374,"51_21_84",37.1157285044723,-81.2224037834957
"28376",28375,"51_21_84",37.1156830817424,-81.227191710607
"28377",28376,"51_21_84",37.1300631968006,-81.2157172021987
"28378",28377,"51_21_84",37.1255596482137,-81.2194750968995
"28379",28378,"51_21_84",37.120894639484,-81.2149885500369
"28380",28379,"51_21_84",37.129365778813,-81.2106827616339
"28381",28380,"51_45_97",37.5657763430878,-80.2834389618616
"28382",28381,"51_45_97",37.5830294249889,-80.2839430619539
"28383",28382,"51_45_97",37.5758833870275,-80.267458314861
"28384",28383,"51_45_97",37.5849568942212,-80.2845470991745
"28385",28384,"51_45_97",37.5837327400382,-80.2810985139464
"28386",28385,"51_45_97",37.584467102885,-80.2786325884461
"28387",28386,"51_45_97",37.5666589462904,-80.2697644165566
"28388",28387,"51_45_97",37.5740679048038,-80.281575557562
"28389",28388,"51_45_97",37.5821413266796,-80.2838797007581
"28390",28389,"51_45_97",37.5787289730327,-80.2755773571194
"28391",28390,"51_105_81",36.7602570681993,-82.8608164155835
"28392",28391,"51_105_81",36.7648741860298,-82.8589366037458
"28393",28392,"51_105_81",36.7676867535207,-82.8695307978027
"28394",28393,"51_105_81",36.7715725014302,-82.8544624489273
"28395",28394,"51_105_81",36.7782992526341,-82.8713946075016
"28396",28395,"51_105_81",36.7678768038347,-82.8612642717721
"28397",28396,"51_105_81",36.7618606424636,-82.8642656748461
"28398",28397,"51_105_81",36.7652429323097,-82.8612651380156
"28399",28398,"51_105_81",36.7686596092701,-82.8656218388495
"28400",28399,"51_105_81",36.769258327712,-82.8581742781387
"28401",28400,"51_185_99",36.9820791637306,-81.4819628620792
"28402",28401,"51_185_99",36.9746799464177,-81.4956949557421
"28403",28402,"51_185_99",36.9892161067821,-81.4864794252738
"28404",28403,"51_185_99",36.9775240812938,-81.488468030638
"28405",28404,"51_185_99",36.9901901064422,-81.4716204225051
"28406",28405,"51_185_99",36.9892793650965,-81.4884658157387
"28407",28406,"51_185_99",36.9727045622153,-81.494098841431
"28408",28407,"51_185_99",36.9799721262417,-81.4981557131351
"28409",28408,"51_185_99",36.9674595095289,-81.4838555517703
"28410",28409,"51_185_99",36.9832382741125,-81.4965523215568
"28411",28410,"13_313_27",34.8063835616208,-85.1420418112176
"28412",28411,"13_313_27",34.8152903041038,-85.1292256759831
"28413",28412,"13_313_27",34.8018451236572,-85.1426714944533
"28414",28413,"13_313_27",34.8010637541774,-85.1487373694469
"28415",28414,"13_313_27",34.8193979949484,-85.1373932354008
"28416",28415,"13_313_27",34.8049108164922,-85.1309513567166
"28417",28416,"13_313_27",34.8122547838138,-85.1284703910106
"28418",28417,"13_313_27",34.8055977913847,-85.1324084465727
"28419",28418,"13_313_27",34.8014475036465,-85.1227914442293
"28420",28419,"13_313_27",34.8014547419363,-85.1204090744467
"28421",28420,"13_111_4",34.662126460192,-84.2093967723948
"28422",28421,"13_111_4",34.6471506161583,-84.204729079483
"28423",28422,"13_111_4",34.6440250305735,-84.2002086771857
"28424",28423,"13_111_4",34.6541038026599,-84.1940644119501
"28425",28424,"13_111_4",34.6579933087384,-84.2150000603762
"28426",28425,"13_111_4",34.6409853888251,-84.2100480393508
"28427",28426,"13_111_4",34.6478884376983,-84.2038002733713
"28428",28427,"13_111_4",34.6602108494461,-84.1966245591137
"28429",28428,"13_111_4",34.6500878387496,-84.1878117541039
"28430",28429,"13_111_4",34.6545224775822,-84.1952731655773
"28431",28430,"13_123_21",34.7254610434184,-84.3912458321775
"28432",28431,"13_123_21",34.7322233708005,-84.3976800656535
"28433",28432,"13_123_21",34.7309649073723,-84.4015370204932
"28434",28433,"13_123_21",34.7285661316441,-84.4082231110633
"28435",28434,"13_123_21",34.7416312410256,-84.3989448904053
"28436",28435,"13_123_21",34.7269217381648,-84.4059289008446
"28437",28436,"13_123_21",34.740454686264,-84.3966608500169
"28438",28437,"13_123_21",34.7273262911306,-84.3894916050143
"28439",28438,"13_123_21",34.7254779533286,-84.4158066076976
"28440",28439,"13_123_21",34.730459881197,-84.4173847765168
"28441",28440,"13_111_12",34.8049263784168,-84.1392577117026
"28442",28441,"13_111_12",34.8224984076002,-84.1482194665453
"28443",28442,"13_111_12",34.8171903274943,-84.1587536876749
"28444",28443,"13_111_12",34.8173778947065,-84.1562268082233
"28445",28444,"13_111_12",34.8129486327984,-84.1539464528466
"28446",28445,"13_111_12",34.8014277211511,-84.1552484661869
"28447",28446,"13_111_12",34.8142079082081,-84.1454883695105
"28448",28447,"13_111_12",34.8117566549278,-84.1548824446913
"28449",28448,"13_111_12",34.820247050466,-84.155956969884
"28450",28449,"13_111_12",34.8135035549076,-84.1500902505201
"28451",28450,"13_291_20",34.7701409148485,-83.986682059016
"28452",28451,"13_291_20",34.7643267938328,-83.9994950261756
"28453",28452,"13_291_20",34.7610785999186,-83.9819062425386
"28454",28453,"13_291_20",34.7774478826813,-83.9841025498355
"28455",28454,"13_291_20",34.7626703666183,-83.9929711108015
"28456",28455,"13_291_20",34.7646573757057,-83.9983298626748
"28457",28456,"13_291_20",34.760897796473,-83.9891840002425
"28458",28457,"13_291_20",34.7593350047169,-83.9824872200868
"28459",28458,"13_291_20",34.7752753454864,-83.9837721650754
"28460",28459,"13_291_20",34.7668687832105,-83.9921014837903
"28461",28460,"13_85_52",34.5853351301748,-84.2421807910758
"28462",28461,"13_85_52",34.5819992443438,-84.2519881314621
"28463",28462,"13_85_52",34.5793268423458,-84.2452006427613
"28464",28463,"13_85_52",34.5701149921702,-84.2356071663167
"28465",28464,"13_85_52",34.5735354286374,-84.2410478495026
"28466",28465,"13_85_52",34.5849856419084,-84.2455074543022
"28467",28466,"13_85_52",34.5673216218824,-84.2588435579924
"28468",28467,"13_85_52",34.5857848829134,-84.2413531537972
"28469",28468,"13_85_52",34.5721509579039,-84.2437346590723
"28470",28469,"13_85_52",34.566542202115,-84.2380418260633
"28471",28470,"13_291_27",34.9157403244231,-83.9384498240567
"28472",28471,"13_291_27",34.9199975733509,-83.9369054844114
"28473",28472,"13_291_27",34.9101844473043,-83.9236995574726
"28474",28473,"13_291_27",34.9192755795808,-83.9239099528733
"28475",28474,"13_291_27",34.9087384327143,-83.9234322180465
"28476",28475,"13_291_27",34.9120863286527,-83.9280193080019
"28477",28476,"13_291_27",34.9144626768323,-83.9205392703357
"28478",28477,"13_291_27",34.9139051371974,-83.9240800952601
"28479",28478,"13_291_27",34.9109580068307,-83.9219611282413
"28480",28479,"13_291_27",34.9110575208494,-83.9226074630815
"28481",28480,"13_241_1",34.9602194582742,-83.3946644881174
"28482",28481,"13_241_1",34.971282551794,-83.3934239786851
"28483",28482,"13_241_1",34.9739933870658,-83.3944660568925
"28484",28483,"13_241_1",34.9788091859217,-83.378267302252
"28485",28484,"13_241_1",34.9738052399677,-83.3918527021259
"28486",28485,"13_241_1",34.9712403002303,-83.3921234426765
"28487",28486,"13_241_1",34.9652124520499,-83.3953092991464
"28488",28487,"13_241_1",34.9742288771316,-83.3927406229115
"28489",28488,"13_241_1",34.9649660260348,-83.4028845687512
"28490",28489,"13_241_1",34.9868063309716,-83.3893810683612
"28491",28490,"47_139_27",35.1439315791955,-84.5733799645991
"28492",28491,"47_139_27",35.151412336672,-84.5670665141395
"28493",28492,"47_139_27",35.1527950150666,-84.5710233013188
"28494",28493,"47_139_27",35.1482494640691,-84.5706659395994
"28495",28494,"47_139_27",35.1484412087485,-84.5661383892425
"28496",28495,"47_139_27",35.1568586586507,-84.562505010989
"28497",28496,"47_139_27",35.1484583679444,-84.5661311298967
"28498",28497,"47_139_27",35.1484410504126,-84.5730033870775
"28499",28498,"47_139_27",35.1454835072501,-84.561126087305
"28500",28499,"47_139_27",35.1494486203698,-84.5498634621683
"28501",28500,"47_19_25",36.2110650367636,-82.2500728259674
"28502",28501,"47_19_25",36.208971965882,-82.2585111925664
"28503",28502,"47_19_25",36.2350008229444,-82.2522166450297
"28504",28503,"47_19_25",36.2373540354251,-82.2538142934505
"28505",28504,"47_19_25",36.2309525013723,-82.2577631183445
"28506",28505,"47_19_25",36.2130449954385,-82.2554426146907
"28507",28506,"47_19_25",36.2227258541281,-82.2539588624428
"28508",28507,"47_19_25",36.2226048885161,-82.2457150373125
"28509",28508,"47_19_25",36.211863173894,-82.2559492751883
"28510",28509,"47_19_25",36.2123723548317,-82.2509102184279
"28511",28510,"47_29_10",35.946223675529,-82.9287082397276
"28512",28511,"47_29_10",35.929437005265,-82.9283363758433
"28513",28512,"47_29_10",35.9223731051883,-82.9172393571444
"28514",28513,"47_29_10",35.9374004696443,-82.9236257988724
"28515",28514,"47_29_10",35.9332822301892,-82.9371012799188
"28516",28515,"47_29_10",35.942502721257,-82.9259811776573
"28517",28516,"47_29_10",35.9329250148344,-82.9046781203024
"28518",28517,"47_29_10",35.9411562397403,-82.9093537338615
"28519",28518,"47_29_10",35.9354917520554,-82.930094975523
"28520",28519,"47_29_10",35.942871410721,-82.9222416468857
"28521",28520,"47_9_5",35.6453578678746,-83.8520187824188
"28522",28521,"47_9_5",35.6352736968294,-83.846923274299
"28523",28522,"47_9_5",35.6260060675495,-83.8515470955502
"28524",28523,"47_9_5",35.6343900720996,-83.8581131734691
"28525",28524,"47_9_5",35.6270974860347,-83.8419164112719
"28526",28525,"47_9_5",35.6400066060668,-83.8458152486996
"28527",28526,"47_9_5",35.632326001527,-83.8573335686125
"28528",28527,"47_9_5",35.6359061504675,-83.839396312038
"28529",28528,"47_9_5",35.6315057583978,-83.8502186856981
"28530",28529,"47_9_5",35.631067706518,-83.8453496893824
"28531",28530,"47_139_48",35.0097377030529,-84.6572163201392
"28532",28531,"47_139_48",34.9938905742389,-84.6734741623847
"28533",28532,"47_139_48",35.0101646378574,-84.6694508415093
"28534",28533,"47_139_48",34.9986788408506,-84.6691055994871
"28535",28534,"47_139_48",35.0002558961497,-84.6800253376716
"28536",28535,"47_139_48",35.000132853796,-84.6778976387369
"28537",28536,"47_139_48",35.0079683681525,-84.6786574471126
"28538",28537,"47_139_48",35.007865479405,-84.668931865729
"28539",28538,"47_139_48",35.0217624713738,-84.6732975793114
"28540",28539,"47_139_48",34.9966656130269,-84.6609248881769
"28541",28540,"47_123_44",35.3204061197156,-84.2398376030228
"28542",28541,"47_123_44",35.3252324420084,-84.2412342092933
"28543",28542,"47_123_44",35.3232834101505,-84.2369917873662
"28544",28543,"47_123_44",35.3196139190272,-84.2394447981003
"28545",28544,"47_123_44",35.3123439818035,-84.2391249342648
"28546",28545,"47_123_44",35.3345165920829,-84.244485540889
"28547",28546,"47_123_44",35.3229377730643,-84.2418215676747
"28548",28547,"47_123_44",35.323228943014,-84.2366151497231
"28549",28548,"47_123_44",35.3104804417557,-84.2420546835628
"28550",28549,"47_123_44",35.3169923968598,-84.2540545981223
"28551",28550,"47_59_8",36.0495092222599,-82.6917825650874
"28552",28551,"47_59_8",36.0520900949387,-82.6913078640489
"28553",28552,"47_59_8",36.0506104992873,-82.6975142831361
"28554",28553,"47_59_8",36.04536337135,-82.6916741529084
"28555",28554,"47_59_8",36.0408256571232,-82.7072197008629
"28556",28555,"47_59_8",36.0518314670683,-82.6971395091797
"28557",28556,"47_59_8",36.0463638483325,-82.7090485013381
"28558",28557,"47_59_8",36.0488103441063,-82.6953755030951
"28559",28558,"47_59_8",36.0508556050793,-82.6927575792601
"28560",28559,"47_59_8",36.0517043457377,-82.6867679967837
"28561",28560,"47_123_20",35.4653649852472,-84.1426923513358
"28562",28561,"47_123_20",35.4526108757692,-84.139680340359
"28563",28562,"47_123_20",35.453925647059,-84.1462296388741
"28564",28563,"47_123_20",35.4706293630662,-84.1406342417245
"28565",28564,"47_123_20",35.4740481814406,-84.1349168957682
"28566",28565,"47_123_20",35.4737847783544,-84.1391914503243
"28567",28566,"47_123_20",35.4557381807917,-84.1527008838788
"28568",28567,"47_123_20",35.4628041469779,-84.1400344276927
"28569",28568,"47_123_20",35.4671539973512,-84.1406028915837
"28570",28569,"47_123_20",35.4648647416124,-84.1418725361335
"28571",28570,"47_171_8",36.2109664487812,-82.3747579345285
"28572",28571,"47_171_8",36.207508424577,-82.3613628788876
"28573",28572,"47_171_8",36.2089113236679,-82.3600236245778
"28574",28573,"47_171_8",36.2068955116014,-82.3646076505274
"28575",28574,"47_171_8",36.2158519453169,-82.3639514083427
"28576",28575,"47_171_8",36.2237222045402,-82.3630822251411
"28577",28576,"47_171_8",36.2115068286375,-82.3650958822153
"28578",28577,"47_171_8",36.204485267105,-82.3617369688324
"28579",28578,"47_171_8",36.2126100827121,-82.3588018455144
"28580",28579,"47_171_8",36.2220352687141,-82.3774302231071
"28581",28580,"47_139_22",35.1793171342575,-84.4883533319462
"28582",28581,"47_139_22",35.1731454581692,-84.4800605405533
"28583",28582,"47_139_22",35.1842575368063,-84.4937753567328
"28584",28583,"47_139_22",35.1869152264755,-84.4833120220947
"28585",28584,"47_139_22",35.1878648306365,-84.4823899225034
"28586",28585,"47_139_22",35.1977520661505,-84.476119896853
"28587",28586,"47_139_22",35.1861936563922,-84.4837287969396
"28588",28587,"47_139_22",35.1867084313268,-84.480584314487
"28589",28588,"47_139_22",35.1819906034254,-84.4757997360275
"28590",28589,"47_139_22",35.1868859009978,-84.4816313925145
"28591",28590,"47_139_41",35.0269714083476,-84.5447988360548
"28592",28591,"47_139_41",35.0238381973223,-84.559896692371
"28593",28592,"47_139_41",35.0215069493235,-84.557816345661
"28594",28593,"47_139_41",35.0280915980443,-84.5523822746048
"28595",28594,"47_139_41",35.0118924856836,-84.5500434149433
"28596",28595,"47_139_41",35.0146296897289,-84.5576782922382
"28597",28596,"47_139_41",35.0177886757987,-84.5456200129387
"28598",28597,"47_139_41",35.0218697863409,-84.5676546617111
"28599",28598,"47_139_41",35.0217579529403,-84.5571895111457
"28600",28599,"47_139_41",35.0207245834697,-84.554508332772
"28601",28600,"47_163_10",36.5141248493919,-82.0764458894348
"28602",28601,"47_163_10",36.5011386434938,-82.0652365573874
"28603",28602,"47_163_10",36.5138771815732,-82.0634132568795
"28604",28603,"47_163_10",36.5053101381502,-82.0703974786982
"28605",28604,"47_163_10",36.5114491320662,-82.067833894684
"28606",28605,"47_163_10",36.5142520590069,-82.0566213966451
"28607",28606,"47_163_10",36.4975697877244,-82.0642403706737
"28608",28607,"47_163_10",36.4967980568457,-82.0522120451456
"28609",28608,"47_163_10",36.5040067261477,-82.0665034230539
"28610",28609,"47_163_10",36.5054194761508,-82.0690862140146
"28611",28610,"47_123_24",35.3686770107877,-84.0642259735726
"28612",28611,"47_123_24",35.374655398977,-84.0854472035327
"28613",28612,"47_123_24",35.3742013598253,-84.0712982899762
"28614",28613,"47_123_24",35.3796545198628,-84.064807822014
"28615",28614,"47_123_24",35.38347388881,-84.0678049245356
"28616",28615,"47_123_24",35.3651862363689,-84.0582414754153
"28617",28616,"47_123_24",35.3734686613465,-84.0700619526014
"28618",28617,"47_123_24",35.3781020371771,-84.0741340743999
"28619",28618,"47_123_24",35.3688691138164,-84.0743058648365
"28620",28619,"47_123_24",35.3851782370931,-84.0726086607077
"28621",28620,"47_123_28",35.3543941867106,-84.1032776612209
"28622",28621,"47_123_28",35.3519726817693,-84.1201714863054
"28623",28622,"47_123_28",35.3433700150495,-84.1058620994871
"28624",28623,"47_123_28",35.352858488446,-84.0980357953679
"28625",28624,"47_123_28",35.3417309676398,-84.0965600273609
"28626",28625,"47_123_28",35.3551339961425,-84.0956403676039
"28627",28626,"47_123_28",35.3542991867509,-84.0991253312248
"28628",28627,"47_123_28",35.3496150546823,-84.1110212793185
"28629",28628,"47_123_28",35.3501224963217,-84.1087886888427
"28630",28629,"47_123_28",35.3497926310687,-84.1116997286202
"28631",28630,"13_241_111",34.9651328410328,-83.4413573356934
"28632",28631,"13_241_111",34.9536670599216,-83.4484402997388
"28633",28632,"13_241_111",34.9494268299083,-83.4317919787076
"28634",28633,"13_241_111",34.9582974510109,-83.4440263153011
"28635",28634,"13_241_111",34.9572797875314,-83.4446602011047
"28636",28635,"13_241_111",34.9623581127231,-83.4455327242388
"28637",28636,"13_241_111",34.9645790188732,-83.4430185132253
"28638",28637,"13_241_111",34.9486231336002,-83.4301586505421
"28639",28638,"13_241_111",34.954592775589,-83.4440472006058
"28640",28639,"13_241_111",34.9508420347257,-83.445732412369
"28641",28640,"13_111_73",34.7417029144137,-84.1538642087975
"28642",28641,"13_111_73",34.736993496473,-84.1558014528513
"28643",28642,"13_111_73",34.7502429771657,-84.1638021394077
"28644",28643,"13_111_73",34.7355554342661,-84.1546026985148
"28645",28644,"13_111_73",34.7316033318049,-84.1739127264323
"28646",28645,"13_111_73",34.7502889604322,-84.1513773465062
"28647",28646,"13_111_73",34.7474043735915,-84.1591495838474
"28648",28647,"13_111_73",34.743937475141,-84.1547130164704
"28649",28648,"13_111_73",34.7370865491151,-84.1556445357591
"28650",28649,"13_111_73",34.7370746081149,-84.1604727231189
"28651",28650,"47_139_20",35.1628414048928,-84.4277666564621
"28652",28651,"47_139_20",35.167560645222,-84.4266534846785
"28653",28652,"47_139_20",35.1669070098047,-84.4272206846972
"28654",28653,"47_139_20",35.1585081684535,-84.4200418487105
"28655",28654,"47_139_20",35.171957942832,-84.4352870275267
"28656",28655,"47_139_20",35.1716720842891,-84.4247503247896
"28657",28656,"47_139_20",35.1631817402589,-84.4226937383508
"28658",28657,"47_139_20",35.1769601573005,-84.4234891531988
"28659",28658,"47_139_20",35.1756071265879,-84.4197968352867
"28660",28659,"47_139_20",35.1679311486334,-84.41734409228
"28661",28660,"47_123_36",35.2683099230776,-84.0877975592337
"28662",28661,"47_123_36",35.2549881690183,-84.0903783146575
"28663",28662,"47_123_36",35.2558974642633,-84.0958252233715
"28664",28663,"47_123_36",35.2586687985358,-84.0907937746686
"28665",28664,"47_123_36",35.2574064637656,-84.1045091510061
"28666",28665,"47_123_36",35.2701488291291,-84.1005954473422
"28667",28666,"47_123_36",35.269390193068,-84.0897696667064
"28668",28667,"47_123_36",35.2572940425709,-84.0981378633834
"28669",28668,"47_123_36",35.2570609834443,-84.1015377078981
"28670",28669,"47_123_36",35.2607705433437,-84.0856892308934
"28671",28670,"47_19_21",36.2413344476317,-82.1155400102963
"28672",28671,"47_19_21",36.2438635167721,-82.1256298696884
"28673",28672,"47_19_21",36.2366839390756,-82.1203341023858
"28674",28673,"47_19_21",36.2439137597444,-82.1228870646488
"28675",28674,"47_19_21",36.2510217529504,-82.1079337953269
"28676",28675,"47_19_21",36.2456259003733,-82.1230129211447
"28677",28676,"47_19_21",36.2498405269147,-82.1212339646377
"28678",28677,"47_19_21",36.2456752245061,-82.1222248134226
"28679",28678,"47_19_21",36.2462419057626,-82.1350162275426
"28680",28679,"47_19_21",36.2443170886554,-82.128332648032
"28681",28680,"13_213_91",34.8762366801019,-84.6972864945284
"28682",28681,"13_213_91",34.8726050015605,-84.7074998416812
"28683",28682,"13_213_91",34.8771719134093,-84.6962385110918
"28684",28683,"13_213_91",34.8787628404662,-84.6862359416812
"28685",28684,"13_213_91",34.8841774801684,-84.6896852037756
"28686",28685,"13_213_91",34.8832032777276,-84.6993705338994
"28687",28686,"13_213_91",34.8744813563908,-84.7128990096124
"28688",28687,"13_213_91",34.8776103074467,-84.6947932278023
"28689",28688,"13_213_91",34.8758074150015,-84.6974515709621
"28690",28689,"13_213_91",34.8673339784736,-84.6986281822961
"28691",28690,"13_115_87",34.5619581279396,-85.0949439833526
"28692",28691,"13_115_87",34.5591440711992,-85.1137985645594
"28693",28692,"13_115_87",34.565584330541,-85.1107821963629
"28694",28693,"13_115_87",34.5693632906216,-85.1040264180324
"28695",28694,"13_115_87",34.5671339729729,-85.1102185636015
"28696",28695,"13_115_87",34.5660577328852,-85.1070027014444
"28697",28696,"13_115_87",34.5690612696572,-85.1149630649776
"28698",28697,"13_115_87",34.5727877172956,-85.0976080678103
"28699",28698,"13_115_87",34.5627715919112,-85.1166736395321
"28700",28699,"13_115_87",34.5744279943812,-85.1120626012585
"28701",28700,"13_55_61",34.4895368346509,-85.2492792770202
"28702",28701,"13_55_61",34.4979199235885,-85.2588329594278
"28703",28702,"13_55_61",34.4900859614655,-85.2673403398177
"28704",28703,"13_55_61",34.501797669896,-85.2595213544254
"28705",28704,"13_55_61",34.5082286337776,-85.2612179248367
"28706",28705,"13_55_61",34.4938512750273,-85.2711467566941
"28707",28706,"13_55_61",34.5004985540818,-85.2753957509042
"28708",28707,"13_55_61",34.4866887909803,-85.2688590617837
"28709",28708,"13_55_61",34.4974504762046,-85.2656699614142
"28710",28709,"13_55_61",34.4980583839123,-85.2605853808465
"28711",28710,"13_187_51",34.6359741526721,-84.040593787751
"28712",28711,"13_187_51",34.6360415530777,-84.0394354116778
"28713",28712,"13_187_51",34.6234078261501,-84.0419851489086
"28714",28713,"13_187_51",34.6377436976192,-84.0543326353641
"28715",28714,"13_187_51",34.6413366211335,-84.061353112072
"28716",28715,"13_187_51",34.6312489123402,-84.0418288438923
"28717",28716,"13_187_51",34.6354328507513,-84.0360686119667
"28718",28717,"13_187_51",34.6210549111386,-84.0474276506009
"28719",28718,"13_187_51",34.6315175413371,-84.0299417756632
"28720",28719,"13_187_51",34.6351824576397,-84.0460535985955
"28721",28720,"13_291_104",34.9039677012489,-83.9172027252793
"28722",28721,"13_291_104",34.9027927189563,-83.9004776381884
"28723",28722,"13_291_104",34.9102892448594,-83.8948610400831
"28724",28723,"13_291_104",34.9012572343933,-83.9010091319496
"28725",28724,"13_291_104",34.8946251113032,-83.9067968454206
"28726",28725,"13_291_104",34.9054128641775,-83.9062592735143
"28727",28726,"13_291_104",34.9093442639077,-83.9029234841925
"28728",28727,"13_291_104",34.8921054359204,-83.9031544872734
"28729",28728,"13_291_104",34.8944890195042,-83.8894955487453
"28730",28729,"13_291_104",34.9114637385001,-83.8927682404978
"28731",28730,"13_187_42",34.6423479562118,-83.8893686627056
"28732",28731,"13_187_42",34.6568872509896,-83.8665488238124
"28733",28732,"13_187_42",34.6427554116087,-83.8593330548462
"28734",28733,"13_187_42",34.6398206733269,-83.8702677525544
"28735",28734,"13_187_42",34.6488463924434,-83.8900459669908
"28736",28735,"13_187_42",34.6560192872039,-83.8746020563387
"28737",28736,"13_187_42",34.6454714935963,-83.8811446968895
"28738",28737,"13_187_42",34.6446935288848,-83.8737436189155
"28739",28738,"13_187_42",34.6502691970278,-83.873908088419
"28740",28739,"13_187_42",34.6526115328119,-83.881314998452
"28741",28740,"13_187_57",34.6173374521896,-84.1716381228561
"28742",28741,"13_187_57",34.6064264450218,-84.1751063849249
"28743",28742,"13_187_57",34.6026988403224,-84.1718370473304
"28744",28743,"13_187_57",34.6154009533854,-84.179659296759
"28745",28744,"13_187_57",34.6107345990141,-84.1681726368985
"28746",28745,"13_187_57",34.61932795941,-84.1752550091781
"28747",28746,"13_187_57",34.6075169624405,-84.1528441811929
"28748",28747,"13_187_57",34.6106652417,-84.1587004007063
"28749",28748,"13_187_57",34.6069450229782,-84.1793604469388
"28750",28749,"13_187_57",34.6029110490239,-84.1750415658799
"28751",28750,"13_137_41",34.525834401435,-83.4588076651389
"28752",28751,"13_137_41",34.5241064275943,-83.4470896104849
"28753",28752,"13_137_41",34.5176320299382,-83.4402876126433
"28754",28753,"13_137_41",34.5183274246072,-83.452746586145
"28755",28754,"13_137_41",34.518406021338,-83.4537309093249
"28756",28755,"13_137_41",34.5129918277139,-83.4587725787717
"28757",28756,"13_137_41",34.5190334512313,-83.4438874809224
"28758",28757,"13_137_41",34.5167139054428,-83.4531975442223
"28759",28758,"13_137_41",34.5142859570988,-83.4595451787971
"28760",28759,"13_137_41",34.5188643528075,-83.4530748202172
"28761",28760,"13_281_26",34.9499495848008,-83.6014839809919
"28762",28761,"13_281_26",34.9349943711055,-83.6010556608911
"28763",28762,"13_281_26",34.9368201312811,-83.6009154859762
"28764",28763,"13_281_26",34.9483593738872,-83.6063765022986
"28765",28764,"13_281_26",34.9562634160753,-83.5937242132301
"28766",28765,"13_281_26",34.9501143563032,-83.5904434364743
"28767",28766,"13_281_26",34.9418495925513,-83.5909895966145
"28768",28767,"13_281_26",34.9437510126666,-83.5970452438619
"28769",28768,"13_281_26",34.9424233279077,-83.6114575406446
"28770",28769,"13_281_26",34.9456167505181,-83.6118577209776
"28771",28770,"37_75_49",35.344943329432,-83.7079056383514
"28772",28771,"37_75_49",35.3457931419165,-83.7058238465225
"28773",28772,"37_75_49",35.3565689198852,-83.7074511112701
"28774",28773,"37_75_49",35.3365445655212,-83.7125914028707
"28775",28774,"37_75_49",35.3445612833779,-83.7096920952922
"28776",28775,"37_75_49",35.3390227711403,-83.711919483327
"28777",28776,"37_75_49",35.3359782926411,-83.7022865159758
"28778",28777,"37_75_49",35.3449915705932,-83.7120628971659
"28779",28778,"37_75_49",35.3449440686077,-83.7105072488129
"28780",28779,"37_75_49",35.3479752566022,-83.7058339129138
