bio01,bio02,bio03,bio04,bio05,bio06,bio07,bio08,bio09,bio10,bio11,bio12,bio13,bio14,bio15,bio16,bio17,bio18,bio19,plot_ID
132,141,41,7335,298,-40,338,49,138,224,34,1507,161,90,14,440,313,373,411,37_39_63
107,129,40,6920,261,-56,317,28,159,193,15,1860,193,125,10,523,412,448,496,37_43_9
100,124,39,6957,252,-64,316,169,23,186,7,1480,144,105,9,400,330,397,330,37_199_11
97,122,38,6938,248,-66,314,167,20,183,4,1486,145,106,9,402,333,399,333,37_21_56
136,138,40,7486,307,-35,342,213,51,231,37,1264,122,92,9,344,278,340,286,37_23_5
93,117,37,7104,244,-69,313,11,145,181,-2,1877,192,124,10,519,412,460,490,37_75_24
122,138,41,7217,284,-50,334,40,129,212,25,1560,164,94,13,448,324,389,423,37_75_12
106,130,40,7066,263,-61,324,25,158,193,11,1716,178,110,11,481,372,422,455,37_75_17
111,131,40,6987,268,-55,323,109,34,199,18,1434,142,103,9,388,322,375,322,37_111_56
98,119,38,6831,248,-58,306,21,149,184,7,2040,204,148,7,546,472,508,518,37_113_31
91,114,37,6896,237,-65,302,12,142,176,-1,2055,207,146,8,557,469,507,526,37_113_42
128,144,43,7025,290,-44,334,49,135,216,34,1582,168,105,11,452,348,381,425,37_113_20
94,119,38,6926,243,-65,308,15,146,180,1,1957,199,135,9,536,440,481,507,37_113_78
114,132,40,7271,275,-55,330,186,70,204,17,1193,122,78,13,337,252,334,274,37_115_35
116,140,42,7107,277,-56,333,35,123,204,20,1523,160,94,12,429,323,381,402,37_173_81
109,134,40,7103,268,-59,327,29,162,198,14,1615,168,101,11,453,347,402,427,37_173_83
110,132,40,7178,268,-59,327,28,164,199,14,1628,169,101,12,458,346,404,433,37_173_84
95,123,38,7012,249,-67,316,93,102,183,1,1687,170,114,9,455,379,431,422,37_173_87
89,118,37,7036,240,-71,311,87,96,176,-5,1782,179,121,9,480,402,453,447,37_173_88
119,134,40,7271,281,-51,332,36,173,209,22,1617,171,99,13,466,341,396,438,37_39_1
129,141,41,7289,294,-43,337,46,136,220,32,1528,163,92,14,446,318,379,416,37_39_28
133,141,41,7323,300,-38,338,50,140,224,35,1510,162,91,14,443,315,372,412,37_39_57
95,120,38,6906,246,-64,310,93,102,182,3,1768,176,130,8,472,413,456,427,37_87_28
88,113,37,6867,234,-67,301,86,95,173,-4,1973,194,148,7,522,468,504,479,37_99_10
117,134,41,6931,275,-47,322,115,124,204,25,1804,183,132,8,481,418,451,454,37_99_8
89,115,37,6932,237,-70,307,160,-3,176,-3,1620,156,116,9,437,363,434,363,37_21_4
125,132,39,7388,290,-44,334,200,42,218,27,1333,127,95,9,362,291,357,294,37_27_8
111,134,40,7088,272,-56,328,109,117,200,17,1351,139,86,11,370,291,357,333,37_87_37
97,123,39,6905,249,-63,312,19,149,183,5,1852,188,128,9,502,421,462,473,37_173_40
124,140,42,6929,283,-45,328,45,131,210,32,1726,181,119,10,486,388,413,461,37_113_40
98,125,39,7012,251,-65,316,18,104,185,4,1719,175,114,9,468,382,433,440,37_173_44
117,133,40,7053,277,-49,326,206,74,206,24,1357,136,101,10,366,308,366,314,37_21_2
107,125,38,7144,264,-57,321,179,11,196,11,1415,134,100,10,387,309,382,309,37_11_6
120,131,39,7299,285,-47,332,195,38,212,23,1346,129,96,9,367,295,361,296,37_27_45
109,128,39,7062,266,-57,323,105,30,197,14,1438,139,103,9,388,319,383,319,37_111_65
101,126,40,6879,254,-60,314,23,108,186,9,1833,186,127,9,498,416,457,470,37_99_58
105,124,40,6794,256,-52,308,28,156,190,14,2015,203,144,8,546,462,496,521,37_113_36
115,138,42,6939,273,-53,326,36,122,201,22,1690,177,111,11,478,371,410,452,37_113_3
84,115,37,7028,234,-74,308,82,91,172,-10,1822,181,127,8,489,417,465,451,37_173_25
106,133,41,7031,264,-60,324,26,113,194,12,1595,165,104,10,438,350,403,409,37_173_48
98,125,39,7046,252,-66,318,17,150,185,3,1717,175,113,10,469,381,431,441,37_173_15
124,143,42,7157,286,-50,336,42,132,212,27,1468,154,89,13,415,307,370,390,37_173_65
117,131,40,7054,275,-50,325,205,38,205,23,1427,142,108,9,382,328,382,331,37_89_23
99,120,38,6883,249,-59,308,97,106,185,8,1866,184,142,7,494,443,478,451,37_175_48
138,136,39,7573,310,-33,343,216,53,234,38,1256,120,89,10,343,272,341,282,37_27_13
122,137,40,7330,286,-50,336,195,78,213,24,1199,123,81,13,343,256,336,272,37_199_10
123,144,42,7013,286,-49,335,44,130,210,29,1533,163,98,12,437,331,376,409,37_113_77
107,132,40,6992,263,-59,322,27,159,194,13,1747,181,114,11,489,383,428,463,37_173_75
105,129,40,6976,260,-59,319,25,157,192,12,1796,186,118,10,503,395,439,476,37_113_68
98,121,39,6891,248,-61,309,19,149,184,6,1974,201,137,9,543,445,482,515,37_113_16
108,131,40,6956,263,-57,320,29,160,194,15,1806,188,119,11,510,397,436,483,37_43_22
129,143,42,7050,290,-43,333,49,137,216,34,1612,172,101,13,470,342,388,443,37_43_15
113,136,41,7158,273,-57,330,32,121,202,17,1561,163,96,12,439,331,391,413,37_173_39
128,135,40,7256,293,-42,335,126,46,219,32,1335,131,97,9,361,298,354,303,37_111_40
125,141,42,7205,286,-48,334,43,132,214,28,1497,157,89,13,426,310,377,401,37_173_64
75,102,34,6964,216,-80,296,145,-18,162,-18,1611,151,108,11,450,342,446,342,37_11_8
118,139,41,7075,278,-53,331,38,126,206,23,1640,172,102,12,472,349,400,447,37_39_11
111,132,41,6896,266,-53,319,33,117,197,19,1809,185,128,9,491,414,448,464,37_99_17
125,137,40,7351,291,-46,337,200,131,218,28,1214,124,71,14,340,249,334,294,37_87_78
98,126,39,6988,253,-63,316,96,105,186,5,1611,163,109,9,435,360,416,400,37_173_51
101,128,40,6988,257,-62,319,99,108,189,8,1632,166,111,9,440,366,418,408,37_173_27
92,119,38,7003,243,-69,312,162,15,179,-1,1439,139,101,10,401,315,398,317,37_121_18
105,127,39,6970,260,-59,319,103,28,192,12,1414,139,101,9,382,317,379,318,37_21_33
101,126,39,7098,256,-64,320,20,153,189,6,1768,182,115,10,492,386,435,465,37_75_22
107,130,40,6979,262,-58,320,28,159,194,14,1793,186,118,11,505,394,435,478,37_113_32
131,141,41,7299,297,-40,337,48,138,222,34,1513,162,91,14,443,315,375,412,37_39_44
109,130,40,7213,267,-58,325,27,163,199,13,1666,174,104,12,471,354,410,445,37_75_26
110,130,40,7190,268,-57,325,29,164,200,14,1696,178,106,12,483,361,414,455,37_39_12
84,110,36,6872,228,-71,299,81,90,169,-8,1978,193,150,7,523,471,508,476,37_87_49
84,111,37,6881,229,-71,300,82,91,170,-8,1956,192,145,7,519,461,501,475,37_99_55
136,137,40,7513,307,-35,342,213,52,231,37,1265,121,92,9,345,277,341,286,37_23_52
106,127,40,6899,260,-56,316,104,112,193,14,1726,173,127,8,461,402,442,421,37_87_70
134,136,40,7338,300,-36,336,131,51,226,37,1289,127,94,9,349,287,345,294,37_111_30
105,128,40,6970,260,-59,319,102,28,193,12,1443,142,103,9,390,323,383,323,37_199_26
79,111,36,6997,226,-78,304,77,87,166,-14,1847,182,132,8,495,428,476,448,37_87_65
111,128,40,6958,265,-52,317,109,117,198,18,1670,166,128,8,443,396,434,397,37_175_10
125,133,39,7360,291,-44,335,200,42,217,27,1330,128,95,9,362,291,357,295,37_27_7
102,127,40,6953,255,-61,316,22,153,188,9,1835,188,123,10,508,408,451,481,37_113_10
125,136,40,7246,289,-45,334,123,44,216,29,1319,130,96,9,359,294,350,298,37_111_39
124,140,41,7192,286,-49,335,42,131,213,27,1552,163,93,13,446,322,386,422,37_75_46
112,136,41,7039,270,-57,327,32,164,199,17,1662,174,106,11,470,360,407,444,37_75_48
105,128,40,6937,259,-58,317,26,156,191,12,1878,193,128,10,521,420,457,494,37_113_63
125,140,41,7227,286,-48,334,43,132,214,28,1515,159,90,13,433,312,381,409,37_75_37
130,142,42,7180,293,-44,337,48,137,219,33,1462,153,86,14,417,299,371,393,37_75_32
101,123,39,6854,251,-59,310,22,151,186,9,1951,199,135,9,538,439,476,510,37_113_41
101,125,39,6933,253,-61,314,22,153,187,8,1894,194,128,10,525,421,462,498,37_113_61
118,138,42,6968,276,-50,326,39,171,205,25,1734,183,113,12,498,379,413,472,37_43_1
89,118,37,7085,241,-71,312,8,141,178,-5,1809,183,121,9,490,403,454,461,37_173_82
96,123,39,7023,249,-65,314,93,103,184,2,1523,152,106,9,412,344,403,364,37_115_32
108,132,40,7134,268,-59,327,105,115,197,13,1375,141,87,11,378,295,363,339,37_87_42
113,132,41,6853,268,-51,319,35,164,198,21,1859,193,127,10,521,416,446,496,37_113_79
105,128,34,8734,290,-81,371,194,-13,213,-13,1026,112,62,19,319,203,309,203,39_127_4165
117,129,35,8447,297,-65,362,203,3,222,3,1088,120,71,16,325,232,319,232,39_87_1472
116,129,35,8498,297,-67,364,203,2,222,2,1084,119,71,16,323,230,317,230,39_87_8383
118,129,35,8468,299,-64,363,205,4,224,4,1090,121,72,16,326,233,320,233,39_87_12789
105,128,34,8748,290,-82,372,194,-14,213,-14,1025,111,62,19,317,203,304,203,39_73_12472
109,127,35,8549,289,-73,362,195,-7,215,-7,1074,112,68,15,317,221,316,221,39_167_14073
111,129,35,8601,293,-73,366,198,-5,218,-5,1040,110,64,16,312,209,309,209,39_111_13152
110,123,34,8580,289,-71,360,197,-6,216,-6,1049,110,67,15,310,215,310,215,39_167_14052
105,129,34,8770,290,-82,372,195,-14,213,-14,1022,111,62,19,316,201,303,201,39_73_47
109,127,34,8583,290,-75,365,195,-8,215,-8,1048,111,65,16,315,212,311,212,39_111_4162
117,132,35,8529,299,-68,367,204,2,223,2,1062,117,69,17,316,222,311,222,39_53_8375
119,133,36,8499,301,-67,368,205,4,224,4,1061,118,69,17,315,222,311,222,39_53_5288
115,129,35,8547,297,-69,366,203,0,221,0,1068,116,69,16,317,225,312,225,39_87_4550
116,130,35,8492,297,-68,365,202,1,221,1,1083,120,71,17,323,228,318,228,39_87_1217
116,129,35,8508,298,-67,365,203,2,222,2,1070,116,69,16,318,227,313,227,39_145_4036
119,130,35,8491,300,-64,364,205,4,224,4,1069,117,70,16,318,229,313,229,39_87_2686
119,130,35,8495,300,-64,364,206,128,225,5,1062,115,69,16,316,228,311,228,39_87_266
117,131,35,8500,298,-68,366,203,2,222,2,1074,119,70,17,320,225,315,225,39_53_612
119,130,35,8490,300,-65,365,206,5,225,5,1084,120,71,16,324,232,319,232,39_87_638
118,130,35,8503,299,-67,366,204,3,223,3,1078,119,71,16,321,228,316,228,39_87_595
104,128,34,8719,288,-82,370,193,-14,212,-14,1029,112,63,19,319,204,309,204,39_127_629
117,130,35,8422,297,-66,363,203,4,222,4,1093,123,73,16,325,233,321,233,39_87_192
104,128,35,8552,286,-78,364,191,-11,210,-11,1105,117,70,16,332,226,326,226,39_111_7156
120,130,35,8445,301,-62,363,206,129,225,6,1082,120,71,16,324,233,318,233,39_87_11220
107,129,34,8698,292,-79,371,196,-10,215,-10,1013,110,62,19,311,202,298,202,39_9_8312
106,129,34,8701,291,-80,371,195,-11,214,-11,1017,110,62,19,313,202,302,202,39_73_409
118,130,35,8484,299,-64,363,205,4,224,4,1081,119,71,16,322,232,317,232,39_87_12775
107,129,34,8676,292,-78,370,196,-10,215,-10,1019,111,63,18,312,204,303,204,39_9_11689
115,129,35,8488,295,-69,364,202,1,221,1,1085,119,71,16,323,229,318,229,39_87_15693
122,133,36,8471,304,-63,367,208,8,227,8,1075,121,71,16,322,228,317,228,39_87_12778
119,130,35,8414,300,-62,362,205,6,224,6,1088,122,72,16,325,233,320,233,39_87_12785
110,129,35,8523,291,-73,364,196,-5,216,-5,1070,112,67,15,317,220,315,220,39_167_14071
107,125,34,8573,287,-76,363,193,-10,213,-10,1060,112,66,16,318,215,315,215,39_111_15730
106,129,34,8794,292,-82,374,195,-14,214,-14,1016,111,61,20,315,199,302,199,39_127_2815
109,128,34,8592,291,-75,366,196,-7,216,-7,1056,111,66,16,316,214,312,214,39_111_511
118,129,35,8470,299,-64,363,205,4,224,4,1092,121,72,16,326,234,320,234,39_87_4677
108,130,34,8722,293,-79,372,196,-10,215,-10,1001,109,61,19,308,199,295,199,39_73_3185
104,126,34,8684,286,-80,366,192,-14,211,-14,1027,115,62,20,322,202,314,202,39_127_1162
106,126,34,8600,287,-77,364,193,-10,213,-10,1057,112,66,16,319,213,314,213,39_111_3424
117,130,35,8530,298,-67,365,204,2,223,2,1078,119,71,16,321,228,316,228,39_87_2263
108,127,35,8537,288,-74,362,194,-8,214,-8,1081,113,69,15,320,223,318,223,39_167_3191
120,130,35,8492,302,-63,365,206,129,226,6,1063,116,69,16,317,228,312,228,39_87_8391
119,130,35,8440,300,-64,364,205,128,224,6,1088,121,71,16,326,234,320,234,39_87_8054
103,128,34,8780,289,-84,373,193,-16,212,-16,1028,111,62,20,320,202,308,202,39_127_8297
119,130,35,8448,301,-64,365,205,128,225,6,1072,117,70,16,320,230,314,231,39_87_8394
106,129,34,8754,291,-82,373,194,-13,213,-13,1019,111,62,19,315,201,302,201,39_73_8306
111,125,34,8549,291,-70,361,198,-4,217,-4,1064,111,69,15,312,222,312,222,39_167_14076
104,128,34,8734,288,-83,371,193,-14,212,-14,1028,111,62,19,319,203,308,203,39_127_13404
121,131,35,8489,304,-62,366,208,130,227,8,1073,119,70,16,321,230,316,231,39_87_12792
108,130,35,8689,293,-78,371,197,-9,216,-9,1010,109,62,18,309,202,297,202,39_9_11693
116,129,35,8463,295,-68,363,202,2,221,2,1093,122,72,16,325,231,320,231,39_53_2780
118,131,35,8477,299,-66,365,204,4,223,4,1080,121,71,17,323,228,318,228,39_87_2049
118,129,35,8520,299,-65,364,205,3,224,3,1064,114,69,16,315,228,310,228,39_145_3125
108,124,34,8597,288,-75,363,195,-9,214,-9,1044,111,65,16,314,210,311,210,39_121_5629
120,131,35,8478,301,-64,365,207,6,226,6,1083,121,71,16,324,232,319,232,39_87_614
117,129,35,8497,298,-66,364,204,2,222,2,1082,119,71,16,323,229,317,229,39_87_571
113,129,35,8553,295,-70,365,200,-2,219,-2,1051,109,67,15,308,218,308,218,39_167_3819
118,131,35,8532,300,-67,367,205,3,224,3,1074,120,70,17,320,225,316,225,39_53_361
106,126,34,8591,287,-77,364,193,-10,213,-10,1059,112,66,16,319,213,315,213,39_111_2349
111,128,35,8594,293,-72,365,198,-5,218,-5,1035,109,64,16,309,209,307,209,39_167_2121
106,127,34,8685,289,-78,367,194,-12,213,-12,1023,114,63,19,318,203,311,203,39_127_5693
107,129,34,8682,290,-79,369,196,-10,215,-10,1020,111,63,18,313,204,303,204,39_9_3039
107,125,34,8619,288,-76,364,194,-10,214,-10,1038,111,64,17,314,208,310,208,39_111_3233
104,129,34,8784,290,-84,374,193,-15,212,-15,1025,111,62,19,318,202,305,202,39_127_2746
117,129,35,8503,298,-66,364,203,3,223,3,1072,116,70,16,318,229,313,229,39_145_4087
109,125,34,8616,290,-74,364,196,-8,216,-8,1034,110,64,17,311,208,309,208,39_121_2759
108,126,34,8525,287,-75,362,194,-8,213,-8,1081,113,69,15,320,223,318,223,39_167_5386
110,125,34,8512,289,-71,360,196,-6,215,-6,1076,112,69,15,316,224,316,224,39_167_4441
117,132,35,8516,299,-69,368,204,2,223,2,1064,118,69,17,317,222,312,222,39_53_2769
117,130,35,8462,298,-67,365,203,3,222,3,1081,121,71,16,323,228,318,228,39_87_1349
120,130,35,8468,302,-63,365,206,6,226,6,1080,120,71,16,324,232,318,232,39_87_3919
108,127,34,8573,289,-75,364,195,-8,214,-8,1053,111,66,16,315,213,312,213,39_111_4244
109,130,35,8700,294,-77,371,198,-8,217,-8,1000,108,61,19,307,200,295,200,39_9_3882
107,127,34,8726,289,-80,369,195,-12,214,-12,1040,114,62,19,318,202,304,202,39_163_8639
106,128,34,8719,290,-81,371,195,-12,214,-12,1028,113,62,19,315,202,301,202,39_73_8322
119,131,35,8459,300,-65,365,205,5,224,5,1081,120,71,16,323,230,318,230,39_87_8381
107,129,34,8730,292,-81,373,195,-12,214,-12,1010,111,61,19,312,200,298,200,39_73_8307
115,129,35,8500,296,-69,365,202,1,221,1,1083,119,71,16,322,228,317,228,39_87_12767
104,126,34,8684,286,-80,366,192,-14,211,-14,1027,115,62,20,322,202,314,202,39_127_13401
109,123,34,8556,288,-73,361,196,-7,215,-7,1067,112,68,15,316,220,315,220,39_167_14051
120,130,35,8503,302,-63,365,207,129,225,5,1050,113,67,16,311,225,306,225,39_145_13694
121,131,35,8493,304,-62,366,208,130,227,7,1066,117,70,16,318,229,313,229,39_87_12793
104,128,34,8771,288,-83,371,193,-15,212,-15,1029,112,62,20,321,202,310,202,39_127_3899
106,128,34,8665,289,-80,369,194,-11,213,-11,1026,111,63,18,314,205,304,205,39_9_1903
105,125,34,8611,286,-79,365,191,-12,211,-12,1049,112,65,17,319,210,313,210,39_111_1027
117,130,35,8464,298,-67,365,203,3,222,3,1091,122,72,17,326,230,321,230,39_87_4283
107,128,34,8698,290,-78,368,195,-11,214,-11,1020,113,63,19,316,203,308,203,39_9_2639
106,129,34,8729,291,-81,372,195,-12,214,-12,1018,110,62,19,313,202,301,202,39_73_2719
115,129,35,8515,296,-68,364,202,0,221,0,1081,118,71,16,321,228,315,228,39_87_2361
120,131,35,8480,301,-64,365,206,6,225,6,1074,119,70,16,322,229,316,229,39_87_927
105,126,34,8627,286,-79,365,192,-12,212,-12,1054,112,65,17,319,211,314,211,39_111_3729
105,127,34,8517,286,-78,364,191,-10,211,-10,1097,116,69,16,329,224,324,224,39_111_1202
104,128,34,8754,290,-82,372,193,-14,213,-14,1027,111,62,19,318,203,306,203,39_127_2058
109,124,34,8562,288,-73,361,196,-7,215,-7,1073,112,69,15,316,222,316,222,39_167_1630
116,130,35,8542,297,-69,366,203,0,222,0,1068,117,70,17,318,224,313,224,39_87_3339
119,131,35,8515,301,-66,367,206,4,224,4,1065,117,69,16,317,226,312,226,39_87_6997
119,130,35,8485,300,-65,365,205,5,225,5,1069,117,70,16,318,229,313,229,39_87_5020
110,130,35,8712,294,-77,371,198,-8,218,-8,1004,109,62,18,308,201,296,201,39_9_3333
117,132,36,8500,299,-67,366,204,3,223,3,1074,120,70,17,320,225,316,225,39_53_3860
115,127,34,8502,294,-69,363,201,0,220,0,1090,118,71,16,324,232,318,232,39_87_5651
108,128,35,8525,288,-76,364,194,-8,213,-8,1080,113,68,15,322,221,318,221,39_167_2541
118,130,35,8459,299,-64,363,205,4,223,4,1089,121,72,16,325,232,319,232,39_87_11243
108,127,34,8596,288,-76,364,194,-9,214,-9,1058,112,66,16,318,213,314,213,39_111_13153
107,129,34,8712,290,-80,370,195,-11,214,-11,1017,110,62,19,313,202,302,202,39_73_12469
118,130,35,8489,299,-66,365,205,3,223,3,1080,120,71,16,322,228,317,228,39_87_12770
105,127,34,8565,286,-78,364,191,-11,211,-11,1074,114,67,16,325,217,318,217,39_111_212
107,129,34,8714,291,-78,369,195,-11,215,-11,1017,112,62,19,316,202,307,202,39_127_592
85,120,35,7880,248,-91,339,165,97,181,-22,1397,144,100,10,394,320,386,321,54_83_1109
123,136,41,7032,283,-43,326,121,129,212,30,1641,164,122,8,433,384,425,399,37_175_7
98,120,39,6871,248,-59,307,96,105,184,7,1910,189,143,7,506,451,485,468,37_99_32
98,118,38,6869,247,-59,306,95,104,184,7,1942,192,147,7,513,461,494,474,37_175_19
93,118,37,7151,245,-69,314,11,145,182,-3,1852,190,122,10,511,405,455,482,37_75_10
104,127,39,7094,260,-61,321,23,157,192,9,1778,185,115,11,501,386,434,473,37_39_3
105,130,40,7011,262,-59,321,102,111,192,11,1533,157,103,10,415,341,397,380,37_87_18
100,124,38,7163,255,-66,321,18,152,189,4,1732,178,111,11,480,374,430,453,37_173_90
98,125,39,7045,253,-65,318,96,105,186,4,1567,158,105,9,424,349,408,386,37_87_87
94,118,38,6924,243,-66,309,165,2,181,2,1589,153,113,9,428,354,426,354,37_111_63
83,119,35,7849,244,-93,337,163,94,178,-24,1440,148,105,10,404,327,395,334,54_75_1981
77,115,34,7898,239,-97,336,157,-30,173,-30,1364,135,98,9,380,309,372,309,54_75_2006
78,117,34,7876,242,-95,337,158,-29,174,-29,1287,126,92,9,357,286,348,286,54_75_2017
79,116,34,7848,240,-95,335,159,89,174,-28,1438,145,106,9,399,332,389,333,54_75_2023
76,114,34,7904,238,-97,335,156,-32,172,-32,1359,133,98,8,377,307,367,307,54_75_2024
73,112,33,7797,232,-98,330,153,-33,168,-33,1448,144,107,9,401,332,390,332,54_75_2059
80,117,34,7817,241,-94,335,159,-27,175,-27,1397,141,103,9,389,321,379,321,54_75_2161
80,117,34,7819,241,-94,335,160,91,175,-27,1405,144,103,10,395,321,386,322,54_75_2164
83,119,35,7884,245,-92,337,164,95,179,-24,1455,149,107,10,406,330,397,340,54_75_2169
83,120,35,7859,246,-91,337,163,95,179,-24,1391,143,102,10,390,318,381,320,54_75_2235
90,125,36,7922,258,-87,345,170,-17,187,-17,1241,129,86,11,353,274,347,274,54_75_2249
82,120,35,7845,245,-92,337,163,-24,178,-24,1365,140,100,10,383,312,374,312,54_75_2250
89,126,36,7923,258,-86,344,169,-18,187,-18,1227,124,87,9,342,273,333,273,54_75_2295
69,109,33,7829,227,-102,329,149,-38,164,-38,1489,145,110,8,409,343,397,343,54_75_2323
72,110,33,7823,230,-99,329,152,83,167,-34,1499,150,111,9,417,346,406,347,54_75_2351
88,124,36,7910,255,-88,343,168,-20,185,-20,1259,129,89,10,355,281,347,281,54_75_2512
95,132,37,7951,266,-85,351,175,-13,192,-13,1219,130,86,12,350,272,345,272,54_75_2477
84,121,35,7869,247,-92,339,164,95,180,-23,1390,144,101,10,392,316,384,319,54_75_2491
73,112,33,7908,234,-99,333,153,-34,170,-34,1390,135,100,8,384,315,374,315,54_75_2500
79,116,34,7907,242,-95,337,160,-28,176,-28,1389,139,99,10,391,317,384,317,54_83_570
76,114,33,7915,239,-97,336,157,-31,173,-31,1400,138,100,9,393,319,384,319,54_83_687
80,118,34,7936,246,-93,339,161,-27,178,-27,1292,129,90,10,367,287,360,287,54_83_693
78,115,34,7891,239,-96,335,158,-30,174,-30,1431,143,104,9,399,330,390,330,54_83_806
74,112,33,7871,234,-99,333,154,-34,169,-34,1439,141,105,8,398,331,388,331,54_83_854
77,115,34,7893,240,-96,336,157,-30,173,-30,1338,132,95,9,374,301,366,301,54_83_992
75,116,34,7961,240,-98,338,156,-33,172,-33,1384,136,98,10,391,315,383,315,54_83_1083
69,109,32,7880,228,-103,331,150,-38,165,-38,1474,143,108,8,406,340,395,340,54_83_1109
83,119,35,7939,249,-91,340,163,-25,180,-25,1257,126,87,11,359,277,353,277,54_83_1402
78,116,34,7911,242,-96,338,158,-29,175,-29,1324,131,93,9,372,297,364,297,54_83_1421
78,115,34,7927,240,-96,336,158,-30,174,-30,1404,140,101,9,394,321,385,321,54_83_1454
80,117,34,7918,245,-94,339,160,-27,177,-27,1286,128,90,10,364,286,357,286,54_83_1458
105,132,35,8410,289,-79,368,191,-7,211,-7,929,94,57,16,277,175,272,175,54_27_2028
86,120,35,7880,248,-90,338,166,97,182,-21,1404,145,101,10,396,320,388,323,54_83_1783
75,112,33,7877,234,-98,332,155,-33,170,-33,1467,145,108,9,406,340,396,340,54_83_1803
93,126,36,7946,261,-84,345,173,-15,191,-15,1265,134,85,13,369,276,366,276,54_83_1918
76,115,34,7920,239,-97,336,157,-31,173,-31,1357,134,97,9,380,307,371,307,54_83_2038
96,130,37,8026,269,-81,350,177,-12,195,-12,1198,125,79,14,354,256,352,256,54_83_2066
74,112,33,7880,234,-99,333,155,86,170,-33,1464,145,107,9,407,339,397,339,54_83_2067
84,123,35,7978,254,-90,344,165,-23,183,-23,1280,128,88,11,369,284,362,284,54_83_2115
86,122,35,7932,254,-89,343,166,-22,183,-22,1250,127,85,11,360,274,354,274,54_83_2222
79,116,34,7903,241,-95,336,160,-28,175,-28,1417,142,103,9,395,326,386,326,54_83_2276
75,114,33,7921,238,-98,336,156,-32,172,-32,1312,128,93,9,366,292,358,292,54_83_2332
79,117,34,7918,243,-95,338,159,-28,176,-28,1333,133,94,10,376,299,368,299,54_83_2392
85,123,35,7954,254,-88,342,166,-22,184,-22,1249,126,85,11,360,274,355,274,54_83_2428
86,123,35,7974,255,-88,343,167,-22,184,-22,1295,131,89,12,374,288,369,288,54_83_2473
77,114,34,7879,238,-97,335,158,89,173,-30,1456,145,107,9,403,338,393,338,54_83_2497
83,119,35,7849,245,-91,336,163,93,179,-24,1392,145,101,11,395,315,387,318,54_25_509
93,129,37,7864,263,-82,345,173,-13,190,-13,1136,117,82,11,323,251,317,251,54_25_865
94,132,37,7921,267,-83,350,175,-13,192,-13,1165,120,83,11,329,259,323,259,54_25_125
92,122,34,8228,267,-86,353,175,-19,194,-19,1032,104,65,15,300,200,292,200,54_31_229
95,127,35,8137,272,-83,355,178,-14,197,-14,994,100,62,15,291,192,286,192,54_31_395
99,128,35,8319,279,-82,361,184,-12,203,-12,968,98,60,16,286,184,280,184,54_31_990
93,121,34,8277,268,-86,354,177,-19,196,-19,1018,103,64,15,298,197,289,197,54_31_1316
98,128,35,8227,276,-82,358,181,-13,200,-13,978,99,60,16,288,186,282,186,54_31_1361
93,125,35,8156,269,-85,354,176,-17,194,-17,1009,102,63,15,296,195,289,195,54_31_1366
70,115,33,7979,238,-101,339,152,-37,169,-37,1333,127,94,9,375,298,365,298,54_93_43
70,115,34,7969,237,-101,338,151,-37,168,-37,1319,126,92,9,371,292,361,292,54_93_218
77,118,34,7941,245,-96,341,158,89,174,-31,1364,134,96,10,387,309,379,310,54_93_238
93,128,36,8092,268,-81,349,175,105,194,-15,1259,129,85,13,371,276,364,277,54_93_424
99,131,37,8126,276,-76,352,181,-9,201,-9,1223,127,82,14,364,266,359,266,54_93_569
92,126,36,8100,266,-83,349,174,103,192,-17,1289,132,87,13,378,283,372,286,54_93_668
74,116,34,7969,240,-98,338,155,87,172,-34,1400,137,99,10,396,318,387,320,54_93_824
75,119,34,7957,244,-97,341,156,-32,173,-32,1354,131,95,10,383,307,374,307,54_93_857
87,125,36,8068,260,-87,347,169,99,186,-22,1307,132,88,13,380,284,373,294,54_93_887
98,128,35,8255,277,-83,360,182,-13,200,-13,970,99,60,16,288,185,281,185,54_31_1618
102,130,35,8270,283,-80,363,186,-9,205,-9,952,97,59,16,283,181,277,181,54_31_1695
99,130,36,8222,279,-82,361,183,-11,202,-11,957,97,59,16,284,182,279,182,54_31_2154
94,126,35,8123,270,-84,354,176,-16,194,-16,1006,101,63,15,295,194,289,194,54_31_2466
96,129,36,8132,273,-79,352,178,107,197,-13,1236,127,83,13,365,271,358,271,54_93_1415
87,124,35,8027,258,-87,345,168,98,186,-21,1293,131,89,12,376,286,370,289,54_93_1962
73,118,34,7966,242,-99,341,154,-35,171,-35,1351,130,95,10,382,306,371,306,54_93_2126
74,119,35,7928,242,-98,340,154,-34,171,-34,1356,131,95,10,384,307,374,307,54_93_2147
79,121,35,7971,249,-94,343,160,91,177,-29,1347,132,94,11,384,301,375,306,54_93_2493
101,136,38,7990,277,-76,353,183,-6,201,-6,1078,111,77,11,306,236,301,236,54_25_1173
92,127,36,7881,262,-83,345,171,-15,189,-15,1191,119,86,9,331,264,323,264,54_25_1274
95,131,37,7917,268,-81,349,176,-12,193,-12,1155,118,83,10,324,256,317,256,54_25_1285
95,132,37,7912,268,-82,350,175,-12,193,-12,1144,118,82,11,323,254,317,254,54_25_1303
95,130,37,7873,266,-79,345,175,-11,192,-11,1117,114,80,11,316,245,310,245,54_25_1331
100,136,38,7934,275,-77,352,180,-7,198,-7,1070,112,76,12,307,235,303,235,54_25_1389
89,124,36,7850,256,-84,340,168,-17,185,-17,1223,122,89,9,338,272,330,272,54_25_1561
100,134,37,7940,275,-78,353,180,-7,198,-7,1102,113,79,11,311,242,305,242,54_25_1597
101,137,38,7982,277,-78,355,182,-6,200,-6,1074,113,76,12,309,236,305,236,54_25_1716
88,125,36,7828,255,-86,341,167,-18,184,-18,1216,124,88,10,342,272,335,272,54_25_2137
84,120,35,7863,246,-92,338,164,94,179,-23,1419,149,103,11,403,319,395,326,54_101_314
75,119,34,8034,246,-98,344,157,87,174,-34,1365,133,95,11,389,303,379,310,54_77_1491
88,125,35,8114,263,-86,349,170,100,189,-21,1273,128,86,13,370,276,363,284,54_77_1849
91,124,36,7912,256,-86,342,171,-16,188,-16,1319,139,91,12,381,293,376,293,54_83_15
71,112,33,7924,235,-101,336,152,-36,168,-36,1338,128,95,9,372,298,363,298,54_83_53
80,117,34,7921,244,-94,338,160,-27,177,-27,1361,137,97,10,384,309,376,309,54_83_116
83,119,35,7922,248,-92,340,163,-24,180,-24,1301,132,91,10,370,290,364,290,54_83_214
71,112,33,7920,234,-101,335,152,-36,168,-36,1348,130,96,9,375,301,365,301,54_83_260
74,113,33,7929,237,-99,336,155,-33,171,-33,1352,132,96,9,377,304,367,304,54_83_265
87,124,35,7998,257,-88,345,168,-21,186,-21,1302,133,89,12,379,289,374,289,54_83_340
92,126,36,7928,258,-85,343,172,-15,189,-15,1310,140,90,12,379,292,374,292,54_83_343
86,121,35,7864,250,-90,340,166,98,182,-21,1433,151,103,11,407,322,400,329,54_101_517
86,122,35,7875,250,-90,340,166,97,182,-21,1375,145,99,11,391,311,384,313,54_101_689
84,120,35,7871,247,-92,339,165,95,180,-23,1436,150,104,11,406,324,398,331,54_101_705
99,132,37,7947,269,-81,350,180,-9,196,-9,1321,147,90,14,389,289,386,289,54_101_963
82,118,35,7868,243,-93,336,162,93,177,-25,1470,152,108,10,413,332,404,342,54_101_1081
96,129,37,7908,264,-83,347,176,-12,192,-12,1331,146,92,13,389,294,385,294,54_101_1632
79,115,34,7862,238,-95,333,159,90,174,-28,1526,155,112,10,425,345,415,359,54_101_1753
78,114,34,7832,238,-95,333,158,89,173,-29,1453,150,106,10,410,329,401,334,54_101_1823
89,123,36,7885,253,-87,340,169,100,185,-19,1396,150,99,12,402,313,396,315,54_101_2201
88,122,35,7887,250,-89,339,168,99,183,-20,1444,154,103,12,413,324,406,330,54_101_2438
94,128,37,7904,262,-83,345,174,-14,191,-14,1338,147,93,13,390,297,386,297,54_101_2463
90,125,36,7977,263,-84,347,171,-17,190,-17,1047,104,68,13,302,208,297,208,54_71_165
68,110,32,7949,231,-103,334,149,-40,165,-40,1363,130,97,8,378,304,367,304,54_71_261
96,129,37,7892,269,-79,348,176,-10,194,-10,1031,103,68,12,291,209,286,209,54_71_494
87,122,35,7953,259,-86,345,168,-19,186,-19,1080,106,71,12,307,218,301,218,54_71_525
101,134,37,8018,279,-76,355,182,-7,201,-7,990,104,62,15,295,194,292,194,54_71_583
86,124,35,7917,258,-88,346,167,-20,184,-20,1128,113,75,12,325,236,320,236,54_71_822
72,112,33,7906,235,-100,335,152,-35,168,-35,1322,127,94,8,368,294,358,294,54_71_904
81,122,35,7941,252,-93,345,162,-26,179,-26,1213,119,83,11,347,263,339,263,54_71_999
63,109,32,7920,225,-107,332,143,-45,160,-45,1401,132,100,8,389,313,377,313,54_71_1141
94,127,36,7928,268,-80,348,174,-12,193,-12,1030,103,67,13,293,206,288,206,54_71_1163
100,133,37,7971,277,-78,355,181,-7,199,-7,996,104,63,15,296,196,293,196,54_71_1176
103,134,37,7967,281,-73,354,184,-3,203,-3,936,98,58,16,277,178,275,178,54_71_1217
102,133,37,7935,279,-74,353,182,-4,201,-4,959,99,60,15,279,186,276,186,54_71_1228
80,119,34,7925,248,-93,341,160,-27,178,-27,1243,122,86,10,353,273,346,273,54_71_1326
70,112,33,7900,232,-101,333,150,-37,167,-37,1350,130,96,8,375,301,365,301,54_71_1349
90,124,35,7940,259,-86,345,170,-17,188,-17,1095,111,73,11,313,229,308,229,54_71_1729
80,117,34,7923,245,-94,339,160,-27,177,-27,1238,122,86,9,348,271,340,271,54_71_1765
80,117,34,7901,247,-91,338,161,-26,179,-26,1175,112,80,10,325,246,317,246,54_71_1785
90,124,35,7943,261,-84,345,171,-17,189,-17,1063,105,70,13,302,214,296,214,54_71_2071
72,112,33,7907,235,-100,335,152,-35,168,-35,1320,127,93,9,367,292,357,292,54_71_2120
98,130,37,7932,273,-77,350,179,-8,197,-8,985,100,63,14,285,193,281,193,54_71_2297
83,119,34,7931,250,-92,342,163,-24,181,-24,1188,118,82,10,334,257,327,257,54_71_2314
66,111,33,7915,229,-105,334,146,-42,163,-42,1381,131,98,8,384,309,373,309,54_71_2425
84,120,35,7923,249,-91,340,165,-23,181,-23,1308,133,92,10,370,293,364,293,54_75_84
89,126,36,7899,257,-87,344,169,-18,186,-18,1260,129,90,10,353,283,345,283,54_75_85
76,115,34,7891,239,-96,335,156,-31,173,-31,1307,128,93,9,364,291,355,291,54_75_88
81,118,34,7909,245,-93,338,161,-26,178,-26,1317,132,93,10,371,296,364,296,54_75_121
98,135,38,7990,272,-82,354,178,-10,196,-10,1146,120,81,11,326,255,321,255,54_75_155
81,119,35,7895,245,-93,338,161,-26,177,-26,1298,128,93,9,359,291,349,291,54_75_200
84,121,35,7857,247,-91,338,164,96,180,-23,1409,145,103,10,395,321,386,325,54_75_202
93,129,36,7956,263,-86,349,173,-15,190,-15,1235,128,88,10,347,277,340,277,54_75_212
89,125,36,7926,257,-88,345,169,-18,186,-18,1268,131,90,10,358,284,350,284,54_75_329
91,129,37,7938,261,-86,347,171,-16,189,-16,1225,126,88,10,344,275,336,275,54_75_349
76,113,34,7844,235,-97,332,156,87,171,-31,1474,147,109,9,408,341,397,343,54_75_398
78,116,34,7925,241,-96,337,158,-29,175,-29,1328,131,95,9,370,299,362,299,54_75_449
75,113,34,7832,234,-97,331,155,86,170,-32,1476,148,109,9,410,341,399,342,54_75_470
87,122,35,7913,254,-89,343,167,-20,184,-20,1238,126,86,10,350,273,343,273,54_75_596
85,122,35,7867,251,-89,340,165,-22,181,-22,1289,129,94,9,357,291,347,291,54_75_777
89,126,36,7906,257,-88,345,169,-18,186,-18,1264,129,91,10,354,285,346,285,54_75_793
85,120,35,7904,249,-90,339,164,-23,182,-23,1298,132,91,10,367,290,360,290,54_75_1103
74,112,33,7810,233,-98,331,154,-33,169,-33,1447,146,107,9,404,333,393,333,54_75_1144
80,117,35,7840,241,-93,334,160,91,176,-27,1438,148,106,10,404,327,395,332,54_75_1281
76,113,34,7845,234,-98,332,156,87,171,-31,1505,151,111,9,418,345,407,351,54_75_1340
91,128,36,7926,262,-85,347,172,-16,189,-16,1208,123,87,10,337,270,330,270,54_75_1341
78,116,34,7860,241,-95,336,158,-29,174,-29,1327,130,96,8,366,298,355,298,54_75_1379
96,131,37,7963,269,-81,350,177,-12,194,-12,1161,118,83,10,324,256,317,256,54_75_1463
81,116,34,7870,241,-94,335,161,93,176,-26,1488,151,110,9,414,338,404,349,54_75_1495
72,112,33,7860,233,-99,332,152,-34,168,-34,1379,133,100,8,378,311,367,311,54_75_1725
93,130,37,7924,265,-83,348,174,-14,191,-14,1190,121,85,10,333,265,325,265,54_75_1747
72,111,33,7871,232,-100,332,153,-35,168,-35,1472,144,108,8,405,340,394,340,54_75_1763
73,111,33,7812,230,-99,329,152,-34,168,-34,1462,146,108,9,406,336,395,336,54_75_1788
84,121,35,7867,247,-90,337,164,-23,180,-23,1349,140,98,11,381,307,373,307,54_75_1815
72,111,33,7808,230,-99,329,153,-34,167,-34,1485,148,110,9,412,343,401,343,54_75_1871
75,113,33,7885,236,-98,334,156,-32,171,-32,1439,142,105,8,398,332,388,332,54_75_1903
74,114,34,7884,237,-98,335,155,-32,171,-32,1352,131,98,8,372,304,361,304,54_75_1915
81,123,35,7986,254,-92,346,163,-26,180,-26,1206,119,82,11,346,261,338,261,54_23_292
88,126,36,7981,262,-86,348,169,-20,187,-20,1141,115,76,12,332,241,326,241,54_23_2064
88,126,36,7953,262,-86,348,169,-19,187,-19,1111,112,74,13,323,231,318,231,54_23_2193
99,133,37,8045,277,-79,356,180,-9,199,-9,1019,106,65,15,303,204,299,204,54_23_2282
110,132,41,6935,267,-53,320,32,116,197,18,1711,175,121,9,460,390,432,430,37_99_38
103,125,40,6899,255,-57,312,101,109,189,11,1803,181,131,8,481,419,458,445,37_99_46
116,128,40,6861,269,-45,314,114,167,202,25,2030,205,153,8,539,476,499,513,37_99_40
96,122,39,6898,247,-64,311,17,146,181,3,1881,190,131,8,508,430,471,478,37_99_16
108,133,41,6927,265,-57,322,29,115,194,16,1654,170,112,9,452,369,416,423,37_99_28
106,124,39,6876,258,-53,311,104,157,192,15,1968,197,147,7,522,463,493,490,37_99_44
90,115,37,6881,237,-67,304,88,97,175,-2,1929,190,144,7,511,456,493,469,37_99_11
110,128,34,8596,292,-75,367,196,-7,216,-7,1045,110,65,16,314,211,310,211,39_111_527
111,130,35,8675,295,-75,370,199,-6,218,-6,1006,110,63,18,306,204,298,204,39_9_1653
105,128,34,8700,289,-82,371,194,-13,213,-13,1029,112,62,19,317,203,304,203,39_9_2805
111,123,34,8583,290,-70,360,198,-5,217,-5,1041,109,66,16,308,213,308,213,39_167_2526
118,136,41,7102,279,-51,330,116,39,207,24,1357,135,98,9,370,304,356,306,37_111_31
102,126,39,6962,256,-61,317,99,25,189,9,1468,143,104,9,396,326,391,326,37_111_4
124,135,40,7222,288,-45,333,122,43,215,28,1341,132,97,9,364,299,355,303,37_111_28
111,129,39,7078,268,-55,323,108,32,200,17,1438,140,103,9,388,320,380,320,37_111_18
121,132,40,7000,278,-45,323,119,126,208,28,1818,181,136,8,479,431,461,447,37_175_51
108,132,40,7077,267,-58,325,106,115,196,14,1379,141,89,11,377,299,364,339,37_87_40
120,136,40,7231,283,-50,333,118,126,210,23,1226,126,74,13,340,255,334,297,37_87_4
112,134,40,7126,273,-56,329,109,118,201,17,1296,133,83,12,356,278,348,314,37_87_69
105,129,40,6971,261,-58,319,102,111,193,12,1514,154,104,9,410,340,396,368,37_87_60
90,116,38,6901,239,-66,305,88,97,176,-2,1884,186,140,7,500,444,484,456,37_87_62
120,138,41,7217,284,-50,334,118,126,210,24,1226,127,75,13,339,257,332,298,37_87_75
81,108,36,6878,225,-73,298,78,-11,167,-11,1984,193,152,6,524,473,511,473,37_87_54
84,109,36,6889,229,-71,300,81,91,170,-8,1985,194,151,7,525,474,510,476,37_87_43
107,127,40,6943,261,-55,316,104,113,194,14,1672,167,125,8,446,391,433,402,37_87_22
108,133,40,7046,267,-58,325,106,114,197,15,1424,146,93,10,388,311,373,352,37_87_19
106,131,40,7021,263,-59,322,103,112,194,12,1490,153,99,10,405,329,386,370,37_87_1
89,118,37,6984,240,-71,311,87,96,176,-4,1709,170,120,8,460,391,442,416,37_87_66
80,112,36,6994,228,-77,305,78,87,167,-13,1799,177,129,8,483,417,466,433,37_87_7
97,125,39,7063,253,-66,319,95,104,185,3,1578,159,105,9,427,351,410,390,37_87_55
118,131,35,8464,299,-65,364,204,4,224,4,1087,122,72,16,325,231,320,231,39_87_8041
111,126,34,8591,292,-72,364,199,-5,218,-5,1041,109,66,16,309,213,308,213,39_167_7351
107,126,34,8536,287,-75,362,194,-8,213,-8,1083,113,69,15,321,223,319,223,39_167_14072
109,128,40,6975,264,-54,318,107,66,196,16,1543,154,116,9,412,358,407,363,37_21_17
109,128,40,7004,264,-55,319,107,66,197,16,1523,152,115,9,407,352,403,356,37_21_64
133,136,40,7400,301,-37,338,130,49,226,35,1303,127,95,9,353,288,347,295,37_23_48
135,137,40,7483,305,-36,341,212,51,230,36,1274,123,93,9,347,279,343,288,37_23_26
120,134,41,6974,278,-45,323,118,126,208,28,1838,185,139,8,488,432,462,456,37_175_11
107,125,39,6957,260,-55,315,105,112,194,14,1751,174,134,7,465,415,452,419,37_175_43
123,136,41,7040,283,-45,328,121,129,212,30,1601,160,119,8,422,373,417,389,37_175_58
129,135,41,6979,287,-37,324,50,135,216,36,1845,188,138,9,495,427,457,473,37_175_6
86,111,37,6867,231,-68,299,84,45,172,-5,1964,192,150,7,519,469,505,470,37_175_35
114,130,40,7013,271,-50,321,112,72,203,21,1506,150,115,9,401,350,399,353,37_89_39
118,133,40,7027,277,-48,325,207,75,207,25,1402,141,105,10,376,321,376,327,37_89_27
115,129,35,8537,296,-69,365,201,-1,221,-1,1063,115,69,16,315,223,309,223,39_79_12636
117,130,35,8482,298,-67,365,203,3,222,3,1083,121,71,16,323,228,318,228,39_87_12769
118,129,35,8502,299,-65,364,205,127,224,4,1066,115,69,16,316,229,311,229,39_145_13692
114,128,39,7272,275,-53,328,188,17,205,17,1372,130,97,9,375,299,368,299,37_27_28
124,135,41,7078,284,-44,328,213,44,213,30,1447,144,108,9,387,337,387,341,37_89_14
106,129,34,8735,291,-81,372,195,-12,214,-12,1018,110,62,19,314,202,302,202,39_73_15675
112,130,40,7057,269,-55,324,109,33,200,17,1434,141,103,9,387,320,378,320,37_23_23
121,132,39,7281,284,-47,331,118,40,213,24,1363,132,98,9,368,302,363,304,37_23_27
120,132,39,7219,284,-48,332,117,40,211,25,1371,133,99,9,370,304,364,307,37_23_2
141,138,40,7496,313,-29,342,219,57,236,43,1261,122,90,9,340,281,337,295,37_23_34
112,132,40,6976,268,-55,323,110,34,199,19,1410,140,101,9,383,316,370,316,37_111_32
113,133,40,7012,271,-54,325,110,34,201,19,1408,140,102,9,382,317,367,318,37_111_51
105,127,39,7052,262,-59,321,177,27,194,11,1435,139,102,9,388,317,385,317,37_111_47
137,136,40,7386,305,-33,338,135,54,231,40,1302,128,96,9,352,291,347,300,37_111_52
121,136,41,7091,282,-47,329,119,42,210,27,1309,130,93,10,357,290,348,292,37_111_25
105,128,34,8749,289,-82,371,194,-14,213,-14,1034,114,62,19,318,203,303,203,39_73_12480
128,135,39,7434,296,-42,338,204,45,222,30,1299,124,93,9,355,284,350,289,37_27_15
123,132,39,7347,287,-46,333,198,41,215,25,1338,128,96,9,364,294,359,297,37_27_39
128,135,39,7456,296,-43,339,203,44,222,29,1280,121,91,10,352,278,347,282,37_27_32
135,137,39,7547,306,-37,343,212,50,231,35,1254,120,90,10,344,272,341,279,37_27_44
116,131,35,8514,297,-70,367,202,1,222,1,1065,118,69,17,317,222,312,222,39_79_12632
117,129,35,8454,297,-65,362,203,3,222,3,1091,121,72,16,326,232,321,232,39_87_15692
116,129,35,8508,297,-67,364,203,1,222,1,1072,117,70,16,319,226,314,226,39_87_12774
119,130,35,8464,300,-64,364,205,128,224,5,1074,118,70,16,321,230,315,231,39_87_12794
105,129,34,8758,290,-82,372,194,-14,213,-14,1023,111,62,19,318,202,305,202,39_127_1451
107,125,34,8576,287,-75,362,194,-9,213,-9,1054,111,66,16,316,213,313,213,39_111_7349
117,130,35,8489,297,-67,364,203,3,222,3,1088,122,71,16,324,229,320,229,39_53_8035
117,131,35,8533,298,-68,366,203,1,222,1,1065,117,69,17,317,223,311,223,39_53_8377
118,135,40,7133,279,-51,330,116,38,207,23,1363,134,99,9,371,306,358,308,37_111_20
103,127,39,6997,257,-61,318,23,155,190,9,1827,189,121,10,510,403,445,482,37_113_30
107,132,40,6990,263,-59,322,28,160,194,14,1757,182,115,11,493,386,429,467,37_113_49
96,121,39,6940,246,-64,310,16,147,182,3,1919,195,131,9,526,430,472,498,37_113_12
105,129,40,6912,259,-58,317,26,156,190,12,1836,189,123,10,511,407,447,485,37_113_53
106,130,41,6920,260,-57,317,27,158,192,14,1841,190,124,10,513,410,448,486,37_113_5
120,141,42,6966,280,-50,330,41,128,207,27,1671,176,109,12,478,366,400,453,37_113_7
96,118,38,6886,245,-62,307,17,147,182,4,2015,205,141,9,552,456,493,522,37_113_44
117,137,42,6890,274,-50,324,39,169,202,25,1779,186,120,11,504,396,423,480,37_113_14
117,134,41,6837,273,-48,321,39,168,202,25,1847,192,127,10,519,413,440,495,37_113_23
114,131,41,6877,268,-49,317,36,165,200,22,1901,196,133,9,527,430,458,502,37_113_54
115,134,41,6893,271,-50,321,36,166,200,22,1822,188,126,10,505,412,442,480,37_113_60
116,137,42,6905,274,-51,325,37,123,202,24,1709,178,116,10,475,382,419,448,37_113_52
114,130,41,6834,268,-48,316,36,164,199,23,1936,198,138,9,531,441,469,507,37_113_8
105,129,40,7021,260,-61,321,25,157,192,11,1768,183,116,10,494,389,433,467,37_173_36
99,125,39,6929,251,-62,313,20,150,185,6,1840,187,127,9,500,417,459,471,37_173_42
88,116,37,6996,238,-71,309,8,140,176,-5,1923,195,131,9,524,430,476,494,37_173_43
103,129,40,6986,258,-61,319,24,156,190,10,1791,185,118,10,499,395,439,472,37_173_32
95,123,39,6994,247,-67,314,92,101,182,1,1697,171,117,9,457,384,435,421,37_173_10
93,121,38,7019,245,-68,313,91,99,180,-1,1713,172,117,9,462,387,439,425,37_173_29
77,109,35,7016,224,-79,303,75,84,164,-17,1869,184,133,8,501,434,481,453,37_173_24
93,117,37,6948,242,-67,309,164,1,180,1,1576,152,112,9,425,351,423,351,37_199_23
91,117,37,6945,240,-69,309,161,-1,178,-1,1547,148,109,9,421,342,419,342,37_199_37
109,133,40,7028,267,-59,326,107,31,197,15,1332,132,95,10,364,297,357,299,37_199_31
105,129,39,7105,262,-61,323,177,64,194,10,1315,128,95,11,365,290,360,298,37_199_49
85,115,37,7033,235,-74,309,83,92,173,-9,1803,179,126,8,484,413,462,444,37_173_7
96,124,39,6995,249,-66,315,93,102,183,2,1700,172,115,9,459,381,434,426,37_173_13
122,146,43,7132,287,-52,339,42,130,211,27,1386,147,85,13,389,290,350,362,37_173_33
108,134,41,7047,266,-60,326,27,115,195,13,1539,159,98,11,424,333,391,396,37_173_9
93,122,38,7051,246,-69,315,91,100,181,-1,1740,176,117,9,470,390,441,439,37_173_46
107,133,41,7023,264,-60,324,27,114,194,13,1594,165,103,10,440,348,401,412,37_173_12
96,124,39,7006,249,-66,315,16,148,183,2,1761,179,118,9,479,394,442,450,37_173_14
81,112,36,7017,229,-76,305,79,133,168,-13,1882,187,131,8,506,429,477,468,37_173_6
116,140,42,7107,277,-56,333,35,123,204,20,1523,160,94,12,429,323,381,402,37_173_17
118,140,41,7133,279,-55,334,37,125,206,22,1520,159,93,12,429,321,380,404,37_173_41
107,133,40,7094,265,-61,326,26,115,195,12,1613,167,102,11,449,349,403,422,37_173_21
91,120,38,7037,243,-70,313,11,143,179,-3,1824,185,122,9,496,406,456,467,37_173_18
119,139,41,7153,280,-53,333,38,127,208,23,1521,159,92,13,431,318,382,406,37_173_22
97,123,38,7105,251,-67,318,16,150,185,2,1743,178,113,10,479,381,435,452,37_173_31
124,140,41,7221,286,-49,335,42,132,213,27,1496,156,89,13,425,309,378,401,37_173_34
94,121,38,7136,247,-69,316,12,147,183,-1,1776,181,116,10,487,389,443,459,37_173_47
106,129,39,7174,264,-61,325,25,160,196,10,1669,173,105,11,467,358,415,441,37_173_3
117,135,40,7248,278,-53,331,35,171,208,20,1571,164,95,13,446,329,392,422,37_173_23
112,137,41,7053,270,-57,327,31,119,199,17,1572,164,99,11,440,338,392,413,37_173_55
114,127,40,6896,267,-47,314,111,164,200,22,2033,204,154,8,539,479,503,510,37_175_25
103,122,39,6900,255,-57,312,101,109,190,11,1889,187,144,7,500,449,480,460,37_175_23
121,133,41,6973,279,-45,324,119,127,209,29,1828,183,137,8,483,431,462,452,37_175_37
109,127,40,6936,263,-53,316,107,115,196,17,1728,172,132,7,459,408,445,416,37_175_33
116,132,40,6962,273,-49,322,114,122,204,24,1690,169,128,8,448,397,435,410,37_175_18
121,133,41,6956,278,-44,322,119,127,208,29,1794,179,134,8,473,424,456,441,37_175_29
106,124,39,6922,258,-56,314,103,112,192,13,1769,175,136,7,469,420,456,424,37_175_32
134,139,41,7411,302,-37,339,50,189,227,36,1493,160,89,14,436,311,365,409,37_39_5
133,139,41,7423,300,-39,339,49,188,226,34,1498,160,89,14,436,312,368,409,37_39_19
129,138,40,7362,294,-43,337,45,183,220,30,1528,163,92,14,443,320,376,415,37_39_34
98,121,38,7137,251,-65,316,16,151,186,2,1827,189,119,11,510,397,446,481,37_39_22
118,136,41,7211,278,-52,330,36,172,207,21,1631,172,100,13,470,345,400,442,37_39_36
123,139,41,7221,285,-48,333,41,131,213,26,1591,169,97,13,463,335,390,434,37_39_38
109,126,34,8551,289,-74,363,196,-7,215,-7,1071,112,68,15,317,221,315,221,39_167_7168
105,129,34,8760,291,-82,373,194,-13,214,-13,1020,110,62,19,317,201,305,201,39_127_13398
116,130,35,8520,297,-69,366,203,1,222,1,1073,118,70,17,319,225,314,225,39_53_15655
108,127,34,8533,288,-75,363,194,-8,213,-8,1085,113,69,15,322,224,319,224,39_167_2907
108,132,40,7022,265,-59,324,28,160,195,14,1728,180,111,11,488,375,422,461,37_75_34
110,131,40,7147,268,-58,326,29,163,199,14,1676,175,105,12,475,358,412,449,37_75_18
101,124,39,6948,254,-62,316,99,9,188,9,1502,147,107,9,403,335,400,335,37_111_23
123,136,40,7344,291,-46,337,216,79,216,26,1097,114,69,14,312,224,312,251,37_115_42
98,124,39,7058,252,-65,317,170,57,187,4,1390,136,100,10,382,308,378,317,37_115_4
116,133,40,7303,279,-53,332,190,72,207,19,1170,119,74,13,328,245,327,272,37_115_40
120,134,40,7316,284,-49,333,211,75,211,23,1142,117,71,14,321,236,321,265,37_115_10
118,131,41,6874,273,-44,317,40,169,204,27,1954,199,143,8,528,452,477,504,37_113_1
99,124,39,6983,250,-64,314,19,151,185,5,1869,192,125,10,518,414,457,490,37_113_25
93,119,38,6922,242,-66,308,14,145,179,0,1954,198,135,9,534,440,481,505,37_113_13
101,124,39,6935,253,-60,313,22,152,187,8,1907,196,129,10,529,424,465,501,37_113_58
95,118,38,6900,244,-63,307,16,145,181,3,2012,204,141,9,550,455,493,521,37_113_21
113,133,41,6860,267,-51,318,35,164,198,21,1849,192,126,10,518,413,444,493,37_113_67
95,116,38,6821,243,-60,303,17,146,180,4,2067,207,150,7,555,477,512,526,37_113_11
102,126,39,6956,256,-60,316,23,154,188,9,1856,191,124,10,516,412,453,489,37_113_34
110,126,40,6853,262,-50,312,32,161,195,19,1996,202,143,8,542,457,489,518,37_113_19
112,129,41,6821,265,-49,314,34,162,197,21,1943,199,137,9,535,441,470,510,37_113_29
116,138,42,6911,274,-52,326,38,168,202,24,1723,181,115,11,488,382,413,462,37_113_37
94,117,38,6860,242,-62,304,16,145,180,3,2031,206,143,8,554,461,499,524,37_113_15
102,127,40,6975,255,-62,317,22,153,188,8,1822,187,122,10,504,405,448,477,37_113_28
105,128,40,6913,258,-58,316,26,157,191,13,1868,193,126,10,521,416,453,494,37_113_48
131,134,39,7519,299,-40,339,207,85,225,31,1106,121,67,16,320,223,317,253,37_115_15
125,135,40,7418,292,-45,337,201,80,219,27,1117,118,68,15,318,228,317,257,37_115_3
111,131,40,7098,270,-56,326,108,68,200,16,1273,129,86,11,348,275,347,297,37_115_31
126,135,39,7417,293,-45,338,200,80,218,27,1106,118,68,15,316,225,315,253,37_115_48
137,135,39,7554,306,-35,341,213,90,231,36,1091,121,67,16,316,220,313,247,37_115_8
106,128,40,6947,260,-59,319,103,13,192,13,1460,144,104,9,394,326,387,326,37_111_29
101,126,39,7059,257,-63,320,172,23,189,7,1368,132,98,10,378,303,375,306,37_121_16
98,123,38,7073,252,-66,318,169,57,186,3,1386,134,99,10,385,307,381,310,37_121_14
101,126,39,7051,256,-64,320,172,60,189,6,1357,132,97,11,377,300,372,305,37_121_23
97,121,38,7139,251,-66,317,15,150,186,2,1814,187,118,10,504,394,445,476,37_75_13
105,127,39,7163,261,-61,322,23,158,194,9,1722,179,109,11,484,370,423,457,37_75_7
107,129,40,7074,263,-59,322,26,159,195,12,1748,182,112,11,494,378,425,467,37_75_15
115,136,41,7130,275,-55,330,34,169,204,20,1643,172,102,12,469,350,403,444,37_75_33
126,140,41,7237,289,-47,336,44,134,216,29,1530,161,91,14,441,314,383,417,37_75_1
108,131,40,7127,265,-60,325,27,161,196,12,1685,175,106,11,474,362,416,448,37_75_36
112,135,41,7094,271,-57,328,32,165,201,17,1663,174,105,12,472,358,408,446,37_75_25
120,141,42,7096,281,-52,333,39,128,208,25,1563,164,96,12,447,330,386,422,37_75_21
125,143,42,7140,287,-49,336,44,132,213,29,1511,159,92,13,432,317,376,407,37_75_9
113,133,40,7154,272,-56,328,31,166,202,17,1674,175,105,12,477,358,410,451,37_75_14
104,128,39,7084,260,-62,322,23,157,192,9,1736,180,112,11,486,377,427,459,37_75_19
116,135,41,7160,276,-53,329,35,170,205,20,1658,175,103,12,477,354,404,449,37_39_26
106,128,40,7032,261,-59,320,26,159,194,12,1794,187,117,11,507,391,435,479,37_39_39
121,140,42,7144,281,-51,332,39,128,209,25,1613,170,99,13,467,340,395,441,37_39_41
106,129,40,7030,262,-59,321,26,159,194,12,1797,187,117,11,508,393,436,480,37_39_47
95,121,38,7022,247,-66,313,15,147,183,1,1880,193,126,10,520,416,461,491,37_39_43
127,137,40,7395,291,-44,335,43,182,219,28,1548,165,93,14,449,324,380,421,37_39_59
104,124,38,7194,260,-62,322,22,158,194,8,1761,184,112,11,497,378,429,468,37_39_37
106,125,38,7227,264,-60,324,24,159,197,10,1736,182,110,12,492,371,422,463,37_39_58
117,133,40,7286,278,-52,330,34,171,208,20,1637,173,101,13,471,346,399,443,37_39_4
112,129,39,7265,271,-55,326,30,166,203,15,1677,177,105,12,479,357,408,450,37_39_33
97,120,37,7122,250,-66,316,15,150,185,2,1843,190,121,10,513,402,450,484,37_39_53
124,139,41,7274,288,-47,335,41,131,215,27,1571,167,95,14,456,329,388,427,37_39_27
94,117,38,6905,243,-63,306,15,146,180,2,2012,204,141,9,550,455,493,521,37_43_19
109,129,40,6902,263,-55,318,30,160,195,17,1873,194,127,10,526,416,450,499,37_43_14
117,137,42,6973,274,-52,326,37,169,203,23,1730,182,112,12,496,377,414,470,37_43_6
117,137,41,7039,275,-53,328,37,169,204,22,1692,178,108,12,486,366,408,459,37_43_10
81,110,36,6932,226,-75,301,78,87,167,-12,1947,191,142,7,517,457,498,475,37_99_50
110,132,40,7059,267,-56,323,30,163,198,16,1757,184,113,11,501,381,425,473,37_43_28
121,140,42,7013,280,-50,330,41,129,208,27,1677,177,107,12,484,362,402,459,37_43_25
124,136,40,7352,288,-46,334,40,179,216,26,1565,166,94,13,452,328,385,425,37_39_23
93,116,38,6872,241,-64,305,14,143,178,1,2032,205,143,8,553,461,500,524,37_113_75
130,135,40,7308,296,-39,335,128,48,222,33,1325,129,97,9,358,295,352,301,37_111_2
124,140,41,7222,287,-48,335,42,132,214,28,1549,163,93,14,447,320,385,423,37_75_27
115,128,40,6891,270,-46,316,37,166,201,24,2021,204,151,8,538,472,496,514,37_99_31
82,112,36,7019,229,-76,305,79,89,169,-12,1824,181,128,8,490,419,468,447,37_173_77
82,112,36,6952,229,-75,304,80,90,169,-11,1856,183,133,7,496,431,477,452,37_173_78
86,113,36,6994,235,-73,308,157,10,173,-7,1505,143,104,10,419,328,416,328,37_121_8
100,126,39,6951,254,-63,317,171,24,187,8,1428,139,102,10,388,318,384,320,37_199_50
105,123,39,6838,255,-53,308,102,155,190,13,1990,199,148,7,527,467,497,498,37_99_51
100,127,39,7018,256,-63,319,98,107,188,7,1549,157,104,9,419,345,403,382,37_87_88
114,140,42,7066,276,-55,331,34,122,202,20,1452,152,91,11,404,309,369,376,37_173_79
77,109,35,7015,224,-79,303,75,128,165,-17,1928,191,135,8,517,442,489,477,37_173_80
99,120,38,6891,249,-59,308,97,106,186,8,1827,180,140,7,483,434,471,439,37_175_54
122,132,39,7285,286,-46,332,197,40,214,25,1353,130,97,9,366,298,361,301,37_27_19
124,129,37,7881,293,-53,346,203,182,222,17,1343,129,85,11,370,293,347,330,21_147_20
123,135,38,8021,297,-57,354,204,182,223,16,1278,131,81,12,363,274,346,311,21_51_7
127,137,38,8021,301,-54,355,207,186,227,19,1263,131,80,12,360,271,341,305,21_51_19
124,135,37,8041,297,-59,356,205,183,224,16,1258,131,80,12,359,273,339,300,21_51_43
119,129,37,7835,287,-56,343,198,176,216,13,1373,134,86,12,379,293,357,339,21_235_20
125,129,37,7858,294,-53,347,203,182,222,18,1349,130,85,11,371,292,348,334,21_147_13
120,134,36,8348,301,-63,364,204,130,224,8,1180,132,73,16,353,249,337,265,21_205_15
127,129,36,8023,298,-51,349,208,186,227,19,1289,126,80,12,359,281,335,313,21_199_9
117,133,36,8302,296,-66,362,201,127,220,5,1189,132,74,16,355,253,339,266,21_205_17
125,125,35,8130,296,-55,351,207,185,226,15,1278,127,78,13,359,276,334,306,21_203_20
120,131,36,8287,298,-63,361,204,130,223,9,1239,134,75,15,362,266,345,284,21_165_9
127,129,36,8026,298,-52,350,208,185,227,19,1262,127,78,12,355,272,331,303,21_125_31
126,130,37,7929,297,-51,348,206,185,225,19,1301,127,81,12,362,283,338,317,21_147_45
124,133,38,7850,295,-52,347,203,182,222,18,1341,131,85,11,371,289,348,330,21_147_43
124,136,38,8009,297,-57,354,205,183,224,17,1279,132,81,12,365,274,344,308,21_51_15
122,134,37,8009,295,-60,355,203,180,222,14,1270,131,81,12,363,276,344,303,21_51_2
126,130,37,7959,297,-52,349,206,185,225,19,1304,127,81,11,362,284,338,318,21_147_39
128,132,37,7960,301,-50,351,209,186,228,21,1274,126,78,12,356,274,333,311,21_235_44
121,134,37,7987,294,-59,353,202,179,220,14,1267,130,81,12,361,276,345,304,21_131_8
128,134,38,7881,300,-49,349,207,186,226,22,1299,127,81,12,360,280,337,320,21_147_6
122,128,36,8149,294,-60,354,205,181,223,12,1255,130,77,13,359,274,338,293,21_109_33
126,133,36,8211,301,-59,360,209,186,228,15,1218,129,74,14,350,267,332,283,21_109_23
119,132,36,8309,298,-64,362,203,128,222,7,1211,134,74,16,360,257,343,273,21_11_25
127,132,37,7907,299,-51,350,207,185,226,20,1299,127,81,11,361,282,338,317,21_147_24
123,133,36,8242,300,-61,361,207,133,226,12,1225,131,74,14,354,266,338,284,21_129_15
122,133,36,8221,299,-62,361,205,131,224,11,1236,132,75,14,357,269,341,287,21_129_13
129,130,37,7965,300,-50,350,209,187,227,21,1283,125,80,12,356,279,332,313,21_199_28
127,132,37,7923,299,-50,349,207,185,226,20,1288,127,79,12,359,276,336,315,21_235_37
122,138,37,8297,304,-62,366,206,131,225,10,1159,132,72,16,348,245,333,261,21_205_24
121,135,37,8269,300,-64,364,205,130,224,10,1227,134,75,15,360,263,344,283,21_165_18
119,135,37,8269,299,-65,364,203,128,222,8,1200,134,74,16,357,256,341,272,21_165_1
122,125,35,8194,294,-58,352,205,182,224,12,1255,129,76,13,359,275,339,293,21_109_8
127,138,38,8050,302,-54,356,208,187,228,20,1245,129,79,12,355,269,337,299,21_51_1
130,135,38,7878,303,-47,350,209,187,228,24,1281,125,79,12,355,276,333,316,21_147_30
122,134,37,8012,295,-59,354,203,180,222,14,1265,131,81,12,362,276,344,301,21_51_3
127,129,36,8061,299,-53,352,209,185,227,18,1257,127,77,13,354,271,330,301,21_125_1
129,130,37,8032,301,-50,351,210,187,229,21,1266,126,78,12,354,274,331,306,21_125_14
126,127,35,8195,298,-56,354,209,186,227,15,1253,127,76,13,355,272,332,296,21_203_11
125,125,35,8103,295,-54,349,207,184,225,15,1288,128,79,12,362,279,337,309,21_203_22
114,129,35,8400,293,-69,362,199,124,218,1,1159,126,74,16,346,248,331,253,21_205_21
124,132,36,8217,298,-60,358,206,133,226,13,1226,130,74,14,353,267,336,285,21_129_6
125,131,37,7840,295,-53,348,203,182,222,18,1326,129,84,11,367,289,344,325,21_147_14
116,132,36,8355,295,-67,362,200,125,220,3,1168,129,74,16,350,249,334,258,21_205_13
130,131,37,7974,301,-49,350,210,189,229,22,1286,125,80,11,356,280,332,315,21_199_20
123,126,35,8160,295,-58,353,206,183,224,13,1255,129,76,13,358,273,336,294,21_109_11
126,126,35,8127,297,-54,351,208,185,227,16,1269,127,78,13,357,275,333,303,21_125_8
126,131,37,7902,297,-52,349,206,184,224,19,1312,127,82,11,363,286,340,321,21_147_4
126,132,37,7898,298,-50,348,206,184,225,20,1298,127,80,12,361,279,338,318,21_235_18
128,131,37,8006,300,-50,350,209,187,228,20,1272,126,78,12,355,274,331,309,21_125_22
121,133,36,8325,301,-62,363,205,130,224,9,1187,132,72,16,354,250,337,267,21_11_22
123,135,37,8068,298,-59,357,205,182,224,15,1248,129,80,12,357,275,341,296,21_131_1
121,134,38,7976,294,-57,351,202,180,221,15,1294,132,82,12,367,277,349,315,21_51_22
121,134,37,7994,294,-59,353,202,180,221,14,1271,131,81,12,363,276,346,305,21_131_31
118,131,37,7911,289,-58,347,198,176,217,12,1303,131,82,12,366,277,350,323,21_131_7
115,129,37,7879,285,-59,344,195,173,214,10,1308,132,82,12,368,279,352,323,21_131_21
121,133,36,8260,299,-62,361,206,130,224,10,1236,133,75,15,359,267,343,286,21_197_1
129,128,36,8206,302,-53,355,212,189,231,19,1238,125,75,13,350,268,327,294,21_203_12
124,137,38,8019,299,-57,356,206,183,224,17,1246,129,80,12,355,273,339,297,21_131_3
99,126,39,7005,254,-64,318,97,105,186,5,1641,167,111,9,444,367,420,410,37_173_89
111,128,40,6963,266,-52,318,108,116,198,18,1610,160,123,8,428,380,421,381,37_175_28
115,130,39,7147,274,-52,326,111,35,204,19,1400,135,100,9,377,310,373,311,37_23_58
133,136,39,7482,303,-38,341,209,48,227,33,1268,121,91,10,348,276,344,282,37_27_51
122,137,41,7239,284,-49,333,40,130,212,25,1546,162,92,13,442,320,387,418,37_75_47
116,141,42,7079,278,-55,333,36,124,204,21,1494,157,94,12,419,319,374,392,37_173_5
125,134,40,7181,288,-44,332,215,44,215,30,1204,121,87,11,331,266,331,273,37_21_90
97,120,38,6895,247,-62,309,95,103,183,5,1791,177,134,7,476,422,463,430,37_87_48
104,126,40,6851,256,-57,313,25,111,188,12,1886,191,133,8,510,432,469,483,37_113_24
123,140,42,7050,283,-48,331,43,130,210,28,1640,174,104,13,476,352,395,448,37_43_8
120,133,41,7020,277,-47,324,117,126,208,27,1625,162,122,8,429,382,422,392,37_175_13
114,129,39,7190,274,-53,327,111,34,204,18,1396,135,100,9,377,309,372,310,37_23_7
130,132,37,7976,303,-49,352,211,189,229,23,1266,124,78,12,352,274,329,309,21_147_28
126,131,37,7897,296,-52,348,205,184,224,19,1313,128,82,11,364,285,341,322,21_147_25
79,110,35,7066,227,-79,306,77,131,167,-15,1860,184,131,8,499,429,476,456,37_173_85
79,110,36,7055,226,-78,304,77,131,167,-15,1879,186,132,8,504,432,479,463,37_173_86
83,109,35,6975,228,-75,303,154,-10,170,-10,1547,145,106,10,430,334,427,334,37_121_12
115,130,39,7225,276,-52,328,188,35,206,19,1368,131,98,9,373,301,368,302,37_11_2
120,132,39,7285,284,-48,332,194,38,211,23,1348,130,97,9,366,297,361,299,37_11_9
128,129,36,8049,299,-52,351,209,187,228,19,1271,126,78,12,355,275,331,307,21_199_1
128,131,37,7939,298,-51,349,207,186,226,20,1305,126,82,11,360,285,337,319,21_147_17
121,135,37,8077,296,-60,356,204,180,222,13,1250,131,79,13,359,275,342,295,21_189_5
115,130,36,8378,294,-67,361,200,125,220,3,1171,128,74,16,350,250,334,257,21_205_30
124,137,38,8054,299,-60,359,205,183,224,16,1238,129,78,12,354,272,338,293,21_51_38
124,129,37,7922,294,-54,348,204,182,222,17,1325,128,83,11,367,289,343,323,21_147_34
116,133,36,8324,297,-66,363,201,126,220,4,1172,130,74,16,351,249,335,261,21_205_19
123,136,38,7983,297,-56,353,204,182,223,16,1265,130,81,12,360,273,343,306,21_131_26
114,129,35,8389,293,-68,361,199,124,219,1,1164,127,74,16,348,249,332,254,21_205_3
121,133,36,8329,302,-61,363,206,131,225,10,1224,134,73,16,359,259,342,280,21_165_12
123,132,36,8193,297,-60,357,206,183,225,13,1240,131,76,13,357,272,339,289,21_189_6
124,137,38,8058,299,-58,357,206,183,225,16,1235,128,79,12,354,272,339,293,21_131_19
120,133,37,7982,292,-59,351,201,178,219,13,1285,131,82,12,365,278,348,311,21_131_4
120,132,36,8228,298,-63,361,204,129,222,9,1244,134,76,15,362,269,345,288,21_237_22
125,137,38,8023,299,-57,356,205,184,225,17,1255,130,80,12,358,273,340,300,21_51_49
118,132,36,8325,298,-64,362,203,128,222,7,1220,134,74,16,361,259,343,277,21_165_16
122,129,36,8180,295,-60,355,205,183,224,12,1246,130,76,13,357,273,338,291,21_109_27
117,134,36,8290,296,-67,363,200,127,219,5,1177,131,74,16,352,251,336,263,21_205_57
121,133,37,8013,293,-60,353,202,180,220,13,1273,132,81,12,363,277,344,303,21_51_52
128,139,39,8048,303,-53,356,209,188,228,20,1240,129,79,12,354,268,337,298,21_131_5
122,131,36,8422,302,-61,363,207,133,227,9,1176,128,71,16,347,249,330,263,21_11_31
127,129,36,8019,298,-52,350,208,186,227,19,1281,126,79,12,357,278,333,310,21_199_65
119,134,36,8353,299,-64,363,203,129,223,6,1158,129,73,16,347,246,331,257,21_205_27
128,131,37,7946,299,-50,349,208,187,227,21,1297,126,81,11,359,283,336,317,21_147_16
128,130,37,7994,300,-50,350,209,187,228,20,1276,126,79,12,356,277,333,309,21_199_70
128,128,36,8145,300,-53,353,210,188,229,18,1246,126,76,13,352,269,328,297,21_125_43
122,135,37,8240,300,-63,363,205,130,224,11,1228,133,75,15,359,265,342,284,21_237_11
127,131,37,7929,298,-51,349,207,185,225,20,1291,126,80,12,359,279,335,315,21_147_31
126,138,38,8046,301,-57,358,208,185,227,18,1229,129,78,13,351,269,333,290,21_51_51
130,131,37,8040,302,-50,352,211,188,230,21,1254,125,77,12,351,271,328,303,21_125_41
119,137,37,8263,298,-65,363,202,128,221,7,1174,132,74,16,352,250,336,264,21_175_4
123,133,36,8348,303,-61,364,207,132,226,11,1199,132,72,16,354,253,337,272,21_11_32
122,134,36,8275,301,-62,363,206,131,225,11,1231,134,74,15,359,264,343,284,21_197_13
130,135,38,7883,302,-47,349,209,187,227,23,1285,126,79,12,357,275,335,317,21_235_41
128,132,37,7905,298,-51,349,207,186,226,21,1321,128,83,11,364,287,341,325,21_147_37
128,129,36,7986,299,-51,350,208,186,227,20,1299,126,81,11,361,284,337,316,21_199_53
125,131,37,7877,295,-53,348,204,183,223,18,1332,129,84,11,367,290,344,327,21_147_21
118,128,37,7851,287,-57,344,197,175,216,12,1385,135,87,12,383,297,360,341,21_147_10
125,133,38,7868,297,-52,349,205,183,223,19,1320,129,83,11,366,286,343,324,21_147_19
120,134,37,8213,298,-63,361,204,129,223,10,1237,134,75,15,362,267,345,285,21_237_18
127,128,36,8046,298,-53,351,208,185,226,18,1269,127,78,12,356,275,332,304,21_125_13
122,134,37,7998,296,-58,354,203,180,222,15,1266,130,81,12,361,275,345,305,21_131_17
121,134,36,8234,300,-63,363,205,130,224,10,1232,133,75,15,360,266,344,285,21_237_8
125,125,35,8204,297,-56,353,208,185,227,14,1253,128,76,13,357,273,335,294,21_109_37
127,133,38,7893,299,-50,349,207,185,226,21,1299,127,81,11,361,281,338,318,21_147_44
128,132,37,7962,301,-50,351,209,187,228,21,1279,126,79,12,356,276,333,313,21_147_40
128,128,36,8081,299,-53,352,209,187,228,18,1264,126,78,12,355,274,330,303,21_125_32
121,136,37,8299,302,-63,365,205,131,224,9,1195,134,73,16,356,253,339,272,21_165_7
126,126,36,8084,296,-54,350,207,185,226,16,1270,127,78,13,357,275,333,303,21_125_44
129,134,38,7917,301,-50,351,208,188,228,22,1297,126,81,11,358,282,336,319,21_147_9
128,134,38,7877,300,-48,348,207,186,226,22,1314,129,82,12,364,280,343,325,21_147_22
121,133,37,8014,294,-59,353,202,180,222,14,1291,132,82,12,367,278,347,311,21_51_53
121,134,36,8262,300,-63,363,205,130,224,10,1232,134,75,15,361,264,344,284,21_165_14
123,132,38,7858,293,-52,345,202,181,221,17,1340,131,84,12,372,287,350,330,21_235_31
122,135,38,7997,295,-59,354,203,180,222,14,1270,131,81,12,362,276,344,304,21_51_37
117,133,36,8362,297,-66,363,202,127,221,5,1170,130,73,16,351,248,335,260,21_205_28
124,126,35,8185,296,-56,352,207,184,226,14,1255,128,76,13,357,273,335,295,21_109_1
122,125,35,8196,294,-58,352,206,182,224,12,1258,129,76,13,359,274,338,294,21_109_12
122,134,38,7997,295,-57,352,203,180,221,14,1263,128,81,12,357,273,341,308,21_131_22
118,133,36,8260,297,-64,361,202,128,221,7,1228,135,75,16,363,262,345,280,21_165_5
128,131,37,7903,299,-50,349,207,187,227,21,1323,128,82,11,364,286,342,328,21_147_32
125,131,37,7867,295,-53,348,204,183,223,18,1323,128,83,11,366,288,343,325,21_147_7
83,114,37,6992,232,-75,307,81,91,170,-10,1764,174,125,8,474,406,457,427,37_87_80
128,139,41,7256,290,-45,335,45,136,218,30,1474,154,87,14,419,302,375,395,37_173_52
106,129,39,7098,264,-60,324,177,64,195,11,1324,129,95,10,366,294,361,298,37_121_30
125,133,39,7423,291,-44,335,200,42,219,26,1312,125,93,10,359,285,354,287,37_27_24
131,141,41,7287,297,-40,337,48,137,222,34,1521,163,91,14,445,318,375,414,37_39_54
126,137,41,7169,289,-44,333,124,46,216,31,1289,128,92,10,351,285,345,289,37_111_14
106,124,38,7159,263,-58,321,179,10,196,10,1420,135,100,10,389,308,383,308,37_27_29
105,128,40,6977,259,-59,318,26,157,192,12,1819,189,120,11,512,399,441,484,37_43_3
106,132,40,7105,264,-61,325,25,159,194,11,1630,169,103,11,454,353,407,427,37_173_26
99,124,39,6978,252,-63,315,20,151,186,6,1860,191,124,10,517,411,454,489,37_39_62
124,144,43,6984,285,-48,333,45,131,211,30,1593,169,104,12,456,348,385,429,37_113_22
120,140,42,7014,279,-50,329,40,128,207,26,1678,177,107,12,484,362,403,459,37_43_23
128,135,40,7353,294,-41,335,126,45,221,31,1322,128,96,9,357,292,353,297,37_23_59
108,132,40,7098,268,-58,326,106,115,198,14,1332,136,86,11,365,288,356,323,37_87_16
110,127,39,6967,265,-53,318,108,117,198,18,1657,165,127,8,440,391,431,395,37_175_55
79,106,35,6965,222,-77,299,150,-14,166,-14,1583,147,107,11,440,339,437,339,37_11_27
139,138,40,7546,311,-33,344,216,53,234,39,1249,120,89,10,341,272,338,283,37_27_38
115,135,41,6930,271,-52,323,36,167,201,22,1781,187,118,11,508,391,425,482,37_43_4
132,137,40,7264,298,-38,336,129,51,224,36,1269,126,92,10,344,281,342,287,37_111_60
96,130,37,8026,269,-81,350,177,-12,195,-12,1198,125,79,14,354,256,352,256,54_83_2066
75,113,33,7891,236,-98,334,156,88,171,-32,1456,144,106,9,405,336,396,337,54_83_2067
73,111,33,7883,233,-100,333,154,-34,169,-34,1473,145,108,8,408,342,397,342,54_83_2276
77,114,34,7879,238,-97,335,158,89,173,-30,1456,145,107,9,403,338,393,338,54_83_2497
70,115,33,7979,238,-101,339,152,-37,169,-37,1333,127,94,9,375,298,365,298,54_93_43
93,128,36,8092,268,-81,349,175,105,194,-15,1259,129,85,13,371,276,364,277,54_93_424
75,119,35,7929,243,-97,340,155,-33,172,-33,1356,131,95,10,384,308,374,308,54_93_857
95,128,36,8152,271,-80,351,177,107,197,-14,1260,129,85,13,371,275,364,279,54_93_887
87,124,35,8026,258,-88,346,168,99,186,-21,1300,131,89,12,378,288,371,290,54_93_1962
87,124,35,8076,260,-87,347,169,99,186,-22,1300,131,88,13,378,283,370,291,54_93_2349
86,120,35,7880,248,-90,338,166,97,182,-21,1404,145,101,10,396,320,388,323,54_83_1783
90,122,36,7623,254,-78,332,168,-12,185,-12,1112,111,78,11,315,236,303,236,54_63_2467
92,123,36,7657,258,-76,334,170,-11,187,-11,1104,110,77,11,311,233,301,233,54_63_307
92,122,36,7647,256,-77,333,169,-11,187,-11,1098,110,77,11,311,233,300,233,54_63_2467
103,133,37,7948,274,-77,351,183,-5,201,-5,1269,143,85,15,377,274,376,274,54_67_888
91,126,36,7882,257,-86,343,171,-17,187,-17,1329,143,94,12,384,297,379,297,54_67_2232
94,128,36,7883,262,-84,346,174,-14,190,-14,1323,145,92,13,386,293,382,293,54_67_2268
91,126,36,7882,257,-86,343,171,-17,187,-17,1329,143,94,12,384,297,379,297,54_67_2232
96,131,37,7879,268,-79,347,176,-10,194,-10,1101,113,79,11,312,241,306,241,54_25_369
75,116,34,7961,240,-98,338,156,-33,172,-33,1384,136,98,10,391,315,383,315,54_83_1083
71,112,33,7924,235,-101,336,152,-36,168,-36,1338,128,95,9,372,298,363,298,54_83_53
74,114,33,7933,238,-99,337,154,-34,171,-34,1319,128,93,9,368,294,359,294,54_83_260
78,115,34,7891,239,-96,335,158,-30,174,-30,1431,143,104,9,399,330,390,330,54_83_806
96,130,37,7939,266,-81,347,176,-11,194,-11,1218,131,80,14,359,260,358,260,54_83_1918
77,115,34,7899,240,-97,337,157,-30,173,-30,1343,133,95,9,377,302,368,302,54_83_2038
77,118,34,7970,245,-96,341,158,-30,175,-30,1345,132,94,10,382,304,373,304,54_83_2115
85,122,35,7952,253,-90,343,165,-22,183,-22,1261,128,87,11,362,278,357,278,54_83_2222
87,122,35,7921,252,-89,341,168,-20,184,-20,1324,137,92,11,380,296,375,296,54_83_2334
80,117,34,7910,244,-94,338,160,-27,177,-27,1316,131,93,10,371,295,364,295,54_83_2392
85,123,35,7954,254,-88,342,166,-22,184,-22,1249,126,85,11,360,274,355,274,54_83_2428
95,129,36,8084,270,-80,350,177,-13,195,-13,1253,129,84,14,370,274,365,274,54_93_569
82,118,35,7867,243,-93,336,162,93,178,-25,1464,152,107,11,413,329,405,339,54_101_517
89,124,36,7872,254,-88,342,169,99,185,-18,1383,148,98,12,397,311,392,312,54_101_1632
76,115,34,7939,240,-97,337,156,-31,174,-31,1333,131,94,9,375,300,367,300,54_83_1402
74,114,33,7899,237,-99,336,154,-33,170,-33,1327,129,94,9,370,296,361,296,54_83_2332
82,118,35,7868,243,-93,336,162,93,177,-25,1470,152,108,10,413,332,404,342,54_101_1081
94,128,37,7904,262,-83,345,174,-14,191,-14,1338,147,93,13,390,297,386,297,54_101_2463
95,132,37,7912,268,-82,350,175,-12,193,-12,1144,118,82,11,323,254,317,254,54_25_1303
93,129,37,7864,263,-82,345,173,-13,190,-13,1136,117,82,11,323,251,317,251,54_25_865
103,137,38,7976,280,-74,354,184,-4,202,-4,1063,110,75,12,303,232,298,232,54_25_1173
95,131,37,7917,268,-81,349,176,-12,193,-12,1155,118,83,10,324,256,317,256,54_25_1285
100,134,37,7940,275,-78,353,180,-7,198,-7,1102,113,79,11,311,242,305,242,54_25_1597
101,130,36,8242,281,-80,361,185,-10,204,-10,955,97,59,16,282,181,277,181,54_31_1361
68,113,33,7942,234,-103,337,149,-39,166,-39,1337,127,94,9,374,297,363,297,54_71_999
94,127,36,7921,268,-80,348,174,-12,193,-12,1031,103,67,13,293,207,288,207,54_71_1163
101,132,37,7969,278,-75,353,181,-6,200,-6,957,99,60,16,281,184,279,184,54_71_1217
99,130,36,7951,275,-77,352,180,-7,198,-7,976,100,62,15,283,190,280,190,54_71_2297
84,120,35,7923,249,-91,340,165,-23,181,-23,1308,133,92,10,370,293,364,293,54_75_84
88,125,36,7893,256,-87,343,168,-19,185,-19,1205,122,85,10,338,265,330,265,54_75_200
83,118,35,7842,244,-92,336,162,94,178,-24,1450,148,106,10,404,330,395,338,54_75_244
93,130,37,7969,265,-85,350,174,-15,192,-15,1204,124,86,10,338,269,331,269,54_75_349
67,108,32,7850,224,-104,328,147,-40,162,-40,1508,146,111,8,414,348,402,348,54_75_1903
79,117,34,7898,243,-94,337,159,-28,176,-28,1304,129,93,9,363,292,355,292,54_75_2024
80,117,34,7819,241,-94,335,160,91,175,-27,1405,144,103,10,395,321,386,322,54_75_2164
89,126,36,7923,258,-86,344,169,-18,187,-18,1227,124,87,9,342,273,333,273,54_75_2295
66,107,32,7842,223,-104,327,146,-40,162,-40,1511,146,112,8,414,348,401,348,54_75_2323
76,118,34,7980,244,-97,341,157,89,174,-32,1370,134,96,10,389,310,380,311,54_93_238
73,118,34,7966,242,-99,341,154,-35,171,-35,1351,130,95,10,382,306,371,306,54_93_2126
102,130,35,8270,283,-80,363,186,-9,205,-9,952,97,59,16,283,181,277,181,54_31_1695
90,125,36,7977,263,-84,347,171,-17,190,-17,1047,104,68,13,302,208,297,208,54_71_165
87,125,36,7936,259,-87,346,168,-20,186,-20,1137,114,76,12,328,240,323,240,54_71_681
78,115,34,7910,243,-93,336,158,-29,175,-29,1204,114,82,10,333,253,324,253,54_71_2071
81,117,34,7863,243,-93,336,162,92,177,-26,1441,146,106,9,401,331,391,335,54_75_398
85,120,35,7904,249,-90,339,164,-23,182,-23,1298,132,91,10,367,290,360,290,54_75_1103
80,117,35,7840,241,-93,334,160,91,176,-27,1438,148,106,10,404,327,395,332,54_75_1281
73,112,33,7844,232,-100,332,153,-34,168,-34,1482,146,110,8,408,344,397,344,54_75_1665
76,114,34,7804,235,-96,331,155,-31,171,-31,1416,143,104,10,396,324,385,324,54_75_1815
79,117,34,7888,244,-95,339,159,-28,176,-28,1284,126,91,9,356,285,347,285,54_75_2017
73,112,33,7797,232,-98,330,153,-33,168,-33,1448,144,107,9,401,332,390,332,54_75_2059
75,113,34,7823,234,-97,331,155,-32,170,-32,1446,144,107,9,400,333,389,333,54_75_2161
77,114,34,7826,237,-96,333,157,88,172,-30,1468,149,108,10,410,336,400,340,54_75_2351
75,119,34,8034,246,-98,344,157,87,174,-34,1365,133,95,11,389,303,379,310,54_77_1491
81,123,35,7986,254,-92,346,163,-26,180,-26,1206,119,82,11,346,261,338,261,54_23_292
95,130,36,8040,271,-82,353,176,-13,195,-13,1077,111,70,14,318,221,313,221,54_23_2064
91,124,36,7912,256,-86,342,171,-16,188,-16,1319,139,91,12,381,293,376,293,54_83_15
90,126,36,8020,261,-85,346,171,-18,189,-18,1279,131,87,13,374,283,370,283,54_83_340
95,128,36,7903,263,-83,346,175,-12,192,-12,1273,138,86,13,372,279,369,279,54_83_343
70,110,33,7870,230,-101,331,151,-37,166,-37,1469,143,107,8,405,338,394,338,54_83_854
75,115,34,7954,240,-98,338,156,-33,172,-33,1374,135,97,10,387,311,379,311,54_83_973
97,129,36,8130,273,-78,351,180,109,199,-11,1250,129,84,14,370,275,364,275,54_93_668
93,126,36,7897,259,-86,345,173,-15,189,-15,1380,150,97,12,399,310,394,310,54_101_963
105,132,35,8375,289,-78,367,191,-7,211,-7,926,94,57,16,277,175,272,175,54_27_2028
92,122,34,8228,267,-86,353,175,-19,194,-19,1032,104,65,15,300,200,292,200,54_31_229
89,122,34,8072,262,-87,349,171,-20,189,-20,1053,105,67,14,305,207,298,207,54_31_395
92,123,36,7657,258,-76,334,170,-11,187,-11,1104,110,77,11,311,233,301,233,54_63_307
103,130,38,7740,273,-68,341,181,-1,199,-1,1016,103,71,12,289,214,282,214,54_63_1177
93,127,36,7906,261,-84,345,174,-14,190,-14,1330,146,92,13,389,294,385,294,54_67_888
99,133,38,7893,273,-76,349,180,-7,197,-7,1080,111,77,11,307,237,302,237,54_25_1331
100,136,38,7936,274,-78,352,180,-7,198,-7,1080,114,77,12,311,239,307,239,54_25_2233
98,135,38,7957,273,-79,352,179,-9,197,-9,1118,115,80,11,315,248,310,248,54_25_2489
88,125,36,7954,260,-87,347,168,-19,186,-19,1117,112,74,12,323,233,317,233,54_71_822
70,112,33,7900,232,-101,333,150,-37,167,-37,1349,129,96,8,374,301,364,301,54_71_1349
73,113,33,7915,236,-99,335,153,-34,170,-34,1334,129,95,8,370,298,361,298,54_71_1765
78,115,34,7901,243,-93,336,158,-29,175,-29,1208,114,83,10,332,255,323,255,54_71_1785
89,126,36,7899,257,-87,344,169,-18,186,-18,1260,129,90,10,353,283,345,283,54_75_85
78,116,34,7925,242,-96,338,158,-29,175,-29,1293,127,92,9,360,288,352,288,54_75_88
81,117,34,7911,244,-93,337,161,-27,177,-27,1332,134,94,10,376,299,368,299,54_75_121
100,137,38,8004,276,-80,356,181,-8,199,-8,1118,118,79,12,320,247,315,247,54_75_155
85,122,35,7893,249,-91,340,165,96,181,-22,1394,144,101,10,392,318,383,321,54_75_202
96,133,37,7983,269,-84,353,177,-12,194,-12,1194,125,84,11,338,265,331,265,54_75_212
92,128,36,7927,261,-86,347,172,-15,189,-15,1231,129,86,11,350,272,343,272,54_75_329
86,123,36,7877,254,-87,341,167,-20,183,-20,1268,128,92,9,353,285,344,285,54_75_777
91,127,36,7901,261,-86,347,171,-16,188,-16,1221,124,88,10,341,273,334,273,54_75_1341
71,111,33,7836,233,-99,332,151,-35,167,-35,1391,134,102,8,380,315,369,315,54_75_1379
78,115,34,7845,238,-96,334,158,89,173,-29,1453,148,107,10,406,333,396,336,54_75_1871
79,117,34,7897,243,-95,338,159,-28,176,-28,1303,128,93,9,360,291,351,291,54_75_1915
74,112,33,7829,233,-98,331,154,-33,169,-33,1471,146,109,9,407,340,396,340,54_75_2023
80,117,34,7847,241,-94,335,161,91,176,-27,1423,146,104,10,400,324,391,327,54_75_2491
84,120,35,7905,249,-91,340,164,-23,181,-23,1295,131,91,10,364,290,357,290,54_75_3580
88,126,36,7953,262,-86,348,169,-19,187,-19,1111,112,74,13,323,231,318,231,54_23_2193
104,135,37,8092,284,-74,358,186,-4,205,-4,986,104,62,16,295,195,292,195,54_23_2282
103,131,35,8334,285,-80,365,188,-8,208,-8,938,95,58,16,279,178,274,178,54_31_990
99,130,36,8234,279,-82,361,183,-11,202,-11,958,98,59,16,285,182,279,182,54_31_2154
94,126,35,8123,270,-84,354,176,-16,194,-16,1006,101,63,15,295,194,289,194,54_31_2466
96,129,37,7892,269,-79,348,176,-10,194,-10,1031,103,68,12,291,209,286,209,54_71_494
92,126,36,7936,264,-82,346,172,-15,191,-15,1036,104,67,14,298,205,294,205,54_71_525
72,112,33,7906,235,-100,335,152,-35,168,-35,1322,127,94,8,368,294,358,294,54_71_904
101,134,37,7990,279,-76,355,182,-6,201,-6,984,104,62,15,294,193,291,193,54_71_1176
87,124,35,7949,257,-88,345,167,-20,185,-20,1168,117,79,11,337,250,331,250,54_71_1326
93,121,34,8277,268,-86,354,177,-19,196,-19,1018,103,64,15,298,197,289,197,54_31_1316
95,127,35,8175,273,-83,356,179,-14,197,-14,990,100,61,15,291,190,285,190,54_31_1366
88,123,36,7865,252,-88,340,168,99,183,-20,1392,148,100,12,398,313,391,317,54_101_314
80,116,34,7836,240,-94,334,160,91,175,-27,1436,149,105,11,407,325,398,329,54_101_1823
99,135,38,7976,274,-79,353,180,-8,198,-8,1113,115,79,11,315,245,309,245,54_25_2489
101,137,38,7985,277,-78,355,182,-6,200,-6,1089,114,77,12,311,239,306,239,54_25_2514
100,136,38,7936,274,-78,352,180,-7,198,-7,1080,114,77,12,311,239,307,239,54_25_2233
95,130,37,7901,267,-79,346,175,-11,193,-11,1149,116,82,10,321,253,313,253,54_25_2330
69,112,33,7923,233,-102,335,149,-38,166,-38,1352,129,96,9,377,303,367,303,54_71_2425
79,116,34,7827,239,-94,333,158,90,174,-28,1453,147,107,9,405,333,395,337,54_75_470
71,110,33,7789,229,-99,328,151,-35,166,-35,1465,147,108,9,409,336,397,336,54_75_1144
80,116,34,7838,240,-93,333,160,91,175,-27,1476,150,109,10,411,336,402,344,54_75_1340
78,114,34,7851,237,-96,333,158,89,173,-29,1511,152,112,9,419,344,408,355,54_75_1495
77,116,34,7862,241,-95,336,157,-29,174,-29,1317,128,95,8,362,295,352,295,54_75_1725
91,128,36,7929,262,-85,347,172,-16,189,-16,1207,122,87,10,336,269,328,269,54_75_1747
73,112,34,7824,231,-98,329,153,-34,168,-34,1462,146,108,9,406,336,395,336,54_75_1788
86,121,35,7851,249,-90,339,166,97,181,-21,1417,147,103,10,399,321,391,327,54_75_1981
77,115,34,7898,239,-97,336,157,-30,173,-30,1364,135,98,9,380,309,372,309,54_75_2006
83,120,35,7885,247,-92,339,163,-24,179,-24,1330,134,95,9,372,301,363,301,54_75_2249
87,125,36,7866,253,-88,341,167,-20,183,-20,1305,136,94,11,369,296,362,296,54_75_2477
72,112,33,7872,233,-100,333,152,-35,168,-35,1405,137,102,8,388,320,378,320,54_75_2500
86,122,35,7901,251,-90,341,166,-22,182,-22,1292,131,92,10,362,291,353,291,54_75_2512
79,116,34,7907,242,-95,337,160,-28,176,-28,1389,139,99,10,391,317,384,317,54_83_570
79,116,34,7907,244,-94,338,159,-28,176,-28,1315,130,92,10,371,294,363,294,54_83_693
76,114,34,7897,238,-97,335,156,-31,172,-31,1358,134,97,9,380,307,371,307,54_83_992
78,116,34,7925,242,-95,337,158,-29,175,-29,1317,130,93,10,371,295,363,295,54_83_1421
92,124,36,7882,255,-86,341,171,104,187,-16,1405,150,100,11,401,318,394,321,54_83_1538
83,119,34,7931,250,-92,342,163,-24,181,-24,1188,118,82,10,334,257,327,257,54_71_2314
83,120,35,7841,245,-92,337,162,93,178,-24,1392,145,101,11,395,315,387,318,54_25_509
106,139,38,8000,283,-74,357,186,-2,205,-2,1042,111,73,13,301,227,298,227,54_25_1716
93,130,37,7863,263,-83,346,172,-14,190,-14,1158,120,83,11,329,257,323,257,54_25_2137
96,130,37,7930,269,-80,349,177,-11,194,-11,1143,115,82,10,319,252,312,252,54_25_2330
98,135,38,7970,273,-80,353,179,-9,197,-9,1112,116,79,12,317,245,312,245,54_25_2514
104,133,36,8306,287,-79,366,189,-7,208,-7,929,95,57,17,278,175,273,175,54_31_1618
101,134,37,8018,279,-76,355,182,-7,201,-7,990,104,62,15,295,194,292,194,54_71_583
103,133,37,7971,280,-74,354,184,-4,203,-4,955,99,60,15,278,185,276,185,54_71_1228
73,114,33,7914,238,-98,336,154,-34,171,-34,1296,125,91,9,363,286,354,286,54_71_261
65,110,32,7943,228,-106,334,146,-43,162,-43,1382,131,98,8,384,309,373,309,54_71_1141
90,124,35,7940,259,-86,345,170,-17,188,-17,1095,111,73,11,313,229,308,229,54_71_1729
76,115,34,7943,240,-97,337,156,-31,174,-31,1265,123,89,9,354,278,345,278,54_71_2120
102,133,37,7927,278,-74,352,183,-4,201,-4,976,100,62,14,282,192,278,192,54_71_2418
97,131,37,7928,273,-79,352,178,-9,196,-9,1007,105,64,15,297,199,294,199,54_71_2821
74,113,33,7897,237,-98,335,155,-33,171,-33,1368,134,98,9,380,309,370,309,54_75_449
87,122,35,7913,254,-89,343,167,-20,184,-20,1238,126,86,10,350,273,343,273,54_75_596
89,126,36,7906,257,-88,345,169,-18,186,-18,1264,129,91,10,354,285,346,285,54_75_793
96,131,37,7963,269,-81,350,177,-12,194,-12,1161,118,83,10,324,256,317,256,54_75_1463
70,110,33,7841,228,-101,329,150,-37,165,-37,1485,145,110,8,408,343,397,343,54_75_1763
76,113,33,7842,236,-97,333,157,87,172,-30,1501,151,111,9,416,343,406,351,54_75_2169
80,117,34,7818,241,-94,335,159,91,175,-27,1417,144,104,10,396,325,386,327,54_75_2235
82,120,35,7845,245,-92,337,163,-24,178,-24,1365,140,100,10,383,312,374,312,54_75_2250
77,115,34,7929,239,-96,335,157,-31,174,-31,1394,138,100,9,390,318,381,318,54_83_116
70,110,33,7870,229,-102,331,150,-37,165,-37,1469,143,107,8,406,338,395,338,54_83_1109
85,121,35,7941,253,-89,342,166,-22,183,-22,1218,123,83,11,350,265,344,265,54_83_1458
75,112,33,7877,234,-98,332,155,-33,170,-33,1467,145,108,9,406,340,396,340,54_83_1803
84,122,35,7978,252,-90,342,164,-24,182,-24,1312,132,91,11,377,293,371,293,54_83_2473
70,115,34,7969,237,-101,338,151,-37,168,-37,1319,126,92,9,371,292,361,292,54_93_218
73,115,34,7974,238,-100,338,154,85,171,-35,1410,137,100,10,397,321,388,323,54_93_824
88,125,35,8082,262,-87,349,170,99,188,-21,1287,130,88,13,374,282,368,287,54_93_1415
72,117,34,7960,240,-100,340,153,-35,170,-35,1367,131,96,10,386,310,375,310,54_93_2147
74,113,33,7900,236,-99,335,154,-33,170,-33,1406,138,101,9,392,321,383,321,54_83_214
73,113,33,7926,236,-99,335,154,-34,170,-34,1362,133,97,9,379,307,370,307,54_83_265
75,114,34,7909,236,-98,334,155,-33,171,-33,1413,139,101,9,395,323,386,323,54_83_687
123,125,35,8242,297,-58,355,206,131,225,12,1239,129,74,14,357,270,338,287,21_65_11
126,137,41,7272,288,-46,334,43,134,216,28,1522,160,90,14,436,313,383,412,37_75_3
96,122,38,7031,248,-66,314,15,148,183,2,1848,189,123,10,509,409,456,481,37_75_16
128,134,40,7367,294,-41,335,203,45,221,30,1320,127,95,9,358,289,354,294,37_27_14
114,130,40,6906,269,-49,318,112,121,201,22,1896,190,144,8,504,448,476,468,37_175_49
115,129,40,6920,270,-47,317,114,166,202,23,1961,196,150,7,521,466,489,485,37_175_9
94,128,36,7885,262,-84,346,174,-14,190,-14,1324,145,92,13,386,293,383,293,54_67_2268
113,128,39,7247,274,-54,328,187,33,204,17,1375,131,98,9,376,302,370,302,37_11_16
118,136,42,6891,276,-47,323,40,170,204,27,1816,189,126,10,508,410,435,483,37_113_35
103,126,40,6917,255,-59,314,24,155,189,11,1900,196,129,10,529,424,461,501,37_113_177
82,118,35,7852,243,-93,336,162,92,177,-25,1420,147,104,10,401,322,392,326,54_101_689
84,120,35,7871,247,-92,339,165,95,180,-23,1436,150,104,11,406,324,398,331,54_101_705
79,115,34,7862,238,-95,333,159,90,174,-28,1526,155,112,10,425,345,415,359,54_101_1753
88,122,35,7876,252,-88,340,168,99,184,-19,1396,150,99,12,402,313,396,315,54_101_2201
86,120,35,7871,248,-91,339,166,96,181,-22,1458,154,105,11,415,327,408,335,54_101_2438
132,141,41,7354,298,-40,338,49,138,224,34,1504,161,90,14,440,312,373,410,37_39_6
95,120,38,6992,245,-65,310,15,147,182,2,1922,197,130,9,531,427,471,501,37_39_110
96,133,37,7946,269,-82,351,176,-12,194,-12,1151,119,82,11,325,256,319,256,54_25_125
94,129,37,7910,266,-80,346,174,-12,192,-12,1167,118,84,10,326,258,318,258,54_25_1274
100,136,38,7934,275,-77,352,180,-7,198,-7,1070,112,76,12,307,235,303,235,54_25_1389
76,108,35,7022,222,-80,302,74,84,164,-17,1858,182,133,8,498,431,481,448,37_87_74
132,136,40,7369,299,-38,337,129,49,225,34,1310,128,96,9,355,292,349,298,37_111_57
115,131,39,7160,276,-52,328,112,35,205,20,1395,136,100,9,377,310,370,311,37_111_43
128,136,40,7257,293,-42,335,126,47,220,32,1304,129,95,9,355,290,348,295,37_111_27
111,133,41,6901,267,-54,321,32,162,196,18,1798,186,122,10,501,402,437,475,37_113_45
101,125,39,7092,256,-64,320,172,59,189,6,1350,131,97,11,375,298,371,305,37_121_9
102,122,39,6888,253,-57,310,99,108,188,10,1893,188,143,7,502,448,481,462,37_175_30
110,130,40,6954,266,-54,320,108,116,197,17,1664,168,121,8,445,384,427,408,37_87_72
111,134,41,7026,268,-56,324,31,163,198,17,1739,182,112,11,495,377,421,468,37_39_60
125,142,42,7124,286,-47,333,44,133,214,30,1596,169,99,13,465,336,389,438,37_43_5
102,126,39,6987,256,-61,317,23,154,189,9,1847,191,122,10,518,406,449,490,37_43_11
83,110,35,7104,231,-76,307,1,135,171,-12,1962,199,133,9,534,435,483,503,37_75_4
90,124,35,7928,261,-84,345,170,-17,188,-17,1059,105,69,13,302,213,296,213,54_71_5134
77,120,35,7935,247,-95,342,158,-30,175,-30,1249,121,86,10,354,274,345,274,54_23_4051
89,119,34,8195,262,-88,350,172,-22,190,-22,1054,106,66,14,306,205,297,205,54_31_4259
69,110,33,7879,228,-102,330,150,-38,165,-38,1480,144,109,8,407,342,395,342,54_75_7814
90,125,36,7907,255,-87,342,170,102,187,-17,1372,145,98,11,389,312,382,314,54_75_7830
94,131,37,8011,266,-85,351,175,-14,193,-14,1221,127,87,11,344,274,338,274,54_75_7846
99,134,38,7961,273,-79,352,179,-9,197,-9,1142,118,80,11,322,250,315,250,54_75_7850
90,128,37,7919,259,-86,345,171,-17,188,-17,1243,127,89,10,348,279,340,279,54_75_7851
71,110,33,7828,228,-100,328,151,-35,166,-35,1488,148,110,9,412,343,401,343,54_75_7860
88,125,36,7927,258,-87,345,169,-19,186,-19,1217,124,86,10,341,269,334,269,54_75_8772
78,118,34,7963,244,-95,339,159,-30,176,-30,1343,132,94,10,381,303,373,303,54_83_5439
75,114,33,7938,239,-97,336,155,-33,172,-33,1309,127,92,9,366,291,358,291,54_83_5481
79,117,34,7918,243,-95,338,159,-28,176,-28,1333,133,94,10,376,299,368,299,54_83_5482
75,114,33,7902,238,-98,336,155,-32,172,-32,1311,128,93,9,365,292,356,292,54_83_5486
59,106,32,7921,220,-110,330,139,-48,156,-48,1444,136,103,8,400,324,387,324,54_83_8049
76,117,34,7964,243,-97,340,157,89,174,-32,1374,135,97,10,390,312,381,312,54_83_8051
82,122,35,7936,251,-92,343,162,-25,180,-25,1272,126,88,11,364,282,356,282,54_83_8058
72,114,33,7954,236,-100,336,153,-36,169,-36,1411,138,100,10,398,321,388,321,54_83_8060
75,114,33,7953,237,-99,336,155,-33,172,-33,1415,139,101,9,396,323,387,323,54_83_8106
83,119,35,7928,247,-91,338,163,-25,180,-25,1323,134,93,10,376,297,369,297,54_83_8108
82,119,35,7908,246,-93,339,163,-25,179,-25,1341,136,95,10,380,303,374,303,54_83_8109
72,111,33,7882,232,-101,333,152,-35,167,-35,1459,143,106,8,404,336,393,336,54_83_8136
77,114,34,7871,237,-97,334,157,-31,172,-31,1447,144,106,9,401,335,392,335,54_83_8144
76,114,34,7823,236,-96,332,156,88,171,-30,1477,150,109,10,412,337,402,343,54_75_5228
80,117,34,7838,242,-94,336,161,91,176,-26,1413,145,103,10,397,323,388,324,54_75_5234
98,134,37,8011,272,-82,354,178,-10,197,-10,1160,121,81,11,328,255,322,255,54_75_6159
80,117,34,7895,244,-94,338,160,-27,177,-27,1279,127,90,9,358,284,350,284,54_75_7802
76,120,34,7970,246,-97,343,157,89,174,-32,1353,131,95,10,384,305,374,308,54_93_8314
90,125,36,8088,262,-85,347,172,101,190,-19,1311,133,88,13,382,287,377,294,54_93_8321
71,115,34,7947,237,-100,337,151,-37,168,-37,1329,127,93,9,373,296,363,296,54_93_8333
83,118,35,7873,245,-92,337,164,94,179,-24,1471,154,107,11,417,331,409,339,54_101_5876
83,118,35,7842,244,-92,336,163,93,178,-24,1426,149,103,11,405,322,397,326,54_101_5880
85,120,35,7882,247,-91,338,165,96,180,-23,1434,150,104,11,406,323,398,330,54_101_8495
79,116,34,7836,239,-95,334,159,90,174,-28,1444,149,106,10,407,328,398,332,54_101_8499
79,115,34,7862,238,-95,333,159,90,174,-28,1526,155,112,10,425,345,415,359,54_101_8820
90,124,36,7878,254,-87,341,170,100,186,-18,1394,150,99,12,401,313,396,315,54_101_8822
90,126,36,8084,263,-85,348,172,101,190,-19,1297,132,88,13,379,284,372,290,54_93_5707
91,127,36,8046,264,-84,348,172,103,191,-17,1277,131,87,13,375,282,369,283,54_93_5713
78,119,34,7946,246,-95,341,159,-29,176,-29,1350,133,94,11,384,305,376,305,54_93_5723
94,128,36,8135,271,-81,352,177,106,195,-15,1249,128,85,13,368,273,361,276,54_93_8301
77,115,34,7812,237,-95,332,157,-29,172,-29,1403,143,103,10,394,320,384,320,54_25_4060
95,132,37,7923,268,-82,350,176,-12,193,-12,1148,117,82,10,323,254,316,254,54_25_4083
97,132,37,7923,269,-79,348,177,-10,195,-10,1124,115,81,11,317,248,310,248,54_25_4087
104,140,39,8016,281,-77,358,185,-4,203,-4,1084,116,76,13,313,238,309,238,54_25_4101
97,132,37,7878,270,-78,348,177,-9,195,-9,1094,113,78,11,311,240,306,240,54_25_4140
78,115,34,7806,237,-95,332,157,88,173,-29,1420,145,104,10,399,325,390,325,54_25_6688
90,127,37,7873,258,-85,343,169,-17,186,-17,1219,124,88,10,341,272,334,272,54_25_6704
83,119,34,7948,250,-92,342,163,-24,181,-24,1181,117,82,10,333,255,326,255,54_71_7782
71,112,33,7887,233,-100,333,152,-35,168,-35,1364,132,98,8,378,306,368,306,54_75_5173
85,121,35,7897,251,-90,341,165,-22,181,-22,1221,123,85,10,344,268,337,268,54_75_5178
79,116,34,7896,241,-95,336,159,-29,175,-29,1374,137,98,9,385,312,377,312,54_75_5180
67,108,32,7848,225,-103,328,147,-40,162,-40,1500,145,111,8,412,346,400,346,54_75_5189
69,109,33,7829,227,-102,329,149,-38,164,-38,1489,145,110,8,409,343,397,343,54_75_5191
92,128,36,7914,261,-85,346,172,-15,189,-15,1218,126,85,11,345,269,338,269,54_75_5200
72,111,33,7831,230,-100,330,152,-35,167,-35,1501,149,111,9,415,348,403,348,54_75_5208
80,117,34,7833,241,-94,335,160,92,175,-27,1473,151,108,10,412,334,403,343,54_75_5210
93,129,36,7931,265,-84,349,174,-14,191,-14,1193,122,84,10,335,264,328,264,54_75_5216
90,127,36,7905,259,-87,346,170,-17,187,-17,1252,128,90,10,349,282,342,282,54_75_5221
81,117,34,7842,242,-94,336,161,91,176,-26,1426,147,105,10,401,324,392,329,54_75_5231
74,113,34,7817,233,-97,330,154,-32,170,-32,1438,143,106,9,399,330,388,330,54_75_5236
75,113,34,7824,234,-97,331,155,85,170,-32,1449,147,107,10,405,333,395,333,54_75_5237
85,122,35,7903,252,-91,343,165,-22,182,-22,1251,126,88,9,350,278,342,278,54_75_6154
78,116,34,7904,242,-95,337,159,-29,175,-29,1316,130,94,9,367,295,359,295,54_75_7804
92,127,36,7916,261,-85,346,172,-16,189,-16,1211,126,84,11,344,266,337,266,54_75_7822
83,120,35,7827,245,-91,336,162,93,178,-24,1384,143,101,10,389,316,381,318,54_75_7863
92,129,37,7938,262,-85,347,172,-16,189,-16,1227,127,88,10,345,276,338,276,54_75_7870
93,129,37,7935,265,-83,348,174,-14,191,-14,1185,120,85,10,330,263,323,263,54_75_7877
95,130,37,7921,268,-81,349,175,-12,193,-12,1162,118,83,10,325,256,317,256,54_75_7882
72,110,33,7855,230,-100,330,152,83,167,-35,1511,150,112,9,418,350,406,351,54_75_8774
76,113,34,7843,235,-97,332,156,87,171,-31,1472,148,109,9,410,338,399,341,54_75_8779
94,129,36,7994,269,-82,351,175,-13,193,-13,1039,107,67,14,305,209,301,209,54_71_5085
91,127,36,7948,264,-83,347,172,-16,189,-16,1097,112,72,13,320,227,316,227,54_71_5099
104,136,38,8062,284,-73,357,186,-4,205,-4,974,103,61,16,292,190,289,190,54_71_7710
72,113,33,7926,237,-99,336,153,-35,170,-35,1314,126,93,9,366,291,357,291,54_71_7749
87,123,36,7844,253,-86,339,166,-19,183,-19,1243,123,90,9,343,277,334,277,54_25_4078
99,135,38,7960,274,-79,353,180,-8,198,-8,1110,115,79,11,315,245,309,245,54_25_4085
84,120,35,7847,246,-91,337,164,94,179,-23,1374,144,100,11,390,311,383,313,54_25_6686
92,127,36,7883,262,-82,344,172,-14,190,-14,1179,119,85,10,329,261,322,261,54_25_6706
91,128,37,7856,260,-83,343,171,-15,188,-15,1171,120,85,11,331,261,324,261,54_25_6716
95,130,37,7996,270,-81,351,175,-13,194,-13,1074,111,70,14,316,221,312,221,54_23_4054
83,120,35,7948,251,-91,342,163,-24,181,-24,1255,126,86,11,359,275,353,275,54_83_5446
96,129,37,7925,265,-82,347,176,-11,193,-11,1241,133,83,13,364,268,362,268,54_83_5495
67,108,32,7869,226,-104,330,148,-40,163,-40,1501,146,110,8,414,346,402,346,54_83_5522
93,128,36,8045,267,-81,348,175,-14,193,-14,1234,127,83,13,364,268,360,268,54_83_8050
82,118,34,7926,247,-92,339,162,-26,179,-26,1288,129,90,10,365,286,358,286,54_83_8099
73,113,33,7899,235,-99,334,153,-34,169,-34,1385,135,100,8,384,315,375,315,54_83_8104
75,114,34,7903,237,-98,335,155,-32,171,-32,1432,142,103,9,400,329,391,329,54_83_8107
76,114,34,7916,237,-97,334,157,88,173,-31,1447,144,105,9,403,334,394,334,54_83_8135
73,111,33,7883,233,-100,333,154,-34,169,-34,1473,145,108,8,408,342,397,342,54_83_8137
72,110,33,7860,229,-100,329,152,83,167,-35,1543,153,115,9,427,354,415,362,54_83_8152
94,128,36,8107,269,-81,350,176,105,195,-14,1267,130,85,13,373,278,368,280,54_93_5710
89,126,36,8004,261,-85,346,169,-19,188,-19,1275,129,87,13,372,282,366,282,54_93_5715
72,117,34,7982,240,-100,340,153,-36,170,-36,1375,132,97,10,387,313,377,313,54_93_8316
89,124,35,8110,261,-86,347,171,100,189,-20,1320,134,89,13,385,290,379,296,54_93_8324
86,124,35,8025,257,-88,345,167,98,185,-22,1304,131,90,12,378,288,372,292,54_93_8327
75,120,35,7961,245,-97,342,156,-32,173,-32,1306,126,91,10,370,292,360,292,54_93_8330
73,117,34,7917,240,-99,339,153,-34,170,-34,1314,126,92,9,370,293,360,293,54_93_8811
107,133,38,7803,280,-66,346,186,2,204,2,977,101,68,12,281,206,275,206,54_63_385
89,124,36,7866,255,-87,342,170,100,186,-18,1338,144,95,12,387,300,382,300,54_67_5055
94,128,36,7900,263,-84,347,175,-13,191,-13,1309,144,91,13,383,289,380,289,54_67_8764
79,116,34,7932,245,-94,339,159,-28,177,-28,1221,120,84,10,344,264,336,264,54_71_7742
103,133,37,7941,280,-74,354,183,-4,202,-4,943,98,59,16,277,181,275,181,54_71_7756
102,133,37,7901,279,-74,353,182,-4,201,-4,955,99,60,15,279,184,276,184,54_71_7762
93,126,36,7915,266,-81,347,174,-13,192,-13,1048,104,69,12,296,212,290,212,54_71_7767
75,114,34,7908,236,-98,334,155,-32,171,-32,1410,139,102,9,393,323,384,323,54_75_5179
82,119,35,7901,247,-93,340,162,-25,179,-25,1320,133,94,9,371,297,363,297,54_75_5181
82,119,35,7889,247,-93,340,161,-25,179,-25,1257,125,89,9,351,279,343,279,54_75_5184
70,111,33,7818,230,-100,330,150,-36,166,-36,1397,134,102,8,382,315,370,315,54_75_5187
93,129,37,7943,263,-85,348,173,-14,191,-14,1219,128,85,11,347,269,340,269,54_75_5199
75,113,34,7844,234,-97,331,155,87,170,-32,1473,146,109,9,407,342,396,342,54_75_5205
89,126,36,7894,257,-88,345,169,-18,186,-18,1268,130,91,10,355,286,346,286,54_75_5217
97,133,37,7990,270,-83,353,177,-11,195,-11,1199,127,83,11,342,264,336,264,54_75_5225
82,119,35,7854,245,-92,337,162,-25,178,-25,1397,142,102,10,390,321,380,321,54_75_5227
90,123,35,8072,265,-85,350,173,-18,191,-18,1043,103,66,14,301,205,295,205,54_31_6915
94,125,35,8187,271,-84,355,178,-16,196,-16,1005,101,63,15,294,194,288,194,54_31_6886
97,130,36,8003,274,-78,352,179,-10,197,-10,981,100,62,15,287,190,284,190,54_71_5095
77,114,34,7876,241,-94,335,157,-29,174,-29,1220,115,84,10,335,258,326,258,54_71_5140
91,126,36,8151,267,-83,350,174,103,193,-18,1291,131,86,13,377,280,370,289,54_93_5686
86,125,36,7986,258,-88,346,167,97,184,-22,1286,129,88,12,373,286,366,286,54_93_5701
94,130,37,7966,266,-84,350,175,-14,192,-14,1220,127,86,11,345,271,338,271,54_75_3599
97,132,37,8028,274,-79,353,178,-11,197,-11,1032,107,66,15,306,207,302,207,54_23_6676
91,126,36,7892,257,-86,343,172,101,188,-16,1364,148,96,13,395,306,390,306,54_101_5882
95,128,36,7905,262,-84,346,175,-13,191,-13,1367,150,95,13,399,304,394,304,54_101_6206
86,121,35,7876,248,-90,338,166,97,181,-22,1439,151,104,11,407,324,399,332,54_101_8492
80,117,35,7830,240,-94,334,160,91,175,-27,1442,149,105,10,407,327,398,331,54_101_8497
105,132,38,7772,277,-67,344,184,1,202,1,995,102,69,12,286,209,279,209,54_63_4952
97,126,37,7676,264,-73,337,175,-6,192,-6,1061,107,73,12,302,222,292,222,54_63_4956
89,124,36,7855,254,-88,342,169,99,185,-18,1348,145,96,12,389,303,383,303,54_67_5049
94,128,36,7883,262,-84,346,174,-14,190,-14,1323,145,92,13,386,293,382,293,54_67_7678
99,133,37,8057,277,-77,354,181,-9,200,-9,1037,108,66,15,308,209,304,209,54_23_4055
79,116,34,7930,243,-95,338,159,-28,176,-28,1258,124,88,9,352,277,344,277,54_71_5126
79,116,34,7927,243,-95,338,159,-28,176,-28,1342,134,95,10,378,302,370,302,54_75_5172
78,116,34,7886,240,-96,336,158,-29,174,-29,1335,132,95,9,373,301,364,301,54_75_5174
87,123,35,7907,254,-88,342,167,-20,184,-20,1261,129,89,10,356,281,348,281,54_75_5193
94,129,36,7929,265,-84,349,174,-13,192,-13,1194,125,82,11,340,261,334,261,54_75_5197
85,121,35,7856,249,-91,340,164,-22,180,-22,1371,140,100,10,383,315,374,315,54_75_5209
75,113,34,7843,234,-97,331,156,87,171,-31,1475,148,109,9,409,341,399,342,54_75_5211
76,114,34,7831,235,-96,331,156,87,171,-30,1459,148,108,10,408,334,398,337,54_75_5232
73,112,33,7793,232,-98,330,153,-33,168,-33,1452,146,107,9,405,333,393,333,54_75_5238
94,131,37,7910,266,-82,348,174,-13,192,-13,1179,120,84,10,330,262,323,262,54_75_5250
81,119,35,7871,246,-92,338,161,-26,177,-26,1287,127,92,9,356,288,347,288,54_75_6152
83,119,35,7849,244,-93,337,163,94,178,-24,1440,148,105,10,404,327,395,334,54_75_6157
66,107,32,7846,223,-104,327,146,-41,161,-41,1512,146,111,8,415,348,403,348,54_75_7813
79,116,34,7893,241,-95,336,159,-28,175,-28,1375,137,99,9,383,314,374,314,54_75_7817
95,130,37,7959,270,-80,350,176,-12,194,-12,1059,110,68,14,312,215,309,215,54_71_7711
93,127,36,7958,265,-83,348,173,-14,192,-14,1071,110,70,13,312,219,308,219,54_71_7738
78,116,34,7874,242,-95,337,158,-29,175,-29,1306,129,93,9,363,292,355,292,54_75_7807
88,124,35,7924,256,-89,345,169,-19,185,-19,1269,130,90,10,356,284,348,284,54_75_7826
69,109,33,7850,226,-102,328,150,-37,165,-37,1518,150,113,8,419,352,407,352,54_75_7834
82,117,34,7869,242,-93,335,162,92,177,-26,1464,150,107,10,410,332,401,340,54_75_7838
89,126,36,7923,258,-86,344,169,-18,187,-18,1227,124,87,9,342,273,333,273,54_75_7843
96,133,37,7989,269,-84,353,177,-12,194,-12,1186,123,84,11,335,264,328,264,54_75_7848
82,118,35,7857,243,-93,336,162,92,177,-25,1415,144,104,10,394,325,385,327,54_75_7857
77,114,34,7840,236,-96,332,158,88,173,-29,1460,149,108,10,409,333,399,338,54_75_7858
78,116,34,7838,240,-94,334,159,-28,174,-28,1412,143,104,9,394,324,384,324,54_75_7864
93,130,37,7935,264,-84,348,173,-15,191,-15,1204,124,86,10,338,269,331,269,54_75_7878
82,118,35,7912,245,-92,337,162,-26,178,-26,1339,135,95,10,377,302,370,302,54_75_8768
85,123,35,7977,255,-89,344,166,-22,184,-22,1191,119,81,11,343,257,337,257,54_71_5089
74,113,33,7909,238,-98,336,154,-33,171,-33,1311,127,93,9,365,292,356,292,54_71_5124
74,116,34,7978,240,-98,338,156,87,172,-34,1390,136,98,10,393,317,384,317,54_83_5434
92,128,36,8011,267,-82,349,174,-15,192,-15,1196,123,80,13,351,258,347,258,54_83_5435
81,119,34,7953,248,-93,341,162,-26,179,-26,1278,127,89,10,364,284,357,284,54_83_5442
75,115,34,7942,240,-98,338,155,-33,172,-33,1296,126,91,9,364,287,355,287,54_83_5478
80,117,34,7910,245,-94,339,160,-27,177,-27,1298,129,91,10,367,289,360,289,54_83_5479
85,120,35,7907,249,-90,339,165,-23,181,-23,1350,138,95,11,384,305,378,305,54_83_5496
89,123,35,7889,254,-88,342,169,-18,185,-18,1327,139,92,11,381,297,376,297,54_83_5504
77,113,33,7871,236,-97,333,157,89,172,-30,1536,154,113,9,426,349,415,362,54_83_6178
83,120,35,7941,250,-91,341,163,-24,181,-24,1244,125,85,11,356,272,350,272,54_83_8067
78,116,34,7932,242,-95,337,158,-29,175,-29,1271,125,89,10,358,280,350,280,54_83_8100
79,121,35,7967,249,-94,343,159,91,177,-29,1343,131,93,11,383,301,373,304,54_93_5698
72,116,34,7948,239,-101,340,152,-36,169,-36,1326,127,93,9,373,296,363,296,54_93_5717
101,131,36,8216,280,-75,355,185,-8,204,-8,1223,127,82,14,364,267,357,267,54_93_6194
91,127,36,8031,264,-83,347,173,-16,191,-16,1257,129,85,13,369,276,364,276,54_93_6195
69,115,33,7992,237,-103,340,151,-39,167,-39,1374,131,97,9,386,311,376,311,54_93_8311
68,114,33,7974,235,-103,338,149,-40,166,-40,1340,127,94,9,376,298,365,298,54_93_8331
71,115,34,7954,237,-101,338,151,-37,168,-37,1324,126,93,9,371,294,361,294,54_93_8334
83,122,35,7958,253,-91,344,163,-25,181,-25,1309,130,90,11,376,293,369,293,54_93_8335
98,130,36,8153,275,-78,353,180,109,200,-11,1250,129,84,14,370,275,364,275,54_93_8809
90,124,36,7900,255,-88,343,170,101,186,-18,1390,149,99,12,399,312,393,315,54_101_5878
96,128,36,7917,265,-83,348,176,-12,193,-12,1358,150,93,14,398,299,395,299,54_101_5891
81,117,34,7850,242,-93,335,161,92,176,-26,1424,148,104,11,404,322,395,326,54_101_6207
90,124,36,7876,255,-87,342,171,101,186,-17,1411,152,100,12,407,316,401,319,54_101_8493
79,118,34,7937,247,-94,341,159,-28,177,-28,1200,117,82,10,340,257,332,257,54_71_5101
89,124,35,7921,260,-86,346,169,-17,188,-17,1069,108,70,12,307,219,302,219,54_71_5116
72,113,33,7924,235,-100,335,153,-35,169,-35,1328,128,94,9,369,295,360,295,54_71_5123
78,115,34,7915,242,-95,337,158,-29,175,-29,1261,123,88,9,353,277,345,277,54_71_5125
70,111,33,7892,232,-101,333,151,-36,167,-36,1368,131,98,8,377,307,367,307,54_71_5128
74,115,34,7922,240,-97,337,155,-33,172,-33,1302,126,91,9,365,288,357,288,54_71_7716
73,113,33,7915,236,-99,335,153,-34,170,-34,1334,129,95,8,370,298,361,298,54_71_7751
98,134,38,7980,272,-80,352,178,-10,196,-10,1135,117,81,11,320,251,313,251,54_25_4080
103,139,38,8018,280,-78,358,184,-5,202,-5,1097,116,77,12,315,241,311,241,54_25_4091
92,129,37,7874,262,-84,346,172,-15,189,-15,1177,122,85,11,334,263,328,263,54_25_4093
95,131,37,7893,266,-81,347,175,-12,192,-12,1122,116,81,11,320,248,314,248,54_25_4096
99,134,38,7933,273,-78,351,180,-7,198,-7,1094,112,78,11,309,240,304,240,54_25_4138
80,117,34,7887,244,-93,337,160,-27,177,-27,1329,133,95,9,372,300,364,300,54_75_5177
81,118,35,7890,244,-93,337,162,-26,178,-26,1404,142,103,9,390,324,380,324,54_75_5212
77,115,34,7806,238,-95,333,157,88,173,-29,1426,144,105,10,398,328,388,328,54_75_5235
73,112,33,7873,233,-99,332,154,-34,169,-34,1481,146,109,8,408,343,397,343,54_75_6155
70,110,33,7870,229,-102,331,150,-37,165,-37,1469,143,107,8,406,338,395,338,54_75_7806
80,118,34,7895,245,-93,338,160,-27,177,-27,1261,124,89,9,351,279,342,279,54_75_7809
78,115,34,7827,238,-95,333,158,89,173,-29,1459,146,108,9,403,337,393,340,54_75_7831
79,116,34,7842,240,-94,334,159,-28,174,-28,1427,143,105,9,395,330,385,330,54_75_7837
79,116,34,7834,239,-95,334,159,90,174,-28,1466,150,108,10,410,334,400,340,54_75_7856
82,118,35,7868,244,-93,337,162,92,178,-25,1378,142,101,10,388,315,380,315,54_75_7867
93,131,37,7946,265,-84,349,174,-14,191,-14,1193,123,85,10,335,266,328,266,54_75_7881
74,112,33,7859,233,-99,332,153,-33,169,-33,1439,141,106,8,396,331,385,331,54_75_8770
86,124,35,8107,260,-88,348,168,99,187,-23,1287,130,87,13,374,279,367,288,54_77_5316
84,124,35,7961,256,-90,346,165,-23,182,-23,1155,114,78,11,332,245,325,245,54_23_4052
92,128,36,8002,265,-83,348,173,-16,191,-16,1201,123,80,13,353,259,348,259,54_83_5431
89,125,36,7955,258,-85,343,169,-18,187,-18,1256,129,85,12,365,275,362,275,54_83_5456
79,116,34,7911,243,-95,338,159,-28,176,-28,1300,129,92,9,365,290,357,290,54_83_5487
83,119,35,7919,246,-92,338,163,-25,179,-25,1359,138,96,10,386,308,379,308,54_83_5489
75,113,33,7898,236,-98,334,156,87,171,-32,1451,144,105,9,405,335,395,335,54_83_5514
73,111,33,7883,233,-100,333,154,-34,169,-34,1473,145,108,8,408,342,397,342,54_83_5517
97,131,37,7967,268,-80,348,178,-10,196,-10,1202,129,78,14,356,254,356,254,54_83_8090
81,118,34,7940,246,-93,339,162,-26,179,-26,1297,130,91,10,368,289,361,289,54_83_8098
69,114,33,7926,236,-102,338,149,-39,166,-39,1347,128,95,9,378,302,368,302,54_93_5716
73,117,34,7973,242,-99,341,154,-35,171,-35,1376,133,97,10,389,313,379,313,54_93_6192
94,127,36,8138,269,-81,350,176,105,195,-15,1277,131,86,13,376,279,369,283,54_93_8322
83,119,35,7860,245,-92,337,163,94,179,-24,1424,149,103,11,404,322,396,326,54_101_5881
93,126,36,7918,259,-85,344,173,-15,189,-15,1378,150,96,13,400,308,396,308,54_101_5890
92,126,36,7911,259,-85,344,172,-16,189,-16,1357,148,95,13,395,303,390,303,54_101_5892
98,134,38,7977,272,-80,352,179,-10,196,-10,1124,117,80,11,319,248,314,248,54_25_4092
97,133,37,7935,271,-80,351,177,-10,195,-10,1132,116,81,11,318,250,312,250,54_25_6705
105,139,38,8005,283,-74,357,186,-2,205,-2,1059,111,74,12,303,230,298,230,54_25_6710
97,134,38,7913,270,-80,350,177,-10,195,-10,1108,117,79,12,318,245,314,245,54_25_6730
100,134,38,7923,274,-76,350,181,-7,198,-7,1076,111,77,11,306,235,301,235,54_25_6764
94,128,36,7869,262,-84,346,174,-13,190,-13,1307,144,91,14,383,288,379,288,54_67_5054
79,116,34,7842,240,-94,334,159,89,174,-28,1414,145,104,10,398,323,388,324,54_25_6684
95,132,37,7920,268,-82,350,175,-12,193,-12,1136,117,81,11,322,251,316,251,54_25_6708
95,130,37,7848,267,-78,345,175,-10,193,-10,1106,113,80,11,313,243,307,243,54_25_6766
88,122,35,7868,252,-88,340,168,98,183,-20,1379,148,98,12,397,310,391,311,54_67_7673
80,120,35,7956,248,-94,342,160,-28,178,-28,1232,120,85,10,349,269,342,269,54_71_5088
84,123,35,8058,256,-90,346,166,95,183,-25,1316,131,90,12,380,288,372,297,54_93_5689
77,121,35,7968,247,-96,343,158,89,175,-31,1344,130,94,11,382,303,372,305,54_93_5699
72,116,34,7986,239,-100,339,153,-36,170,-36,1319,126,92,9,371,293,361,293,54_93_5718
89,126,36,8027,262,-85,347,171,-18,189,-18,1266,129,86,13,370,279,364,279,54_93_6196
89,125,35,8134,263,-86,349,172,101,190,-20,1304,132,87,13,380,283,373,292,54_93_8297
92,127,36,8067,266,-83,349,174,104,192,-16,1277,131,86,13,376,281,370,283,54_93_8326
78,115,34,7835,238,-95,333,158,89,173,-29,1447,148,106,10,406,330,397,333,54_101_5895
93,126,36,7918,259,-85,344,173,-15,189,-15,1378,150,96,13,400,308,396,308,54_101_6209
93,127,36,7912,260,-86,346,173,103,189,-15,1349,146,95,12,390,303,385,303,54_101_8496
93,129,37,7905,264,-83,347,174,-14,191,-14,1179,120,85,10,330,262,323,262,54_25_6702
96,133,38,7920,269,-81,350,176,-11,194,-11,1127,118,81,12,322,251,317,251,54_25_6714
99,133,37,7922,273,-78,351,180,-8,197,-8,1091,112,78,11,309,240,304,240,54_25_6762
86,119,34,8083,257,-89,346,168,-23,186,-23,1082,107,69,13,312,214,304,214,54_31_6911
82,118,34,7947,249,-92,341,162,-25,180,-25,1160,114,79,10,327,246,320,246,54_71_5118
81,118,35,7828,242,-93,335,161,92,176,-26,1410,146,103,10,398,320,390,323,54_25_4061
88,125,36,7843,256,-86,342,168,-18,184,-18,1237,125,90,10,345,278,337,278,54_25_4079
97,132,37,7929,270,-79,349,177,-10,195,-10,1140,116,81,10,319,251,312,251,54_25_4081
107,140,39,8021,285,-73,358,188,-1,206,-1,1041,110,73,12,299,227,295,227,54_25_4095
92,128,37,7873,262,-82,344,172,-14,189,-14,1173,118,85,10,328,260,320,260,54_25_6709
96,134,38,7931,269,-81,350,176,-11,194,-11,1133,119,81,12,324,252,319,252,54_25_6723
97,132,37,7891,270,-78,348,178,-9,196,-9,1082,111,78,11,307,237,302,237,54_25_6768
81,118,34,7924,248,-91,339,162,-26,179,-26,1203,119,82,10,342,260,335,260,54_71_5122
93,129,36,7934,268,-82,350,174,-13,192,-13,1044,107,67,14,305,210,301,210,54_71_5087
81,117,34,7932,247,-93,340,162,-26,179,-26,1205,119,83,10,339,261,332,261,54_71_5127
92,126,36,7896,259,-85,344,172,-15,189,-15,1338,146,94,13,389,298,385,298,54_67_5051
99,131,37,7907,271,-79,350,179,-8,197,-8,1281,144,87,15,380,278,378,278,54_67_5053
89,125,36,7936,258,-86,344,170,-18,187,-18,1198,123,82,11,342,260,336,260,54_75_5183
76,113,34,7881,235,-97,332,156,-31,171,-31,1460,145,107,9,404,338,393,338,54_75_5190
84,120,35,7878,246,-92,338,164,96,180,-23,1432,147,105,10,400,327,391,332,54_75_5204
87,124,36,7873,253,-89,342,166,-20,183,-20,1287,131,93,10,359,291,350,291,54_75_5224
94,130,37,7919,266,-82,348,174,-13,192,-13,1179,120,84,10,330,261,322,261,54_75_5251
79,117,35,7834,240,-94,334,160,-27,175,-27,1400,142,103,9,391,321,381,321,54_75_6163
81,118,35,7896,245,-92,337,161,-26,178,-26,1311,132,93,10,370,294,362,294,54_75_7801
74,112,33,7848,232,-98,330,154,85,169,-33,1492,149,111,9,413,344,402,347,54_75_7836
96,132,37,7934,268,-82,350,176,-11,194,-11,1185,125,82,11,339,259,332,259,54_75_7840
81,118,35,7861,243,-93,336,162,92,177,-26,1446,148,106,10,404,330,395,335,54_75_7855
70,110,33,7797,228,-100,328,150,-36,165,-36,1468,146,109,9,408,337,396,337,54_75_7865
70,111,33,7825,231,-100,331,150,-36,166,-36,1395,134,102,8,381,315,370,315,54_75_8769
90,123,36,7892,254,-87,341,171,101,186,-17,1430,154,101,12,411,321,405,324,54_101_5873
82,123,35,8062,254,-91,345,164,93,181,-27,1315,130,90,12,378,287,370,297,54_77_5326
82,117,34,8043,252,-91,343,164,-26,182,-26,1115,109,72,13,318,223,310,223,54_31_4292
104,133,36,8298,287,-79,366,188,-7,208,-7,930,95,57,17,278,175,273,175,54_31_6883
80,117,34,7920,248,-92,340,161,-26,178,-26,1163,111,79,11,324,242,316,242,54_71_7754
91,124,35,7913,262,-83,345,171,-15,189,-15,1055,104,69,13,299,212,294,212,54_71_7760
96,128,35,8149,274,-83,357,179,-13,197,-13,979,99,61,16,289,188,284,188,54_31_4264
105,132,35,8375,289,-78,367,191,-7,211,-7,926,94,57,16,277,175,272,175,54_27_4202
103,132,36,8327,286,-80,366,188,-8,208,-8,938,95,58,16,279,178,274,178,54_31_4251
89,124,36,7889,255,-88,343,170,-18,186,-18,1358,146,96,12,392,305,386,305,54_67_5052
102,133,37,7934,273,-78,351,182,-6,199,-6,1272,143,86,15,378,275,376,275,54_67_7677
64,110,33,7937,227,-106,333,145,-43,162,-43,1392,132,99,8,387,312,376,312,54_83_5429
90,125,36,7990,261,-85,346,170,-18,189,-18,1233,126,83,12,359,268,355,268,54_83_5438
83,120,35,7947,251,-91,342,163,-24,181,-24,1241,124,85,11,355,272,349,272,54_83_5443
76,114,33,7935,239,-97,336,157,-31,173,-31,1402,139,100,9,394,320,385,320,54_83_5488
86,124,36,7955,256,-87,343,166,-21,184,-21,1241,125,85,12,359,272,353,272,54_83_8057
82,119,35,7918,247,-92,339,162,-25,179,-25,1281,128,89,10,365,284,358,284,54_83_8095
75,114,33,7937,239,-97,336,156,-32,173,-32,1293,126,91,9,362,286,353,286,54_83_8101
78,116,34,7931,242,-95,337,158,-29,175,-29,1321,131,93,9,372,295,364,295,54_83_8102
87,122,35,7933,253,-89,342,168,-20,184,-20,1312,136,91,11,377,292,372,292,54_83_8115
77,114,34,7858,237,-97,334,157,88,172,-30,1465,146,107,9,406,339,396,340,54_83_8138
83,117,34,7872,243,-92,335,164,95,179,-24,1509,155,110,10,421,339,412,356,54_83_8150
75,114,34,7890,237,-98,335,155,-32,171,-32,1406,139,101,9,393,321,384,321,54_83_5490
72,111,33,7903,232,-100,332,153,-35,168,-35,1453,142,106,8,402,335,392,335,54_83_5515
81,116,34,7864,241,-94,335,161,92,176,-26,1510,154,111,10,421,342,411,354,54_83_5531
102,136,38,7957,278,-75,353,183,-4,202,-4,1051,109,75,12,301,230,296,230,54_25_6763
99,131,36,8018,277,-78,355,181,-8,199,-8,971,100,61,16,287,187,284,187,54_71_7718
101,134,37,7999,278,-76,354,182,-7,200,-7,987,104,62,15,294,193,292,193,54_71_7725
98,130,37,7886,273,-77,350,178,-8,197,-8,995,101,64,14,285,197,281,197,54_71_7765
91,128,36,7975,265,-84,349,172,-16,190,-16,1081,110,71,13,316,222,311,222,54_71_5084
63,107,32,7869,222,-107,329,143,-44,159,-44,1430,135,103,8,393,321,381,321,54_71_5114
89,127,36,7944,263,-85,348,170,-17,188,-17,1094,111,72,13,318,226,313,226,54_71_7712
78,116,34,7914,242,-96,338,159,-29,175,-29,1297,128,92,9,362,288,353,288,54_75_5175
92,128,36,7925,262,-85,347,172,-15,189,-15,1201,123,84,10,338,264,330,264,54_75_5213
90,127,36,7896,257,-88,345,170,-17,186,-17,1280,135,92,11,365,289,359,289,54_75_5239
71,110,33,7825,228,-100,328,151,82,166,-35,1501,150,111,9,417,347,406,347,54_75_6161
73,112,33,7909,235,-99,334,153,-34,170,-34,1342,130,96,8,372,301,362,301,54_75_7800
76,114,34,7857,236,-97,333,156,-31,171,-31,1443,143,106,8,398,333,387,333,54_75_8775
75,114,34,7817,234,-96,330,155,86,171,-31,1450,146,107,9,404,334,394,334,54_75_7862
85,123,35,7963,254,-89,343,166,-22,183,-22,1302,131,90,12,376,290,370,290,54_83_5430
82,119,34,7956,249,-92,341,162,-25,180,-25,1250,125,86,10,356,275,350,275,54_83_5480
76,115,34,7935,239,-97,336,156,-32,173,-32,1344,132,95,9,377,303,369,303,54_83_5483
69,109,33,7879,228,-102,330,150,-38,165,-38,1489,145,110,8,410,344,398,344,54_83_5523
70,109,33,7875,228,-102,330,150,-38,165,-38,1506,147,111,8,414,349,403,349,54_83_5524
74,111,33,7862,232,-99,331,154,85,169,-34,1533,153,114,9,425,351,414,359,54_83_5532
82,123,35,7937,253,-92,345,162,-25,180,-25,1234,121,85,11,352,271,345,271,54_83_8055
75,116,34,7961,240,-98,338,156,-33,172,-33,1384,136,98,10,391,315,383,315,54_83_8056
85,123,35,7961,254,-88,342,166,-22,184,-22,1248,126,85,11,360,274,354,274,54_83_8064
87,123,35,7952,256,-88,344,167,-20,185,-20,1235,126,84,12,357,269,353,269,54_83_8066
74,114,33,7915,238,-98,336,154,-33,171,-33,1301,126,92,9,364,289,355,289,54_83_8094
72,111,33,7892,231,-100,331,152,-36,167,-36,1460,143,107,8,403,336,392,336,54_83_8145
74,114,34,7864,237,-98,335,155,-32,170,-32,1367,133,99,8,376,309,365,309,54_75_7810
94,129,37,7915,264,-84,348,173,-13,191,-13,1196,125,83,11,341,262,335,262,54_75_7824
96,133,37,7983,269,-84,353,177,-12,194,-12,1194,125,84,11,338,265,331,265,54_75_7847
80,117,34,7842,241,-94,335,160,91,176,-27,1427,146,105,10,400,326,391,329,54_75_7859
92,126,36,7908,258,-87,345,172,103,188,-16,1372,147,97,12,393,309,387,311,54_101_5879
88,123,36,7872,252,-88,340,168,98,184,-20,1375,146,99,12,394,309,387,312,54_101_8498
96,129,37,7904,265,-82,347,177,-11,193,-11,1348,149,93,14,396,297,392,297,54_101_8508
79,116,34,7804,239,-94,333,158,89,173,-28,1416,145,104,10,399,323,389,325,54_25_4063
97,134,38,7958,270,-81,351,177,-11,195,-11,1140,118,81,11,323,253,317,253,54_25_4082
78,121,35,7980,248,-95,343,159,90,176,-30,1357,132,95,11,386,303,377,309,54_93_8313
82,120,34,7918,251,-92,343,162,-25,180,-25,1168,115,79,11,333,248,326,248,54_71_7727
100,131,36,8199,280,-80,360,184,-10,202,-10,957,97,58,16,284,181,280,181,54_31_6903
97,127,35,8230,275,-83,358,180,-14,199,-14,981,99,61,15,289,188,283,188,54_31_4261
99,128,35,8251,278,-81,359,183,-12,202,-12,969,98,60,16,286,184,280,184,54_31_6880
84,120,35,7935,253,-89,342,165,-23,183,-23,1112,108,74,12,315,227,308,227,54_71_7721
93,126,36,7927,266,-82,348,173,-13,192,-13,1030,103,67,13,294,205,290,205,54_71_7757
103,121,34,8024,275,-71,346,196,-4,204,-4,1106,107,73,13,310,223,304,223,51_165_117
91,112,32,8126,258,-83,341,173,-18,192,-18,1153,113,74,14,324,229,315,229,51_157_2
75,102,31,8000,235,-93,328,88,-32,175,-32,1292,125,85,13,366,262,340,262,51_139_46
94,115,33,8052,262,-79,341,177,-14,195,-14,1152,111,74,13,320,230,314,230,51_113_30
87,110,32,8006,251,-84,335,98,-21,187,-21,1223,119,80,13,345,247,326,247,51_79_12
88,110,32,7973,252,-82,334,100,-19,187,-19,1224,119,80,13,344,248,326,248,51_79_1
87,118,35,7619,248,-81,329,165,-16,181,-16,1141,115,80,11,325,244,311,244,51_71_52
90,120,36,7600,252,-77,329,168,-12,184,-12,1104,111,77,11,315,235,301,235,51_71_17
83,106,31,8148,247,-89,336,166,-27,184,-27,1207,118,78,13,337,241,326,241,51_157_21
110,135,39,7654,281,-63,344,188,7,206,7,973,101,65,13,285,203,271,203,51_155_69
106,133,39,7605,276,-65,341,184,4,201,4,1008,102,67,13,292,211,277,211,51_197_80
108,130,38,7782,280,-62,342,188,4,206,4,1031,102,71,11,289,215,283,215,51_45_73
103,128,37,7625,270,-67,337,181,19,198,1,1019,106,73,13,298,221,283,222,51_21_67
107,134,39,7631,278,-65,343,185,23,203,5,1016,105,72,12,296,218,283,221,51_197_91
99,127,38,7397,262,-68,330,174,0,191,0,1146,115,78,11,325,244,307,244,51_197_97
98,125,38,7350,260,-67,327,173,17,190,-1,1185,118,83,11,336,257,319,257,51_173_81
105,131,39,7495,271,-64,335,181,21,199,4,1095,112,79,12,318,238,304,243,51_173_84
109,120,36,7538,269,-59,328,185,65,202,7,1215,126,81,12,349,266,337,280,51_169_93
120,126,37,7710,286,-50,336,199,128,216,17,1173,121,73,12,333,248,320,285,51_169_100
109,121,36,7655,272,-59,331,187,117,205,7,1250,127,80,11,353,269,340,301,51_195_85
106,127,35,8109,283,-71,354,189,-2,208,-2,1024,101,66,15,293,202,290,202,51_139_60
96,121,34,8198,270,-82,352,179,-14,198,-14,1046,104,66,15,301,203,295,203,51_171_88
99,123,34,8139,274,-79,353,182,-10,201,-10,1043,103,66,15,299,204,294,204,51_139_57
113,128,36,7941,287,-60,347,205,7,213,7,1111,108,76,12,307,233,297,233,51_15_159
114,127,36,7897,286,-58,344,206,9,213,9,1135,110,78,11,308,241,298,241,51_125_85
109,128,37,7881,283,-62,345,190,5,209,5,1117,107,76,11,301,236,292,236,51_15_167
94,125,35,8164,271,-83,354,178,-15,196,-15,1011,102,63,15,295,195,289,195,51_171_101
106,133,36,8118,287,-74,361,189,-3,207,-3,929,95,57,16,275,177,273,177,51_171_105
83,118,34,7898,251,-88,339,163,-23,182,-23,1137,109,76,11,317,234,309,234,51_165_179
90,123,35,7864,260,-82,342,170,-15,188,-15,1113,107,75,11,306,231,298,231,51_15_174
95,118,35,7801,261,-73,334,104,-9,193,-9,1254,123,87,10,343,270,317,270,51_9_93
125,128,37,7847,295,-46,341,205,21,224,21,1071,105,73,10,294,231,286,231,51_163_127
98,124,36,7832,267,-72,339,178,-7,196,-7,1160,111,82,9,314,250,304,250,51_163_138
103,130,37,7844,276,-68,344,184,-1,202,-1,1070,106,76,11,298,228,292,228,51_5_94
104,132,36,8071,284,-73,357,187,-4,205,-4,941,96,58,16,278,179,276,179,51_165_43
105,133,37,8033,284,-72,356,187,-2,205,-2,936,97,58,17,277,177,275,177,51_165_108
108,134,37,8011,288,-68,356,202,2,209,2,942,97,59,16,276,182,274,182,51_165_64
101,130,37,7935,277,-73,350,182,-5,201,-5,997,100,65,14,284,198,280,198,51_15_122
87,122,35,7905,257,-86,343,168,-19,185,-19,1115,108,75,11,309,232,301,232,51_15_118
92,125,36,7894,263,-82,345,172,-14,190,-14,1086,106,73,11,302,225,294,225,51_15_116
99,130,36,8077,277,-78,355,182,-9,200,-9,971,98,60,16,286,186,282,186,51_165_82
126,131,38,7824,297,-46,343,205,133,224,22,1163,119,69,13,325,240,312,294,51_169_50
103,130,39,7415,267,-66,333,177,20,195,3,1125,113,78,11,322,242,305,243,51_197_7
101,128,38,7393,264,-65,329,176,20,194,2,1163,116,82,11,331,253,315,255,51_173_21
92,118,36,7490,251,-73,324,168,48,185,-9,1128,115,83,12,327,249,310,251,51_21_53
106,131,38,7639,275,-64,339,184,22,202,4,1020,107,73,13,299,221,286,224,51_21_37
105,130,38,7514,271,-64,335,181,61,198,4,1086,112,78,12,316,238,303,243,51_21_27
92,119,37,7339,250,-71,321,166,11,183,-7,1218,121,87,10,347,268,330,268,51_173_32
104,123,36,7861,274,-67,341,113,-1,203,-1,1175,114,81,11,320,250,304,250,51_15_104
100,120,35,7826,268,-69,337,108,-4,199,-4,1230,121,85,11,337,265,311,265,51_9_75
100,124,38,7359,260,-66,326,174,18,192,1,1210,120,87,11,346,265,331,268,51_173_64
86,115,35,7527,244,-79,323,163,-15,180,-15,1158,115,82,11,331,250,313,250,51_71_25
119,134,38,7916,296,-54,350,200,14,219,14,995,100,69,12,280,211,276,211,51_45_45
94,125,37,7733,262,-75,337,173,-9,190,-9,1114,110,79,10,311,238,303,238,51_45_38
122,132,38,7856,298,-48,346,203,18,221,18,991,98,69,11,277,210,273,210,51_45_13
107,130,38,7727,278,-63,341,185,3,204,3,1015,101,69,12,287,210,278,210,51_45_40
95,124,35,8216,270,-84,354,178,-16,197,-16,1011,102,63,15,296,195,289,195,51_171_96
106,134,38,7921,282,-69,351,187,0,205,0,1065,107,75,11,298,228,292,228,51_5_84
113,133,38,7865,287,-60,347,193,8,211,8,1011,101,71,11,285,214,279,214,51_45_59
109,138,38,7968,287,-68,355,191,2,208,2,1019,105,72,12,290,219,286,219,51_5_104
114,130,37,7824,287,-57,344,194,9,212,9,1046,103,73,11,290,221,285,221,51_23_113
115,125,36,7805,285,-54,339,195,11,213,11,1108,107,77,10,302,237,294,237,51_23_98
87,122,35,7954,257,-87,344,167,-20,185,-20,1088,106,72,12,309,220,303,220,51_165_185
77,114,33,7905,243,-93,336,157,-29,175,-29,1196,113,81,11,332,249,323,249,51_165_191
97,128,36,7910,273,-76,349,178,-8,197,-8,1008,101,65,14,288,199,283,199,51_165_198
97,128,36,7924,271,-78,349,178,-9,196,-9,1025,102,67,13,290,205,284,205,51_15_186
100,130,37,7886,276,-73,349,181,-5,199,-5,1041,103,69,12,291,213,284,213,51_15_203
92,125,36,7879,265,-80,345,172,-13,190,-13,1112,108,76,10,306,235,297,235,51_91_77
114,131,37,7881,289,-58,347,195,10,214,10,1070,105,74,11,295,227,286,227,51_5_74
81,119,35,7876,247,-92,339,161,-26,178,-26,1262,124,90,9,349,280,339,280,51_91_85
96,131,37,7901,270,-81,351,176,-10,194,-10,1108,113,76,11,313,238,306,238,51_91_87
97,131,37,7917,271,-79,350,177,-10,195,-10,1125,115,78,11,317,243,309,243,51_91_90
105,136,38,7960,282,-72,354,186,-2,204,-2,1075,111,74,11,305,229,298,229,51_17_114
115,136,38,7954,293,-61,354,196,9,214,9,1037,104,72,11,291,218,283,218,51_17_135
89,121,36,7681,253,-80,333,168,-14,184,-14,1153,113,81,10,322,245,312,245,51_45_83
103,127,37,7643,271,-67,338,182,19,199,1,995,104,69,13,291,213,277,213,51_71_87
100,125,37,7473,263,-66,329,176,56,193,0,1141,116,83,12,331,251,317,257,51_173_88
88,115,36,7236,242,-73,315,162,-9,178,-9,1330,130,93,10,374,288,358,288,51_77_84
94,119,37,7270,250,-69,319,167,14,185,-3,1293,126,91,10,367,283,353,283,51_173_99
99,129,37,7887,273,-75,348,179,-6,198,-6,1081,106,74,11,299,227,290,227,51_15_221
113,133,38,7905,289,-60,349,194,8,213,8,1067,105,73,11,295,225,285,225,51_163_135
99,130,37,7918,272,-76,348,179,-8,197,-8,1124,113,79,10,313,244,306,244,51_17_126
111,133,38,7853,287,-61,348,192,7,210,7,1056,105,74,11,294,224,287,224,51_5_81
124,138,39,7925,303,-50,353,206,19,224,19,992,100,67,12,280,208,276,208,51_23_110
95,126,36,7956,270,-79,349,177,-11,195,-11,1018,102,65,14,292,200,288,200,51_165_70
106,133,37,7906,284,-68,352,187,1,206,1,992,100,65,13,281,199,277,199,51_15_22
112,126,35,8054,288,-63,351,206,5,213,5,1059,105,69,14,304,213,297,213,51_165_118
107,123,35,8003,280,-66,346,200,0,207,0,1113,108,74,13,312,227,303,227,51_3_7
93,116,34,7909,260,-77,337,103,-13,192,-13,1203,116,81,12,332,250,317,250,51_15_51
107,130,38,7685,278,-62,340,185,4,204,4,1003,100,68,12,284,207,275,207,51_121_81
133,133,38,7877,306,-40,346,213,28,232,28,1024,102,69,11,285,221,276,221,51_19_130
94,125,35,7962,268,-80,348,176,-12,194,-12,1029,102,66,14,294,203,290,203,51_165_116
105,132,37,7960,283,-71,354,186,-1,205,-1,963,98,61,15,278,188,276,188,51_165_24
105,122,35,7995,277,-68,345,198,-1,206,-1,1116,108,74,13,313,227,305,227,51_3_28
98,123,37,7290,257,-67,324,172,17,189,0,1234,122,88,10,351,270,335,272,51_173_29
100,132,37,7904,275,-76,351,180,-6,198,-6,1032,105,68,12,293,212,286,212,51_91_15
113,136,39,7712,286,-61,347,191,27,209,9,955,100,65,13,280,201,268,203,51_21_46
108,135,39,7535,277,-63,340,184,7,202,7,1064,108,71,12,306,224,289,224,51_77_28
86,123,36,7890,253,-88,341,166,-21,183,-21,1260,125,91,9,348,282,338,282,51_17_67
99,133,37,7979,274,-78,352,180,-8,198,-8,1130,116,80,11,318,247,311,247,51_17_68
112,137,38,7959,291,-63,354,194,6,212,6,1007,103,70,12,286,213,282,213,51_5_30
110,135,38,7898,286,-65,351,191,4,208,4,1007,103,71,12,286,214,281,214,51_5_54
114,134,38,7849,289,-59,348,194,9,212,9,977,99,68,12,278,206,272,206,51_45_9
105,131,38,7731,277,-66,343,184,2,202,2,987,101,67,13,284,205,275,205,51_45_30
105,130,38,7654,275,-64,339,183,3,201,3,1020,101,69,12,288,210,279,210,51_121_17
103,130,38,7545,270,-66,336,180,20,198,2,1062,109,77,12,309,231,295,234,51_197_34
91,124,36,7869,262,-81,343,171,-14,189,-14,1113,108,76,10,305,234,297,234,51_15_76
102,129,37,7866,275,-72,347,182,-3,200,-3,1089,107,74,11,300,228,290,228,51_15_86
101,130,36,8106,279,-77,356,184,-8,202,-8,958,97,59,16,282,183,278,183,51_171_104
125,130,37,7828,297,-47,344,205,21,223,21,1059,104,72,10,291,228,282,228,51_163_125
99,127,37,7764,269,-72,341,178,-5,195,-5,1090,108,77,11,304,232,297,232,51_5_17
119,131,37,7867,295,-52,347,200,15,219,15,1006,99,70,11,281,213,276,213,51_45_33
119,133,38,7826,295,-52,347,199,15,218,15,974,97,68,11,275,206,269,206,51_45_23
122,138,39,7923,300,-53,353,203,16,221,16,1016,102,69,12,285,213,278,213,51_17_12
119,127,37,7822,291,-50,341,200,16,218,16,1090,106,75,10,298,234,290,234,51_23_55
127,134,38,7884,301,-46,347,207,22,226,22,1020,102,69,11,285,216,280,216,51_23_50
109,125,36,7829,280,-61,341,189,5,208,5,1144,109,79,10,306,246,295,246,51_163_94
121,130,37,7856,293,-51,344,201,17,220,17,1068,104,73,10,292,230,282,230,51_163_26
110,124,36,7807,279,-60,339,190,6,208,6,1150,109,80,10,307,248,297,248,51_163_4
93,120,36,7582,255,-74,329,170,-9,187,-9,1077,110,75,12,311,231,295,231,51_71_22
98,126,37,7655,266,-72,338,176,-5,194,-5,1037,105,71,12,296,217,286,217,51_71_45
101,126,37,7642,268,-69,337,180,-1,197,-1,1012,105,70,12,295,216,280,216,51_71_9
112,128,37,7859,285,-60,345,193,8,211,8,1113,107,76,11,300,238,289,238,51_163_38
113,128,37,7837,285,-58,343,193,9,212,9,1116,107,77,10,301,240,290,240,51_163_60
108,125,35,8162,283,-72,355,191,-2,209,-2,1073,105,69,14,304,214,300,214,51_113_16
82,107,32,7999,244,-87,331,94,-25,182,-25,1248,122,81,13,355,251,330,251,51_113_18
109,134,39,7645,280,-63,343,187,6,204,6,983,101,65,13,287,205,273,205,51_155_26
79,115,34,7871,245,-92,337,159,-27,177,-27,1205,114,83,10,330,255,321,255,51_15_125
94,126,36,7902,267,-79,346,175,-11,193,-11,1059,104,70,12,296,216,289,216,51_15_11
97,126,35,8187,274,-82,356,180,-13,199,-13,992,100,62,15,291,190,285,190,51_171_13
105,133,37,8088,286,-72,358,188,-3,207,-3,931,96,57,17,276,176,274,176,51_165_76
105,133,37,8072,285,-73,358,187,-3,206,-3,933,96,58,17,276,177,274,177,51_165_38
99,115,35,7468,255,-67,322,174,107,191,-2,1295,132,87,11,370,286,358,299,51_169_54
127,129,37,7871,299,-45,344,208,22,226,22,1066,105,73,10,293,231,284,231,51_19_48
98,115,33,8263,268,-79,347,182,-13,201,-13,1108,110,71,14,315,218,307,218,51_157_30
113,129,36,8122,292,-64,356,207,5,215,5,1006,101,65,15,293,199,288,199,51_165_96
84,118,34,7911,251,-89,340,164,-23,182,-23,1139,109,77,11,317,235,309,235,51_165_29
105,134,37,8127,287,-74,361,188,-3,207,-3,926,96,56,17,276,175,274,175,51_165_88
104,121,34,8029,276,-70,346,197,-3,205,-3,1113,108,73,13,313,225,306,225,51_165_62
102,118,33,8307,275,-77,352,186,-10,205,-10,1069,107,68,14,307,209,300,209,51_187_2
103,130,38,7550,270,-66,336,180,19,197,2,1043,107,75,12,303,227,289,231,51_197_4
104,132,39,7469,271,-65,336,180,4,197,4,1089,110,74,12,312,231,295,231,51_197_1
123,138,39,7923,301,-52,353,204,18,223,18,1007,102,68,12,284,211,278,211,51_5_51
92,124,36,7797,261,-78,339,172,-13,189,-13,1179,115,85,9,324,256,315,256,51_5_22
118,125,37,7636,281,-52,333,195,72,212,15,1161,121,77,12,334,253,322,269,51_169_44
103,118,36,7513,260,-63,323,179,111,196,1,1286,131,84,11,365,280,353,303,51_169_40
105,123,36,7850,275,-66,341,113,0,203,0,1182,115,81,11,322,252,304,252,51_125_48
93,116,34,7831,259,-75,334,102,-11,191,-11,1272,125,88,10,350,274,321,274,51_125_22
100,130,36,8161,279,-80,359,183,-10,202,-10,962,98,59,16,284,183,279,183,51_171_6
95,126,36,7909,269,-79,348,176,-11,194,-11,1029,102,67,13,292,205,288,205,51_165_93
102,131,38,7563,270,-68,338,179,19,197,1,1057,107,73,12,305,226,289,226,51_197_22
112,135,39,7641,282,-60,342,189,67,207,10,1068,112,76,13,313,233,301,237,51_185_39
89,126,36,7888,259,-86,345,169,-17,187,-17,1182,118,83,9,329,259,320,259,51_91_18
77,116,34,7868,241,-95,336,157,-29,174,-29,1300,126,93,8,357,290,347,290,51_91_29
94,114,33,8009,261,-78,339,106,-13,194,-13,1172,112,76,13,325,236,318,236,51_79_3
85,118,35,7825,252,-84,336,165,-19,183,-19,1205,113,83,10,324,257,314,257,51_15_208
103,126,38,7355,264,-64,328,177,21,194,4,1209,119,86,11,345,265,331,267,51_173_8
96,126,36,7879,269,-77,346,177,-9,195,-9,1079,105,72,12,299,222,291,222,51_15_23
107,132,37,7893,284,-67,351,188,2,207,2,1027,102,69,12,287,211,280,211,51_15_29
83,109,35,7187,232,-76,308,155,-14,172,-14,1403,136,97,10,395,302,381,302,51_77_42
112,131,39,7439,277,-56,333,188,29,205,13,1199,120,86,11,344,262,332,265,51_191_72
103,129,37,7692,273,-68,341,181,0,199,0,984,102,67,13,285,206,275,206,51_71_3
113,128,36,7916,287,-60,347,205,8,213,8,1110,108,76,12,304,233,295,233,51_15_44
94,116,35,7701,257,-72,329,102,-9,190,-9,1257,119,88,9,336,271,322,271,51_163_1
116,138,37,8255,300,-69,369,200,5,219,5,961,95,62,15,279,189,277,189,51_139_20
98,116,33,8238,269,-79,348,181,-13,201,-13,1097,109,70,14,313,215,305,215,51_187_39
99,118,33,8193,270,-78,348,182,-12,201,-12,1100,109,70,14,313,217,306,217,51_157_7
92,112,32,8120,258,-82,340,174,-17,193,-17,1165,113,75,14,325,232,317,232,51_157_12
80,105,31,8028,241,-89,330,92,-28,180,-28,1260,123,82,13,357,254,334,254,51_113_13
85,108,32,7966,247,-85,332,97,-22,184,-22,1239,121,81,13,351,251,329,251,51_113_10
106,130,39,7423,270,-63,333,181,23,198,6,1151,115,83,11,331,251,316,256,51_173_31
119,131,39,7443,283,-50,333,194,75,212,20,1199,122,84,11,342,261,333,274,47_19_38
138,137,40,7508,307,-33,340,53,192,232,38,1487,160,91,14,434,311,355,408,47_139_72
133,134,39,7477,300,-36,336,49,188,227,34,1534,165,95,14,448,322,363,420,47_139_73
119,132,39,7415,284,-50,334,194,74,212,20,1205,122,85,11,344,263,335,274,47_19_52
88,115,37,7008,238,-71,309,159,12,176,-5,1458,140,102,10,407,318,404,320,47_19_54
132,135,40,7407,295,-40,335,47,186,224,33,1478,156,87,14,423,303,373,399,47_123_1
111,129,39,7264,269,-57,326,28,164,201,13,1663,174,103,12,471,352,409,445,47_123_68
125,136,40,7335,288,-47,335,41,179,216,27,1552,165,93,14,448,323,384,421,47_123_69
133,137,40,7471,301,-37,338,49,188,226,34,1517,163,92,14,442,317,365,415,47_139_93
139,138,40,7557,309,-33,342,54,195,234,39,1460,158,89,14,426,304,348,401,47_139_94
106,126,38,7233,263,-61,324,23,160,196,9,1717,179,108,12,484,366,420,457,47_123_95
112,131,40,7226,271,-56,327,30,166,202,15,1680,176,105,12,479,358,410,452,47_123_96
134,137,40,7485,301,-38,339,49,189,228,34,1482,159,88,14,430,305,364,405,47_123_101
137,137,40,7507,304,-36,340,52,193,230,36,1463,157,87,15,424,301,359,400,47_123_79
125,137,40,7305,287,-48,335,42,132,216,27,1438,149,84,13,403,295,370,380,47_9_14
116,133,40,7274,276,-54,330,33,170,206,18,1559,163,94,13,440,326,391,415,47_9_3
98,124,38,7080,252,-66,318,96,105,186,3,1463,146,99,10,398,326,390,349,47_29_31
127,135,39,7451,293,-45,338,203,133,220,28,1197,123,69,15,340,244,332,288,47_29_4
95,119,37,7172,250,-67,317,168,16,184,-1,1352,134,95,11,383,295,376,296,47_91_35
130,137,40,7453,297,-41,338,46,184,223,31,1527,164,92,14,443,319,372,416,47_139_78
132,137,40,7456,301,-38,339,48,187,225,33,1518,163,92,14,442,318,366,415,47_139_79
133,134,39,7509,300,-37,337,49,188,227,33,1530,165,94,14,446,320,363,418,47_139_82
135,136,40,7525,303,-36,339,50,190,229,35,1507,162,92,14,439,315,358,413,47_139_88
141,137,40,7582,311,-31,342,56,197,236,40,1455,158,89,14,425,303,344,400,47_139_89
133,136,40,7492,302,-37,339,49,189,227,34,1513,163,92,14,441,317,362,414,47_139_99
138,134,39,7588,306,-34,340,52,193,233,37,1481,160,92,14,430,310,347,406,47_139_100
114,129,38,7405,277,-55,332,189,70,206,15,1215,124,87,11,348,266,339,274,47_163_47
121,134,40,7391,284,-50,334,194,76,213,22,1198,125,80,13,345,256,336,274,47_171_37
113,131,39,7282,274,-56,330,186,70,204,16,1213,124,80,12,344,259,338,279,47_171_38
111,131,40,7195,270,-57,327,182,68,200,14,1259,126,88,12,355,274,348,286,47_171_39
130,136,40,7555,297,-43,340,206,138,224,29,1131,123,70,14,331,236,322,264,47_179_30
103,127,39,7105,259,-62,321,174,62,192,8,1334,131,96,11,372,295,367,300,47_171_31
115,133,40,7235,276,-54,330,188,72,205,18,1207,123,81,13,343,257,337,275,47_171_34
112,131,39,7248,272,-56,328,184,69,202,15,1236,126,84,12,351,267,344,283,47_171_36
137,137,40,7552,305,-36,341,52,193,231,36,1475,159,89,14,429,306,354,405,47_123_106
142,134,39,7572,308,-30,338,56,198,236,41,1398,150,82,15,402,282,350,380,47_123_80
124,134,40,7349,286,-47,333,40,178,215,25,1544,163,92,14,442,320,385,417,47_123_81
121,134,40,7340,283,-49,332,38,175,212,23,1579,167,95,13,453,330,390,427,47_123_82
133,138,40,7472,300,-39,339,48,188,226,33,1498,161,90,14,435,311,365,409,47_123_93
125,136,40,7334,288,-47,335,41,179,216,26,1555,165,94,14,449,325,384,422,47_123_135
133,138,40,7453,301,-38,339,49,188,226,34,1506,162,90,14,439,314,366,411,47_139_68
137,137,40,7575,306,-35,341,52,193,232,37,1476,159,90,14,429,308,354,404,47_139_70
140,138,40,7579,309,-33,342,55,196,235,39,1455,158,89,14,424,303,344,400,47_139_71
94,122,38,7079,247,-69,316,13,146,182,-1,1725,175,114,10,468,382,435,440,47_155_22
117,133,39,7342,280,-53,333,190,73,208,19,1177,123,76,13,337,248,331,271,47_179_18
110,129,39,7258,270,-58,328,183,66,200,13,1234,124,80,12,345,263,342,288,47_59_25
127,134,39,7502,294,-44,338,203,81,221,27,1140,121,67,15,327,233,321,267,47_29_32
103,124,38,7275,262,-62,324,176,22,193,5,1286,126,91,10,364,281,353,281,47_91_32
120,132,39,7504,286,-50,336,196,75,214,20,1174,120,83,11,337,256,327,267,47_163_56
125,134,39,7461,292,-45,337,201,79,219,26,1147,120,68,15,327,235,322,269,47_29_52
131,134,39,7526,297,-41,338,207,137,225,31,1159,123,67,15,334,235,326,275,47_29_54
96,123,38,7063,250,-66,316,93,102,184,2,1512,151,104,9,410,340,401,361,47_29_61
113,131,39,7286,275,-55,330,187,69,204,16,1203,122,76,13,337,253,335,281,47_59_54
100,122,37,7268,259,-64,323,174,20,191,3,1292,129,92,11,368,283,358,285,47_91_41
130,134,40,7445,296,-39,335,46,185,223,31,1559,167,96,14,454,327,372,426,47_139_95
115,131,39,7370,278,-54,332,189,122,207,17,1215,123,74,13,339,255,335,290,47_29_41
118,134,40,7350,282,-52,334,193,124,210,20,1240,126,73,13,345,256,338,302,47_29_50
91,116,37,7118,243,-70,313,163,12,179,-5,1384,137,98,11,392,303,386,305,47_163_73
97,122,38,7107,252,-66,318,169,19,186,2,1371,135,97,11,385,299,382,302,47_19_44
111,129,39,7259,271,-57,328,184,68,201,13,1260,127,89,11,357,275,350,285,47_19_48
131,135,39,7541,298,-41,339,46,186,225,30,1518,163,92,14,439,315,364,415,47_123_92
111,129,38,7407,274,-57,331,186,29,204,12,1221,122,88,11,349,268,339,271,47_91_47
92,116,36,7198,245,-70,315,164,13,181,-5,1374,135,96,11,389,299,381,299,47_91_48
128,132,37,8017,300,-52,352,209,186,227,20,1255,127,77,12,353,269,330,302,21_235_10
122,135,37,8047,296,-61,357,204,180,222,14,1254,130,80,12,359,275,342,297,21_189_10
118,137,37,8304,299,-66,365,202,128,222,6,1158,131,74,16,348,247,333,258,21_205_5
121,129,35,8302,298,-61,359,206,130,225,10,1231,131,74,15,357,265,341,282,21_197_6
131,133,39,7529,297,-40,337,46,186,225,31,1537,165,95,14,445,321,363,420,47_139_2
140,135,39,7567,308,-32,340,55,195,235,39,1473,159,92,14,429,309,346,404,47_139_107
136,138,40,7541,305,-37,342,51,191,230,36,1484,160,90,14,432,309,357,406,47_139_102
134,137,40,7459,302,-36,338,50,189,228,35,1509,162,92,14,441,316,362,414,47_139_103
101,115,36,7266,254,-61,315,18,154,191,3,1833,192,119,11,517,393,438,486,47_139_104
141,134,39,7577,308,-31,339,55,196,236,40,1473,159,92,14,429,309,345,404,47_139_108
125,130,37,7889,295,-53,348,204,183,223,18,1338,129,84,11,368,291,345,330,21_147_27
120,133,36,8303,300,-63,363,204,129,223,8,1200,133,73,16,357,254,340,271,21_11_22
128,130,37,8011,300,-51,351,209,186,227,20,1272,126,78,12,355,274,331,309,21_125_41
119,135,37,8297,299,-65,364,203,129,222,7,1183,133,74,16,354,251,338,266,21_205_15
124,136,38,7987,298,-56,354,205,183,224,17,1259,130,80,12,359,272,341,303,21_131_4
123,135,38,8020,297,-57,354,204,182,223,16,1270,131,81,12,362,274,344,306,21_131_3
127,132,37,7886,298,-51,349,206,185,225,20,1323,128,84,11,364,289,342,325,21_147_39
127,138,38,8009,302,-54,356,208,186,227,20,1245,129,79,12,354,269,337,300,21_131_5
117,132,36,8331,296,-66,362,201,127,220,4,1169,129,73,16,350,248,334,259,21_205_24
128,132,37,7934,300,-49,349,208,186,227,21,1284,126,79,12,357,277,334,314,21_147_4
128,133,38,7924,300,-50,350,208,187,227,21,1296,126,81,11,359,282,336,318,21_147_40
125,130,37,7934,296,-53,349,205,184,224,18,1318,128,83,11,365,287,341,322,21_147_34
120,132,37,7976,291,-59,350,200,178,219,13,1300,133,83,12,369,280,350,315,21_51_15
116,131,36,8362,295,-67,362,200,126,220,3,1157,128,73,16,347,247,332,254,21_205_30
126,129,36,8027,297,-53,350,208,184,226,18,1269,127,78,12,356,274,332,306,21_125_43
129,131,37,7986,302,-49,351,210,188,228,22,1280,125,79,12,356,278,332,312,21_147_2
122,135,38,8006,296,-58,354,203,181,222,15,1268,131,81,12,362,276,344,303,21_131_60
122,129,39,7238,282,-43,325,40,176,213,26,1666,179,106,13,487,354,395,454,13_123_40
133,135,41,6926,290,-33,323,55,140,220,41,1751,184,120,11,496,388,419,471,13_241_7
124,133,41,6924,280,-41,321,45,174,210,31,1888,194,137,9,516,433,458,492,13_241_18
139,136,41,7027,298,-28,326,59,145,227,45,1679,176,118,10,470,373,413,443,13_241_6
117,130,40,6943,272,-48,320,38,169,203,24,1807,191,121,11,517,398,429,487,13_311_12
117,127,39,7014,272,-47,319,37,169,205,23,1776,189,117,12,513,388,422,480,13_187_17
133,131,40,7188,293,-33,326,52,185,223,38,1623,178,104,14,483,345,380,449,13_187_54
141,131,38,7563,306,-30,336,56,197,236,41,1464,166,90,16,438,298,328,405,13_129_66
119,124,38,7368,279,-47,326,36,173,212,21,1674,179,106,13,485,353,394,454,13_111_3
125,131,39,7244,286,-42,328,43,179,216,29,1636,176,103,13,480,347,389,447,13_111_11
117,125,38,7207,275,-47,322,35,171,208,22,1716,184,110,13,498,366,406,465,13_123_73
119,127,38,7361,280,-48,328,35,173,211,21,1662,177,105,13,480,351,394,450,13_111_17
139,130,39,7497,303,-30,333,55,195,233,40,1512,163,96,14,445,313,350,417,13_213_29
144,134,39,7649,311,-29,340,59,200,240,42,1452,165,89,16,435,297,322,405,13_295_120
145,134,39,7611,312,-27,339,60,201,240,44,1439,165,87,17,433,291,319,402,13_55_60
117,127,39,7035,272,-47,319,37,169,205,24,1763,188,116,12,510,383,418,477,13_187_43
133,133,40,7093,293,-32,325,53,185,223,39,1629,179,104,14,483,349,382,449,13_187_44
136,132,40,7143,296,-29,325,55,188,226,41,1618,178,103,15,483,344,377,450,13_187_50
121,126,38,7333,280,-45,325,37,175,212,23,1668,178,106,13,484,352,393,453,13_123_90
124,134,41,6885,280,-41,321,46,176,210,32,1860,192,133,9,514,423,448,490,13_241_95
120,127,38,7335,281,-46,327,37,174,212,23,1669,178,106,13,484,353,395,453,13_111_89
140,130,38,7650,306,-31,337,55,197,236,39,1469,165,91,16,437,303,327,408,13_295_116
120,129,40,7020,276,-45,321,41,172,208,27,1727,185,113,12,501,376,410,468,13_187_47
119,126,38,7336,280,-46,326,36,173,211,22,1669,178,105,13,483,353,396,452,13_111_92
122,137,41,7060,280,-47,327,42,175,210,28,1662,178,106,13,483,360,399,451,13_291_103
145,134,39,7647,312,-28,340,59,201,241,43,1438,164,87,17,432,292,319,402,13_55_57
122,129,39,7134,280,-43,323,42,175,212,27,1697,183,110,13,496,365,402,462,13_291_125
130,134,41,6917,286,-35,321,52,181,216,38,1773,187,121,11,505,393,420,479,13_241_110
134,133,41,6930,290,-31,321,55,141,221,42,1730,183,118,11,494,382,414,466,13_137_15
148,130,40,7062,306,-16,322,68,154,236,54,1520,165,104,13,447,328,367,413,13_257_21
120,131,40,7062,277,-46,323,40,172,208,26,1719,184,112,12,498,374,409,465,13_291_113
130,136,41,6947,288,-37,325,51,136,217,37,1792,186,127,10,498,405,433,474,13_241_12
129,134,41,6979,286,-37,323,51,181,217,36,1709,184,112,13,496,373,403,466,13_311_7
126,136,42,6894,284,-39,323,48,178,212,35,1817,189,128,10,507,410,435,483,13_241_99
143,133,39,7629,310,-29,339,57,199,239,42,1451,165,89,16,435,296,322,404,13_295_51
132,141,41,7266,298,-39,337,50,139,223,36,1526,164,93,14,449,320,374,417,13_291_94
125,131,40,7182,285,-41,326,44,178,215,30,1653,178,105,13,485,353,393,452,13_111_26
138,131,40,7176,298,-27,325,57,191,228,43,1599,177,102,15,480,338,370,447,13_187_8
116,127,39,6993,270,-48,318,36,167,203,22,1794,191,119,12,517,392,426,484,13_291_1
126,139,41,7131,287,-45,332,45,133,215,31,1595,171,100,13,465,341,387,433,13_291_8
121,128,39,7305,282,-45,327,38,175,212,24,1659,178,105,13,483,351,393,451,13_111_31
130,127,38,7439,293,-38,331,47,185,224,32,1590,171,101,14,465,332,371,435,13_213_21
127,133,40,7203,287,-41,328,45,180,217,31,1628,176,103,14,479,347,387,445,13_111_1
121,136,41,7125,281,-48,329,40,174,210,26,1652,176,105,13,480,356,398,449,13_291_6
125,129,39,7183,284,-40,324,44,178,215,29,1660,179,106,13,487,354,392,454,13_111_46
115,121,37,7357,272,-50,322,31,169,207,17,1717,183,110,13,495,363,404,464,13_213_35
134,131,40,7153,294,-31,325,54,186,224,39,1615,178,103,15,482,342,377,448,13_187_22
164,130,40,7197,324,0,324,84,170,255,69,1224,133,79,16,371,247,303,337,13_221_2
127,133,40,7196,288,-41,329,45,180,217,31,1627,176,103,14,479,347,387,445,13_111_67
152,131,40,7119,312,-12,324,72,158,242,58,1445,158,100,13,429,311,346,394,13_257_18
111,120,37,7317,267,-54,321,27,165,202,13,1742,185,111,12,499,369,412,468,13_111_6
132,137,40,7381,299,-36,335,49,186,225,34,1548,166,94,14,454,325,372,424,13_111_116
129,136,40,7243,292,-40,332,47,182,220,33,1585,171,99,14,467,337,381,434,13_111_71
119,126,39,7071,274,-45,319,38,171,207,24,1746,187,114,12,507,378,413,473,13_187_6
116,131,41,6835,271,-46,317,39,167,202,25,1911,197,134,10,532,431,457,508,13_241_5
107,124,39,6914,258,-54,312,28,158,193,14,1926,200,132,10,540,429,462,511,13_241_41
131,129,39,7182,290,-34,324,50,184,222,36,1636,179,105,14,486,347,382,452,13_187_56
124,131,40,7206,284,-43,327,42,177,214,28,1649,177,105,13,482,352,393,449,13_111_81
147,134,39,7564,313,-25,338,62,202,242,46,1412,163,86,17,426,285,315,391,13_129_25
118,129,40,7098,274,-48,322,37,171,207,24,1726,184,112,12,500,374,411,467,13_291_40
106,122,39,6911,256,-54,310,27,157,192,13,1940,201,133,10,544,432,466,514,13_281_2
117,131,40,7009,272,-49,321,37,169,204,23,1763,187,116,12,507,386,420,476,13_291_9
143,131,38,7598,309,-29,338,58,199,239,42,1448,163,90,16,431,297,325,400,13_129_30
124,134,41,6938,280,-42,322,45,175,210,31,1782,189,119,12,512,392,420,484,13_137_46
119,135,41,6897,275,-47,322,41,171,205,27,1818,191,123,11,518,402,429,493,13_241_123
147,135,39,7569,314,-24,338,63,203,242,47,1422,165,84,17,431,285,317,398,13_55_62
125,135,41,6937,281,-42,323,46,177,211,32,1770,188,118,12,508,389,417,481,13_241_131
145,131,38,7728,313,-27,340,59,202,242,43,1425,160,89,16,424,295,316,398,13_313_41
141,134,41,7008,300,-25,325,62,147,229,48,1641,174,112,11,468,359,400,439,13_241_107
139,136,41,7053,300,-28,328,60,146,228,46,1665,175,115,11,468,368,409,440,13_241_104
119,123,37,7371,278,-48,326,35,173,211,20,1680,180,107,13,486,354,393,455,13_213_84
115,127,39,7110,271,-50,321,34,167,204,20,1759,187,115,12,507,382,419,474,13_291_122
114,123,38,7084,269,-48,317,34,167,203,20,1774,189,116,12,513,383,421,479,13_291_126
134,132,39,7492,300,-35,335,50,189,228,34,1540,166,96,14,450,322,361,422,13_213_75
119,123,37,7364,278,-46,324,36,173,211,21,1670,179,106,13,483,351,391,453,13_213_82
166,131,40,7236,327,0,327,85,171,257,70,1211,132,78,16,368,243,300,334,13_221_93
114,129,40,6858,267,-48,315,36,165,199,22,1920,199,134,10,537,431,458,511,13_241_120
129,135,41,6911,286,-37,323,50,180,215,37,1775,187,120,11,507,392,419,482,13_241_129
128,135,41,6990,285,-39,324,49,135,215,35,1694,182,111,12,492,370,401,461,13_311_40
141,130,38,7624,305,-31,336,55,197,236,39,1473,164,92,15,436,304,331,407,13_313_39
135,133,39,7486,301,-35,336,51,190,229,35,1526,164,95,14,445,320,359,418,13_213_74
110,125,39,6960,263,-53,316,31,161,197,17,1870,196,126,11,531,413,447,500,13_281_43
141,131,38,7552,306,-30,336,56,197,236,41,1484,161,94,14,436,308,343,407,13_213_89
133,130,39,7445,297,-36,333,49,188,227,35,1567,168,99,14,460,327,367,431,13_123_30
142,130,40,7026,299,-22,321,63,148,230,49,1615,173,111,12,467,353,391,435,13_257_25
146,129,40,7073,303,-18,321,66,153,234,52,1539,167,105,13,452,333,370,418,13_257_29
150,130,40,7087,309,-14,323,71,156,239,56,1470,160,101,13,435,317,352,401,13_257_30
147,131,40,7068,306,-17,323,68,153,236,54,1546,167,106,12,451,334,377,418,13_257_13
120,130,40,6981,276,-45,321,41,171,207,27,1765,188,117,12,509,387,418,478,13_311_43
127,137,42,6940,285,-40,325,49,179,214,35,1744,185,116,12,502,383,410,477,13_241_126
119,127,39,7219,277,-47,324,37,173,209,23,1697,182,108,13,494,361,402,461,13_123_35
124,135,41,6957,281,-43,324,45,176,211,31,1729,184,114,12,499,379,409,470,13_281_16
123,127,39,7185,280,-42,322,42,176,213,27,1688,182,109,13,494,361,398,460,13_123_15
128,131,40,7227,289,-38,327,47,182,219,32,1626,176,103,14,480,344,384,447,13_111_84
136,136,41,6999,294,-31,325,57,143,223,42,1671,180,109,13,486,363,394,458,13_311_35
116,132,40,6997,272,-51,323,36,168,203,22,1766,187,116,12,507,386,421,477,13_291_38
139,132,39,7565,306,-31,337,54,195,234,39,1497,161,95,14,437,314,348,411,13_213_11
122,129,40,6979,277,-42,319,43,174,209,29,1759,188,117,12,508,386,416,476,13_311_44
120,131,40,7106,279,-47,326,39,173,209,26,1695,182,109,13,493,367,404,459,13_291_13
120,129,40,7087,277,-45,322,39,172,208,25,1720,184,112,12,500,373,408,467,13_291_23
128,136,42,6905,285,-38,323,50,179,214,36,1808,189,125,11,510,404,430,486,13_241_3
113,131,41,6851,267,-50,317,35,164,198,21,1890,196,130,10,530,422,451,505,13_241_16
123,135,41,6879,279,-43,322,45,174,209,31,1816,191,123,11,518,402,428,493,13_241_8
145,132,40,7055,304,-20,324,66,152,234,52,1577,169,107,12,457,342,383,426,13_137_38
116,124,38,7308,275,-49,324,33,170,208,19,1699,181,108,13,491,360,402,460,13_111_28
124,129,39,7177,282,-42,324,42,176,214,28,1678,181,108,13,491,360,398,457,13_111_14
137,134,41,6959,294,-29,323,58,143,224,44,1679,180,112,12,485,367,399,456,13_137_1
127,127,38,7448,289,-40,329,43,182,220,28,1604,173,101,14,467,336,374,437,13_213_34
132,136,41,6927,289,-35,324,53,183,218,39,1757,185,119,11,500,389,417,475,13_241_32
141,129,40,7017,298,-22,320,62,148,229,48,1600,172,109,12,466,349,384,434,13_137_14
143,132,40,7030,301,-22,323,64,149,231,50,1603,172,109,12,463,348,389,432,13_137_16
144,131,40,7012,302,-20,322,65,150,232,51,1584,171,108,12,461,344,383,428,13_137_62
126,139,42,6880,283,-42,325,48,177,211,34,1775,186,121,11,504,395,417,482,13_241_135
143,130,40,7059,301,-21,322,64,150,232,49,1570,173,104,14,466,339,368,432,13_311_53
109,119,37,7250,264,-55,319,26,161,199,12,1781,189,115,12,510,380,422,477,13_123_72
116,123,38,7124,270,-48,318,35,168,205,21,1762,188,115,12,510,380,417,476,13_111_19
108,127,40,6936,261,-55,316,29,159,194,15,1884,196,127,10,531,417,452,503,13_281_10
127,138,41,7083,287,-43,330,47,134,216,33,1610,173,103,13,469,347,387,437,13_291_129
136,131,39,7465,300,-33,333,51,191,229,37,1540,166,97,14,452,321,360,423,13_213_72
115,130,40,6959,269,-50,319,36,167,202,22,1818,192,121,11,520,400,432,490,13_281_3
131,135,41,7006,289,-36,325,52,138,219,38,1670,181,108,13,487,363,395,455,13_311_2
134,133,41,7009,291,-32,323,55,140,222,40,1663,182,108,13,488,360,391,455,13_311_14
124,128,38,7387,286,-43,329,40,178,216,26,1624,174,102,13,472,342,384,442,13_111_94
119,125,38,7340,278,-47,325,35,172,211,21,1677,179,106,13,485,355,397,454,13_111_99
147,129,40,7078,304,-18,322,67,153,235,52,1515,165,103,13,447,327,362,413,13_137_42
118,131,41,6842,272,-45,317,40,169,203,26,1916,198,135,10,533,433,459,508,13_241_113
130,137,42,6905,287,-37,324,52,181,216,38,1783,186,123,11,501,398,426,478,13_241_115
113,131,41,6891,267,-51,318,34,164,198,20,1858,194,126,11,526,412,443,499,13_281_25
138,133,41,6980,295,-27,322,59,144,225,45,1679,179,114,12,481,369,403,452,13_137_47
114,131,41,6910,268,-50,318,35,165,200,22,1850,194,125,11,525,410,440,497,13_281_31
110,125,39,6880,262,-52,314,32,162,196,18,1902,198,130,10,536,423,455,507,13_137_50
114,127,40,6917,266,-49,315,35,165,200,21,1858,195,126,11,529,411,442,499,13_311_36
128,141,42,7149,290,-44,334,47,136,217,33,1575,169,98,13,460,334,383,429,13_281_44
148,134,39,7559,314,-24,338,64,204,242,47,1401,163,85,17,424,281,312,388,13_129_67
113,121,37,7212,268,-51,319,31,166,203,17,1767,188,115,12,510,378,417,477,13_123_88
123,130,39,7373,285,-44,329,40,177,215,25,1627,174,102,13,473,343,386,443,13_111_91
118,124,38,7349,277,-48,325,35,172,210,20,1686,180,107,13,488,356,397,457,13_111_102
109,125,40,6824,260,-50,310,31,159,194,18,2011,204,144,8,549,459,490,524,13_241_101
122,135,41,6938,278,-45,323,43,173,208,29,1766,187,117,12,507,388,418,479,13_281_33
145,134,39,7551,310,-26,336,61,201,240,45,1447,167,85,17,437,289,324,403,13_55_63
124,131,40,7096,282,-42,324,43,176,213,30,1675,181,108,13,490,362,397,456,13_291_123
125,130,39,7258,285,-42,327,42,178,215,28,1651,177,105,13,483,351,391,451,13_123_79
119,126,39,7089,274,-45,319,38,171,207,24,1744,187,114,12,506,378,413,472,13_291_7
123,130,39,7373,285,-44,329,40,177,215,25,1627,174,102,13,473,343,386,443,13_111_39
133,132,39,7496,298,-37,335,49,188,227,34,1544,166,97,14,451,324,363,423,13_213_33
125,139,41,7060,285,-46,331,45,132,213,31,1640,175,104,13,477,353,394,447,13_281_39
111,127,39,6995,265,-53,318,31,163,198,17,1828,192,121,11,521,401,437,491,13_291_100
123,133,41,7071,280,-44,324,43,175,211,28,1694,182,110,13,493,368,402,460,13_291_109
125,132,40,7041,282,-41,323,45,177,213,31,1688,182,110,13,492,367,400,459,13_187_41
126,127,39,7199,284,-38,322,45,180,217,31,1661,180,107,14,489,352,389,455,13_123_78
124,137,42,6913,281,-44,325,45,175,210,31,1769,187,118,12,507,389,416,482,13_241_125
109,119,37,7268,265,-55,320,27,162,200,12,1773,188,114,12,508,378,420,476,13_123_85
134,137,41,6978,294,-33,327,55,141,222,41,1725,180,120,10,483,385,419,458,13_241_98
136,136,41,6985,295,-31,326,56,142,223,43,1721,180,120,10,482,383,420,456,13_241_103
148,131,40,7085,307,-17,324,68,155,236,54,1543,166,106,12,449,333,377,417,13_257_24
146,130,40,7029,305,-17,322,67,153,234,53,1549,167,106,12,452,335,376,419,13_257_26
115,132,41,6868,270,-49,319,37,166,200,23,1862,194,127,10,525,415,443,500,13_241_122
120,131,41,6883,276,-42,318,42,171,206,29,1950,199,144,8,527,451,475,503,13_241_36
108,125,40,6830,259,-51,310,30,158,193,17,2015,204,144,8,549,461,492,524,13_241_19
131,135,41,6964,289,-35,324,52,137,218,38,1801,187,129,10,498,409,438,473,13_241_44
150,131,40,7115,309,-15,324,70,156,239,55,1483,162,101,13,440,319,355,405,13_137_30
114,125,39,7044,268,-49,317,34,166,202,20,1799,191,119,12,517,393,428,484,13_187_15
126,137,42,6909,283,-42,325,47,177,212,33,1746,185,116,12,502,384,412,476,13_241_24
120,134,41,6967,277,-47,324,41,172,207,27,1743,185,114,12,502,381,415,473,13_281_15
119,131,40,6979,274,-46,320,40,171,206,26,1764,188,116,12,508,386,419,477,13_291_2
120,129,40,6994,274,-45,319,40,172,207,27,1773,189,118,12,511,389,420,479,13_311_9
104,123,39,6859,255,-56,311,25,154,189,12,1975,202,137,9,545,445,480,518,13_241_121
127,134,41,6932,284,-38,322,49,178,214,35,1777,188,120,11,509,392,419,482,13_241_130
109,126,39,6972,262,-54,316,29,160,196,16,1858,195,124,11,528,409,444,497,13_291_99
122,130,40,7009,278,-43,321,43,174,210,29,1730,186,114,12,502,377,409,469,13_187_40
140,132,39,7558,306,-32,338,55,195,234,39,1487,160,94,14,433,312,347,408,13_213_90
125,126,39,7204,283,-39,322,44,178,216,29,1678,182,108,14,493,357,394,459,13_123_77
136,136,41,7026,296,-31,327,57,143,224,43,1717,179,122,10,477,385,422,451,13_241_92
125,135,41,6926,282,-41,323,46,176,211,32,1843,191,132,9,508,421,446,483,13_241_94
149,136,39,7640,317,-25,342,64,205,245,47,1401,161,86,17,423,285,309,392,13_55_56
137,136,41,6988,295,-30,325,57,144,224,44,1669,180,110,13,484,363,395,455,13_137_48
121,130,40,7046,277,-46,323,40,173,209,27,1729,185,113,12,501,377,410,468,13_291_108
126,138,42,6919,283,-41,324,48,178,212,34,1764,186,118,12,505,389,415,481,13_241_124
118,129,39,7151,276,-48,324,37,170,207,23,1705,182,109,13,495,366,406,462,13_111_72
117,126,39,7110,273,-47,320,37,170,207,23,1734,186,112,13,504,372,411,470,13_111_77
122,126,39,7155,278,-43,321,41,174,212,27,1700,183,110,13,497,364,401,463,13_123_75
130,133,40,7229,291,-38,329,48,183,221,34,1610,174,102,14,475,342,382,442,13_111_83
117,124,38,7165,273,-47,320,35,170,207,22,1742,186,113,13,506,374,412,473,13_111_86
116,123,38,7289,273,-49,322,33,169,206,19,1716,183,110,13,496,364,405,464,13_123_84
134,133,41,6947,290,-32,322,56,185,221,41,1702,183,113,12,492,373,402,463,13_137_49
123,129,39,7339,285,-44,329,41,178,215,26,1642,176,103,13,479,347,390,447,13_111_88
135,129,38,7458,298,-34,332,51,190,229,36,1548,167,98,14,455,321,359,426,13_213_87
121,125,38,7378,281,-45,326,38,175,214,23,1662,178,106,13,482,350,389,451,13_213_79
122,135,41,6873,278,-44,322,44,173,207,30,1843,192,128,10,518,413,437,494,13_241_114
121,133,41,6873,277,-43,320,43,172,207,29,1877,195,131,10,525,422,447,501,13_241_116
120,130,40,6957,275,-45,320,41,171,207,27,1791,190,120,12,514,395,424,484,13_311_33
136,136,41,7021,295,-31,326,57,143,224,43,1652,180,107,13,483,357,390,452,13_311_34
124,136,41,6963,280,-45,325,44,176,210,30,1730,184,113,12,500,378,410,472,13_281_34
112,126,40,6943,264,-51,315,33,164,198,19,1867,196,126,11,530,413,445,500,13_311_37
125,133,40,7118,284,-42,326,45,178,215,31,1650,178,106,13,484,356,392,450,13_291_121
126,132,40,7146,286,-40,326,45,179,216,31,1647,179,105,13,484,353,391,449,13_291_124
140,135,41,7020,300,-26,326,61,147,228,47,1650,174,113,11,468,362,403,440,13_241_106
138,135,41,6981,296,-28,324,59,144,225,45,1693,179,115,11,481,372,410,453,13_241_108
142,131,40,6993,300,-23,323,63,149,229,49,1619,173,110,12,467,353,392,436,13_137_39
121,134,41,6909,276,-46,322,42,172,206,28,1798,190,120,12,515,396,425,488,13_241_127
112,128,40,6902,265,-51,316,34,164,198,20,1876,196,127,11,531,416,447,503,13_241_132
119,135,41,7062,277,-49,326,38,171,207,25,1693,180,109,12,490,367,406,459,13_281_42
121,126,38,7340,280,-45,325,37,175,212,23,1663,178,105,13,482,351,392,451,13_111_101
142,133,39,7594,308,-29,337,58,198,238,41,1458,166,89,16,438,297,324,407,13_55_58
116,132,41,6875,271,-48,319,38,168,202,25,1879,195,130,10,528,421,447,503,13_241_37
127,129,38,7427,290,-41,331,43,182,220,29,1602,172,101,13,467,337,376,438,13_111_103
122,131,40,7142,281,-44,325,41,175,212,27,1670,180,107,13,488,359,397,454,13_291_26
131,131,40,7111,289,-35,324,50,183,220,36,1646,180,106,14,486,353,386,452,13_187_18
133,129,39,7175,293,-31,324,53,186,224,39,1620,178,104,15,483,343,377,449,13_187_11
140,132,39,7579,307,-31,338,55,195,235,39,1487,160,94,14,434,312,347,408,13_213_9
130,130,40,7182,289,-36,325,49,183,220,35,1642,179,105,14,486,350,385,452,13_187_49
129,132,39,7470,295,-40,335,45,184,223,30,1572,169,98,13,458,330,372,429,13_111_96
118,124,38,7359,277,-47,324,34,172,210,20,1682,180,107,13,486,355,396,455,13_111_98
136,131,39,7470,300,-33,333,52,190,229,36,1540,166,97,14,452,321,360,423,13_213_83
135,137,42,6955,293,-32,325,56,142,222,42,1730,182,117,11,491,382,413,466,13_241_118
122,132,41,6903,277,-42,319,44,174,209,30,1847,194,127,11,523,411,437,497,13_241_128
128,131,41,6896,282,-36,318,50,179,214,36,1789,189,122,11,510,396,424,482,13_137_43
124,137,42,6953,282,-44,326,45,176,211,31,1729,184,113,12,499,378,409,472,13_281_30
130,134,41,7003,287,-37,324,51,183,218,37,1692,183,110,13,493,369,399,462,13_311_39
123,131,40,6984,279,-42,321,44,175,211,30,1740,186,115,12,503,382,412,472,13_311_42
137,133,41,7049,295,-29,324,57,143,225,43,1639,180,106,14,484,352,385,451,13_311_47
147,133,39,7601,313,-26,339,62,202,242,45,1419,163,87,17,427,288,315,394,13_115_85
109,129,40,6912,264,-54,318,30,160,195,17,1857,193,125,10,524,411,445,497,13_281_28
121,133,41,6944,277,-45,322,42,173,208,28,1767,188,117,12,509,388,418,479,13_281_36
130,131,39,7442,294,-38,332,46,185,223,31,1571,169,98,14,459,329,370,430,13_111_97
117,125,38,7207,275,-47,322,35,171,208,22,1716,184,110,13,498,366,406,465,13_123_82
116,121,37,7380,273,-50,323,31,170,208,17,1708,182,109,13,492,361,401,461,13_213_81
150,136,39,7596,318,-23,341,65,205,245,49,1392,162,84,17,422,281,307,389,13_55_35
127,138,42,6929,284,-41,325,48,179,213,34,1747,185,116,12,502,383,411,477,13_241_42
127,139,41,7151,288,-44,332,46,134,216,32,1583,170,100,13,462,339,384,429,13_291_105
118,135,41,6961,274,-50,324,38,169,204,24,1774,187,117,12,509,389,421,482,13_281_29
145,132,39,7578,310,-27,337,60,201,240,44,1430,164,88,16,430,290,319,396,13_129_65
147,133,38,7743,316,-26,342,61,204,245,45,1409,159,88,16,421,291,312,394,13_295_115
146,135,39,7601,314,-26,340,61,202,242,45,1428,164,86,17,430,289,316,399,13_55_59
131,135,41,6964,289,-35,324,52,138,218,38,1700,183,112,13,493,371,401,464,13_311_49
133,137,41,7312,299,-35,334,51,187,225,36,1555,168,96,14,459,327,372,427,13_111_2
130,130,39,7422,294,-37,331,47,185,223,32,1585,170,100,14,464,332,373,435,13_123_4
112,126,40,6848,264,-48,312,34,163,197,21,1991,203,142,9,546,454,483,521,13_241_43
129,135,41,6901,286,-36,322,51,181,215,37,1803,188,126,10,505,405,432,481,13_241_40
136,135,41,6987,294,-31,325,56,142,223,43,1726,182,118,11,489,382,415,462,13_241_33
144,131,40,7018,301,-21,322,64,150,231,50,1589,171,108,12,462,345,384,430,13_137_23
125,132,40,7202,285,-43,328,43,178,215,29,1640,176,104,13,480,350,391,447,13_111_70
126,127,39,7183,283,-40,323,44,178,216,30,1666,180,107,14,490,354,391,457,13_123_76
123,127,38,7327,284,-43,327,40,178,215,26,1647,177,104,13,481,346,388,449,13_123_86
132,137,41,6981,292,-35,327,54,139,220,40,1747,182,124,10,486,393,425,461,13_241_93
138,135,41,7001,297,-29,326,58,145,225,45,1693,178,117,11,476,374,414,448,13_241_105
145,133,39,7696,313,-28,341,59,202,242,43,1430,162,88,16,428,293,317,400,13_295_28
142,131,38,7627,308,-30,338,56,198,238,41,1460,164,91,16,434,301,328,403,13_313_12
147,134,39,7637,314,-26,340,62,203,243,46,1413,162,87,17,426,288,313,394,13_55_19
135,130,40,7181,295,-29,324,54,188,226,40,1615,178,103,15,483,341,375,449,13_187_55
130,132,39,7453,295,-38,333,46,185,223,31,1570,169,98,14,458,329,370,429,13_111_95
107,118,36,7282,263,-56,319,24,160,198,10,1783,189,115,12,509,380,422,477,13_111_100
132,135,41,6921,289,-34,323,53,183,218,39,1764,186,120,11,501,391,420,475,13_241_109
119,135,41,6945,275,-48,323,40,170,205,26,1792,189,119,11,513,394,424,486,13_281_32
124,130,39,7256,284,-43,327,41,177,214,27,1652,177,104,13,482,350,393,450,13_123_80
129,127,38,7422,292,-39,331,46,184,222,31,1598,172,101,14,468,334,373,438,13_123_92
122,129,40,7068,279,-42,321,42,174,211,28,1699,183,110,13,496,367,403,462,13_291_110
119,129,40,7068,275,-47,322,38,172,207,25,1722,184,112,12,500,373,409,467,13_291_117
119,130,40,7065,276,-47,323,39,171,207,25,1712,183,111,12,497,371,408,464,13_291_119
117,126,39,7188,274,-47,321,35,170,207,22,1712,183,110,13,497,365,405,464,13_123_81
130,130,39,7298,292,-36,328,48,184,222,33,1611,174,102,14,475,338,379,443,13_123_89
117,134,41,6939,273,-50,323,38,168,203,24,1792,188,119,11,512,394,426,486,13_281_27
132,129,38,7442,295,-37,332,47,186,225,33,1574,169,100,14,461,329,367,432,13_213_80
118,131,41,6931,272,-47,319,39,170,204,25,1812,191,121,11,518,399,430,490,13_281_35
121,127,39,7144,278,-43,321,40,174,211,26,1717,185,112,13,501,370,405,467,13_187_48
127,133,40,7175,287,-41,328,45,179,217,31,1633,176,104,13,479,350,388,446,13_111_32
143,131,38,7624,309,-29,338,58,199,239,42,1449,163,90,16,431,298,325,401,13_313_40
136,127,38,7605,300,-34,334,51,192,232,35,1512,168,95,15,446,312,341,416,13_295_114
118,133,41,6988,274,-49,323,38,170,205,24,1758,186,115,12,505,384,419,476,13_281_40
107,123,39,6965,259,-55,314,28,158,194,14,1894,198,128,11,535,419,454,504,13_291_101
122,132,41,7011,278,-43,321,43,175,210,29,1737,186,114,12,503,380,412,471,13_311_41
118,128,40,6988,272,-47,319,38,169,205,24,1792,191,119,12,516,393,424,484,13_311_45
149,136,40,7534,316,-22,338,66,205,244,50,1396,165,82,18,425,279,312,387,13_115_88
124,129,39,7088,282,-41,323,44,177,213,30,1692,183,110,13,496,365,399,462,13_187_46
116,132,40,7074,273,-51,324,35,168,204,21,1731,183,112,12,498,376,416,467,13_291_111
123,134,40,7102,282,-45,327,43,176,212,29,1657,178,106,13,483,359,396,450,13_291_112
116,127,39,7064,270,-49,319,35,168,204,22,1768,188,116,12,510,385,420,477,13_291_116
113,126,39,7056,268,-51,319,33,165,201,19,1784,189,117,12,513,388,425,481,13_291_118
136,131,40,7167,296,-29,325,55,189,226,41,1614,178,103,15,483,342,376,449,13_187_52
137,135,41,6965,296,-30,326,58,144,224,44,1699,179,116,11,481,375,411,454,13_241_117
143,134,39,7622,311,-29,340,57,199,239,42,1451,157,91,14,424,304,339,399,13_213_78
122,132,41,6885,278,-42,320,44,172,208,30,1916,196,140,9,521,442,466,497,13_241_90
132,135,41,6961,290,-34,324,53,138,219,39,1786,185,129,9,492,406,437,467,13_241_91
135,136,41,6975,295,-31,326,57,142,223,43,1723,180,121,10,480,385,422,454,13_241_102
119,134,41,6879,274,-47,321,40,170,204,27,1844,193,126,11,522,411,436,497,13_241_119
148,135,39,7587,315,-23,338,64,204,244,48,1407,164,84,17,426,283,313,391,13_115_86
147,134,39,7651,314,-26,340,62,203,243,45,1417,161,88,16,425,291,314,395,13_295_118
119,136,42,6873,275,-47,322,41,170,204,27,1827,191,125,11,517,407,433,493,13_241_112
129,133,41,6925,285,-36,321,51,180,216,37,1757,187,118,12,505,387,415,477,13_137_45
109,127,40,6981,263,-54,317,30,160,196,16,1852,194,123,11,526,407,443,496,13_281_41
120,132,40,6999,277,-46,323,41,172,208,27,1736,185,114,12,501,380,413,470,13_291_106
111,128,40,6960,265,-53,318,32,163,198,18,1839,193,123,11,523,405,439,493,13_281_38
141,132,39,7587,307,-30,337,55,196,236,40,1482,160,94,14,433,311,345,407,13_213_92
137,130,38,7508,302,-33,335,52,191,231,37,1522,164,96,14,445,318,354,418,13_213_86
96,118,38,6853,245,-61,306,18,147,182,5,2022,205,142,8,553,458,495,524,13_241_39
152,133,40,7150,313,-13,326,72,158,242,58,1480,161,101,13,435,316,362,402,13_257_23
122,130,40,6906,276,-42,318,43,173,208,30,1837,193,126,11,523,408,435,495,13_137_44
145,133,39,7625,312,-28,340,60,201,241,44,1428,162,88,16,428,292,317,397,13_295_117
130,127,39,7209,289,-35,324,49,183,221,35,1640,179,105,14,487,347,383,453,13_85_45
134,131,39,7496,299,-35,334,50,189,228,34,1541,166,97,14,450,323,361,422,13_213_76
127,137,41,7136,288,-42,330,47,134,217,33,1594,172,102,13,466,344,383,432,13_291_128
118,135,41,6914,273,-49,322,39,169,203,25,1813,190,122,11,516,401,429,491,13_281_53
134,128,40,7048,290,-29,319,55,186,223,41,1659,182,109,14,490,359,388,456,13_311_48
145,134,39,7583,312,-26,338,61,201,240,45,1430,165,86,17,431,289,318,398,13_55_70
117,132,41,6937,271,-49,320,38,169,203,24,1831,192,123,11,521,404,434,494,13_241_145
129,128,39,7171,288,-35,323,48,182,220,34,1648,180,106,14,488,351,386,454,13_187_2
117,128,40,7061,272,-48,320,36,169,205,22,1767,188,116,12,510,385,420,477,13_291_115
128,131,40,7115,286,-38,324,47,180,218,33,1663,181,107,14,490,358,392,456,13_187_45
144,131,40,7025,302,-21,323,65,151,232,50,1585,171,107,12,462,343,382,430,13_137_40
112,131,41,6906,266,-52,318,33,164,198,20,1865,194,126,10,526,414,445,500,13_281_24
121,127,38,7338,282,-46,328,37,174,212,23,1652,177,104,13,479,348,391,448,13_111_93
145,134,39,7624,312,-28,340,59,201,240,43,1434,163,88,17,429,294,317,400,13_295_119
121,131,40,7105,278,-46,324,40,173,209,26,1691,181,109,13,491,365,404,458,13_291_120
127,133,40,7167,287,-40,327,46,179,217,31,1633,177,104,13,480,350,388,446,13_111_68
130,137,42,6914,287,-37,324,51,181,216,37,1786,186,124,10,501,401,427,478,13_241_88
141,131,38,7572,306,-30,336,56,197,236,41,1464,166,90,16,438,299,328,405,13_115_16
148,130,40,7080,306,-16,322,69,154,237,54,1502,163,103,13,443,325,361,409,13_257_3
146,134,39,7574,312,-26,338,61,201,241,45,1441,166,85,17,435,289,323,402,13_55_5
113,125,39,6979,266,-49,315,34,164,200,20,1836,194,123,11,525,404,437,493,13_291_107
122,128,39,7119,279,-43,322,41,175,211,27,1697,183,110,13,496,365,401,462,13_111_75
121,127,39,7169,278,-44,322,40,174,211,26,1706,184,110,13,498,366,403,464,13_111_78
127,134,41,6918,284,-38,322,49,179,214,35,1853,191,135,9,507,425,451,483,13_241_89
124,132,40,7217,285,-43,328,42,177,215,28,1642,177,104,13,481,350,392,447,13_111_47
143,131,38,7624,309,-29,338,58,199,239,42,1449,163,90,16,431,298,325,401,13_313_9
128,128,38,7423,290,-40,330,44,182,221,29,1611,173,102,14,471,337,378,441,13_123_91
128,132,40,7194,288,-39,327,46,181,218,32,1635,177,104,14,482,349,387,448,13_111_76
113,121,38,7107,267,-50,317,33,166,202,19,1786,190,117,12,515,386,424,481,13_111_80
113,125,39,7113,268,-51,319,32,165,202,18,1772,188,115,12,510,383,423,477,13_111_69
125,131,40,7182,285,-41,326,44,178,215,30,1653,178,105,13,485,353,393,452,13_111_74
117,125,39,7142,274,-46,320,37,170,207,23,1737,186,113,13,504,373,411,470,13_111_79
120,124,38,7178,276,-44,320,38,173,210,25,1721,185,112,13,502,369,405,468,13_85_46
125,129,39,7318,286,-41,327,42,179,216,28,1634,175,103,13,477,344,387,446,13_123_83
122,135,41,7037,279,-46,325,42,175,210,28,1701,182,110,12,493,371,406,461,13_291_102
121,130,40,6992,276,-43,319,42,173,209,28,1746,187,115,12,506,382,413,473,13_311_46
135,131,39,7517,300,-35,335,50,190,229,35,1531,165,96,14,447,320,358,420,13_213_77
128,133,39,7390,294,-39,333,45,183,221,30,1578,169,98,14,461,332,377,431,13_111_87
147,130,40,7069,305,-17,322,68,153,235,53,1523,165,104,13,448,329,367,414,13_257_28
144,130,40,7046,301,-20,321,65,151,232,51,1578,170,108,12,459,343,382,426,13_257_1
140,131,38,7557,305,-31,336,55,196,235,39,1498,161,95,14,438,313,349,411,13_213_85
128,136,41,6905,286,-38,324,50,180,215,36,1793,187,125,10,503,403,429,479,13_241_100
150,136,39,7646,318,-23,341,65,206,246,49,1394,163,84,17,423,281,309,389,13_55_55
120,133,41,6987,277,-46,323,41,172,208,27,1748,186,115,12,504,383,415,474,13_281_37
136,131,40,7197,296,-30,326,55,188,227,41,1608,177,103,15,481,340,374,448,13_187_53
118,130,40,6957,273,-47,320,39,169,205,25,1795,190,119,12,516,394,425,486,13_311_38
134,136,41,6990,293,-33,326,55,141,221,41,1737,181,122,10,484,389,423,459,13_241_97
146,129,40,7071,303,-18,321,66,152,234,52,1538,166,106,12,451,334,371,417,13_257_27
129,132,40,7096,287,-37,324,49,181,218,34,1654,180,107,13,487,357,390,453,13_187_7
129,137,42,6953,288,-38,326,50,136,216,37,1774,185,125,10,494,400,428,470,13_241_21
135,137,41,6976,294,-33,327,56,142,222,42,1716,180,119,10,482,382,416,456,13_241_30
143,131,40,7032,301,-21,322,64,149,231,50,1603,172,110,12,464,349,389,432,13_257_16
148,135,39,7657,316,-25,341,62,204,244,46,1409,162,87,17,424,287,312,392,13_55_37
111,124,39,6996,264,-51,315,32,163,199,18,1830,193,122,11,523,401,436,491,13_291_95
125,132,40,7134,284,-42,326,45,178,215,30,1652,178,106,13,484,356,393,450,13_291_14
114,123,38,7099,268,-49,317,33,166,203,19,1785,190,117,12,515,386,423,481,13_291_19
129,129,39,7234,289,-37,326,47,182,220,33,1634,177,104,14,482,346,385,449,13_123_74
119,135,41,6914,274,-48,322,40,170,204,26,1813,190,122,11,517,401,428,492,13_241_38
124,132,41,6909,279,-41,320,45,175,210,32,1829,192,125,11,519,407,433,493,13_241_25
135,129,38,7452,298,-34,332,51,190,228,36,1547,167,98,14,455,322,359,426,13_213_88
120,131,41,6918,274,-45,319,41,171,206,27,1812,191,122,11,518,400,429,490,13_137_51
127,136,41,6913,284,-40,324,48,178,213,34,1809,188,128,10,503,410,435,479,13_241_96
127,134,40,7236,290,-40,330,46,181,218,31,1614,174,101,14,475,343,385,442,13_111_82
119,131,40,7067,276,-47,323,39,171,208,25,1715,183,111,12,497,373,409,464,13_291_114
127,131,40,7227,288,-39,327,46,181,218,31,1632,176,103,14,480,346,387,447,13_111_85
129,130,39,7381,291,-39,330,45,183,221,30,1603,172,101,14,470,336,377,440,13_123_87
119,126,38,7337,278,-48,326,35,173,210,21,1675,179,106,13,485,354,396,454,13_111_90
129,133,40,7249,290,-38,328,47,183,220,32,1613,174,102,14,475,342,384,442,13_111_43
127,130,39,7242,287,-39,326,45,180,218,30,1644,178,105,14,484,349,388,450,13_123_12
135,134,41,6960,292,-31,323,57,142,222,42,1694,182,113,12,490,371,401,461,13_137_13
145,134,39,7601,312,-27,339,60,201,240,44,1440,166,86,17,434,291,321,401,13_55_21
135,133,39,7486,301,-35,336,51,190,229,35,1526,164,95,14,445,320,359,418,13_111_45
120,124,37,7412,280,-47,327,36,174,213,21,1664,178,105,13,482,350,391,452,13_213_37
86,108,32,8043,249,-86,335,98,-22,185,-22,1211,117,78,14,341,242,325,242,51_139_30
97,119,34,8039,268,-77,345,179,-11,197,-11,1111,108,72,14,312,222,306,222,51_139_17
128,138,39,7926,307,-46,353,210,23,228,23,982,100,66,12,278,206,275,206,51_23_4
118,126,37,7814,290,-50,340,199,15,217,15,1074,104,75,10,294,229,289,229,51_23_46
96,117,35,7723,261,-70,331,176,-7,193,-7,1233,116,86,10,329,263,319,263,51_23_30
116,132,38,7881,292,-55,347,197,12,215,12,1030,102,71,11,287,218,282,218,51_23_10
82,109,35,7192,232,-77,309,155,-15,171,-15,1394,136,97,10,392,300,376,300,51_77_14
121,135,41,7073,279,-48,327,41,174,209,27,1688,180,109,12,489,367,403,458,13_291_11
128,138,41,7247,292,-41,333,46,182,219,32,1576,169,97,14,462,335,381,430,13_111_107
117,125,39,7123,273,-47,320,37,170,207,23,1741,186,113,12,505,375,412,472,13_111_119
127,136,41,7205,289,-41,330,46,181,218,32,1594,172,100,14,468,340,384,434,13_111_117
153,134,40,7403,315,-16,331,70,207,245,55,1366,161,79,18,416,270,318,373,13_115_96
115,128,39,7051,270,-51,321,35,167,203,21,1778,189,117,12,512,388,423,479,13_291_35
126,137,41,7242,289,-43,332,44,180,217,30,1594,171,99,13,466,340,386,433,13_291_136
131,135,41,6908,288,-35,323,53,182,218,39,1742,185,117,12,500,384,412,473,13_241_11
124,134,41,6898,280,-41,321,46,176,210,32,1809,190,123,11,515,401,427,490,13_241_31
126,139,42,6993,285,-44,329,46,133,213,32,1686,179,109,12,488,366,401,461,13_281_50
133,130,38,7504,298,-36,334,48,188,227,33,1550,167,98,14,453,325,362,425,13_213_103
111,126,39,6960,264,-52,316,32,163,198,18,1852,194,124,11,527,408,442,497,13_291_12
130,141,42,7139,291,-42,333,49,137,219,35,1577,169,99,13,460,335,382,430,13_281_48
150,137,39,7651,319,-24,343,64,206,246,48,1401,162,84,17,424,283,309,394,13_55_71
109,128,40,6899,263,-53,316,31,160,195,17,1912,198,131,10,535,427,459,508,13_241_144
114,130,41,6828,268,-48,316,37,165,199,23,1927,199,135,10,536,435,462,511,13_241_147
133,138,41,7346,299,-36,335,50,187,224,35,1543,166,94,14,454,324,372,423,13_111_112
134,133,41,6963,291,-31,322,55,142,221,41,1693,182,112,12,491,370,400,461,13_137_8
116,123,38,7140,271,-48,319,35,168,205,21,1756,188,114,12,509,377,416,475,13_111_105
135,129,38,7420,297,-34,331,51,189,227,36,1560,168,99,14,459,324,363,430,13_123_95
126,127,38,7405,287,-41,328,42,181,218,27,1621,174,102,13,472,340,380,442,13_213_102
110,126,40,6907,263,-51,314,32,162,197,18,1895,198,129,11,536,420,452,507,13_281_1
136,129,38,7434,298,-33,331,51,190,229,37,1557,168,99,14,459,323,363,429,13_123_96
122,126,39,7155,278,-43,321,41,174,212,27,1700,183,110,13,497,364,401,463,13_123_105
121,125,39,7158,278,-42,320,41,174,212,26,1708,184,111,13,499,366,402,465,13_123_45
122,130,40,7067,279,-44,323,42,174,210,28,1710,184,111,13,498,371,406,464,13_187_62
148,133,39,7619,316,-24,340,63,204,244,47,1409,153,89,14,412,296,326,386,13_213_101
129,140,42,6994,288,-41,329,49,136,216,35,1660,178,107,13,482,359,395,454,13_281_49
121,128,39,7096,277,-44,321,40,173,210,26,1722,185,112,13,502,372,407,468,13_291_127
129,134,41,7013,286,-38,324,49,182,217,36,1694,183,111,13,493,370,399,462,13_311_57
144,129,38,7501,306,-26,332,59,199,238,44,1460,162,91,15,436,296,335,404,13_129_68
131,137,42,6931,289,-37,326,52,182,217,38,1720,183,114,12,495,377,406,469,13_241_140
121,132,41,6908,277,-42,319,43,173,208,30,1930,197,142,9,523,446,470,499,13_241_142
114,131,41,6900,268,-51,319,35,165,200,21,1857,194,126,11,526,412,442,499,13_281_11
137,135,41,6988,294,-30,324,58,143,224,43,1672,181,109,13,487,363,393,458,13_311_56
130,137,42,6927,287,-38,325,51,182,216,37,1720,183,114,12,495,377,406,469,13_241_9
129,133,41,6909,285,-36,321,51,180,216,37,1775,188,120,11,507,392,420,480,13_241_139
121,132,40,7016,278,-45,323,42,173,209,28,1714,184,112,12,497,374,407,464,13_291_5
128,136,41,7029,286,-41,327,48,135,215,34,1650,178,107,13,480,359,393,447,13_291_138
101,134,38,7891,275,-74,349,182,-5,199,-5,1054,108,75,11,300,229,295,229,51_5_40
90,127,36,7894,261,-85,346,170,-17,187,-17,1169,117,82,10,326,255,317,255,51_91_32
79,117,34,7924,244,-95,339,159,-29,176,-29,1263,123,89,9,350,278,341,278,51_91_31
93,127,36,7894,265,-81,346,173,-13,191,-13,1065,105,71,11,298,220,291,220,51_91_46
134,133,38,7888,308,-40,348,215,29,234,29,1032,103,70,11,286,224,278,224,51_9_40
111,126,36,7813,282,-59,341,191,7,209,7,1136,108,78,10,305,244,294,244,51_9_38
108,131,38,7675,278,-64,342,186,23,203,5,964,101,66,13,282,204,270,204,51_71_13
110,132,38,7723,283,-62,345,189,25,207,7,943,101,64,13,277,199,267,199,51_71_16
113,135,38,7740,287,-60,347,192,27,210,10,940,100,63,13,276,197,266,198,51_71_36
106,134,38,7915,283,-69,352,187,0,205,0,1026,104,68,12,290,211,283,211,51_91_7
121,135,37,8209,304,-60,364,217,12,224,12,966,98,62,15,283,191,280,191,51_139_9
97,117,33,8078,267,-78,345,179,-11,198,-11,1129,109,73,14,315,225,310,225,51_139_25
97,129,36,7993,272,-79,351,178,-10,197,-10,991,100,63,15,289,193,285,193,51_165_69
87,121,35,7912,258,-85,343,168,-19,186,-19,1093,106,72,12,307,222,301,222,51_165_7
95,115,33,8023,263,-78,341,106,-13,195,-13,1164,112,76,13,323,234,315,234,51_165_72
109,123,35,8104,283,-66,349,203,1,211,1,1089,106,71,14,308,219,303,219,51_165_14
94,127,36,7926,268,-80,348,175,-12,193,-12,1015,102,65,14,292,200,287,200,51_165_51
119,129,36,8151,297,-59,356,213,10,222,10,1045,105,68,14,302,210,296,210,51_165_36
115,128,36,8101,293,-61,354,209,8,217,8,1039,105,68,14,301,208,295,208,51_165_67
103,133,38,7858,277,-71,348,183,-2,201,-2,1049,106,75,11,296,226,291,226,51_5_37
116,137,38,7924,294,-58,352,197,11,216,11,992,101,69,12,281,210,277,210,51_5_44
118,139,39,7963,297,-59,356,199,11,218,11,984,101,67,12,281,206,277,206,51_5_5
116,136,38,7923,293,-59,352,197,10,215,10,998,101,69,12,283,210,278,210,51_5_14
112,136,38,7925,290,-64,354,193,6,211,6,1044,105,72,11,293,219,284,219,51_17_25
84,118,34,7903,252,-88,340,164,-23,182,-23,1147,110,77,11,318,237,310,237,51_165_12
105,123,36,7839,275,-65,340,114,1,204,1,1192,117,82,11,324,256,304,256,51_125_5
120,131,37,7908,295,-53,348,201,15,220,15,1090,107,75,12,299,231,290,231,51_125_12
103,129,38,7487,268,-66,334,178,19,196,2,1096,112,79,12,318,240,304,245,51_197_2
102,126,37,7592,267,-67,334,179,18,197,0,1031,107,74,13,301,224,287,226,51_21_21
93,123,36,7649,258,-76,334,171,-10,188,-10,1081,109,75,11,308,229,296,229,51_71_35
103,122,34,8133,276,-74,350,186,-6,205,-6,1087,106,70,14,307,216,303,216,51_139_8
101,125,35,8259,277,-80,357,184,-10,204,-10,1014,102,63,15,295,195,289,195,51_171_31
106,127,37,7854,278,-65,343,187,1,204,1,1115,108,78,10,304,238,295,238,51_5_24
93,126,36,7902,265,-81,346,173,-13,191,-13,1070,105,72,11,298,221,291,221,51_91_27
102,130,37,7894,277,-71,348,183,-3,202,-3,1041,103,70,12,290,214,283,214,51_15_94
115,136,37,8163,299,-64,363,210,6,218,6,902,94,56,17,270,171,269,171,51_165_83
107,129,35,8342,288,-75,363,192,-5,212,-5,983,99,62,15,288,190,283,190,51_171_23
93,119,34,8071,264,-82,346,175,-15,194,-15,1090,107,69,14,309,214,303,214,51_139_18
121,127,37,7696,286,-49,335,199,75,216,18,1145,120,75,12,330,248,318,266,51_169_22
98,128,36,7904,272,-77,349,178,-8,197,-8,1047,103,69,12,292,213,286,213,51_15_17
108,135,36,8260,291,-75,366,192,-3,211,-3,928,94,58,16,275,176,272,176,51_171_14
99,125,35,8150,275,-79,354,182,-10,201,-10,1028,102,65,15,296,200,291,200,51_171_9
106,133,39,7528,275,-65,340,182,5,200,5,1068,108,70,12,307,224,289,224,51_35_37
119,135,38,7907,296,-55,351,200,14,218,14,1020,102,70,12,286,214,280,214,51_23_53
128,138,38,7938,308,-46,354,210,23,229,23,974,99,65,12,277,204,273,204,51_23_42
107,132,38,7880,281,-66,347,187,2,205,2,1069,106,76,11,297,228,291,228,51_5_29
109,136,39,7584,280,-64,344,186,25,204,7,1037,105,69,12,300,218,285,219,51_197_43
105,128,39,7344,266,-62,328,179,23,196,6,1208,120,86,11,346,264,332,267,51_173_19
107,128,35,8205,283,-75,358,190,-4,209,-4,1033,102,66,14,296,203,292,203,51_139_23
104,133,36,8130,285,-76,361,187,-5,206,-5,936,95,57,17,277,177,275,177,51_171_21
106,133,36,8252,288,-76,364,190,-5,209,-5,939,95,58,16,278,178,275,178,51_171_34
99,127,35,8213,277,-81,358,183,-11,201,-11,984,99,61,15,288,189,283,189,51_171_37
100,128,35,8333,281,-81,362,185,-11,205,-11,966,98,60,16,286,184,280,184,51_171_15
111,133,36,8340,294,-74,368,195,-1,215,-1,961,97,61,15,283,186,278,186,51_171_3
101,127,38,7338,263,-65,328,175,20,192,2,1182,118,84,11,336,258,320,260,51_173_33
78,106,34,7165,226,-79,305,151,-18,167,-18,1433,139,99,10,404,307,389,307,51_173_69
131,135,41,6964,289,-35,324,52,138,218,38,1700,183,112,13,493,371,401,464,13_311_3
123,133,41,7034,280,-44,324,44,176,211,30,1706,183,111,12,495,373,405,463,13_291_34
128,128,39,7165,286,-36,322,47,181,218,33,1654,180,106,14,489,352,387,455,13_187_58
115,132,41,6902,270,-50,320,36,166,201,23,1848,193,125,11,523,410,439,497,13_241_143
117,132,40,6971,273,-49,322,38,170,204,24,1786,189,118,12,512,392,424,483,13_281_54
125,132,40,7134,284,-42,326,45,178,215,30,1652,178,106,13,484,356,393,450,13_291_130
120,127,39,7148,276,-45,321,39,172,210,25,1720,185,111,13,501,369,407,467,13_111_18
101,124,38,7185,256,-65,321,19,154,190,4,1716,177,109,11,476,370,426,449,47_9_17
106,133,39,7611,276,-65,341,184,4,201,4,1011,103,67,13,294,211,278,211,51_197_33
80,118,35,7870,244,-93,337,160,-27,176,-27,1306,127,95,8,357,293,347,293,51_17_29
108,133,38,7932,284,-66,350,189,2,207,2,1070,107,75,11,299,227,291,227,51_17_8
122,139,39,7958,301,-55,356,203,16,222,16,1007,102,68,12,284,211,278,211,51_17_17
108,134,38,7912,285,-66,351,189,2,207,2,1063,107,74,11,297,225,289,225,51_17_59
111,135,38,7928,288,-64,352,192,5,210,5,1040,104,71,12,291,217,283,217,51_17_11
100,129,37,7897,273,-74,347,180,-6,198,-6,1114,111,79,10,309,240,300,240,51_17_55
87,120,35,7868,256,-85,341,167,-19,184,-19,1131,109,76,11,312,234,305,234,51_15_42
109,134,37,8078,290,-69,359,192,1,210,1,918,95,57,17,272,174,272,174,51_165_32
111,132,37,7875,287,-61,348,192,7,210,7,1073,105,74,11,296,227,286,227,51_17_19
117,125,36,7804,288,-51,339,198,14,216,14,1101,106,76,10,299,236,292,236,51_23_26
120,125,37,7700,284,-50,334,198,127,215,16,1163,121,74,12,332,249,320,277,51_169_29
90,123,35,7851,260,-82,342,170,-15,188,-15,1157,111,80,10,314,247,304,247,51_15_33
91,124,35,7876,263,-82,345,172,-14,190,-14,1100,107,74,11,304,229,296,229,51_15_73
101,129,37,7872,275,-73,348,181,-4,199,-4,1060,104,71,12,293,219,286,219,51_15_61
112,129,37,7910,287,-61,348,193,7,212,7,1088,106,74,11,298,228,290,228,51_15_99
101,131,37,7887,276,-73,349,181,-4,200,-4,1016,102,67,13,287,205,281,205,51_15_87
93,125,36,7935,266,-81,347,174,-13,193,-13,1057,104,70,12,297,214,291,214,51_15_28
99,129,37,7895,272,-75,347,179,-7,197,-7,1119,111,79,10,310,241,301,241,51_17_31
103,130,37,7882,277,-69,346,184,-2,202,-2,1093,107,76,11,301,231,291,231,51_17_7
80,115,34,7767,243,-88,331,160,-24,176,-24,1295,124,94,8,353,285,342,285,51_5_41
121,138,38,7933,300,-54,354,203,16,221,16,997,102,67,12,283,207,278,207,51_5_46
111,132,37,7886,287,-62,349,192,6,210,6,1049,104,73,11,292,222,286,222,51_5_59
119,127,37,7832,290,-52,342,199,15,218,15,1101,106,76,10,298,238,287,238,51_9_18
100,116,36,7497,256,-66,322,176,57,193,-1,1277,131,86,12,366,281,354,293,51_195_1
126,129,37,7841,298,-44,342,207,22,225,22,1058,104,72,11,292,227,286,227,51_23_65
127,132,38,7865,301,-45,346,208,23,227,23,1037,103,70,11,287,223,278,223,51_163_63
125,130,37,7866,298,-47,345,206,21,224,21,1068,105,73,11,292,231,282,231,51_9_47
92,115,34,7779,256,-75,331,101,-12,189,-12,1277,125,89,10,349,276,322,276,51_9_36
96,122,37,7514,258,-69,327,173,52,190,-5,1095,112,79,12,318,239,303,246,51_21_20
100,125,37,7573,265,-68,333,177,16,195,-1,1054,109,76,12,307,230,292,233,51_21_38
125,138,38,7951,304,-50,354,207,20,225,20,995,101,67,12,282,208,277,208,51_23_45
100,127,37,7623,268,-69,337,178,-2,195,-2,1032,104,69,12,295,213,282,213,51_121_33
104,130,38,7558,271,-65,336,180,60,199,3,1061,110,76,12,310,232,296,237,51_21_41
104,132,37,7923,279,-70,349,185,-2,203,-2,1082,109,77,11,302,233,296,233,51_5_10
126,129,37,7835,298,-45,343,206,22,225,22,1058,104,72,10,291,228,283,228,51_163_41
113,135,38,7919,291,-61,352,194,8,214,8,1036,104,70,12,290,215,280,215,51_15_89
110,135,38,7996,290,-65,355,204,4,212,4,951,98,61,15,277,187,273,187,51_15_18
105,136,38,7991,282,-72,354,186,-2,204,-2,1082,111,75,11,305,232,299,232,51_17_42
108,136,38,7963,285,-69,354,189,1,207,1,1061,109,73,11,300,225,293,225,51_17_51
91,123,35,7863,261,-82,343,171,-15,189,-15,1111,107,75,11,306,230,298,230,51_15_109
81,117,34,7861,248,-90,338,161,-25,179,-25,1190,113,82,10,326,252,317,252,51_15_50
110,124,35,8121,284,-68,352,193,1,211,1,1095,107,71,14,309,220,305,220,51_113_2
114,135,36,8317,298,-71,369,199,3,218,3,968,97,62,15,283,189,279,189,51_187_20
103,121,34,8279,278,-76,354,187,-8,207,-8,1058,106,67,15,305,206,298,206,51_187_3
106,127,38,7345,267,-60,327,180,24,197,7,1230,122,88,11,351,269,339,271,51_191_15
100,123,37,7323,259,-65,324,174,19,192,2,1263,124,90,10,359,276,346,278,51_191_55
85,111,35,7194,236,-75,311,157,-12,174,-12,1381,134,96,10,388,298,374,298,51_77_49
107,133,39,7582,276,-63,339,184,23,202,6,1044,108,75,12,304,226,291,230,51_197_6
106,132,37,7912,281,-67,348,187,0,205,0,1077,108,75,11,300,229,292,229,51_17_44
103,128,38,7514,268,-65,333,179,59,197,2,1100,114,79,12,321,240,308,247,51_21_26
91,118,36,7426,250,-72,322,167,48,184,-8,1179,119,86,11,341,259,325,266,51_185_47
121,128,37,7853,292,-50,342,202,17,220,17,1089,106,75,10,297,235,287,235,51_9_39
103,134,38,7953,278,-74,352,183,-4,202,-4,1094,112,76,11,308,235,301,235,51_17_14
95,125,37,7639,262,-73,335,173,-7,190,-7,1066,107,73,12,303,223,292,223,51_45_3
104,129,37,7778,275,-67,342,183,0,201,0,1065,105,75,11,297,226,290,226,51_45_17
93,115,33,7955,261,-78,339,103,-13,193,-13,1190,114,79,12,329,244,317,244,51_3_53
111,136,38,7912,288,-64,352,192,5,210,5,993,102,70,12,283,211,278,211,51_5_36
118,138,38,7970,296,-59,355,199,11,217,11,981,101,68,12,281,207,276,207,51_5_21
95,126,35,8152,272,-82,354,179,-14,197,-14,999,101,62,15,293,192,287,192,51_171_40
103,127,38,7498,267,-65,332,179,59,196,2,1125,115,81,12,327,247,313,253,51_173_49
104,130,39,7438,268,-64,332,179,21,197,4,1138,114,81,11,325,247,309,250,51_173_28
96,127,36,7874,268,-76,344,177,-9,194,-9,1146,113,82,10,316,250,308,250,51_17_54
110,134,36,8374,295,-75,370,195,-2,215,-2,923,93,58,16,275,176,271,176,51_69_22
105,131,38,7701,276,-66,342,184,2,201,2,984,101,67,13,284,204,274,204,51_45_14
90,122,36,7649,255,-77,332,168,-13,185,-13,1140,112,80,10,319,242,309,242,51_45_31
121,133,38,7857,298,-49,347,202,17,221,17,984,98,69,11,276,209,272,209,51_45_24
105,130,37,7818,278,-66,344,185,1,203,1,1055,105,74,11,295,224,289,224,51_45_5
113,134,38,7845,288,-60,348,193,8,211,8,987,100,69,12,280,209,274,209,51_45_25
94,111,32,8243,261,-82,343,177,-17,196,-17,1131,113,72,14,322,222,312,222,51_157_5
115,135,38,7887,292,-59,351,196,10,214,10,1047,104,71,12,291,219,281,219,51_163_22
111,134,38,7791,286,-61,347,191,7,209,7,963,99,66,13,277,201,269,201,51_45_22
109,132,38,7804,282,-63,345,188,4,207,4,999,100,69,12,283,209,276,209,51_45_19
88,120,36,7675,252,-80,332,166,-16,183,-16,1183,115,84,10,328,253,318,253,51_45_7
117,134,38,7874,293,-56,349,197,12,216,12,988,99,69,12,279,209,274,209,51_45_10
107,133,37,7917,283,-68,351,187,1,206,1,1029,103,69,12,289,212,281,212,51_15_215
130,130,37,7862,303,-42,345,211,26,230,26,1051,104,71,11,290,228,281,228,51_9_104
106,121,36,7760,273,-61,334,186,3,203,3,1172,111,82,10,315,251,306,251,51_23_92
107,132,37,7891,283,-67,350,188,2,206,2,1049,105,71,12,293,218,284,218,51_15_219
112,129,37,7873,285,-60,345,192,7,211,7,1108,107,76,11,300,236,289,236,51_163_114
100,125,37,7649,266,-71,337,178,-4,195,-4,1015,105,70,12,293,215,281,215,51_71_67
115,136,38,7910,292,-59,351,196,9,214,9,1039,104,72,11,291,219,283,219,51_17_90
95,114,33,8095,263,-79,342,177,-14,196,-14,1163,113,75,14,324,232,317,232,51_113_32
93,129,37,7926,265,-83,348,174,-14,191,-14,1177,119,83,10,328,259,320,259,51_17_145
94,129,37,7898,266,-80,346,174,-12,192,-12,1170,118,83,10,326,257,318,257,51_17_148
115,136,38,7900,293,-59,352,196,10,215,10,1043,104,71,12,291,219,282,219,51_17_127
96,128,36,7895,268,-78,346,176,-10,194,-10,1136,113,80,10,314,245,305,245,51_17_110
104,123,36,7861,274,-67,341,113,-1,203,-1,1170,113,80,11,318,248,303,248,51_15_162
122,133,38,7905,298,-50,348,203,17,221,17,994,99,69,11,279,211,275,211,51_45_54
90,118,35,7588,251,-77,328,168,-12,185,-12,1108,112,78,11,317,238,301,238,51_71_81
101,126,37,7625,268,-69,337,179,-1,196,-1,1007,104,69,12,293,213,278,213,51_71_83
109,119,36,7559,267,-58,325,185,117,202,7,1223,127,81,12,351,268,338,283,51_169_96
105,135,38,7934,280,-71,351,185,-2,203,-2,1034,106,74,11,294,224,289,224,51_5_71
119,135,38,7928,296,-55,351,200,14,219,14,1036,103,71,11,289,218,281,218,51_5_77
78,115,34,7864,244,-92,336,158,-27,176,-27,1217,115,84,10,332,258,323,258,51_15_190
118,131,37,7838,293,-52,345,199,14,217,14,1014,100,71,11,282,215,278,215,51_45_69
93,123,36,7606,258,-75,333,171,-9,188,-9,1092,108,75,11,308,229,297,229,51_45_95
103,129,38,7605,270,-66,336,181,19,198,1,1033,107,74,12,302,224,287,227,51_21_76
106,133,39,7625,276,-65,341,184,4,201,4,998,102,67,13,290,210,275,210,51_155_25
121,132,37,7873,297,-51,348,202,16,220,16,986,98,69,11,277,209,272,209,51_45_16
114,126,37,7796,281,-58,339,193,68,211,9,1188,123,81,12,344,261,331,268,51_51_38
111,135,38,7917,288,-63,351,192,6,211,6,1049,105,73,11,293,222,286,222,51_17_52
107,130,38,7677,276,-65,341,185,22,203,4,1001,105,71,13,293,216,280,219,51_21_40
104,129,37,7659,273,-67,340,183,20,200,2,1000,105,71,13,293,215,279,217,51_21_3
114,138,38,7939,292,-62,354,195,8,213,8,1029,104,70,12,291,214,283,214,51_17_3
89,124,36,7857,259,-84,343,169,-17,187,-17,1177,115,84,9,323,257,313,257,51_17_77
131,126,37,7763,300,-38,338,211,28,229,28,1077,106,75,10,296,236,289,236,51_19_82
86,112,34,7702,247,-79,326,95,-17,182,-17,1312,124,92,9,351,282,337,282,51_19_57
107,129,38,7649,275,-64,339,185,62,202,4,1016,107,72,13,299,220,286,224,51_21_29
84,117,34,7842,250,-86,336,164,-21,181,-21,1217,114,84,10,327,260,317,260,51_15_8
108,127,36,7891,280,-65,345,188,3,207,3,1119,107,76,11,302,236,293,236,51_15_93
97,128,36,7924,271,-78,349,178,-9,196,-9,1025,102,67,13,290,205,284,205,51_15_97
110,125,35,7991,285,-63,348,204,4,211,4,1102,108,74,13,310,226,301,226,51_15_16
113,140,39,8003,292,-66,358,194,5,212,5,1028,107,71,12,294,218,288,218,51_17_60
97,128,36,7885,270,-76,346,177,-9,195,-9,1144,113,82,10,316,249,307,249,51_17_21
102,130,38,7561,270,-67,337,179,19,197,1,1027,105,72,12,298,220,283,222,51_21_31
99,120,34,8206,272,-79,351,183,-11,202,-11,1083,107,69,14,309,212,303,212,51_157_11
119,127,37,7799,290,-50,340,200,16,217,16,1096,106,75,10,298,236,289,236,51_163_57
118,127,37,7840,289,-53,342,198,14,217,14,1094,106,75,10,297,236,287,236,51_163_45
93,121,34,8219,268,-84,352,177,-17,195,-17,1032,104,65,15,300,200,292,200,51_171_2
102,126,37,7642,269,-68,337,180,0,198,0,1001,104,70,12,292,214,277,214,51_71_29
100,127,37,7623,268,-69,337,178,-2,195,-2,1032,104,69,12,295,213,282,213,51_121_20
89,123,35,7873,259,-84,343,169,-17,187,-17,1148,110,79,10,313,244,304,244,51_91_4
97,117,34,7971,266,-74,340,156,-9,197,-9,1163,111,77,13,321,236,314,236,51_79_19
115,131,39,7481,280,-54,334,191,32,209,15,1187,120,86,11,341,260,331,265,51_191_75
88,122,35,7916,259,-85,344,169,-18,187,-18,1085,106,71,13,306,218,300,218,51_165_80
104,126,38,7335,265,-62,327,179,23,196,6,1243,123,89,11,354,272,342,274,51_191_22
96,124,37,7459,258,-70,328,172,13,189,-4,1112,112,81,11,321,244,305,246,51_197_68
89,122,35,8014,262,-85,347,171,-18,189,-18,1063,104,68,14,305,209,299,209,51_165_129
103,133,37,7916,279,-72,351,184,-2,202,-2,1038,104,70,12,292,215,284,215,51_91_66
118,138,38,7916,296,-58,354,198,12,217,12,1018,103,69,12,287,213,281,213,51_5_69
110,134,38,7677,282,-62,344,188,25,207,7,971,101,65,13,285,203,271,204,51_155_39
105,128,37,7848,278,-66,344,185,0,203,0,1112,108,79,10,304,238,295,238,51_5_117
113,136,38,7917,290,-62,352,193,8,212,8,1036,104,70,12,290,216,282,216,51_17_73
109,131,38,7683,278,-63,341,187,24,205,6,985,104,70,13,290,213,277,215,51_21_51
127,136,38,7921,305,-46,351,208,22,227,22,991,100,67,12,280,209,276,209,51_23_71
110,135,38,7905,287,-65,352,190,4,209,4,1002,102,66,13,285,203,278,203,51_15_115
106,130,37,7839,278,-67,345,186,1,204,1,1042,104,73,11,293,220,287,220,51_45_50
114,130,37,7828,288,-56,344,195,10,212,10,1039,102,72,11,289,220,283,220,51_23_87
104,129,38,7518,269,-64,333,180,59,197,3,1086,112,78,12,316,239,302,244,51_21_81
102,127,38,7351,263,-65,328,175,20,193,3,1187,118,85,11,340,259,325,263,51_173_91
89,115,36,7262,243,-73,316,163,-8,180,-8,1320,129,93,10,373,288,358,288,51_173_94
128,129,37,7850,301,-42,343,209,24,227,24,1041,103,72,11,289,224,285,224,51_23_75
111,132,36,8275,292,-72,364,196,0,215,0,999,100,64,15,290,195,286,195,51_187_31
105,131,38,7631,274,-67,341,182,3,200,3,993,102,67,13,289,209,275,209,51_155_59
78,116,34,7883,242,-95,337,158,-29,174,-29,1274,125,90,9,355,282,346,282,51_91_68
107,130,38,7631,274,-64,338,184,62,202,4,1031,108,73,13,302,224,289,229,51_21_10
108,135,39,7551,277,-63,340,184,7,202,7,1064,108,70,12,307,223,290,223,51_77_82
86,119,34,7936,256,-86,342,167,-20,185,-20,1115,107,74,12,312,227,305,227,51_165_170
113,126,36,7824,284,-58,342,193,9,211,9,1129,108,78,10,303,244,292,244,51_9_97
118,127,37,7842,289,-53,342,199,14,217,14,1107,107,76,10,299,239,289,239,51_9_98
107,135,38,7929,284,-69,353,188,1,206,1,1035,105,70,12,292,215,284,215,51_91_88
121,137,38,7910,299,-54,353,201,15,220,15,1024,103,69,12,287,214,279,214,51_17_131
98,127,37,7862,269,-74,343,179,-7,196,-7,1136,112,82,10,313,246,305,246,51_17_144
104,136,38,7958,280,-73,353,185,-3,203,-3,1064,109,75,11,301,231,296,231,51_5_101
118,135,38,7874,294,-55,349,198,13,217,13,973,98,68,12,276,206,271,206,51_45_78
83,110,35,7187,233,-76,309,155,-14,172,-14,1403,136,97,10,395,301,381,301,51_77_90
105,123,36,7860,275,-65,340,114,1,204,1,1181,115,81,11,321,253,303,253,51_125_86
97,128,36,7902,271,-76,347,178,-8,196,-8,1045,104,69,12,293,213,286,213,51_15_194
110,134,38,7657,282,-62,344,188,25,206,7,963,100,65,13,282,203,269,203,51_155_72
107,119,36,7539,266,-59,325,184,115,201,6,1244,128,81,12,355,270,342,293,51_169_31
116,135,38,7934,293,-58,351,197,10,216,10,1047,104,72,11,291,220,282,220,51_17_45
101,121,34,8114,274,-75,349,184,-7,203,-7,1092,107,70,14,308,216,303,216,51_139_53
114,133,38,7739,289,-56,345,193,11,212,11,969,98,67,12,276,203,268,203,51_121_46
100,133,38,7935,274,-76,350,180,-7,198,-7,1107,112,79,10,310,242,304,242,51_5_47
126,130,37,7854,298,-46,344,206,21,225,21,1055,104,72,11,291,227,283,227,51_163_93
113,132,36,8209,292,-71,363,196,2,215,2,1039,103,67,14,297,206,294,206,51_157_49
118,139,39,7938,298,-58,356,200,12,218,12,981,101,67,12,281,206,276,206,51_5_62
109,132,38,7709,280,-63,343,188,24,206,6,965,102,68,13,283,207,272,208,51_21_47
85,122,35,7862,252,-89,341,165,-22,181,-22,1257,125,90,9,348,280,339,280,51_91_62
100,130,36,8006,277,-77,354,182,-7,200,-7,971,99,61,15,284,187,281,187,51_165_149
97,126,35,8021,273,-78,351,179,-10,198,-10,1013,101,64,15,291,197,288,197,51_165_79
87,118,33,8193,260,-89,349,171,-23,189,-23,1070,107,68,14,309,209,300,209,51_171_82
103,132,36,8189,284,-77,361,187,-7,205,-7,942,96,57,17,279,178,276,178,51_171_81
101,126,35,8176,277,-79,356,184,-9,203,-9,1012,101,64,15,293,196,288,196,51_171_29
100,118,34,8147,271,-76,347,183,-9,202,-9,1118,110,72,14,315,222,308,222,51_157_24
85,119,35,7794,251,-85,336,165,-19,182,-19,1248,120,91,8,339,275,329,275,51_17_75
99,133,37,7952,274,-78,352,180,-8,198,-8,1125,115,79,11,317,245,309,245,51_17_74
95,121,36,7617,258,-74,332,173,-7,190,-7,1062,109,74,12,307,228,291,228,51_71_50
122,131,37,7860,295,-51,346,202,18,221,18,1058,104,72,11,290,227,280,227,51_163_9
96,128,36,7982,272,-79,351,178,-11,196,-11,997,101,63,15,290,194,287,194,51_165_77
107,119,36,7569,266,-61,327,184,115,201,5,1244,128,82,12,355,272,343,290,51_169_64
109,133,39,7509,275,-61,336,185,25,202,8,1112,114,80,12,324,243,310,248,51_173_65
110,126,36,7913,282,-62,344,202,5,209,5,1137,109,78,11,310,239,300,239,51_15_153
97,127,36,7868,270,-76,346,177,-8,195,-8,1106,108,76,10,304,234,294,234,51_17_40
105,135,38,7941,281,-71,352,185,-2,204,-2,1071,109,76,11,302,231,296,231,51_5_57
93,128,37,7855,263,-81,344,173,-13,190,-13,1156,117,83,10,324,255,317,255,51_5_56
91,114,34,7809,256,-77,333,100,-13,189,-13,1284,126,89,10,354,276,325,276,51_125_37
100,126,38,7367,262,-67,329,174,18,192,1,1170,117,84,11,334,256,318,259,51_173_6
118,134,38,7875,295,-55,350,199,13,217,13,989,100,69,12,280,209,275,209,51_45_41
121,134,38,7910,298,-51,349,203,16,221,16,981,98,68,11,276,208,272,208,51_45_39
108,134,38,7915,285,-66,351,189,3,208,3,1037,104,70,12,291,215,282,215,51_15_26
95,129,37,7854,265,-79,344,174,-11,192,-11,1137,114,82,10,318,249,311,249,51_5_58
98,125,36,7785,267,-72,339,177,-7,195,-7,1132,110,81,10,311,244,303,244,51_5_55
100,129,37,7897,273,-74,347,180,-6,198,-6,1114,111,79,10,309,240,300,240,51_17_35
88,117,36,7469,247,-76,323,164,-12,181,-12,1160,116,83,11,332,253,314,253,51_21_17
96,128,36,7967,271,-79,350,178,-10,196,-10,1000,101,64,14,289,196,285,196,51_165_18
93,125,36,7925,266,-81,347,174,-13,193,-13,1043,103,68,13,295,209,290,209,51_165_57
99,125,37,7681,266,-70,336,177,-4,194,-4,1090,107,75,11,304,227,296,227,51_45_51
91,111,32,8066,256,-82,338,102,-18,191,-18,1181,114,76,14,329,236,320,236,51_113_20
121,127,37,7862,292,-50,342,202,17,220,17,1092,106,75,10,297,236,287,236,51_9_63
120,132,36,8167,301,-59,360,215,12,223,12,1007,102,65,15,294,200,289,200,51_165_90
97,124,36,7760,265,-73,338,176,-7,193,-7,1129,110,80,10,312,241,304,241,51_23_41
112,123,36,7787,281,-55,336,192,9,211,9,1135,108,79,10,306,244,298,244,51_23_28
90,118,36,7578,250,-77,327,167,-12,184,-12,1110,112,78,11,318,238,302,238,51_71_30
99,127,37,7666,266,-72,338,177,-5,194,-5,1023,105,70,12,294,215,284,215,51_71_43
115,129,37,7934,290,-58,348,208,10,216,10,1094,107,75,12,303,229,294,229,51_15_65
102,131,37,7910,278,-72,350,183,-3,201,-3,1003,101,65,13,285,201,280,201,51_15_155
112,134,38,7914,289,-62,351,193,7,212,7,1028,103,69,12,289,212,280,212,51_15_55
111,129,36,8144,290,-67,357,206,3,214,3,1007,101,65,15,292,199,288,199,51_165_150
96,118,35,7840,262,-73,335,105,-9,194,-9,1252,123,87,10,344,270,316,270,51_125_63
79,107,34,7208,228,-80,308,152,-18,169,-18,1420,138,98,10,399,304,383,304,51_77_25
111,134,36,8215,292,-73,365,194,1,214,1,976,97,62,15,283,191,281,191,51_139_37
91,112,33,8024,256,-82,338,102,-17,190,-17,1177,113,76,13,328,236,318,236,51_139_38
101,130,37,7935,277,-73,350,182,-4,201,-4,984,100,63,14,283,193,279,193,51_165_13
96,115,33,8039,264,-77,341,155,-12,196,-12,1158,111,75,13,321,233,314,233,51_165_104
110,123,37,7681,274,-58,332,188,118,206,7,1258,127,79,12,353,268,340,307,51_105_66
105,130,38,7631,274,-64,338,182,3,200,3,1006,101,68,12,287,208,276,208,51_121_26
90,114,34,7781,254,-77,331,99,-14,187,-14,1292,126,90,10,353,279,327,279,51_9_57
117,127,37,7841,288,-53,341,198,13,216,13,1105,107,76,10,299,238,289,238,51_9_4
91,124,36,7891,263,-81,344,172,-14,190,-14,1078,105,72,12,300,220,294,220,51_15_133
116,123,36,7790,285,-53,338,196,12,214,12,1124,108,78,10,304,242,296,242,51_19_108
114,137,38,7946,293,-61,354,196,9,214,9,1036,104,71,12,291,217,283,217,51_17_69
95,127,36,7938,269,-80,349,176,-11,194,-11,1019,102,66,14,292,202,287,202,51_165_140
93,119,34,8035,264,-81,345,175,-15,193,-15,1097,107,70,14,310,216,304,216,51_139_50
107,132,37,7867,282,-66,348,187,2,205,2,1072,107,76,11,299,228,292,228,51_5_13
103,130,37,7906,278,-70,348,184,-2,203,-2,1054,104,71,12,292,219,284,219,51_15_148
107,134,38,7907,284,-67,351,188,2,206,2,1062,107,73,11,297,225,289,225,51_17_15
112,125,36,7853,282,-59,341,119,8,211,8,1156,112,80,11,311,248,298,248,51_9_21
100,125,38,7351,261,-66,327,174,18,191,1,1197,119,86,11,342,262,327,265,51_173_30
112,134,38,7892,289,-62,351,192,7,211,7,1029,103,69,12,289,213,280,213,51_15_91
91,126,36,7882,260,-83,343,171,-16,188,-16,1197,119,86,9,331,264,322,264,51_17_20
121,127,37,7804,293,-47,340,202,18,220,18,1079,105,74,10,295,232,289,232,51_23_36
105,129,37,7708,274,-67,341,183,1,201,1,975,103,66,13,285,205,273,205,51_71_60
120,133,38,7912,292,-55,347,200,74,219,14,1155,121,79,12,338,252,325,257,51_51_59
98,123,38,7276,256,-67,323,171,17,188,0,1241,122,88,10,351,272,336,272,51_173_35
93,121,37,7458,254,-71,325,169,11,186,-7,1128,113,81,11,325,247,308,248,51_197_78
108,133,38,7658,278,-64,342,186,5,204,5,979,101,65,13,286,205,272,205,51_155_14
112,123,37,7598,274,-56,330,189,119,206,10,1233,126,77,12,348,262,336,299,51_169_73
107,121,36,7726,270,-64,334,185,62,202,3,1222,127,83,12,355,269,341,276,51_51_45
110,137,38,7935,287,-67,354,191,4,209,4,996,103,70,12,285,212,281,212,51_5_50
97,118,35,7796,264,-72,336,105,-7,195,-7,1247,122,87,10,341,270,315,270,51_9_24
103,130,38,7545,270,-66,336,180,20,198,2,1051,108,76,12,306,228,292,231,51_197_92
116,133,39,7467,282,-55,337,191,32,209,15,1179,118,85,11,338,258,327,262,51_191_114
103,131,39,7460,269,-65,334,179,4,197,4,1109,112,76,11,317,237,300,237,51_197_96
119,126,37,7734,285,-52,337,197,127,215,15,1163,120,76,12,333,253,320,272,51_195_2
116,125,37,7724,281,-54,335,194,124,211,12,1220,124,76,12,343,258,330,300,51_105_74
112,132,37,7880,287,-61,348,193,7,210,7,1071,105,75,11,295,228,286,228,51_17_86
94,127,36,7897,268,-80,348,174,-12,192,-12,1052,104,70,12,295,215,288,215,51_91_60
118,126,37,7720,284,-51,335,196,125,214,15,1211,123,74,12,339,253,326,302,51_105_37
99,127,36,7868,271,-74,345,179,-6,197,-6,1099,106,75,11,300,230,291,230,51_15_158
93,121,37,7468,254,-73,327,169,10,186,-7,1124,113,81,11,323,246,306,247,51_21_34
101,123,38,7280,259,-64,323,174,20,191,3,1264,124,90,10,359,277,346,278,51_191_109
101,128,35,8340,282,-81,363,186,-10,206,-10,958,97,59,16,284,181,278,181,51_69_67
97,120,35,7840,266,-72,338,106,-7,196,-7,1207,118,83,11,332,257,308,257,51_15_177
99,120,35,7835,267,-70,337,109,-5,198,-5,1233,121,86,10,337,267,311,267,51_9_92
99,119,35,7810,266,-68,334,108,-4,198,-4,1235,121,86,10,337,267,312,267,51_9_94
86,121,35,7857,255,-85,340,166,-19,184,-19,1162,111,80,10,317,247,308,247,51_15_213
93,125,36,7971,266,-81,347,174,-14,192,-14,1040,103,67,13,297,206,292,206,51_165_175
98,128,36,7912,272,-75,347,179,-8,197,-8,1036,103,68,13,291,209,286,209,51_15_171
116,126,37,7832,286,-54,340,197,12,215,12,1116,107,77,10,301,241,291,241,51_163_123
81,117,34,7860,248,-90,338,161,-25,179,-25,1196,113,83,9,326,255,317,255,51_91_74
96,125,36,7871,267,-77,344,176,-10,194,-10,1099,106,74,11,301,229,293,229,51_15_205
121,133,38,7900,298,-51,349,203,17,221,17,1012,101,69,11,284,214,279,214,51_23_101
78,116,34,7896,242,-96,338,158,-29,175,-29,1272,124,90,9,352,281,342,281,51_91_83
105,132,37,7923,281,-70,351,185,-1,204,-1,1009,101,66,13,285,204,279,204,51_15_156
112,129,37,7863,285,-59,344,192,7,210,7,1083,106,75,11,298,230,289,230,51_23_85
117,133,38,7900,293,-55,348,198,12,217,12,1057,104,72,11,292,223,284,223,51_5_18
108,130,37,7847,282,-63,345,189,4,207,4,1090,106,76,11,299,231,289,231,51_163_109
89,120,36,7598,250,-79,329,166,-14,183,-14,1130,112,78,11,320,239,307,239,51_71_66
97,125,37,7653,263,-72,335,175,-6,192,-6,1029,106,71,12,297,218,285,218,51_71_42
113,133,38,7723,287,-57,344,192,10,210,10,969,98,67,12,276,203,268,203,51_121_75
102,130,36,7987,279,-74,353,184,-5,202,-5,971,99,62,15,281,189,279,189,51_165_17
105,133,38,7612,276,-66,342,183,21,201,3,1009,103,69,12,293,214,279,215,51_197_79
109,128,37,7782,281,-61,342,189,5,207,5,1056,103,73,11,293,222,287,222,51_45_11
119,133,38,7821,294,-52,346,199,15,217,15,983,98,69,12,277,208,271,208,51_45_52
111,134,36,8273,293,-74,367,195,0,214,0,976,98,62,15,285,190,281,190,51_187_50
96,126,35,8193,273,-82,355,179,-14,198,-14,1000,101,62,15,293,192,287,192,51_171_100
105,133,37,8081,285,-73,358,187,-3,206,-3,935,96,58,17,276,178,275,178,51_165_159
107,134,37,8090,288,-71,359,190,-1,209,-1,926,96,57,17,274,176,273,176,51_165_165
109,133,38,7889,285,-64,349,190,4,208,4,1056,105,75,11,294,225,288,225,51_5_82
104,130,37,7741,276,-67,343,183,1,201,1,1015,102,70,12,288,211,280,211,51_45_89
107,134,38,7897,283,-68,351,188,2,206,2,1053,106,72,12,295,220,286,220,51_17_108
96,124,37,7654,262,-73,335,174,-7,191,-7,1050,107,72,12,301,220,289,220,51_71_76
98,122,36,7568,261,-70,331,175,14,192,-4,1065,110,77,12,310,233,295,235,51_21_68
105,119,36,7552,264,-62,326,182,113,199,3,1271,129,82,12,360,275,347,302,51_169_102
111,137,38,7919,288,-64,352,192,5,210,5,1012,104,71,12,288,215,283,215,51_5_108
78,116,34,7868,243,-95,338,158,-29,175,-29,1287,125,92,8,355,286,345,286,51_91_71
110,134,38,7940,286,-65,351,191,4,209,4,1060,106,74,11,296,224,288,224,51_17_18
111,134,38,7935,287,-64,351,192,5,210,5,1056,106,74,11,295,224,287,224,51_17_38
95,127,36,7998,271,-81,352,177,-12,195,-12,1004,101,64,15,292,196,288,196,51_165_151
102,132,37,7935,278,-73,351,183,-4,202,-4,1031,104,69,12,291,212,284,212,51_91_1
96,128,36,7879,268,-78,346,176,-10,194,-10,1098,107,75,10,303,232,294,232,51_91_30
92,125,36,7925,265,-81,346,173,-14,191,-14,1039,103,68,13,296,208,291,208,51_165_42
110,134,38,7917,287,-63,350,191,5,209,5,1057,106,74,11,296,224,288,224,51_17_143
110,137,38,7918,287,-67,354,190,4,209,4,995,103,70,12,285,212,281,212,51_5_112
108,134,39,7651,279,-64,343,185,5,204,5,990,102,66,13,290,207,275,207,51_155_74
102,127,37,7596,268,-67,335,179,18,197,0,1035,107,75,12,302,225,287,227,51_21_73
100,123,38,7307,258,-65,323,173,19,191,2,1264,124,90,10,359,277,346,278,51_191_111
109,134,38,7883,286,-66,352,189,4,208,4,1050,105,72,11,293,220,284,220,51_17_98
82,119,34,7894,248,-93,341,161,-25,179,-25,1223,121,86,9,341,268,333,268,51_91_92
106,131,36,8238,286,-76,362,190,-5,209,-5,979,98,62,15,285,190,281,190,51_171_93
102,125,35,8087,277,-74,351,184,-7,203,-7,1038,102,66,14,296,204,293,204,51_139_62
96,120,34,8011,267,-77,344,178,-11,196,-11,1100,106,71,13,308,219,303,219,51_165_155
97,120,35,7802,265,-72,337,105,-7,195,-7,1228,121,85,11,337,264,310,264,51_163_113
100,130,37,7896,275,-74,349,180,-5,199,-5,1013,102,66,13,288,203,282,203,51_15_191
113,138,38,7927,292,-63,355,194,7,213,7,1015,104,68,13,288,209,281,209,51_17_24
99,132,37,7896,272,-76,348,180,-7,197,-7,1082,110,77,11,306,236,301,236,51_5_64
106,121,36,7765,274,-61,335,186,3,203,3,1170,110,82,10,313,252,303,252,51_23_90
87,121,35,7906,256,-86,342,166,-20,185,-20,1117,108,75,11,310,231,303,231,51_15_188
102,132,37,7884,278,-72,350,182,-3,201,-3,1046,105,70,12,293,217,286,217,51_91_79
111,132,38,7901,286,-61,347,192,6,210,6,1071,105,74,11,296,226,286,226,51_17_103
94,126,36,7865,265,-78,343,174,-11,192,-11,1152,113,82,9,316,250,307,250,51_17_119
101,129,37,7799,272,-70,342,181,-3,198,-3,1075,107,76,11,301,229,294,229,51_5_110
96,125,37,7651,262,-74,336,174,-7,191,-7,1045,107,72,12,300,221,289,221,51_71_73
105,126,38,7187,264,-60,324,178,26,195,9,1326,130,94,11,372,290,366,291,47_91_59
100,122,38,7189,256,-64,320,172,20,189,3,1326,132,95,11,375,291,369,293,47_91_61
90,114,36,7167,242,-71,313,162,-7,179,-7,1368,132,95,10,386,296,374,296,47_91_62
98,120,37,7199,253,-65,318,170,18,187,1,1323,132,94,11,376,290,368,292,47_19_66
95,121,38,7044,249,-67,316,166,18,183,1,1389,137,98,11,389,304,387,306,47_19_68
105,125,38,7251,263,-61,324,178,63,195,8,1278,129,92,11,363,280,356,287,47_19_70
78,110,36,7038,225,-80,305,76,85,165,-16,1837,181,130,8,493,425,474,445,47_29_80
112,130,39,7305,274,-56,330,186,69,203,15,1207,124,78,13,342,256,337,280,47_59_78
124,134,39,7484,290,-46,336,199,78,218,24,1124,121,68,15,323,231,319,261,47_59_83
126,134,39,7502,294,-44,338,202,81,221,27,1118,121,67,15,322,228,318,259,47_59_84
129,135,40,7405,294,-42,336,45,184,222,30,1504,160,89,14,433,310,374,408,47_123_134
124,137,40,7410,289,-48,337,199,79,216,25,1169,125,75,14,341,244,334,266,47_171_28
99,124,38,7070,254,-65,319,170,21,187,4,1368,133,98,11,381,302,377,305,47_171_30
133,137,40,7471,301,-37,338,49,188,226,34,1517,163,92,14,442,317,365,415,47_139_30
133,136,40,7481,301,-37,338,49,188,227,34,1523,164,93,14,445,319,365,417,47_139_34
128,134,40,7420,293,-41,334,44,183,220,29,1573,169,97,13,458,331,376,429,47_139_36
122,135,40,7320,284,-49,333,39,177,213,24,1558,164,93,14,447,324,388,422,47_123_21
138,138,40,7535,306,-34,340,53,193,232,38,1474,159,90,14,430,308,351,405,47_139_21
115,132,39,7335,276,-55,331,188,71,206,17,1207,125,79,13,345,257,338,278,47_179_8
112,128,38,7400,274,-56,330,186,68,204,13,1228,124,89,11,350,270,342,276,47_163_8
88,115,37,7008,238,-71,309,159,12,176,-5,1458,140,102,10,407,318,404,320,47_19_22
102,124,38,7274,261,-63,324,176,22,193,5,1287,126,91,10,364,281,353,281,47_91_9
121,133,39,7552,288,-50,338,197,76,215,20,1166,119,83,11,335,254,326,264,47_163_3
123,133,39,7579,290,-48,338,199,77,218,22,1159,119,81,12,333,252,324,264,47_163_7
96,121,38,7097,250,-66,316,168,18,184,1,1377,136,97,11,388,301,384,303,47_19_19
98,124,38,7062,253,-65,318,96,106,187,4,1478,148,100,10,401,330,392,355,47_29_18
120,135,40,7298,282,-50,332,37,175,211,23,1585,167,96,13,455,332,392,429,47_123_27
104,125,38,7177,261,-61,322,23,158,194,8,1755,183,112,11,494,377,428,466,47_123_29
128,134,39,7521,294,-43,337,43,183,222,27,1537,165,93,14,443,319,370,418,47_123_46
104,126,39,7205,261,-62,323,22,157,194,8,1716,178,108,11,481,367,423,454,47_123_16
97,120,37,7169,250,-67,317,15,150,186,1,1811,187,117,11,504,392,444,475,47_123_23
110,127,38,7351,271,-57,328,184,66,202,12,1240,126,89,11,354,271,346,278,47_163_9
124,135,39,7491,290,-48,338,199,79,218,24,1148,124,71,14,335,239,327,266,47_179_17
110,129,39,7272,270,-58,328,183,67,200,13,1252,127,86,12,355,271,348,286,47_179_13
99,121,38,7178,253,-64,317,17,153,189,3,1811,188,117,11,507,391,441,478,47_123_37
139,139,40,7537,309,-33,342,54,195,234,39,1461,158,88,14,426,304,350,401,47_139_17
132,134,39,7534,299,-39,338,47,188,226,32,1525,164,94,14,442,318,360,417,47_139_28
139,134,39,7582,307,-32,339,54,194,234,38,1486,160,93,14,433,311,348,408,47_139_47
120,134,40,7358,283,-51,334,193,76,212,22,1204,125,81,13,346,258,338,275,47_171_11
111,131,39,7238,272,-57,329,184,69,202,14,1253,126,87,12,353,272,347,285,47_171_14
118,133,39,7379,282,-51,333,192,74,210,20,1161,122,73,14,332,243,326,269,47_59_7
131,134,39,7596,300,-40,340,209,138,227,31,1142,122,66,15,330,232,321,271,47_29_13
144,136,39,7659,313,-30,343,58,200,240,42,1430,155,89,14,415,298,334,393,47_139_50
112,130,39,7301,274,-56,330,186,68,203,15,1207,123,77,13,341,255,336,281,47_59_9
99,121,37,7220,256,-65,321,172,19,189,2,1312,130,93,11,372,287,364,288,47_91_12
130,138,40,7416,297,-40,337,46,186,223,32,1519,163,91,14,442,317,372,414,47_123_41
127,134,39,7449,293,-44,337,202,133,220,28,1177,122,68,15,335,240,328,281,47_29_19
119,133,40,7373,281,-51,332,192,75,210,20,1206,124,81,12,345,260,337,277,47_171_6
100,121,37,7255,257,-64,321,173,20,190,3,1308,129,93,11,370,286,361,287,47_91_10
98,120,37,7246,255,-66,321,171,18,188,1,1301,129,93,11,370,285,360,286,47_91_15
134,136,40,7474,299,-39,338,49,189,227,34,1478,158,87,14,427,303,366,402,47_123_34
136,137,40,7513,303,-37,340,51,192,230,36,1462,157,87,15,423,300,360,399,47_123_35
102,124,38,7150,259,-62,321,174,61,191,6,1313,131,94,11,371,289,365,292,47_19_16
101,125,38,7127,257,-64,321,173,59,189,5,1332,131,94,11,371,292,366,304,47_171_16
110,121,37,7310,267,-54,321,27,164,201,13,1738,184,111,12,496,369,413,466,47_139_40
117,139,41,7217,280,-54,334,35,124,207,20,1377,143,82,13,380,286,358,353,47_155_18
122,140,41,7293,285,-52,337,120,129,212,24,1349,139,79,13,373,278,354,344,47_155_67
95,123,38,7093,249,-68,317,14,102,183,0,1677,170,110,10,454,371,427,425,47_155_68
111,133,40,7231,270,-59,329,28,118,201,14,1524,158,93,12,423,323,387,397,47_155_73
135,138,40,7511,304,-37,341,50,190,229,35,1495,161,90,14,436,312,361,409,47_139_110
120,130,39,7346,281,-48,329,36,173,211,22,1632,174,101,13,471,344,391,442,47_139_111
132,136,40,7401,299,-37,336,49,186,225,34,1543,166,94,14,452,324,370,422,47_139_112
130,134,39,7537,297,-41,338,45,185,224,29,1528,164,93,14,441,318,364,417,47_139_113
139,136,39,7567,308,-33,341,54,196,234,39,1473,159,91,14,429,308,348,404,47_139_114
130,133,39,7522,296,-41,337,45,185,224,30,1540,166,95,14,446,322,365,420,47_139_115
139,134,39,7557,306,-32,338,54,194,233,38,1488,160,93,14,434,312,349,409,47_139_116
102,125,39,7100,258,-62,320,173,23,190,7,1350,133,96,11,378,296,374,299,47_19_37
128,133,39,7515,294,-43,337,43,183,222,27,1531,164,93,14,441,318,369,417,47_107_18
122,133,39,7437,287,-48,335,197,77,215,23,1201,122,84,11,342,261,334,274,47_19_28
132,138,40,7436,300,-38,338,48,187,225,34,1518,163,91,14,443,318,370,414,47_139_65
123,134,40,7437,287,-48,335,197,77,215,23,1197,122,82,12,341,259,333,275,47_19_32
114,130,39,7382,277,-54,331,188,70,206,15,1233,123,89,11,350,272,341,276,47_91_24
112,128,38,7391,273,-56,329,186,68,203,13,1231,125,88,11,351,269,343,278,47_163_32
107,130,39,7197,266,-61,327,25,160,197,11,1619,168,101,12,452,346,405,426,47_9_67
127,133,39,7398,290,-44,334,43,182,219,28,1472,154,86,14,417,302,374,394,47_9_70
139,137,40,7529,306,-35,341,53,195,232,38,1441,155,86,15,417,295,353,394,47_123_72
129,137,40,7424,295,-42,337,45,184,221,30,1533,164,92,14,445,320,374,418,47_123_74
115,130,39,7445,279,-53,332,191,71,208,16,1201,122,87,11,344,263,335,270,47_163_72
116,135,40,7229,276,-55,331,33,123,205,19,1502,156,91,12,420,315,381,395,47_9_52
113,132,40,7271,273,-57,330,30,167,203,16,1553,161,94,12,435,327,391,411,47_9_54
100,125,38,7144,256,-65,321,19,153,189,5,1712,176,109,11,474,370,425,448,47_9_55
135,132,39,7450,298,-37,335,50,141,227,35,1404,147,81,14,398,284,361,376,47_9_58
137,134,40,7397,299,-34,333,52,144,228,38,1432,151,83,15,408,289,366,385,47_9_61
109,127,38,7311,269,-57,326,183,67,201,12,1247,127,88,11,355,272,347,283,47_163_16
127,133,39,7596,294,-44,338,204,81,222,26,1142,119,75,12,328,245,319,267,47_163_25
128,135,40,7434,293,-43,336,44,183,221,29,1508,160,89,14,434,310,375,410,47_123_63
134,137,40,7437,301,-36,337,50,189,227,35,1520,163,92,14,444,318,365,416,47_139_66
126,137,40,7465,292,-47,339,201,81,219,26,1153,125,73,14,338,240,330,263,47_171_48
118,133,39,7362,280,-53,333,191,74,209,19,1194,125,78,13,344,253,336,275,47_179_43
95,118,37,7161,247,-67,314,13,148,184,-1,1834,189,120,10,508,399,450,479,47_123_123
133,137,40,7433,299,-39,338,48,187,226,34,1490,159,88,14,431,307,369,406,47_123_125
130,136,40,7490,297,-41,338,45,185,223,30,1523,163,92,14,441,318,369,415,47_123_129
104,128,39,7161,261,-63,324,22,157,193,8,1652,170,104,11,458,356,413,432,47_9_7
129,136,40,7380,291,-44,335,45,136,220,30,1393,144,81,14,388,284,363,365,47_9_25
123,135,40,7286,284,-48,332,40,131,213,25,1491,155,88,13,421,307,379,398,47_9_44
127,134,40,7366,289,-45,334,43,133,219,28,1452,151,85,14,409,298,372,386,47_9_10
135,131,39,7492,298,-36,334,50,142,228,34,1387,145,80,14,391,281,358,369,47_9_29
129,133,39,7416,291,-43,334,45,136,221,30,1443,151,84,14,408,295,369,385,47_9_30
123,134,40,7341,284,-48,332,39,178,214,24,1494,156,88,13,422,308,379,399,47_9_13
121,134,40,7319,283,-50,333,38,175,212,23,1531,160,91,13,435,317,384,412,47_9_31
140,132,39,7484,303,-31,334,55,147,233,40,1399,148,81,15,399,282,358,376,47_9_47
129,135,39,7480,296,-42,338,205,135,223,30,1175,123,67,15,337,238,328,281,47_29_29
133,135,39,7595,302,-39,341,210,138,228,32,1157,122,65,15,334,232,324,278,47_29_26
113,135,40,7186,275,-56,331,110,120,203,17,1350,139,82,12,372,284,356,338,47_29_48
115,131,39,7445,279,-54,333,191,71,208,16,1194,121,87,11,342,262,332,268,47_163_24
122,131,39,7522,287,-48,335,198,76,216,22,1170,121,79,12,336,253,327,270,47_163_22
129,134,39,7526,296,-42,338,205,135,223,29,1163,123,67,15,335,236,326,277,47_29_65
96,123,38,7102,250,-68,318,14,103,184,1,1697,172,112,9,460,376,430,432,47_155_57
109,129,39,7224,269,-57,326,182,66,199,12,1242,125,81,12,349,265,344,288,47_59_2
97,120,37,7211,252,-66,318,169,17,186,0,1327,131,94,11,376,290,367,291,47_91_52
108,128,39,7218,268,-59,327,181,28,198,11,1315,129,94,10,368,289,363,291,47_91_55
128,133,39,7386,290,-43,333,44,136,220,29,1454,152,85,14,411,297,372,388,47_9_40
138,136,39,7589,308,-34,342,53,194,234,37,1468,159,90,14,426,305,347,403,47_139_25
123,128,38,7460,286,-45,331,38,177,216,23,1609,172,100,13,464,337,380,437,47_139_49
145,136,39,7645,314,-29,343,59,201,240,43,1427,155,89,14,415,298,334,392,47_139_51
141,135,39,7586,309,-31,340,56,197,236,40,1463,158,91,14,426,306,343,402,47_139_52
121,140,41,7261,284,-53,337,38,128,211,23,1406,146,83,13,390,291,364,364,47_155_42
91,119,37,7123,243,-72,315,9,143,179,-5,1776,179,118,9,480,395,447,452,47_155_12
87,117,37,7083,238,-73,311,85,140,175,-7,1819,183,122,9,491,407,458,461,47_155_4
124,134,39,7577,292,-47,339,201,78,219,23,1156,118,81,11,332,251,322,264,47_163_17
121,132,39,7510,287,-49,336,197,76,215,21,1173,121,80,12,337,254,327,270,47_163_15
126,134,39,7479,293,-45,338,202,133,220,27,1182,123,68,15,337,240,328,284,47_29_20
115,132,39,7312,277,-54,331,189,71,207,18,1228,125,84,12,349,265,342,280,47_171_12
118,132,39,7340,280,-51,331,34,172,209,20,1618,171,99,13,464,340,395,437,47_123_40
133,136,40,7452,298,-39,337,48,188,225,33,1481,158,88,14,427,304,366,403,47_123_43
121,134,40,7412,285,-50,335,195,76,213,22,1171,125,74,14,340,246,332,270,47_179_7
84,110,35,7171,234,-75,309,157,-12,173,-12,1409,136,98,10,398,303,386,303,47_91_6
97,120,37,7181,252,-66,318,169,18,186,1,1334,133,95,11,378,293,372,295,47_19_9
115,133,40,7280,277,-54,331,188,72,206,18,1209,125,80,13,345,257,339,276,47_171_3
130,136,40,7422,297,-40,337,46,184,223,31,1540,165,93,14,448,323,372,420,47_139_6
119,133,39,7390,285,-50,335,194,74,212,21,1151,120,71,14,326,239,323,268,47_59_13
127,134,39,7500,294,-44,338,203,81,221,27,1136,122,67,15,327,233,321,266,47_29_11
119,134,40,7309,281,-51,332,36,173,210,21,1610,170,98,13,463,338,395,436,47_123_38
136,138,40,7546,306,-36,342,51,192,231,36,1477,159,89,14,430,307,356,405,47_139_55
134,137,40,7505,302,-37,339,50,190,228,34,1496,161,91,14,435,312,359,410,47_139_18
115,131,39,7445,279,-54,333,191,71,208,16,1194,121,87,11,342,262,332,268,47_163_1
107,129,39,7171,266,-60,326,179,27,196,11,1320,130,95,11,368,291,364,295,47_19_5
105,125,38,7268,264,-60,324,179,63,196,8,1277,129,92,11,363,280,356,287,47_19_11
128,133,39,7515,294,-43,337,43,183,222,27,1531,164,93,14,441,318,369,417,47_107_2
123,132,39,7526,289,-47,336,199,77,217,23,1163,121,77,12,334,250,325,270,47_163_13
105,127,39,7171,263,-61,324,177,63,194,9,1305,130,94,11,366,287,361,295,47_171_7
141,136,39,7590,310,-32,342,55,196,236,40,1464,158,91,14,427,306,344,403,47_139_44
115,131,39,7302,277,-53,330,188,71,206,17,1242,125,89,11,352,272,345,281,47_19_65
111,129,39,7331,273,-56,329,186,68,203,13,1242,125,90,11,353,273,345,278,47_19_42
142,134,39,7567,308,-30,338,56,198,236,41,1393,149,81,15,400,281,351,378,47_123_118
110,129,39,7240,268,-57,325,28,164,200,13,1688,177,105,12,480,358,413,453,47_123_111
135,136,40,7490,301,-38,339,50,190,228,35,1470,157,87,14,424,302,364,400,47_123_112
121,134,40,7347,284,-49,333,38,176,213,23,1585,168,96,13,456,332,389,429,47_123_119
106,126,38,7308,266,-60,326,180,25,197,8,1260,126,91,11,358,277,350,280,47_91_25
139,136,39,7582,308,-33,341,54,194,234,38,1478,160,91,14,431,309,348,406,47_139_62
125,135,40,7337,287,-47,334,41,132,216,26,1523,160,90,14,435,314,383,411,47_123_122
114,136,41,7194,275,-56,331,33,122,204,18,1476,153,89,12,410,310,377,385,47_155_33
131,135,40,7408,297,-38,335,47,185,223,32,1553,167,95,14,455,326,371,425,47_139_38
98,122,38,7148,254,-65,319,170,19,187,3,1339,134,95,11,379,293,374,295,47_91_22
108,128,39,7232,268,-59,327,181,66,198,12,1287,128,93,11,362,284,356,288,47_19_17
120,133,39,7424,284,-50,334,195,76,212,21,1183,125,76,13,342,250,334,273,47_179_6
104,125,38,7301,263,-62,325,177,23,195,6,1263,126,90,11,360,277,349,279,47_91_56
94,117,37,7179,248,-68,316,166,15,183,-3,1354,133,95,11,383,295,375,295,47_91_26
132,137,40,7449,300,-38,338,48,187,225,33,1518,163,92,14,442,318,366,415,47_139_19
123,132,39,7379,286,-45,331,39,177,215,25,1608,172,99,13,467,339,387,437,47_139_32
111,130,39,7271,271,-57,328,184,68,201,14,1257,127,88,11,355,274,349,286,47_171_41
96,122,38,7051,250,-67,317,167,56,184,2,1383,134,99,10,385,306,381,310,47_171_42
125,136,40,7480,290,-48,338,200,80,218,25,1154,125,72,14,338,240,329,266,47_171_43
118,134,40,7351,281,-53,334,192,74,210,20,1199,124,80,13,343,255,337,273,47_171_23
124,137,40,7329,287,-48,335,41,131,215,26,1419,147,83,13,395,292,367,371,47_9_41
86,115,36,7087,237,-75,312,5,138,174,-9,1839,185,124,9,496,410,461,467,47_9_42
113,131,39,7327,275,-55,330,187,120,205,16,1218,123,75,13,341,256,336,290,47_59_15
136,135,39,7626,306,-36,342,213,89,232,35,1115,122,65,16,325,226,317,260,47_29_12
113,132,40,7224,275,-54,329,111,119,204,17,1250,127,78,12,344,265,341,300,47_29_16
125,135,40,7374,288,-46,334,41,180,217,26,1531,162,91,14,439,317,382,414,47_123_18
114,131,39,7298,275,-55,330,187,70,205,16,1203,124,79,13,342,256,336,277,47_179_9
102,124,38,7169,259,-62,321,174,23,191,6,1347,132,95,10,378,294,373,294,47_91_4
120,133,39,7407,284,-51,335,195,75,212,21,1210,123,83,12,345,262,337,277,47_19_6
106,126,38,7279,265,-60,325,180,64,197,9,1273,129,91,11,361,279,354,287,47_19_7
107,128,38,7331,269,-60,329,181,26,199,9,1235,122,88,11,352,270,340,272,47_91_7
119,133,40,7308,280,-51,331,36,173,210,21,1593,168,97,13,456,334,393,430,47_123_25
118,133,40,7297,279,-52,331,34,172,208,20,1616,171,99,13,464,340,397,436,47_123_31
132,135,39,7527,299,-40,339,47,187,225,31,1509,163,92,14,437,314,362,412,47_123_47
118,132,39,7370,282,-51,333,192,74,210,19,1229,123,89,11,348,270,341,277,47_19_14
100,125,38,7126,257,-64,321,172,22,189,5,1357,134,97,11,380,297,377,300,47_19_18
76,103,34,6962,217,-80,297,146,-17,162,-17,1612,150,109,10,448,345,445,345,47_19_26
114,131,39,7321,276,-54,330,188,71,205,16,1220,126,82,12,348,262,341,280,47_179_4
116,134,40,7285,278,-54,332,189,73,207,19,1207,124,81,13,344,257,338,275,47_171_18
103,124,38,7244,261,-62,323,176,23,193,6,1292,129,92,11,367,283,359,285,47_91_20
98,123,38,7136,253,-66,319,170,56,187,2,1382,136,95,11,381,304,376,321,47_59_10
122,135,40,7391,287,-48,335,197,129,215,24,1214,123,71,14,341,249,334,294,47_29_21
120,135,40,7345,284,-50,334,194,126,212,22,1245,127,73,14,346,256,339,305,47_29_23
130,136,40,7471,297,-41,338,46,185,223,31,1517,162,91,14,439,315,371,413,47_123_42
109,127,38,7355,270,-58,328,183,27,201,10,1246,125,90,11,355,274,346,277,47_91_19
98,121,37,7188,254,-65,319,171,19,187,2,1329,132,94,11,377,291,370,292,47_91_21
112,131,39,7211,272,-57,329,184,69,202,15,1247,125,86,12,351,270,345,285,47_171_17
128,134,39,7576,297,-43,340,205,82,224,28,1105,121,67,15,320,226,315,255,47_59_11
87,116,37,6987,236,-72,308,158,10,174,-6,1515,145,109,9,416,340,412,341,47_171_19
107,126,38,7329,268,-59,327,181,26,199,9,1248,125,90,11,356,274,346,277,47_91_18
128,135,40,7385,293,-41,334,44,182,220,29,1566,168,96,14,456,330,377,426,47_139_53
133,137,40,7473,300,-39,339,48,188,226,33,1491,160,89,14,432,308,366,407,47_123_45
129,137,40,7414,296,-41,337,46,183,222,31,1533,164,92,14,446,321,374,418,47_139_15
134,139,40,7472,303,-37,340,50,189,228,35,1499,161,90,14,438,313,363,411,47_139_16
105,126,39,7163,263,-60,323,177,25,194,9,1334,131,95,11,374,292,369,295,47_19_15
101,122,37,7242,259,-63,322,174,21,191,4,1306,129,93,11,370,285,361,287,47_91_11
101,122,38,7253,258,-63,321,174,20,191,3,1281,128,92,11,365,281,355,283,47_91_16
129,134,39,7526,296,-42,338,205,135,223,29,1163,123,67,15,335,236,326,277,47_29_14
135,136,40,7537,302,-38,340,211,140,229,35,1179,124,67,15,341,237,331,282,47_29_22
112,129,39,7316,274,-56,330,186,30,203,14,1263,126,91,11,357,278,350,282,47_91_23
123,132,39,7540,289,-47,336,199,77,217,23,1161,120,79,12,334,251,324,267,47_163_12
125,136,40,7385,289,-46,335,41,180,217,26,1550,165,93,14,447,323,382,420,47_123_39
136,137,40,7514,304,-35,339,51,192,230,36,1493,161,91,14,435,312,357,409,47_139_31
133,136,40,7481,301,-37,338,49,188,227,34,1518,163,93,14,442,318,362,415,47_139_35
124,131,39,7370,287,-44,331,40,178,216,26,1610,172,100,13,467,339,384,438,47_139_39
115,124,38,7350,274,-51,325,31,168,207,17,1701,181,108,13,489,360,403,459,47_139_45
122,133,39,7580,290,-49,339,199,77,217,21,1154,119,81,12,333,250,323,262,47_163_4
115,134,40,7238,276,-54,330,188,72,205,18,1205,123,81,12,341,257,336,275,47_171_4
112,130,39,7312,274,-56,330,186,68,204,15,1207,123,78,13,340,256,336,281,47_59_66
119,135,40,7358,284,-51,335,116,126,211,21,1248,127,73,13,347,257,339,305,47_29_40
110,132,40,7183,270,-57,327,107,117,200,14,1295,132,82,12,356,278,350,311,47_29_25
102,128,39,7089,258,-64,322,21,109,190,7,1587,162,102,10,432,346,405,404,47_155_30
132,138,40,7477,298,-42,340,207,139,225,32,1284,130,73,14,360,260,346,326,47_155_41
134,137,40,7437,301,-36,337,50,189,227,35,1520,163,92,14,444,318,365,416,47_139_64
133,135,39,7487,300,-38,338,48,188,226,33,1523,164,93,14,443,319,364,416,47_139_58
135,136,40,7589,303,-37,340,50,191,230,34,1492,161,91,14,433,310,353,409,47_139_60
140,137,40,7574,309,-32,341,55,196,235,39,1460,158,90,14,426,305,344,402,47_139_57
126,129,38,7479,289,-43,332,41,181,219,26,1582,170,98,14,458,331,373,431,47_139_106
134,136,40,7511,302,-37,339,49,189,228,34,1511,163,92,14,440,316,361,413,47_139_61
143,135,39,7602,311,-30,341,57,198,238,41,1448,157,91,14,422,304,338,398,47_139_98
114,134,40,7216,274,-56,330,32,121,203,17,1542,160,94,12,432,325,389,408,47_9_39
83,113,36,7045,232,-76,308,81,134,170,-11,1874,187,129,8,504,425,474,468,47_155_43
112,135,40,7203,273,-58,331,109,119,201,15,1392,144,85,12,383,294,363,352,47_155_39
94,123,38,7067,248,-68,316,92,101,182,0,1645,166,110,9,445,367,423,410,47_155_52
91,120,38,7048,244,-70,314,89,99,179,-3,1712,172,115,9,463,383,438,428,47_155_11
130,140,41,7424,296,-44,340,204,137,223,31,1268,129,72,14,357,256,345,316,47_155_28
132,139,40,7497,297,-43,340,207,140,225,31,1272,129,72,14,358,258,344,320,47_155_6
134,139,40,7550,300,-41,341,209,141,228,33,1254,128,71,14,353,254,339,317,47_155_10
115,137,41,7247,276,-57,333,32,122,205,17,1433,148,86,12,396,300,369,370,47_155_55
108,127,38,7345,269,-59,328,182,26,199,9,1241,123,89,11,353,272,342,274,47_91_31
114,131,39,7275,275,-55,330,31,168,205,17,1616,169,99,12,458,340,400,433,47_123_120
120,134,40,7324,282,-50,332,37,174,211,22,1565,165,94,13,447,326,389,422,47_123_110
132,134,39,7534,299,-39,338,47,188,226,32,1525,164,94,14,442,318,360,417,47_139_59
97,125,39,7048,252,-66,318,17,150,185,3,1701,174,111,10,465,375,428,437,47_155_15
98,123,38,7078,254,-65,319,170,21,187,4,1385,136,98,11,387,302,386,304,47_19_51
105,129,39,7133,264,-60,324,103,62,194,10,1341,135,88,11,367,292,361,320,47_29_71
140,138,40,7583,308,-33,341,54,195,235,39,1458,158,89,14,425,303,347,401,47_139_23
138,137,40,7558,308,-33,341,53,194,233,38,1475,159,90,14,430,308,351,405,47_139_26
135,136,40,7511,303,-36,339,51,190,229,35,1511,163,93,14,442,316,358,415,47_139_42
102,123,38,7229,260,-63,323,175,60,192,5,1300,131,94,11,369,286,362,290,47_19_12
121,134,39,7446,287,-50,337,196,76,214,22,1149,123,72,14,332,239,326,265,47_179_3
127,134,39,7520,295,-43,338,204,134,222,28,1142,122,67,15,328,234,321,269,47_29_5
136,134,40,7446,300,-35,335,52,191,229,36,1449,154,85,15,416,295,366,392,47_123_3
127,135,40,7389,290,-44,334,43,181,219,28,1521,161,90,14,437,314,379,412,47_123_5
119,134,40,7324,281,-51,332,36,173,210,21,1594,168,97,13,456,334,393,430,47_123_7
123,136,40,7347,287,-47,334,40,178,215,25,1571,167,95,13,454,329,386,426,47_123_9
134,136,39,7569,303,-38,341,49,190,229,34,1494,161,91,14,433,310,356,409,47_139_8
138,136,40,7545,306,-34,340,53,193,232,37,1485,160,91,14,433,310,351,408,47_139_11
134,134,39,7509,301,-36,337,50,189,228,34,1523,164,94,14,444,319,360,417,47_139_13
115,131,39,7324,277,-54,331,189,72,207,17,1230,125,85,12,349,267,342,281,47_19_69
131,133,39,7542,298,-40,338,46,187,226,31,1526,164,94,14,442,319,361,417,47_139_29
85,113,36,6997,233,-74,307,156,8,172,-8,1505,143,106,10,418,331,414,332,47_171_10
107,127,38,7342,268,-60,328,181,25,199,8,1246,124,89,11,355,273,345,276,47_91_14
104,125,38,7309,264,-61,325,178,23,196,6,1268,126,91,11,361,278,351,280,47_91_17
130,136,40,7403,295,-41,336,46,186,222,31,1502,160,89,14,433,310,373,408,47_123_33
89,116,37,7011,239,-71,310,160,12,176,-5,1469,140,104,10,408,325,404,326,47_171_13
106,126,38,7209,266,-59,325,179,26,196,10,1326,130,94,10,371,290,366,292,47_91_13
128,137,40,7399,293,-43,336,44,182,220,29,1540,165,93,14,447,322,375,419,47_139_14
133,136,40,7476,301,-37,338,49,188,227,34,1526,164,93,14,445,320,365,417,47_139_37
134,137,40,7459,302,-36,338,50,189,228,35,1510,163,92,14,442,316,362,414,47_139_33
108,127,38,7286,268,-59,327,181,65,199,10,1275,128,92,11,361,280,355,285,47_19_10
104,126,39,7205,261,-62,323,22,157,194,8,1720,179,109,11,482,368,423,455,47_123_15
116,132,39,7319,279,-52,331,190,73,208,19,1186,124,76,13,340,250,333,274,47_171_21
101,123,38,7193,258,-63,321,174,22,191,5,1310,131,94,11,371,288,364,290,47_19_3
99,123,38,7120,255,-65,320,171,21,188,4,1351,134,96,11,380,296,377,299,47_19_4
120,132,39,7522,286,-50,336,196,75,215,20,1171,120,84,12,337,256,327,264,47_163_6
92,119,38,7016,243,-69,312,163,52,180,-1,1469,142,106,10,403,329,399,332,47_171_5
99,121,38,7148,252,-64,316,17,151,188,3,1814,188,118,11,507,393,443,478,47_123_8
134,138,40,7494,301,-38,339,49,190,227,34,1500,161,90,14,436,313,363,410,47_139_4
104,128,39,7122,262,-61,323,176,63,193,9,1303,128,92,11,363,285,358,296,47_171_20
109,127,38,7372,271,-58,329,184,66,201,11,1235,125,90,11,353,273,344,276,47_163_5
119,133,39,7356,285,-50,335,194,75,211,21,1146,119,71,14,324,237,322,266,47_59_12
122,134,39,7446,288,-48,336,198,77,215,23,1207,121,87,11,342,265,335,273,47_19_13
120,133,39,7420,284,-50,334,195,75,212,21,1146,121,70,14,327,237,323,268,47_59_5
121,135,40,7409,287,-50,337,196,128,214,23,1230,125,72,14,345,253,336,299,47_29_6
133,136,40,7493,300,-40,340,209,139,227,34,1197,124,68,15,343,241,333,289,47_29_8
129,136,40,7443,296,-41,337,45,183,222,30,1541,165,93,14,448,323,374,420,47_139_5
119,130,39,7343,281,-48,329,36,174,211,22,1637,174,101,13,472,345,394,443,47_139_7
125,135,40,7337,287,-47,334,41,132,216,26,1523,160,90,14,435,314,383,411,47_123_14
93,117,37,7134,245,-69,314,11,145,182,-2,1860,191,122,10,514,406,456,485,47_123_12
103,126,39,7165,261,-62,323,176,24,193,8,1334,132,96,11,374,294,369,297,47_19_20
87,114,37,7005,236,-72,308,158,10,174,-6,1483,142,103,10,414,323,411,323,47_19_23
74,102,34,6967,215,-81,296,145,-19,161,-19,1629,152,111,10,453,350,449,350,47_19_27
123,136,40,7439,288,-49,337,198,78,216,24,1169,126,74,14,342,244,334,268,47_171_15
111,129,39,7291,271,-57,328,184,68,202,13,1242,127,84,12,353,268,346,285,47_179_5
99,121,37,7266,256,-65,321,173,19,190,2,1304,130,93,11,371,286,362,287,47_91_2
113,129,39,7341,276,-54,330,188,69,205,15,1242,124,90,11,352,273,344,278,47_91_5
116,132,39,7334,277,-54,331,189,72,207,18,1213,125,81,12,347,259,339,278,47_171_2
131,137,40,7478,299,-39,338,47,187,225,32,1512,163,91,14,440,315,366,413,47_139_54
130,134,39,7530,298,-40,338,45,186,225,30,1527,164,93,14,442,318,364,417,47_139_24
113,131,39,7264,273,-55,328,185,70,203,15,1253,126,89,11,354,274,347,284,47_19_24
112,131,39,7420,276,-56,332,187,30,205,13,1207,120,87,11,344,265,333,268,47_91_8
121,132,39,7510,287,-49,336,197,76,215,21,1173,121,80,12,337,254,327,270,47_163_11
138,136,40,7543,307,-33,340,54,194,233,38,1482,160,91,14,432,309,350,407,47_139_43
109,129,39,7247,269,-58,327,182,66,200,12,1242,125,83,12,349,267,344,286,47_59_6
135,134,39,7495,301,-35,336,50,190,229,35,1524,164,95,14,445,319,359,418,47_139_46
127,135,39,7531,294,-45,339,203,82,221,27,1124,123,69,15,328,233,321,261,47_179_2
134,136,40,7440,299,-38,337,50,190,227,35,1464,156,86,15,422,299,366,398,47_123_4
131,137,40,7404,295,-41,336,47,186,223,32,1501,160,89,14,434,310,372,408,47_123_6
116,131,39,7295,277,-52,329,33,170,207,19,1629,172,100,13,466,343,398,439,47_123_10
122,129,38,7457,285,-47,332,37,176,215,22,1603,171,99,13,461,336,382,435,47_139_9
139,136,39,7601,308,-34,342,53,194,234,38,1474,159,91,14,429,308,348,405,47_139_10
140,136,39,7582,309,-32,341,55,195,235,39,1474,159,91,14,430,308,347,405,47_139_12
132,135,40,7425,296,-40,336,48,188,225,33,1480,157,87,14,425,303,372,401,47_123_19
123,135,40,7325,285,-48,333,39,177,214,25,1567,166,95,13,452,328,386,425,47_123_32
142,138,39,7701,313,-33,346,56,199,239,40,1429,155,87,15,415,295,338,394,47_107_3
127,134,39,7439,293,-44,337,202,133,220,28,1158,121,68,15,330,237,325,273,47_29_17
105,128,39,7103,262,-61,323,176,64,193,10,1322,130,95,11,369,292,364,297,47_171_9
99,121,37,7241,256,-65,321,172,19,189,2,1299,128,92,11,369,284,358,285,47_91_1
114,129,39,7397,276,-54,330,189,70,207,15,1217,124,85,12,348,265,339,277,47_163_2
128,136,40,7385,292,-43,335,44,183,220,29,1516,161,90,14,437,313,377,412,47_123_26
87,113,36,7122,236,-73,309,5,139,175,-9,1924,196,129,9,527,424,473,497,47_123_55
112,131,39,7243,271,-57,328,30,166,202,15,1648,173,102,12,468,348,406,441,47_123_109
137,134,39,7463,301,-35,336,52,192,230,37,1446,154,85,15,416,294,363,392,47_123_67
104,124,38,7194,260,-61,321,22,157,193,8,1764,184,113,11,498,379,429,469,47_123_64
140,134,39,7577,306,-32,338,54,196,234,39,1412,151,83,15,406,285,353,384,47_123_54
125,136,40,7385,289,-46,335,41,180,217,26,1550,165,93,14,447,323,382,420,47_123_57
93,121,38,7095,245,-70,315,11,145,181,-2,1751,178,116,10,475,388,441,446,47_155_76
115,131,39,7347,278,-54,332,189,71,207,17,1235,124,89,11,350,271,342,278,47_19_60
123,135,40,7331,285,-48,333,40,178,214,25,1543,162,92,13,441,320,385,417,47_123_17
114,132,39,7238,277,-54,331,187,70,205,18,1208,122,76,13,335,255,333,285,47_29_9
114,131,39,7353,277,-54,331,188,69,206,16,1209,122,75,13,338,254,334,286,47_59_14
109,129,39,7202,267,-58,325,27,162,198,12,1694,177,106,12,480,361,415,453,47_123_13
124,135,40,7360,286,-47,333,40,179,215,25,1543,163,92,14,442,320,385,417,47_123_22
97,120,37,7189,253,-65,318,170,18,187,1,1324,132,94,11,376,290,369,292,47_19_8
110,129,39,7240,268,-57,325,28,164,200,13,1688,177,105,12,480,358,413,453,47_123_30
131,136,40,7494,299,-41,340,207,137,225,32,1206,124,68,15,345,242,334,293,47_29_7
128,135,40,7437,293,-43,336,43,182,221,28,1539,165,93,14,446,320,374,419,47_123_11
117,132,39,7377,281,-52,333,191,72,209,19,1166,122,73,14,332,243,327,271,47_59_63
118,132,39,7392,282,-51,333,192,73,211,20,1172,121,71,14,331,244,327,276,47_59_20
97,124,34,8340,276,-83,359,182,-15,202,-15,988,100,61,15,291,189,283,189,51_69_68
125,129,37,7839,297,-46,343,205,21,224,21,1059,104,72,10,291,228,283,228,51_163_126
101,130,36,7996,278,-76,354,182,-6,200,-6,964,98,60,16,282,185,279,185,51_165_183
106,133,37,7946,284,-69,353,199,0,206,0,972,99,62,14,280,191,276,191,51_15_184
94,126,36,7875,266,-80,346,174,-12,192,-12,1057,104,70,12,296,216,289,216,51_15_193
113,124,36,7775,282,-55,337,193,10,211,10,1125,108,78,10,304,242,296,242,51_23_94
129,137,39,7916,307,-44,351,211,24,229,24,984,100,66,12,278,208,275,208,51_23_99
95,130,37,7951,267,-81,348,176,-12,193,-12,1170,119,83,10,327,258,319,258,51_17_147
115,134,38,7867,291,-58,349,195,10,213,10,1018,102,71,11,286,215,281,215,51_23_116
127,136,38,7949,305,-47,352,209,22,227,22,972,99,67,12,275,207,272,207,51_45_57
93,125,36,7793,261,-79,340,172,-12,189,-12,1141,113,82,10,318,247,310,247,51_5_109
104,131,38,7602,273,-66,339,181,20,199,2,1005,103,68,13,293,213,278,213,51_197_81
103,128,37,7641,271,-68,339,181,19,199,1,1016,105,72,12,296,219,281,220,51_21_70
107,133,39,7576,276,-64,340,184,23,202,6,1042,108,75,12,304,225,291,229,51_197_95
99,125,37,7551,264,-68,332,176,55,194,-2,1063,110,77,12,310,233,295,236,51_21_78
110,124,36,7762,275,-62,337,189,64,206,5,1205,125,82,12,350,265,337,271,51_51_61
107,128,39,7180,267,-59,326,180,28,197,11,1329,130,95,10,371,292,366,294,47_19_2
80,118,34,7919,245,-94,339,160,-27,177,-27,1240,122,87,9,346,272,338,272,51_91_82
101,131,37,7901,276,-73,349,182,-4,200,-4,1085,108,75,11,302,230,293,230,51_17_109
82,119,35,7824,248,-90,338,162,-24,178,-24,1265,123,91,8,346,281,336,281,51_17_111
111,133,38,7887,287,-62,349,192,6,210,6,1030,103,72,11,289,218,284,218,51_5_92
112,139,39,7962,291,-65,356,193,5,211,5,1008,104,70,12,288,214,283,214,51_5_102
103,129,37,7701,272,-68,340,181,-1,199,-1,1003,102,68,12,288,209,277,209,51_71_68
104,129,37,7684,273,-67,340,182,0,200,0,979,103,67,13,285,206,274,206,51_71_78
100,125,37,7619,265,-70,335,177,-3,195,-3,1022,106,71,12,297,219,282,219,51_71_86
108,135,39,7651,280,-65,345,186,23,204,6,987,102,67,13,288,208,275,209,51_197_82
86,113,36,7163,237,-74,311,158,-11,175,-11,1365,133,95,10,383,294,367,294,51_77_86
114,122,36,7601,276,-54,330,191,122,208,12,1199,124,77,12,341,259,329,284,51_169_99
109,130,37,7853,284,-62,346,190,5,208,5,1088,106,75,11,298,230,288,230,51_163_136
139,138,40,7586,308,-34,342,54,195,234,38,1454,157,87,15,423,300,352,399,47_123_115
93,117,37,7172,246,-69,315,165,14,182,-4,1360,135,96,11,386,297,379,298,47_91_3
95,119,37,7163,247,-67,314,13,148,184,-1,1828,188,119,10,507,398,449,478,47_123_2
133,137,40,7431,301,-37,338,49,188,225,34,1531,164,93,14,448,321,369,419,47_139_3
125,135,39,7498,291,-47,338,200,133,219,25,1158,125,73,14,339,243,330,268,47_179_1
93,117,37,7138,246,-68,314,165,14,182,-3,1366,136,97,11,387,299,381,301,47_19_45
98,128,36,7972,274,-77,351,180,-9,198,-9,990,100,63,15,287,192,284,192,51_165_189
106,133,37,7914,282,-69,351,187,0,205,0,1030,104,69,12,290,212,282,212,51_15_214
93,113,35,7492,248,-71,319,169,50,186,-8,1338,135,91,11,382,296,369,306,51_195_78
102,133,37,7934,278,-73,351,183,-4,201,-4,1093,111,76,11,307,234,300,234,51_17_123
114,136,38,7918,292,-60,352,195,9,213,9,1043,105,72,12,292,219,284,219,51_17_128
106,133,38,7942,281,-68,349,187,0,205,0,1076,108,76,11,301,231,294,231,51_17_140
127,137,39,7933,304,-47,351,208,22,227,22,989,100,66,12,280,207,276,207,51_23_108
89,122,36,7781,256,-81,337,168,-16,185,-16,1210,117,88,9,331,265,322,265,51_5_87
96,124,36,7757,264,-74,338,175,-8,192,-8,1132,110,80,10,312,241,304,241,51_45_55
94,123,36,7674,261,-74,335,173,-8,190,-8,1136,110,78,11,314,238,305,238,51_45_71
111,130,37,7788,284,-59,343,191,7,209,7,1026,101,71,11,287,214,280,214,51_161_68
112,136,38,7867,288,-62,350,192,7,211,7,988,101,69,12,282,210,277,210,51_45_75
100,130,37,7774,272,-72,344,180,-4,197,-4,1047,105,74,11,296,223,289,223,51_45_76
111,129,37,7902,285,-61,346,192,6,211,6,1101,106,75,11,298,233,289,233,51_15_66
105,128,37,7700,273,-67,340,183,1,200,1,976,104,67,13,286,206,274,206,51_71_20
106,133,38,7630,276,-66,342,183,21,201,4,1015,105,72,12,296,217,282,220,51_197_89
95,121,37,7484,257,-70,327,171,51,189,-5,1105,113,80,12,321,243,305,248,51_21_79
103,128,38,7514,268,-65,333,179,59,197,2,1100,114,79,12,321,240,308,247,51_185_97
107,133,39,7571,276,-63,339,184,23,202,6,1060,109,76,12,309,229,296,234,51_197_100
92,119,37,7268,248,-71,319,166,-5,183,-5,1278,126,90,10,360,279,343,279,51_77_83
101,125,38,7318,261,-64,325,175,20,192,3,1228,121,88,11,350,269,336,271,51_173_98
91,116,36,7215,244,-71,315,163,-6,180,-6,1337,130,94,10,378,290,364,290,51_191_110
116,126,37,7797,283,-56,339,196,124,213,12,1181,121,79,11,339,260,326,273,51_195_82
118,134,38,7881,295,-54,349,199,13,217,13,991,99,69,11,279,210,274,210,51_45_61
114,134,38,7842,290,-58,348,194,10,213,10,965,98,67,12,275,203,269,203,51_45_85
96,128,36,8009,272,-80,352,178,-11,196,-11,997,100,63,15,290,194,286,194,51_165_182
107,134,39,7550,277,-64,341,184,23,202,6,1060,107,71,12,305,224,289,224,51_197_87
92,124,36,7848,261,-80,341,171,-14,189,-14,1156,111,80,10,314,247,304,247,51_17_92
106,119,36,7510,265,-61,326,183,63,199,5,1232,127,83,12,353,270,341,283,51_169_10
105,130,35,8241,285,-77,362,189,-6,208,-6,982,98,62,15,286,190,282,190,51_171_79
84,119,35,7912,252,-87,339,164,-22,182,-22,1134,109,76,11,315,234,308,234,51_165_193
99,129,37,7885,273,-74,347,179,-7,198,-7,1043,103,69,12,292,213,285,213,51_15_196
102,131,37,7913,277,-72,349,183,-3,201,-3,1074,106,74,11,298,226,289,226,51_17_94
124,128,37,7828,297,-46,343,205,20,223,20,1061,104,73,11,292,228,287,228,51_23_103
110,129,37,7782,282,-60,342,190,6,208,6,1054,103,73,11,292,221,286,221,51_45_67
91,127,36,7899,262,-85,347,171,-15,189,-15,1171,118,82,10,327,256,319,256,51_91_93
103,134,38,7885,277,-72,349,183,-3,201,-3,1043,107,74,11,297,226,292,226,51_5_107
100,124,37,7625,265,-70,335,178,16,195,-2,1027,107,73,12,299,222,284,223,51_21_65
104,128,38,7366,267,-63,330,178,22,196,5,1180,117,84,11,337,257,322,260,51_173_92
102,130,36,7947,279,-73,352,183,-4,202,-4,981,99,63,15,282,192,279,192,51_165_196
94,127,36,7874,267,-79,346,175,-11,193,-11,1076,105,72,11,298,223,290,223,51_15_198
99,128,37,7888,272,-73,345,180,-7,197,-7,1127,111,80,10,311,243,302,243,51_17_134
119,138,39,7923,297,-56,353,200,14,219,14,1009,102,69,12,285,211,279,211,51_5_79
104,130,37,7876,277,-69,346,184,-1,202,-1,1086,108,77,11,302,232,295,232,51_5_88
116,133,38,7766,290,-55,345,195,12,214,12,969,98,67,12,276,203,269,203,51_121_80
106,136,38,7971,283,-71,354,187,-1,205,-1,1072,110,74,11,303,229,296,229,51_17_150
87,118,36,7568,247,-80,327,164,-15,180,-15,1150,114,80,11,325,244,311,244,51_71_74
98,126,37,7676,265,-72,337,176,-5,194,-5,1026,106,71,12,296,216,284,216,51_71_77
110,132,38,7741,283,-63,346,189,25,207,6,943,101,64,13,277,199,267,199,51_71_80
93,120,36,7586,255,-74,329,170,-9,187,-9,1080,110,76,11,311,232,295,232,51_71_82
105,129,38,7656,274,-65,339,183,3,201,3,978,102,67,13,285,207,272,207,51_71_84
112,138,40,7599,284,-61,345,189,28,208,10,1019,105,68,13,297,213,283,214,51_197_85
92,120,36,7478,252,-73,325,168,9,185,-8,1131,113,81,11,325,247,308,247,51_21_72
89,116,36,7396,246,-74,320,164,46,181,-10,1195,120,87,11,345,263,329,269,51_185_95
96,124,38,7359,257,-69,326,171,15,188,-2,1181,118,84,11,337,258,320,260,51_173_85
108,132,39,7504,275,-62,337,184,24,201,7,1102,113,79,12,321,240,307,245,51_173_87
111,121,36,7548,271,-57,328,188,119,204,9,1205,125,79,12,345,263,333,280,51_169_95
103,130,37,7872,277,-70,347,184,-2,202,-2,1066,105,72,11,295,222,287,222,51_15_217
106,128,37,7863,279,-65,344,187,1,204,1,1106,108,78,10,303,236,294,236,51_5_73
123,133,38,7902,300,-49,349,204,18,222,18,984,98,69,11,276,210,272,210,51_45_63
117,131,38,7808,291,-53,344,197,13,215,13,1006,99,70,11,281,212,276,212,51_45_72
107,129,35,8306,287,-76,363,192,-5,211,-5,994,100,63,15,290,193,285,193,51_187_48
100,126,38,7355,261,-66,327,174,18,192,1,1187,118,84,11,337,259,321,260,51_173_83
78,106,34,7165,226,-79,305,151,-18,167,-18,1432,139,99,10,403,307,388,307,51_77_89
107,133,37,8084,288,-70,358,190,0,209,0,932,96,58,16,275,178,274,178,51_165_167
115,137,37,8249,298,-70,368,198,4,218,4,965,95,62,15,279,190,278,190,51_139_55
109,131,36,8173,289,-71,360,193,0,212,0,980,97,62,15,283,191,282,191,51_139_59
98,121,34,8030,270,-77,347,180,-10,198,-10,1076,105,69,14,304,213,299,213,51_165_153
109,124,36,7792,278,-61,339,188,5,207,5,1156,110,80,10,309,249,298,249,51_163_121
104,123,36,7810,274,-66,340,112,0,202,0,1179,114,82,10,317,254,301,254,51_163_119
109,121,36,7640,272,-59,331,187,117,204,7,1264,128,80,12,356,270,343,307,51_105_80
90,122,35,8016,262,-85,347,171,-18,189,-18,1062,104,68,14,304,209,298,209,51_165_157
127,129,37,7895,299,-45,344,208,23,227,23,1066,105,73,10,292,232,282,232,51_9_100
109,134,38,7896,286,-65,351,189,4,209,4,1024,103,69,12,288,212,280,212,51_15_218
115,132,38,7851,290,-56,346,196,11,214,11,1057,104,73,11,293,223,285,223,51_23_93
90,114,34,7812,254,-78,332,99,-14,188,-14,1284,126,89,10,353,276,324,276,51_125_89
109,130,37,7874,283,-63,346,190,4,207,4,1065,105,75,11,296,226,289,226,51_23_111
103,124,38,7265,261,-62,323,176,61,193,6,1291,130,93,11,367,283,361,288,47_19_33
120,132,39,7471,285,-51,336,195,75,213,20,1194,121,84,11,341,260,332,271,47_19_31
110,119,36,7588,269,-59,328,186,66,204,7,1214,126,81,12,348,266,336,280,51_195_76
108,134,38,7896,285,-67,352,188,2,207,2,1009,102,67,13,285,206,278,206,51_15_211
107,137,38,7970,284,-70,354,188,0,206,0,1055,108,74,11,298,226,293,226,51_5_98
108,132,38,7756,280,-64,344,187,4,205,4,972,100,66,13,280,202,271,202,51_45_94
126,130,37,7860,298,-46,344,207,21,225,21,1061,104,72,11,291,229,281,229,51_9_103
110,127,37,7851,282,-61,343,191,6,209,6,1125,108,77,11,303,240,292,240,51_163_117
109,136,37,8130,292,-70,362,193,1,211,1,907,94,55,17,271,170,270,170,51_165_162
108,134,37,8034,288,-69,357,190,1,209,1,935,97,58,16,275,179,274,179,51_165_177
103,126,39,7142,261,-61,322,175,24,192,8,1343,132,96,11,375,295,371,297,47_19_58
121,125,36,7789,291,-47,338,202,18,219,18,1100,107,76,10,299,239,291,239,51_19_133
99,130,36,7977,276,-76,352,180,-8,199,-8,973,99,61,15,284,188,281,188,51_165_187
86,120,35,7911,255,-86,341,166,-20,185,-20,1117,108,74,12,312,228,305,228,51_165_194
99,129,36,7933,275,-74,349,180,-6,199,-6,1009,101,66,13,287,201,282,201,51_15_182
92,126,36,7884,265,-82,347,172,-14,191,-14,1064,105,71,12,298,218,291,218,51_91_73
95,126,36,7889,267,-78,345,175,-10,194,-10,1082,105,72,11,299,223,291,223,51_15_200
113,135,38,7883,290,-61,351,194,9,213,9,1030,103,69,12,288,214,279,214,51_15_105
109,134,37,7908,287,-66,353,189,3,208,3,984,100,64,14,281,197,276,197,51_15_39
98,130,37,7921,272,-75,347,179,-8,197,-8,1121,112,79,10,312,242,304,242,51_17_28
104,134,38,7947,279,-72,351,184,-3,202,-3,1087,111,75,11,306,232,298,232,51_17_4
104,126,38,7177,263,-61,324,177,63,194,8,1313,131,94,11,370,289,365,293,47_19_34
109,129,39,7232,269,-58,327,182,67,199,13,1278,128,93,11,360,281,354,288,47_19_30
113,130,39,7266,273,-55,328,30,167,203,16,1672,176,104,12,478,354,407,450,47_123_52
130,136,40,7459,296,-42,338,45,185,223,30,1518,162,91,14,439,315,371,414,47_123_60
130,135,39,7537,297,-42,339,45,185,224,30,1519,163,92,14,439,316,365,415,47_123_59
126,132,39,7493,292,-44,336,41,182,220,26,1551,166,95,13,446,324,372,421,47_123_50
136,138,40,7436,302,-36,338,52,191,228,36,1469,157,87,14,426,303,363,401,47_123_58
107,127,39,7207,264,-59,323,25,161,197,11,1714,179,108,12,485,366,418,458,47_123_61
103,124,38,7156,258,-63,321,21,156,191,7,1773,184,114,11,498,382,433,470,47_123_62
106,125,38,7224,263,-59,322,24,160,196,9,1742,182,110,12,492,373,424,464,47_123_65
116,125,36,7793,286,-52,338,197,13,215,13,1107,107,76,10,301,237,293,237,51_23_121
117,127,37,7839,287,-54,341,197,13,215,13,1107,107,76,10,300,238,290,238,51_163_14
110,126,36,7875,282,-61,343,190,5,209,5,1137,109,78,11,305,243,294,243,51_163_21
122,136,38,7941,300,-53,353,203,16,222,16,1000,101,68,12,282,210,277,210,51_23_7
129,130,37,7844,301,-42,343,210,25,228,25,1043,104,71,11,290,224,284,224,51_23_34
125,135,38,7915,303,-48,351,206,20,224,20,986,99,68,12,277,209,274,209,51_23_9
86,121,35,7913,257,-86,343,167,-20,185,-20,1097,107,72,12,310,222,304,222,51_165_46
111,130,36,8154,291,-67,358,206,3,214,3,987,99,63,15,288,193,284,193,51_165_120
108,132,38,7812,280,-65,345,187,3,205,3,1013,102,71,12,287,213,281,213,51_45_46
98,120,35,7844,267,-71,338,107,-6,197,-6,1219,120,84,11,335,261,310,261,51_15_9
82,117,34,7903,250,-89,339,163,-24,180,-24,1146,110,77,11,320,235,312,235,51_165_73
104,132,38,7829,276,-69,345,183,-1,201,-1,1032,104,73,11,292,221,286,221,51_5_115
116,136,38,7915,293,-59,352,197,10,215,10,1001,102,69,12,284,210,279,210,51_5_116
104,132,37,7901,280,-70,350,185,-1,203,-1,1038,104,70,12,291,215,283,215,51_15_222
99,125,37,7551,264,-68,332,176,55,194,-2,1063,110,77,12,310,233,295,236,51_21_84
90,122,36,7707,255,-79,334,169,-14,186,-14,1145,113,81,10,320,245,311,245,51_45_97
113,124,37,7662,277,-56,333,191,121,208,10,1242,126,77,12,348,262,335,306,51_105_81
106,131,39,7520,272,-63,335,182,23,200,5,1097,113,79,12,320,240,307,245,51_185_99
146,131,38,7705,313,-27,340,59,203,242,44,1417,159,89,16,422,294,314,396,13_313_27
117,124,38,7142,273,-46,319,36,170,207,22,1744,187,114,13,507,375,412,473,13_111_4
124,127,38,7302,284,-42,326,41,177,216,27,1662,179,106,13,487,351,391,454,13_123_21
123,132,40,7173,283,-44,327,42,176,213,28,1652,178,105,13,483,354,395,449,13_111_12
115,127,39,7051,269,-49,318,35,167,203,21,1770,188,116,12,510,385,421,478,13_291_20
123,124,38,7160,279,-41,320,42,175,213,28,1695,183,110,13,497,361,397,463,13_85_52
124,138,41,7080,284,-46,330,44,131,212,30,1625,174,103,13,473,350,392,441,13_291_27
129,140,42,6922,288,-39,327,50,180,215,37,1747,184,119,11,497,388,412,474,13_241_1
139,137,40,7583,308,-33,341,54,195,234,38,1467,159,90,14,427,305,346,403,47_139_27
102,125,38,7128,259,-63,322,174,61,191,6,1326,131,96,11,371,292,366,299,47_19_25
137,136,39,7662,308,-35,343,215,89,234,36,1102,122,65,16,322,223,315,255,47_29_10
123,133,40,7335,284,-48,332,39,177,214,24,1478,154,87,13,416,305,376,393,47_9_5
141,134,39,7577,308,-31,339,55,196,236,40,1473,159,92,14,429,309,345,404,47_139_48
133,138,40,7457,299,-39,338,48,188,225,33,1490,159,89,14,432,308,367,407,47_123_44
106,128,39,7224,265,-60,325,179,63,196,10,1271,126,84,12,354,274,350,295,47_59_8
134,135,40,7490,299,-38,337,49,189,227,34,1468,156,86,15,422,299,367,399,47_123_20
113,131,39,7276,274,-55,329,186,70,203,15,1235,126,84,12,351,267,343,283,47_171_8
145,139,40,7598,315,-29,344,60,201,240,43,1419,154,87,15,414,294,336,391,47_139_22
127,131,39,7430,291,-41,332,42,181,220,28,1590,170,99,13,461,334,377,433,47_139_41
125,134,39,7583,293,-46,339,203,79,220,24,1150,118,79,12,330,249,321,264,47_163_10
106,126,38,7226,263,-61,324,23,159,195,9,1716,179,108,12,483,366,421,456,47_123_24
115,131,39,7292,274,-54,328,32,169,205,17,1633,172,100,13,466,344,401,439,47_123_28
111,128,40,6860,263,-51,314,33,162,196,19,1936,200,135,10,539,435,465,513,13_241_111
129,133,40,7210,290,-38,328,47,182,220,33,1619,176,103,14,478,345,383,444,13_111_73
133,137,40,7459,301,-37,338,49,188,227,34,1507,162,91,14,439,315,363,412,47_139_20
109,129,39,7180,267,-58,325,27,162,198,13,1707,179,107,12,485,364,417,457,47_123_36
100,124,38,7133,256,-64,320,172,21,189,5,1350,134,96,11,379,296,375,299,47_19_21
139,132,39,7554,305,-31,336,54,194,234,39,1501,162,95,14,439,315,350,412,13_213_91
143,132,39,7590,308,-29,337,58,199,238,42,1453,165,89,16,435,296,324,403,13_115_87
149,137,40,7599,317,-24,341,64,204,244,48,1405,163,84,17,427,283,311,395,13_55_61
119,126,39,7049,274,-44,318,39,171,207,25,1745,187,114,12,507,378,413,473,13_187_51
124,137,41,7067,283,-46,329,43,131,212,29,1638,175,105,12,476,354,395,444,13_291_104
135,133,41,7052,294,-30,324,56,141,224,41,1639,180,105,14,485,352,385,451,13_187_42
128,128,39,7183,286,-37,323,46,180,218,32,1658,180,107,14,489,354,389,455,13_187_57
143,129,40,7031,299,-20,319,64,150,231,50,1561,169,107,12,458,339,374,424,13_137_41
118,135,41,6925,274,-48,322,40,170,204,26,1801,189,120,11,514,397,426,488,13_281_26
105,130,40,7026,261,-61,322,25,157,192,11,1737,180,112,11,487,378,427,460,37_75_49
