plot_ID,bio01,bio02,bio03,bio04,bio05,bio06,bio07,bio08,bio09,bio10,bio11,bio12,bio13,bio14,bio15,bio16,bio17,bio18,bio19
21_109_1,125.5,127.2,35.3,8175.3,297.6,-55.6,353.2,208.3,185.6,227.2,15.3,1244.2,127.5,75.8,13,354.1,270.7,332.3,292.9
21_109_11,123.3,126.2,35,8174.3,295.5,-57.8,353.3,206.3,183.2,224.9,13.1,1253.6,128.8,76.3,13,357.6,273.1,335.9,293.8
21_109_12,123.4,124.9,35,8194.1,295.4,-57.3,352.7,206.6,183.3,225.3,12.7,1252.4,128.4,75.8,13,357.9,273.2,337,292.6
21_109_23,124.4,131.5,36,8207.4,299.1,-59.5,358.6,207.5,174.5,226.5,13.8,1226.8,129.5,74.6,13.9,352.5,268.7,334.6,285.6
21_109_27,122,128.8,36,8177,295,-60,355,204.9,182.3,223.7,12,1247.2,130,76,13,357.6,273.1,338.5,291
21_109_33,122.3,128.1,36,8157.7,294.4,-59.7,354.1,204.9,182,223.6,12.2,1253.3,130,76.9,13,358.4,273.7,337.8,292.9
21_109_37,123.9,124.8,35,8195.4,295.3,-56.7,352,206.8,183.4,225.8,13.1,1258,128.2,76.2,13,358.3,273.6,336.3,295.4
21_109_8,122.8,125.6,35,8206.2,295,-58.2,353.2,205.8,182.7,224.3,12,1251.1,128.9,75.8,13.1,358.1,273.6,337.9,291.9
21_11_22,120.9,132.7,36,8344.3,301.4,-61.7,363.1,205.3,130.5,224.5,8.8,1187.7,132,72.3,16,353.8,250.4,337.2,267.5
21_11_25,120,132.6,36,8329,300,-62.7,362.7,204.5,129.5,223.5,8,1204.7,133.6,73.1,16,357.8,254.7,340.8,272.5
21_11_31,121.6,130.3,35.4,8420.1,301.8,-61.3,363.1,206.7,131.8,226.5,8.6,1180.9,128.3,71.5,16,348.3,250.6,331.1,264.1
21_11_32,122.5,132.5,36,8354.8,303,-60.5,363.5,207.1,132,226.3,10.4,1202.3,132.4,72.1,16,354.8,254,337.8,272.6
21_125_1,126.7,128.5,36,8044.5,297.5,-53.1,350.6,208,185.1,226.5,17.9,1261,127.3,77.5,12.5,354.7,272.1,330.9,302.1
21_125_13,127.3,128.4,36.1,8054.3,298.8,-52.6,351.4,208.7,185.7,226.8,18.5,1264.8,126.6,77.8,12,354.9,273.8,330.9,303.5
21_125_14,128.4,129.8,36.8,8017.9,300,-50.6,350.6,209.4,186.6,228.1,20.4,1267.6,126,78,12,354.7,274,331,306.5
21_125_22,128.1,130.8,37,7994,300.3,-50.3,350.6,209.1,186.5,227.9,20.4,1269.2,125.7,78.2,12,354.4,273.9,331.1,308.3
21_125_31,126.6,129.1,36.1,8025.4,297.8,-52.3,350.1,208,185,226.4,18.6,1263.8,127,77.9,12,354.8,272.6,331.4,303.8
21_125_32,127.8,128.2,36,8087.6,299.3,-52.3,351.6,209.4,187,228.2,18.4,1263.1,126.1,77.6,12,354.6,273.6,330.2,303.3
21_125_41,128.5,130.1,36.7,8031.1,300.1,-50.9,351,209.6,187.1,228.1,20.1,1259.8,125.9,77.4,12,353,272,329.4,304
21_125_43,127.1,127.4,35.5,8136.5,298.9,-53.7,352.6,209.1,186.8,228.1,17.1,1251.8,126.5,76.5,13,353.5,270.7,329.4,298.1
21_125_44,126.2,126.7,36,8094.9,296.7,-54.4,351.1,207.8,185.3,226.3,16.2,1267.3,127,77.8,12.6,356.3,274.5,332.3,302.5
21_125_8,127.2,127,35.4,8126.2,298.6,-53.5,352.1,209.1,186.3,228,17,1261.2,126.4,77.3,13,355.1,273.2,331,301.3
21_129_13,122.6,133.7,36.5,8230.7,299.7,-61.5,361.2,206.2,131.8,225.1,12,1229.6,131.6,74.6,14,355.6,267.1,339.6,285.4
21_129_15,123.7,133.7,36.5,8235.4,300.8,-60.5,361.3,207.2,133.3,226.3,12.9,1220.9,130.7,73.8,14,352.7,265.2,336.7,283.3
21_129_6,123.7,131.9,36,8212.9,298.3,-60,358.3,206.4,132.8,225.6,13,1227.5,130,74.3,14,353.3,267.9,336.2,285.4
21_131_1,122.7,135.7,37.4,8048.7,297.8,-59,356.8,204.7,181.4,223.6,14.8,1247.5,129.1,79.7,12,357.1,274.2,341.1,296.5
21_131_17,121.9,134.2,37.2,7999.1,295.8,-58.1,353.9,202.9,180.2,221.9,14.9,1265.7,130,81,12,360.7,274.9,344.4,305
21_131_19,123.9,136.7,37.9,8055.8,299.2,-57.7,356.9,205.8,162.5,224.9,16.2,1236.6,128.1,79.4,12,354.1,272.2,338.9,293.9
21_131_21,116.3,129.7,37.1,7894.8,286.8,-58.5,345.3,196.4,173.9,214.9,10.7,1303.4,131.2,82,12,366.5,278.2,350.4,322.2
21_131_22,120.1,132.7,37.6,7955.9,292.6,-57,349.6,200.7,142.6,219.2,13.1,1271,129.1,81,12,359.5,273.8,343.9,310.5
21_131_26,121.8,134.5,37.7,7979.3,295.2,-56.9,352.1,202.8,180.7,221.6,15,1274,130.4,81.4,12,361.8,274.7,344.8,309.1
21_131_3,124,136.5,38,8028.3,298.4,-57.5,355.9,205.5,182.9,224,16.5,1249.1,129.3,79.9,12,356.5,272.9,340,298
21_131_31,121.3,133.9,37,7986.8,294.2,-58.6,352.8,202.2,179.8,220.8,14.3,1271.2,130.6,81.1,12,362.4,276.3,345.4,305.5
21_131_4,120.3,133.2,37.3,7974.5,292.9,-58.5,351.4,201.2,178.5,219.8,13.7,1281.6,131.1,81.7,12,364.6,277.2,347.2,309.7
21_131_5,125.3,137,38.2,8019.1,299.8,-55.4,355.2,206.3,184.6,225.4,18.1,1258.9,130.2,80.2,12,358.8,271.4,341,303.7
21_131_7,117.1,130.4,37.2,7907.4,288,-58.4,346.4,197.1,174.8,215.6,11,1306.3,131.5,82.2,12,367.1,278.2,350.6,323.3
21_131_8,121.9,134.7,37.5,8011,295.5,-58.2,353.7,203.3,180.4,221.8,14.7,1260,129.5,80.6,12,359.4,275.1,343.2,301.8
21_147_10,121.3,130.4,37.3,7846.1,290.9,-54.2,345.1,200,179,218.8,15.5,1360.3,132.6,85.6,11.6,375.9,291.6,353.4,335.3
21_147_13,124.6,129.1,36.9,7862,293.5,-53.2,346.7,203,182,221.8,17.6,1352.2,130.4,85.3,11,372.2,293.1,349.2,334
21_147_14,125.5,131.7,37.1,7873.6,296.3,-52.4,348.7,204.2,183.2,223.1,18.6,1321.3,128.6,83.5,11,365.7,287.9,342.7,323.8
21_147_16,126.3,130.1,37,7935.3,297,-51.8,348.8,206.2,184.9,225.2,19.1,1310.9,127.1,82,11,363,286.2,339.9,320.2
21_147_17,130.1,132.4,37.1,7950.1,301.8,-49.3,351.1,209.3,188.3,228.6,22.1,1289.5,125.2,80.4,11,356.2,280.9,333.6,316.2
21_147_19,125.2,132.6,37.6,7873.5,296.8,-52,348.8,204.7,183.1,223.2,19,1320.9,129,83.1,11,365.9,286.4,343,324.1
21_147_20,124.4,129.3,37,7890.4,293.7,-53.2,346.9,203.4,181.9,222.4,17.4,1341.5,129.2,84.6,11,369.8,292.6,346.8,329.5
21_147_21,126.4,131.8,37.3,7887.5,296.8,-51.8,348.6,205.3,184.4,224.4,19.3,1323.4,128.4,83.4,11,365,288.1,342.2,325.1
21_147_22,124.9,132.2,37.6,7852,295.5,-50.7,346.2,203.9,182.6,222.6,19.1,1336.5,130.8,83.8,12,370,285.2,348.2,330.2
21_147_24,127.1,131.8,37.1,7925.6,298.8,-50.6,349.4,206.8,185.2,225.5,19.7,1298.3,126.8,80.9,11.2,360.4,281.6,337.4,317.7
21_147_25,125.9,131.2,37,7903.1,296.9,-51.8,348.7,205.5,183.9,224.1,18.9,1311.5,127.9,81.9,11,363.6,284.7,340.6,321.6
21_147_28,129.9,131.9,37,7981.8,302.3,-49,351.3,210.5,188.6,229,22.3,1269,124.6,78.4,12,353.2,275.3,330,309.1
21_147_30,129.1,134,38,7887.6,301.7,-48.1,349.8,208.4,186.6,227,22.9,1287.4,125.7,79.7,12,357.1,277.5,335,316.7
21_147_31,127.6,131,37,7942,298.8,-50.3,349.1,207.6,185.6,225.7,20,1288.6,126.2,80,11.8,358.6,279.2,335.2,314
21_147_32,125.1,128.4,36.5,7875.4,294,-52.4,346.4,203.7,183.4,223.1,18.4,1348,129.8,83.9,11,371,291.9,348.3,333.1
21_147_34,124.8,129.6,37,7927.8,295.3,-53,348.3,204.7,182.8,223.2,17.7,1317.9,127.8,82.4,11,365.2,287.1,341.5,321.6
21_147_37,126.7,131.3,37,7888.6,296.7,-51.8,348.5,205.6,184.5,224.3,19.8,1329.1,128.7,83.8,11,366.3,289,343.4,326.9
21_147_39,126.3,130.1,37,7951.5,297.3,-51.7,349,206.3,185,225.2,19.1,1304.1,126.8,81.2,11,361.7,284.1,338.2,318.2
21_147_4,127.4,131.5,37.1,7920.7,298.1,-51.1,349.2,206.8,185.4,225.4,19.7,1305.2,126.6,81.5,11.1,361.1,284.4,338.1,319.6
21_147_40,129.7,132.7,37.1,7954.6,301.9,-49,350.9,209.6,187.8,228.4,22,1273,125.4,78.4,12,354.7,274.3,331.5,310.8
21_147_43,123.8,132.7,38,7846.2,294.5,-52.6,347.1,202.5,181.7,221.1,17.7,1344.3,130.9,85.5,11.1,371.7,289.9,348.7,330.6
21_147_44,127.4,132.7,37.7,7894.3,299.1,-50.2,349.3,206.9,185.4,225.7,20.8,1299.5,127,81,11.1,360.6,281.4,337.8,318.6
21_147_45,126.4,130.2,37,7943.4,297.6,-51.4,349,206.4,184.5,225.3,19.2,1299.9,126.8,80.8,12,361.2,282.4,337.4,316.8
21_147_6,127.6,133.9,38,7886.8,299.6,-49.5,349.1,206.7,185.6,225.6,21.5,1302.8,127.3,81.5,11.5,360.8,281.6,338.5,320.1
21_147_7,125.8,131.6,37,7889.8,296.8,-52.3,349.1,204.8,184.1,223.8,18.7,1316.3,127.7,82.7,11,364,286.8,341.2,322.9
21_147_9,128.1,133.3,37.6,7910,300.1,-50.6,350.7,207.2,186.8,226.7,21.1,1304.5,126.6,81.7,11,359.9,283.9,337.7,320.9
21_165_1,119.1,135.1,37,8277.4,299.1,-64.8,363.9,203.2,128.5,222.1,7.8,1201.4,134,74.4,16,357.6,256,341.1,272.6
21_165_12,121,131.9,36,8320,300.6,-61.3,361.9,205.4,130.5,224.6,9.3,1224.9,134,73.2,16,359.5,259.6,342.4,279.6
21_165_14,120.5,133.3,36.2,8264,298.9,-63.3,362.2,204.8,129.7,223.3,9.5,1235.1,134.3,74.8,15,362.3,264.5,345,284.4
21_165_16,118.8,132.4,36,8315.5,298.8,-63.4,362.2,203.4,128.6,222.8,7.4,1216,134,74,16,359.9,258.3,342.2,276.2
21_165_18,120.7,134.9,37,8249.5,300.1,-63.2,363.3,205.1,129.9,223.7,10.1,1226.5,134,75,15,360.2,263.3,343.6,282.7
21_165_5,120.3,134.4,36.6,8291.4,300,-63.1,363.1,204.4,129.8,223.4,8.9,1216.6,134.5,74.3,16,359.7,259,342.6,277.5
21_165_7,121.2,135.7,36.7,8292.4,302.1,-62.8,364.9,205.4,130.6,224.4,9.5,1193.2,133.7,73,16,355.5,252.6,339,271
21_165_9,121.7,133.2,36,8297.5,300.4,-62.2,362.6,205.7,131.1,225.3,10.6,1232.1,134,74.1,15.1,359.7,263.5,342.7,282.7
21_175_4,118.2,137,37,8275.1,298.7,-65.3,364,202.1,127.9,221.5,7,1177.3,132.6,74.3,16,352.7,250.7,337,264.7
21_189_5,123.9,136.9,37.5,8108.9,299.4,-59.6,359,206.3,183.3,225.1,15.4,1232.7,129.7,77.5,13,353.7,271.4,337.7,290.6
21_189_6,123.1,132.4,36.4,8183,297.4,-60.3,357.7,206,183.1,224.8,13.1,1236.4,130.5,75.7,13.4,355.4,271.2,337.6,288.3
21_197_1,122,133.3,36.5,8251.2,299.3,-61.9,361.2,205.6,131,224.5,10.8,1232,132.5,74.5,15,357.9,266.3,341.6,284.9
21_197_13,122.3,133.9,36.4,8272.4,300.9,-61.5,362.4,206.3,131.6,225.3,11.1,1228.5,133.4,74,15,358.3,263.6,341.8,283.4
21_199_1,128.4,129.1,36,8046.4,299.7,-51.4,351.1,209.4,187.1,228.3,19.5,1267.7,125.8,77.9,12,354.4,274.5,330.5,306.2
21_199_20,127.8,129.6,36.5,7970.3,298.6,-51,349.6,207.8,186.2,226.5,19.9,1300,126,80.9,11.1,360.4,283.6,336.4,317.6
21_199_28,128.9,130.2,36.8,7984.9,300.5,-50.3,350.8,209.1,187.3,227.7,20.9,1283,125.5,79.6,12,357.1,279.4,333.1,312.2
21_199_53,127.8,129.7,36.7,7980.3,298.8,-51.1,349.9,207.9,186.1,226.8,19.9,1296.9,126,80.8,11.2,360.1,283,336.2,316
21_199_65,127.3,128.9,36,8020.9,298.1,-51.9,350,208.1,185.9,227,19,1282.2,126,79.3,12,357.8,278.3,333.4,310.3
21_199_70,129.2,130.9,37,8001,301.5,-49.7,351.2,210,187.8,228.9,21.2,1269.5,125.3,78.3,12,354.4,274.9,330.9,308.3
21_199_9,127.2,129.1,36.1,8001.9,298.1,-51.4,349.5,207.9,185.9,226.5,19.2,1288.9,126.2,80,12,359.2,280.7,335,312.6
21_203_11,125.6,126.4,35,8181.6,297.5,-55.6,353.1,208.4,185.4,226.9,15,1253.5,127.4,76.3,13,355.7,272.1,332.8,296.1
21_203_12,128.7,128,35.9,8182.2,301.5,-52.8,354.3,211.3,188.7,230.2,18.3,1241.4,125.3,75.3,13,351,269.1,327.7,294.9
21_203_20,126.1,125.9,35.2,8146.7,297.9,-54.1,352,208.6,185.8,227.3,16,1270.7,126.6,77.6,13,357.5,275.3,333,303.7
21_203_22,126.1,125.5,35.3,8122.4,296.8,-53.8,350.6,207.9,185.1,226.5,15.8,1281.8,127.1,78.7,12.4,360.1,278.1,334.9,307.1
21_205_13,116.2,131.7,36,8356.3,295.2,-67.1,362.3,200.2,125.6,220,3.2,1168.7,129.1,73.9,16,350.1,248.9,334.3,258.1
21_205_15,119.1,132.8,36,8341.5,299.1,-63.7,362.8,203.5,128.5,222.8,7.1,1184.4,132.1,73.2,16,354.1,250.6,337.8,265.7
21_205_17,117.8,133.5,36,8311.8,297.4,-65.5,362.9,201.8,127.4,221.2,5.8,1184.4,132.1,74,16,354.2,251.9,338.1,265
21_205_19,116.9,133.5,36.1,8325.8,297.6,-65.9,363.5,201.5,126.6,220.6,4.9,1167.1,129.9,73.7,16,349.9,247.9,334.1,259.6
21_205_21,114.2,129.2,35.2,8399.6,293.1,-68.5,361.6,199.2,124.4,218.4,1.2,1156.6,125.8,73.7,16,345.4,247.9,330,252.3
21_205_24,120,136.6,37,8296.2,301.1,-64.1,365.2,204,129.1,223,8,1173.3,132.6,73.2,16,351.7,248.7,336.1,264.1
21_205_27,120.4,135.1,36.5,8353.2,301.1,-63.3,364.4,204.4,130.5,224.1,7.5,1149.2,128.6,72.1,16,344.9,243.3,329.5,255.3
21_205_28,118.7,133.8,36.1,8357,299.1,-64.7,363.8,203.2,128.6,222.5,6.1,1159.7,129.2,72.7,16,347.8,245.7,332.1,257.7
21_205_3,115,130,35.4,8391.6,294.4,-67.3,361.7,200,125.4,219.6,2,1158.9,126.6,73.5,16,346.4,247.3,330.9,253.8
21_205_30,116.7,130.7,35.8,8387.2,296.6,-65.7,362.3,201.7,126.6,221.2,4,1161.3,127.2,73.1,16,346.9,247.5,331,255.2
21_205_57,116.8,134,36.2,8304.3,296.2,-66.7,362.9,200.6,126.5,219.9,5,1175,131,74.2,16,352.1,250.2,336.4,262
21_235_18,126.7,132.4,37.4,7887.2,298.6,-49.7,348.3,206.3,184.6,225,20.7,1295.8,126.7,80,12,360.2,278.4,337.3,318
21_235_20,122.6,131.2,37.6,7846.5,292.6,-52.3,344.9,201.8,179.7,220.3,16.7,1347.2,131.5,84,12,372.9,286.9,351.2,332.8
21_235_31,128,134.6,38,7860.8,300.1,-47.8,347.9,207,185.4,226,22,1306.8,128.2,81,12,362.5,278.9,341,323
21_235_37,126.6,131.8,37,7929.1,298.7,-50,348.7,206.9,184.6,225.7,20,1288.2,126.8,79.2,12,359.3,276.3,336.3,314.8
21_235_41,129.2,134.7,38,7891,301.9,-47.5,349.4,208.7,186.8,227.4,22.9,1288.1,125.9,79.1,12,357.7,275.6,335.5,317.4
21_235_44,128.9,132.4,37,7963.9,301.4,-49.1,350.5,209.6,187.1,228.3,21.7,1269.3,125.4,78,12,354,273.3,331,309.6
21_237_11,121.8,135.5,37,8239,300.2,-62.6,362.8,205.5,130.2,224.1,10.8,1225.4,133,75,15,358.8,264,342.2,283.4
21_237_18,120.9,134.3,36.9,8233.4,299.1,-62.7,361.8,204.9,129.9,223.8,10.4,1233.3,133.8,74.9,15,360.7,265.6,344,284.7
21_237_22,120.8,132.9,36.3,8240.2,298.9,-62.4,361.3,204.8,129.8,223.3,9.9,1238,133.5,75.2,15,360.6,267.1,343.7,286.5
21_237_8,121.3,134.2,36.6,8233.1,299.7,-62.8,362.5,205.3,130.2,223.8,10.3,1233.6,133,75.5,14.6,360.1,266.8,343.7,285.5
21_51_1,124.8,136.7,38,8029.5,298.9,-56,354.9,205.9,184.3,225.3,17.7,1259.5,130,80,12,358.7,271.9,340.4,302.9
21_51_15,122.8,134.8,37.8,7995.7,295.4,-57.5,352.9,203.6,181.8,222.5,15.9,1285.3,132.2,81.5,12,366.2,275.6,345.7,309.7
21_51_19,123.7,135,37.8,7998.3,296.6,-56.3,352.9,204,182.6,223.3,16.4,1283.3,131.9,81.4,12,364.8,274.8,345.4,310.5
21_51_2,122.2,134.6,37.4,8024.2,295.2,-59.1,354.3,203.5,181,222.2,14.4,1267.1,131,80.6,12,361.6,275.2,342.9,302.5
21_51_22,120.5,133.1,37.6,7968.9,293,-57.8,350.8,201.2,179.1,220.1,14.2,1298.3,132.3,82.4,12,368.1,277.5,349.4,316.4
21_51_3,122.6,134.9,37.4,8018.1,296.2,-58.9,355.1,203.7,181,222.6,14.6,1259.5,130.5,80.3,12,359.9,274.8,342.4,300.1
21_51_37,123,135.4,37.9,8019.8,296.4,-58.3,354.7,204,181.9,223.1,15.4,1263.8,130.7,80.7,12,360.5,274.8,342.7,302.2
21_51_38,122.3,135.2,37.4,8059.1,296.6,-60.4,357,204,181.1,222.8,14.2,1251,130.1,79.2,12,358,274.4,340.9,296.2
21_51_43,124.2,135.5,37.5,8041.6,297.3,-58.7,356,205.1,183.4,224.2,16.1,1254.8,130.9,79.7,12.2,358.2,272.5,338.1,298.7
21_51_49,123.7,135.9,37.8,8011.6,297.2,-57.5,354.7,204.4,182.5,223.7,16.1,1262.3,130.5,80.4,12,360.3,274,341.8,301.7
21_51_51,125.8,137.7,38,8052.7,300.3,-57.7,358,207.2,185,226.2,17.5,1232.2,129.2,78,12.8,351.9,269.4,333.8,291.2
21_51_52,122.1,134.6,37.5,8021.2,295,-59.4,354.4,203.1,181.2,221.8,14.1,1265,131.4,80.4,12,361,275.3,341.9,301.2
21_51_53,122.7,134.8,37.6,8005.5,296.1,-57.9,354,203.4,181.8,222.8,15.6,1280.2,131.7,81.3,12,364.3,275.4,344.6,308.2
21_51_7,122.7,134.8,37.8,7997.3,296.2,-56.7,352.9,203.5,181.5,222.5,15.8,1278.8,131,81.2,12,363,274.3,345.5,311
21_65_11,123.6,126,35.1,8255.2,297.8,-57.8,355.6,207.4,142.5,226.1,12.6,1233.5,128.4,73.8,14,355.3,269,336.6,285.6
37_111_14,123.9,136.4,40.8,7140,286.1,-45.6,331.7,121.6,44.2,213.5,29.1,1305.5,129.7,93.1,10,355.7,289.3,348.2,292.3
37_111_18,114.2,129.4,39.2,7131.6,273.5,-51.9,325.4,111.2,33.3,203.7,19.4,1415,137.5,101.6,9,381.4,314.7,375.4,315.9
37_111_2,132.1,135.5,40,7364.2,298.9,-37.6,336.5,129.7,49,225.1,34.5,1314,128.1,96.2,9,355.1,292.3,350,298.6
37_111_20,115.8,133.3,40.1,7109.7,275.5,-52.2,327.7,113.3,36.1,204.5,20.8,1378.5,135.4,99.6,9,374.2,308.5,363.7,310.5
37_111_23,102.8,125.2,39.1,6951.1,256.1,-60.8,316.9,115.2,13.6,189.7,10.6,1488.6,146,106.2,9,400.2,332.6,395.5,332.6
37_111_25,121,135.5,40.9,7093,281.9,-47.5,329.4,126.1,41.9,209.9,26.5,1310.5,130.1,92.9,10,357.3,290,349.8,291.9
37_111_27,126.5,136,40.1,7232.5,290.8,-43.2,334,124.3,45.3,217.7,30.8,1313.6,129.8,95.2,9.1,357.6,292.4,349.3,296.8
37_111_28,125.3,135.3,40,7239.4,289.4,-43.7,333.1,123.3,44,216.5,29.3,1333.9,131.2,96.8,9,362.2,297.5,353.3,301.8
37_111_29,108.3,129.3,39.7,6968.2,263.4,-57.4,320.8,113.3,24.5,195.1,15.5,1440.8,142.5,103.1,9,389.5,322.7,380.2,322.7
37_111_30,131.7,135.8,40,7289.6,297,-37.8,334.8,129.1,49.5,223.4,35.2,1306.6,128.7,95.6,9,353.6,291.5,348.8,297.8
37_111_31,112.7,133.6,40.7,7016.6,270.5,-55.1,325.6,110.1,34.1,200,18.9,1400.9,139.3,101,9,380.7,315,366.1,315.9
37_111_32,108.3,129.1,39.6,6970.2,263.3,-56.9,320.2,105.7,29.2,195.2,15.2,1437.9,141.9,102.7,9.1,388.6,321.8,379.8,321.9
37_111_39,125,135.9,40.1,7236.5,288.9,-44.7,333.6,122.8,43.8,215.9,29,1323,130.3,96.1,9,360,294.9,350.9,299
37_111_4,104.9,127.9,39.5,6978.2,259.6,-59.8,319.4,109.2,25.8,192,11.6,1449.9,141.9,103.4,9,391.9,323.3,384.5,323.7
37_111_40,132.2,135.5,40,7339.6,299.1,-37.6,336.7,129.6,49.3,224.8,35.1,1313.6,128.7,96.2,9,355.6,293.1,349.3,299.6
37_111_43,115.3,130.6,39.2,7160.5,275.8,-51.8,327.6,120,35.3,205,20.1,1395.2,135.7,100.2,9,377.1,309.7,370.6,311.2
37_111_47,104.5,126.1,38.8,7048.2,260.6,-59.7,320.3,168.4,25,192.9,10.6,1442.1,139.2,102.3,9.1,390.7,318.3,387.7,318.3
37_111_51,112.5,132.5,40.1,7016.1,270.2,-54.8,325,109.8,34,200.4,18.8,1412.4,140.1,101.9,9,383.1,317.4,369.3,318.2
37_111_52,137.1,135.8,39.8,7396.6,305.1,-33,338.1,134.7,53.6,230.9,39.7,1305.9,128.3,96.6,9,352.8,292.3,347.9,300.6
37_111_56,115.6,132.7,40,7050.4,274.5,-51.6,326.1,113.2,37.3,204.1,21.8,1399.9,138.7,100.9,9,379.5,314,367,315.1
37_111_57,131.3,135.8,40,7346.1,297.7,-38.3,336,128.5,48.6,223.9,33.9,1312.2,128.2,96.1,9,355.4,292.6,349.3,298.5
37_111_60,127.9,136,40,7176.7,291.2,-41.4,332.6,148.1,47.2,218.2,32.6,1293.3,128.2,92.8,10,350.8,286.4,347,290.6
37_111_63,89.6,114.5,37.1,6915,236.3,-68.8,305.1,160,-2.5,176,-2.5,1634.8,156.5,116.3,9,441,363.9,438.8,363.9
37_111_65,107.7,126.6,38.7,7056.2,263.9,-57.3,321.2,133.6,22.6,195.8,13.2,1443.3,139.5,102.8,9,389.9,319.1,385.7,319.3
37_113_1,119.9,131.9,40.9,6883.8,275.7,-43.2,318.9,41.9,161.8,206.1,28.4,1925.9,196.7,140.7,8.5,521.6,444.5,470.1,497.5
37_113_10,102.4,127.5,40,6953.4,255.9,-60.8,316.7,22.6,153.5,188.6,9.4,1828.5,187.6,122.5,9.9,506.7,406.5,449,479.6
37_113_11,100,119.9,38.8,6820.2,249.2,-56.6,305.8,22.1,150.4,184.8,9,2042.3,205.4,147.1,7.9,551.4,469.4,504.1,523.9
37_113_12,96.3,121.3,38.7,6934.8,247.1,-63.8,310.9,16.9,147.3,182.4,3.4,1914.7,195,130.8,9,525.4,429.1,470.8,497
37_113_13,90.8,116.7,37.6,6930.6,239.4,-67.3,306.7,11.2,141.9,176.7,-2.2,1973.2,199.6,136.8,8.6,537.3,445.2,486.9,507.6
37_113_14,116.3,136.6,41.7,6908.9,273.4,-50.6,324,38,168.3,202.1,24.3,1783.8,186.5,120.4,10.7,504.9,396.9,425,480.3
37_113_15,96.5,118.4,38.4,6865.8,245.4,-60.8,306.2,18.2,147.2,182,4.8,2018,204.4,142,8.2,551.3,458,494.3,522.5
37_113_16,97.3,120.3,38.6,6892,247.2,-61.3,308.5,18.7,148,183.2,5.3,1977.7,201.4,137,8.8,543.8,445.5,483.2,515.4
37_113_177,104.9,127.6,40,6910.8,257.9,-57.9,315.8,26.1,156.7,191,12.9,1875.4,193.5,126.6,10.1,523.5,417.2,454.1,496.4
37_113_19,108.8,125.5,39.9,6843.2,260.6,-50.5,311.1,30.8,159.5,193.8,17.7,1998.9,202.2,143.6,8.2,542.6,458.2,490,517.9
37_113_20,127.7,144.4,43,7011.8,289.8,-44.5,334.3,48.6,134.5,215.1,33.9,1581.7,167.9,104.5,11.5,452.2,347.7,380.8,425.5
37_113_21,98,120.3,38.5,6882.7,247.7,-60.8,308.5,19.1,148.4,183.6,6,1984.6,202,138.2,9,545,447.9,485,516.4
37_113_22,124.3,144.1,42.9,7016.9,286.3,-47.4,333.7,45,131.4,211.8,30.5,1581.3,167.6,103.1,11.7,451.7,345.2,382.9,425.1
37_113_23,116.4,133.6,41,6854.8,272,-48.3,320.3,38.3,167.5,201.7,24.5,1854.1,192.5,127.6,10.1,520.4,415,442.1,496.3
37_113_24,104.6,127,40.2,6866.8,257.5,-55.9,313.4,26.3,129,190,12.9,1877.8,190.5,132.5,8.5,507.9,429.9,466.5,480.6
37_113_25,102,126.7,39.4,6992.4,255.5,-61.7,317.2,22.3,154,188.8,8.4,1833.5,189.2,121.5,10.1,511.4,404.2,447.2,483.7
37_113_28,103.3,128.4,40,6973.9,257.3,-61,318.3,23.6,154.8,189.5,9.6,1802.2,185.4,120,10,499.9,399.8,442.6,472.9
37_113_29,112.3,129.2,40.6,6838,265.7,-49.2,314.9,34.3,162.9,197.4,21.1,1937.1,198.6,136.5,9.1,534.2,439.2,468.4,509.3
37_113_3,115.4,138.2,41.9,6963.5,273.7,-53.2,326.9,36,131.4,201.7,22,1684.7,176.5,110.5,11,476.8,369.7,408.5,450.8
37_113_30,102.7,126.9,39.1,6992.9,256.8,-61.1,317.9,22.8,154.6,189.7,9,1828.2,188.9,121.1,10.1,510.4,403,445.3,482.7
37_113_31,99.4,119.7,38.8,6817.4,248.7,-56.6,305.3,21.7,149.9,184.4,8.4,2036.9,203.8,147.7,7.3,545.6,471,506.7,518
37_113_32,107,130.5,40.2,6983.5,262.1,-58.3,320.4,27.5,159.1,194,13.7,1791.2,186,117.5,10.7,504.6,392.8,434.6,477.6
37_113_34,100.7,125.1,39.1,6953.2,253.8,-61.2,315,21.5,152.7,186.8,7.7,1869.6,192,125.7,9.7,518.8,415.6,456.5,491.1
37_113_35,121.2,137.8,42,6906.1,279.4,-45.6,325,42.8,159.7,207.2,29.5,1774.8,185.3,122.6,10.3,498.5,399.2,424.2,474
37_113_36,107.7,126,40.1,6814.3,259.6,-50.9,310.5,30.2,158.3,192.7,16.6,1989.9,201.3,142.2,8.2,540.5,455.7,488.4,515.5
37_113_37,118.8,139.8,42.2,6953,278,-50.4,328.4,40,152.9,205.3,26,1686,177.1,111.7,11.2,478.8,372.2,404.7,453.3
37_113_40,119.7,136.6,41.6,6901.8,276.9,-46.9,323.8,41.1,148.5,205.3,27.7,1790.6,186.3,124.1,9.9,500,403.9,430.5,475.2
37_113_41,101.8,123.9,39.2,6875.2,252.7,-58.5,311.2,23.1,152.8,187.3,9.8,1941.5,198.5,134,9.2,536.1,436.5,472.9,508.4
37_113_42,96,118.4,38.1,6876,244.5,-61.4,305.9,17.5,147,181.4,4.4,2014.6,204.1,141.8,8.4,549.9,457.4,494.3,520.6
37_113_44,97.2,119.1,38.3,6881.3,246.6,-61,307.6,18.3,148.1,183,5.3,2003.4,203.6,139.9,8.7,549.2,453,490.1,520.3
37_113_45,114.6,136.2,41.5,6925,272.1,-52.3,324.4,35.6,148.1,200.3,21.5,1743.2,181.6,117.4,10.4,489.1,388.2,422.1,463
37_113_48,103.3,126.5,39.8,6902.8,256.1,-58.6,314.7,24.5,154.8,189,11.3,1885.7,194.3,127.7,9.9,524.6,420.1,458.2,497.3
37_113_49,107.6,132.3,40.4,6988.3,263.6,-58.8,322.4,28.1,160.1,194.3,14.1,1752.4,181.9,114.6,10.7,492.3,384.8,427.5,465.8
37_113_5,104.4,128.2,40.1,6920.7,257.6,-58.6,316.2,25.4,151.5,190.4,11.8,1853.4,190.8,125.4,9.8,515.3,413.1,451.6,488.1
37_113_52,115.4,136.7,41.6,6923.8,273.4,-51.3,324.7,36.7,135.9,201.7,23,1712.9,178,116.8,10,475.2,383.8,420.9,448
37_113_53,104.4,128.8,39.9,6938.5,258.4,-59.1,317.5,25.3,156,190.2,11.5,1837,189.3,123.5,10.1,511.1,408.3,447.8,484.3
37_113_54,117.9,134.4,41.3,6883.5,273.7,-47.2,320.9,39.6,169.3,203.5,26,1847,191.5,128.4,9.9,515.5,416.4,442.4,491.3
37_113_58,102.2,125.5,39.4,6931.9,254.5,-59.9,314.4,23,153.6,188.3,9.4,1891.9,194.4,128.1,9.7,525.5,421,460.4,498
37_113_60,116.8,135.9,41.5,6905,273.9,-49.3,323.2,38.2,150.2,202.5,24.3,1787.5,185.4,123.3,10,497.1,403.1,432.9,471.7
37_113_61,101.8,125.6,39.4,6932,254,-60.5,314.5,22.6,153.6,187.8,9.1,1886.8,193.8,127.4,9.9,524.2,419.6,459.7,496.8
37_113_63,110.2,132.8,40.9,6923.9,265.5,-55.2,320.7,31.4,161.9,196.1,17.5,1811.3,188,121.6,10.4,508.3,402.5,437.4,482.2
37_113_67,117.8,136.9,41.7,6889.3,274.4,-48.9,323.3,39.4,169.4,203.4,25.9,1788.7,187.1,121.3,10.6,506,398.3,425.2,481.6
37_113_68,109.5,133,40.5,6997.1,266.1,-57.6,323.7,29.6,162,196.5,15.6,1743.9,181.9,113.1,11,492.8,380.5,423.9,466.4
37_113_7,119.7,140.6,42.2,6964.7,278.8,-50.3,329.1,40.3,140.5,206.2,26.3,1680.2,177.1,110,11.5,480.1,368.4,402,455
37_113_75,93.1,116.2,37.7,6890.4,241.2,-64.2,305.4,13.9,143.6,178.7,0.9,2031,205.4,142.8,8.1,553.3,460.8,499.3,523.6
37_113_77,121,142.9,42.4,7016.4,282.6,-50.8,333.4,41.8,128.2,208.3,26.9,1560.5,165.2,100.4,11.7,443.4,338.1,382.4,416.1
37_113_78,96.9,121.4,38.8,6926.4,247.4,-63.2,310.6,17.6,148.2,182.9,4.1,1930.3,196.9,132.3,9.3,531,433.2,473.3,502.5
37_113_79,107.3,127.8,40.1,6865.4,260.1,-54.2,314.3,29.2,158.7,192.8,15.9,1915.7,196.8,132.5,9.3,531.7,430.9,463.4,505.5
37_113_8,112.1,128.7,40.7,6836.5,265.1,-48.9,314,34.4,162.6,197.1,20.8,1954.9,199.5,139.5,8.7,535.1,446.1,475.3,510.3
37_115_10,121.8,134.3,39.9,7347.3,287.1,-47.2,334.3,195.9,77.2,214.2,24.2,1137.1,118.1,70.5,14.1,320.7,234,320.1,262.7
37_115_15,131.6,134.2,39,7538.1,300,-39.5,339.5,207.9,85.5,225.9,31.5,1105.7,121.2,66.6,15.8,320.2,222.9,316.7,252.7
37_115_3,128.1,135,39.5,7460,295.7,-42,337.7,203.9,82.6,222,29.4,1108.8,118.8,67.3,15.1,318,224.4,316.2,253.9
37_115_31,110.7,131,39.9,7106,269.9,-55.8,325.7,135.7,67.7,199.8,15.8,1282,129.7,87,11.2,350.9,277.9,349.1,299.1
37_115_32,99.6,125.3,39.1,7049.3,254.6,-63.3,317.9,96.9,82.1,187.8,5.7,1463.2,146.6,100.3,9.7,397.1,327.2,389.1,349.3
37_115_35,113.5,131.8,39.5,7262.8,274.8,-55.2,330,186.2,69.9,204,16.4,1197,121.9,78.4,12.9,337.4,253.1,334.3,275.1
37_115_4,97.8,123.5,38.5,7055.3,251.6,-65,316.6,169,56.5,186.3,3.8,1397.4,136.5,100.9,10,384.1,309.9,380.3,318.5
37_115_40,115,132.2,39.5,7282.9,277.7,-53.6,331.3,188.5,71,205.9,18.1,1182.1,119.9,75.1,12.9,330.6,248.3,329.4,275
37_115_42,121.3,135.4,40,7311.1,286.7,-47.8,334.5,213.2,77.1,213.2,24.1,1113.1,114.3,71.2,13.7,314.8,229.4,314.8,254.7
37_115_48,126.9,134.7,39.3,7439.6,294.4,-43.4,337.8,202,81.3,220,27.9,1109.6,118.7,68.1,15.1,317.3,225.9,315.9,254.2
37_115_8,130.5,134.9,39.2,7480.6,298.7,-40.5,339.2,207.8,84.6,224,30.9,1100.6,119.1,67.4,15.3,316,223,314.4,251.2
37_11_16,114.3,129,39,7239.2,276,-52.5,328.5,187.8,27.4,205.4,18.1,1366.5,130.1,97.1,9,373.3,299.6,367.4,300
37_11_2,118,131.4,39.1,7265.3,280.8,-49.8,330.6,191.9,36.8,209.2,21.6,1348.9,129.4,96.4,9,367.7,296.3,362.2,298.1
37_11_27,82.6,109.2,35.6,6978.8,227.9,-74.7,302.6,153.5,-3.8,169.6,-10.3,1550.7,145.4,105.9,10.8,431,333.7,428.6,333.9
37_11_6,108.9,126.1,38.4,7173.2,267.7,-56.4,324.1,181.4,16.4,198.8,13.2,1401.8,133.2,99.3,9.6,383.1,306.6,378,306.6
37_11_8,81,107.4,35,6981.8,225.7,-75.7,301.4,151.7,-8.6,168.1,-12,1551.8,146,105,11,433,331.5,430.2,331.5
37_11_9,118.9,131.5,39,7267.6,282,-49,331,185.2,37.4,209.9,22.3,1356.2,130.8,97.3,9,368,298.7,363,300.6
37_121_12,79.6,106.8,35.1,6966,223.6,-76.9,300.5,150.6,-9.7,166.4,-13.1,1576.8,147.3,107.7,10.1,438.1,339.8,435.1,339.8
37_121_14,95.9,121.6,38,7051.9,248.6,-66.8,315.4,166.8,36.4,183.8,1.5,1404.5,135.4,99.9,10,389.7,310.4,386.1,313.2
37_121_16,101.7,126.1,38.7,7059.9,257.6,-63.2,320.8,172.6,27.5,189.5,7.1,1363.4,131.6,97.6,10,377.1,302.1,373.2,305
37_121_18,92.3,119,37.7,7014.4,243.5,-69,312.5,162.6,15.2,179.4,-1.3,1435.9,138.5,100.8,10,399.8,314.3,397.2,315.9
37_121_23,102.7,126.9,39,7077.7,258.4,-62.7,321.1,173.9,61.6,190.9,7.6,1341.1,130.7,96.3,11,372.7,296.3,367.6,302.1
37_121_30,104.2,127.8,39,7087.5,260.8,-61.8,322.6,175.2,55.2,192.5,9.2,1340.4,130,96.1,10.4,371.3,297.2,366.5,301.2
37_121_8,87.6,114.4,36.5,6991.1,236.7,-71.8,308.5,158.3,9.6,174.5,-5.5,1491.5,141.8,103.6,10,414.7,325.3,411.9,325.7
37_121_9,101.4,125.7,38.9,7098.7,256.9,-63.6,320.5,172.9,59.9,189.9,6.5,1343.4,130.7,96.6,10.9,373.2,296.4,368.9,303.3
37_173_10,90,118.8,37.9,6982.1,240.6,-69.4,310,87.5,96.7,176.9,-3.2,1755.9,175.5,122.5,8.1,471.7,400.9,450.7,432.6
37_173_12,104.2,131,40.4,7035.8,261,-61.5,322.5,24.2,111.2,191.9,10.1,1627.4,167.6,106.1,10.1,446.8,357.3,410.3,418.2
37_173_13,97.5,125.3,39,7007.5,251.5,-65.2,316.7,79.4,104.1,184.7,3.6,1669.4,169.3,112.2,9.1,452,372.7,426.1,419.2
37_173_14,100,127.4,39.4,7016,254.8,-63.8,318.6,20.1,129.7,187.2,6,1708.5,174.7,113,9.6,467.6,378.8,428.7,439.2
37_173_15,93.6,122,38.4,7031.6,246.4,-68.2,314.6,13.1,145.5,181,-0.5,1768.3,179.2,118.2,9.2,479.9,394.8,444.8,451.2
37_173_17,112.1,137.1,41.2,7068.2,271.3,-57.6,328.9,31.5,119.3,199.6,17,1567.9,163.8,98.6,11.5,439.2,336.6,391.5,412
37_173_18,98.9,125.7,39,7061.3,253.9,-64.9,318.8,18.5,151.1,186.9,4.5,1738.1,178.1,113.7,10,478.8,382.3,432.5,451.4
37_173_21,102.1,128.9,39.3,7073,258.1,-63.6,321.7,21.3,132.2,190.1,7.4,1669.7,171.6,107.7,10.4,460.8,365.2,417.6,433.3
37_173_22,116.9,137.8,40.8,7157.9,277.6,-54.5,332.1,35.7,134.1,206,21,1542.4,161.1,94,12.7,436,324.6,386.2,411
37_173_23,121.3,135.6,40.2,7269.4,282.7,-49.5,332.2,38.8,151.8,212,23.9,1541.5,161.2,92.2,13.2,438.7,320.1,386.7,414.7
37_173_24,79.1,110.5,35.7,7003.3,226.3,-77.9,304.2,76.7,86.3,166.2,-14.4,1844.1,181.6,130.8,7.5,494.5,425.8,474.8,449
37_173_25,86.8,116.6,37.1,7025.3,236.9,-72.7,309.6,84.5,102.8,174.2,-6.9,1787.5,178.6,123.1,8.4,480.8,406.5,456,444.2
37_173_26,101.2,127.8,39.3,7078.7,257.1,-63.8,320.9,20.6,149.6,189.3,6.5,1688.9,173.5,108.8,10.3,466.1,368.8,422.4,439.1
37_173_27,97.3,124.3,38.9,6971.4,250.4,-64.6,315,94.7,104.1,183.9,4,1692.7,170.9,116.6,8.7,455.3,382.9,433.5,421
37_173_29,92.7,121.1,38,7012.7,245.2,-68.1,313.3,90.6,99.5,180,-0.7,1706.7,171.6,116.6,8.5,460.4,385.1,437.5,423.7
37_173_3,110.3,131.4,39.5,7186,269.1,-57.8,326.9,28.5,159.2,199.9,14.2,1630.7,169.3,101,11.7,458.3,346.7,406,433
37_173_31,100,125.6,38.6,7135.4,255.6,-64.9,320.5,18.8,153.1,188.6,4.5,1708.7,175.2,109.8,10.5,471.7,371.6,426.1,445.3
37_173_32,105,130.2,40.1,6985,260.5,-60,320.5,25.7,157.3,191.9,11.9,1770,183.1,116.2,10.4,494.6,389.4,433.5,467.9
37_173_33,118.5,143.2,42.2,7092.9,282,-53.6,335.6,38.5,126,207,23.8,1414.6,149.4,87.6,12.3,395.5,298.8,358.4,367.7
37_173_34,121.8,139.2,41.1,7205.8,283.2,-50.6,333.8,40,129.5,210.8,25.1,1514.8,158.3,90.8,13,430.1,314.9,381.1,405.8
37_173_36,107.6,131.5,40.1,7031.8,264,-58.8,322.8,27.6,146.5,195.1,13.6,1728.6,179.3,112.1,10.9,484.9,376.8,424.6,458.1
37_173_39,110.8,134.1,40.5,7154.2,270,-58.5,328.5,29.6,155.5,199.8,15,1588.6,165.3,98.5,11.8,445.5,339.1,397.1,419.6
37_173_40,96.2,122.4,39,6912.7,247.4,-63.6,311,17.6,147.8,182.1,3.9,1864.4,188.8,129.3,8.5,504.5,424.2,465.5,475.2
37_173_41,117.1,139.7,41.3,7126.3,278.1,-54.8,332.9,36.4,124.6,205.4,21.4,1526.6,159.8,93.8,12.1,430.7,322.8,381.7,405.2
37_173_42,97.4,123.6,39.1,6920.9,248.8,-62.8,311.6,18.5,148.6,183.4,4.7,1852.3,187.9,127.9,8.8,502,420.4,462.6,472.9
37_173_43,94.4,121.3,38.1,6995.3,246.7,-66.5,313.2,14.6,146.6,181.9,1.3,1862.4,190.1,125,9.4,511.8,413.7,459.4,483.3
37_173_44,96.6,124,38.6,7017.4,249.5,-66.1,315.6,16.1,107.8,183.6,2.4,1734.1,176.4,115.4,9,471.2,386.4,437.1,442.4
37_173_46,94,122.3,38.1,7035.4,246.9,-68.2,315.1,44.7,101.1,181.3,-0.2,1729.6,175.2,116.1,9,467.6,387,438.6,437
37_173_47,99.1,124.4,38.4,7150.6,254,-65.6,319.6,17.4,152.3,188.1,3.4,1722.5,176.7,110.6,10.4,475.7,373.9,429.3,448.7
37_173_48,102,129.1,39.8,7008.8,258,-62.4,320.4,22,109,189.4,8.1,1644.5,168.7,108.6,9.5,448.4,364.1,416.4,418.8
37_173_5,114.2,139.3,41.5,7057.7,274.5,-56.4,330.9,34,121.4,201.8,19.3,1526.1,160,96.6,11.4,426.7,327.7,382.2,399.2
37_173_51,94,122.4,38.3,6992.6,247,-66.7,313.7,91.7,101.1,181.5,0.8,1673.9,168.2,114.8,8.6,451,377.9,431.3,413.7
37_173_52,124.8,138.4,41,7240.8,286.5,-47.8,334.3,42.1,132.2,214.7,27.2,1499.4,156.5,88.9,13.1,426,309.2,379.5,402.2
37_173_55,110.3,136,40.9,7047.9,268.7,-58.6,327.3,30.1,117.7,197.6,15.4,1594.9,166.3,101.4,11.1,445.5,344.5,397.8,418.3
37_173_6,78.8,110.2,35.6,7035.7,226.1,-78.3,304.4,76.8,130.3,166.3,-15.2,1904.8,189.1,133,8.1,511.8,435.4,483.6,471.7
37_173_64,122.1,139.5,41.5,7182.3,283.3,-49.8,333.1,40.5,129.7,211.1,25.5,1519.3,158.9,91.5,12.9,431.2,316.7,382.1,406.6
37_173_65,121.2,142.3,42,7124.2,283.4,-51.6,335,40.6,129.1,209.7,25.6,1488.6,156.2,90.8,12.4,420.8,312.7,373.9,395.3
37_173_7,88.9,118.3,37.4,7020.7,240,-71.2,311.2,86.6,96.1,176.4,-4.9,1756.1,175.7,120.8,8.4,472.8,398.4,449.4,435.5
37_173_75,107.1,131.7,40.1,6987.7,262.9,-59.1,322,27.4,150.5,193.9,13.3,1744.3,180.8,114,10.7,488.3,382.6,427.4,461.8
37_173_77,80.9,111.9,36.2,7017.2,228.9,-76.8,305.7,78.7,88,168.2,-12.9,1835.7,181.7,128.8,8,492.7,422.1,471.2,449.7
37_173_78,82.4,112.5,36.4,6953.4,229.9,-74.6,304.5,80.3,89.8,169.1,-10.6,1855,183,132.9,7.1,495.7,430.7,476.8,451.8
37_173_79,112.5,138,41.3,7067.5,273.4,-57,330.4,32.4,119.8,200.7,17.9,1480.8,154.6,93.4,11.3,410.3,317.5,376,381.8
37_173_80,78.7,110.1,35.6,7032.7,226.2,-78.2,304.4,76.6,129.9,166.2,-15.4,1913.1,189.9,133.7,8.1,513.4,437.7,485.2,474.2
37_173_81,110.4,136,41.1,7051.1,269,-58.2,327.2,30,117.9,197.7,15.7,1585.7,165.1,100.5,11.3,442.9,342.1,396,415.8
37_173_82,92.2,120.3,37.4,7077,245.3,-69.9,315.2,11.2,144.4,180.1,-2.3,1775.2,180,117.7,9.3,482.7,393.6,445.4,454.2
37_173_83,108.9,133.3,40.2,7114.4,267.5,-59.3,326.8,28.2,148.1,197.6,13.6,1620.2,168.1,101.5,11.2,453.4,348.3,403.9,427.5
37_173_84,109.9,131.9,39.8,7172.6,268.1,-58.7,326.8,28.3,158.9,199.1,13.8,1630,169.3,101.3,11.8,458.2,346.8,405.1,433
37_173_85,83.8,113.9,36.3,7043.2,233.2,-75.3,308.5,81.4,108.9,171.4,-10,1802.9,179.4,125,8.2,484.9,411.7,461.6,444.7
37_173_86,81.4,112.4,36.4,7036.9,229.7,-76.8,306.5,79.2,115.1,168.8,-12.6,1849.9,183.7,128.9,8,497,423.2,471.9,456.9
37_173_87,92.9,121.7,38.3,7006.5,245.8,-67.8,313.6,90.9,99.9,180.3,-0.2,1707.8,171.8,116.3,8.7,460.5,384.8,437,425.5
37_173_88,87.3,116.7,36.9,7045.5,237.8,-72.5,310.3,85.3,107.7,174.7,-6.7,1799.1,180.3,123,8.7,484.4,407.4,457.5,449.7
37_173_89,104,130.5,40,7025.6,261.5,-61.3,322.8,70.7,110.5,191.7,10,1565.2,160.5,103.4,9.8,426,344.9,400.9,394.2
37_173_9,106.4,132.8,40.2,7056.8,264.6,-60.7,325.3,33.9,113.6,194.1,11.7,1559.3,160.8,100.3,10.7,428.1,339.4,396.3,399.3
37_173_90,102.3,125.9,38.5,7174.8,258.8,-63.2,322,20.7,155.2,191.8,6.2,1703.4,175.7,107.9,10.9,473.7,366.8,422.7,447.2
37_175_10,112.5,128.4,40,6972.8,267.3,-51.3,318.6,110.2,118.3,199.7,19.5,1654,164.5,126.1,8,438.5,391.6,430.6,393.3
37_175_11,119.6,133.1,40.8,6963.8,277,-45.4,322.4,117.6,125.6,207.2,27.4,1847.3,185.7,139.7,8,490.3,434.6,463.9,458.5
37_175_13,119.2,132.6,40.7,7008.8,276.5,-47,323.5,116.4,125.2,207.1,26.2,1625.1,162,122.3,8,429.5,382.1,422.4,391.1
37_175_18,116.6,132.1,40.2,6964.5,273.7,-48.2,321.9,114.3,122.7,204.4,24.3,1689.9,169,127.9,8,447.9,396.8,435,410.2
37_175_19,102.6,121.7,39,6878.3,253.6,-55.6,309.2,100.4,109,188.7,11.5,1914.1,189.8,144.8,7,507,453.3,485.4,468.4
37_175_23,102.5,121.6,38.7,6903.9,253.8,-57.1,310.9,100.1,108.4,189.2,10.5,1887.8,186.8,143.8,7.1,499.6,448.3,480.7,459.2
37_175_25,113.6,127.2,40,6884.7,267.2,-46.9,314.1,111.3,164,199.8,22.3,2029.7,203.5,153.6,7.7,538.3,478.3,501.6,509.3
37_175_28,109.5,126.9,39.5,6966.4,264,-53.3,317.3,107,90.9,196.7,16.6,1629.1,161.7,124.6,7.9,433,384.3,425.9,385.3
37_175_29,123.4,134.3,40.8,6997.8,281.4,-42.9,324.3,121.1,129.4,210.7,30.5,1779,177.1,131.9,8,467.5,419.3,453.4,438.8
37_175_30,98,118.9,38.3,6887.9,247.1,-60,307.1,95.3,104.5,183.7,6,1914.4,189.2,144.8,7,506.5,453.7,488.2,466
37_175_32,108.6,126,39.4,6948.7,262,-53.9,315.9,106.1,114.4,195.4,15.8,1734.8,172.3,132.9,7.4,460.3,410.9,447.9,415.7
37_175_33,105.4,124,39,6912.3,257.7,-55.7,313.4,103.1,111.3,191.7,13,1764.4,175.1,134.4,7.6,468.3,417.2,455.4,423.5
37_175_35,92.4,114.9,37.2,6880.4,239.8,-64.1,303.9,89.9,84.6,178.2,0.7,1921,188.6,146.5,7,508.1,457.4,492.7,462.5
37_175_37,118.8,131.7,40.5,6962.8,275.7,-45.4,321.1,116.5,125,206.5,26.7,1863.6,186.3,140.8,7.8,493.2,440.9,469.6,459.9
37_175_43,106.8,124.8,39.1,6958.5,259.8,-54.9,314.7,104.3,112.8,193.9,13.9,1742.9,172.9,133.8,7.1,462.4,413.2,450.1,417.2
37_175_48,98,119.1,38,6893.4,247.6,-59.9,307.5,95.9,95.1,184.3,6.5,1873.5,184.8,142.7,7,496.2,445.1,480.1,451.9
37_175_49,112.4,128.8,40,6911.5,267.1,-49.9,317,110.2,118.7,199.1,20.3,1900.4,190.2,143.9,7.7,504.9,448.7,477.5,469.3
37_175_51,121,132.3,40.2,6995.7,278.1,-44.5,322.6,119,126.9,208.4,28.2,1813.8,180.4,135.6,7.8,477.5,429.4,460.6,446.3
37_175_54,99.6,120.3,38.3,6894.3,249.7,-59.2,308.9,97.4,106,185.8,7.8,1823,180,139.3,7.1,483,432.8,469.6,437.6
37_175_55,111.5,128.6,39.9,6976.6,267,-51.7,318.7,109.3,117.6,199.3,18.7,1626.6,162.1,124.3,8,432.5,383.3,424.1,386.7
37_175_58,121.5,134.9,40.9,7022.5,280.1,-45.4,325.5,118.9,127.3,209.7,28.5,1621.1,161.9,121.2,8,428.1,379,421.2,392.8
37_175_6,130.8,135.1,41,6998.3,289.3,-35.2,324.5,59.1,141.5,218.4,38.1,1813.8,185.2,135.3,8.9,488.1,417.9,450.4,465.4
37_175_7,122.3,135.5,41,7014.6,281.2,-44.5,325.7,119.7,128.3,210.4,29.5,1639,163.6,122.1,8,432.4,383.7,424.6,398.3
37_175_9,114.4,128.8,40,6917.4,269,-47.6,316.6,113,160.9,201.1,22.4,1962,196.2,149.9,7.1,521.2,466,489.3,485.5
37_199_10,114.7,133.8,40,7224.6,275.6,-55,330.6,187,71.7,204.8,17.8,1245.5,124.7,87.2,11.6,351,270.5,344.3,282.5
37_199_11,91.8,116.9,37.6,6925.7,239.9,-68.2,308.1,161.6,4,177.8,-0.8,1566.3,150.4,110.7,9,424.4,347.3,421.4,347.3
37_199_23,92.5,116.9,37.3,6924.9,240.8,-67.4,308.2,148.4,3.5,178.9,0.3,1583.1,152.3,112.5,9,427.1,352.3,424.7,352.3
37_199_26,104.3,127.4,39.5,6961.7,258.4,-60.6,319,123.4,24.1,191.4,11.3,1453.1,142.8,103.8,9,393.2,325,385.6,325
37_199_31,107.3,131.6,39.9,7016.9,264.5,-59.8,324.3,119.8,29.5,195,13.5,1350.7,133.3,96.4,10,368.3,301.3,362.4,303.4
37_199_37,84.5,111.7,36.3,6934.8,230.4,-73.2,303.6,154.9,-4.6,171.2,-7.8,1619.4,153.7,113.8,9,440.8,357.2,437.8,357.3
37_199_49,103.9,128,39.2,7095.8,260.3,-61.6,321.9,175.4,62.6,192.4,9,1328.4,129.3,95.4,10.6,368.4,293.3,363.7,300
37_199_50,100.6,126.1,39.1,6974.6,254.3,-63.2,317.5,149.1,23.9,187.9,7.9,1427.6,139.2,101.9,9.8,388.3,318.1,383.6,319.5
37_21_17,106,125.3,39.1,6964.1,259.5,-56.2,315.7,112.5,63.6,192.9,13.1,1602,159.1,121.3,8.4,427.4,373.8,420.8,377.5
37_21_2,115,131.7,40,7046,273.5,-50.5,324,176.9,72,203.9,21.9,1397.5,140,104.4,9.7,376.3,318.4,375.2,324
37_21_33,100,123.5,38.7,6954.5,252.1,-62.8,314.9,163.1,18.5,187,7.4,1481.2,145,106.2,9.4,399.7,332.5,397.2,333.1
37_21_4,92.1,117.6,37.5,6933.1,241,-67.9,308.9,162.7,4.5,178.9,-0.2,1577.5,152.5,112.9,9,425.9,353.2,423.4,353.5
37_21_56,91.2,117.1,37.4,6935.1,239.4,-69,308.4,161.2,5,177.4,-1.4,1559.7,150.1,111.4,9,423,348.7,420,348.8
37_21_64,113,130.3,39.9,7024.6,270.6,-52.1,322.7,138.3,70.2,201.4,20.1,1445.4,144.7,108.4,9.2,387.5,331.5,385.3,336.7
37_21_90,122.9,133.3,40,7145.3,284.5,-44.9,329.4,213,54,213,28.2,1238.6,124.4,90.2,10.7,338.8,275.4,338.8,281.8
37_23_2,114.6,129.7,39.3,7144.4,274.4,-51.9,326.3,112,34.9,204.3,19.8,1412.6,137.1,101.5,9,380.6,313.7,374.7,315.1
37_23_23,112.1,129.7,39.6,7075.7,269.9,-54.3,324.2,109.3,31.3,200.7,17.5,1431,140,103,9,386.1,319.4,377.7,320.3
37_23_26,135.2,136.9,39.9,7474.1,305.7,-35.3,341,212.2,51,230.1,36.6,1272.8,122.7,92.6,9,346.5,279.4,342.5,287.8
37_23_27,126.6,134,39.6,7352.4,292.6,-42.5,335.1,170.8,44,219.2,29,1324.5,128,95.5,9,359.1,292.1,354.2,296.7
37_23_34,141.6,137.8,40,7498.8,313.3,-28.6,341.9,219.3,57,236.7,43.2,1259.3,121.9,89.5,9,339.9,280.1,336.7,294.5
37_23_48,134.6,136.5,40,7427,303.5,-35.6,339.1,187.7,50.6,228.3,36.4,1294.2,125.6,94.9,9,350.9,287,345.9,293.9
37_23_5,134.9,137.2,40,7469.9,305.1,-35.9,341,211.6,50.5,229.5,36.1,1270.5,122.4,92.3,9.1,346.2,279,342.2,286.8
37_23_52,136.2,137.1,39.9,7502.5,307.3,-34.6,341.9,213.3,51.8,231.3,37.3,1264.9,121.2,91.5,9,344.7,277.1,340.9,286.2
37_23_58,113.7,129.3,39.1,7145.9,272.8,-53,325.8,125.2,33.8,202.8,18,1406.6,136,100.4,9,379.4,311.3,374.9,312
37_23_59,127,134.3,39.7,7339.1,292.9,-41.9,334.8,155.8,44.4,219.7,29.9,1328.3,128.6,96.1,9,359.1,293.2,354.6,298.1
37_23_7,116.2,130.1,39,7214.6,277.6,-50.8,328.4,151.6,35.7,206.8,20.1,1382.1,133.4,99,9,373.8,305.5,368.8,307.1
37_27_13,138.1,136.2,39,7574.2,309.9,-33.2,343.1,216,52.9,234,38.1,1256.4,120.1,88.9,10,343.2,272,341.3,282.1
37_27_14,130.6,135,39.5,7427.2,298.6,-39.3,337.9,206.3,46.8,224.1,32.1,1299.9,125.1,93.9,9,353.1,284.4,349.2,290.9
37_27_15,127.9,134.7,39.3,7416.1,295.9,-41.6,337.5,203.9,44.7,221.6,29.8,1299,124.2,93.4,9.5,354.7,284.1,350.2,289
37_27_19,124,132.6,39,7319,288.9,-44.6,333.5,191,41.6,216.1,26.6,1339.8,128.9,96.3,9,363,294.7,358.3,298.3
37_27_24,123.6,132.4,39,7399,289.4,-45.4,334.8,199.3,41.1,216.9,25.3,1318.9,125.3,93.5,9.7,360.4,286.8,355.2,288.9
37_27_28,116.4,129.6,38.9,7296.4,279.2,-51,330.2,190.7,25.5,208.2,19.3,1351.8,128.1,95.5,9.4,369.9,294.3,363.5,294.9
37_27_29,106.6,123.7,37.9,7174.8,264.1,-57.9,322,179.3,15.5,196.6,10.7,1416.4,134.2,99.8,9.7,388.2,307.4,382.6,307.5
37_27_32,125,133.5,38.9,7409.4,291.4,-45,336.4,200,40,218.2,26.6,1300.7,123.2,92.4,9.8,356.9,283.1,351.5,285.8
37_27_38,137.9,137.6,39.7,7531.6,309.8,-33.4,343.2,215.2,52.9,233.3,38.4,1255,120.5,89.8,9.8,342.4,274,339.2,284.2
37_27_39,124.1,133.1,39.3,7349.5,289.5,-44.8,334.3,199.2,41.9,216.8,26.7,1329.8,127.4,95.7,9.1,361.6,292,356.8,295.8
37_27_44,132.6,136.3,39.4,7501.2,302.6,-38.3,340.9,209.3,48.3,227.8,33.3,1269.9,121.4,91.2,10,347.7,275.8,344.2,282.1
37_27_45,121.9,132,39,7334.1,286.9,-46.5,333.4,197,39.7,214.1,24.3,1333.1,127.3,95.1,9.1,363.8,291.3,358.5,293.8
37_27_51,131.9,136,39.4,7479.8,301.7,-39,340.7,208.1,47.5,226.2,32.4,1272,121.4,91.3,9.9,349.1,276.6,345,282.4
37_27_7,129.2,134.8,39.5,7428.1,297.4,-40.5,337.9,205.2,45.8,222.8,30.8,1299.7,124.5,93.5,9.5,354.3,283.9,350,289.3
37_27_8,127.7,133.1,38.9,7430.5,295.1,-41.5,336.6,203.7,44.7,221.8,29.5,1313.2,125.3,93.8,9.4,357.7,285.8,353.5,289.8
37_39_1,121.1,135.6,40.4,7279.8,283.7,-49.3,333,38.2,156.3,211.8,23.9,1594.6,169,97,13.2,460.5,335.4,391.9,432.2
37_39_11,118.3,139.3,41.4,7093.6,278.4,-52.9,331.3,37.8,139.8,206.6,23.1,1638.1,172.1,101.8,12.4,471.5,348,399.7,446.5
37_39_110,102.4,126.5,39.5,6991.1,255.8,-61,316.8,22.8,154.5,189.5,9.1,1839.9,190.3,121.9,10.3,515.2,404.8,447.9,486.9
37_39_12,108.3,128.5,39.4,7186.2,265.9,-58.1,324,26.8,161.9,197.9,12,1717.7,179.9,108.4,11.9,487.6,367.4,419.2,459.5
37_39_19,132.8,139.1,41,7404.1,299.6,-39.2,338.8,48.7,187.5,224.9,33.8,1502.4,161.1,89.6,14,437.9,313.3,368.9,409.8
37_39_22,97.1,120.2,37.6,7134.8,249.8,-65.9,315.7,15.1,149.9,185.3,1.4,1834.9,189.5,119.9,10.8,511.1,399.4,448.4,482
37_39_23,120.9,134.3,39.8,7332.6,283.8,-48.9,332.7,37.4,175.5,212.4,23,1593.5,168.9,96.8,13.1,459.3,334.6,390.5,431.6
37_39_26,114.4,133.9,40.4,7151.7,273.5,-54.3,327.8,33.4,158.9,203.6,18.4,1674.7,176.2,104.7,12.2,480.4,357.4,408.3,452.6
37_39_27,121.4,137.2,40.8,7246.4,284.3,-48.7,333,39.1,138.3,212.2,24.9,1592.2,169,96.8,13.2,461.2,335.2,391.5,432.4
37_39_28,127.5,139.9,41,7292.8,292.1,-43.9,336,44.5,134.6,218.6,30.5,1540.8,164.3,92.9,14,449.2,321.9,380.8,419.4
37_39_3,109.3,131.1,39.9,7107,266.3,-57.9,324.2,28.3,157.7,197.5,13.9,1725.5,180.3,109.7,11.6,490.1,371.7,420.7,462.7
37_39_33,111.7,128.8,38.8,7257.2,270.8,-55.5,326.3,29.3,165.6,202.2,14.7,1682.7,177.3,105.3,12.1,480.3,357.8,409.5,451.7
37_39_34,129.9,138.2,40.5,7389.8,295.8,-41.7,337.5,45.9,184.4,221.9,31.2,1520.9,162.5,91,14,441.9,317.5,374.6,414
37_39_36,117.6,135.4,40.5,7204.1,278,-52.3,330.3,35.6,162.1,207,21,1633.4,172.3,100.7,12.6,470.2,345.9,400.5,442.3
37_39_37,104.3,124.3,38.2,7199.6,260.5,-61.1,321.6,22.3,158.2,194.2,8.1,1759.1,183.8,112,11.3,496.8,377.5,428.3,467.8
37_39_38,124.7,140.3,41.5,7230,287.8,-46.8,334.6,42.7,132.6,215,28.3,1568.5,166.7,95.3,13.4,456.9,328.4,386.6,427.7
37_39_39,106.4,128.4,39.8,7041.1,261.3,-58.9,320.2,26.2,159.1,194.2,12.1,1791.1,186.8,116.6,10.9,506.7,390.2,434.3,478.3
37_39_4,117.9,133.3,40,7279.6,279.3,-51,330.3,35,167.4,208.5,20.7,1628.1,172.2,100.3,13,468.4,344.2,397.9,440.2
37_39_41,120.9,139.8,41.7,7144.2,281.5,-51.2,332.7,39.2,137.5,209.4,25,1612,169.8,98.8,12.8,466.2,339.4,394.8,440.7
37_39_43,103.9,128.2,39.7,7034.6,258.7,-61.4,320.1,23.6,156,191.4,9.4,1787.9,185.5,116.7,10.9,501.9,390.5,436.3,474
37_39_44,131.2,141.2,41.2,7298.3,297.2,-40.1,337.3,48.4,138.2,222.3,34.2,1512.3,161.8,90.9,14,442.8,314.8,374.6,412.1
37_39_47,111.2,133.1,40.6,7039.3,268.2,-56.1,324.3,31.1,164,198.9,16.9,1737.4,181.8,111.6,11.7,495.2,376.6,421,468
37_39_5,134.5,139.4,41,7427.4,302.5,-36.8,339.3,50.7,189.5,227.7,36,1490.2,160,89.1,14,435.1,310.8,364.5,407.6
37_39_53,96.9,120.1,37.5,7117.6,249.8,-65.7,315.5,15.3,149.6,185.3,1.6,1843.4,190.2,120.7,10.2,513.6,401.7,449.7,484.6
37_39_54,130.5,140.8,41,7300,296.2,-40.5,336.7,47.5,136.9,221.7,33.5,1524.6,163.3,91.5,14,445.9,318.9,375.9,415.1
37_39_57,132.4,141.2,41.2,7312.5,298.9,-38.5,337.4,49.5,139.3,223.7,35.1,1513.2,162.3,91.2,14,443.8,315.9,372.9,412.8
37_39_58,108.1,126.4,38.4,7233,266.1,-58.2,324.3,25.8,161.5,198.4,11.5,1719.3,180.4,108.4,12,488,367.1,418.2,459.4
37_39_59,126.3,136.4,40,7388.1,291.3,-44.2,335.5,42.5,181.3,218.5,27.9,1551.5,165.6,93.3,13.9,449.9,324.7,379.9,422
37_39_6,132.4,140.9,41,7347.1,298.6,-39.6,338.2,49.4,139.2,224.2,34.4,1501.3,160.6,89.8,14,438.7,311.3,372,409.4
37_39_60,108.4,131.4,40.1,7018.5,264.4,-57.9,322.3,28.4,161.1,195.6,14.5,1767.4,184.3,114.7,11.2,500.6,385.2,428.5,473.4
37_39_62,101.4,125.8,39.2,6997,255.1,-61.9,317,21.8,153.7,188.6,7.9,1836.2,189.2,121.7,10.3,512.4,404.6,447.9,484.6
37_39_63,132.7,141.1,41,7344.7,299.1,-39.1,338.2,49.5,139.4,224.5,34.9,1502.5,160.8,89.7,14,439.4,312.1,371.5,410.1
37_43_1,122.5,140.2,42,6991.4,281.6,-47.3,328.9,43,148.1,209.6,29,1691.5,179.1,109.1,12.4,488.2,366.8,403,462.8
37_43_10,116.8,137,41.1,7047.4,275.2,-53,328.2,36.5,155.7,204.2,22.2,1693.8,178.4,107.8,12.2,487.2,365.2,408.9,460.1
37_43_11,102.2,125.7,39,6991.3,255.7,-61,316.7,22.7,154.1,189.1,8.7,1847.2,191.1,122.3,10.3,517.5,406.2,448.9,489.3
37_43_14,106.1,126.8,39.6,6908.3,259,-56.5,315.5,27.1,157.3,192,14,1898.4,195.9,129.3,9.9,530.7,423,457.9,503.3
37_43_15,128,142.4,42,7053,289,-44,333,48,136,215.6,33.6,1619.9,172.7,102,13,471.7,345.6,389.1,444.7
37_43_19,98.4,120.7,38.6,6897.7,248.6,-60.6,309.2,19.4,149.4,184.3,6.3,1976.6,201.8,137,9,544.6,445,482,515.9
37_43_22,107.4,130.4,40,6967.6,262.2,-57.8,320,28.1,159.3,193.8,14.2,1811.2,188.4,119.7,10.7,510.5,398.5,437.9,483.3
37_43_23,121.9,140.7,42.1,7021.2,281.2,-49.2,330.4,41.9,129.2,208.9,27.7,1662.5,175.7,105.7,12.2,480.4,357.6,399,455.4
37_43_25,119.4,138.9,41.7,6995.4,277.5,-50.6,328.1,39.8,163.1,206.1,25.3,1701.6,179.1,109.5,12.1,489.4,369.2,407.3,464.4
37_43_28,109.9,131.5,40,7052.2,266.7,-56.6,323.3,29.7,162.5,197.7,15.5,1758.3,184.1,113.3,11.3,500.8,381.5,425.5,472.8
37_43_3,105.4,128.1,39.7,7003,260,-59.1,319.1,25.7,157,192.5,11.7,1817.2,188.9,119.4,10.6,511.8,398.1,440.1,483.9
37_43_4,114.1,134.3,41,6931.6,270,-52.6,322.6,35.1,166.3,200.2,21.3,1792.1,187.5,119.1,11.1,509.4,394.5,428,483.4
37_43_5,122,140.1,41.6,7116.5,282.3,-49.3,331.6,41.1,148,210.7,26.9,1628.1,172.3,101.5,12.8,472.4,345.6,395.5,445
37_43_6,116.1,136.8,41.6,6982.7,273.8,-52.5,326.3,36.3,163.5,202.7,22.3,1733.9,182.2,112.5,11.8,496.3,378,415.5,470.3
37_43_8,125.2,140.9,42,7084.8,286.1,-46.3,332.4,44.6,132.6,213.4,30.3,1613.4,171.9,101.3,13,469.6,344,390.1,440.9
37_43_9,106.6,128.4,40,6931.1,260,-56.8,316.8,27.4,158.2,192.6,14,1862.8,192.9,125.3,10.1,523,412.7,449.3,495.7
37_75_1,123.1,138.7,41,7221.3,284.8,-49.1,333.9,40.9,135.2,212.9,26.2,1555.9,163.4,93.4,13.6,447.2,322.6,387.7,422.8
37_75_10,91,116.2,36.7,7140,242.2,-70.3,312.5,9,143.1,179.7,-4.9,1871,191.3,123.8,9.8,514.4,410.3,460.3,485.1
37_75_12,117.7,135.6,40.5,7200.4,277.7,-52.6,330.3,35.7,143.1,206.9,21,1602.6,168,97.6,12.5,457.6,336.1,397.4,432.2
37_75_13,96.5,120.3,37.4,7139.5,250,-66,316,15,149.4,185.5,1.1,1818.5,187.5,118.4,10.4,505.6,395.4,445.9,476.9
37_75_14,112.2,132.9,40.2,7141.4,270.8,-56.6,327.4,30.6,165.6,200.8,16.5,1682.7,176.2,105.6,12.2,479.7,359.6,412,452.9
37_75_15,109.2,131.3,40,7092.9,266,-58,324,28.2,157.3,197.4,14,1725.4,180.4,109.8,11.6,490,371.7,420.3,462.6
37_75_16,95.9,122.4,38.3,7016.9,248.5,-66.3,314.8,15.7,147.9,183.4,2.3,1840.7,188,122.7,9.9,506.9,407.3,454.3,479
37_75_17,107.7,131.8,40,7072.7,265.1,-59.6,324.7,27.3,155.8,195.8,12.9,1693.7,176.1,107.9,11.3,476.5,365.8,416.8,450.4
37_75_18,113.3,133,40,7181,272.5,-55.6,328.1,31.7,166.8,202.7,17.2,1646.1,172.1,101.8,12.2,468.5,349.4,405.4,442.9
37_75_19,105.6,129.6,39.3,7094.5,262.3,-61.1,323.4,24.8,158.6,193.8,10.5,1716.3,178,109.9,11.1,481.5,371.5,422.5,454.9
37_75_21,119.1,140.7,42,7087.5,279.8,-52.5,332.3,38.6,127,207,24.1,1572.3,165.1,97.1,12.2,448.8,333,388,423.8
37_75_22,99.8,125.4,38.9,7075.1,254.4,-64.4,318.8,19,152.2,187.8,5,1775.1,182.6,115.6,10.1,493.2,387.7,437.2,466.2
37_75_24,98.2,122,38,7121.7,251.8,-64.9,316.7,16.9,150.8,186.9,3,1820.8,187.9,118.8,10.7,507.9,396.2,445.3,479.4
37_75_25,115.5,137.5,41.3,7096.7,274.9,-54.8,329.7,34.9,150.6,203.6,20.4,1631.7,170.9,101.6,12.3,465.3,348.2,400.8,440.1
37_75_26,112.2,131.2,39.9,7232.7,271.2,-56.3,327.5,29.8,166.1,202.1,15.5,1639.2,171.2,101.3,12.3,464.4,346.8,404.8,439
37_75_27,124,139.8,41.3,7203.9,285.9,-48.4,334.3,42.2,136.6,213.7,27.3,1553.8,163.4,92.8,13.7,447.7,321.4,386.7,423.5
37_75_3,125.3,136.9,40.7,7275.7,287.1,-46.5,333.6,42.4,137.3,215.4,27.4,1527,160.4,90.6,13.7,437.2,314.8,383.6,413
37_75_32,127.6,141.7,42,7180.2,290.2,-45.8,336,46,135.2,216.7,31,1479.2,154.9,87.9,13.4,421.6,304.3,373.9,397.6
37_75_33,120.1,139.2,41.6,7168.4,280.9,-51.5,332.4,39,132.8,209,24.2,1593.8,167.7,96.9,12.9,459.5,333.9,392.4,434.5
37_75_34,106.8,131.1,40.2,7038.9,263,-59.7,322.7,26.7,159.4,194.3,12.6,1741.6,181.1,112.5,10.7,490.3,379.1,425.9,463.5
37_75_36,107.1,130.6,39.7,7125.5,264.6,-59.8,324.4,26,150.9,195.8,11.8,1693.8,175.7,107.1,11.4,476,364.5,417.9,450
37_75_37,125.8,139.5,41,7216.8,287.3,-46.8,334.1,43.7,133.2,215.2,28.8,1507.2,157.8,89.6,13.4,430.3,310.5,379.6,406.3
37_75_4,86.7,113.1,36,7115.5,236.7,-72.7,309.4,5.1,138.9,175.3,-8.4,1927.3,196.1,129.4,9.4,527.4,425.7,473.8,497.2
37_75_46,125,140.7,41.7,7189.7,287,-48,335,43,132.4,214,28.2,1544.7,162,92.3,13.2,444.4,319.3,384.8,420.9
37_75_47,123.7,137.1,40.8,7240.6,285,-47.4,332.4,41.4,135.9,213.6,26.5,1536.1,160.9,91.5,13.4,439.1,317.4,385.7,415
37_75_48,110.3,134.7,40.8,7035.8,267.7,-57.9,325.6,30.3,149.3,197.4,15.6,1678.6,175.1,107.4,10.9,473.1,364.3,411.9,446.9
37_75_7,108.3,129.8,39.5,7172.8,265.9,-58.9,324.8,26.5,161.5,197.4,12.1,1688.4,175.7,105.9,11.5,476.5,360.7,415.7,450.4
37_75_9,124.4,143,42,7137.7,286.4,-49.5,335.9,43.4,131.9,212.6,28.5,1513.1,159.2,92.1,13,432.2,316.8,377,407.3
37_87_1,107.7,132.4,40.5,7031.2,266,-58.1,324.1,105,114,195.7,13.8,1462.2,150.6,96,10.5,398.3,320.6,379.6,363.7
37_87_16,110.2,132.4,40,7130.5,270.9,-56.3,327.2,107.8,116.6,200,15.5,1313.4,134.1,84.1,11.5,360.5,282.9,352.9,317.1
37_87_18,102.1,128,39.7,6989,257.7,-61.2,318.9,99.3,108.4,189,8.4,1576,160.3,106.8,9.4,426,352.5,407.3,390.2
37_87_19,105.1,130.4,40,7026.8,262.4,-59.7,322.1,102.9,111.5,193.2,11.4,1480.6,151,98.7,9.8,402,327.3,386.5,364.8
37_87_22,103.3,124.1,39.1,6919.3,255.8,-57.3,313.1,100.9,109.9,190,11,1719.9,171.1,129.1,7.7,458.2,404.1,445,412.6
37_87_28,98,122.7,38.7,6925.5,250,-61.8,311.8,95.8,104.8,185,5.8,1722.6,171.9,125.3,7.6,460.4,399.7,444.7,417.8
37_87_37,109.4,133,40,7074.5,269.4,-57.1,326.5,107.3,115.4,198.1,15.4,1378.5,141.6,88.6,10.9,377.1,298.5,363.1,339.8
37_87_4,121.4,135.3,39.9,7272.9,285,-48.7,333.7,141.9,127.5,212.4,24.3,1229.6,125.7,74.3,13.1,342.3,256,336.2,296.6
37_87_40,103.5,129.2,39.7,7059.4,261,-61.2,322.2,101.1,110.1,191.8,9.6,1452.4,147.7,95.8,10.1,395.5,319.2,381.5,356.2
37_87_42,105.9,130.3,39.7,7130.7,264.5,-60.2,324.7,103.6,112.6,195.1,10.8,1413,144.1,90.7,10.8,386.7,305.9,372.4,348
37_87_43,83.9,109.6,36.4,6866.3,228.2,-70.7,298.9,81.1,71.6,169.2,-7.8,1984.2,194,151,6.8,524.7,473.4,509.1,476.4
37_87_48,93.4,117.5,37.7,6902.2,242.2,-64.8,307,91.1,90.2,179.6,1.4,1824.7,179.7,137,7.1,484.6,430.6,471.6,437.3
37_87_49,82.9,109.1,35.9,6875.7,227.2,-71.7,298.9,80.3,65.8,168.5,-8.8,1987.6,194,150.9,6.5,525.5,473.3,510.3,477.5
37_87_54,79.7,106.8,35.4,6882.7,223,-74,297,77.1,3.2,165.7,-12.2,1993.3,193.5,152.8,6.1,526.1,474.5,514,474.6
37_87_55,95.5,123.3,38.6,7042.9,249.6,-66.9,316.5,93.2,102.4,183.3,1.5,1600.3,161.2,107.8,9,433.4,357.6,415,394.3
37_87_60,107.3,130.9,40,6997.9,265,-56.8,321.8,104.5,113.4,195.5,14.4,1466.7,149.7,99.9,9.6,397.4,327.6,384.2,357.5
37_87_62,90,115.7,37.7,6894.8,238.4,-66.4,304.8,88,97,176.1,-1.8,1883.8,185.7,140,7,500,444.1,483.5,456.2
37_87_65,81.4,112.4,36.2,7001,229.5,-76.4,305.9,79,88.8,168.7,-11.8,1817.3,179.3,129.2,7.7,487.2,419.8,468.8,441.5
37_87_66,92.5,120.6,37.9,7007.9,244.6,-68.5,313.1,89.9,99.2,179.6,-1.2,1662,166.3,115.1,8.5,448.4,377,430.5,406.1
37_87_69,113.8,134.4,40.1,7154.1,275.6,-54.2,329.8,111,119.8,203.6,18.5,1280.3,131.6,81.1,11.9,352,273.6,344.8,309.9
37_87_7,89.2,118.6,37.8,7014.5,240.8,-70.7,311.5,87.2,96.6,176.7,-4.1,1675.5,166.6,116.4,8.4,451.4,381.1,435.3,407.7
37_87_70,98.1,120.9,38.7,6891.2,249,-60.9,309.9,96.1,104.4,184.3,6.3,1826.5,181.2,136.1,7.1,485.7,429.2,468.2,443.4
37_87_72,107,128.1,39.7,6920.2,262.1,-55.5,317.6,104.6,113.3,193.4,14.8,1695.9,170.8,123.4,7.9,453,392.5,435.5,414.9
37_87_74,79.6,111,35.9,7020.7,227.5,-77.5,305,77.6,86.9,167.3,-13.7,1817,179,128.8,7.8,487.6,419.4,469.6,440.4
37_87_75,117.9,136.8,41,7180.1,281.1,-51.4,332.5,115.4,123.9,207.9,22.3,1247.2,129.2,77.2,12.6,344.2,263.4,336,303.6
37_87_78,123,136,40,7318.8,287.5,-47.7,335.2,174.5,128.8,214.9,25.5,1232.5,126.5,73.2,13.7,344.6,254.6,336.7,299.1
37_87_80,87,117,37.3,7004.7,237.4,-72.4,309.8,84.9,93.7,174.2,-6.5,1712.7,170,120,8.6,461.3,391.5,444,415.9
37_87_87,95,122.7,38.5,7025.1,248.5,-66.7,315.2,92.7,102,182.6,1.1,1610.6,161.7,109.4,8.9,435.1,361.4,418.7,395.4
37_87_88,96.5,124.1,38.8,7013.7,250.6,-65.7,316.3,94.5,103.4,184.4,3.4,1608.2,162.1,109.9,9,434.6,361.4,416.7,395.5
37_89_14,121.8,133.4,40.5,7062.1,280.7,-45.1,325.8,192.5,42.2,210.6,28.1,1479.6,147.2,111,8.8,393.9,345.3,393.8,348.4
37_89_23,113,129.4,39.8,7012.5,269.7,-51.5,321.2,147.3,49,201,20.2,1474.5,146.8,111.7,9.2,394.6,340.1,393.2,342.3
37_89_27,116.6,132.2,40,7027.7,275.2,-49,324.2,159.8,70.3,205.2,23.5,1435.3,143.9,108.2,9.4,383.9,330.6,383.1,335.4
37_89_39,114.7,130.6,40.1,7023.8,272,-50.2,322.2,121.3,71.9,203.2,21.6,1497.5,149.5,114.1,9,399.5,348,397,350.7
37_99_10,90.1,114.3,37.5,6873.3,237,-65.7,302.7,87.7,96.8,175.3,-1.7,1957.8,192.9,146.5,7,518.2,463.4,499.4,476.8
37_99_11,85.2,111.5,36.6,6885.8,231,-70,301,83,82.6,170.9,-6.5,1963.2,192.6,147,7,519.7,465.3,502.8,475.2
37_99_16,98.5,124.4,39.4,6903.1,250.3,-62,312.3,19.4,136.1,184.4,6.3,1849.1,187.4,128.2,8.5,500.7,420.6,461.4,471.8
37_99_17,110.6,131.8,40.8,6883.8,266,-52.6,318.6,32.6,117.2,196.7,19,1807.3,184.7,127.5,8.7,490.4,413,448.3,463.4
37_99_28,107.7,132.8,40.7,6946.3,264.5,-57.2,321.7,28.7,114.4,194.2,14.9,1654.3,170.2,112,9.5,451.5,369.7,416.5,422.3
37_99_31,115.9,128.4,40.2,6894.7,270.6,-45.3,315.9,37.7,166.6,202,24.5,2013.1,203.4,150.3,7.9,536.8,469.5,494.1,512.5
37_99_32,99.8,120.9,38.7,6875.9,250,-58.5,308.5,97.6,106.3,185.5,8.3,1899,188.4,142.3,7,503.2,448.1,482.4,465.3
37_99_38,105.6,128.2,40,6908.4,260.4,-55.7,316.1,57.7,111.8,192.2,13.9,1764.5,178.9,125.7,8.2,472.4,405.1,446.2,441.4
37_99_40,112.4,125.8,39.8,6854.2,264.7,-46.7,311.4,57.5,162.9,198.2,21.4,2051.3,205.9,154.6,7.3,543.8,481,505.7,518.1
37_99_44,105.8,123.9,39.1,6873.3,257.6,-53.1,310.7,103.8,147.6,191.8,14.5,1968,196.6,147.2,7,521.6,463.5,493.4,489.5
37_99_46,98.3,121.6,39,6885.7,249,-60.2,309.2,96,104.8,184.3,6.8,1848.3,184.5,135.4,7.5,491.9,431.6,470.5,454.3
37_99_50,84.3,112.8,36.7,6920.5,231.3,-72.1,303.4,81.8,90.9,170.6,-8.1,1908.7,188.4,138.3,7.2,508.1,445.7,487.6,467.3
37_99_51,103.1,121.8,38.8,6849.9,253.6,-54.3,307.9,93.1,153.5,188.5,11.7,1997.8,199.2,148.9,7,528.4,469.6,500.4,498.6
37_99_55,87.9,114.1,37.4,6881,234.8,-68.1,302.9,85.8,94.8,173.8,-3.8,1920.5,189.4,141.6,7,510.2,451.3,490.7,468.3
37_99_58,106.5,130.4,40.8,6909.8,261.4,-57.2,318.6,27.5,117.6,192,14.1,1768.6,181.5,121,9.3,484.7,398.1,439,456.7
37_99_8,115.4,132.5,40.7,6915.5,272,-48.3,320.3,113.2,121.8,201.7,23.3,1826,185,133.9,8,487,423.9,456.8,458.3
39_111_1027,105.1,125.5,34,8614.7,286.3,-78.6,364.9,191.8,-11.9,211.5,-11.9,1048.2,112.2,64.8,17,318.8,209.3,312.9,209.3
39_111_1202,105.8,127.6,34.6,8533,286.8,-76.8,363.6,192,-9.4,211.7,-9.4,1091.4,115.1,68.8,16,327.1,223,322.2,223
39_111_13152,109.5,128.3,34.6,8585.5,291.3,-74.3,365.6,196.5,-6.5,216.1,-6.5,1050.6,111,65,16.1,315.2,211.7,311.6,211.7
39_111_13153,109.1,127.4,34.5,8588.2,290.4,-74.1,364.5,195.9,-7.1,215.5,-7.1,1045.9,110.5,65,16,313.7,211.2,310.1,211.2
39_111_15730,107.4,125.4,34,8583.3,287.6,-75.4,363,193.8,-9.2,213.6,-9.2,1056.2,111.6,65.8,16,316.8,214,313.8,214
39_111_212,105.4,126.8,34.1,8581.2,286.5,-78,364.5,191.7,-11,211.8,-11,1071.7,113.7,66.8,16.5,324.3,216.1,318.1,216.1
39_111_2349,105.8,126,34,8595.5,286.7,-77.5,364.2,192.8,-10.5,212.5,-10.5,1063.6,112.9,66.1,16,320.9,214.8,316.1,214.8
39_111_3233,106.1,125.1,34,8612.3,286.8,-76.7,363.5,193.1,-10.7,212.7,-10.7,1045.3,111.4,64.8,16.9,316.4,209.6,312,209.6
39_111_3424,105.5,125.8,34,8599.9,286.2,-77.9,364.1,192.2,-11,212,-11,1062.2,112.8,66.2,16.3,320.8,214.2,315.8,214.2
39_111_3729,105.1,125.6,34,8613.9,285.8,-78.4,364.2,191.7,-11.8,211.7,-11.8,1055.8,112.4,65.4,17,320.1,211.7,314.6,211.7
39_111_4162,109.4,127.4,34.1,8591.6,290.7,-74.4,365.1,196.1,-7.1,215.8,-7.1,1042.4,110.3,64.7,16,312.9,210.4,309.3,210.4
39_111_4244,108.8,127.3,34.4,8575.1,289.9,-74.5,364.4,195.4,-7.2,215.1,-7.2,1051,110.8,65.4,16,314.8,212.8,311.2,212.8
39_111_511,108.4,128,34.5,8581.5,289.9,-75.3,365.2,195.1,-7.6,215,-7.6,1059.9,111.7,66,16,317.9,214.3,313.9,214.3
39_111_527,108.9,127.6,34.2,8591.6,290.6,-75.4,366,195.2,-7.7,215.1,-7.7,1051.7,110.9,65.4,16.1,316,212.3,311.8,212.3
39_111_7156,105.3,128.3,35,8549.7,286.7,-77.8,364.5,191.7,-10.2,211.1,-10.2,1097.4,116.1,69.3,16,330,224,324.1,224
39_111_7349,107.3,125.2,34,8581,287.6,-75,362.6,193.9,-8.9,213.6,-8.9,1054.3,111.4,65.8,16,316.2,213.3,313.3,213.3
39_121_2759,107.2,124.3,34,8598.4,287.4,-75.1,362.5,194.7,-9.1,213.9,-9.1,1046.9,111.1,65.2,16.2,314.5,211.1,312,211.1
39_121_5629,107.9,124.4,34,8599.7,288.3,-74.5,362.8,195.2,-8.5,214.6,-8.5,1042,110.7,64.9,16.2,313.1,210,310.8,210
39_127_1162,105.1,126.5,34,8696.2,288.3,-79,367.3,193.8,-12.7,212.4,-12.7,1023.7,114.7,62,19.7,320.2,201.8,312.8,201.8
39_127_13398,105.2,128.9,34,8764,290.8,-82,372.8,194.2,-13.3,213.6,-13.3,1020.1,109.9,61.9,19.2,316.9,201.1,305.1,201.1
39_127_13401,105,126.3,34,8697.8,287.9,-79.3,367.2,193.6,-13,212.1,-13,1024.8,114.8,61.9,19.9,320.5,201.8,312.9,201.8
39_127_13404,104.2,128.1,34,8736.3,288.4,-82.6,371,193.2,-13.9,212.2,-13.9,1027.3,110.9,62,19,318.7,202.9,307.6,202.9
39_127_1451,104.5,128.4,34,8755.9,289.5,-82.2,371.7,193.4,-14.1,212.7,-14.1,1025.2,111,62,19,317.9,202.6,305.4,202.6
39_127_2058,104.4,128.1,34,8750.1,289.4,-82.3,371.7,193.4,-14,212.7,-14,1025.7,110.7,62.1,19,317.5,202.7,305.6,202.7
39_127_2746,104.2,128.5,34,8797.7,290.2,-83.5,373.7,193.8,-14.8,212.8,-14.8,1025,110.8,62,19.5,318.1,201.8,305.8,201.8
39_127_2815,104.5,128.1,34,8792.9,290.2,-83.4,373.6,193.6,-15.1,212.6,-15.1,1025.1,111.8,61.9,19.9,318.1,201.3,304.8,201.3
39_127_3899,103.8,128,34,8768.5,288.9,-83,371.9,192.8,-14.8,212,-14.8,1028.2,112.1,62,20,320.4,202,309.9,202
39_127_4165,104.9,127.9,34,8731.8,289.3,-81,370.3,193.7,-13.1,212.7,-13.1,1025.8,111.9,62.3,19,318.6,203,308.6,203
39_127_5693,105.5,127,34,8679.2,288.6,-78.6,367.2,193.6,-12,212.5,-12,1024.7,114,62.9,19,319.1,203,311.4,203
39_127_592,107,128.7,34.1,8705.1,291,-78.2,369.2,195.4,-10.9,214.7,-10.9,1017,112.1,62.3,19,315.5,201.9,306.8,201.9
39_127_629,105,128,34,8729.9,289.3,-80.8,370.1,193.8,-13,213,-13,1024,111.3,62.2,19,317.6,202.7,306.8,202.7
39_127_8297,104.1,128.5,34,8785.4,289.8,-83,372.8,193.8,-14.9,212.6,-14.9,1025.3,110.7,62,19.7,318.8,201.7,306.8,201.7
39_145_13692,118.1,129.3,35,8497,299.1,-64.9,364,204.7,65.1,223.9,3.6,1066.5,115.2,69.1,16,316.4,228.8,311.4,228.8
39_145_13694,118.7,129.6,35,8516.7,300.4,-64.3,364.7,205.5,41.2,224.6,4,1054,113.3,67.8,16,312.1,225.5,307.1,225.5
39_145_3125,117.4,128.7,35,8507.9,298.3,-65.5,363.8,204.2,27.5,223.4,2.9,1065.3,114.3,69,16,315.6,228.1,310.4,228.3
39_145_4036,117,129.4,35,8511.1,298.1,-66.3,364.4,203.7,2.3,222.8,2.3,1067.3,115.6,69.2,16,316.8,226.9,311.8,226.9
39_145_4087,117.1,128.9,35,8506.5,298.2,-65.9,364.1,203.5,2.8,223.2,2.8,1072,116.2,69.8,16,318.4,228.9,313.2,228.9
39_163_8639,107,127.2,34,8716.4,289.8,-79.6,369.4,195.5,-11.4,214.6,-11.4,1038.1,114,62.2,19,316.8,202.4,302.6,202.4
39_167_14051,111.3,124.5,34,8572.8,291.3,-70.3,361.6,198.5,-4.3,217.8,-4.3,1049.1,109.9,66.7,15.4,310.2,215.6,309.8,215.6
39_167_14052,111.5,123.2,33.8,8588.5,291,-69.9,360.9,198.9,-4.5,218.2,-4.5,1041.3,109.3,66.2,15.9,307.9,213.2,307.9,213.2
39_167_14071,110,129,34.8,8530.1,291.2,-73.3,364.5,196,-5.4,215.6,-5.4,1071.6,111.9,67.4,15,317.3,220.5,315.1,220.5
39_167_14072,107.4,126.4,34.1,8545.8,287.4,-75.1,362.5,193.8,-8.3,213.1,-8.3,1083.2,113.3,68.6,15,321.2,222.9,319,222.9
39_167_14073,108.6,126.4,34.4,8539.9,288.6,-73.5,362.1,194.9,-7.2,214.6,-7.2,1077.1,112.5,68.5,15,318.2,222.3,317.1,222.3
39_167_14076,113,126.4,34.4,8554.3,293.8,-68.4,362.2,207.9,-2.2,219.3,-2.2,1050.7,109.6,67.7,15,308.2,218.7,308.2,218.7
39_167_1630,109.5,124.2,34,8563.1,289.1,-72.3,361.4,196.5,-6.3,215.5,-6.3,1068.9,111.8,68.4,15,315.1,221,314.7,221
39_167_2121,109.2,127.2,34.6,8582.9,290.7,-73.8,364.5,196.2,-6.8,215.9,-6.8,1051.9,110.7,65.6,16,314.2,213.5,311.5,213.5
39_167_2526,110.5,122.6,33.5,8587.3,289.6,-70.8,360.4,197.4,-5.7,216.5,-5.7,1044.2,109.7,66,16,310.1,212.8,309.9,212.8
39_167_2541,107.8,127.8,34.8,8531.5,288.1,-75.9,364,193.9,-8.1,213.2,-8.1,1078.8,113,68,15.2,321.4,220.9,317.8,220.9
39_167_2907,107.9,127.2,34.2,8529.1,288,-75.2,363.2,194,-8,213,-8,1084.2,113.1,68.8,15,321.7,223.6,318.9,223.6
39_167_3191,108.3,126.8,34.6,8541.1,288.3,-74.1,362.4,194.3,-7.7,214.2,-7.7,1080.2,112.8,68.8,15,319.7,222.8,317.8,222.8
39_167_3819,112.7,128.7,34.7,8546.1,294.3,-70.1,364.4,199.4,-2.4,218.9,-2.4,1052.2,109.9,66.7,15,309.6,217.5,309,217.5
39_167_4441,110.7,126.1,34.1,8531,290.8,-71.2,362,199.4,-4.7,216.6,-4.7,1065.7,111,68.2,15,313.5,221.2,313.1,221.2
39_167_5386,108.5,126.3,34.1,8547,288.6,-74.2,362.8,194.9,-7.3,214.4,-7.3,1073,112.1,68,15,318,220.9,316.1,220.9
39_167_7168,109.3,126.1,34,8545.5,289.1,-73.3,362.4,195.8,-6.6,215.1,-6.6,1070.2,111.9,67.9,15,316.6,220.7,315.4,220.7
39_167_7351,111.6,125.9,34,8580.6,292.1,-71.5,363.6,198.3,-4.7,217.9,-4.7,1042.6,109.4,65.5,15.8,309.3,212.9,308.4,212.9
39_53_15655,115.3,129.9,35,8526.8,296.4,-69.7,366.1,202.2,0.3,221.2,0.3,1073.4,117.9,70,16.9,319.6,225,313.9,225
39_53_2769,116.9,131.7,35,8519.6,298.7,-68.8,367.5,203.6,1.8,222.8,1.8,1064,117.8,69,17,316.8,222,311.8,222
39_53_2780,116.4,129.7,35,8459.5,296.2,-67.3,363.5,202.5,2.6,221.7,2.6,1090.5,122,71.9,16,324.2,230.5,319.8,230.5
39_53_361,117.4,131,35.1,8502.2,298.6,-67.6,366.2,203.8,2.7,222.8,2.7,1076.4,120,70,16.7,320.5,225.8,316.1,225.8
39_53_3860,116.7,131.1,35.4,8500.2,298.1,-67.7,365.8,203.3,2.3,222.3,2.3,1077.1,120.1,70,16.7,320.5,225.8,316.3,225.8
39_53_5288,117.3,132,35.5,8505.2,299.3,-67.6,366.9,203.7,3,223.2,3,1066.7,118.8,69.1,16.9,317,222.9,312.7,222.9
39_53_612,116.4,130.6,35,8513.1,297.4,-68.4,365.8,203,1.4,222,1.4,1075.2,118.8,70,16.8,320.1,225.4,315,225.4
39_53_8035,117.3,130.4,35,8463.1,297.6,-66.5,364.1,203.4,3.3,222.4,3.3,1086.4,121.9,71.4,16.3,323.7,229.2,319.5,229.2
39_53_8375,116.2,131.2,35,8532.2,298.2,-69.1,367.3,203.1,1.2,222.2,1.2,1063.3,116.8,68.6,17,315.9,221.8,310.8,221.8
39_53_8377,115.8,130.5,35,8527.7,297.2,-69,366.2,202.6,0.5,221.7,0.5,1068.7,117.1,69.5,16.6,317.6,223.9,312.2,223.9
39_73_12469,106.8,128.7,34,8709.4,290.3,-79.9,370.2,194.9,-11.1,214.1,-11.1,1016.9,110,62.1,18.9,313.1,202.2,302.1,202.2
39_73_12472,105,128.4,34,8746.4,289.8,-82.2,372,194.1,-13.5,213.1,-13.5,1022,111,62.1,19,316,202.2,303.2,202.2
39_73_12480,105.1,127.9,34,8737.6,289.1,-82.1,371.2,194.1,-13.3,213.1,-13.3,1031,113.4,62,19,317.2,202.2,302.8,202.2
39_73_15675,106.1,129,34,8735.9,291,-81,372,194.8,-12,213.9,-12,1015.8,110.1,61.7,19,313.3,201.3,300.9,201.3
39_73_2719,106.8,129.1,34,8723.8,291.5,-80.3,371.8,195.6,-11.3,214.5,-11.3,1012.9,109.7,61.7,19,311.6,201.2,299.3,201.2
39_73_3185,107.1,129.4,34,8722.9,291.9,-79.9,371.8,195.8,-10.9,214.8,-10.9,1009,109.9,61.2,19,310.7,200.4,297.7,200.4
39_73_409,107.2,129.1,34.1,8705.1,291.3,-79.6,370.9,195.7,-10.6,214.7,-10.6,1012.2,109.5,62,18.9,311.5,201.7,300,201.7
39_73_47,105.2,128.6,34,8766.5,290.5,-82.2,372.7,194.5,-13.5,213.3,-13.5,1019.9,111.1,61.7,19,315.6,201,302.3,201
39_73_8306,105.9,129,34,8755.2,291.2,-81.6,372.8,194.7,-12.7,213.6,-12.7,1016.3,110.8,61.6,19,314.2,200.7,301.1,200.7
39_73_8307,106.8,129,34,8731.3,291.8,-81.1,372.9,195,-12.1,214,-12.1,1011,111,61.1,19,312.3,200.1,298.4,200.1
39_73_8322,106,128,34,8722.5,289.9,-81.1,371,195,-12.1,213.9,-12.1,1028.7,113.1,62,19,315.6,202,301.5,202
39_79_12632,116.7,131.7,35.3,8519.2,298.4,-68.9,367.3,202.9,1.7,222.4,1.7,1062.6,117.4,68.6,17,316.2,221.3,311.1,221.3
39_79_12636,114.5,129.1,35,8543.4,295.9,-70,365.9,201.2,-1,220.9,-1,1064,115,69,16.5,315.1,223,309.5,223
39_87_11220,120.3,130.6,35.1,8456,301.7,-62.2,363.9,206.7,104.8,225.9,6.8,1080.7,120,70.8,16,324.1,232.1,318,232.7
39_87_11243,118.1,129.9,35,8459.7,299,-64.2,363.2,204.8,4.1,223.3,4.1,1088.1,121,72,16,324.8,231.8,319.2,231.8
39_87_1217,115.9,129.7,35,8498.9,296.8,-68.5,365.3,202.6,1.3,221.6,1.3,1082.3,119.8,71,16.6,322.6,228,317.5,228
39_87_12767,115.6,129.5,35,8501.1,296.4,-68.9,365.3,201.8,0.7,220.9,0.7,1081.8,119,71,16,322,228,316.4,228
39_87_12769,117.5,130.8,35,8482.7,299,-66.7,365.7,203.8,3.3,222.8,3.3,1079.8,120.4,70.8,16.5,322.1,227.4,317.1,227.4
39_87_12770,118.5,131.1,35.3,8489.2,300.1,-65.5,365.6,204.6,4.1,224,4.1,1076,119.7,70.7,16.8,321.3,227.3,316.2,227.3
39_87_12774,116.4,129.2,35,8513.6,297.5,-67.3,364.8,202.9,1.5,222.3,1.5,1071,116.7,69.8,16,318.5,226.2,313.3,226.2
39_87_12775,118.9,130,35,8485.8,300.6,-64.4,365,205.6,4.8,224.6,4.8,1076.2,118.2,70.3,16,321.2,230.1,315.7,230.1
39_87_12778,121.8,132.8,35.9,8465.5,303.2,-62.9,366.1,207.8,7.6,226.8,7.6,1076,121.1,71.1,16,322.3,228.4,317.3,228.4
39_87_12785,120.3,130.8,35.3,8436.1,301.5,-62,363.5,206.3,7,225.3,7,1083.2,121.6,71.6,16,323.7,232.2,319,232.2
39_87_12789,118,129.2,35,8461.7,298.5,-64.5,363,204.4,4,223.5,4,1089.1,121,71.6,16,325.4,232.6,320.1,232.6
39_87_12792,121.1,131.5,35.4,8476.7,303.6,-62,365.6,207.8,105.6,227,7.6,1073.7,119.1,70.3,16,321.7,230.3,316.3,231
39_87_12793,120.9,131.1,35,8498.8,303.6,-62.2,365.8,207.9,117.2,227,6.8,1067,117.4,69.7,16,318.6,229,313.4,229.5
39_87_12794,119.3,130,35,8474.7,300.6,-63.4,364,205.6,128.3,225.1,5.2,1072.7,117.6,69.9,16,320.3,230.1,314.6,230.9
39_87_1349,118.3,131.1,35.4,8484.6,299.7,-65.7,365.4,204.5,3.8,223.5,3.8,1077.3,120.4,70.3,16.6,321.7,226.9,316.9,226.9
39_87_1472,117.6,128.9,35,8476.6,298.3,-65.2,363.5,204.3,3.6,223.4,3.6,1086.2,119.9,71.1,16,324.9,232,318.9,232
39_87_15692,117.5,129.3,35,8461.4,297.9,-64.8,362.7,203.7,3.4,222.7,3.4,1089.8,121,72,16,325.5,231.9,320.4,231.9
39_87_15693,115.8,129,35,8495.6,296.2,-67.7,363.9,202.7,1.3,221.4,1.3,1081.7,118.9,71,16.3,322.5,228.6,316.7,228.6
39_87_192,117.2,130,35,8430.8,297.2,-65.8,363,203.1,3.9,222.3,3.9,1093.2,123,73,16,325.3,233,321.3,233
39_87_2049,118.1,130.9,35.1,8484,299.5,-65.9,365.4,204.4,3.9,223.7,3.9,1079.6,120.5,70.9,16.7,322.4,227.9,317.7,227.9
39_87_2263,116.7,130,35,8513.6,297.7,-67.4,365.1,203.2,1.8,222.7,1.8,1078.8,119,71,16,321.3,228,316,228
39_87_2361,115.1,129.1,35,8503.5,295.7,-68.5,364.2,201.7,0.1,220.5,0.1,1080.7,118.2,70.7,16,321.1,228,315.6,228
39_87_266,119.4,130.2,35,8497.1,301,-63.3,364.3,206.2,103.9,225.4,5.3,1059.4,114.6,68.8,16,314.8,227.3,310.1,227.6
39_87_2686,118.4,129.6,35,8499.4,299.4,-64.6,364,204.9,3.6,224.1,3.6,1070.2,116.5,69.8,16,318.2,228.8,313,228.8
39_87_3339,115.2,129.8,35,8535.7,296.5,-69.6,366.1,202.4,0,221.5,0,1070.6,116.9,69.9,16.7,318.2,224.4,312.7,224.4
39_87_3919,120.4,130.6,35,8466.1,301.8,-62.8,364.6,206.6,104.8,225.8,6.7,1079.9,119.9,70.9,16,323.8,232,317.9,232.1
39_87_4283,118.8,131.5,35.4,8471.8,300.1,-65.2,365.3,204.9,4.4,223.9,4.4,1081.8,121.4,71,16.6,323.3,228.3,318.4,228.3
39_87_4550,115.3,129.4,35,8538.7,296.8,-68.9,365.7,202.7,0.1,221.4,0.1,1066.1,115.7,69,16.3,316.5,224.3,311.2,224.3
39_87_4677,118.4,129.4,35,8469.6,299.4,-63.9,363.3,205.3,4.5,224.2,4.5,1088.8,120.7,71.6,16,325.5,233.2,319.7,233.2
39_87_5020,118.3,129.4,35,8487.2,299.3,-64.8,364.1,204.6,4,223.6,4,1074.3,117.6,70,16,320.4,229.1,314.9,229.1
39_87_5651,115.9,128,34.7,8502.7,295.9,-67.7,363.6,202.3,1,221.3,1,1082.6,117.7,70.3,16,322.2,230.2,316.2,230.2
39_87_571,117.4,129.3,35,8496.3,298.5,-66.1,364.6,204.4,2.8,222.8,2.8,1078.3,118.3,70.4,16,321.6,229,316,229
39_87_595,117.4,129.7,35,8497.6,298.2,-67.2,365.4,203.5,2.6,222.6,2.6,1079.7,119.1,71,16,321.6,228.3,316.5,228.3
39_87_614,118.9,130.5,35,8466.9,299.9,-64.3,364.2,205.6,5.2,224.7,5.2,1086.7,121.1,71.6,16,324.9,232.3,319.6,232.3
39_87_638,118.9,129.9,35,8473.8,300.1,-63.9,364,205.8,17.2,224.7,4.9,1084.2,120.2,71.2,16,324.5,231.8,318.8,231.8
39_87_6997,117.4,130.2,35,8521.6,299.2,-66.9,366.1,204.4,2.5,223.2,2.5,1069.8,117.1,69.7,16,318.1,226.2,312.9,226.2
39_87_8041,118.3,130.6,35.1,8475.7,299.4,-65.7,365.1,204.9,4.1,224,4.1,1087.1,121.9,71.7,16.6,324.9,230.1,320.2,230.1
39_87_8054,119,129.8,35,8446,299.9,-63.4,363.3,205.3,54.5,224.3,5.8,1089.3,121,71.4,16,326,234.2,320,234.4
39_87_8381,118.8,130.6,35.1,8471.7,300,-64.7,364.7,205.1,4.6,224,4.6,1082.1,120.2,71.1,16,323.3,230.4,318.2,230.4
39_87_8383,116.8,129.2,35,8502.4,297.7,-66.6,364.3,203.7,2.2,222.5,2.2,1082.4,119.1,71,16,322.9,229.4,317.2,229.4
39_87_8391,119,129.8,35.2,8480.2,300.6,-64,364.6,205.3,103.3,224.4,5,1068.3,116.4,69.6,16,318.2,229.2,313,229.5
39_87_8394,118.7,130,35,8456.8,300.1,-63.8,363.9,204.8,127.7,224.7,5.1,1075.1,117.3,70.3,16,321.1,230.6,314.8,232
39_87_927,118.7,129.9,35,8470.8,299.5,-64.6,364.1,204.8,4.7,223.8,4.7,1080.8,119.2,70.7,16,323,231.1,317.3,231.1
39_9_11689,107.4,128.9,34.1,8674.3,292,-77.7,369.7,196.3,-9.6,215.3,-9.6,1017.5,110.8,62.9,18,311.4,204,302.3,204
39_9_11693,108.2,130,34.8,8691.5,292.9,-78.1,371,197.1,-9,215.9,-9,1010,109,62,18.1,309,202,297.1,202
39_9_1653,109.4,129.4,34.5,8671.5,293.3,-76.3,369.6,197.7,-7.6,216.8,-7.6,1012.7,110.5,63,18,308.8,204.2,300.4,204.2
39_9_1903,107.3,129.2,34.4,8682.9,291,-78.8,369.8,195.8,-9.7,215.1,-9.7,1016.3,110.2,62.5,18.1,311.5,203.5,301,203.5
39_9_2639,107.2,128.2,34,8685.6,290.7,-77.7,368.4,195.3,-10.3,214.5,-10.3,1017.9,112.6,62.9,18.9,315.1,202.8,307.1,202.8
39_9_2805,105.7,128.1,34,8705.4,289.5,-81.3,370.8,194.3,-12.3,213.3,-12.3,1023.5,111.3,61.9,19,314.4,202.7,301.4,202.7
39_9_3039,106.8,128.6,34,8681.7,290.5,-79.2,369.7,195.5,-10.2,214.6,-10.2,1020.9,110.9,63,18.1,312.9,204.4,302.7,204.4
39_9_3333,109.8,130.3,35,8699.4,294,-77.3,371.3,198,-8,217.4,-8,1004.1,108.9,61.8,18.2,307.6,201,295.8,201
39_9_3882,108.7,129.9,34.8,8704.3,293.2,-77.8,371,197.2,-8.8,216.2,-8.8,1003.9,108.6,61.5,19,308.4,200.6,296.8,200.6
39_9_8312,106.7,128.6,34,8698.7,291,-79.8,370.8,195.5,-10.8,214.5,-10.8,1019.7,110.6,62,19,312.9,202.8,300.1,202.8
51_113_16,106,123.6,34.7,8160.7,280.3,-72.9,353.2,189,-3.6,207.7,-3.6,1084.2,106.2,69.9,14,306.7,215.9,302.4,215.9
51_113_18,84.5,108.4,32,7996,247.1,-85.8,332.9,96.4,-23,183.9,-23,1230,119.9,80,13.4,348.4,247.4,327.3,247.4
51_113_30,87.8,110.1,32.1,8027.3,252.4,-83.5,335.9,114.2,-20,187.9,-20,1201,116.2,77.6,13.3,337.3,240.6,322.7,240.6
51_121_17,104.3,129.1,37.8,7642.1,274,-64.5,338.5,182,1.9,199.8,1.9,1028,101.8,69.4,12,290.4,211.4,280.6,211.4
51_121_81,107.1,130.2,38,7678.4,278.1,-62.1,340.2,185.3,4.4,203.6,4.4,1005.6,100.3,68.2,12,284.9,207.8,275.6,207.8
51_125_22,95.4,117,34.5,7819.4,261.3,-73.2,334.5,104.3,-8.9,193.1,-8.9,1257.4,123.6,87.1,10.4,345.2,270.9,317.8,270.9
51_125_48,101.7,121,35.1,7862.6,270.8,-68.7,339.5,109.9,-3.1,200.5,-3.1,1206.5,118.4,83.1,11,330.7,258,308.2,258
51_125_85,113.4,126.4,36.1,7891.5,285.7,-58.6,344.3,165.3,8.8,213.3,8.8,1145.2,112.3,78.7,11.5,313.2,243.7,299.4,243.7
51_139_46,81.8,106.6,31.6,8040,244.5,-88.7,333.2,115.5,-26.3,181.9,-26.3,1238.7,120.4,80.7,13.3,350.2,249.5,330.3,249.5
51_139_57,97.5,121.9,34.1,8124.3,271.3,-79.7,351,180.3,-11.5,198.9,-11.5,1055.7,104.2,66.8,14.7,301.6,206.5,296.1,206.5
51_139_60,107.8,127.8,35.4,8120.9,285.5,-69.9,355.4,196.4,-0.5,209.9,-0.5,1015.9,100.6,65.1,14.9,292.3,199.9,289,199.9
51_155_26,109,133.8,38.3,7645.2,280.5,-63.2,343.7,187,6.5,204.9,6.5,977,101.1,65.1,13.2,286,204,271.9,204
51_155_69,107.8,133.3,38.4,7632.4,278.5,-63.8,342.3,185.8,5.5,203.6,5.5,982.2,101.1,65.6,13,286.8,205.3,272.7,205.3
51_157_2,90.9,111.9,32.3,8138.8,258.1,-82.9,341,173.3,-18.2,192.3,-18.2,1151.9,112.9,73.7,13.9,323.5,228.1,314.8,228.1
51_157_21,90.1,111.1,32,8176.2,257.2,-84.4,341.6,172.9,-19.7,191.8,-19.7,1151.2,113.3,73.6,14,324.6,227.4,315.3,227.4
51_157_30,99,115.8,32.9,8260.5,270,-78.3,348.3,182.9,-11.9,202.2,-11.9,1101.5,109.7,70.3,14,314.1,216.5,306.1,216.5
51_15_104,102.2,121.9,35.3,7853.1,271.7,-68.5,340.2,115.9,-2.5,201,-2.5,1187.6,115.8,81.7,11,324,252.9,305.9,252.9
51_15_11,94.9,126.5,36,7902.4,267.9,-78.9,346.8,175.6,-10.7,193.7,-10.7,1054.5,104,69.8,12,295.3,215,288.7,215
51_15_116,90.8,124.1,35.7,7879,261.6,-82.5,344.1,170.8,-15,188.8,-15,1102.1,107,74.2,11.1,305,229.3,296.9,229.3
51_15_118,86.1,120.8,35,7891.3,255.4,-86.4,341.8,166.6,-19.8,184.4,-19.8,1126.7,108.9,76.4,10.5,311.7,235.3,303.5,235.3
51_15_122,104.4,132.1,37,7955.1,282,-70.5,352.5,190.2,-1.6,204.5,-1.6,975.1,99,62.7,14.4,280.7,191.9,277.2,191.9
51_15_125,79.6,115.8,34,7876.5,245.8,-91.3,337.1,159.6,-26.4,177.6,-26.4,1197,113.5,82.3,9.9,328.2,253,319.1,253
51_15_159,110.8,126.3,36,7926.9,284.2,-61.5,345.7,202.9,5.6,210.9,5.6,1123,108.6,76.6,11.6,309,235,299.2,235
51_15_167,105.5,125.5,36.3,7866.2,277.1,-65.3,342.4,150.4,1.2,204.8,1.2,1150.8,111.9,78.9,11,313.4,244.7,297.6,244.7
51_15_174,97.1,127.5,36.3,7888.9,270.5,-76.3,346.8,177.4,-8.3,195.8,-8.3,1055.2,104,70.1,12,295,215.2,288.3,215.2
51_15_186,99.5,129.6,36.6,7919.6,274.5,-75,349.5,180.4,-6.3,198.7,-6.3,1006.1,101,65.4,13.6,286.3,200.2,281.6,200.2
51_15_203,99.2,128.9,36.4,7888.1,273.6,-74.1,347.7,179.6,-6.3,197.7,-6.3,1053.3,103.7,70.1,11.9,293.1,216.2,286,216.2
51_15_22,106.2,132.9,37,7922.7,283.5,-68.2,351.7,187.2,0.8,206.1,0.8,994.2,100.3,65,13.5,282.4,199.3,277.7,199.3
51_15_221,98.7,128.9,36.6,7881.8,272.3,-74.9,347.2,178.8,-6.5,197.1,-6.5,1086.6,106.9,74.5,10.9,300.2,228.5,291.1,228.5
51_15_51,97,118.1,34.4,7921,265.6,-73.8,339.4,129.6,-9,196.5,-9,1177.2,113.2,79.1,12,324.5,243.7,312.5,243.7
51_15_76,90.4,123.7,35.6,7868.2,261.2,-82,343.2,170.5,-15,188.2,-15,1122.5,108.8,76.8,10.3,308.5,236.2,299.9,236.2
51_15_86,103.2,129.7,37.1,7870.5,277,-70.5,347.5,183.4,-1.9,201.5,-1.9,1080.5,106.4,73.4,11.2,298.3,226.1,288.5,226.1
51_163_125,122.7,129.1,37.2,7847.4,294.5,-48.5,343,203.3,18.7,221.6,18.7,1072.6,104.5,73.3,10.2,293.2,231.5,284.1,231.5
51_163_127,109.5,122.3,36.1,7782.8,277.4,-58.5,335.9,168.3,6.3,207.5,6.3,1158.2,111,80.3,9.8,312.5,249.7,302.2,249.7
51_163_135,113,132.9,37.9,7891.9,288.8,-59.8,348.6,194.1,8.1,212.5,8.1,1066.6,104.9,73.1,10.9,294.7,225,284.7,225
51_163_138,96.9,123.3,35.9,7814.7,266.3,-72.8,339.1,176.9,-7.7,194.4,-7.7,1167.5,111.8,82.7,9.3,316.2,251.5,305.9,251.5
51_163_26,116.5,128,36.9,7844.9,288.2,-54.1,342.3,196.7,12.5,215.6,12.5,1097.1,106,75.4,10.1,297.4,236.3,286.9,236.3
51_163_38,110.1,126.7,36.5,7846,282,-61.2,343.2,176.2,6.1,208.9,6.1,1128.9,108.9,77.6,10.7,305.1,241.6,292.2,241.6
51_163_4,107.5,122.5,35.8,7804.5,276.2,-61.5,337.7,151.9,3.8,205.7,3.8,1167.5,112,81.3,10,314.2,252.1,300.9,252.1
51_163_60,108.5,125,36.4,7832.8,279.2,-61.8,341,159.7,4.5,207.1,4.5,1148.9,110.6,79.2,10.5,309.6,246.5,296.3,246.5
51_163_94,113.9,127.9,36.9,7856.2,286.3,-57.3,343.6,194.4,9.9,213.2,9.9,1107.2,106.7,76,10.5,299.3,237.5,288.5,237.5
51_165_108,102.9,131.5,36.6,8021.7,281.3,-73.5,354.8,184.8,-4,203.2,-4,951.5,97.7,59.3,16.2,279.7,181.7,277.6,181.7
51_165_116,100.8,129.7,36,8018.4,278.4,-75.1,353.5,183.1,-6.4,201.3,-6.4,973,98.8,61.3,15.5,283.3,187.7,280.9,187.7
51_165_117,106.6,122.9,34.4,8048.1,280.1,-68,348.1,199.9,-0.7,207.9,-0.7,1089.7,106.4,71.6,13.3,307.9,219.3,301.9,219.3
51_165_118,113.2,126.8,35.5,8082.7,289.9,-62.8,352.7,207,5.6,214.9,5.6,1056.8,105.3,69.2,14.2,303.3,212,297.1,212
51_165_179,89.8,123.1,35,7919.5,261.2,-83.7,344.9,170.2,-16.5,188.5,-16.5,1070.9,105.1,70.4,12.4,302.6,215.8,297,215.8
51_165_185,89,123.4,35.2,7957.8,260.7,-85.1,345.8,169.6,-18,187.8,-18,1065.4,104.9,69.6,12.8,304.7,213.3,299.2,213.3
51_165_191,80.7,116.7,33.9,7917,248.6,-90.4,339,161.3,-25.4,179.1,-25.4,1157.3,110.5,77.5,11.5,323.4,238.3,315.7,238.3
51_165_198,96.2,127.5,36.1,7924.8,270.5,-77.6,348.1,177.2,-9.5,195.5,-9.5,1017.8,101.7,65.9,13.8,290.3,201.9,285.9,201.9
51_165_24,106.7,133.2,37,7972.4,285.4,-69.2,354.6,188,0.7,207,0.7,952.9,97.8,60.3,15.3,276.7,185.3,274.4,185.3
51_165_29,82.9,117.8,34.1,7904.8,250.4,-89,339.4,163.1,-23.6,181,-23.6,1148.1,110.1,77.3,11.1,318.9,237.3,311.4,237.3
51_165_38,106.4,133.6,36.9,8079.7,286.9,-71.6,358.5,188.8,-1.5,207.7,-1.5,927.5,95.8,57.4,16.9,274.8,176,273.3,176
51_165_43,104.3,132.4,36.4,8072.6,284.2,-73.3,357.5,186.9,-3.6,205.3,-3.6,940.1,96.4,58.1,16.3,277.7,178.8,276.1,178.8
51_165_62,105.7,121.6,34.4,8044.7,278.8,-68,346.8,199.2,-1.3,207,-1.3,1107.4,107.8,73,13.4,311.8,223.5,305.6,223.5
51_165_64,104.9,132,36.7,7990.5,283.3,-70.6,353.9,192.6,-1.2,205.6,-1.2,962,98.4,61.1,15.1,279.5,187.3,276.7,187.3
51_165_70,95.3,126.3,35.9,7961.3,270,-78.9,348.9,177,-10.9,195.1,-10.9,1018.1,101.7,65.2,14,291.7,200.4,287.7,200.4
51_165_76,103.6,132.3,36.7,8064,283.2,-74.1,357.3,185.8,-4.1,204.3,-4.1,943.8,96.6,58.4,16.5,278.6,179.7,276.6,179.7
51_165_82,99.9,130.3,36,8077.9,278.6,-77.5,356.1,182.6,-8.1,200.9,-8.1,964.8,97.8,59.5,16,284.4,184.6,280.9,184.6
51_165_88,104.7,133.9,36.9,8097.9,285.4,-74,359.4,187.6,-3.6,206.1,-3.6,929.2,95.9,56.6,16.9,277,175.6,274.5,175.6
51_165_93,96.2,126.9,36,7927.9,270.7,-78,348.7,177.6,-9.8,195.6,-9.8,1018,101.5,66,13.5,290.3,201.8,286,201.8
51_165_96,108.5,126.6,35.5,8092.6,285.4,-67.4,352.8,201.2,0.7,210.1,0.7,1031,102.3,66.7,14.6,296.9,204.2,291.9,204.2
51_169_100,117.1,124.6,36.9,7669.6,281.4,-52.3,333.7,194.9,124.9,212.6,14.3,1190.1,122.4,74.8,12,337.5,253.2,324.6,287.7
51_169_40,102.9,117.5,36,7523.4,260.6,-63.5,324.1,179.1,110.7,196.1,1.4,1286.4,130.7,84.1,11.3,365.1,280.2,352.4,303.4
51_169_44,117.4,124.7,37,7645.3,280.7,-52.3,333,194.6,71.8,212,14.5,1163,121.2,77,12,334.7,253.2,322.6,269.2
51_169_50,126.5,131,38,7813.5,296.6,-44.8,341.4,205.6,133.2,224.2,21.9,1160,118.2,69.1,13,324.3,239.9,311.3,292.4
51_169_54,100.7,116.1,35.7,7501.3,257.4,-65.2,322.6,176.7,83.3,193.4,-0.5,1282.8,131,85.9,11.3,366.3,282.4,354,296.3
51_169_93,110,120.2,36,7551.1,269.7,-58.1,327.8,186.2,65.8,203.2,7.8,1209.5,125.7,80.7,12,347.6,264.6,335.6,278.7
51_171_101,98.8,128.4,35.4,8182.8,277.5,-80.3,357.8,182.4,-10.7,200.9,-10.7,977.8,98.9,60.5,15.5,287.1,187.2,282.4,187.2
51_171_104,101.1,130.4,35.9,8123.3,279.8,-77.6,357.4,184,-8,202.2,-8,959.6,97.2,58.8,16.1,282.9,182.8,279.1,182.8
51_171_105,105.8,133.2,36.6,8130.1,286.9,-73.2,360.1,189.4,-2.8,207.5,-2.8,932,94.9,56.9,16.8,276.1,176.5,274.1,176.5
51_171_13,96.3,125.7,34.9,8188.7,273,-82.7,355.7,179.4,-13.8,198.2,-13.8,998.2,100.6,62.3,15.1,292.3,191.6,286.1,191.6
51_171_6,98.4,128.4,35.6,8159.8,276.6,-80.4,357,181.6,-10.9,200.1,-10.9,977.4,98.9,60.3,15.8,287.2,186.9,282.3,186.9
51_171_88,99,124.1,34.3,8202,274.7,-80,354.7,182.3,-11.1,201.2,-11.1,1026.2,102.4,64.6,14.9,296.7,199.1,290.9,199.1
51_171_96,97.4,126,34.8,8258.9,275,-82.7,357.7,181,-13.6,200.4,-13.6,994,100.4,62,15.4,291.5,190.8,285.1,190.8
51_173_21,99.3,125.5,37.8,7363,260.9,-66.5,327.4,173.7,17.7,191.5,0.5,1187.1,118.5,83.7,10.6,337.5,258.6,320.7,259.8
51_173_29,97.3,122.4,37.1,7283.6,256,-66.9,322.9,171.1,16.4,188.1,-0.6,1240.4,122.6,88.2,10.1,352.3,271.6,336.4,272.6
51_173_32,94.1,121.7,37.3,7345.7,253.9,-69.8,323.7,168.5,13.1,185.7,-4.6,1195.1,119,85.4,10.7,341.1,262,324.5,263.2
51_173_64,102.1,126.5,38.2,7369.4,263.6,-64.5,328.1,176.1,20,194,3,1194.5,118.8,85.6,11,342.2,261.1,327.4,264.4
51_173_81,93.8,121.4,37.1,7312.1,253.1,-69.7,322.8,168.3,4.4,185.2,-4.5,1225.3,121.8,85.6,10.5,346.5,265,328.9,265.1
51_173_84,105.7,131.6,38.7,7512.8,272.2,-63.9,336.1,181.5,22.1,199.4,4.6,1091.3,111.6,78.6,11.8,317.4,237.4,303.2,242.1
51_173_88,103,127.6,38,7496.3,267.4,-64.8,332.2,178.9,51.2,196.3,2.5,1124.6,115.3,81,12.2,327.2,246.4,313.5,252.2
51_173_99,96.7,120.8,37.2,7269.1,253.7,-66.9,320.6,170,16.2,187.3,-0.8,1277.3,124.7,90.6,10.1,362.5,279.6,349,280
51_17_114,97,129.8,36.8,7927.8,269.7,-78.7,348.4,177,-9.9,194.9,-9.9,1137.6,114.6,79.7,10,317.7,246.8,309.7,246.8
51_17_12,120.6,136.8,38.2,7909.9,298,-53.7,351.7,201.4,15.4,219.9,15.4,1023.9,102.8,69.5,11.9,287.3,215,279.7,215
51_17_126,97.9,129.7,36.9,7926,270.8,-77.1,347.9,178.1,-9,196,-9,1133.4,113.8,79.9,10,315.3,246.6,307.8,246.6
51_17_135,113.9,135.6,38,7938,291.1,-61.3,352.4,194.8,8.1,212.9,8.1,1042.8,104.5,72.4,11.1,292.1,219.4,284.2,219.4
51_17_67,87.4,124.1,35.8,7888.6,255.9,-86.7,342.6,167.6,-19.2,184.6,-19.2,1241.5,123.9,89.2,9.1,343.6,276.7,334.4,276.7
51_17_68,97.1,131.7,37,7955.8,270.8,-79.7,350.5,177.8,-10.3,195.5,-10.3,1148.4,117.2,81.4,10.4,321.6,252.3,314.5,252.3
51_187_2,101,117.8,33.1,8300.1,273.9,-77.6,351.5,185.2,-10.7,204.2,-10.7,1075.7,107.7,68.4,14.2,308.8,210.5,301.3,210.5
51_195_85,111.2,122.5,36.7,7663,274.1,-57.6,331.7,188.6,118.5,206.5,8.4,1240.7,126.2,78.6,11.8,350.6,265.5,337.6,299.6
51_197_1,100.7,128.8,38.1,7429.7,265.5,-67,332.5,176.3,1,193.4,1,1120.4,112.7,76.4,11.7,319.7,238.4,302.1,238.4
51_197_34,104.1,130.8,38.4,7542.5,271.2,-65.3,336.5,180.6,20.4,198.3,2.8,1058.2,108.7,76.3,12,307.8,229.6,293.8,233.3
51_197_4,99.2,126.4,37.6,7521.2,264.2,-68.1,332.3,175.9,16.1,193.4,-1.6,1073.5,109.4,77.7,11.8,311.6,234.5,296.6,237.6
51_197_7,102,129.2,38.7,7415.8,266.1,-66.2,332.3,176.6,17.7,194.4,2.4,1131.2,113.6,78.4,11,323.2,243.3,306.1,244
51_197_80,106.6,133,38.6,7608,276.9,-64.7,341.6,184.4,6.4,201.8,4.6,1006.2,102.2,67,13,292.4,210.5,276.9,210.5
51_197_91,106.8,133.5,38.6,7624.1,277,-65,342,184.4,22.5,202.2,4.5,1019.7,105.6,72.2,12.4,297.3,218.6,284.1,221.6
51_197_97,98,126.3,37.9,7392.4,261,-68.3,329.3,173.1,-0.8,190.5,-0.8,1154,115.9,78.7,11.1,327.5,245.7,309.1,245.7
51_19_130,130.4,131.8,37.6,7875.7,303.2,-42.2,345.4,210.9,25.8,229.6,25.8,1037.8,102.8,70.3,10.7,287.1,224.3,278.3,224.3
51_19_48,125.7,128.4,37,7850.4,297,-45.4,342.4,206.2,21.5,224.7,21.5,1070.6,105,73.2,10.3,293.7,231.9,284.5,231.9
51_21_27,103.6,128.9,38,7513,269,-64.6,333.6,179.5,39.6,197.3,2.8,1093.3,112.4,78.4,12,318.1,239.4,304.6,244.7
51_21_37,106.1,131,38,7623.7,274.8,-63.8,338.6,183.9,22,201.6,4,1022.4,106.8,72.8,12.8,299.4,221.8,286.3,225.5
51_21_46,109.5,134.4,38.3,7676.3,281.5,-62.8,344.3,188,24.6,205.8,6.6,968.7,100.8,65.8,13,283.9,204.4,270.4,205.2
51_21_53,94.4,120,36.1,7534.9,255.5,-71.7,327.2,171.2,30.9,188.2,-6.8,1105.6,113.2,80.5,11.9,321,243.3,304.7,245.3
51_21_67,102.8,127.6,37.4,7624.9,269.7,-67.1,336.8,180.5,18.6,198.2,0.6,1021,105.8,72.9,12.3,297.8,220.6,283.4,222.4
51_23_110,124.2,137.8,38.8,7926.1,302.9,-50,352.9,205.9,19.1,224,19.1,991.8,100.3,66.9,12.1,280.5,207.7,276.2,207.7
51_23_113,114.8,129.9,37,7839.1,288.3,-56,344.3,195.2,10.4,212.9,10.4,1042.8,102.4,72.5,10.9,289.4,220.7,284.1,220.7
51_23_50,127.2,134,38,7888.3,301.8,-45.7,347.5,207.4,22.2,226.3,22.2,1019.1,102,68.9,11.3,284.9,215.9,280,215.9
51_23_55,120.2,127.4,37,7825.4,291.7,-49.5,341.2,201,16.5,219,16.5,1083,105.4,74.4,10,296.3,232.7,288.5,232.7
51_23_98,115.7,125.1,36.2,7794.6,285.9,-53,338.9,195.7,12,213.7,12,1104.8,106.6,76.7,10.2,300.8,236.5,293.6,236.5
51_3_28,103.5,120.9,34.6,7988.6,275.1,-69,344.1,189.4,-2.6,204.1,-2.6,1126.4,108.9,74.8,12.8,314.4,229.5,306.7,229.5
51_3_7,102.6,120.8,34.8,7972.9,274,-69,343,187.4,-3.6,202.7,-3.6,1135.3,109.3,75.6,12.4,315.6,232.1,306.9,232.1
51_45_13,122.5,132.3,38,7877.4,298.7,-48.4,347.1,203.5,17.9,221.7,17.9,988.9,98,69,11,276.7,210,272.7,210
51_45_23,118.2,133.1,38,7829.5,293.9,-53.2,347.1,198.3,14,216.9,14,976.4,97.5,68.1,11.6,275.7,206,269.7,206
51_45_30,107.3,131.9,37.9,7749.4,279.7,-64.9,344.6,185.8,3.3,204.2,3.3,978.8,100.3,66.8,12.5,281.4,203.8,272.7,203.8
51_45_33,118.2,130.7,37.3,7856.3,293.3,-52.4,345.7,198.8,13.7,217.2,13.7,1011.7,99.8,70.5,11,282.3,214.3,277.5,214.3
51_45_38,97,126.3,36.7,7762.6,266.6,-73.4,340,176.3,-6.7,193.9,-6.7,1094.3,108.6,77.3,10.6,306.5,233,299,233
51_45_40,105.9,129.3,37.6,7715.6,276.8,-63.8,340.6,184.4,2.7,202.6,2.7,1026.1,101.9,70.3,11.9,289.4,212.9,280.8,212.9
51_45_45,114.5,132.6,37.8,7871.2,290,-57.7,347.7,195.1,9.8,213.5,9.8,1016.2,101.3,70.8,11.2,285.2,215.1,280,215.1
51_45_59,114.3,133.6,38,7874.5,289.3,-58.7,348,194.5,9.3,212.7,9.3,1003.7,100.6,70.2,11.3,283.2,212.4,277.7,212.4
51_45_73,108.6,128.8,37.4,7767.1,280.4,-61.2,341.6,188,4.6,205.9,4.6,1037.9,102.3,71.8,11.2,290.4,217,283.9,217
51_45_83,92.1,122.9,36.3,7693.8,257.7,-77.1,334.8,170.7,-11.1,187.7,-11.1,1123.4,110.8,78.8,10.4,314.7,238.2,305.4,238.2
51_45_9,111.4,132.6,38,7813.4,285.5,-60.6,346.1,190.7,6.7,209.3,6.7,988.7,99.6,68.5,12,280.5,207.6,274.3,207.6
51_5_104,109.4,138.1,38.2,7964.3,287.6,-67.8,355.4,190.9,2.8,208.6,2.8,1017.6,105.2,71.7,12,290.2,218.2,285.9,218.2
51_5_17,92.7,123,36.1,7721.4,259.5,-76.6,336.1,171.6,-10.9,188.6,-10.9,1147.6,112.5,81.1,10.5,318.4,245.1,310.1,245.1
51_5_22,95.1,125.5,36.3,7820.5,264.5,-76.2,340.7,174.8,-10.1,192,-10.1,1158,113.6,83.2,9.5,319.3,251,311.1,251
51_5_30,113,137.5,38.2,7949.3,291.3,-62.6,353.9,194.5,6.8,212.6,6.8,1002.1,102.7,69.6,12,285.2,212.1,280.8,212.1
51_5_51,122.8,137.8,38.6,7928.7,301.1,-52.2,353.3,203.9,17.7,222.8,17.7,1007,101.8,67.9,12,283.9,210.8,277.8,210.8
51_5_54,108.3,134,37.8,7884.8,283.6,-66.1,349.7,189,2.6,206.5,2.6,1018.8,103.7,71.9,11.7,288.9,217,283.6,217
51_5_74,114.6,131.5,37.5,7877,289.5,-57.6,347.1,195.6,10.1,213.9,10.1,1068.3,104.9,73.6,10.7,294.7,226.6,286.1,226.6
51_5_81,111,132,37.4,7874.8,285.9,-60.9,346.8,191.9,6.2,209.6,6.2,1060.1,104.8,74.5,10.8,294.4,224.9,287.5,224.9
51_5_84,107.7,134.8,37.9,7930.4,284.2,-67.4,351.6,188.6,1.5,206.6,1.5,1056.1,106.5,74.3,11,296.5,225.6,290.3,225.6
51_5_94,103.4,129.4,37.2,7819.7,275.6,-68.2,343.8,183.4,-0.9,200.9,-0.9,1074.2,106.2,75.9,10.5,299.4,228.7,293.1,228.7
51_71_17,91.2,120.5,36.1,7606.2,253.6,-76.4,330,168.9,-11.1,185.4,-11.1,1097.7,110.7,76.4,11.2,313.5,233.5,299.8,233.5
51_71_22,94.8,121.3,36.1,7602.5,258.1,-73.3,331.4,172.4,-7.5,189.4,-7.5,1063.7,109.1,74.2,12,307.5,227.8,292,227.8
51_71_25,92.7,119.7,35.8,7566.9,254.2,-74.7,328.9,169.8,-8.9,187.1,-8.9,1089.6,110.3,76.2,11.6,313.7,233.6,297.1,233.6
51_71_45,101.6,128.3,37.3,7678.1,270.9,-69,339.9,179.6,-1.7,197.7,-1.7,1012.5,103.1,69.1,12.3,290.3,211.2,280.1,211.2
51_71_52,93.3,122.5,36.2,7655,257.8,-76,333.8,171.2,-9.9,188.2,-9.9,1074.7,109.8,74.7,11.8,308.2,228.4,296.1,228.4
51_71_87,103.1,127.3,37.1,7646.6,271,-67.1,338.1,181.3,13.6,198.8,1,994.5,103.8,69.3,12.3,290.5,212.8,276.3,212.8
51_71_9,101.3,126.1,37,7636.3,267.8,-68.7,336.5,179.7,1,196.8,-0.8,1009.5,104.9,70,12.2,294.3,215.7,279.4,215.7
51_77_28,106.6,133.6,38.8,7528.5,275.2,-64,339.2,182.9,7.5,200.7,5.8,1072.9,108.7,71.3,12.1,308.4,225.6,291.1,225.6
51_77_84,87.8,114.5,35.8,7236.3,241.3,-73.4,314.7,161.5,-6,178.1,-9.4,1333.4,130.5,92.9,10,375.6,288.4,359.8,288.4
51_79_1,89.6,111.3,32.5,7980.2,254.4,-81.1,335.5,108.2,-17.5,188.8,-17.5,1212.9,117.7,79.4,13,340.2,245.8,323.7,245.8
51_79_12,88.2,110.2,32.3,7993.3,252.3,-82.8,335.1,113.7,-19.3,187.6,-19.3,1213.5,118,79.2,13,341.7,244.8,324.4,244.8
51_91_15,95.5,129.7,36.4,7908.8,269.3,-80,349.3,175.5,-10.8,194,-10.8,1059.7,106,71.4,11.3,297.8,220.8,290.3,220.8
51_91_77,89.3,123.2,35.6,7868.3,259.6,-83.2,342.8,169,-16.3,187.1,-16.3,1140.6,110,78.4,9.7,312.4,242.5,303,242.5
51_91_85,79.8,118.4,34.5,7879.8,245.4,-93.3,338.7,159.8,-26.9,176.7,-26.9,1271.7,124.4,90.7,8.6,351,282.2,341.2,282.2
51_91_87,90.6,127,36.1,7910.1,262.1,-84.5,346.6,170.7,-16,188.5,-16,1160.2,116.3,81.1,9.9,324,252.6,316.1,252.6
51_91_90,93.8,128.5,36.5,7913.6,266,-81.8,347.8,173.9,-13.1,191.5,-13.1,1156.1,116.7,81,10.1,323.4,251.5,315,251.5
51_9_75,96.6,117.9,34.8,7802.3,262.9,-72,334.9,105.5,-7.4,194.2,-7.4,1248.2,122.4,86.6,10.3,341.5,269.3,315.5,269.3
51_9_93,92.4,116.1,34.5,7786.6,257.9,-74.9,332.8,101.7,-11.2,190.2,-11.2,1270.6,124.4,88.4,10,347.6,273.9,320.9,273.9
54_101_1081,86.25,121.5,35.3,7876,249.2,-90.05,339.25,166.35,91.6,181.8,-21.1,1428.5,149.9,103.4,11,404.4,322.15,396.6,329
54_101_1632,89.05,123.4,35.8,7882.45,253.45,-87.6,341.05,169.15,88,184.7,-18.75,1390.45,148.95,98.85,11.95,399.45,311.8,393.8,314.35
54_101_1753,81.05,116.1,34.25,7860.75,240.6,-93.6,334.2,161.25,92.25,175.95,-26.1,1514.4,154.65,110.85,10.1,422.4,342,412.9,355.6
54_101_1823,81.7,117.7,34.55,7846.05,242.9,-92.4,335.3,161.7,92.75,177.05,-25.45,1425.45,148.8,103.55,10.85,404.55,321.85,396.55,326.3
54_101_2201,89.2,123.3,35.75,7881.7,253.9,-87.25,341.15,169.15,99.9,185.45,-18.2,1391.35,149.8,98.55,12.1,401.1,312,395.45,313.75
54_101_2438,87.55,121.2,35.1,7882.85,249.9,-89.2,339.1,167.65,92.55,182.8,-20.2,1445.85,153.8,103.3,11.9,413.35,324,406.6,330.55
54_101_2463,92.9,126.9,36.2,7897.65,260.3,-84.6,344.9,173.2,8.85,189.7,-14.65,1344.75,146.9,94.1,12.95,391.2,299.45,386.6,299.45
54_101_314,85.1,120.65,35.25,7863.4,247.9,-90.8,338.7,165.15,89.9,180.55,-22.15,1411.65,148.6,101.95,11.25,401.75,318.25,394.35,322.65
54_101_517,84.9,120.2,35.05,7869.35,247.4,-90.85,338.25,164.9,96,180.75,-22.4,1441.35,151.25,104.4,11.05,408.75,324.05,401.15,331.85
54_101_5873,92.8,125.4,36.2,7901.1,258.3,-85,343.3,173.4,56.2,189,-14.7,1405.8,152.7,98.3,12.4,406.6,314,401.3,315.7
54_101_5876,85.5,119.9,35.1,7877.8,248,-90.6,338.6,166.1,84.5,181.1,-21.9,1454.7,153.6,104.8,11.4,414.3,326.7,407,333.6
54_101_5878,88.4,123.2,35.6,7884.7,252.7,-88.6,341.3,168.4,75.5,184.3,-19.3,1400.2,149.3,99.9,11.8,400.9,314.3,394.5,318
54_101_5879,85.9,121.3,35.4,7874.6,248.8,-90.1,338.9,166.4,85,181.7,-21.5,1425.1,149.8,103,11.2,404.1,321,396.5,327.4
54_101_5880,84.6,119.9,35.2,7866.6,247,-90.5,337.5,164.8,95.3,180.3,-22.8,1413.9,148.7,101.7,11.4,402.5,318.8,395.3,322.8
54_101_5881,83.5,119.5,34.9,7864,245.7,-91.7,337.4,163.6,82.4,179.4,-23.6,1418.6,148.5,102.7,10.9,402.8,320.3,395,324.6
54_101_5882,92.9,126.9,36.3,7895.9,259.9,-85,344.9,172.9,44.1,189.4,-14.7,1348.5,147.1,94.3,12.9,391.8,300.6,387,300.8
54_101_5890,94.9,127.8,36.5,7914.7,262.6,-83.4,346,175,-1,191.5,-12.8,1360.6,149.6,93.9,13.5,397.5,301.4,393.8,301.5
54_101_5891,96.7,128.7,36.5,7915,265.5,-82,347.5,177,-11,193.6,-11,1352.9,149.9,92.4,14,397.5,297.2,394.5,297.2
54_101_5892,91,125,36,7886.5,257.2,-85.9,343.1,171.1,54.2,187.5,-16.6,1368.1,148.6,96.3,12.9,396.6,306,391.7,306.7
54_101_5895,79.8,116.2,34.1,7849.7,240.8,-94,334.8,160,90.5,175.1,-27.2,1436.9,147.7,105.3,10.1,404.4,326.6,395.2,330.7
54_101_6206,93.9,127.3,36.2,7908.1,261.2,-84.4,345.6,174.5,33.5,190.5,-13.7,1373.2,150,95.5,12.9,399.6,304.6,394.8,306.2
54_101_6207,81.2,117.6,34.5,7847.8,242.6,-92.9,335.5,161.2,92.2,176.5,-26.1,1421.3,147.9,103.6,10.7,402.7,321.6,394.4,325.4
54_101_6209,95.2,128.1,36.5,7914.5,263.1,-83.1,346.2,175.4,-12.4,191.9,-12.4,1358.7,149.6,93.6,13.5,397.3,300.7,393.5,300.7
54_101_689,83.7,119.85,35.05,7863.75,246.35,-91.4,337.75,163.75,94.35,179.4,-23.45,1399.25,145.8,101.5,10.6,396.1,317.15,388.15,320.1
54_101_705,85.8,121.25,35.2,7873.7,248.95,-90.3,339.25,166.1,78.85,181.35,-21.5,1422,149.15,102.7,11.05,403,320.6,395.6,326.45
54_101_8492,84.6,119.7,35.1,7873.7,246.4,-91.1,337.5,164.6,95.8,179.8,-23,1449.4,151.1,105.3,10.6,408.9,327,400.8,335.1
54_101_8493,91.6,125.1,35.8,7892.3,257.6,-86.1,343.7,171.8,55,187.8,-15.9,1397.1,151.1,98.2,12.6,404,311.8,398.5,314.5
54_101_8495,88.2,123,35.4,7889.8,252.2,-88.7,340.9,168.2,63.3,183.8,-19.6,1404.5,148.7,100.7,11.3,400.1,316.4,393.2,320.6
54_101_8496,89.1,123.8,35.7,7890.3,254,-88,342,169.2,99.6,184.9,-18.7,1380.3,147.4,98.3,11.8,396,310.5,390,312.8
54_101_8497,80,116.6,34.4,7847,240.4,-93.9,334.3,160,90.8,175.2,-27.2,1444.5,148.9,105.8,10,406.8,327.5,397.8,332.9
54_101_8498,86.4,122.1,35.5,7868.5,250.4,-89.2,339.6,166.6,85.2,182.4,-21.1,1383.5,146.4,99.6,11.6,395.4,311.5,388.4,314.3
54_101_8499,80.3,117.2,34.6,7837.3,241.4,-93.5,334.9,160.6,91.4,175.5,-26.5,1434.4,148.5,104.8,10.2,405.1,325.3,396.2,329.9
54_101_8508,98.7,130.8,37,7926,268.9,-80.2,349.1,179.2,-9,196,-9,1327.3,148.3,89.7,14.2,392.6,289.3,389.7,289.3
54_101_8820,81.7,116.5,34.4,7866.5,241.5,-93.2,334.7,161.9,93,176.8,-25.5,1508.7,154.4,110.3,10.1,421.3,340.2,412.2,353.8
54_101_8822,88.5,122.8,35.5,7877.6,252.5,-88,340.5,168.5,98.8,184.3,-18.9,1403.2,150.3,99.9,12,403.1,314.9,397.3,317.9
54_101_963,94.75,128.15,36.3,7914.1,262.35,-83.85,346.2,175.1,10.6,191.3,-13.05,1361.95,149.05,94.5,13,396.35,302.1,392,303
54_23_2064,87.7,126.05,35.7,8007.4,261.45,-86.95,348.4,169,-20.05,187,-20.05,1143.95,114.9,76.15,12.4,332.05,241.15,325.85,241.15
54_23_2193,89,126.45,35.9,7976.25,263.05,-85.7,348.75,169.85,-18.5,187.9,-18.5,1112.4,111.9,73.75,12.7,323,231.35,317.55,231.35
54_23_2282,97.75,131.95,36.7,8044.55,275.55,-79.25,354.8,179.25,-10.1,197.95,-10.1,1030.35,106.7,66.1,14.55,305.25,207.35,301.1,207.35
54_23_292,81.8,123.05,35,7993.7,254.15,-91.9,346.05,163.15,-25.7,180.45,-25.7,1200.55,118.5,81.5,11.25,345.05,258.6,337.4,258.6
54_23_4051,79.5,121.1,34.9,7960.5,250.2,-93.6,343.8,160.5,-27.7,177.8,-27.7,1222.9,119.6,83.7,10.7,348.8,265.3,340.7,265.3
54_23_4052,96.6,131.4,36.7,8036.2,274,-79.9,353.9,178,-11.2,196.6,-11.2,1039.1,107.4,66.9,14.4,307.4,209.9,303.1,209.9
54_23_4054,88.6,126.5,36,7968.5,262.3,-86,348.3,169.3,-18.5,187.4,-18.5,1131.3,113.9,75.2,12.3,328.6,237.9,322.8,237.9
54_23_4055,99.4,133,37,8041.2,277.4,-77.5,354.9,181,-8.4,199.6,-8.4,1033.9,108,66.2,14.8,307.3,208.4,303.6,208.4
54_23_6676,95.5,130.6,36.5,8031.8,272.4,-80.7,353.1,176.9,-12.3,195.5,-12.3,1051.3,108,68.1,14,309.8,213.7,305.3,213.7
54_25_1173,101.8,136.15,37.95,7967.55,277.75,-75.4,353.15,182.75,-5.15,200.75,-5.15,1073.1,110.9,76.25,11.5,305.2,234.7,300.2,234.7
54_25_125,95.35,132.5,37,7944.05,268.15,-82.3,350.45,175.8,-12.25,193.35,-12.25,1156.05,119.55,82.55,11,326.65,257.1,320.65,257.1
54_25_1274,93.75,128.5,36.65,7901.05,265.05,-80.6,345.65,173.7,-12.65,191.5,-12.65,1170.55,117.65,84.1,9.8,325.9,258.95,317.95,258.95
54_25_1285,92.9,128.8,36.6,7912.55,263.8,-82.8,346.6,173.2,-14.05,190.55,-14.05,1183.95,120.1,85.25,9.8,330.9,263.15,323.5,263.15
54_25_1303,95.75,132.5,37.35,7929.25,268.4,-81.1,349.5,175.85,-11.35,193.75,-11.35,1140.45,117.5,81.65,10.85,322.35,252.75,316.35,252.75
54_25_1331,95.95,130.65,37.2,7876.35,267.65,-78.4,346.05,176.15,-10.05,193.3,-10.05,1108.85,113.35,79.55,10.8,313.85,243.15,307.95,243.15
54_25_1389,99.35,135.05,37.95,7929.8,273.8,-77.9,351.7,179.8,-7.4,197.5,-7.4,1079.2,112.65,77,11.9,308.85,237.65,304.5,237.65
54_25_1561,89.7,124.8,36.1,7861.3,257.7,-83.6,341.3,169.3,-16.3,186.2,-16.3,1214.6,121.3,88,9.2,336.1,269.7,328,269.7
54_25_1597,98.3,133,37.3,7939.45,272.4,-78.45,350.85,179.1,-8.55,196.7,-8.55,1116.8,114.2,79.75,10.8,314.6,245.4,308.45,245.4
54_25_1716,98.55,134.1,37.65,7934.5,271.95,-78.85,350.8,178.85,-8.6,196.65,-8.6,1098.85,114.95,78.5,11.75,314.45,242.6,309.85,242.6
54_25_2137,91.85,128.85,37,7868.55,261.35,-83.5,344.85,171.55,-14.65,188.85,-14.65,1170.5,120.55,84.3,10.85,331.4,260.7,325.3,260.7
54_25_2233,99.75,136,37.95,7938.25,274.15,-78.1,352.25,179.85,-7.3,197.75,-7.3,1079.9,114,76.9,12.2,310.95,238.5,307.15,238.5
54_25_2330,96.1,130.3,37.05,7922.5,268.9,-79.15,348.05,176.75,-10.5,194.1,-10.5,1142.5,115.4,81.85,10.1,319.1,251.65,312.15,251.65
54_25_2489,99.15,135.25,37.95,7976.95,274.35,-78.95,353.3,180,-8.2,198.05,-8.2,1113.4,115.1,79.05,10.95,314.95,245.5,309.45,245.5
54_25_2514,99.15,135.45,37.8,7968.15,274.45,-79.1,353.55,180,-7.9,198.05,-7.9,1105.5,115.45,78.55,11.75,315.2,243.75,310.2,243.75
54_25_369,95.8,130.6,37,7862.3,267.8,-78.7,346.5,175.8,-10.1,193.5,-10.1,1104.9,113,79.4,10.9,312.9,242.3,306.8,242.3
54_25_4060,76.6,114.4,34,7806.3,236,-95.4,331.4,156.2,-29.7,171.4,-29.7,1404.2,142.8,103.4,9.9,394.1,320.6,384,320.6
54_25_4061,81.4,117.8,34.8,7839.2,243.1,-92.9,336,161.5,92.1,177.1,-25.3,1410.2,146.6,102.5,10.8,399,319.6,390.9,322.8
54_25_4063,81,117.5,34.6,7833,242,-92.7,334.7,160.3,91.4,176.1,-26,1396.2,144.5,101.8,10.5,394.7,317.4,386.2,319
54_25_4078,88.1,123.8,35.9,7859.9,255.5,-85.1,340.6,167.6,-18,184.6,-18,1231.5,122.3,89.3,9,340.4,274.1,331.5,274.1
54_25_4079,90.5,127.4,36.3,7894.3,259.8,-85.1,344.9,170.8,-16.4,187.5,-16.4,1210.9,123,87.6,10,338.7,271,331.3,271
54_25_4080,96.6,132.6,37.2,7953.7,269.9,-81.1,351,176.7,-11.4,194.3,-11.4,1150.5,118.3,82.3,10.7,323.4,255.1,317.1,255.1
54_25_4081,97.4,132.3,37.4,7944.5,271.1,-79.2,350.3,178.2,-9.7,195.8,-9.7,1139.3,116.1,81,10.4,319.3,250.8,312,250.8
54_25_4082,96,132.8,37.4,7952,268.5,-81.8,350.3,176.6,-11.7,193.9,-11.7,1148.7,118.7,82,10.9,324.7,255.3,318.8,255.3
54_25_4083,98.1,134.1,37.4,7952.6,272.7,-79.6,352.3,178.7,-9.1,196.5,-9.1,1121.9,115.2,79.9,10.7,316.4,247.3,310.3,247.3
54_25_4085,99.6,135.4,37.9,7969.5,274.7,-78.4,353.1,180.3,-7.8,198.3,-7.8,1106.2,114.4,78.7,11,313.4,243.8,307.7,243.8
54_25_4087,96,131.2,37.3,7907.3,267.9,-79.1,347,176.3,-10.5,193.9,-10.5,1131.2,115.3,81.3,10.5,318.2,249.4,311.6,249.4
54_25_4091,97.3,134.8,37.7,7974,271.1,-81.4,352.5,178.1,-10.4,195.6,-10.4,1144.8,120.1,81.4,11.4,326.6,254.1,321.6,254.1
54_25_4092,93.9,131,37.1,7926.7,265.5,-82.8,348.3,174.1,-13.3,191.7,-13.3,1164.3,120.4,83.5,11,329.5,259,323.6,259
54_25_4093,93.4,130.6,37,7896,264.5,-82.9,347.4,173.5,-13.6,190.6,-13.6,1160.7,120.5,83.6,11,329.7,258.8,324.3,258.8
54_25_4095,103.2,137.5,38.3,7971.1,279.7,-74.8,354.5,184,-3.6,201.9,-3.6,1061.6,111.4,75,11.7,304.4,232.1,299.9,232.1
54_25_4096,95.6,131.5,37.4,7883,267,-80.6,347.6,175.4,-11.2,192.7,-11.2,1113.5,115.5,80.1,11.3,317.6,246.4,312.4,246.4
54_25_4101,102.2,138.5,38.4,7996.1,278.4,-78.2,356.6,183,-5.7,200.8,-5.7,1096.1,116.6,77.2,12.4,315.7,241.4,311.7,241.4
54_25_4138,99.1,133.8,37.7,7927.3,273.1,-77.5,350.6,179.7,-7.3,197.6,-7.3,1095,112.2,78,11.1,309.6,240.2,304.4,240.2
54_25_4140,99.1,133.6,37.7,7915.1,273,-76.8,349.8,179.6,-7.5,197.2,-7.5,1080.1,111.7,77.2,11.1,307.4,236.8,302.5,236.8
54_25_509,82.05,118.55,34.85,7840.45,243.7,-92,335.7,161.8,92.4,177.55,-24.8,1398.95,145.35,101.8,10.65,396.05,317.1,387.9,319.95
54_25_6684,80.7,117.6,34.4,7841.3,242.6,-92.8,335.4,160.6,91.1,176.2,-25.9,1395.2,143.8,102,10.4,393.5,318.1,384.5,319.2
54_25_6686,84.1,120.6,35.1,7843.9,246.9,-90.7,337.6,163.8,94.8,179.7,-22.7,1369.9,143.8,99.1,11.1,390,309.8,382.6,311.3
54_25_6688,79.1,116.3,34.2,7819.7,239.4,-93.8,333.2,158.7,54.4,174.2,-27.5,1405.7,144.6,102.8,10.1,396.2,320.8,387.2,321.3
54_25_6702,93,129.3,36.8,7905.3,264,-82.7,346.7,173.1,-14.1,190.5,-14.1,1180.7,120.1,85,10.1,330.3,262.5,323.4,262.5
54_25_6704,92.2,129.1,37.2,7902.8,262.1,-83.9,346,172,-14.9,189.2,-14.9,1190,121.3,85.9,10.3,333.4,265.7,326.6,265.7
54_25_6705,97.9,133.7,37.3,7950.4,272.1,-79.7,351.8,178.3,-9.3,196.2,-9.3,1126.1,115.6,80.3,10.7,317.2,248.3,311.2,248.3
54_25_6706,94.3,129.1,36.8,7899.6,265.3,-81.1,346.4,174.4,-12.5,191.8,-12.5,1160.1,117.3,83.5,10,324.3,256.3,317.1,256.3
54_25_6708,96.9,133.4,37.5,7939.1,270.7,-80.3,351,177.5,-10.1,195.2,-10.1,1121.1,115.8,80.1,11,317.6,247.9,312.3,247.9
54_25_6709,95.9,130.9,37.1,7917.8,268.2,-79.9,348.1,176.6,-10.9,193.8,-10.9,1138.5,115.6,81.8,10.4,319.6,251.1,312.8,251.1
54_25_6710,103.1,137.5,38,7989.2,279.8,-75.3,355.1,183.7,-4.3,202.3,-4.3,1073.1,111.7,75.6,11.5,305.8,234.4,300.9,234.4
54_25_6714,95.4,132.4,37.5,7910.7,267.5,-81.5,349,175.2,-11.6,193.1,-11.6,1135.8,118.6,81.4,11.5,324.2,252.4,319.2,252.4
54_25_6716,96.1,132,37.6,7909.1,267.6,-80.6,348.2,176.2,-10.9,193.5,-10.9,1129.2,116.9,80.8,11.4,321.1,250.2,315.6,250.2
54_25_6723,96.3,133.5,37.6,7944.4,269.3,-81.7,351,176.3,-11,194.2,-11,1136.2,119.2,81,11.8,324.9,252.4,320.2,252.4
54_25_6730,98,134.8,38,7934.5,272.2,-79.4,351.6,178.4,-9,196.4,-9,1100.3,116.3,78.3,12,316.4,243.5,312.5,243.5
54_25_6762,97.3,131.8,37.3,7906.6,270,-78.3,348.3,177.7,-9.2,195.3,-9.2,1109.3,113.3,79.5,10.8,313.3,243.8,307.4,243.8
54_25_6763,101.5,135.7,38,7947.4,276.9,-75.7,352.6,182,-4.9,200.6,-4.9,1057.5,109.8,75.3,11.8,302.2,231.3,297.7,231.3
54_25_6764,98.4,132.9,37.6,7902.7,271.7,-77.2,348.9,179,-8,196.4,-8,1086.7,112,77.8,11,308.8,238.2,303.6,238.2
54_25_6766,98.8,133.1,37.6,7886.2,272.2,-76.5,348.7,179.4,-7.1,196.8,-7.1,1075.7,110.9,77.2,11.6,306.1,235.5,301.1,235.5
54_25_6768,97.9,131.4,37.4,7880.8,270.1,-77,347.1,178.2,-8.4,195.8,-8.4,1081.1,110.8,77.8,11.3,307,236.3,302,236.3
54_25_865,93.7,129.75,37.1,7864.95,263.95,-81.55,345.5,173.45,-12.5,190.6,-12.5,1128.55,116.6,81.35,11.1,321.45,249.55,315.8,249.55
54_27_2028,105.6,132.15,35.35,8396.35,289.8,-78.05,367.85,191.3,-6.6,210.9,-6.6,925.6,94.2,57.1,16.05,276.6,174.45,271.1,174.45
54_27_4202,106.1,132.6,35.6,8396.6,290.6,-77.7,368.3,191.7,-6.3,211.5,-6.3,921.9,93.9,57,16.1,275.7,173.8,270.3,173.8
54_31_1316,99.05,126.7,34.6,8330.2,278.65,-81.8,360.45,183.9,-12.95,203.4,-12.95,972.8,98.6,60.35,15.35,287.5,185.55,280.65,185.55
54_31_1361,96.35,126.2,34.9,8209.35,273.7,-82.95,356.65,179.8,-14.2,198.5,-14.2,991.9,100.1,61.5,15.45,291.15,190.05,284.95,190.05
54_31_1366,95.15,127,35.25,8162.1,272.45,-83.2,355.65,178.4,-14.45,196.65,-14.45,991.1,100.3,61.5,15.35,291.55,190.6,285.4,190.6
54_31_1618,102.05,131.55,35.55,8287.45,283.8,-79.9,363.7,186.45,-8.95,205.5,-8.95,940.25,95.9,57.8,16.45,280.1,177.9,274.85,177.9
54_31_1695,98.85,127.65,34.9,8261.9,278.15,-81.75,359.9,183,-12.15,201.8,-12.15,973.3,98.7,60.35,15.65,287.6,185.75,281.35,185.75
54_31_2154,98.3,129.2,35.6,8225.05,278,-81.8,359.8,182.25,-11.8,201.15,-11.8,963.95,97.85,59.5,15.85,285.6,183.65,280.1,183.65
54_31_229,88.5,119.1,33.65,8193.75,261.6,-88.15,349.75,171.75,-21.95,190.3,-21.95,1061.45,106.15,67.2,14.1,306.9,207.35,298.3,207.35
54_31_2466,93.4,125.35,34.9,8141.85,269.6,-84.25,353.85,176.15,-16.2,194.35,-16.2,1010.3,101.55,63.25,14.9,295.75,195.3,289.45,195.3
54_31_395,95.95,127.5,35.2,8124.95,273.2,-82.2,355.4,178.8,-13.3,197.15,-13.3,990.3,100,61.45,15.35,290.9,190.55,285.7,190.55
54_31_4251,100.2,128.9,35.2,8301,280.6,-81.1,361.7,184.8,-10.9,204.2,-10.9,962.5,97.5,59.6,15.8,284.8,183.1,278.9,183.1
54_31_4259,93,122.5,34.3,8243.5,268.8,-85.3,354.1,176.8,-18.2,195.4,-18.2,1020.8,103,63.8,14.6,298.4,197.2,290.4,197.2
54_31_4261,98.1,128.4,35.1,8228.6,277.4,-82.2,359.6,181.9,-12.3,200.7,-12.3,968.4,98.2,59.7,15.6,286.2,184.6,280.6,184.6
54_31_4264,98.4,129.3,35.4,8185.6,277.6,-81,358.6,181.8,-11.6,200.3,-11.6,966.9,98.1,59.9,15.9,286,185,280.9,185
54_31_4292,91.3,123.8,34.8,8101,266.3,-84.8,351.1,174,-17.3,192.2,-17.3,1032.1,103,64.9,14.6,299.6,201.2,293.5,201.2
54_31_6880,100.5,129.3,35.2,8271,280.7,-81,361.7,184.6,-10.5,203.6,-10.5,959,97.4,59.2,15.9,284.2,182.5,278.5,182.5
54_31_6883,100.6,130.5,35.6,8254.2,281.4,-80.7,362.1,184.6,-9.8,203.7,-9.8,952,96.9,58.6,16.1,282.5,180.7,277.3,180.7
54_31_6886,95.6,126.1,35,8182.5,272.8,-83.1,355.9,179,-14.4,197.6,-14.4,995.6,100.4,62,15.3,292,191.4,285.9,191.4
54_31_6903,101.5,131.9,36,8199.4,282.1,-78.9,361,185.2,-8.6,203.6,-8.6,946.3,96.3,57.3,16.3,281.4,178.6,277.5,178.6
54_31_6911,95.4,126.8,35.4,8148.1,271.9,-82.6,354.5,178.1,-14.3,196.8,-14.3,997.6,100.8,61.9,15.3,293,192,287.1,192
54_31_6915,101,131.1,36.3,8118.6,280.1,-77.4,357.5,183.8,-7.9,202.4,-7.9,956.5,97.3,58.3,16.2,282.7,181.8,279,181.8
54_31_990,99.55,128.15,35,8301.85,279.45,-81.65,361.1,184.2,-11.55,203.45,-11.55,966,97.9,59.85,15.9,285.8,183.75,279.6,183.75
54_63_1177,101.7,129.2,37.3,7757.7,272.5,-69.7,342.2,180.6,-2.3,198.8,-2.3,1025.5,103.8,71.2,11.9,291.9,215.8,284,215.8
54_63_2467,93.25,123.5,36.35,7655.8,258.65,-75.85,334.5,171.15,-9.55,188.5,-9.55,1082.3,108.85,75.45,11.3,307.8,228.85,296.8,228.85
54_63_307,94.8,124.7,36.75,7670.8,261.3,-74.65,335.95,172.8,-8.25,189.9,-8.25,1080,108.1,75,11.1,305.7,227.45,295.85,227.45
54_63_385,102.8,130.5,37.6,7764.1,274,-69.1,343.1,181.9,-1.3,199.5,-1.3,1009,103.5,70.2,11.8,289.1,212.8,281.8,212.8
54_63_4952,107.9,133,38,7808.1,281.4,-65.4,346.8,186.9,3.1,205.3,3.1,981,100.9,68,12,281.6,206.1,275.1,206.1
54_63_4956,99.6,128,37.2,7709.8,268.6,-70.8,339.4,178.1,-3.7,195.7,-3.7,1035.5,104.6,71.5,11.8,294.9,217.3,285.9,217.3
54_67_2232,89.75,124.7,35.75,7876.5,255.45,-87.2,342.65,169.5,35.25,185.95,-17.5,1338.85,144.1,95,12.1,386.4,299.95,381.1,300.25
54_67_2268,92.4,126.75,36.05,7880.7,259.85,-84.75,344.6,172.75,-15.1,188.9,-15.1,1334.3,145.55,93.2,13.1,388.15,296.55,384.1,296.55
54_67_5049,89.6,124.6,35.9,7874.1,255.4,-87.1,342.5,169.5,64.9,185.9,-17.4,1341.7,144.2,95.3,12,387,301.2,381.6,301.6
54_67_5051,93.4,126.8,36.2,7899.4,261.1,-83.9,345,173.5,-13.9,190.4,-13.9,1328.4,145.8,92.5,13.3,388.1,294.1,384.2,294.1
54_67_5052,90.8,125.7,36,7877.3,257.8,-85.9,343.7,171.5,-16.3,187.5,-16.3,1344.8,145.9,94.6,12.8,390.1,300.5,385.3,300.5
54_67_5053,99.1,130.9,37,7918.9,270.1,-79.3,349.4,179.1,-8.4,196.8,-8.4,1280.7,143.7,87.1,14.6,379.6,278.3,377.4,278.3
54_67_5054,93.8,127.6,36.2,7888.5,262.2,-83.6,345.8,174.2,-13.2,190.6,-13.2,1309.5,144,90.9,13.4,383.2,288.9,379.7,288.9
54_67_5055,91.8,126.1,36.2,7881.2,259.1,-85,344.1,172.1,8.2,188.5,-15.4,1318.2,143.4,92.5,12.7,383.2,293.2,378.9,293.2
54_67_7673,88.2,122.9,35.7,7884.1,252.6,-87.6,340.2,168.2,63.2,184.3,-19.6,1375,147.2,97.8,12,395.6,308.5,389.8,310.3
54_67_7677,96.4,129,36.6,7913.8,265.1,-81.7,346.8,176.5,-11.2,193.4,-11.2,1311.7,145.1,90.4,13.9,385.4,288.1,382.2,288.1
54_67_7678,92.4,126.8,36.2,7884.7,260,-84.7,344.7,172.7,-14.9,189.1,-14.9,1334.2,145.5,93.2,13,388.2,296.6,383.9,296.6
54_67_8764,92,126,36,7888.6,259.1,-85,344.1,172.2,-15.5,188.6,-15.5,1325.2,144.7,92.5,13.1,386.2,294,381.8,294
54_67_888,96.65,129.1,36.45,7916.4,265.75,-81.5,347.25,176.85,-11.1,193.85,-11.1,1309.5,145.3,89.65,13.95,385.4,286.85,382.55,286.85
54_71_1141,67.75,112,32.8,7937.25,231.85,-103.25,335.1,148.3,-39.9,165.05,-39.9,1352.75,128.85,95.5,8.6,377.75,300.65,367.2,300.65
54_71_1163,91.9,125,35.5,7918.55,264.05,-82,346.05,172.15,-14.25,190.6,-14.25,1055.1,104.35,69.4,12.4,298,213.7,292.25,213.7
54_71_1176,99.3,132.95,37,7975.15,276.35,-77.15,353.5,180.35,-7.6,198.95,-7.6,999.45,104.55,63.25,14.75,296.45,197.5,293.5,197.5
54_71_1217,102.1,133.05,37.1,7958.6,279.6,-74.4,354,183,-4.35,201.4,-4.35,948,98.65,58.95,16.1,279.25,181.25,277.2,181.25
54_71_1228,102.05,132.95,37.05,7936.15,278.95,-74.25,353.2,182.65,-4.3,201.25,-4.3,959.25,99.1,60.4,15.05,279.2,186.05,276.4,186.05
54_71_1326,84.45,122.45,35.1,7946,254.2,-89.15,343.35,164.85,-22.7,182.5,-22.7,1199.1,119.65,81.5,11,344.3,259.2,337.95,259.2
54_71_1349,71.3,112.5,33,7906.95,233.9,-100.3,334.2,151.65,-35.75,168.15,-35.75,1335.7,128.4,94.7,8.55,371.2,297.25,361.7,297.25
54_71_165,91.4,125.8,35.5,7976.65,265.45,-82.9,348.35,172.9,-15.5,191.1,-15.5,1038.2,103.6,67.2,13.7,300.05,205.8,295.3,205.8
54_71_1729,90.05,124.5,35.45,7941.95,260.1,-85.55,345.65,170.25,-16.85,188.35,-16.85,1100.35,111.75,73.3,11.6,315.05,229.85,309.95,229.85
54_71_1765,74.85,114,33.25,7913.35,238.45,-97.6,336.05,155.1,-31.85,172.15,-31.85,1306.55,127.05,92.55,8.7,363.65,290.15,354.9,290.15
54_71_1785,82.7,118.3,34.4,7903.95,250.45,-89.25,339.7,163.2,-23.6,180.8,-23.6,1149.9,110.6,77.8,10.95,319.8,238.9,311.95,238.9
54_71_2071,87.2,121.85,35.05,7920.4,257.75,-85.7,343.45,167.65,-19.15,185.95,-19.15,1092.55,106.85,72.45,12,308.15,222.35,302.05,222.35
54_71_2120,73.2,112.85,33.35,7926.65,236.75,-98.65,335.4,153.7,-33.7,170.6,-33.7,1296.2,125.15,91.2,8.9,361.45,285.35,352.15,285.35
54_71_2297,99.25,130.85,36.55,7937.9,275.05,-76.15,351.2,180.1,-6.9,198.25,-6.9,975.55,99.9,61.85,14.75,283.4,189.9,279.95,189.9
54_71_2314,80.8,117.7,34.15,7920.55,246.4,-93.25,339.65,160.85,-26.25,178.4,-26.25,1220.5,120.25,85.15,9.55,341.55,266.35,333.9,266.35
54_71_2418,101.9,132.9,37,7930.4,278.3,-74,352.3,182.8,-4.1,201,-4.1,975.6,100.2,62.4,14.2,281.7,192.2,278.1,192.2
54_71_2425,71.8,114.4,33.5,7926.4,237.25,-99.9,337.15,152.15,-35.5,169.2,-35.5,1320.4,126.7,92.85,9.1,370.1,293.4,360.6,293.4
54_71_261,73.45,113.85,33.2,7928.15,237.8,-98.5,336.3,153.9,-33.8,170.95,-33.8,1296,125.15,91,9.05,362.65,285.9,353.45,285.9
54_71_2821,97.2,131.3,36.9,7944.8,273.1,-79,352.1,178.1,-9.1,196.4,-9.1,1007.6,104.9,63.9,14.6,297.2,199.4,294,199.4
54_71_494,95.35,128.5,36.5,7896.8,269.1,-79.05,348.15,175.5,-10.45,194,-10.45,1034.6,103.25,68.4,12.4,292.4,210.1,286.45,210.1
54_71_5084,93.3,129,36.3,7988.8,268.6,-82.7,351.3,174.6,-13.8,192.7,-13.8,1063.8,109,69.2,13.4,312.1,216.8,307.6,216.8
54_71_5085,101.5,133.9,37.2,8025.5,280.2,-75.9,356.1,183.1,-5.8,201.8,-5.8,983.8,103.2,61.8,15.4,293,192.9,290,192.9
54_71_5087,100.5,133.5,37.1,7991.9,278.3,-76.4,354.7,181.9,-6.6,200.1,-6.6,991.8,103.9,62.4,15.3,294.7,194.9,292,194.9
54_71_5088,85,123.3,35.5,7948.3,255.7,-88.8,344.5,165.4,-22.2,183.4,-22.2,1175.8,117,79.3,11.5,337.8,251.1,331.7,251.1
54_71_5089,84.2,122.4,35,7954.3,253.9,-89.5,343.4,164.8,-22.7,182.6,-22.7,1198.6,119.4,81.6,10.8,344,259.1,337.9,259.1
54_71_5095,95.3,128.6,36,7983.9,271.3,-79.9,351.2,177,-11.7,194.9,-11.7,999.4,101.4,63.5,14.6,291.5,195,287.7,195
54_71_5099,91.9,127.8,36.2,7959.1,265.6,-82.8,348.4,172.9,-14.9,190.6,-14.9,1090.2,111.4,71.4,13.1,318.6,224.9,314.3,224.9
54_71_5101,88.4,125.1,35.7,7933.2,260.1,-85.9,346,168.9,-18.3,186.7,-18.3,1100.7,110.7,72.4,12.4,318.1,227.3,312.8,227.3
54_71_5114,67.4,109.3,32.4,7894.9,228.3,-103.4,331.7,147.9,-39.4,163.9,-39.4,1381.7,131.6,98.9,8.3,381.5,309,370.6,309
54_71_5116,90,124.5,35.5,7933.2,261,-85.1,346.1,170.1,-16.5,188.6,-16.5,1066.7,107.8,70,12.3,306.6,218.1,301.9,218.1
54_71_5118,79.1,116.6,34,7920.9,245,-93.6,338.6,159.4,-27.5,177.2,-27.5,1202.6,117.1,83.2,9.8,336.6,258.3,328.6,258.3
54_71_5122,75.1,114.9,33.5,7915.5,239.7,-97,336.7,155.5,-31.9,172.5,-31.9,1276.8,124.1,89,9.3,358.5,280.5,349.8,280.5
54_71_5123,71.2,112.3,33,7915.5,234.4,-100.3,334.7,151.8,-35.9,168.4,-35.9,1335.1,128.4,94.7,8.6,371.2,297.2,361.7,297.2
54_71_5124,73.4,113.1,33,7911.3,237.1,-98.6,335.7,154,-33.2,170.8,-33.2,1313.3,127.2,93.2,8.9,365.9,291.9,356.6,291.9
54_71_5125,76.1,114.6,33.8,7923.8,239.9,-96.7,336.6,156.1,-30.9,173.4,-30.9,1284.1,125,90.5,9,358.3,283.7,349.6,283.7
54_71_5126,77.9,115.5,34,7918.5,241.9,-95.5,337.4,158.2,-28.9,175,-28.9,1270.7,124.9,89.3,9.1,355.1,280.4,346.9,280.4
54_71_5127,84.3,119.6,34.5,7932.7,251.3,-90,341.3,164.6,-22.8,182.1,-22.8,1164.7,116.5,79.6,10.6,330,249.3,323.7,249.3
54_71_5128,72.9,112.6,33.3,7894.9,235.3,-99.1,334.4,153.3,-33.6,169.8,-33.6,1335.4,128.7,95.3,8.2,369.3,298.2,359.7,298.2
54_71_5134,90.7,124.7,35.3,7927.5,262.5,-83.3,345.8,171.1,-15.7,189.2,-15.7,1053.2,104.6,68.8,13,300.4,211.3,295,211.3
54_71_5140,76.4,113.8,33.6,7880.8,240.9,-94.2,335.1,156.5,-29.6,173.9,-29.6,1224.9,115.6,84.4,10.1,336.4,259,327.2,259
54_71_525,86.1,121.3,34.85,7932.25,256.45,-87,343.45,166.55,-20.4,184.65,-20.4,1097.35,107.35,72.8,12.25,311.3,223,305,223
54_71_583,99.8,133.15,36.95,8004.45,277.5,-76.95,354.45,181,-7.6,199.65,-7.6,998.1,104.25,63.05,14.95,296.35,196.8,293.25,196.8
54_71_681,87.4,124.8,35.7,7952.5,259.5,-86.9,346.4,167.9,-19.4,185.7,-19.4,1135.9,114.2,75.6,11.8,328.6,239.2,322.9,239.2
54_71_7710,102.9,135.2,37.7,8053.9,282.4,-74.3,356.7,184.8,-4.9,203.7,-4.9,981.3,103.3,61.6,15.6,293.4,192.2,290.4,192.2
54_71_7711,95.7,130.4,36.8,7986.5,271.4,-80,351.4,176.9,-11.3,195.1,-11.3,1063.1,109.8,68.6,13.9,312.9,216.8,308.9,216.8
54_71_7712,89.7,127,36,7954.2,263.2,-84.5,347.7,170.7,-17,188.8,-17,1093.5,110.9,71.8,12.6,318,225.6,313,225.6
54_71_7716,76.7,116,33.9,7932.8,242.2,-96,338.2,156.9,-30.7,174.3,-30.7,1276.7,124.4,89,9.6,359.5,281.5,351.6,281.5
54_71_7718,99.7,131.5,36.5,8016.1,277.7,-77.4,355.1,181.5,-7.6,199.6,-7.6,968.6,99.7,60.9,15.8,286.2,186.7,283.2,186.7
54_71_7721,82.5,119.3,34.5,7939.2,251.4,-90.2,341.6,163.4,-24.2,181.3,-24.2,1132.6,109.7,75.9,11.9,320.2,232.6,312.8,232.6
54_71_7725,103,135.1,37.4,8006.1,281.6,-74.5,356.1,184.3,-4.3,202.8,-4.3,977.1,103.3,61.2,15.7,291.9,190.8,289.8,190.8
54_71_7727,82.2,120.5,34.6,7931.3,251.4,-91.4,342.8,162.4,-24.6,180.3,-24.6,1166.9,115,78.8,10.9,332.8,247.1,325.8,247.1
54_71_7738,94.3,128.1,36.4,7947,267,-81.5,348.5,174.4,-12.6,192.7,-12.6,1058.5,109.2,68.8,13.2,308.8,215.9,305.2,215.9
54_71_7742,74.7,113.8,33.5,7928.7,238.8,-97.7,336.5,154.9,-32.3,172,-32.3,1278.7,124,89.6,9.2,357.5,280.5,348.3,280.5
54_71_7749,76.3,115.4,33.6,7923.5,241.4,-96,337.4,156.8,-30.7,173.8,-30.7,1264.1,123.1,88.1,9.4,355.2,277.1,347.2,277.1
54_71_7751,72.7,112.8,33,7912.2,235.9,-99,334.9,153.2,-34.2,170,-34.2,1331.1,128.6,94.6,8.2,369.5,296.8,360.3,296.8
54_71_7754,85.2,121,34.8,7924,255.2,-87.8,343,166.2,-20.8,183.6,-20.8,1106.8,107.8,73.9,12,312.4,226.2,305.7,226.2
54_71_7756,101.3,132.1,36.8,7943.5,278.1,-75.3,353.4,181.9,-5,200.4,-5,955,99,59.9,15.8,280,183.8,277.7,183.8
54_71_7757,94.7,127.3,35.7,7931.3,268.6,-80.2,348.8,175,-11.5,193.6,-11.5,1014.1,102.3,65.4,13.7,291.5,200.4,287.5,200.4
54_71_7760,91.1,124.1,35.2,7921,262.5,-82.9,345.4,171.3,-15.2,189.3,-15.2,1054.5,104.2,69,13,299.1,212,293.9,212
54_71_7762,103.1,133.7,37.2,7924.2,280.5,-73.1,353.6,183.5,-3,202.5,-3,949.5,98.7,59.3,15.4,277.6,183.1,275,183.1
54_71_7765,95.9,128.3,36.5,7909.3,270,-78.8,348.8,176.1,-10.1,194.8,-10.1,1016.6,102.2,66,13.2,289.7,203.1,284.9,203.1
54_71_7767,88.7,123,35.4,7893.5,259.4,-84.5,343.9,169,-17.3,187.1,-17.3,1094.3,106.9,73.2,11.4,305.8,225.1,299,225.1
54_71_7782,80.9,117.7,34.1,7929.6,246.7,-93,339.7,160.9,-26.1,178.7,-26.1,1212.3,119.5,84.6,9.5,340,263.9,332.4,263.9
54_71_822,90.25,126.7,35.9,7960.5,263.5,-84.85,348.35,171.05,-16.5,189,-16.5,1099.45,111.2,72.5,12.65,319.2,227.65,314.35,227.65
54_71_904,71.6,112.2,33,7913.35,234.95,-99.9,334.85,152,-35.25,168.65,-35.25,1321.75,127.1,93.55,8.4,368.05,293.1,358.5,293.1
54_71_999,79.15,120.4,34.55,7946.6,249.1,-93.85,342.95,160,-27.9,177.25,-27.9,1228.4,120.05,84.2,10.7,350.2,266.3,341.95,266.3
54_75_1103,84.3,119.85,34.95,7904.6,248.75,-90.8,339.55,163.85,-23.15,181.3,-23.15,1302.6,132.35,91.7,10.05,368.05,291.45,361.05,291.45
54_75_1144,73.9,112.25,33.4,7807.95,232.55,-97.6,330.15,153.75,-14.95,168.9,-32.5,1446.55,145.9,106.7,9.35,404,331.9,393.1,331.9
54_75_121,81.55,117.95,34.35,7913.4,245.35,-92.7,338.05,161.55,-26.1,178.15,-26.1,1317.85,132.55,92.9,9.9,372,295.45,364.65,295.45
54_75_1281,78.25,115.2,34.3,7838.1,238.1,-95,333.1,158.3,89.15,173.6,-28.7,1452.25,148.35,106.8,10,406.95,331.2,397.4,335.5
54_75_1340,76.25,113.45,33.65,7843.7,234.8,-97.35,332.15,156.25,87.35,171.05,-30.6,1499.9,150.9,110.85,9.25,416.6,343.7,406.1,349.6
54_75_1341,90.85,127.5,36.3,7913.3,260.9,-85.3,346.2,171.15,-16.25,188.1,-16.25,1218,123.7,87.75,9.95,339.95,272.3,332.6,272.3
54_75_1379,73.7,113.25,33.5,7848,235.85,-97.55,333.4,153.75,-32.65,169.9,-32.65,1364.25,132,99.35,8.05,373.85,307.65,362.85,307.65
54_75_1463,95.25,130.2,36.95,7943.65,267.7,-81.1,348.8,175.8,-12.1,193.4,-12.1,1164.7,118.15,83.2,10,325.25,257.3,317.85,257.3
54_75_1495,78.4,114.4,33.75,7869.05,237.7,-95.95,333.65,158.5,89.75,173.45,-28.85,1498.45,151.5,110.8,9.25,416.5,341.85,406.6,350.6
54_75_155,98,135.45,37.8,7986.4,272.5,-81.35,353.85,178.8,-9.9,196.6,-9.9,1139.3,119.65,80.9,11.4,325,252.85,319.75,252.85
54_75_1665,72.3,111.2,33,7850.8,231,-100.1,331.1,152.5,-11,167.5,-34.6,1486.2,146.4,109.7,8.2,409.7,344.3,398.4,344.5
54_75_1725,74.8,114.15,33.55,7868.7,237.45,-97.15,334.6,154.85,-31.55,171.35,-31.55,1345.95,130.55,97.25,8.15,369.65,302.35,359.2,302.35
54_75_1747,92.2,128.9,36.55,7924.1,263.45,-83.75,347.2,172.95,-14.8,190.15,-14.8,1196.35,121.25,85.9,9.95,333.85,266.5,326.1,266.5
54_75_1763,71.95,111.35,33.2,7857.95,231.3,-99.85,331.15,152.2,-35.05,167.45,-35.05,1469.55,143.9,108.25,8.05,404.55,339.55,393.55,339.55
54_75_1788,74.6,112.85,33.6,7815.05,233.5,-97,330.5,154.45,9.2,169.8,-31.8,1448.35,145.3,106.95,9.3,403.15,332.95,392.35,333.05
54_75_1815,79.95,117.4,34.5,7831.75,241.05,-93.2,334.25,159.6,-3.15,175.25,-26.75,1381.75,141.45,101,10.3,388.6,315.05,379.15,315.1
54_75_1871,76.3,113.95,33.9,7832.7,235.75,-96.35,332.1,156.3,69.7,171.4,-30.45,1459.95,147.65,107.75,9.4,406.85,335.35,396.8,337.4
54_75_1903,70.3,110.05,32.6,7862.55,228.95,-101.25,330.2,150.55,-36.7,165.7,-36.7,1480.45,144.5,108.9,8,407.65,341.8,396.4,341.8
54_75_1915,73.4,113.3,33.5,7870.7,235.5,-98.25,333.75,153.6,-33.05,170.1,-33.05,1360.15,131.65,98.45,8.05,373.65,306.4,362.95,306.4
54_75_1981,84.3,120.35,35,7872.9,246.7,-91.65,338.35,164.35,95.35,179.8,-23,1425.25,147.15,103.8,10.15,400.4,323.95,391.9,329.3
54_75_200,83.05,120.7,35.05,7893.5,249,-91.35,340.35,163.05,-23.75,179.65,-23.75,1268.95,126.25,90.35,9.2,352.7,282.7,343.45,282.7
54_75_2006,79.75,117.05,34.35,7901.6,243.1,-94.2,337.3,159.75,-27.35,176.45,-27.35,1330.6,132.85,94.7,9.25,373.2,299.45,365.3,299.45
54_75_2017,78.3,116.9,34.1,7888.8,242.65,-94.85,337.5,158.45,-28.65,175,-28.65,1285.8,126.05,91.5,8.75,356.3,285.9,347.3,285.9
54_75_202,81.1,118.15,34.45,7855.5,242.6,-93.2,335.8,160.9,92.45,176.65,-25.9,1431.65,145.9,105,9.6,399.85,328.05,390.35,330.95
54_75_2023,76.95,114.65,33.85,7841.45,237.2,-96.05,333.25,157.1,34.85,172.25,-29.95,1448.9,145.2,106.95,9.1,401.7,334.55,391.4,335.2
54_75_2024,78.4,116.35,34.15,7899.85,242.05,-95.1,337.15,158.45,-28.8,175.15,-28.8,1316.35,129.9,93.75,8.8,366.65,294.9,357.85,294.9
54_75_2059,75.6,114,33.85,7816.5,235.55,-96.2,331.75,155.55,-30.65,170.8,-30.65,1427.2,142.8,105.25,9.15,396.4,327.55,385.85,327.55
54_75_212,93.25,130,36.6,7958,263.95,-85.25,349.2,173.45,-14.8,190.85,-14.8,1226.7,127.2,87,10.25,345.2,274.35,338.2,274.35
54_75_2161,77.2,115.05,34.15,7825.75,237.4,-95.4,332.8,157,-29.6,172.5,-29.6,1423.3,142.65,104.95,9,394.8,327.25,384.6,327.25
54_75_2164,78.45,115.9,34.15,7827.95,239.1,-94.65,333.75,158.55,65.75,173.7,-28.25,1417.45,144.95,104.05,10.1,398.15,324.2,388.7,324.9
54_75_2169,80.95,117.3,34.45,7866.3,241.9,-93.45,335.35,161.5,92.6,176.6,-25.95,1465.25,149.35,107.65,9.75,408.55,333.95,399.2,341.35
54_75_2235,80.75,118,34.55,7839.1,242.75,-93.2,335.95,160.5,74.1,176.3,-25.8,1405.25,143.1,103.1,9.8,392.85,322.4,383.45,323.6
54_75_2249,87.05,123.2,35.45,7902.5,253.6,-89.15,342.75,166.95,-19.95,183.65,-19.95,1281.2,131.5,90.25,10.05,361.85,286.3,354.25,286.3
54_75_2250,79.85,117.75,34.6,7832.8,241.9,-93.3,335.2,160.4,-26.35,175.65,-26.35,1384.85,141.1,101.6,9.6,387.8,316.6,378.35,316.6
54_75_2295,89.6,126.05,35.95,7910.7,258.8,-86.25,345.05,169.75,-17.6,186.9,-17.6,1222.8,123.75,86.85,9.45,341.05,271.35,332.75,271.35
54_75_2323,71.2,110.85,32.9,7852.4,230.25,-100.4,330.65,151.5,-35.4,166.85,-35.4,1467,143.55,108,8.1,403.55,337.65,392.2,337.65
54_75_2351,76.3,113.7,33.8,7832.25,235.9,-96.35,332.25,156.2,87.35,171.25,-30.4,1471.4,149.05,108.4,9.45,410.65,337.25,400.75,340.45
54_75_244,82,117.6,34.7,7879.3,243,-93.3,336.3,161.9,93.1,177.4,-25.4,1453.6,148.2,106.3,9.6,405.7,332.6,396.4,337.6
54_75_2477,91.15,128.35,36.7,7910.8,259.45,-86.45,345.9,171.05,-16.6,187.85,-16.6,1261.1,132.7,90.2,11.35,359,283.85,353.05,283.85
54_75_2491,80.1,117.15,34.3,7843.15,241.45,-93.8,335.25,160.35,91.05,175.75,-26.75,1418.7,145.5,103.95,10.05,398.5,323.85,389.3,326.05
54_75_2500,72.95,112.5,33.3,7889.25,234.25,-99.15,333.4,153.3,-34.1,169.4,-34.1,1390.85,135.5,100.6,8.15,384.45,315.7,374.45,315.7
54_75_2512,87.35,123.7,35.45,7905.85,254.25,-88.55,342.8,167.4,-20.05,184.1,-20.05,1269.2,129.75,89.85,10.1,356.85,284,349.15,284
54_75_329,89.6,125.6,36,7917.55,257.55,-87.3,344.85,169.7,-17.55,186.55,-17.55,1260.55,130.6,88.85,10.25,356.4,281.45,348.8,281.45
54_75_349,92.7,130.2,36.95,7953,264.15,-85,349.15,173.25,-15.1,190.85,-15.1,1207.7,124.25,86.45,10.15,339.05,270.4,331.85,270.4
54_75_3580,84.9,120.6,35,7908.9,250.3,-90.5,340.8,164.9,-22.2,181.9,-22.2,1286.7,130.9,90.5,10,362.9,287.5,355.9,287.5
54_75_3599,94.8,130.9,36.9,7976.4,267,-83.9,350.9,175.5,-13.3,192.8,-13.3,1212.7,126.6,85.2,10.9,343.2,269.3,336.4,269.3
54_75_398,79.1,116,34.2,7857.95,239.7,-95,334.7,159.3,72.6,174.35,-28.15,1451.6,146.2,106.75,9.05,402.95,334.7,392.9,336.95
54_75_449,76.6,115,33.8,7905.75,239.6,-96.6,336.2,156.85,-30.35,173.45,-30.35,1341.1,132.05,95.75,8.9,373.35,301.9,364.45,301.9
54_75_470,73.75,112.05,33.5,7824.25,232.1,-98.15,330.25,153.7,43.65,168.75,-32.9,1483.1,148.5,109.8,9,411.7,342.1,400.65,343.5
54_75_5172,79.6,116.8,34.1,7917.8,243.7,-94.4,338.1,159.8,-27.5,176.6,-27.5,1333.5,133.1,94.4,9.5,375.4,300.2,367.9,300.2
54_75_5173,73,112.9,33,7905.5,235.6,-99,334.6,153.4,-33.6,170.1,-33.6,1343.1,130.2,95.7,8.5,373,300.6,363.4,300.6
54_75_5174,79,116.3,34.1,7910.3,242.3,-94.9,337.2,159.2,-28.3,175.7,-28.3,1322.2,131.2,93.9,9.1,370,296.8,361.7,296.8
54_75_5175,78.2,116.1,33.9,7906.5,242.3,-95,337.3,158.5,-28.8,175.3,-28.8,1294.1,127.6,91.7,9.1,361.2,288.1,352.7,288.1
54_75_5177,81.6,118.2,34.2,7898.6,245.7,-92.6,338.3,161.5,-25.8,178.1,-25.8,1313.1,132.1,93.1,9.4,369.1,294.7,361.4,294.7
54_75_5178,82.6,119.3,34.5,7895.2,247.9,-92.1,340,162.3,-24.4,179.2,-24.4,1253.1,125.2,87.9,9.4,351.4,277.1,343.8,277.1
54_75_5179,76.7,115,34,7906.5,238.4,-96.8,335.2,157,-30.4,172.9,-30.4,1390.5,137.9,99.9,9.1,388.7,317.1,380.2,317.1
54_75_5180,76.8,114.6,33.6,7900.7,238.7,-96.8,335.5,157.1,-30.4,173,-30.4,1390.9,138,99.7,9.2,388.9,316.6,380,316.6
54_75_5181,83.7,119.8,34.9,7911.5,248.3,-91.4,339.7,163.9,-23.6,180.7,-23.6,1305.4,132.5,92.4,9.8,368.3,292.6,360.6,292.6
54_75_5183,84.6,121.1,35.2,7912.4,251.2,-90,341.2,164.9,-22.4,181.9,-22.4,1253.4,126.5,87.7,10.1,353.4,277.2,345.9,277.2
54_75_5184,79.8,117.5,34.3,7892,244.4,-93.9,338.3,159.7,-27,176.7,-27,1281.9,126.5,91.3,8.9,356.2,285.7,347.3,285.7
54_75_5187,71.4,111.7,33.2,7841.9,232.4,-99.4,331.8,151.6,-34.7,167.6,-34.7,1383.9,133,100.8,8,378.5,311.8,367,311.8
54_75_5189,69.2,109.5,32.6,7859.8,227.7,-102.1,329.8,149.5,-37.8,164.4,-37.8,1484.6,144.5,109.5,8,408.1,342.6,396.7,342.6
54_75_5190,74.3,112.2,33.4,7874.4,233.3,-98.4,331.7,154.4,-33,169.6,-33,1471,145.2,108.1,8.6,406.2,340.7,395.1,340.7
54_75_5191,69.9,109.8,33,7837.5,228.2,-101.3,329.5,149.9,-36.9,165,-36.9,1478.8,144.3,109.1,8.1,406.5,340.3,394.9,340.3
54_75_5193,87.6,123.8,35.6,7906,254.8,-88,342.8,167.4,-19.5,184.6,-19.5,1253.2,128.3,88.2,10,353.7,278.6,346.3,278.6
54_75_5197,91.7,127.4,36.3,7919.3,261.3,-85.7,347,171.7,-15.3,189,-15.3,1219.8,126.7,85.1,10.7,345.9,269.1,339.1,269.1
54_75_5199,93.6,129.2,36.8,7938,263.8,-84.2,348,173.6,-13.8,191.3,-13.8,1216.3,127.5,84.8,10.8,346.1,268.3,339.2,268.3
54_75_5200,92.3,128.2,36.3,7930.6,262.6,-84.9,347.5,172.6,-14.9,189.9,-14.9,1211,125.8,84.5,10.8,343.4,267.1,336.5,267.1
54_75_5204,85.1,120.7,35.2,7881.5,247.9,-91.2,339.1,165.2,96.5,180.9,-22.1,1416.1,145.9,103.1,10.1,396.8,323.5,388.1,327.2
54_75_5205,76.8,114.2,34.1,7845.4,236.4,-96.2,332.6,156.8,64.6,172,-30.1,1462.8,146,108.1,9,404.4,338.8,394.2,339.7
54_75_5208,71.4,110.5,33,7836.8,229.3,-100.2,329.5,151.8,-35.2,166.5,-35.2,1503.6,149.1,111.5,8.9,415.4,348.7,403.7,348.7
54_75_5209,82.8,119.6,34.9,7857.1,246.1,-92,338.1,162.5,-24.2,178.1,-24.2,1387.9,140.9,101.2,9.6,386.7,319,377.6,319
54_75_5210,81.7,117.9,34.3,7858.5,243,-93,336,161.9,93.1,177.2,-25.4,1459.1,150.1,106.8,10.2,409,330.9,400,338.8
54_75_5211,77,114.6,34,7837.1,236.6,-95.7,332.3,157,88.5,172.5,-29.6,1463,147.4,108,9.1,406.4,337.3,396.3,339.2
54_75_5212,81.4,118.3,34.8,7864.2,243.8,-92.8,336.6,161.7,-25.7,177.3,-25.7,1401,141.8,102.7,9.2,389.5,322.8,379.8,322.8
54_75_5213,92.1,128.2,36.1,7924.7,263.1,-84.5,347.6,172.8,-14.8,189.8,-14.8,1197.5,122.5,83.9,10,336.8,263.5,328.7,263.5
54_75_5216,91.1,127.1,36,7918.2,260.9,-85.3,346.2,171.3,-16.3,188.3,-16.3,1214.3,123.8,86.1,10,340,269.2,332.1,269.2
54_75_5217,90.7,127.5,36.2,7921.7,259.6,-86.4,346,170.8,-16.9,187.8,-16.9,1250.7,128.8,89.3,10,351.2,280.8,343,280.8
54_75_5221,92.4,129.4,36.4,7948.9,263.2,-85.3,348.5,172.9,-15.1,190.2,-15.1,1223.2,126,87.4,10.1,343.1,274.2,336,274.2
54_75_5224,88.8,126.1,36.2,7907.5,257,-87.6,344.6,169,-18.2,185.9,-18.2,1262.8,128.9,90.9,10,353,284.7,344.8,284.7
54_75_5225,96.6,132.6,37,7968.5,269,-82.8,351.8,176.9,-11.1,194.6,-11.1,1199.8,126.9,83.3,11.1,342.5,264.6,336.2,264.6
54_75_5227,79.6,117,34.3,7849.4,241.1,-94,335.1,159.5,-3.7,175.1,-27.3,1419.7,143,104.2,9.4,394.4,327.2,384.4,327.2
54_75_5228,78.4,115.7,34.1,7842,238.9,-95.1,334,158.4,89.8,173.5,-28.1,1458.6,148.9,107,9.8,408.4,333,399.1,337
54_75_5231,80.5,117.4,34.5,7841.7,241.7,-93.4,335.1,160.5,91.4,176,-26.4,1430.3,147,104.6,10.3,402,325.8,392.8,329.1
54_75_5232,75.3,113.1,33.6,7828.3,234.1,-96.9,331,155.2,86.1,170.3,-31.3,1466.9,148.2,108.5,9.4,409.4,336.7,398.8,338.9
54_75_5234,80.5,117.5,34.4,7848,242.4,-93.4,335.8,160.9,91.4,176.4,-26.1,1409.5,145.2,102.9,10.2,397.1,321.5,388.2,322.8
54_75_5235,78.2,115.9,34.2,7821.5,238.8,-94.4,333.2,157.9,53.7,173.7,-28.2,1418.3,143.8,104.3,9.9,396.4,325.5,386.6,325.8
54_75_5236,76.1,114.7,34.2,7820,236.4,-95.9,332.3,156.1,-30.2,171.6,-30.2,1419.5,142.1,104.5,9.1,394.5,325.4,383.9,325.4
54_75_5237,78,115.5,34.1,7835.3,238.6,-95,333.6,158.3,76.9,173.5,-28.7,1427.4,145.9,104.7,10.1,400.3,326.9,391,327.5
54_75_5238,72.7,111.6,33.1,7798.9,231.1,-98.2,329.3,152.6,-33.4,168,-33.4,1454,145.8,107.4,9,405.1,333.6,393.4,333.6
54_75_5239,84.2,121.4,35.1,7857.2,247.9,-91,338.9,164.1,12.8,179.9,-22.6,1340.1,138.8,97.5,10.6,378.7,304.8,370.7,304.8
54_75_5250,93.1,129.7,36.9,7924.8,264.5,-83.2,347.7,173.4,-14.1,191,-14.1,1191.4,121.1,85.4,9.9,332.9,265.5,325.6,265.5
54_75_5251,94,129.7,36.9,7932,266.1,-82,348.1,174.4,-13.1,192.1,-13.1,1177.5,119.6,84.2,10,329,260.8,321.4,260.8
54_75_596,85.85,121.8,35.2,7912.2,252.4,-89.75,342.15,165.8,-21.2,183.05,-21.2,1249.9,126.8,87.35,10,352.6,276.5,345.5,276.5
54_75_6152,81.2,119,34.8,7883.1,246.5,-92.6,339.1,161.2,-25.6,177.6,-25.6,1285.7,126.9,92.1,9,355.6,287.5,346.4,287.5
54_75_6154,84.1,121.7,35.2,7896.8,251.1,-90,341.1,164.2,-22.5,181.4,-22.5,1255.5,125.8,88.9,9.4,350.7,278.9,342.4,278.9
54_75_6155,72.4,111.4,32.9,7866.4,231.7,-99.7,331.4,152.9,-34.6,168,-34.6,1484.3,146,109.6,8,408.8,344,397.6,344
54_75_6157,83.9,120,35.1,7867.9,246.3,-92,338.3,163.8,94.9,179.3,-23.2,1425.7,147.2,103.8,10.1,400.4,324.4,391.8,329.4
54_75_6159,96.7,132.8,37,7989.2,270.2,-82.3,352.5,177.1,-11.3,195.4,-11.3,1172.8,121.7,82.4,10.7,331,259.1,324.4,259.1
54_75_6161,73.7,111.9,33.5,7825,231.9,-98.2,330.1,153.7,84.7,168.7,-32.8,1484.6,149.1,109.7,9.1,412.8,342.2,401.9,343.7
54_75_6163,80.8,118.2,34.9,7841.5,242.8,-92.9,335.7,161,-14,176.5,-25.7,1386.6,141.1,101.7,9.7,387.8,317.6,378.4,317.6
54_75_777,88,124.9,35.85,7892.6,256.1,-86.9,343,168.3,-18.95,184.95,-18.95,1252.95,126.55,90.75,9.4,348.65,281.4,340.15,281.4
54_75_7800,75,113.6,33.4,7907.8,237.9,-97.6,335.5,155.2,-31.8,172,-31.8,1313.4,127.9,93.3,8.5,365.3,292.6,356.1,292.6
54_75_7801,81.2,118.1,34.5,7908.9,245.3,-93.2,338.5,161.2,-25.9,178.2,-25.9,1312.8,131.8,92.8,9.5,369.5,294.1,362,294.1
54_75_7802,79.6,116.9,33.9,7914.2,243.9,-94.1,338,159.6,-28,176.5,-28,1286.3,127.5,90.7,9,360.1,286.1,351.9,286.1
54_75_7804,75.3,114.2,33.6,7896.6,237.9,-97.3,335.2,155.8,-31.7,172.1,-31.7,1352.7,132.6,97,8.7,375.6,304.9,366.3,304.9
54_75_7806,73.6,112.4,33.1,7894.3,234.4,-99.3,333.7,154.1,-33.4,169.9,-33.4,1430.7,140.8,103.8,8.6,397.1,328.1,387,328.1
54_75_7807,80.7,118.2,34.3,7906.1,246,-93.3,339.3,161,-26.3,177.9,-26.3,1276.8,126.9,90.1,9.4,356.7,283.7,348.8,283.7
54_75_7809,80,117.9,34.2,7896.5,245,-93.4,338.4,160,-27,177,-27,1261.4,124.2,89.1,9.1,351.3,279,342.4,279
54_75_7810,76.3,115.4,33.9,7865.1,239.6,-96.1,335.7,156.5,-30.1,172.4,-30.1,1340.4,131,96.6,8.5,369.7,301.5,359.7,301.5
54_75_7813,66.4,107.9,32.4,7846.4,224.4,-103.9,328.3,146.9,-40.1,161.9,-40.1,1502,145.1,110.7,8,412.1,345.9,400.1,345.9
54_75_7814,70.6,110.7,32.9,7864.3,230,-100.7,330.7,151.2,-36.4,166.4,-36.4,1470.5,143.5,108.4,8,404.2,339,392.9,339
54_75_7817,76,114.2,33.6,7889.8,237.6,-97.2,334.8,156.3,-30.9,172.2,-30.9,1401.9,138.8,101.3,8.8,389.7,320.1,380.2,320.1
54_75_7822,91.2,126.9,36.2,7915.1,260.3,-85.4,345.7,171.1,-16.2,188.4,-16.2,1215.2,126.1,84.4,10.8,345.1,267.2,338,267.2
54_75_7824,91.7,127.4,36.3,7918,260.9,-85.5,346.4,171.4,-15.4,189.1,-15.4,1219.4,126.4,85,10.8,345.8,268.8,339,268.8
54_75_7826,90.7,126.6,36.1,7919.8,259.5,-86.2,345.7,170.6,-16.4,187.7,-16.4,1242.9,128.4,87.5,10.3,350.7,276.5,343.1,276.5
54_75_7830,83.4,118.7,34.9,7875.3,245.1,-91.9,337,163.6,82.7,178.9,-23.9,1453,149,106.5,10,405.9,330.1,397,338.6
54_75_7831,78.3,115.3,34.1,7842,238.5,-95.2,333.7,158.3,77.7,173.5,-28.7,1453.7,145.8,107.3,9.1,402.3,336,392.4,337.8
54_75_7834,70.9,109.9,32.9,7827.1,228.4,-100.3,328.7,151,47.1,165.9,-35.4,1510.9,149.6,112.2,8.7,417.3,350.4,405.8,350.8
54_75_7836,73.3,111.5,33.2,7844.5,231.4,-98.7,330.1,153.6,60.9,168.4,-33.4,1495.3,149.1,111.1,8.9,414,345.3,402.8,347.5
54_75_7837,80.7,117.6,34.5,7857.8,242.5,-93.4,335.9,160.7,9,176.1,-26.4,1413.1,142.6,103.7,9.3,392.6,325.9,382.7,325.9
54_75_7838,85.1,120.7,35.2,7873.5,247.9,-90.8,338.7,165.7,96.2,180.9,-22.1,1430.6,149.2,103.9,10.8,403.9,323,395.9,329.9
54_75_7840,94.6,130.4,36.8,7937.1,265.8,-83.1,348.9,174.6,-12.6,192.4,-12.6,1203.2,126.3,83.5,10.8,342.7,264.7,336,264.7
54_75_7843,87.2,123.8,35.6,7894.8,255.2,-87.8,343,167.3,-19.4,184.4,-19.4,1245.5,125.1,89.2,9.4,346.1,277.7,337.6,277.7
54_75_7846,95.6,132.9,37.1,8001,268.7,-84.2,352.9,176.3,-12.7,194.1,-12.7,1202.3,125.6,84.8,10.9,339.9,268.2,333.5,268.2
54_75_7847,95,132.3,37,7976.8,267.3,-84.1,351.4,175.6,-13.1,193.3,-13.1,1206.8,126.1,85,10.7,341.3,268.7,334.5,268.7
54_75_7848,92.5,129.7,36.7,7946.2,263.3,-85.4,348.7,172.7,-15.1,190.3,-15.1,1226.3,126.4,87.5,10.3,344.2,275,337,275
54_75_7850,96.9,132.5,37.2,7968.2,270.2,-81,351.2,177.2,-11,195,-11,1161.1,119.5,82,10.5,326.5,255.9,319.1,255.9
54_75_7851,89.9,127.5,36.7,7916.1,258.7,-86.2,344.9,170.4,-17.2,187.6,-17.2,1246.2,127.3,89.5,10,348.7,280,340.6,280
54_75_7855,79.7,116.7,34.4,7850.6,240.6,-94.3,334.9,160,90.7,175.1,-27.3,1456.1,148.5,107.1,9.6,406.8,332.4,397.5,337.6
54_75_7856,78.9,115.5,33.9,7845.8,238.9,-95,333.9,158.9,90,173.9,-28.2,1466.4,149.5,107.8,9.7,410.2,334.1,400.7,339.7
54_75_7857,85,121.5,35.4,7885.2,249,-90.9,339.9,165.2,96.1,181,-22,1384.8,142.8,100.9,10.3,388.2,316.6,380.1,318.6
54_75_7858,79.4,116.2,34.3,7845.9,239.5,-94.6,334.1,159.4,90.1,174.6,-27.6,1445.1,148.3,106.1,10,406,328.8,396.6,333.3
54_75_7859,77.9,115.2,33.8,7836.1,238,-95.4,333.4,157.8,88.8,173.3,-28.9,1442.4,146.6,106.2,9.6,403.4,330.5,393.6,332.7
54_75_7860,76.2,114.3,33.9,7838.9,236.2,-96.3,332.5,156.5,28.8,171.6,-30.3,1449.3,146.1,106.8,9.4,403.3,333.3,393.3,334.2
54_75_7862,75.2,113.4,33.9,7816.6,234.2,-96.7,330.9,155.2,39.3,170.4,-31.1,1450.4,146.2,107,9.3,404.2,333.6,393.9,334.1
54_75_7863,80.6,117.9,34.5,7833.9,242.6,-93,335.6,160.6,68,176.3,-25.7,1400.9,143.4,102.6,9.8,392.9,320.5,384,321.5
54_75_7864,76,114.4,33.8,7824.9,236.4,-95.9,332.3,156.4,-30.1,171.6,-30.1,1429.5,143.9,105.4,9.2,398.1,328,387.6,328
54_75_7865,73.6,112.2,33.3,7806,232.4,-97.2,329.6,153.6,-32.5,169,-32.5,1441.7,144.6,106.8,9,401.6,331,390.4,331
54_75_7867,81,118,34.9,7834.3,242.6,-92.7,335.3,160.7,68.2,176.5,-25.4,1380.3,142.1,100.9,10,389,315.1,380.4,315.2
54_75_7870,91.3,128.7,36.6,7933.4,261.2,-85.9,347.1,171.6,-16.3,188.6,-16.3,1230.1,126.8,88.6,10.1,345.6,276.9,338.7,276.9
54_75_7877,93,128.9,36.9,7930.4,264.6,-82.9,347.5,173.7,-14,190.8,-14,1190.4,120.7,85.1,10,332.1,264.3,324.5,264.3
54_75_7878,94,131.7,37,7965.7,266.5,-84.4,350.9,174.8,-13.8,192.2,-13.8,1190.7,122.8,84.9,10.4,334.7,265.8,327.9,265.8
54_75_7881,92.5,129.9,36.7,7945.3,263.9,-84.5,348.4,173.3,-15,190.4,-15,1204,123.6,86.2,10.1,337.6,269,330.4,269
54_75_7882,96.5,131.5,37,7942.2,270,-80.1,350.1,176.9,-10.8,194.7,-10.8,1149.8,116.9,81.8,10.2,321.7,253.2,314.3,253.2
54_75_793,90.55,127.75,36.2,7919.3,259.65,-86.7,346.35,170.65,-17,187.7,-17,1245.6,127.85,89.5,10.05,349.25,280.5,341.55,280.5
54_75_84,83.7,119.8,34.9,7914.05,248.4,-91.05,339.45,164.15,-23.6,180.4,-23.6,1311.15,133.2,92.35,9.95,370.7,294.1,364.05,294.1
54_75_85,91.1,127.65,36.2,7924,260.35,-85.85,346.2,171.2,-16.35,188.35,-16.35,1239.9,127.55,88.3,10,347.95,277.6,340.45,277.6
54_75_8768,79.4,116.5,34.2,7906.4,242.1,-94.6,336.7,159.6,-27.9,175.8,-27.9,1363.6,136.7,97.1,9.5,382.7,308.8,374.7,308.8
54_75_8769,73.5,113.4,33.4,7850.1,236,-97.8,333.8,153.5,-32.6,169.9,-32.6,1358.5,131.3,98.6,8,372.2,305.5,361.6,305.5
54_75_8770,73.4,112.3,33.3,7856.8,233,-98.9,331.9,152.8,-33.6,168.8,-33.6,1441.5,141.2,105.9,8.2,396.8,331.4,386.2,331.4
54_75_8772,87,124.1,35.7,7904.8,255.6,-87.9,343.5,167.3,-20,184.4,-20,1231.8,124.5,87.1,9.6,344.5,273,336.7,273
54_75_8774,72.5,110.8,33.2,7837.9,230.6,-99.2,329.8,152.8,60.5,167.6,-33.9,1505,149.7,111.6,8.8,416.5,347.9,405.2,349.8
54_75_8775,75.9,114.1,33.7,7857.1,236.7,-97,333.7,156.2,-30.7,171.4,-30.7,1435.6,142.3,105.5,8.2,396.3,330.7,385.5,330.7
54_75_8779,73.3,111.4,33.5,7833.3,231.4,-98.6,330,153.4,60.9,168.4,-33.2,1487,148.9,110.1,9,413.5,342.6,402.3,344.1
54_75_88,76.75,115.2,33.8,7909.65,240.3,-96.25,336.55,156.85,-30.25,173.75,-30.25,1302.55,127.6,92.6,8.95,362.4,290,353.8,290
54_77_1491,77.75,120.7,34.5,8031.7,249.25,-95.1,344.35,159.4,89.9,176.6,-31,1342.2,131.7,92.95,11.55,384.15,296.1,374.85,304
54_77_1849,87.8,125.2,35.3,8110.4,262.6,-86.4,349,170.1,99.7,188.4,-21.2,1272.4,128.4,86.5,13,369.9,276.5,362.8,283.9
54_77_5316,85.3,123.8,35,8110.6,259.5,-88.7,348.2,167.8,97.4,186.1,-23.5,1293.4,130.1,87.4,12.9,375.1,280.4,367.7,290.3
54_77_5326,83.5,123.6,35,8061.2,256.5,-90.2,346.7,165.2,95.4,182.7,-25.3,1299.6,129.5,88.9,12.6,375.2,283.1,367.5,292.3
54_83_1083,75.95,116.5,34.05,7955.4,241.4,-96.8,338.2,156.85,-31.8,173.25,-31.8,1374,135.15,96.9,10.25,388.9,311.7,380.6,311.7
54_83_1109,77.4,114.9333333,33.83333333,7882.266667,238.7,-96.3,335,157.6666667,-1.766666667,173.4,-29.56666667,1419.766667,141.8666667,102.6666667,9.166666667,395.9666667,325.5666667,386.5666667,325.8333333
54_83_116,76.95,115.05,33.95,7917.7,239.3,-96.55,335.85,157.25,-30.4,173.65,-30.4,1392.1,138.2,99.75,9.15,389.9,317.45,381.35,317.45
54_83_1402,81.2,118.55,34.55,7938.8,247.25,-92.7,339.95,161.3,-26.05,178.9,-26.05,1276.3,127.3,88.5,10.2,363.25,282.45,356.65,282.45
54_83_1421,79.4,116.85,34.2,7928.2,243.75,-94.45,338.2,159.6,-27.65,176.65,-27.65,1304.45,129.5,91.55,9.7,368.1,291.05,360.8,291.05
54_83_1454,76.9,114.5,34,7915.7,238.5,-96.7,335.2,157.2,-30.8,172.9,-30.8,1414.1,140.7,101.7,9,395.7,324.1,386.7,324.1
54_83_1458,81.8,118.7,34.55,7931.95,247.85,-92.1,339.95,162,-25.35,179.3,-25.35,1261.3,126.05,87.4,10.25,358.75,277.9,352.15,277.9
54_83_15,88.35,122.15,35.45,7911,252.4,-87.85,340.25,168.35,-18.95,184.85,-18.95,1350.1,140.8,94.3,11.25,386.5,303.65,381,303.65
54_83_1538,88.4,121.5,35.2,7885.3,250.4,-88.8,339.2,168.4,88.3,183.8,-19.2,1444.5,151.4,103.7,10.9,408.3,326.2,400.4,334.2
54_83_1783,87.25,121.05,35.15,7895.25,250.1,-89.3,339.4,167.2,62.85,183.35,-20.1,1386.1,144.4,98.9,10.5,392.8,315.3,385.4,316.9
54_83_1803,73.35,111.6,33.15,7874.3,232.8,-99.15,331.95,153.65,-28,168.8,-34,1474.8,145.35,108.25,8.5,407.75,341.7,397.2,341.7
54_83_1918,94.5,128.25,36.5,7945.65,264.2,-81.95,346.15,174.95,-12.6,192.75,-12.6,1238.65,132,82.4,13.3,363,267.05,361.25,267.05
54_83_2038,77.3,115.45,34,7913.5,240.7,-96.2,336.9,157.45,-29.7,174.15,-29.7,1340.35,132.7,95.1,9.05,376.1,301.75,367.75,301.75
54_83_2066,92.3,127.3,36.25,7989.7,263.55,-83.35,346.9,172.85,-15.2,191.15,-15.2,1231.6,127.65,82.7,13.1,361.55,267.05,358.7,267.05
54_83_2067,77.3,114.4,33.7,7900.1,238.45,-96.35,334.8,158.15,41.4,173.45,-30,1434.6,143.2,103.9,9.3,400.95,330.35,392,330.5
54_83_2115,82.55,122.05,35.1,7971.45,252.3,-91,343.3,163.4,-25,180.95,-25,1291.5,128.6,89,11.2,371.15,287,363.9,287
54_83_214,78.8,116.35,34.15,7918.2,242.3,-94.9,337.2,159.05,-28.4,175.65,-28.4,1350.85,134.7,95.65,9.55,380.6,304.9,373.05,304.9
54_83_2222,84.15,121.1,34.95,7943.8,251.75,-90.4,342.15,164.3,-23.1,181.8,-23.1,1267.55,128.05,87.2,10.85,363.6,279.75,357.7,279.75
54_83_2276,75.7,113.45,33.55,7884,236.3,-97.7,334,156.1,-25.5,171.55,-31.45,1447.9,143.55,105.75,8.75,401.95,334.65,391.9,334.65
54_83_2332,74.65,113.9,33.1,7910.5,237.8,-98,335.8,154.95,-32.35,171.5,-32.35,1317.35,128.35,93.2,9,367.8,293.5,359.1,293.5
54_83_2334,88,122.8,35.4,7918.7,253.5,-87.7,341.2,168.4,-19.2,185.1,-19.2,1312.8,136.3,90.8,11.2,377,292.5,372.3,292.5
54_83_2392,79.3,116.85,34.05,7916.45,243.15,-94.6,337.75,159.3,-27.8,176.3,-27.8,1325.6,132.05,93.5,9.85,373.8,297.4,366.25,297.4
54_83_2428,85.5,122.9,35.15,7954.95,254.4,-88.5,342.9,166.05,-21.6,183.85,-21.6,1246.55,125.95,85,11.4,359.65,273.1,354.2,273.1
54_83_2473,83.3,121.3,34.8,7971.9,251.4,-90.45,341.85,163.8,-18.35,181.4,-24.4,1317.05,132.4,91.25,11.35,378.65,294.3,372.5,294.35
54_83_2497,74.9,112.85,33.45,7873.7,234.85,-98.1,332.95,155.45,33.05,170.5,-32.25,1470.2,145.7,108.15,8.45,406.45,340.85,396.25,341.2
54_83_260,73.95,113.85,33.25,7923.25,237.8,-98.5,336.3,154.45,-33.2,171.2,-33.2,1313.45,127.55,92.55,9.15,367.15,291.7,358.35,291.7
54_83_265,73.35,112.95,33.2,7910,235.75,-99.05,334.8,153.95,-33.55,170,-33.55,1357.4,132.35,96.65,8.65,378.15,305.45,368.8,305.45
54_83_340,88.9,124.95,35.7,8020.35,259.9,-85.95,345.85,170.1,28.95,188.05,-19.1,1289.05,131.75,87.9,12.55,376,285.25,371.45,285.55
54_83_343,93.3,126.65,36,7915.8,260.05,-84.25,344.3,173.25,-13.85,190.15,-13.85,1297.2,139.25,88.65,12.3,376.75,286.9,372.45,286.9
54_83_53,72.65,113.35,33.3,7920,236.75,-99.55,336.3,153.1,-34.4,169.85,-34.4,1315.2,126.7,92.6,9.05,367.25,291.8,358.1,291.8
54_83_5429,63.5,109.4,32.6,7934.9,226.2,-106.6,332.8,144.4,-43.8,160.9,-43.8,1397.5,132,99.5,8.1,388.2,313,376.8,313
54_83_5430,85.2,122.8,35.3,7981.7,254.9,-89.3,344.2,166.3,-10.4,183.7,-22.4,1299.1,131.3,89.3,11.7,375.5,288.9,369.8,288.9
54_83_5431,88.4,125.7,35.8,7988.8,260.5,-86,346.5,169.2,-19.3,187.2,-19.3,1233.7,124.9,83.5,12.2,358.8,269.5,353.1,269.5
54_83_5434,74.2,116,34,7968,239.8,-98.4,338.2,155.6,50.8,171.9,-33.8,1392.5,136.2,98.5,10,393.5,317.1,384.6,317.5
54_83_5435,88.7,125.8,35.8,7982.9,260.7,-85.4,346.1,169.6,-18.7,187.5,-18.7,1229.1,124.8,83.1,12.1,358,268.1,352.7,268.1
54_83_5438,80.5,119.3,34.5,7953.7,247.3,-93,340.3,161.1,-27.3,178.2,-27.3,1326.8,131.9,92.4,10.5,378.3,297.7,371.2,297.7
54_83_5439,77.6,117.6,34.1,7955.6,243.8,-95.3,339.1,158.7,-30.1,175.3,-30.1,1344.9,132.2,94.2,10.2,381.4,303.2,373.5,303.2
54_83_5442,82,119.6,34.8,7941.2,248.8,-91.8,340.6,162.5,-25.3,179.6,-25.3,1271.9,127,88,10.5,363.1,281.5,356.4,281.5
54_83_5443,83.6,120.6,34.9,7943.4,251.7,-90.3,342,163.8,-23.4,181.5,-23.4,1235.6,123.7,84.6,10.8,353.7,270.2,347.7,270.2
54_83_5446,81.7,119.1,34.6,7946.2,248.5,-92.3,340.8,161.8,-25.7,179.3,-25.7,1271.3,126.8,88,10.4,362.5,281,355.8,281
54_83_5456,87.7,123.8,35.5,7964.4,256.7,-87.1,343.8,168.4,-19.9,185.7,-19.9,1270.9,129.9,86.9,11.7,368.5,279.8,364.4,279.8
54_83_5478,74.1,114.3,33.6,7926.1,238.6,-98.5,337.1,154.1,-33.6,171.1,-33.6,1303.8,126.4,91.8,9,365.2,289.1,356.3,289.1
54_83_5479,79.7,117,34.1,7920.7,244.8,-93.9,338.7,159.8,-27.5,176.8,-27.5,1299.1,129,90.9,10,367.6,289.2,360.4,289.2
54_83_5480,84.5,120.7,34.8,7937.7,251.5,-90.1,341.6,164.4,-22.5,182.3,-22.5,1232.2,124.1,84.4,10.8,352.9,268.8,347.4,268.8
54_83_5481,75.2,114.2,33.2,7929.1,239.3,-97.1,336.4,155.3,-32.3,172.3,-32.3,1302.2,126.5,91.5,9.1,364.6,289,356.3,289
54_83_5482,79.3,116.6,34,7916.7,243.3,-94.7,338,159.4,-27.8,176.3,-27.8,1328,132.3,93.7,9.9,374.4,298.3,367,298.3
54_83_5483,78.2,116.1,34,7922.8,242.5,-94.9,337.4,158.4,-29.1,175.4,-29.1,1317.9,130.3,92.6,9.4,371.3,295,363.6,295
54_83_5486,74.2,113.4,33.1,7904.7,237.2,-98.1,335.3,154.3,-32.7,171.2,-32.7,1317.8,128.1,93.6,8.6,366.7,293.6,357.5,293.6
54_83_5487,78.1,115.7,33.9,7917.1,241.7,-95.2,336.9,158.5,-28.9,175.4,-28.9,1311,129.7,92.8,9,367.7,293,359.6,293
54_83_5488,75.8,114,33.3,7924.1,238.2,-97.3,335.5,156.5,-31.3,172.5,-31.3,1402.6,138.9,100.2,9,393.7,320.1,384.9,320.1
54_83_5489,83.1,119,34.7,7922,246.9,-91.9,338.8,163.2,-24.6,179.6,-24.6,1354.4,137.8,95.4,10.2,385,305.8,378.5,305.8
54_83_5490,76.3,114.7,33.9,7903.8,238.7,-96.8,335.5,156.5,-30.8,172.6,-30.8,1390.1,137.7,99.4,9.2,389.2,316.3,380.7,316.3
54_83_5495,96.2,129.2,37,7947.1,266,-81.7,347.7,176.3,-10.8,194,-10.8,1237,132.9,82.2,13.2,363.6,266.1,361.8,266.1
54_83_5496,87.1,121.8,35.2,7913.8,252.1,-88.3,340.4,167.2,-20.6,183.8,-20.6,1326.6,137.1,92.3,11.3,380,296.8,374.9,296.8
54_83_5504,89.6,123.6,35.9,7907,254.9,-87.1,342,169.6,-17.4,186.3,-17.4,1321.9,138.8,91.7,11.1,379.5,295.5,374.4,295.5
54_83_5514,75.1,113.1,33.2,7905.6,236.2,-98.1,334.3,156.1,27.6,171.3,-31.9,1447.3,143.3,104.8,9.1,403.7,333.7,394.1,333.7
54_83_5515,73.2,111.9,33.1,7908.2,233.6,-99.3,332.9,154,-33.8,169.7,-33.8,1442.1,141.6,104.9,8.5,399.6,332,389.8,332
54_83_5517,74.7,112.6,33.3,7884,235,-98.5,333.5,155.3,-8.6,170.6,-32.4,1460,144.4,106.8,8.6,404.8,338.2,394.5,338.2
54_83_5522,69.4,109.3,32.6,7872.6,228.3,-102.3,330.6,149.7,-37.6,165,-37.6,1483.1,144.7,108.6,8,409,342,397.8,342
54_83_5523,70.4,110,32.9,7865,229.2,-101.2,330.4,150.7,-36.5,165.9,-36.5,1479.9,144.5,109,8.2,407.7,341.8,396.6,341.8
54_83_5524,72.7,111.3,33.1,7872,232.2,-99.6,331.8,153.4,-10.7,168.3,-34.5,1483.5,146.2,109.3,8.2,409.4,343.9,398.7,344.1
54_83_5531,82.3,117,34.5,7869.1,242.6,-92.9,335.5,162.6,93.8,177.4,-24.8,1499.6,153.6,109.9,10,418.7,338.6,409.3,351.5
54_83_5532,73.3,110.8,33.1,7859.6,230.6,-99.2,329.8,153.4,84.7,167.8,-34,1534.6,152.9,114,9,424.7,351.6,413.6,359.5
54_83_570,82.15,118.5,34.45,7918,246.15,-92.4,338.55,162.55,-25.25,179,-25.25,1356.05,137.25,95.5,10.45,384.85,306.1,378.5,306.1
54_83_6178,77.1,112.9,33.4,7866.5,235.2,-96.5,331.7,157.5,88.4,172.2,-30.4,1534,154.4,113,9.3,425.2,348.6,415.1,361
54_83_687,76.45,114.55,33.35,7931.85,239.05,-97,336.05,157.05,-30.9,173.35,-30.9,1395.35,138.3,99.45,9.2,391.95,317.9,383.4,317.9
54_83_693,81.2,118.1,34.25,7934.85,247.05,-92.5,339.55,161.7,-25.95,178.65,-25.95,1286.2,128.6,89.35,10.2,365.4,285.35,358.75,285.35
54_83_8049,64.2,109.7,32.6,7926.6,227.1,-106.1,333.2,144.6,-43.1,161.3,-43.1,1397.9,132.6,99.1,8.5,389.2,313,377.7,313
54_83_8050,93.2,127.9,36.2,8040.9,266.6,-81.8,348.4,174.5,-14.6,193,-14.6,1236.7,127.5,83.3,13.1,364.4,269.3,360.1,269.3
54_83_8051,77.4,118.1,34.1,7967.7,245,-95.6,340.6,158.4,18.2,175.3,-30.1,1360.9,134,95.3,10.1,387,307.9,378.7,308.1
54_83_8055,78.2,120,34.4,7937.4,247.2,-95,342.2,158.4,-29,175.6,-29,1273.4,123.8,88.4,10.2,361,282.2,352.8,282.2
54_83_8056,75.7,116.3,33.8,7955.8,241.2,-97,338.2,156.6,-32.1,173.1,-32.1,1377.4,135.3,97.1,10,389.7,312.5,381.1,312.5
54_83_8057,86.1,123.7,35.4,7966.8,256.6,-87.9,344.5,167,-21.1,184.5,-21.1,1244.1,125.5,84.8,11.7,359.7,273,354,273
54_83_8058,82.5,121.7,35.1,7951.7,251.5,-91.3,342.8,162.9,-25.1,180.5,-25.1,1266,125.8,87.3,11,362.6,279.7,355.6,279.7
54_83_806,74.7,112.9,33.2,7887.65,235.05,-98.15,333.2,155.5,-20.55,170.65,-32.45,1456,144,106.05,9,404.2,336.55,394.6,336.6
54_83_8060,76.1,116.7,33.9,7960.4,241.7,-96.8,338.5,157,-31.6,173.5,-31.6,1374.6,135.5,96.8,10.2,389.6,311.5,381.4,311.5
54_83_8064,84.8,122.3,35.1,7953.2,253.3,-88.9,342.2,165.3,-22.6,183.1,-22.6,1251.8,126,85.7,11.1,360.2,275,354.3,275
54_83_8066,86,122.5,35.1,7953.1,254.6,-88.6,343.2,166.2,-21.1,184.1,-21.1,1246.7,126.6,85,11.5,359.6,272.9,354.6,272.9
54_83_8067,83.9,120.4,34.8,7947.7,251.4,-90.4,341.8,163.9,-23.1,181.9,-23.1,1234.1,124.2,84.4,10.7,353.5,269.4,347.8,269.4
54_83_8090,97.1,130.9,36.9,7963.8,269,-79.7,348.7,179.6,-9.9,195.8,-9.9,1200,128.3,78.4,13.7,355,253.6,354.6,253.6
54_83_8094,74.4,114.3,33.7,7934.8,239.2,-97.8,337,155.2,-32.7,172.2,-32.7,1300.6,126,91.2,9,363.9,288.3,355.4,288.3
54_83_8095,81.3,118.4,34.4,7943.8,247.2,-92.6,339.8,161.8,-26,178.8,-26,1284.4,128.2,89.3,10.1,365.4,285.1,358.6,285.1
54_83_8098,80.2,117.3,34.1,7928.2,245,-93.7,338.7,160.6,-26.9,177.6,-26.9,1311.3,130.9,92.1,10,371.1,293.2,363.9,293.2
54_83_8099,80,116.9,34,7919.2,244,-93.7,337.7,160,-27.4,177,-27.4,1311,130.7,92.3,9.7,369.8,293,362.5,293
54_83_8100,78.1,116,33.8,7933.7,242.9,-94.9,337.8,158.4,-29.1,175.5,-29.1,1271.4,125.1,88.9,9.7,358,280.4,350.2,280.4
54_83_8101,73.6,113.2,33,7923,237.1,-98.3,335.4,154.4,-33.4,171,-33.4,1314.2,127.4,93,8.9,366.6,292,357.2,292
54_83_8102,78.1,116,33.9,7917.7,241.9,-95.4,337.3,158.2,-28.9,175,-28.9,1318.6,130.7,93.1,9.1,370.5,295.1,362.7,295.1
54_83_8104,75.9,114.3,33.8,7906.1,238.8,-97,335.8,156.1,-31.1,172.5,-31.1,1354.3,133.2,96.7,8.8,377.9,305.8,369.4,305.8
54_83_8106,75.6,114.4,33.4,7924.7,237.7,-97.9,335.6,155.9,-31.8,172.2,-31.8,1405,138.7,100.4,9.1,394.1,320.6,385.5,320.6
54_83_8107,78.8,115.9,33.9,7915.2,241.1,-95.2,336.3,159.1,-28.6,175.1,-28.6,1397.7,140.2,99.7,9.5,393.5,319,385.6,319
54_83_8108,80.6,117.5,34.6,7923.3,244.1,-93.1,337.2,160.8,-27,177.5,-27,1346.5,135.2,95.1,9.7,380.8,303.8,373.4,303.8
54_83_8109,77.8,115.4,34.1,7909.4,240.1,-96,336.1,158.1,-29.5,174.3,-29.5,1391.2,138.5,99.7,9.2,390.3,317.3,381.9,317.3
54_83_8115,85.7,120.8,35.2,7917.1,250.4,-89.5,339.9,165.8,-21.9,182.7,-21.9,1329.9,136.6,92.8,11,380,298.3,374.6,298.3
54_83_8135,76,113.8,33.7,7907.2,237.2,-97.2,334.4,156.9,40.4,172.4,-31.1,1443.4,143.5,104.6,9.1,402.6,332.7,393.4,332.8
54_83_8136,73.7,112.4,33.2,7887.8,234.3,-99.1,333.4,153.9,-33.5,169.5,-33.5,1442,142.1,104.7,8.6,400.2,331.5,389.9,331.5
54_83_8137,76.4,113.7,33.7,7882,237.2,-97.3,334.5,156.8,-31,172,-31,1442.9,143.3,105.3,8.8,400.8,333.6,390.9,333.6
54_83_8138,76.6,113.8,33.7,7864,236.8,-96.8,333.6,156.9,76.3,171.9,-30.8,1467.8,146.1,107.7,8.9,407,338.7,397.1,341.5
54_83_8144,72.8,111.5,33.2,7864.5,232,-99.6,331.6,153,-34.5,168,-34.5,1474.5,145.1,108.5,8.6,407.2,341.3,396.8,341.3
54_83_8145,70.7,110.4,33,7878.7,230,-100.9,330.9,151.1,-36.7,166.3,-36.7,1467.1,143.2,107.6,8.1,404.3,337.8,393.3,337.8
54_83_8150,82.1,116.3,34.2,7868.3,241.3,-93.1,334.4,162.5,93.4,177.3,-25.3,1514.6,154.8,110.3,10.1,422.2,341.5,412.7,356.4
54_83_8152,72.9,110.6,33.1,7859.5,230.4,-99.4,329.8,153.3,84.1,167.9,-34.3,1538.7,153.2,114.4,9,425.9,352.5,414.8,360.8
54_83_854,72.3,111.4,33.15,7874.8,232.45,-99.7,332.15,152.8,-34.85,168.15,-34.85,1447.35,141.7,105.45,8.2,400,332.8,389.55,332.8
54_83_973,82.4,120.4,34.8,7947.2,249.9,-91.5,341.4,162.8,-25.3,179.9,-25.3,1294.5,129.6,89.6,11,370.5,288.3,364.1,288.3
54_83_992,75.75,114.2,33.75,7901.2,238.25,-97.15,335.4,155.75,-31.25,172,-31.25,1355.85,133.4,96.9,8.8,378.55,306.25,369.8,306.25
54_93_1415,90,126,35.35,8091.05,264.65,-84.7,349.35,172.1,89.45,190.4,-18.6,1275.15,129.05,86.6,12.9,372.25,279.15,365.3,283.65
54_93_1962,89.55,125.65,35.65,8047.05,262.05,-85.1,347.15,170.75,59.3,189.05,-18.6,1277.5,129.95,87.2,12.55,373.35,281.85,367.4,283.15
54_93_2126,73.1,118.4,34.15,7962.8,242.35,-99,341.35,154.05,-22.55,170.95,-34.55,1350.95,130.15,94.9,10,382.1,306,371.7,306
54_93_2147,72.65,117.55,34.25,7960.25,240.75,-99.35,340.1,153.5,-22.95,170.3,-34.95,1362.15,131.1,95.75,10,385,309,374.45,309.1
54_93_218,69.75,114.6,33.65,7959.15,236.45,-101.45,337.9,150.8,-37.45,167.55,-37.45,1322.95,126.2,92.75,9.05,371.55,293.35,361.25,293.35
54_93_2349,88.4,125.3,35.3,8108.6,262.9,-85.8,348.7,171,100.4,189,-20.6,1288.1,130.1,87.2,13,375,280.2,367.9,288.3
54_93_238,79.75,120,34.5,7968.15,248.8,-93.55,342.35,160.7,61.85,177.7,-28.05,1338.25,132.2,93.25,10.6,382.25,301.25,374.5,301.85
54_93_2493,78.7,120.9,34.7,7971.7,248.8,-94.4,343.2,159.6,90.6,176.7,-29.3,1345.5,131.6,93.8,11,383.7,301.4,374.6,305.3
54_93_424,93.85,128.2,36.05,8106.05,269.55,-80.9,350.45,175.95,93.4,194.85,-14.6,1257,129.1,85.05,13.3,370.75,275.4,363.95,276.9
54_93_43,69.45,114.95,33.45,7966.35,236.8,-101.7,338.5,150.65,-37.75,167.65,-37.75,1337.95,127.55,94,9,376.25,298.9,365.8,298.9
54_93_5686,89.8,125,35.3,8148.4,264.8,-84.6,349.4,172.7,101.8,191.5,-19.2,1298.4,131.3,86.9,12.9,378.4,281.5,371.4,291.7
54_93_5689,86.4,124.9,35.7,8066.8,259.9,-87.5,347.4,168.3,98.1,186.3,-22.2,1293.9,129.8,88.4,12.5,375.4,282.7,368,289.9
54_93_569,94.95,128.85,36.2,8097.85,270.1,-80.1,350.2,176.9,34.5,195.75,-13.2,1252.9,129.1,84.5,13.6,370.1,274.6,364.9,274.95
54_93_5698,78.5,120.9,34.6,7970,249,-94.6,343.6,159.6,90.4,176.5,-29.5,1342,130.8,93.3,11.1,382.4,301.3,373,303.8
54_93_5699,76.7,120.7,34.9,7967.5,247,-96.1,343.1,157.8,76.9,174.8,-31.1,1345.4,130.4,94.1,10.6,382.3,303.5,372.4,305.3
54_93_5701,85.8,124.6,35.8,8005.2,258,-88.1,346.1,167.2,73.4,184.5,-22.2,1290.1,129.3,88.3,12,373.6,286.5,366.5,287.4
54_93_5707,97.4,129,36,8170.4,274.2,-78.7,352.9,180.2,47.9,199.3,-12.1,1251.2,129.1,83.8,13.5,369.8,273.5,363.3,275.5
54_93_5710,94.1,127.8,36,8115.9,269.1,-81,350.1,176.2,105.3,195.1,-14.3,1269,130.3,85.2,13.1,373.8,278.4,368.4,280.7
54_93_5713,92.3,127.1,36,8071.6,266.3,-82.7,349,174.2,80.1,192.8,-15.7,1268.5,130.3,85.9,13.2,373.2,279.2,368,279.7
54_93_5715,87,124.3,35.4,8023.1,258.5,-87.1,345.6,168.1,38.9,186,-21,1291.9,130.4,88.6,12.3,375.3,286.4,368.7,287.4
54_93_5716,68.2,114.1,33.4,7955.3,234.7,-102.8,337.5,148.9,-39.1,165.9,-39.1,1351.6,128.7,95.1,9,379.7,302.5,369,302.5
54_93_5717,70.1,115.1,33.6,7944.2,236.6,-101.6,338.2,150.7,-37.6,167.4,-37.6,1338.5,127.9,94,9,376.1,299,365.8,299
54_93_5718,71.3,115.7,33.8,7963.7,238.6,-100.4,339,152.2,-36.5,169.1,-36.5,1323.4,126.6,92.6,9.1,372.4,294.5,362.1,294.5
54_93_5723,80.9,120.7,34.6,7970.2,249.9,-92.4,342.3,161.8,-26.6,179.2,-26.6,1326.6,131.5,91.8,10.9,379.8,297.9,372.3,297.9
54_93_6192,73.7,117.8,34.1,7953.8,242,-98.7,340.7,154.3,26,171.2,-34,1370,132.2,96.3,10,387.3,311.6,377.3,311.7
54_93_6194,98,129.6,36.2,8160.5,275.1,-77.9,353,180.6,36.9,199.7,-11.2,1242.8,128.5,83.4,13.7,368.4,271.7,361.7,272.7
54_93_6195,93.2,128,36.2,8058.6,267.4,-81.7,349.1,175.1,-14.5,193.3,-14.5,1244.4,128.2,83.9,13.4,366.6,272.3,361.6,272.3
54_93_6196,87.8,124.7,35.5,8020.5,259.8,-86.5,346.3,169.4,28.4,187.3,-19.7,1282.4,130,87.7,12.6,373,283.8,367.1,284.5
54_93_668,94.65,127.85,36,8119.75,269.75,-80.5,350.25,177.05,94.1,195.9,-13.8,1268.05,130.35,85.15,13.45,373.85,278.3,367.95,280.2
54_93_824,78.35,118.7,34.55,7974.7,245.65,-94.75,340.4,159.35,72.7,176.3,-29.6,1361.1,134.45,95.3,10.7,387.9,307.25,379.95,308.15
54_93_8297,86.8,123.7,35.1,8114.1,260.1,-87.8,347.9,169.2,98.8,187.2,-22.3,1317.3,132.6,88.3,12.6,382.5,286,375.4,296.8
54_93_8301,94.9,128.3,36,8144.1,271.8,-80.3,352.1,177.5,94.5,196.2,-14.2,1245.5,127.7,84.3,13.3,367,272.5,360,274.6
54_93_8311,72,117.3,33.7,7977.4,240.9,-100.3,341.2,153.3,-36,170,-36,1353.9,129.9,95.2,9.7,382,306.1,372,306.1
54_93_8313,82.3,122.9,35.4,7998.4,253.5,-91.8,345.3,163.5,94.1,181,-25.8,1317.8,130.3,91,11.5,378.3,293.3,370.5,296.5
54_93_8314,77.4,120.9,34.8,7970,248,-95.5,343.5,158.3,89.7,175.4,-30.4,1343.5,130.5,93.7,10.9,382.2,302.3,372.5,304.8
54_93_8316,73.6,117.7,34.1,7958.7,242.2,-98.7,340.9,154.3,1.7,171.3,-34.3,1369.1,132,96.3,10.1,386.7,311.4,376.7,311.5
54_93_8321,89.7,125.1,35.5,8096.2,262.9,-85.1,348,172,101.4,190.3,-19.1,1309.8,133,87.6,13,382.4,286.4,376.5,293.1
54_93_8322,97.7,129.3,36.3,8167.8,274.6,-77.9,352.5,180.5,85,199.5,-11.3,1253.2,129.1,84,13.6,370.5,274.5,363.5,276.3
54_93_8324,87.8,123.6,34.9,8073.9,259.2,-86.6,345.8,169.8,99.6,187.6,-20.7,1328.1,134.7,89.4,12.8,386.4,291.6,380.7,298.3
54_93_8326,92.3,127.1,36,8073.9,266,-83.2,349.2,173.9,103.6,192.3,-16.2,1276.6,130.9,86.1,13,375.6,280.8,369.8,282.7
54_93_8327,91.5,127.1,36,8062.7,265.4,-83,348.4,173.3,55.4,191.3,-16.6,1265.2,129.2,85.9,13,371.1,278.2,365.4,279.4
54_93_8330,74.3,118.9,34.4,7953.7,243.5,-98.2,341.7,154.7,-33.5,171.7,-33.5,1314.2,126.6,91.6,10,372.2,293.9,362.1,293.9
54_93_8331,69.1,114.5,33.5,7960.7,235.8,-102.5,338.3,149.7,-38.8,166.6,-38.8,1334.1,127.1,93.5,9,374.9,296.5,364.1,296.5
54_93_8333,70.8,115.3,33.7,7952.7,237.7,-100.6,338.3,151.4,-37,168.3,-37,1328.4,127.1,93.1,9.1,373.6,296,363.3,296
54_93_8334,72.5,116.2,33.8,7947.1,240,-99.4,339.4,153.1,-35,170.1,-35,1308,125.3,91.5,9.3,368.2,289.9,358.4,289.9
54_93_8335,79.9,120.2,34.5,7973.2,249,-93.3,342.3,160.9,56.1,178.1,-27.8,1335.5,131.9,93,10.6,381.6,300.6,373.7,301.1
54_93_857,75.5,119.05,34.25,7957.55,244.4,-96.95,341.35,156.1,-8.05,173.15,-32,1351.8,130.95,94.8,10.2,383,306.5,373.55,306.6
54_93_8809,95,128,36,8120.6,270.1,-80.5,350.6,177.3,106.6,196.4,-13.6,1266,130.1,85.1,13.6,373.2,278.3,367.5,279.8
54_93_8811,72.8,116.8,34.1,7931.7,240.5,-98.9,339.4,153.2,-34.3,170.2,-34.3,1315.9,126.1,92.4,9.2,370.2,293.8,360.5,293.8
54_93_887,91.1,126.3,35.85,8113.95,265.7,-83.55,349.25,173.35,102.85,192.05,-17.85,1282.2,130.25,86.5,13,375.05,279.55,368.15,285.9
