bio01,bio02,bio03,bio04,bio05,bio06,bio07,bio08,bio09,bio10,bio11,bio12,bio13,bio14,bio15,bio16,bio17,bio18,bio19,LAT,LON,Unnamed: 0,plot_ID,system:index
132.0,141.0,41.0,7335.0,298.0,-40.0,338.0,49.0,138.0,224.0,34.0,1507.0,161.0,90.0,14.0,440.0,313.0,373.0,411.0,35.138399,-84.180002,1,37_39_63,0
107.0,129.0,40.0,6920.0,261.0,-56.0,317.0,28.0,159.0,193.0,15.0,1860.0,193.0,125.0,10.0,523.0,412.0,448.0,496.0,35.056361,-83.650709,2,37_43_9,1
100.0,124.0,39.0,6957.0,252.0,-64.0,316.0,169.0,23.0,186.0,7.0,1480.0,144.0,105.0,9.0,400.0,330.0,397.0,330.0,35.795849,-82.229811,3,37_199_11,2
97.0,122.0,38.0,6938.0,248.0,-66.0,314.0,167.0,20.0,183.0,4.0,1486.0,145.0,106.0,9.0,402.0,333.0,399.0,333.0,35.804517,-82.350409,4,37_21_56,3
136.0,138.0,40.0,7486.0,307.0,-35.0,342.0,213.0,51.0,231.0,37.0,1264.0,122.0,92.0,9.0,344.0,278.0,340.0,286.0,35.898331,-81.810685,5,37_23_5,4
93.0,117.0,37.0,7104.0,244.0,-69.0,313.0,11.0,145.0,181.0,-2.0,1877.0,192.0,124.0,10.0,519.0,412.0,460.0,490.0,35.28354,-83.969726,6,37_75_24,5
122.0,138.0,41.0,7217.0,284.0,-50.0,334.0,40.0,129.0,212.0,25.0,1560.0,164.0,94.0,13.0,448.0,324.0,389.0,423.0,35.374042,-83.913566,7,37_75_12,6
106.0,130.0,40.0,7066.0,263.0,-61.0,324.0,25.0,158.0,193.0,11.0,1716.0,178.0,110.0,11.0,481.0,372.0,422.0,455.0,35.374272,-83.735862,8,37_75_17,7
111.0,131.0,40.0,6987.0,268.0,-55.0,323.0,109.0,34.0,199.0,18.0,1434.0,142.0,103.0,9.0,388.0,322.0,375.0,322.0,35.713585,-82.124406,9,37_111_56,8
98.0,119.0,38.0,6831.0,248.0,-58.0,306.0,21.0,149.0,184.0,7.0,2040.0,204.0,148.0,7.0,546.0,472.0,508.0,518.0,35.101422,-83.201614,10,37_113_31,9
91.0,114.0,37.0,6896.0,237.0,-65.0,302.0,12.0,142.0,176.0,-1.0,2055.0,207.0,146.0,8.0,557.0,469.0,507.0,526.0,35.046375,-83.471467,11,37_113_42,10
128.0,144.0,43.0,7025.0,290.0,-44.0,334.0,49.0,135.0,216.0,34.0,1582.0,168.0,105.0,11.0,452.0,348.0,381.0,425.0,35.149178,-83.414789,12,37_113_20,11
94.0,119.0,38.0,6926.0,243.0,-65.0,308.0,15.0,146.0,180.0,1.0,1957.0,199.0,135.0,9.0,536.0,440.0,481.0,507.0,35.161208,-83.575031,13,37_113_78,12
114.0,132.0,40.0,7271.0,275.0,-55.0,330.0,186.0,70.0,204.0,17.0,1193.0,122.0,78.0,13.0,337.0,252.0,334.0,274.0,36.01385,-82.632125,14,37_115_35,13
116.0,140.0,42.0,7107.0,277.0,-56.0,333.0,35.0,123.0,204.0,20.0,1523.0,160.0,94.0,12.0,429.0,323.0,381.0,402.0,35.492631,-83.501103,15,37_173_81,14
109.0,134.0,40.0,7103.0,268.0,-59.0,327.0,29.0,162.0,198.0,14.0,1615.0,168.0,101.0,11.0,453.0,347.0,402.0,427.0,35.492266,-83.653628,16,37_173_83,15
110.0,132.0,40.0,7178.0,268.0,-59.0,327.0,28.0,164.0,199.0,14.0,1628.0,169.0,101.0,12.0,458.0,346.0,404.0,433.0,35.487887,-83.803517,17,37_173_84,16
95.0,123.0,38.0,7012.0,249.0,-67.0,316.0,93.0,102.0,183.0,1.0,1687.0,170.0,114.0,9.0,455.0,379.0,431.0,422.0,35.602497,-83.273274,18,37_173_87,17
89.0,118.0,37.0,7036.0,240.0,-71.0,311.0,87.0,96.0,176.0,-5.0,1782.0,179.0,121.0,9.0,480.0,402.0,453.0,447.0,35.599113,-83.420678,19,37_173_88,18
119.0,134.0,40.0,7271.0,281.0,-51.0,332.0,36.0,173.0,209.0,22.0,1617.0,171.0,99.0,13.0,466.0,341.0,396.0,438.0,35.219374,-84.139063,20,37_39_1,19
129.0,141.0,41.0,7289.0,294.0,-43.0,337.0,46.0,136.0,220.0,32.0,1528.0,163.0,92.0,14.0,446.0,318.0,379.0,416.0,35.149167,-84.116066,21,37_39_28,20
133.0,141.0,41.0,7323.0,300.0,-38.0,338.0,50.0,140.0,224.0,35.0,1510.0,162.0,91.0,14.0,443.0,315.0,372.0,412.0,35.072756,-84.162885,22,37_39_57,21
95.0,120.0,38.0,6906.0,246.0,-64.0,310.0,93.0,102.0,182.0,3.0,1768.0,176.0,130.0,8.0,472.0,413.0,456.0,427.0,35.454968,-82.949991,23,37_87_28,22
88.0,113.0,37.0,6867.0,234.0,-67.0,301.0,86.0,95.0,173.0,-4.0,1973.0,194.0,148.0,7.0,522.0,468.0,504.0,479.0,35.298088,-82.989113,24,37_99_10,23
117.0,134.0,41.0,6931.0,275.0,-47.0,322.0,115.0,124.0,204.0,25.0,1804.0,183.0,132.0,8.0,481.0,418.0,451.0,454.0,35.220215,-83.028695,25,37_99_8,24
89.0,115.0,37.0,6932.0,237.0,-70.0,307.0,160.0,-3.0,176.0,-3.0,1620.0,156.0,116.0,9.0,437.0,363.0,434.0,363.0,35.738718,-82.35637,26,37_21_4,25
125.0,132.0,39.0,7388.0,290.0,-44.0,334.0,200.0,42.0,218.0,27.0,1333.0,127.0,95.0,9.0,362.0,291.0,357.0,294.0,35.992963,-81.596443,27,37_27_8,26
111.0,134.0,40.0,7088.0,272.0,-56.0,328.0,109.0,117.0,200.0,17.0,1351.0,139.0,86.0,11.0,370.0,291.0,357.0,333.0,35.670292,-83.088604,28,37_87_37,27
97.0,123.0,39.0,6905.0,249.0,-63.0,312.0,19.0,149.0,183.0,5.0,1852.0,188.0,128.0,9.0,502.0,421.0,462.0,473.0,35.335961,-83.35222,29,37_173_40,28
124.0,140.0,42.0,6929.0,283.0,-45.0,328.0,45.0,131.0,210.0,32.0,1726.0,181.0,119.0,10.0,486.0,388.0,413.0,461.0,35.07992,-83.331235,30,37_113_40,29
98.0,125.0,39.0,7012.0,251.0,-65.0,316.0,18.0,104.0,185.0,4.0,1719.0,175.0,114.0,9.0,468.0,382.0,433.0,440.0,35.531659,-83.460119,31,37_173_44,30
117.0,133.0,40.0,7053.0,277.0,-49.0,326.0,206.0,74.0,206.0,24.0,1357.0,136.0,101.0,10.0,366.0,308.0,366.0,314.0,35.468127,-82.690401,32,37_21_2,31
107.0,125.0,38.0,7144.0,264.0,-57.0,321.0,179.0,11.0,196.0,11.0,1415.0,134.0,100.0,10.0,387.0,309.0,382.0,309.0,36.076969,-81.784968,33,37_11_6,32
120.0,131.0,39.0,7299.0,285.0,-47.0,332.0,195.0,38.0,212.0,23.0,1346.0,129.0,96.0,9.0,367.0,295.0,361.0,296.0,36.024309,-81.735957,34,37_27_45,33
109.0,128.0,39.0,7062.0,266.0,-57.0,323.0,105.0,30.0,197.0,14.0,1438.0,139.0,103.0,9.0,388.0,319.0,383.0,319.0,35.898746,-81.914305,35,37_111_65,34
101.0,126.0,40.0,6879.0,254.0,-60.0,314.0,23.0,108.0,186.0,9.0,1833.0,186.0,127.0,9.0,498.0,416.0,457.0,470.0,35.309384,-83.317336,36,37_99_58,35
105.0,124.0,40.0,6794.0,256.0,-52.0,308.0,28.0,156.0,190.0,14.0,2015.0,203.0,144.0,8.0,546.0,462.0,496.0,521.0,35.06229,-83.256237,37,37_113_36,36
115.0,138.0,42.0,6939.0,273.0,-53.0,326.0,36.0,122.0,201.0,22.0,1690.0,177.0,111.0,11.0,478.0,371.0,410.0,452.0,35.237743,-83.512077,38,37_113_3,37
84.0,115.0,37.0,7028.0,234.0,-74.0,308.0,82.0,91.0,172.0,-10.0,1822.0,181.0,127.0,8.0,489.0,417.0,465.0,451.0,35.623381,-83.357952,39,37_173_25,38
106.0,133.0,41.0,7031.0,264.0,-60.0,324.0,26.0,113.0,194.0,12.0,1595.0,165.0,104.0,10.0,438.0,350.0,403.0,409.0,35.532762,-83.342978,40,37_173_48,39
98.0,125.0,39.0,7046.0,252.0,-66.0,318.0,17.0,150.0,185.0,3.0,1717.0,175.0,113.0,10.0,469.0,381.0,431.0,441.0,35.534752,-83.518756,41,37_173_15,40
124.0,143.0,42.0,7157.0,286.0,-50.0,336.0,42.0,132.0,212.0,27.0,1468.0,154.0,89.0,13.0,415.0,307.0,370.0,390.0,35.463218,-83.546806,42,37_173_65,41
117.0,131.0,40.0,7054.0,275.0,-50.0,325.0,205.0,38.0,205.0,23.0,1427.0,142.0,108.0,9.0,382.0,328.0,382.0,331.0,35.441396,-82.643455,43,37_89_23,42
99.0,120.0,38.0,6883.0,249.0,-59.0,308.0,97.0,106.0,185.0,8.0,1866.0,184.0,142.0,7.0,494.0,443.0,478.0,451.0,35.305864,-82.851578,44,37_175_48,43
138.0,136.0,39.0,7573.0,310.0,-33.0,343.0,216.0,53.0,234.0,38.0,1256.0,120.0,89.0,10.0,343.0,272.0,341.0,282.0,35.94636,-81.541472,45,37_27_13,44
122.0,137.0,40.0,7330.0,286.0,-50.0,336.0,195.0,78.0,213.0,24.0,1199.0,123.0,81.0,13.0,343.0,256.0,336.0,272.0,36.068933,-82.349116,46,37_199_10,45
123.0,144.0,42.0,7013.0,286.0,-49.0,335.0,44.0,130.0,210.0,29.0,1533.0,163.0,98.0,12.0,437.0,331.0,376.0,409.0,35.29867,-83.449276,47,37_113_77,46
107.0,132.0,40.0,6992.0,263.0,-59.0,322.0,27.0,159.0,194.0,13.0,1747.0,181.0,114.0,11.0,489.0,383.0,428.0,463.0,35.295788,-83.604755,48,37_173_75,47
105.0,129.0,40.0,6976.0,260.0,-59.0,319.0,25.0,157.0,192.0,12.0,1796.0,186.0,118.0,10.0,503.0,395.0,439.0,476.0,35.236733,-83.66313,49,37_113_68,48
98.0,121.0,39.0,6891.0,248.0,-61.0,309.0,19.0,149.0,184.0,6.0,1974.0,201.0,137.0,9.0,543.0,445.0,482.0,515.0,35.052076,-83.561186,50,37_113_16,49
108.0,131.0,40.0,6956.0,263.0,-57.0,320.0,29.0,160.0,194.0,15.0,1806.0,188.0,119.0,11.0,510.0,397.0,436.0,483.0,35.139539,-83.68762,51,37_43_22,50
129.0,143.0,42.0,7050.0,290.0,-43.0,333.0,49.0,137.0,216.0,34.0,1612.0,172.0,101.0,13.0,470.0,342.0,388.0,443.0,35.010196,-83.757237,52,37_43_15,51
113.0,136.0,41.0,7158.0,273.0,-57.0,330.0,32.0,121.0,202.0,17.0,1561.0,163.0,96.0,12.0,439.0,331.0,391.0,413.0,35.527097,-83.678916,53,37_173_39,52
128.0,135.0,40.0,7256.0,293.0,-42.0,335.0,126.0,46.0,219.0,32.0,1335.0,131.0,97.0,9.0,361.0,298.0,354.0,303.0,35.743313,-82.026139,54,37_111_40,53
125.0,141.0,42.0,7205.0,286.0,-48.0,334.0,43.0,132.0,214.0,28.0,1497.0,157.0,89.0,13.0,426.0,310.0,377.0,401.0,35.452627,-83.70464,55,37_173_64,54
75.0,102.0,34.0,6964.0,216.0,-80.0,296.0,145.0,-18.0,162.0,-18.0,1611.0,151.0,108.0,11.0,450.0,342.0,446.0,342.0,36.138759,-82.01199,56,37_11_8,55
118.0,139.0,41.0,7075.0,278.0,-53.0,331.0,38.0,126.0,206.0,23.0,1640.0,172.0,102.0,12.0,472.0,349.0,400.0,447.0,35.220139,-83.795829,57,37_39_11,56
111.0,132.0,41.0,6896.0,266.0,-53.0,319.0,33.0,117.0,197.0,19.0,1809.0,185.0,128.0,9.0,491.0,414.0,448.0,464.0,35.236228,-83.19635,58,37_99_17,57
125.0,137.0,40.0,7351.0,291.0,-46.0,337.0,200.0,131.0,218.0,28.0,1214.0,124.0,71.0,14.0,340.0,249.0,334.0,294.0,35.764973,-83.114277,59,37_87_78,58
98.0,126.0,39.0,6988.0,253.0,-63.0,316.0,96.0,105.0,186.0,5.0,1611.0,163.0,109.0,9.0,435.0,360.0,416.0,400.0,35.620843,-83.193812,60,37_173_51,59
101.0,128.0,40.0,6988.0,257.0,-62.0,319.0,99.0,108.0,189.0,8.0,1632.0,166.0,111.0,9.0,440.0,366.0,418.0,408.0,35.536256,-83.187682,61,37_173_27,60
92.0,119.0,38.0,7003.0,243.0,-69.0,312.0,162.0,15.0,179.0,-1.0,1439.0,139.0,101.0,10.0,401.0,315.0,398.0,317.0,36.140443,-82.167389,62,37_121_18,61
105.0,127.0,39.0,6970.0,260.0,-59.0,319.0,103.0,28.0,192.0,12.0,1414.0,139.0,101.0,9.0,382.0,317.0,379.0,318.0,35.71917,-82.404498,63,37_21_33,62
101.0,126.0,39.0,7098.0,256.0,-64.0,320.0,20.0,153.0,189.0,6.0,1768.0,182.0,115.0,10.0,492.0,386.0,435.0,465.0,35.384577,-83.784596,64,37_75_22,63
107.0,130.0,40.0,6979.0,262.0,-58.0,320.0,28.0,159.0,194.0,14.0,1793.0,186.0,118.0,11.0,505.0,394.0,435.0,478.0,35.179739,-83.706349,65,37_113_32,64
131.0,141.0,41.0,7299.0,297.0,-40.0,337.0,48.0,138.0,222.0,34.0,1513.0,162.0,91.0,14.0,443.0,315.0,375.0,412.0,35.096106,-84.129643,66,37_39_44,65
109.0,130.0,40.0,7213.0,267.0,-58.0,325.0,27.0,163.0,199.0,13.0,1666.0,174.0,104.0,12.0,471.0,354.0,410.0,445.0,35.416529,-83.980001,67,37_75_26,66
110.0,130.0,40.0,7190.0,268.0,-57.0,325.0,29.0,164.0,200.0,14.0,1696.0,178.0,106.0,12.0,483.0,361.0,414.0,455.0,35.254281,-84.063244,68,37_39_12,67
84.0,110.0,36.0,6872.0,228.0,-71.0,299.0,81.0,90.0,169.0,-8.0,1978.0,193.0,150.0,7.0,523.0,471.0,508.0,476.0,35.326649,-82.926618,69,37_87_49,68
84.0,111.0,37.0,6881.0,229.0,-71.0,300.0,82.0,91.0,170.0,-8.0,1956.0,192.0,145.0,7.0,519.0,461.0,501.0,475.0,35.371025,-83.04567,70,37_99_55,69
136.0,137.0,40.0,7513.0,307.0,-35.0,342.0,213.0,52.0,231.0,37.0,1265.0,121.0,92.0,9.0,345.0,277.0,341.0,286.0,35.906045,-81.740188,71,37_23_52,70
106.0,127.0,40.0,6899.0,260.0,-56.0,316.0,104.0,112.0,193.0,14.0,1726.0,173.0,127.0,8.0,461.0,402.0,442.0,421.0,35.361675,-82.921993,72,37_87_70,71
134.0,136.0,40.0,7338.0,300.0,-36.0,336.0,131.0,51.0,226.0,37.0,1289.0,127.0,94.0,9.0,349.0,287.0,345.0,294.0,35.673834,-82.138523,73,37_111_30,72
105.0,128.0,40.0,6970.0,260.0,-59.0,319.0,102.0,28.0,193.0,12.0,1443.0,142.0,103.0,9.0,390.0,323.0,383.0,323.0,35.758062,-82.22184,74,37_199_26,73
79.0,111.0,36.0,6997.0,226.0,-78.0,304.0,77.0,87.0,166.0,-14.0,1847.0,182.0,132.0,8.0,495.0,428.0,476.0,448.0,35.657412,-83.192394,75,37_87_65,74
111.0,128.0,40.0,6958.0,265.0,-52.0,317.0,109.0,117.0,198.0,18.0,1670.0,166.0,128.0,8.0,443.0,396.0,434.0,397.0,35.341775,-82.722617,76,37_175_10,75
125.0,133.0,39.0,7360.0,291.0,-44.0,335.0,200.0,42.0,217.0,27.0,1330.0,128.0,95.0,9.0,362.0,291.0,357.0,295.0,35.972309,-81.717663,77,37_27_7,76
102.0,127.0,40.0,6953.0,255.0,-61.0,316.0,22.0,153.0,188.0,9.0,1835.0,188.0,123.0,10.0,508.0,408.0,451.0,481.0,35.26119,-83.557826,78,37_113_10,77
125.0,136.0,40.0,7246.0,289.0,-45.0,334.0,123.0,44.0,216.0,29.0,1319.0,130.0,96.0,9.0,359.0,294.0,350.0,298.0,35.801427,-82.076057,79,37_111_39,78
124.0,140.0,41.0,7192.0,286.0,-49.0,335.0,42.0,131.0,213.0,27.0,1552.0,163.0,93.0,13.0,446.0,322.0,386.0,422.0,35.344155,-83.832279,80,37_75_46,79
112.0,136.0,41.0,7039.0,270.0,-57.0,327.0,32.0,164.0,199.0,17.0,1662.0,174.0,106.0,11.0,470.0,360.0,407.0,444.0,35.34456,-83.631109,81,37_75_48,80
105.0,128.0,40.0,6937.0,259.0,-58.0,317.0,26.0,156.0,191.0,12.0,1878.0,193.0,128.0,10.0,521.0,420.0,457.0,494.0,35.13912,-83.526601,82,37_113_63,81
125.0,140.0,41.0,7227.0,286.0,-48.0,334.0,43.0,132.0,214.0,28.0,1515.0,159.0,90.0,13.0,433.0,312.0,381.0,409.0,35.440943,-83.775492,83,37_75_37,82
130.0,142.0,42.0,7180.0,293.0,-44.0,337.0,48.0,137.0,219.0,33.0,1462.0,153.0,86.0,14.0,417.0,299.0,371.0,393.0,35.431445,-83.690584,84,37_75_32,83
101.0,123.0,39.0,6854.0,251.0,-59.0,310.0,22.0,151.0,186.0,9.0,1951.0,199.0,135.0,9.0,538.0,439.0,476.0,510.0,35.077761,-83.521438,85,37_113_41,84
101.0,125.0,39.0,6933.0,253.0,-61.0,314.0,22.0,153.0,187.0,8.0,1894.0,194.0,128.0,10.0,525.0,421.0,462.0,498.0,35.143269,-83.613559,86,37_113_61,85
118.0,138.0,42.0,6968.0,276.0,-50.0,326.0,39.0,171.0,205.0,25.0,1734.0,183.0,113.0,12.0,498.0,379.0,413.0,472.0,35.034329,-83.678022,87,37_43_1,86
89.0,118.0,37.0,7085.0,241.0,-71.0,312.0,8.0,141.0,178.0,-5.0,1809.0,183.0,121.0,9.0,490.0,403.0,454.0,461.0,35.56196,-83.627915,88,37_173_82,87
96.0,123.0,39.0,7023.0,249.0,-65.0,314.0,93.0,103.0,184.0,2.0,1523.0,152.0,106.0,9.0,412.0,344.0,403.0,364.0,35.76092,-82.942264,89,37_115_32,88
108.0,132.0,40.0,7134.0,268.0,-59.0,327.0,105.0,115.0,197.0,13.0,1375.0,141.0,87.0,11.0,378.0,295.0,363.0,339.0,35.760104,-83.140542,90,37_87_42,89
113.0,132.0,41.0,6853.0,268.0,-51.0,319.0,35.0,164.0,198.0,21.0,1859.0,193.0,127.0,10.0,521.0,416.0,446.0,496.0,35.045404,-83.457898,91,37_113_79,90
105.0,128.0,34.0,8734.0,290.0,-81.0,371.0,194.0,-13.0,213.0,-13.0,1026.0,112.0,62.0,19.0,319.0,203.0,309.0,203.0,39.575522,-82.153233,92,39_127_4165,91
117.0,129.0,35.0,8447.0,297.0,-65.0,362.0,203.0,3.0,222.0,3.0,1088.0,120.0,71.0,16.0,325.0,232.0,319.0,232.0,38.658549,-82.610231,93,39_87_1472,92
116.0,129.0,35.0,8498.0,297.0,-67.0,364.0,203.0,2.0,222.0,2.0,1084.0,119.0,71.0,16.0,323.0,230.0,317.0,230.0,38.713562,-82.605635,94,39_87_8383,93
118.0,129.0,35.0,8468.0,299.0,-64.0,363.0,205.0,4.0,224.0,4.0,1090.0,121.0,72.0,16.0,326.0,233.0,320.0,233.0,38.641386,-82.560709,95,39_87_12789,94
105.0,128.0,34.0,8748.0,290.0,-82.0,372.0,194.0,-14.0,213.0,-14.0,1025.0,111.0,62.0,19.0,317.0,203.0,304.0,203.0,39.547609,-82.237929,96,39_73_12472,95
109.0,127.0,35.0,8549.0,289.0,-73.0,362.0,195.0,-7.0,215.0,-7.0,1074.0,112.0,68.0,15.0,317.0,221.0,316.0,221.0,39.46192,-81.179558,97,39_167_14073,96
111.0,129.0,35.0,8601.0,293.0,-73.0,366.0,198.0,-5.0,218.0,-5.0,1040.0,110.0,64.0,16.0,312.0,209.0,309.0,209.0,39.608766,-81.110884,98,39_111_13152,97
110.0,123.0,34.0,8580.0,289.0,-71.0,360.0,197.0,-6.0,216.0,-6.0,1049.0,110.0,67.0,15.0,310.0,215.0,310.0,215.0,39.47543,-81.338954,99,39_167_14052,98
105.0,129.0,34.0,8770.0,290.0,-82.0,372.0,195.0,-14.0,213.0,-14.0,1022.0,111.0,62.0,19.0,316.0,201.0,303.0,201.0,39.565521,-82.265308,100,39_73_47,99
109.0,127.0,34.0,8583.0,290.0,-75.0,365.0,195.0,-8.0,215.0,-8.0,1048.0,111.0,65.0,16.0,315.0,212.0,311.0,212.0,39.607135,-81.175701,101,39_111_4162,100
117.0,132.0,35.0,8529.0,299.0,-68.0,367.0,204.0,2.0,223.0,2.0,1062.0,117.0,69.0,17.0,316.0,222.0,311.0,222.0,38.846134,-82.538529,102,39_53_8375,101
119.0,133.0,36.0,8499.0,301.0,-67.0,368.0,205.0,4.0,224.0,4.0,1061.0,118.0,69.0,17.0,315.0,222.0,311.0,222.0,38.81427,-82.440905,103,39_53_5288,102
115.0,129.0,35.0,8547.0,297.0,-69.0,366.0,203.0,0.0,221.0,0.0,1068.0,116.0,69.0,16.0,317.0,225.0,312.0,225.0,38.823803,-82.642993,104,39_87_4550,103
116.0,130.0,35.0,8492.0,297.0,-68.0,365.0,202.0,1.0,221.0,1.0,1083.0,120.0,71.0,17.0,323.0,228.0,318.0,228.0,38.76664,-82.536898,105,39_87_1217,104
116.0,129.0,35.0,8508.0,298.0,-67.0,365.0,203.0,2.0,222.0,2.0,1070.0,116.0,69.0,16.0,318.0,227.0,313.0,227.0,38.752792,-82.692639,106,39_145_4036,105
119.0,130.0,35.0,8491.0,300.0,-64.0,364.0,205.0,4.0,224.0,4.0,1069.0,117.0,70.0,16.0,318.0,229.0,313.0,229.0,38.691051,-82.685664,107,39_87_2686,106
119.0,130.0,35.0,8495.0,300.0,-64.0,364.0,206.0,128.0,225.0,5.0,1062.0,115.0,69.0,16.0,316.0,228.0,311.0,228.0,38.671581,-82.751228,108,39_87_266,107
117.0,131.0,35.0,8500.0,298.0,-68.0,366.0,203.0,2.0,222.0,2.0,1074.0,119.0,70.0,17.0,320.0,225.0,315.0,225.0,38.799721,-82.53196,109,39_53_612,108
119.0,130.0,35.0,8490.0,300.0,-65.0,365.0,206.0,5.0,225.0,5.0,1084.0,120.0,71.0,16.0,324.0,232.0,319.0,232.0,38.636948,-82.581214,110,39_87_638,109
118.0,130.0,35.0,8503.0,299.0,-67.0,366.0,204.0,3.0,223.0,3.0,1078.0,119.0,71.0,16.0,321.0,228.0,316.0,228.0,38.744091,-82.570256,111,39_87_595,110
104.0,128.0,34.0,8719.0,288.0,-82.0,370.0,193.0,-14.0,212.0,-14.0,1029.0,112.0,63.0,19.0,319.0,204.0,309.0,204.0,39.564718,-82.158969,112,39_127_629,111
117.0,130.0,35.0,8422.0,297.0,-66.0,363.0,203.0,4.0,222.0,4.0,1093.0,123.0,73.0,16.0,325.0,233.0,321.0,233.0,38.644015,-82.419059,113,39_87_192,112
104.0,128.0,35.0,8552.0,286.0,-78.0,364.0,191.0,-11.0,210.0,-11.0,1105.0,117.0,70.0,16.0,332.0,226.0,326.0,226.0,39.627984,-80.957114,114,39_111_7156,113
120.0,130.0,35.0,8445.0,301.0,-62.0,363.0,206.0,129.0,225.0,6.0,1082.0,120.0,71.0,16.0,324.0,233.0,318.0,233.0,38.581049,-82.609824,115,39_87_11220,114
107.0,129.0,34.0,8698.0,292.0,-79.0,371.0,196.0,-10.0,215.0,-10.0,1013.0,110.0,62.0,19.0,311.0,202.0,298.0,202.0,39.419027,-82.249812,116,39_9_8312,115
106.0,129.0,34.0,8701.0,291.0,-80.0,371.0,195.0,-11.0,214.0,-11.0,1017.0,110.0,62.0,19.0,313.0,202.0,302.0,202.0,39.479537,-82.199423,117,39_73_409,116
118.0,130.0,35.0,8484.0,299.0,-64.0,363.0,205.0,4.0,224.0,4.0,1081.0,119.0,71.0,16.0,322.0,232.0,317.0,232.0,38.663325,-82.64144,118,39_87_12775,117
107.0,129.0,34.0,8676.0,292.0,-78.0,370.0,196.0,-10.0,215.0,-10.0,1019.0,111.0,63.0,18.0,312.0,204.0,303.0,204.0,39.446516,-82.129428,119,39_9_11689,118
115.0,129.0,35.0,8488.0,295.0,-69.0,364.0,202.0,1.0,221.0,1.0,1085.0,119.0,71.0,16.0,323.0,229.0,318.0,229.0,38.743409,-82.599593,120,39_87_15693,119
122.0,133.0,36.0,8471.0,304.0,-63.0,367.0,208.0,8.0,227.0,8.0,1075.0,121.0,71.0,16.0,322.0,228.0,317.0,228.0,38.651749,-82.495779,121,39_87_12778,120
119.0,130.0,35.0,8414.0,300.0,-62.0,362.0,205.0,6.0,224.0,6.0,1088.0,122.0,72.0,16.0,325.0,233.0,320.0,233.0,38.604532,-82.509731,122,39_87_12785,121
110.0,129.0,35.0,8523.0,291.0,-73.0,364.0,196.0,-5.0,216.0,-5.0,1070.0,112.0,67.0,15.0,317.0,220.0,315.0,220.0,39.490571,-81.105426,123,39_167_14071,122
107.0,125.0,34.0,8573.0,287.0,-76.0,363.0,193.0,-10.0,213.0,-10.0,1060.0,112.0,66.0,16.0,318.0,215.0,315.0,215.0,39.586087,-81.226444,124,39_111_15730,123
106.0,129.0,34.0,8794.0,292.0,-82.0,374.0,195.0,-14.0,214.0,-14.0,1016.0,111.0,61.0,20.0,315.0,199.0,302.0,199.0,39.600749,-82.292386,125,39_127_2815,124
109.0,128.0,34.0,8592.0,291.0,-75.0,366.0,196.0,-7.0,216.0,-7.0,1056.0,111.0,66.0,16.0,316.0,214.0,312.0,214.0,39.621655,-81.082368,126,39_111_511,125
118.0,129.0,35.0,8470.0,299.0,-64.0,363.0,205.0,4.0,224.0,4.0,1092.0,121.0,72.0,16.0,326.0,234.0,320.0,234.0,38.622011,-82.585864,127,39_87_4677,126
108.0,130.0,34.0,8722.0,293.0,-79.0,372.0,196.0,-10.0,215.0,-10.0,1001.0,109.0,61.0,19.0,308.0,199.0,295.0,199.0,39.484068,-82.245906,128,39_73_3185,127
104.0,126.0,34.0,8684.0,286.0,-80.0,366.0,192.0,-14.0,211.0,-14.0,1027.0,115.0,62.0,20.0,322.0,202.0,314.0,202.0,39.618854,-82.048042,129,39_127_1162,128
106.0,126.0,34.0,8600.0,287.0,-77.0,364.0,193.0,-10.0,213.0,-10.0,1057.0,112.0,66.0,16.0,319.0,213.0,314.0,213.0,39.658368,-81.155217,130,39_111_3424,129
117.0,130.0,35.0,8530.0,298.0,-67.0,365.0,204.0,2.0,223.0,2.0,1078.0,119.0,71.0,16.0,321.0,228.0,316.0,228.0,38.765188,-82.562764,131,39_87_2263,130
108.0,127.0,35.0,8537.0,288.0,-74.0,362.0,194.0,-8.0,214.0,-8.0,1081.0,113.0,69.0,15.0,320.0,223.0,318.0,223.0,39.486045,-81.160293,132,39_167_3191,131
120.0,130.0,35.0,8492.0,302.0,-63.0,365.0,206.0,129.0,226.0,6.0,1063.0,116.0,69.0,16.0,317.0,228.0,312.0,228.0,38.647279,-82.718458,133,39_87_8391,132
119.0,130.0,35.0,8440.0,300.0,-64.0,364.0,205.0,128.0,224.0,6.0,1088.0,121.0,71.0,16.0,326.0,234.0,320.0,234.0,38.584671,-82.569473,134,39_87_8054,133
103.0,128.0,34.0,8780.0,289.0,-84.0,373.0,193.0,-16.0,212.0,-16.0,1028.0,111.0,62.0,20.0,320.0,202.0,308.0,202.0,39.626782,-82.246273,135,39_127_8297,134
119.0,130.0,35.0,8448.0,301.0,-64.0,365.0,205.0,128.0,225.0,6.0,1072.0,117.0,70.0,16.0,320.0,230.0,314.0,231.0,38.576339,-82.754065,136,39_87_8394,135
106.0,129.0,34.0,8754.0,291.0,-82.0,373.0,194.0,-13.0,213.0,-13.0,1019.0,111.0,62.0,19.0,315.0,201.0,302.0,201.0,39.559968,-82.255969,137,39_73_8306,136
111.0,125.0,34.0,8549.0,291.0,-70.0,361.0,198.0,-4.0,217.0,-4.0,1064.0,111.0,69.0,15.0,312.0,222.0,312.0,222.0,39.395025,-81.257562,138,39_167_14076,137
104.0,128.0,34.0,8734.0,288.0,-83.0,371.0,193.0,-14.0,212.0,-14.0,1028.0,111.0,62.0,19.0,319.0,203.0,308.0,203.0,39.578223,-82.201146,139,39_127_13404,138
121.0,131.0,35.0,8489.0,304.0,-62.0,366.0,208.0,130.0,227.0,8.0,1073.0,119.0,70.0,16.0,321.0,230.0,316.0,231.0,38.592808,-82.625619,140,39_87_12792,139
108.0,130.0,35.0,8689.0,293.0,-78.0,371.0,197.0,-9.0,216.0,-9.0,1010.0,109.0,62.0,18.0,309.0,202.0,297.0,202.0,39.414903,-82.216897,141,39_9_11693,140
116.0,129.0,35.0,8463.0,295.0,-68.0,363.0,202.0,2.0,221.0,2.0,1093.0,122.0,72.0,16.0,325.0,231.0,320.0,231.0,38.70736,-82.418189,142,39_53_2780,141
118.0,131.0,35.0,8477.0,299.0,-66.0,365.0,204.0,4.0,223.0,4.0,1080.0,121.0,71.0,17.0,323.0,228.0,318.0,228.0,38.729374,-82.523451,143,39_87_2049,142
118.0,129.0,35.0,8520.0,299.0,-65.0,364.0,205.0,3.0,224.0,3.0,1064.0,114.0,69.0,16.0,315.0,228.0,310.0,228.0,38.714406,-82.770116,144,39_145_3125,143
108.0,124.0,34.0,8597.0,288.0,-75.0,363.0,195.0,-9.0,214.0,-9.0,1044.0,111.0,65.0,16.0,314.0,210.0,311.0,210.0,39.597671,-81.295411,145,39_121_5629,144
120.0,131.0,35.0,8478.0,301.0,-64.0,365.0,207.0,6.0,226.0,6.0,1083.0,121.0,71.0,16.0,324.0,232.0,319.0,232.0,38.632298,-82.544104,146,39_87_614,145
117.0,129.0,35.0,8497.0,298.0,-66.0,364.0,204.0,2.0,222.0,2.0,1082.0,119.0,71.0,16.0,323.0,229.0,317.0,229.0,38.704834,-82.635558,147,39_87_571,146
113.0,129.0,35.0,8553.0,295.0,-70.0,365.0,200.0,-2.0,219.0,-2.0,1051.0,109.0,67.0,15.0,308.0,218.0,308.0,218.0,39.432901,-81.189539,148,39_167_3819,147
118.0,131.0,35.0,8532.0,300.0,-67.0,367.0,205.0,3.0,224.0,3.0,1074.0,120.0,70.0,17.0,320.0,225.0,316.0,225.0,38.779424,-82.471143,149,39_53_361,148
106.0,126.0,34.0,8591.0,287.0,-77.0,364.0,193.0,-10.0,213.0,-10.0,1059.0,112.0,66.0,16.0,319.0,213.0,315.0,213.0,39.642756,-81.143399,150,39_111_2349,149
111.0,128.0,35.0,8594.0,293.0,-72.0,365.0,198.0,-5.0,218.0,-5.0,1035.0,109.0,64.0,16.0,309.0,209.0,307.0,209.0,39.56743,-81.176514,151,39_167_2121,150
106.0,127.0,34.0,8685.0,289.0,-78.0,367.0,194.0,-12.0,213.0,-12.0,1023.0,114.0,63.0,19.0,318.0,203.0,311.0,203.0,39.591216,-82.04411,152,39_127_5693,151
107.0,129.0,34.0,8682.0,290.0,-79.0,369.0,196.0,-10.0,215.0,-10.0,1020.0,111.0,63.0,18.0,313.0,204.0,303.0,204.0,39.445259,-82.157386,153,39_9_3039,152
107.0,125.0,34.0,8619.0,288.0,-76.0,364.0,194.0,-10.0,214.0,-10.0,1038.0,111.0,64.0,17.0,314.0,208.0,310.0,208.0,39.659603,-81.240173,154,39_111_3233,153
104.0,129.0,34.0,8784.0,290.0,-84.0,374.0,193.0,-15.0,212.0,-15.0,1025.0,111.0,62.0,19.0,318.0,202.0,305.0,202.0,39.619344,-82.267624,155,39_127_2746,154
117.0,129.0,35.0,8503.0,298.0,-66.0,364.0,203.0,3.0,223.0,3.0,1072.0,116.0,70.0,16.0,318.0,229.0,313.0,229.0,38.709957,-82.700962,156,39_145_4087,155
109.0,125.0,34.0,8616.0,290.0,-74.0,364.0,196.0,-8.0,216.0,-8.0,1034.0,110.0,64.0,17.0,311.0,208.0,309.0,208.0,39.602068,-81.292621,157,39_121_2759,156
108.0,126.0,34.0,8525.0,287.0,-75.0,362.0,194.0,-8.0,213.0,-8.0,1081.0,113.0,69.0,15.0,320.0,223.0,318.0,223.0,39.495991,-81.178928,158,39_167_5386,157
110.0,125.0,34.0,8512.0,289.0,-71.0,360.0,196.0,-6.0,215.0,-6.0,1076.0,112.0,69.0,15.0,316.0,224.0,316.0,224.0,39.421669,-81.224553,159,39_167_4441,158
117.0,132.0,35.0,8516.0,299.0,-69.0,368.0,204.0,2.0,223.0,2.0,1064.0,118.0,69.0,17.0,317.0,222.0,312.0,222.0,38.839745,-82.506125,160,39_53_2769,159
117.0,130.0,35.0,8462.0,298.0,-67.0,365.0,203.0,3.0,222.0,3.0,1081.0,121.0,71.0,16.0,323.0,228.0,318.0,228.0,38.747089,-82.500639,161,39_87_1349,160
120.0,130.0,35.0,8468.0,302.0,-63.0,365.0,206.0,6.0,226.0,6.0,1080.0,120.0,71.0,16.0,324.0,232.0,318.0,232.0,38.591686,-82.611601,162,39_87_3919,161
108.0,127.0,34.0,8573.0,289.0,-75.0,364.0,195.0,-8.0,214.0,-8.0,1053.0,111.0,66.0,16.0,315.0,213.0,312.0,213.0,39.593204,-81.164617,163,39_111_4244,162
109.0,130.0,35.0,8700.0,294.0,-77.0,371.0,198.0,-8.0,217.0,-8.0,1000.0,108.0,61.0,19.0,307.0,200.0,295.0,200.0,39.461308,-82.208053,164,39_9_3882,163
107.0,127.0,34.0,8726.0,289.0,-80.0,369.0,195.0,-12.0,214.0,-12.0,1040.0,114.0,62.0,19.0,318.0,202.0,304.0,202.0,39.316987,-82.593341,165,39_163_8639,164
106.0,128.0,34.0,8719.0,290.0,-81.0,371.0,195.0,-12.0,214.0,-12.0,1028.0,113.0,62.0,19.0,315.0,202.0,301.0,202.0,39.40447,-82.380616,166,39_73_8322,165
119.0,131.0,35.0,8459.0,300.0,-65.0,365.0,205.0,5.0,224.0,5.0,1081.0,120.0,71.0,16.0,323.0,230.0,318.0,230.0,38.676982,-82.562007,167,39_87_8381,166
107.0,129.0,34.0,8730.0,292.0,-81.0,373.0,195.0,-12.0,214.0,-12.0,1010.0,111.0,61.0,19.0,312.0,200.0,298.0,200.0,39.505961,-82.278603,168,39_73_8307,167
115.0,129.0,35.0,8500.0,296.0,-69.0,365.0,202.0,1.0,221.0,1.0,1083.0,119.0,71.0,16.0,322.0,228.0,317.0,228.0,38.776391,-82.564189,169,39_87_12767,168
104.0,126.0,34.0,8684.0,286.0,-80.0,366.0,192.0,-14.0,211.0,-14.0,1027.0,115.0,62.0,20.0,322.0,202.0,314.0,202.0,39.618488,-82.048905,170,39_127_13401,169
109.0,123.0,34.0,8556.0,288.0,-73.0,361.0,196.0,-7.0,215.0,-7.0,1067.0,112.0,68.0,15.0,316.0,220.0,315.0,220.0,39.462043,-81.290137,171,39_167_14051,170
120.0,130.0,35.0,8503.0,302.0,-63.0,365.0,207.0,129.0,225.0,5.0,1050.0,113.0,67.0,16.0,311.0,225.0,306.0,225.0,38.739391,-82.752728,172,39_145_13694,171
121.0,131.0,35.0,8493.0,304.0,-62.0,366.0,208.0,130.0,227.0,7.0,1066.0,117.0,70.0,16.0,318.0,229.0,313.0,229.0,38.628014,-82.662002,173,39_87_12793,172
104.0,128.0,34.0,8771.0,288.0,-83.0,371.0,193.0,-15.0,212.0,-15.0,1029.0,112.0,62.0,20.0,321.0,202.0,310.0,202.0,39.627517,-82.186337,174,39_127_3899,173
106.0,128.0,34.0,8665.0,289.0,-80.0,369.0,194.0,-11.0,213.0,-11.0,1026.0,111.0,63.0,18.0,314.0,205.0,304.0,205.0,39.441477,-82.172964,175,39_9_1903,174
105.0,125.0,34.0,8611.0,286.0,-79.0,365.0,191.0,-12.0,211.0,-12.0,1049.0,112.0,65.0,17.0,319.0,210.0,313.0,210.0,39.725098,-81.165671,176,39_111_1027,175
117.0,130.0,35.0,8464.0,298.0,-67.0,365.0,203.0,3.0,222.0,3.0,1091.0,122.0,72.0,17.0,326.0,230.0,321.0,230.0,38.715627,-82.494163,177,39_87_4283,176
107.0,128.0,34.0,8698.0,290.0,-78.0,368.0,195.0,-11.0,214.0,-11.0,1020.0,113.0,63.0,19.0,316.0,203.0,308.0,203.0,39.547899,-82.068146,178,39_9_2639,177
106.0,129.0,34.0,8729.0,291.0,-81.0,372.0,195.0,-12.0,214.0,-12.0,1018.0,110.0,62.0,19.0,313.0,202.0,301.0,202.0,39.478113,-82.23706,179,39_73_2719,178
115.0,129.0,35.0,8515.0,296.0,-68.0,364.0,202.0,0.0,221.0,0.0,1081.0,118.0,71.0,16.0,321.0,228.0,315.0,228.0,38.779969,-82.595909,180,39_87_2361,179
120.0,131.0,35.0,8480.0,301.0,-64.0,365.0,206.0,6.0,225.0,6.0,1074.0,119.0,70.0,16.0,322.0,229.0,316.0,229.0,38.652516,-82.622954,181,39_87_927,180
105.0,126.0,34.0,8627.0,286.0,-79.0,365.0,192.0,-12.0,212.0,-12.0,1054.0,112.0,65.0,17.0,319.0,211.0,314.0,211.0,39.697877,-81.161281,182,39_111_3729,181
105.0,127.0,34.0,8517.0,286.0,-78.0,364.0,191.0,-10.0,211.0,-10.0,1097.0,116.0,69.0,16.0,329.0,224.0,324.0,224.0,39.591217,-81.021472,183,39_111_1202,182
104.0,128.0,34.0,8754.0,290.0,-82.0,372.0,193.0,-14.0,213.0,-14.0,1027.0,111.0,62.0,19.0,318.0,203.0,306.0,203.0,39.562021,-82.226922,184,39_127_2058,183
109.0,124.0,34.0,8562.0,288.0,-73.0,361.0,196.0,-7.0,215.0,-7.0,1073.0,112.0,69.0,15.0,316.0,222.0,316.0,222.0,39.445735,-81.252473,185,39_167_1630,184
116.0,130.0,35.0,8542.0,297.0,-69.0,366.0,203.0,0.0,222.0,0.0,1068.0,117.0,70.0,17.0,318.0,224.0,313.0,224.0,38.83096,-82.592726,186,39_87_3339,185
119.0,131.0,35.0,8515.0,301.0,-66.0,367.0,206.0,4.0,224.0,4.0,1065.0,117.0,69.0,16.0,317.0,226.0,312.0,226.0,38.761239,-82.619289,187,39_87_6997,186
119.0,130.0,35.0,8485.0,300.0,-65.0,365.0,205.0,5.0,225.0,5.0,1069.0,117.0,70.0,16.0,318.0,229.0,313.0,229.0,38.68154,-82.662518,188,39_87_5020,187
110.0,130.0,35.0,8712.0,294.0,-77.0,371.0,198.0,-8.0,218.0,-8.0,1004.0,109.0,62.0,18.0,308.0,201.0,296.0,201.0,39.41191,-82.20648,189,39_9_3333,188
117.0,132.0,36.0,8500.0,299.0,-67.0,366.0,204.0,3.0,223.0,3.0,1074.0,120.0,70.0,17.0,320.0,225.0,316.0,225.0,38.785568,-82.456629,190,39_53_3860,189
115.0,127.0,34.0,8502.0,294.0,-69.0,363.0,201.0,0.0,220.0,0.0,1090.0,118.0,71.0,16.0,324.0,232.0,318.0,232.0,38.721822,-82.671103,191,39_87_5651,190
108.0,128.0,35.0,8525.0,288.0,-76.0,364.0,194.0,-8.0,213.0,-8.0,1080.0,113.0,68.0,15.0,322.0,221.0,318.0,221.0,39.538132,-81.099257,192,39_167_2541,191
118.0,130.0,35.0,8459.0,299.0,-64.0,363.0,205.0,4.0,223.0,4.0,1089.0,121.0,72.0,16.0,325.0,232.0,319.0,232.0,38.659366,-82.538487,193,39_87_11243,192
108.0,127.0,34.0,8596.0,288.0,-76.0,364.0,194.0,-9.0,214.0,-9.0,1058.0,112.0,66.0,16.0,318.0,213.0,314.0,213.0,39.610462,-81.159682,194,39_111_13153,193
107.0,129.0,34.0,8712.0,290.0,-80.0,370.0,195.0,-11.0,214.0,-11.0,1017.0,110.0,62.0,19.0,313.0,202.0,302.0,202.0,39.486558,-82.181022,195,39_73_12469,194
118.0,130.0,35.0,8489.0,299.0,-66.0,365.0,205.0,3.0,223.0,3.0,1080.0,120.0,71.0,16.0,322.0,228.0,317.0,228.0,38.732758,-82.541869,196,39_87_12770,195
105.0,127.0,34.0,8565.0,286.0,-78.0,364.0,191.0,-11.0,211.0,-11.0,1074.0,114.0,67.0,16.0,325.0,217.0,318.0,217.0,39.680757,-81.047422,197,39_111_212,196
107.0,129.0,34.0,8714.0,291.0,-78.0,369.0,195.0,-11.0,215.0,-11.0,1017.0,112.0,62.0,19.0,316.0,202.0,307.0,202.0,39.562939,-82.097377,198,39_127_592,197
85.0,120.0,35.0,7880.0,248.0,-91.0,339.0,165.0,97.0,181.0,-22.0,1397.0,144.0,100.0,10.0,394.0,320.0,386.0,321.0,38.58345,-79.97201,199,54_83_1109,198
123.0,136.0,41.0,7032.0,283.0,-43.0,326.0,121.0,129.0,212.0,30.0,1641.0,164.0,122.0,8.0,433.0,384.0,425.0,399.0,35.279791,-82.77521,200,37_175_7,199
98.0,120.0,39.0,6871.0,248.0,-59.0,307.0,96.0,105.0,184.0,7.0,1910.0,189.0,143.0,7.0,506.0,451.0,485.0,468.0,35.280239,-82.952939,201,37_99_32,200
98.0,118.0,38.0,6869.0,247.0,-59.0,306.0,95.0,104.0,184.0,7.0,1942.0,192.0,147.0,7.0,513.0,461.0,494.0,474.0,35.243022,-82.916424,202,37_175_19,201
93.0,118.0,37.0,7151.0,245.0,-69.0,314.0,11.0,145.0,182.0,-3.0,1852.0,190.0,122.0,10.0,511.0,405.0,455.0,482.0,35.361429,-83.994082,203,37_75_10,202
104.0,127.0,39.0,7094.0,260.0,-61.0,321.0,23.0,157.0,192.0,9.0,1778.0,185.0,115.0,11.0,501.0,386.0,434.0,473.0,35.225639,-83.909055,204,37_39_3,203
105.0,130.0,40.0,7011.0,262.0,-59.0,321.0,102.0,111.0,192.0,11.0,1533.0,157.0,103.0,10.0,415.0,341.0,397.0,380.0,35.578052,-83.124815,205,37_87_18,204
100.0,124.0,38.0,7163.0,255.0,-66.0,321.0,18.0,152.0,189.0,4.0,1732.0,178.0,111.0,11.0,480.0,374.0,430.0,453.0,35.502044,-83.866439,206,37_173_90,205
98.0,125.0,39.0,7045.0,253.0,-65.0,318.0,96.0,105.0,186.0,4.0,1567.0,158.0,105.0,9.0,424.0,349.0,408.0,386.0,35.694078,-83.15084,207,37_87_87,206
94.0,118.0,38.0,6924.0,243.0,-66.0,309.0,165.0,2.0,181.0,2.0,1589.0,153.0,113.0,9.0,428.0,354.0,426.0,354.0,35.697934,-82.273336,208,37_111_63,207
83.0,119.0,35.0,7849.0,244.0,-93.0,337.0,163.0,94.0,178.0,-24.0,1440.0,148.0,105.0,10.0,404.0,327.0,395.0,334.0,38.34592,-80.24368,209,54_75_1981,208
77.0,115.0,34.0,7898.0,239.0,-97.0,336.0,157.0,-30.0,173.0,-30.0,1364.0,135.0,98.0,9.0,380.0,309.0,372.0,309.0,38.64904,-79.7714,210,54_75_2006,209
78.0,117.0,34.0,7876.0,242.0,-95.0,337.0,158.0,-29.0,174.0,-29.0,1287.0,126.0,92.0,9.0,357.0,286.0,348.0,286.0,38.52138,-79.68158,211,54_75_2017,210
79.0,116.0,34.0,7848.0,240.0,-95.0,335.0,159.0,89.0,174.0,-28.0,1438.0,145.0,106.0,9.0,399.0,332.0,389.0,333.0,38.31295,-80.14655,212,54_75_2023,211
76.0,114.0,34.0,7904.0,238.0,-97.0,335.0,156.0,-32.0,172.0,-32.0,1359.0,133.0,98.0,8.0,377.0,307.0,367.0,307.0,38.58869,-79.73406,213,54_75_2024,212
73.0,112.0,33.0,7797.0,232.0,-98.0,330.0,153.0,-33.0,168.0,-33.0,1448.0,144.0,107.0,9.0,401.0,332.0,390.0,332.0,38.21389,-80.21121,214,54_75_2059,213
80.0,117.0,34.0,7817.0,241.0,-94.0,335.0,159.0,-27.0,175.0,-27.0,1397.0,141.0,103.0,9.0,389.0,321.0,379.0,321.0,38.24153,-80.16981,215,54_75_2161,214
80.0,117.0,34.0,7819.0,241.0,-94.0,335.0,160.0,91.0,175.0,-27.0,1405.0,144.0,103.0,10.0,395.0,321.0,386.0,322.0,38.2206,-80.34629,216,54_75_2164,215
83.0,119.0,35.0,7884.0,245.0,-92.0,337.0,164.0,95.0,179.0,-24.0,1455.0,149.0,107.0,10.0,406.0,330.0,397.0,340.0,38.42355,-80.14744,217,54_75_2169,216
83.0,120.0,35.0,7859.0,246.0,-91.0,337.0,163.0,95.0,179.0,-24.0,1391.0,143.0,102.0,10.0,390.0,318.0,381.0,320.0,38.25852,-80.22563,218,54_75_2235,217
90.0,125.0,36.0,7922.0,258.0,-87.0,345.0,170.0,-17.0,187.0,-17.0,1241.0,129.0,86.0,11.0,353.0,274.0,347.0,274.0,38.50065,-79.84954,219,54_75_2249,218
82.0,120.0,35.0,7845.0,245.0,-92.0,337.0,163.0,-24.0,178.0,-24.0,1365.0,140.0,100.0,10.0,383.0,312.0,374.0,312.0,38.18394,-80.27288,220,54_75_2250,219
89.0,126.0,36.0,7923.0,258.0,-86.0,344.0,169.0,-18.0,187.0,-18.0,1227.0,124.0,87.0,9.0,342.0,273.0,333.0,273.0,38.2858,-79.85727,221,54_75_2295,220
69.0,109.0,33.0,7829.0,227.0,-102.0,329.0,149.0,-38.0,164.0,-38.0,1489.0,145.0,110.0,8.0,409.0,343.0,397.0,343.0,38.43984,-79.9337,222,54_75_2323,221
72.0,110.0,33.0,7823.0,230.0,-99.0,329.0,152.0,83.0,167.0,-34.0,1499.0,150.0,111.0,9.0,417.0,346.0,406.0,347.0,38.31261,-80.2798,223,54_75_2351,222
88.0,124.0,36.0,7910.0,255.0,-88.0,343.0,168.0,-20.0,185.0,-20.0,1259.0,129.0,89.0,10.0,355.0,281.0,347.0,281.0,38.45226,-79.8493,224,54_75_2512,223
95.0,132.0,37.0,7951.0,266.0,-85.0,351.0,175.0,-13.0,192.0,-13.0,1219.0,130.0,86.0,12.0,350.0,272.0,345.0,272.0,38.14914,-80.30277,225,54_75_2477,224
84.0,121.0,35.0,7869.0,247.0,-92.0,339.0,164.0,95.0,180.0,-23.0,1390.0,144.0,101.0,10.0,392.0,316.0,384.0,319.0,38.25016,-80.32324,226,54_75_2491,225
73.0,112.0,33.0,7908.0,234.0,-99.0,333.0,153.0,-34.0,170.0,-34.0,1390.0,135.0,100.0,8.0,384.0,315.0,374.0,315.0,38.59262,-79.74647,227,54_75_2500,226
79.0,116.0,34.0,7907.0,242.0,-95.0,337.0,160.0,-28.0,176.0,-28.0,1389.0,139.0,99.0,10.0,391.0,317.0,384.0,317.0,38.76429,-79.8389,228,54_83_570,227
76.0,114.0,33.0,7915.0,239.0,-97.0,336.0,157.0,-31.0,173.0,-31.0,1400.0,138.0,100.0,9.0,393.0,319.0,384.0,319.0,38.78366,-79.78974,229,54_83_687,228
80.0,118.0,34.0,7936.0,246.0,-93.0,339.0,161.0,-27.0,178.0,-27.0,1292.0,129.0,90.0,10.0,367.0,287.0,360.0,287.0,38.79009,-79.6831,230,54_83_693,229
78.0,115.0,34.0,7891.0,239.0,-96.0,335.0,158.0,-30.0,174.0,-30.0,1431.0,143.0,104.0,9.0,399.0,330.0,390.0,330.0,38.64998,-79.8952,231,54_83_806,230
74.0,112.0,33.0,7871.0,234.0,-99.0,333.0,154.0,-34.0,169.0,-34.0,1439.0,141.0,105.0,8.0,398.0,331.0,388.0,331.0,38.5925,-79.85693,232,54_83_854,231
77.0,115.0,34.0,7893.0,240.0,-96.0,336.0,157.0,-30.0,173.0,-30.0,1338.0,132.0,95.0,9.0,374.0,301.0,366.0,301.0,38.68424,-79.72084,233,54_83_992,232
75.0,116.0,34.0,7961.0,240.0,-98.0,338.0,156.0,-33.0,172.0,-33.0,1384.0,136.0,98.0,10.0,391.0,315.0,383.0,315.0,38.94496,-79.6895,234,54_83_1083,233
69.0,109.0,32.0,7880.0,228.0,-103.0,331.0,150.0,-38.0,165.0,-38.0,1474.0,143.0,108.0,8.0,406.0,340.0,395.0,340.0,38.61559,-79.84845,235,54_83_1109,234
83.0,119.0,35.0,7939.0,249.0,-91.0,340.0,163.0,-25.0,180.0,-25.0,1257.0,126.0,87.0,11.0,359.0,277.0,353.0,277.0,38.82287,-79.63849,236,54_83_1402,235
78.0,116.0,34.0,7911.0,242.0,-96.0,338.0,158.0,-29.0,175.0,-29.0,1324.0,131.0,93.0,9.0,372.0,297.0,364.0,297.0,38.75371,-79.69302,237,54_83_1421,236
78.0,115.0,34.0,7927.0,240.0,-96.0,336.0,158.0,-30.0,174.0,-30.0,1404.0,140.0,101.0,9.0,394.0,321.0,385.0,321.0,38.70913,-79.84133,238,54_83_1454,237
80.0,117.0,34.0,7918.0,245.0,-94.0,339.0,160.0,-27.0,177.0,-27.0,1286.0,128.0,90.0,10.0,364.0,286.0,357.0,286.0,38.79043,-79.65033,239,54_83_1458,238
105.0,132.0,35.0,8410.0,289.0,-79.0,368.0,191.0,-7.0,211.0,-7.0,929.0,94.0,57.0,16.0,277.0,175.0,272.0,175.0,39.13325,-78.52391,240,54_27_2028,239
86.0,120.0,35.0,7880.0,248.0,-90.0,338.0,166.0,97.0,182.0,-21.0,1404.0,145.0,101.0,10.0,396.0,320.0,388.0,323.0,38.5806,-79.98756,241,54_83_1783,240
75.0,112.0,33.0,7877.0,234.0,-98.0,332.0,155.0,-33.0,170.0,-33.0,1467.0,145.0,108.0,9.0,406.0,340.0,396.0,340.0,38.56623,-79.9314,242,54_83_1803,241
93.0,126.0,36.0,7946.0,261.0,-84.0,345.0,173.0,-15.0,191.0,-15.0,1265.0,134.0,85.0,13.0,369.0,276.0,366.0,276.0,38.75247,-79.89851,243,54_83_1918,242
76.0,115.0,34.0,7920.0,239.0,-97.0,336.0,157.0,-31.0,173.0,-31.0,1357.0,134.0,97.0,9.0,380.0,307.0,371.0,307.0,38.71751,-79.72723,244,54_83_2038,243
96.0,130.0,37.0,8026.0,269.0,-81.0,350.0,177.0,-12.0,195.0,-12.0,1198.0,125.0,79.0,14.0,354.0,256.0,352.0,256.0,38.91742,-79.77383,245,54_83_2066,244
74.0,112.0,33.0,7880.0,234.0,-99.0,333.0,155.0,86.0,170.0,-33.0,1464.0,145.0,107.0,9.0,407.0,339.0,397.0,339.0,38.68444,-79.88874,246,54_83_2067,245
84.0,123.0,35.0,7978.0,254.0,-90.0,344.0,165.0,-23.0,183.0,-23.0,1280.0,128.0,88.0,11.0,369.0,284.0,362.0,284.0,38.98386,-79.5919,247,54_83_2115,246
86.0,122.0,35.0,7932.0,254.0,-89.0,343.0,166.0,-22.0,183.0,-22.0,1250.0,127.0,85.0,11.0,360.0,274.0,354.0,274.0,38.84525,-79.67942,248,54_83_2222,247
79.0,116.0,34.0,7903.0,241.0,-95.0,336.0,160.0,-28.0,175.0,-28.0,1417.0,142.0,103.0,9.0,395.0,326.0,386.0,326.0,38.59154,-79.90478,249,54_83_2276,248
75.0,114.0,33.0,7921.0,238.0,-98.0,336.0,156.0,-32.0,172.0,-32.0,1312.0,128.0,93.0,9.0,366.0,292.0,358.0,292.0,38.71812,-79.61009,250,54_83_2332,249
79.0,117.0,34.0,7918.0,243.0,-95.0,338.0,159.0,-28.0,176.0,-28.0,1333.0,133.0,94.0,10.0,376.0,299.0,368.0,299.0,38.74761,-79.7338,251,54_83_2392,250
85.0,123.0,35.0,7954.0,254.0,-88.0,342.0,166.0,-22.0,184.0,-22.0,1249.0,126.0,85.0,11.0,360.0,274.0,355.0,274.0,38.88834,-79.64631,252,54_83_2428,251
86.0,123.0,35.0,7974.0,255.0,-88.0,343.0,167.0,-22.0,184.0,-22.0,1295.0,131.0,89.0,12.0,374.0,288.0,369.0,288.0,38.95616,-79.72712,253,54_83_2473,252
77.0,114.0,34.0,7879.0,238.0,-97.0,335.0,158.0,89.0,173.0,-30.0,1456.0,145.0,107.0,9.0,403.0,338.0,393.0,338.0,38.52676,-79.96509,254,54_83_2497,253
83.0,119.0,35.0,7849.0,245.0,-91.0,336.0,163.0,93.0,179.0,-24.0,1392.0,145.0,101.0,11.0,395.0,315.0,387.0,318.0,38.23974,-80.40925,255,54_25_509,254
93.0,129.0,37.0,7864.0,263.0,-82.0,345.0,173.0,-13.0,190.0,-13.0,1136.0,117.0,82.0,11.0,323.0,251.0,317.0,251.0,37.88988,-80.30588,256,54_25_865,255
94.0,132.0,37.0,7921.0,267.0,-83.0,350.0,175.0,-13.0,192.0,-13.0,1165.0,120.0,83.0,11.0,329.0,259.0,323.0,259.0,38.02961,-80.17942,257,54_25_125,256
92.0,122.0,34.0,8228.0,267.0,-86.0,353.0,175.0,-19.0,194.0,-19.0,1032.0,104.0,65.0,15.0,300.0,200.0,292.0,200.0,38.9833,-78.60565,258,54_31_229,257
95.0,127.0,35.0,8137.0,272.0,-83.0,355.0,178.0,-14.0,197.0,-14.0,994.0,100.0,62.0,15.0,291.0,192.0,286.0,192.0,38.91508,-78.8165,259,54_31_395,258
99.0,128.0,35.0,8319.0,279.0,-82.0,361.0,184.0,-12.0,203.0,-12.0,968.0,98.0,60.0,16.0,286.0,184.0,280.0,184.0,39.05055,-78.56538,260,54_31_990,259
93.0,121.0,34.0,8277.0,268.0,-86.0,354.0,177.0,-19.0,196.0,-19.0,1018.0,103.0,64.0,15.0,298.0,197.0,289.0,197.0,39.09094,-78.51591,261,54_31_1316,260
98.0,128.0,35.0,8227.0,276.0,-82.0,358.0,181.0,-13.0,200.0,-13.0,978.0,99.0,60.0,16.0,288.0,186.0,282.0,186.0,38.97748,-78.65252,262,54_31_1361,261
93.0,125.0,35.0,8156.0,269.0,-85.0,354.0,176.0,-17.0,194.0,-17.0,1009.0,102.0,63.0,15.0,296.0,195.0,289.0,195.0,38.96895,-78.76571,263,54_31_1366,262
70.0,115.0,33.0,7979.0,238.0,-101.0,339.0,152.0,-37.0,169.0,-37.0,1333.0,127.0,94.0,9.0,375.0,298.0,365.0,298.0,39.04281,-79.35629,264,54_93_43,263
70.0,115.0,34.0,7969.0,237.0,-101.0,338.0,151.0,-37.0,168.0,-37.0,1319.0,126.0,92.0,9.0,371.0,292.0,361.0,292.0,38.99543,-79.33757,265,54_93_218,264
77.0,118.0,34.0,7941.0,245.0,-96.0,341.0,158.0,89.0,174.0,-31.0,1364.0,134.0,96.0,10.0,387.0,309.0,379.0,310.0,39.02162,-79.62943,266,54_93_238,265
93.0,128.0,36.0,8092.0,268.0,-81.0,349.0,175.0,105.0,194.0,-15.0,1259.0,129.0,85.0,13.0,371.0,276.0,364.0,277.0,39.13247,-79.64445,267,54_93_424,266
99.0,131.0,37.0,8126.0,276.0,-76.0,352.0,181.0,-9.0,201.0,-9.0,1223.0,127.0,82.0,14.0,364.0,266.0,359.0,266.0,39.08258,-79.72319,268,54_93_569,267
92.0,126.0,36.0,8100.0,266.0,-83.0,349.0,174.0,103.0,192.0,-17.0,1289.0,132.0,87.0,13.0,378.0,283.0,372.0,286.0,39.12557,-79.74624,269,54_93_668,268
74.0,116.0,34.0,7969.0,240.0,-98.0,338.0,155.0,87.0,172.0,-34.0,1400.0,137.0,99.0,10.0,396.0,318.0,387.0,320.0,39.01572,-79.68021,270,54_93_824,269
75.0,119.0,34.0,7957.0,244.0,-97.0,341.0,156.0,-32.0,173.0,-32.0,1354.0,131.0,95.0,10.0,383.0,307.0,374.0,307.0,39.05601,-79.52761,271,54_93_857,270
87.0,125.0,36.0,8068.0,260.0,-87.0,347.0,169.0,99.0,186.0,-22.0,1307.0,132.0,88.0,13.0,380.0,284.0,373.0,294.0,39.1866,-79.6376,272,54_93_887,271
98.0,128.0,35.0,8255.0,277.0,-83.0,360.0,182.0,-13.0,200.0,-13.0,970.0,99.0,60.0,16.0,288.0,185.0,281.0,185.0,39.04581,-78.66132,273,54_31_1618,272
102.0,130.0,35.0,8270.0,283.0,-80.0,363.0,186.0,-9.0,205.0,-9.0,952.0,97.0,59.0,16.0,283.0,181.0,277.0,181.0,39.01964,-78.60276,274,54_31_1695,273
99.0,130.0,36.0,8222.0,279.0,-82.0,361.0,183.0,-11.0,202.0,-11.0,957.0,97.0,59.0,16.0,284.0,182.0,279.0,182.0,39.01725,-78.71111,275,54_31_2154,274
94.0,126.0,35.0,8123.0,270.0,-84.0,354.0,176.0,-16.0,194.0,-16.0,1006.0,101.0,63.0,15.0,295.0,194.0,289.0,194.0,38.9483,-78.753,276,54_31_2466,275
96.0,129.0,36.0,8132.0,273.0,-79.0,352.0,178.0,107.0,197.0,-13.0,1236.0,127.0,83.0,13.0,365.0,271.0,358.0,271.0,39.1632,-79.60517,277,54_93_1415,276
87.0,124.0,35.0,8027.0,258.0,-87.0,345.0,168.0,98.0,186.0,-21.0,1293.0,131.0,89.0,12.0,376.0,286.0,370.0,289.0,39.05661,-79.68613,278,54_93_1962,277
73.0,118.0,34.0,7966.0,242.0,-99.0,341.0,154.0,-35.0,171.0,-35.0,1351.0,130.0,95.0,10.0,382.0,306.0,371.0,306.0,39.10187,-79.44441,279,54_93_2126,278
74.0,119.0,35.0,7928.0,242.0,-98.0,340.0,154.0,-34.0,171.0,-34.0,1356.0,131.0,95.0,10.0,384.0,307.0,374.0,307.0,39.0846,-79.48026,280,54_93_2147,279
79.0,121.0,35.0,7971.0,249.0,-94.0,343.0,160.0,91.0,177.0,-29.0,1347.0,132.0,94.0,11.0,384.0,301.0,375.0,306.0,39.10248,-79.54689,281,54_93_2493,280
101.0,136.0,38.0,7990.0,277.0,-76.0,353.0,183.0,-6.0,201.0,-6.0,1078.0,111.0,77.0,11.0,306.0,236.0,301.0,236.0,37.91519,-80.16587,282,54_25_1173,281
92.0,127.0,36.0,7881.0,262.0,-83.0,345.0,171.0,-15.0,189.0,-15.0,1191.0,119.0,86.0,9.0,331.0,264.0,323.0,264.0,38.01869,-80.01652,283,54_25_1274,282
95.0,131.0,37.0,7917.0,268.0,-81.0,349.0,176.0,-12.0,193.0,-12.0,1155.0,118.0,83.0,10.0,324.0,256.0,317.0,256.0,38.04111,-80.06303,284,54_25_1285,283
95.0,132.0,37.0,7912.0,268.0,-82.0,350.0,175.0,-12.0,193.0,-12.0,1144.0,118.0,82.0,11.0,323.0,254.0,317.0,254.0,37.98206,-80.1744,285,54_25_1303,284
95.0,130.0,37.0,7873.0,266.0,-79.0,345.0,175.0,-11.0,192.0,-11.0,1117.0,114.0,80.0,11.0,316.0,245.0,310.0,245.0,37.84504,-80.20607,286,54_25_1331,285
100.0,136.0,38.0,7934.0,275.0,-77.0,352.0,180.0,-7.0,198.0,-7.0,1070.0,112.0,76.0,12.0,307.0,235.0,303.0,235.0,37.89939,-80.26409,287,54_25_1389,286
89.0,124.0,36.0,7850.0,256.0,-84.0,340.0,168.0,-17.0,185.0,-17.0,1223.0,122.0,89.0,9.0,338.0,272.0,330.0,272.0,38.04554,-79.97063,288,54_25_1561,287
100.0,134.0,37.0,7940.0,275.0,-78.0,353.0,180.0,-7.0,198.0,-7.0,1102.0,113.0,79.0,11.0,311.0,242.0,305.0,242.0,37.96013,-80.10486,289,54_25_1597,288
101.0,137.0,38.0,7982.0,277.0,-78.0,355.0,182.0,-6.0,200.0,-6.0,1074.0,113.0,76.0,12.0,309.0,236.0,305.0,236.0,37.92748,-80.27386,290,54_25_1716,289
88.0,125.0,36.0,7828.0,255.0,-86.0,341.0,167.0,-18.0,184.0,-18.0,1216.0,124.0,88.0,10.0,342.0,272.0,335.0,272.0,37.96048,-80.24983,291,54_25_2137,290
84.0,120.0,35.0,7863.0,246.0,-92.0,338.0,164.0,94.0,179.0,-23.0,1419.0,149.0,103.0,11.0,403.0,319.0,395.0,326.0,38.30584,-80.40876,292,54_101_314,291
75.0,119.0,34.0,8034.0,246.0,-98.0,344.0,157.0,87.0,174.0,-34.0,1365.0,133.0,95.0,11.0,389.0,303.0,379.0,310.0,39.22174,-79.50409,293,54_77_1491,292
88.0,125.0,35.0,8114.0,263.0,-86.0,349.0,170.0,100.0,189.0,-21.0,1273.0,128.0,86.0,13.0,370.0,276.0,363.0,284.0,39.23416,-79.54327,294,54_77_1849,293
91.0,124.0,36.0,7912.0,256.0,-86.0,342.0,171.0,-16.0,188.0,-16.0,1319.0,139.0,91.0,12.0,381.0,293.0,376.0,293.0,38.68632,-79.94361,295,54_83_15,294
71.0,112.0,33.0,7924.0,235.0,-101.0,336.0,152.0,-36.0,168.0,-36.0,1338.0,128.0,95.0,9.0,372.0,298.0,363.0,298.0,38.78359,-79.51551,296,54_83_53,295
80.0,117.0,34.0,7921.0,244.0,-94.0,338.0,160.0,-27.0,177.0,-27.0,1361.0,137.0,97.0,10.0,384.0,309.0,376.0,309.0,38.72357,-79.80981,297,54_83_116,296
83.0,119.0,35.0,7922.0,248.0,-92.0,340.0,163.0,-24.0,180.0,-24.0,1301.0,132.0,91.0,10.0,370.0,290.0,364.0,290.0,38.74595,-79.76662,298,54_83_214,297
71.0,112.0,33.0,7920.0,234.0,-101.0,335.0,152.0,-36.0,168.0,-36.0,1348.0,130.0,96.0,9.0,375.0,301.0,365.0,301.0,38.74706,-79.5621,299,54_83_260,298
74.0,113.0,33.0,7929.0,237.0,-99.0,336.0,155.0,-33.0,171.0,-33.0,1352.0,132.0,96.0,9.0,377.0,304.0,367.0,304.0,38.69908,-79.66858,300,54_83_265,299
87.0,124.0,35.0,7998.0,257.0,-88.0,345.0,168.0,-21.0,186.0,-21.0,1302.0,133.0,89.0,12.0,379.0,289.0,374.0,289.0,39.01075,-79.76702,301,54_83_340,300
92.0,126.0,36.0,7928.0,258.0,-85.0,343.0,172.0,-15.0,189.0,-15.0,1310.0,140.0,90.0,12.0,379.0,292.0,374.0,292.0,38.64822,-79.97212,302,54_83_343,301
86.0,121.0,35.0,7864.0,250.0,-90.0,340.0,166.0,98.0,182.0,-21.0,1433.0,151.0,103.0,11.0,407.0,322.0,400.0,329.0,38.3664,-80.38848,303,54_101_517,302
86.0,122.0,35.0,7875.0,250.0,-90.0,340.0,166.0,97.0,182.0,-21.0,1375.0,145.0,99.0,11.0,391.0,311.0,384.0,313.0,38.26588,-80.36818,304,54_101_689,303
84.0,120.0,35.0,7871.0,247.0,-92.0,339.0,165.0,95.0,180.0,-23.0,1436.0,150.0,104.0,11.0,406.0,324.0,398.0,331.0,38.34238,-80.33801,305,54_101_705,304
99.0,132.0,37.0,7947.0,269.0,-81.0,350.0,180.0,-9.0,196.0,-9.0,1321.0,147.0,90.0,14.0,389.0,289.0,386.0,289.0,38.38051,-80.46146,306,54_101_963,305
82.0,118.0,35.0,7868.0,243.0,-93.0,336.0,162.0,93.0,177.0,-25.0,1470.0,152.0,108.0,10.0,413.0,332.0,404.0,342.0,38.36698,-80.31368,307,54_101_1081,306
96.0,129.0,37.0,7908.0,264.0,-83.0,347.0,176.0,-12.0,192.0,-12.0,1331.0,146.0,92.0,13.0,389.0,294.0,385.0,294.0,38.32816,-80.45013,308,54_101_1632,307
79.0,115.0,34.0,7862.0,238.0,-95.0,333.0,159.0,90.0,174.0,-28.0,1526.0,155.0,112.0,10.0,425.0,345.0,415.0,359.0,38.47296,-80.21037,309,54_101_1753,308
78.0,114.0,34.0,7832.0,238.0,-95.0,333.0,158.0,89.0,173.0,-29.0,1453.0,150.0,106.0,10.0,410.0,329.0,401.0,334.0,38.29043,-80.44937,310,54_101_1823,309
89.0,123.0,36.0,7885.0,253.0,-87.0,340.0,169.0,100.0,185.0,-19.0,1396.0,150.0,99.0,12.0,402.0,313.0,396.0,315.0,38.3411,-80.49918,311,54_101_2201,310
88.0,122.0,35.0,7887.0,250.0,-89.0,339.0,168.0,99.0,183.0,-20.0,1444.0,154.0,103.0,12.0,413.0,324.0,406.0,330.0,38.41347,-80.44148,312,54_101_2438,311
94.0,128.0,37.0,7904.0,262.0,-83.0,345.0,174.0,-14.0,191.0,-14.0,1338.0,147.0,93.0,13.0,390.0,297.0,386.0,297.0,38.3061,-80.50407,313,54_101_2463,312
90.0,125.0,36.0,7977.0,263.0,-84.0,347.0,171.0,-17.0,190.0,-17.0,1047.0,104.0,68.0,13.0,302.0,208.0,297.0,208.0,38.74035,-79.08451,314,54_71_165,313
68.0,110.0,32.0,7949.0,231.0,-103.0,334.0,149.0,-40.0,165.0,-40.0,1363.0,130.0,97.0,8.0,378.0,304.0,367.0,304.0,38.77886,-79.47801,315,54_71_261,314
96.0,129.0,37.0,7892.0,269.0,-79.0,348.0,176.0,-10.0,194.0,-10.0,1031.0,103.0,68.0,12.0,291.0,209.0,286.0,209.0,38.42272,-79.3472,316,54_71_494,315
87.0,122.0,35.0,7953.0,259.0,-86.0,345.0,168.0,-19.0,186.0,-19.0,1080.0,106.0,71.0,12.0,307.0,218.0,301.0,218.0,38.66696,-79.12637,317,54_71_525,316
101.0,134.0,37.0,8018.0,279.0,-76.0,355.0,182.0,-7.0,201.0,-7.0,990.0,104.0,62.0,15.0,295.0,194.0,292.0,194.0,38.85622,-79.27359,318,54_71_583,317
86.0,124.0,35.0,7917.0,258.0,-88.0,346.0,167.0,-20.0,184.0,-20.0,1128.0,113.0,75.0,12.0,325.0,236.0,320.0,236.0,38.85692,-79.33021,319,54_71_822,318
72.0,112.0,33.0,7906.0,235.0,-100.0,335.0,152.0,-35.0,168.0,-35.0,1322.0,127.0,94.0,8.0,368.0,294.0,358.0,294.0,38.74822,-79.514,320,54_71_904,319
81.0,122.0,35.0,7941.0,252.0,-93.0,345.0,162.0,-26.0,179.0,-26.0,1213.0,119.0,83.0,11.0,347.0,263.0,339.0,263.0,38.94851,-79.34568,321,54_71_999,320
63.0,109.0,32.0,7920.0,225.0,-107.0,332.0,143.0,-45.0,160.0,-45.0,1401.0,132.0,100.0,8.0,389.0,313.0,377.0,313.0,38.9213,-79.39752,322,54_71_1141,321
94.0,127.0,36.0,7928.0,268.0,-80.0,348.0,174.0,-12.0,193.0,-12.0,1030.0,103.0,67.0,13.0,293.0,206.0,288.0,206.0,38.48743,-79.25892,323,54_71_1163,322
100.0,133.0,37.0,7971.0,277.0,-78.0,355.0,181.0,-7.0,199.0,-7.0,996.0,104.0,63.0,15.0,296.0,196.0,293.0,196.0,38.81787,-79.31343,324,54_71_1176,323
103.0,134.0,37.0,7967.0,281.0,-73.0,354.0,184.0,-3.0,203.0,-3.0,936.0,98.0,58.0,16.0,277.0,178.0,275.0,178.0,38.63443,-79.18478,325,54_71_1217,324
102.0,133.0,37.0,7935.0,279.0,-74.0,353.0,182.0,-4.0,201.0,-4.0,959.0,99.0,60.0,15.0,279.0,186.0,276.0,186.0,38.5284,-79.25921,326,54_71_1228,325
80.0,119.0,34.0,7925.0,248.0,-93.0,341.0,160.0,-27.0,178.0,-27.0,1243.0,122.0,86.0,10.0,353.0,273.0,346.0,273.0,38.87401,-79.49238,327,54_71_1326,326
70.0,112.0,33.0,7900.0,232.0,-101.0,333.0,150.0,-37.0,167.0,-37.0,1350.0,130.0,96.0,8.0,375.0,301.0,365.0,301.0,38.7297,-79.5511,328,54_71_1349,327
90.0,124.0,35.0,7940.0,259.0,-86.0,345.0,170.0,-17.0,188.0,-17.0,1095.0,111.0,73.0,11.0,313.0,229.0,308.0,229.0,38.61697,-79.54339,329,54_71_1729,328
80.0,117.0,34.0,7923.0,245.0,-94.0,339.0,160.0,-27.0,177.0,-27.0,1238.0,122.0,86.0,9.0,348.0,271.0,340.0,271.0,38.65505,-79.60938,330,54_71_1765,329
80.0,117.0,34.0,7901.0,247.0,-91.0,338.0,161.0,-26.0,179.0,-26.0,1175.0,112.0,80.0,10.0,325.0,246.0,317.0,246.0,38.52157,-79.21044,331,54_71_1785,330
90.0,124.0,35.0,7943.0,261.0,-84.0,345.0,171.0,-17.0,189.0,-17.0,1063.0,105.0,70.0,13.0,302.0,214.0,296.0,214.0,38.57453,-79.18461,332,54_71_2071,331
72.0,112.0,33.0,7907.0,235.0,-100.0,335.0,152.0,-35.0,168.0,-35.0,1320.0,127.0,93.0,9.0,367.0,292.0,357.0,292.0,38.71708,-79.50909,333,54_71_2120,332
98.0,130.0,37.0,7932.0,273.0,-77.0,350.0,179.0,-8.0,197.0,-8.0,985.0,100.0,63.0,14.0,285.0,193.0,281.0,193.0,38.55834,-79.2114,334,54_71_2297,333
83.0,119.0,34.0,7931.0,250.0,-92.0,342.0,163.0,-24.0,181.0,-24.0,1188.0,118.0,82.0,10.0,334.0,257.0,327.0,257.0,38.58761,-79.59735,335,54_71_2314,334
66.0,111.0,33.0,7915.0,229.0,-105.0,334.0,146.0,-42.0,163.0,-42.0,1381.0,131.0,98.0,8.0,384.0,309.0,373.0,309.0,38.89175,-79.43573,336,54_71_2425,335
84.0,120.0,35.0,7923.0,249.0,-91.0,340.0,165.0,-23.0,181.0,-23.0,1308.0,133.0,92.0,10.0,370.0,293.0,364.0,293.0,38.64466,-79.81616,337,54_75_84,336
89.0,126.0,36.0,7899.0,257.0,-87.0,344.0,169.0,-18.0,186.0,-18.0,1260.0,129.0,90.0,10.0,353.0,283.0,345.0,283.0,38.25184,-79.9816,338,54_75_85,337
76.0,115.0,34.0,7891.0,239.0,-96.0,335.0,156.0,-31.0,173.0,-31.0,1307.0,128.0,93.0,9.0,364.0,291.0,355.0,291.0,38.61395,-79.65211,339,54_75_88,338
81.0,118.0,34.0,7909.0,245.0,-93.0,338.0,161.0,-26.0,178.0,-26.0,1317.0,132.0,93.0,10.0,371.0,296.0,364.0,296.0,38.69122,-79.76737,340,54_75_121,339
98.0,135.0,38.0,7990.0,272.0,-82.0,354.0,178.0,-10.0,196.0,-10.0,1146.0,120.0,81.0,11.0,326.0,255.0,321.0,255.0,38.05325,-80.22904,341,54_75_155,340
81.0,119.0,35.0,7895.0,245.0,-93.0,338.0,161.0,-26.0,177.0,-26.0,1298.0,128.0,93.0,9.0,359.0,291.0,349.0,291.0,38.42304,-79.77279,342,54_75_200,341
84.0,121.0,35.0,7857.0,247.0,-91.0,338.0,164.0,96.0,180.0,-23.0,1409.0,145.0,103.0,10.0,395.0,321.0,386.0,325.0,38.33925,-80.1789,343,54_75_202,342
93.0,129.0,36.0,7956.0,263.0,-86.0,349.0,173.0,-15.0,190.0,-15.0,1235.0,128.0,88.0,10.0,347.0,277.0,340.0,277.0,38.25681,-80.01403,344,54_75_212,343
89.0,125.0,36.0,7926.0,257.0,-88.0,345.0,169.0,-18.0,186.0,-18.0,1268.0,131.0,90.0,10.0,358.0,284.0,350.0,284.0,38.41972,-79.90346,345,54_75_329,344
91.0,129.0,37.0,7938.0,261.0,-86.0,347.0,171.0,-16.0,189.0,-16.0,1225.0,126.0,88.0,10.0,344.0,275.0,336.0,275.0,38.13296,-80.09877,346,54_75_349,345
76.0,113.0,34.0,7844.0,235.0,-97.0,332.0,156.0,87.0,171.0,-31.0,1474.0,147.0,109.0,9.0,408.0,341.0,397.0,343.0,38.3907,-80.0855,347,54_75_398,346
78.0,116.0,34.0,7925.0,241.0,-96.0,337.0,158.0,-29.0,175.0,-29.0,1328.0,131.0,95.0,9.0,370.0,299.0,362.0,299.0,38.62504,-79.72922,348,54_75_449,347
75.0,113.0,34.0,7832.0,234.0,-97.0,331.0,155.0,86.0,170.0,-32.0,1476.0,148.0,109.0,9.0,410.0,341.0,399.0,342.0,38.30453,-80.23567,349,54_75_470,348
87.0,122.0,35.0,7913.0,254.0,-89.0,343.0,167.0,-20.0,184.0,-20.0,1238.0,126.0,86.0,10.0,350.0,273.0,343.0,273.0,38.54531,-79.76923,350,54_75_596,349
85.0,122.0,35.0,7867.0,251.0,-89.0,340.0,165.0,-22.0,181.0,-22.0,1289.0,129.0,94.0,9.0,357.0,291.0,347.0,291.0,38.12228,-80.04121,351,54_75_777,350
89.0,126.0,36.0,7906.0,257.0,-88.0,345.0,169.0,-18.0,186.0,-18.0,1264.0,129.0,91.0,10.0,354.0,285.0,346.0,285.0,38.17143,-80.09031,352,54_75_793,351
85.0,120.0,35.0,7904.0,249.0,-90.0,339.0,164.0,-23.0,182.0,-23.0,1298.0,132.0,91.0,10.0,367.0,290.0,360.0,290.0,38.61687,-79.81014,353,54_75_1103,352
74.0,112.0,33.0,7810.0,233.0,-98.0,331.0,154.0,-33.0,169.0,-33.0,1447.0,146.0,107.0,9.0,404.0,333.0,393.0,333.0,38.20718,-80.33275,354,54_75_1144,353
80.0,117.0,35.0,7840.0,241.0,-93.0,334.0,160.0,91.0,176.0,-27.0,1438.0,148.0,106.0,10.0,404.0,327.0,395.0,332.0,38.29098,-80.32764,355,54_75_1281,354
76.0,113.0,34.0,7845.0,234.0,-98.0,332.0,156.0,87.0,171.0,-31.0,1505.0,151.0,111.0,9.0,418.0,345.0,407.0,351.0,38.38547,-80.1933,356,54_75_1340,355
91.0,128.0,36.0,7926.0,262.0,-85.0,347.0,172.0,-16.0,189.0,-16.0,1208.0,123.0,87.0,10.0,337.0,270.0,330.0,270.0,38.08998,-80.06012,357,54_75_1341,356
78.0,116.0,34.0,7860.0,241.0,-95.0,336.0,158.0,-29.0,174.0,-29.0,1327.0,130.0,96.0,8.0,366.0,298.0,355.0,298.0,38.38543,-79.76172,358,54_75_1379,357
96.0,131.0,37.0,7963.0,269.0,-81.0,350.0,177.0,-12.0,194.0,-12.0,1161.0,118.0,83.0,10.0,324.0,256.0,317.0,256.0,38.09229,-79.98107,359,54_75_1463,358
81.0,116.0,34.0,7870.0,241.0,-94.0,335.0,161.0,93.0,176.0,-26.0,1488.0,151.0,110.0,9.0,414.0,338.0,404.0,349.0,38.45364,-80.13652,360,54_75_1495,359
72.0,112.0,33.0,7860.0,233.0,-99.0,332.0,152.0,-34.0,168.0,-34.0,1379.0,133.0,100.0,8.0,378.0,311.0,367.0,311.0,38.42445,-79.72916,361,54_75_1725,360
93.0,130.0,37.0,7924.0,265.0,-83.0,348.0,174.0,-14.0,191.0,-14.0,1190.0,121.0,85.0,10.0,333.0,265.0,325.0,265.0,38.09367,-80.02745,362,54_75_1747,361
72.0,111.0,33.0,7871.0,232.0,-100.0,332.0,153.0,-35.0,168.0,-35.0,1472.0,144.0,108.0,8.0,405.0,340.0,394.0,340.0,38.48876,-79.93403,363,54_75_1763,362
73.0,111.0,33.0,7812.0,230.0,-99.0,329.0,152.0,-34.0,168.0,-34.0,1462.0,146.0,108.0,9.0,406.0,336.0,395.0,336.0,38.22711,-80.26621,364,54_75_1788,363
84.0,121.0,35.0,7867.0,247.0,-90.0,337.0,164.0,-23.0,180.0,-23.0,1349.0,140.0,98.0,11.0,381.0,307.0,373.0,307.0,38.17197,-80.33964,365,54_75_1815,364
72.0,111.0,33.0,7808.0,230.0,-99.0,329.0,153.0,-34.0,167.0,-34.0,1485.0,148.0,110.0,9.0,412.0,343.0,401.0,343.0,38.28305,-80.26038,366,54_75_1871,365
75.0,113.0,33.0,7885.0,236.0,-98.0,334.0,156.0,-32.0,171.0,-32.0,1439.0,142.0,105.0,8.0,398.0,332.0,388.0,332.0,38.52241,-79.90731,367,54_75_1903,366
74.0,114.0,34.0,7884.0,237.0,-98.0,335.0,155.0,-32.0,171.0,-32.0,1352.0,131.0,98.0,8.0,372.0,304.0,361.0,304.0,38.45785,-79.72385,368,54_75_1915,367
81.0,123.0,35.0,7986.0,254.0,-92.0,346.0,163.0,-26.0,180.0,-26.0,1206.0,119.0,82.0,11.0,346.0,261.0,338.0,261.0,39.04816,-79.28731,369,54_23_292,368
88.0,126.0,36.0,7981.0,262.0,-86.0,348.0,169.0,-20.0,187.0,-20.0,1141.0,115.0,76.0,12.0,332.0,241.0,326.0,241.0,39.00963,-79.30286,370,54_23_2064,369
88.0,126.0,36.0,7953.0,262.0,-86.0,348.0,169.0,-19.0,187.0,-19.0,1111.0,112.0,74.0,13.0,323.0,231.0,318.0,231.0,38.93478,-79.27858,371,54_23_2193,370
99.0,133.0,37.0,8045.0,277.0,-79.0,356.0,180.0,-9.0,199.0,-9.0,1019.0,106.0,65.0,15.0,303.0,204.0,299.0,204.0,38.96556,-79.24688,372,54_23_2282,371
110.0,132.0,41.0,6935.0,267.0,-53.0,320.0,32.0,116.0,197.0,18.0,1711.0,175.0,121.0,9.0,460.0,390.0,432.0,430.0,35.339782,-83.09448,373,37_99_38,372
103.0,125.0,40.0,6899.0,255.0,-57.0,312.0,101.0,109.0,189.0,11.0,1803.0,181.0,131.0,8.0,481.0,419.0,458.0,445.0,35.345151,-83.018773,374,37_99_46,373
116.0,128.0,40.0,6861.0,269.0,-45.0,314.0,114.0,167.0,202.0,25.0,2030.0,205.0,153.0,8.0,539.0,476.0,499.0,513.0,35.035319,-83.037893,375,37_99_40,374
96.0,122.0,39.0,6898.0,247.0,-64.0,311.0,17.0,146.0,181.0,3.0,1881.0,190.0,131.0,8.0,508.0,430.0,471.0,478.0,35.329852,-83.333153,376,37_99_16,375
108.0,133.0,41.0,6927.0,265.0,-57.0,322.0,29.0,115.0,194.0,16.0,1654.0,170.0,112.0,9.0,452.0,369.0,416.0,423.0,35.406884,-83.238381,377,37_99_28,376
106.0,124.0,39.0,6876.0,258.0,-53.0,311.0,104.0,157.0,192.0,15.0,1968.0,197.0,147.0,7.0,522.0,463.0,493.0,490.0,35.181485,-83.001747,378,37_99_44,377
90.0,115.0,37.0,6881.0,237.0,-67.0,304.0,88.0,97.0,175.0,-2.0,1929.0,190.0,144.0,7.0,511.0,456.0,493.0,469.0,35.339933,-82.986345,379,37_99_11,378
110.0,128.0,34.0,8596.0,292.0,-75.0,367.0,196.0,-7.0,216.0,-7.0,1045.0,110.0,65.0,16.0,314.0,211.0,310.0,211.0,39.623611,-81.117924,380,39_111_527,379
111.0,130.0,35.0,8675.0,295.0,-75.0,370.0,199.0,-6.0,218.0,-6.0,1006.0,110.0,63.0,18.0,306.0,204.0,298.0,204.0,39.429136,-82.104494,381,39_9_1653,380
105.0,128.0,34.0,8700.0,289.0,-82.0,371.0,194.0,-13.0,213.0,-13.0,1029.0,112.0,62.0,19.0,317.0,203.0,304.0,203.0,39.437047,-82.274581,382,39_9_2805,381
111.0,123.0,34.0,8583.0,290.0,-70.0,360.0,198.0,-5.0,217.0,-5.0,1041.0,109.0,66.0,16.0,308.0,213.0,308.0,213.0,39.491472,-81.347312,383,39_167_2526,382
118.0,136.0,41.0,7102.0,279.0,-51.0,330.0,116.0,39.0,207.0,24.0,1357.0,135.0,98.0,9.0,370.0,304.0,356.0,306.0,35.776413,-82.137756,384,37_111_31,383
102.0,126.0,39.0,6962.0,256.0,-61.0,317.0,99.0,25.0,189.0,9.0,1468.0,143.0,104.0,9.0,396.0,326.0,391.0,326.0,35.817682,-82.128697,385,37_111_4,384
124.0,135.0,40.0,7222.0,288.0,-45.0,333.0,122.0,43.0,215.0,28.0,1341.0,132.0,97.0,9.0,364.0,299.0,355.0,303.0,35.763144,-82.073232,386,37_111_28,385
111.0,129.0,39.0,7078.0,268.0,-55.0,323.0,108.0,32.0,200.0,17.0,1438.0,140.0,103.0,9.0,388.0,320.0,380.0,320.0,35.841234,-81.928285,387,37_111_18,386
121.0,132.0,40.0,7000.0,278.0,-45.0,323.0,119.0,126.0,208.0,28.0,1818.0,181.0,136.0,8.0,479.0,431.0,461.0,447.0,35.204842,-82.800906,388,37_175_51,387
108.0,132.0,40.0,7077.0,267.0,-58.0,325.0,106.0,115.0,196.0,14.0,1379.0,141.0,89.0,11.0,377.0,299.0,364.0,339.0,35.712234,-83.088571,389,37_87_40,388
120.0,136.0,40.0,7231.0,283.0,-50.0,333.0,118.0,126.0,210.0,23.0,1226.0,126.0,74.0,13.0,340.0,255.0,334.0,297.0,35.763048,-83.069153,390,37_87_4,389
112.0,134.0,40.0,7126.0,273.0,-56.0,329.0,109.0,118.0,201.0,17.0,1296.0,133.0,83.0,12.0,356.0,278.0,348.0,314.0,35.71206,-83.010661,391,37_87_69,390
105.0,129.0,40.0,6971.0,261.0,-58.0,319.0,102.0,111.0,193.0,12.0,1514.0,154.0,104.0,9.0,410.0,340.0,396.0,368.0,35.559968,-82.988772,392,37_87_60,391
90.0,116.0,38.0,6901.0,239.0,-66.0,305.0,88.0,97.0,176.0,-2.0,1884.0,186.0,140.0,7.0,500.0,444.0,484.0,456.0,35.387956,-82.963992,393,37_87_62,392
120.0,138.0,41.0,7217.0,284.0,-50.0,334.0,118.0,126.0,210.0,24.0,1226.0,127.0,75.0,13.0,339.0,257.0,332.0,298.0,35.688686,-83.033764,394,37_87_75,393
81.0,108.0,36.0,6878.0,225.0,-73.0,298.0,78.0,-11.0,167.0,-11.0,1984.0,193.0,152.0,6.0,524.0,473.0,511.0,473.0,35.34613,-82.869122,395,37_87_54,394
84.0,109.0,36.0,6889.0,229.0,-71.0,300.0,81.0,91.0,170.0,-8.0,1985.0,194.0,151.0,7.0,525.0,474.0,510.0,476.0,35.311832,-82.905161,396,37_87_43,395
107.0,127.0,40.0,6943.0,261.0,-55.0,316.0,104.0,113.0,194.0,14.0,1672.0,167.0,125.0,8.0,446.0,391.0,433.0,402.0,35.395014,-82.836183,397,37_87_22,396
108.0,133.0,40.0,7046.0,267.0,-58.0,325.0,106.0,114.0,197.0,15.0,1424.0,146.0,93.0,10.0,388.0,311.0,373.0,352.0,35.622873,-83.082022,398,37_87_19,397
106.0,131.0,40.0,7021.0,263.0,-59.0,322.0,103.0,112.0,194.0,12.0,1490.0,153.0,99.0,10.0,405.0,329.0,386.0,370.0,35.603046,-83.118057,399,37_87_1,398
89.0,118.0,37.0,6984.0,240.0,-71.0,311.0,87.0,96.0,176.0,-4.0,1709.0,170.0,120.0,8.0,460.0,391.0,442.0,416.0,35.666222,-83.133111,400,37_87_66,399
80.0,112.0,36.0,6994.0,228.0,-77.0,305.0,78.0,87.0,167.0,-13.0,1799.0,177.0,129.0,8.0,483.0,417.0,466.0,433.0,35.707444,-83.133279,401,37_87_7,400
97.0,125.0,39.0,7063.0,253.0,-66.0,319.0,95.0,104.0,185.0,3.0,1578.0,159.0,105.0,9.0,427.0,351.0,410.0,390.0,35.711801,-83.192884,402,37_87_55,401
118.0,131.0,35.0,8464.0,299.0,-65.0,364.0,204.0,4.0,224.0,4.0,1087.0,122.0,72.0,16.0,325.0,231.0,320.0,231.0,38.688718,-82.499519,403,39_87_8041,402
111.0,126.0,34.0,8591.0,292.0,-72.0,364.0,199.0,-5.0,218.0,-5.0,1041.0,109.0,66.0,16.0,309.0,213.0,308.0,213.0,39.50323,-81.258364,404,39_167_7351,403
107.0,126.0,34.0,8536.0,287.0,-75.0,362.0,194.0,-8.0,213.0,-8.0,1083.0,113.0,69.0,15.0,321.0,223.0,319.0,223.0,39.503366,-81.159259,405,39_167_14072,404
109.0,128.0,40.0,6975.0,264.0,-54.0,318.0,107.0,66.0,196.0,16.0,1543.0,154.0,116.0,9.0,412.0,358.0,407.0,363.0,35.451032,-82.72458,406,37_21_17,405
109.0,128.0,40.0,7004.0,264.0,-55.0,319.0,107.0,66.0,197.0,16.0,1523.0,152.0,115.0,9.0,407.0,352.0,403.0,356.0,35.468953,-82.697383,407,37_21_64,406
133.0,136.0,40.0,7400.0,301.0,-37.0,338.0,130.0,49.0,226.0,35.0,1303.0,127.0,95.0,9.0,353.0,288.0,347.0,295.0,35.801638,-81.911745,408,37_23_48,407
135.0,137.0,40.0,7483.0,305.0,-36.0,341.0,212.0,51.0,230.0,36.0,1274.0,123.0,93.0,9.0,347.0,279.0,343.0,288.0,35.885549,-81.787252,409,37_23_26,408
120.0,134.0,41.0,6974.0,278.0,-45.0,323.0,118.0,126.0,208.0,28.0,1838.0,185.0,139.0,8.0,488.0,432.0,462.0,456.0,35.192592,-82.912833,410,37_175_11,409
107.0,125.0,39.0,6957.0,260.0,-55.0,315.0,105.0,112.0,194.0,14.0,1751.0,174.0,134.0,7.0,465.0,415.0,452.0,419.0,35.339586,-82.778268,411,37_175_43,410
123.0,136.0,41.0,7040.0,283.0,-45.0,328.0,121.0,129.0,212.0,30.0,1601.0,160.0,119.0,8.0,422.0,373.0,417.0,389.0,35.296228,-82.772393,412,37_175_58,411
129.0,135.0,41.0,6979.0,287.0,-37.0,324.0,50.0,135.0,216.0,36.0,1845.0,188.0,138.0,9.0,495.0,427.0,457.0,473.0,35.043293,-82.987262,413,37_175_6,412
86.0,111.0,37.0,6867.0,231.0,-68.0,299.0,84.0,45.0,172.0,-5.0,1964.0,192.0,150.0,7.0,519.0,469.0,505.0,470.0,35.309587,-82.863524,414,37_175_35,413
114.0,130.0,40.0,7013.0,271.0,-50.0,321.0,112.0,72.0,203.0,21.0,1506.0,150.0,115.0,9.0,401.0,350.0,399.0,353.0,35.415682,-82.691188,415,37_89_39,414
118.0,133.0,40.0,7027.0,277.0,-48.0,325.0,207.0,75.0,207.0,25.0,1402.0,141.0,105.0,10.0,376.0,321.0,376.0,327.0,35.426118,-82.688786,416,37_89_27,415
115.0,129.0,35.0,8537.0,296.0,-69.0,365.0,201.0,-1.0,221.0,-1.0,1063.0,115.0,69.0,16.0,315.0,223.0,309.0,223.0,38.857255,-82.653225,417,39_79_12636,416
117.0,130.0,35.0,8482.0,298.0,-67.0,365.0,203.0,3.0,222.0,3.0,1083.0,121.0,71.0,16.0,323.0,228.0,318.0,228.0,38.749616,-82.514215,418,39_87_12769,417
118.0,129.0,35.0,8502.0,299.0,-65.0,364.0,205.0,127.0,224.0,4.0,1066.0,115.0,69.0,16.0,316.0,229.0,311.0,229.0,38.688322,-82.734113,419,39_145_13692,418
114.0,128.0,39.0,7272.0,275.0,-53.0,328.0,188.0,17.0,205.0,17.0,1372.0,130.0,97.0,9.0,375.0,299.0,368.0,299.0,36.113421,-81.686458,420,37_27_28,419
124.0,135.0,41.0,7078.0,284.0,-44.0,328.0,213.0,44.0,213.0,30.0,1447.0,144.0,108.0,9.0,387.0,337.0,387.0,341.0,35.353099,-82.642791,421,37_89_14,420
106.0,129.0,34.0,8735.0,291.0,-81.0,372.0,195.0,-12.0,214.0,-12.0,1018.0,110.0,62.0,19.0,314.0,202.0,302.0,202.0,39.525874,-82.231605,422,39_73_15675,421
112.0,130.0,40.0,7057.0,269.0,-55.0,324.0,109.0,33.0,200.0,17.0,1434.0,141.0,103.0,9.0,387.0,320.0,378.0,320.0,35.814946,-81.974401,423,37_23_23,422
121.0,132.0,39.0,7281.0,284.0,-47.0,331.0,118.0,40.0,213.0,24.0,1363.0,132.0,98.0,9.0,368.0,302.0,363.0,304.0,35.906178,-81.842407,424,37_23_27,423
120.0,132.0,39.0,7219.0,284.0,-48.0,332.0,117.0,40.0,211.0,25.0,1371.0,133.0,99.0,9.0,370.0,304.0,364.0,307.0,35.863358,-81.885181,425,37_23_2,424
141.0,138.0,40.0,7496.0,313.0,-29.0,342.0,219.0,57.0,236.0,43.0,1261.0,122.0,90.0,9.0,340.0,281.0,337.0,295.0,35.743231,-81.706971,426,37_23_34,425
112.0,132.0,40.0,6976.0,268.0,-55.0,323.0,110.0,34.0,199.0,19.0,1410.0,140.0,101.0,9.0,383.0,316.0,370.0,316.0,35.715924,-82.190874,427,37_111_32,426
113.0,133.0,40.0,7012.0,271.0,-54.0,325.0,110.0,34.0,201.0,19.0,1408.0,140.0,102.0,9.0,382.0,317.0,367.0,318.0,35.774855,-82.103042,428,37_111_51,427
105.0,127.0,39.0,7052.0,262.0,-59.0,321.0,177.0,27.0,194.0,11.0,1435.0,139.0,102.0,9.0,388.0,317.0,385.0,317.0,35.943079,-81.943303,429,37_111_47,428
137.0,136.0,40.0,7386.0,305.0,-33.0,338.0,135.0,54.0,231.0,40.0,1302.0,128.0,96.0,9.0,352.0,291.0,347.0,300.0,35.675193,-82.047025,430,37_111_52,429
121.0,136.0,41.0,7091.0,282.0,-47.0,329.0,119.0,42.0,210.0,27.0,1309.0,130.0,93.0,10.0,357.0,290.0,348.0,292.0,35.667985,-82.248806,431,37_111_25,430
105.0,128.0,34.0,8749.0,289.0,-82.0,371.0,194.0,-14.0,213.0,-14.0,1034.0,114.0,62.0,19.0,318.0,203.0,303.0,203.0,39.433419,-82.371601,432,39_73_12480,431
128.0,135.0,39.0,7434.0,296.0,-42.0,338.0,204.0,45.0,222.0,30.0,1299.0,124.0,93.0,9.0,355.0,284.0,350.0,289.0,35.987872,-81.75594,433,37_27_15,432
123.0,132.0,39.0,7347.0,287.0,-46.0,333.0,198.0,41.0,215.0,25.0,1338.0,128.0,96.0,9.0,364.0,294.0,359.0,297.0,35.96702,-81.77665,434,37_27_39,433
128.0,135.0,39.0,7456.0,296.0,-43.0,339.0,203.0,44.0,222.0,29.0,1280.0,121.0,91.0,10.0,352.0,278.0,347.0,282.0,36.087517,-81.687164,435,37_27_32,434
135.0,137.0,39.0,7547.0,306.0,-37.0,343.0,212.0,50.0,231.0,35.0,1254.0,120.0,90.0,10.0,344.0,272.0,341.0,279.0,36.001233,-81.677066,436,37_27_44,435
116.0,131.0,35.0,8514.0,297.0,-70.0,367.0,202.0,1.0,222.0,1.0,1065.0,118.0,69.0,17.0,317.0,222.0,312.0,222.0,38.857462,-82.49169,437,39_79_12632,436
117.0,129.0,35.0,8454.0,297.0,-65.0,362.0,203.0,3.0,222.0,3.0,1091.0,121.0,72.0,16.0,326.0,232.0,321.0,232.0,38.662756,-82.544333,438,39_87_15692,437
116.0,129.0,35.0,8508.0,297.0,-67.0,364.0,203.0,1.0,222.0,1.0,1072.0,117.0,70.0,16.0,319.0,226.0,314.0,226.0,38.771036,-82.647898,439,39_87_12774,438
119.0,130.0,35.0,8464.0,300.0,-64.0,364.0,205.0,128.0,224.0,5.0,1074.0,118.0,70.0,16.0,321.0,230.0,315.0,231.0,38.62014,-82.707186,440,39_87_12794,439
105.0,129.0,34.0,8758.0,290.0,-82.0,372.0,194.0,-14.0,213.0,-14.0,1023.0,111.0,62.0,19.0,318.0,202.0,305.0,202.0,39.570134,-82.229698,441,39_127_1451,440
107.0,125.0,34.0,8576.0,287.0,-75.0,362.0,194.0,-9.0,213.0,-9.0,1054.0,111.0,66.0,16.0,316.0,213.0,313.0,213.0,39.589046,-81.23446,442,39_111_7349,441
117.0,130.0,35.0,8489.0,297.0,-67.0,364.0,203.0,3.0,222.0,3.0,1088.0,122.0,71.0,16.0,324.0,229.0,320.0,229.0,38.721896,-82.42091,443,39_53_8035,442
117.0,131.0,35.0,8533.0,298.0,-68.0,366.0,203.0,1.0,222.0,1.0,1065.0,117.0,69.0,17.0,317.0,223.0,311.0,223.0,38.828428,-82.566529,444,39_53_8377,443
118.0,135.0,40.0,7133.0,279.0,-51.0,330.0,116.0,38.0,207.0,23.0,1363.0,134.0,99.0,9.0,371.0,306.0,358.0,308.0,35.847396,-82.054287,445,37_111_20,444
103.0,127.0,39.0,6997.0,257.0,-61.0,318.0,23.0,155.0,190.0,9.0,1827.0,189.0,121.0,10.0,510.0,403.0,445.0,482.0,35.213495,-83.703939,446,37_113_30,445
107.0,132.0,40.0,6990.0,263.0,-59.0,322.0,28.0,160.0,194.0,14.0,1757.0,182.0,115.0,11.0,493.0,386.0,429.0,467.0,35.27134,-83.610357,447,37_113_49,446
96.0,121.0,39.0,6940.0,246.0,-64.0,310.0,16.0,147.0,182.0,3.0,1919.0,195.0,131.0,9.0,526.0,430.0,472.0,498.0,35.215368,-83.576866,448,37_113_12,447
105.0,129.0,40.0,6912.0,259.0,-58.0,317.0,26.0,156.0,190.0,12.0,1836.0,189.0,123.0,10.0,511.0,407.0,447.0,485.0,35.195188,-83.552253,449,37_113_53,448
106.0,130.0,41.0,6920.0,260.0,-57.0,317.0,27.0,158.0,192.0,14.0,1841.0,190.0,124.0,10.0,513.0,410.0,448.0,486.0,35.173681,-83.539778,450,37_113_5,449
120.0,141.0,42.0,6966.0,280.0,-50.0,330.0,41.0,128.0,207.0,27.0,1671.0,176.0,109.0,12.0,478.0,366.0,400.0,453.0,35.165661,-83.520043,451,37_113_7,450
96.0,118.0,38.0,6886.0,245.0,-62.0,307.0,17.0,147.0,182.0,4.0,2015.0,205.0,141.0,9.0,552.0,456.0,493.0,522.0,35.015612,-83.51927,452,37_113_44,451
117.0,137.0,42.0,6890.0,274.0,-50.0,324.0,39.0,169.0,202.0,25.0,1779.0,186.0,120.0,11.0,504.0,396.0,423.0,480.0,35.090507,-83.468838,453,37_113_14,452
117.0,134.0,41.0,6837.0,273.0,-48.0,321.0,39.0,168.0,202.0,25.0,1847.0,192.0,127.0,10.0,519.0,413.0,440.0,495.0,35.01102,-83.415236,454,37_113_23,453
114.0,131.0,41.0,6877.0,268.0,-49.0,317.0,36.0,165.0,200.0,22.0,1901.0,196.0,133.0,9.0,527.0,430.0,458.0,502.0,35.032592,-83.347758,455,37_113_54,454
115.0,134.0,41.0,6893.0,271.0,-50.0,321.0,36.0,166.0,200.0,22.0,1822.0,188.0,126.0,10.0,505.0,412.0,442.0,480.0,35.128494,-83.328564,456,37_113_60,455
116.0,137.0,42.0,6905.0,274.0,-51.0,325.0,37.0,123.0,202.0,24.0,1709.0,178.0,116.0,10.0,475.0,382.0,419.0,448.0,35.227101,-83.304633,457,37_113_52,456
114.0,130.0,41.0,6834.0,268.0,-48.0,316.0,36.0,164.0,199.0,23.0,1936.0,198.0,138.0,9.0,531.0,441.0,469.0,507.0,35.022956,-83.279615,458,37_113_8,457
105.0,129.0,40.0,7021.0,260.0,-61.0,321.0,25.0,157.0,192.0,11.0,1768.0,183.0,116.0,10.0,494.0,389.0,433.0,467.0,35.307455,-83.66236,459,37_173_36,458
99.0,125.0,39.0,6929.0,251.0,-62.0,313.0,20.0,150.0,185.0,6.0,1840.0,187.0,127.0,9.0,500.0,417.0,459.0,471.0,35.340635,-83.360922,460,37_173_42,459
88.0,116.0,37.0,6996.0,238.0,-71.0,309.0,8.0,140.0,176.0,-5.0,1923.0,195.0,131.0,9.0,524.0,430.0,476.0,494.0,35.31747,-83.676508,461,37_173_43,460
103.0,129.0,40.0,6986.0,258.0,-61.0,319.0,24.0,156.0,190.0,10.0,1791.0,185.0,118.0,10.0,499.0,395.0,439.0,472.0,35.288911,-83.624636,462,37_173_32,461
95.0,123.0,39.0,6994.0,247.0,-67.0,314.0,92.0,101.0,182.0,1.0,1697.0,171.0,117.0,9.0,457.0,384.0,435.0,421.0,35.584529,-83.201821,463,37_173_10,462
93.0,121.0,38.0,7019.0,245.0,-68.0,313.0,91.0,99.0,180.0,-1.0,1713.0,172.0,117.0,9.0,462.0,387.0,439.0,425.0,35.615496,-83.248473,464,37_173_29,463
77.0,109.0,35.0,7016.0,224.0,-79.0,303.0,75.0,84.0,164.0,-17.0,1869.0,184.0,133.0,8.0,501.0,434.0,481.0,453.0,35.666841,-83.250891,465,37_173_24,464
93.0,117.0,37.0,6948.0,242.0,-67.0,309.0,164.0,1.0,180.0,1.0,1576.0,152.0,112.0,9.0,425.0,351.0,423.0,351.0,35.739393,-82.251953,466,37_199_23,465
91.0,117.0,37.0,6945.0,240.0,-69.0,309.0,161.0,-1.0,178.0,-1.0,1547.0,148.0,109.0,9.0,421.0,342.0,419.0,342.0,35.852829,-82.23934,467,37_199_37,466
109.0,133.0,40.0,7028.0,267.0,-59.0,326.0,107.0,31.0,197.0,15.0,1332.0,132.0,95.0,10.0,364.0,297.0,357.0,299.0,35.888413,-82.309931,468,37_199_31,467
105.0,129.0,39.0,7105.0,262.0,-61.0,323.0,177.0,64.0,194.0,10.0,1315.0,128.0,95.0,11.0,365.0,290.0,360.0,298.0,36.048142,-82.379405,469,37_199_49,468
85.0,115.0,37.0,7033.0,235.0,-74.0,309.0,83.0,92.0,173.0,-9.0,1803.0,179.0,126.0,8.0,484.0,413.0,462.0,444.0,35.626258,-83.299647,470,37_173_7,469
96.0,124.0,39.0,6995.0,249.0,-66.0,315.0,93.0,102.0,183.0,2.0,1700.0,172.0,115.0,9.0,459.0,381.0,434.0,426.0,35.583016,-83.296547,471,37_173_13,470
122.0,146.0,43.0,7132.0,287.0,-52.0,339.0,42.0,130.0,211.0,27.0,1386.0,147.0,85.0,13.0,389.0,290.0,350.0,362.0,35.538634,-83.297179,472,37_173_33,471
108.0,134.0,41.0,7047.0,266.0,-60.0,326.0,27.0,115.0,195.0,13.0,1539.0,159.0,98.0,11.0,424.0,333.0,391.0,396.0,35.579185,-83.35057,473,37_173_9,472
93.0,122.0,38.0,7051.0,246.0,-69.0,315.0,91.0,100.0,181.0,-1.0,1740.0,176.0,117.0,9.0,470.0,390.0,441.0,439.0,35.584328,-83.409268,474,37_173_46,473
107.0,133.0,41.0,7023.0,264.0,-60.0,324.0,27.0,114.0,194.0,13.0,1594.0,165.0,103.0,10.0,440.0,348.0,401.0,412.0,35.531973,-83.399538,475,37_173_12,474
96.0,124.0,39.0,7006.0,249.0,-66.0,315.0,16.0,148.0,183.0,2.0,1761.0,179.0,118.0,9.0,479.0,394.0,442.0,450.0,35.493961,-83.459165,476,37_173_14,475
81.0,112.0,36.0,7017.0,229.0,-76.0,305.0,79.0,133.0,168.0,-13.0,1882.0,187.0,131.0,8.0,506.0,429.0,477.0,468.0,35.580455,-83.467891,477,37_173_6,476
116.0,140.0,42.0,7107.0,277.0,-56.0,333.0,35.0,123.0,204.0,20.0,1523.0,160.0,94.0,12.0,429.0,323.0,381.0,402.0,35.493081,-83.500757,478,37_173_17,477
118.0,140.0,41.0,7133.0,279.0,-55.0,334.0,37.0,125.0,206.0,22.0,1520.0,159.0,93.0,12.0,429.0,321.0,380.0,404.0,35.486751,-83.572789,479,37_173_41,478
107.0,133.0,40.0,7094.0,265.0,-61.0,326.0,26.0,115.0,195.0,12.0,1613.0,167.0,102.0,11.0,449.0,349.0,403.0,422.0,35.530679,-83.562257,480,37_173_21,479
91.0,120.0,38.0,7037.0,243.0,-70.0,313.0,11.0,143.0,179.0,-3.0,1824.0,185.0,122.0,9.0,496.0,406.0,456.0,467.0,35.484495,-83.621454,481,37_173_18,480
119.0,139.0,41.0,7153.0,280.0,-53.0,333.0,38.0,127.0,208.0,23.0,1521.0,159.0,92.0,13.0,431.0,318.0,382.0,406.0,35.495263,-83.683993,482,37_173_22,481
97.0,123.0,38.0,7105.0,251.0,-67.0,318.0,16.0,150.0,185.0,2.0,1743.0,178.0,113.0,10.0,479.0,381.0,435.0,452.0,35.534306,-83.728232,483,37_173_31,482
124.0,140.0,41.0,7221.0,286.0,-49.0,335.0,42.0,132.0,213.0,27.0,1496.0,156.0,89.0,13.0,425.0,309.0,378.0,401.0,35.479707,-83.728151,484,37_173_34,483
94.0,121.0,38.0,7136.0,247.0,-69.0,316.0,12.0,147.0,183.0,-1.0,1776.0,181.0,116.0,10.0,487.0,389.0,443.0,459.0,35.534141,-83.780017,485,37_173_47,484
106.0,129.0,39.0,7174.0,264.0,-61.0,325.0,25.0,160.0,196.0,10.0,1669.0,173.0,105.0,11.0,467.0,358.0,415.0,441.0,35.483127,-83.827323,486,37_173_3,485
117.0,135.0,40.0,7248.0,278.0,-53.0,331.0,35.0,171.0,208.0,20.0,1571.0,164.0,95.0,13.0,446.0,329.0,392.0,422.0,35.476776,-83.891321,487,37_173_23,486
112.0,137.0,41.0,7053.0,270.0,-57.0,327.0,31.0,119.0,199.0,17.0,1572.0,164.0,99.0,11.0,440.0,338.0,392.0,413.0,35.483684,-83.494827,488,37_173_55,487
114.0,127.0,40.0,6896.0,267.0,-47.0,314.0,111.0,164.0,200.0,22.0,2033.0,204.0,154.0,8.0,539.0,479.0,503.0,510.0,35.091,-83.001691,489,37_175_25,488
103.0,122.0,39.0,6900.0,255.0,-57.0,312.0,101.0,109.0,190.0,11.0,1889.0,187.0,144.0,7.0,500.0,449.0,480.0,460.0,35.260967,-82.879802,490,37_175_23,489
121.0,133.0,41.0,6973.0,279.0,-45.0,324.0,119.0,127.0,209.0,29.0,1828.0,183.0,137.0,8.0,483.0,431.0,462.0,452.0,35.193168,-82.865579,491,37_175_37,490
109.0,127.0,40.0,6936.0,263.0,-53.0,316.0,107.0,115.0,196.0,17.0,1728.0,172.0,132.0,7.0,459.0,408.0,445.0,416.0,35.3322,-82.807071,492,37_175_33,491
116.0,132.0,40.0,6962.0,273.0,-49.0,322.0,114.0,122.0,204.0,24.0,1690.0,169.0,128.0,8.0,448.0,397.0,435.0,410.0,35.295368,-82.816183,493,37_175_18,492
121.0,133.0,41.0,6956.0,278.0,-44.0,322.0,119.0,127.0,208.0,29.0,1794.0,179.0,134.0,8.0,473.0,424.0,456.0,441.0,35.211477,-82.793037,494,37_175_29,493
106.0,124.0,39.0,6922.0,258.0,-56.0,314.0,103.0,112.0,192.0,13.0,1769.0,175.0,136.0,7.0,469.0,420.0,456.0,424.0,35.325885,-82.776536,495,37_175_32,494
134.0,139.0,41.0,7411.0,302.0,-37.0,339.0,50.0,189.0,227.0,36.0,1493.0,160.0,89.0,14.0,436.0,311.0,365.0,409.0,35.187914,-84.29406,496,37_39_5,495
133.0,139.0,41.0,7423.0,300.0,-39.0,339.0,49.0,188.0,226.0,34.0,1498.0,160.0,89.0,14.0,436.0,312.0,368.0,409.0,35.20995,-84.254231,497,37_39_19,496
129.0,138.0,40.0,7362.0,294.0,-43.0,337.0,45.0,183.0,220.0,30.0,1528.0,163.0,92.0,14.0,443.0,320.0,376.0,415.0,35.233519,-84.236941,498,37_39_34,497
98.0,121.0,38.0,7137.0,251.0,-65.0,316.0,16.0,151.0,186.0,2.0,1827.0,189.0,119.0,11.0,510.0,397.0,446.0,481.0,35.272111,-84.023444,499,37_39_22,498
118.0,136.0,41.0,7211.0,278.0,-52.0,330.0,36.0,172.0,207.0,21.0,1631.0,172.0,100.0,13.0,470.0,345.0,400.0,442.0,35.213984,-84.023902,500,37_39_36,499
123.0,139.0,41.0,7221.0,285.0,-48.0,333.0,41.0,131.0,213.0,26.0,1591.0,169.0,97.0,13.0,463.0,335.0,390.0,434.0,35.141634,-84.022164,501,37_39_38,500
109.0,126.0,34.0,8551.0,289.0,-74.0,363.0,196.0,-7.0,215.0,-7.0,1071.0,112.0,68.0,15.0,317.0,221.0,315.0,221.0,39.474707,-81.206513,502,39_167_7168,501
105.0,129.0,34.0,8760.0,291.0,-82.0,373.0,194.0,-13.0,214.0,-13.0,1020.0,110.0,62.0,19.0,317.0,201.0,305.0,201.0,39.604859,-82.216821,503,39_127_13398,502
116.0,130.0,35.0,8520.0,297.0,-69.0,366.0,203.0,1.0,222.0,1.0,1073.0,118.0,70.0,17.0,319.0,225.0,314.0,225.0,38.814732,-82.573628,504,39_53_15655,503
108.0,127.0,34.0,8533.0,288.0,-75.0,363.0,194.0,-8.0,213.0,-8.0,1085.0,113.0,69.0,15.0,322.0,224.0,319.0,224.0,39.495863,-81.121784,505,39_167_2907,504
108.0,132.0,40.0,7022.0,265.0,-59.0,324.0,28.0,160.0,195.0,14.0,1728.0,180.0,111.0,11.0,488.0,375.0,422.0,461.0,35.288797,-83.721589,506,37_75_34,505
110.0,131.0,40.0,7147.0,268.0,-58.0,326.0,29.0,163.0,199.0,14.0,1676.0,175.0,105.0,12.0,475.0,358.0,412.0,449.0,35.349101,-83.934015,507,37_75_18,506
101.0,124.0,39.0,6948.0,254.0,-62.0,316.0,99.0,9.0,188.0,9.0,1502.0,147.0,107.0,9.0,403.0,335.0,400.0,335.0,35.71047,-82.213188,508,37_111_23,507
123.0,136.0,40.0,7344.0,291.0,-46.0,337.0,216.0,79.0,216.0,26.0,1097.0,114.0,69.0,14.0,312.0,224.0,312.0,251.0,35.851993,-82.701254,509,37_115_42,508
98.0,124.0,39.0,7058.0,252.0,-65.0,317.0,170.0,57.0,187.0,4.0,1390.0,136.0,100.0,10.0,382.0,308.0,378.0,317.0,35.953141,-82.565709,510,37_115_4,509
116.0,133.0,40.0,7303.0,279.0,-53.0,332.0,190.0,72.0,207.0,19.0,1170.0,119.0,74.0,13.0,328.0,245.0,327.0,272.0,35.936588,-82.790001,511,37_115_40,510
120.0,134.0,40.0,7316.0,284.0,-49.0,333.0,211.0,75.0,211.0,23.0,1142.0,117.0,71.0,14.0,321.0,236.0,321.0,265.0,35.858183,-82.831631,512,37_115_10,511
118.0,131.0,41.0,6874.0,273.0,-44.0,317.0,40.0,169.0,204.0,27.0,1954.0,199.0,143.0,8.0,528.0,452.0,477.0,504.0,35.019451,-83.138628,513,37_113_1,512
99.0,124.0,39.0,6983.0,250.0,-64.0,314.0,19.0,151.0,185.0,5.0,1869.0,192.0,125.0,10.0,518.0,414.0,457.0,490.0,35.219668,-83.696151,514,37_113_25,513
93.0,119.0,38.0,6922.0,242.0,-66.0,308.0,14.0,145.0,179.0,0.0,1954.0,198.0,135.0,9.0,534.0,440.0,481.0,505.0,35.184893,-83.59031,515,37_113_13,514
101.0,124.0,39.0,6935.0,253.0,-60.0,313.0,22.0,152.0,187.0,8.0,1907.0,196.0,129.0,10.0,529.0,424.0,465.0,501.0,35.128779,-83.608011,516,37_113_58,515
95.0,118.0,38.0,6900.0,244.0,-63.0,307.0,16.0,145.0,181.0,3.0,2012.0,204.0,141.0,9.0,550.0,455.0,493.0,521.0,35.047341,-83.526365,517,37_113_21,516
113.0,133.0,41.0,6860.0,267.0,-51.0,318.0,35.0,164.0,198.0,21.0,1849.0,192.0,126.0,10.0,518.0,413.0,444.0,493.0,35.071547,-83.445664,518,37_113_67,517
95.0,116.0,38.0,6821.0,243.0,-60.0,303.0,17.0,146.0,180.0,4.0,2067.0,207.0,150.0,7.0,555.0,477.0,512.0,526.0,35.040446,-83.280947,519,37_113_11,518
102.0,126.0,39.0,6956.0,256.0,-60.0,316.0,23.0,154.0,188.0,9.0,1856.0,191.0,124.0,10.0,516.0,412.0,453.0,489.0,35.189535,-83.627443,520,37_113_34,519
110.0,126.0,40.0,6853.0,262.0,-50.0,312.0,32.0,161.0,195.0,19.0,1996.0,202.0,143.0,8.0,542.0,457.0,489.0,518.0,35.029196,-83.244904,521,37_113_19,520
112.0,129.0,41.0,6821.0,265.0,-49.0,314.0,34.0,162.0,197.0,21.0,1943.0,199.0,137.0,9.0,535.0,441.0,470.0,510.0,35.011739,-83.331716,522,37_113_29,521
116.0,138.0,42.0,6911.0,274.0,-52.0,326.0,38.0,168.0,202.0,24.0,1723.0,181.0,115.0,11.0,488.0,382.0,413.0,462.0,35.173965,-83.477516,523,37_113_37,522
94.0,117.0,38.0,6860.0,242.0,-62.0,304.0,16.0,145.0,180.0,3.0,2031.0,206.0,143.0,8.0,554.0,461.0,499.0,524.0,35.013189,-83.486214,524,37_113_15,523
102.0,127.0,40.0,6975.0,255.0,-62.0,317.0,22.0,153.0,188.0,8.0,1822.0,187.0,122.0,10.0,504.0,405.0,448.0,477.0,35.288567,-83.564819,525,37_113_28,524
105.0,128.0,40.0,6913.0,258.0,-58.0,316.0,26.0,157.0,191.0,13.0,1868.0,193.0,126.0,10.0,521.0,416.0,453.0,494.0,35.121192,-83.569985,526,37_113_48,525
131.0,134.0,39.0,7519.0,299.0,-40.0,339.0,207.0,85.0,225.0,31.0,1106.0,121.0,67.0,16.0,320.0,223.0,317.0,253.0,35.897293,-82.865986,527,37_115_15,526
125.0,135.0,40.0,7418.0,292.0,-45.0,337.0,201.0,80.0,219.0,27.0,1117.0,118.0,68.0,15.0,318.0,228.0,317.0,257.0,35.86949,-82.851446,528,37_115_3,527
111.0,131.0,40.0,7098.0,270.0,-56.0,326.0,108.0,68.0,200.0,16.0,1273.0,129.0,86.0,11.0,348.0,275.0,347.0,297.0,35.719894,-82.807596,529,37_115_31,528
126.0,135.0,39.0,7417.0,293.0,-45.0,338.0,200.0,80.0,218.0,27.0,1106.0,118.0,68.0,15.0,316.0,225.0,315.0,253.0,35.89326,-82.805549,530,37_115_48,529
137.0,135.0,39.0,7554.0,306.0,-35.0,341.0,213.0,90.0,231.0,36.0,1091.0,121.0,67.0,16.0,316.0,220.0,313.0,247.0,35.87739,-82.809513,531,37_115_8,530
106.0,128.0,40.0,6947.0,260.0,-59.0,319.0,103.0,13.0,192.0,13.0,1460.0,144.0,104.0,9.0,394.0,326.0,387.0,326.0,35.710016,-82.200367,532,37_111_29,531
101.0,126.0,39.0,7059.0,257.0,-63.0,320.0,172.0,23.0,189.0,7.0,1368.0,132.0,98.0,10.0,378.0,303.0,375.0,306.0,36.098747,-82.223957,533,37_121_16,532
98.0,123.0,38.0,7073.0,252.0,-66.0,318.0,169.0,57.0,186.0,3.0,1386.0,134.0,99.0,10.0,385.0,307.0,381.0,310.0,36.12438,-82.28204,534,37_121_14,533
101.0,126.0,39.0,7051.0,256.0,-64.0,320.0,172.0,60.0,189.0,6.0,1357.0,132.0,97.0,11.0,377.0,300.0,372.0,305.0,36.09896,-82.314356,535,37_121_23,534
97.0,121.0,38.0,7139.0,251.0,-66.0,317.0,15.0,150.0,186.0,2.0,1814.0,187.0,118.0,10.0,504.0,394.0,445.0,476.0,35.339956,-84.00403,536,37_75_13,535
105.0,127.0,39.0,7163.0,261.0,-61.0,322.0,23.0,158.0,194.0,9.0,1722.0,179.0,109.0,11.0,484.0,370.0,423.0,457.0,35.378386,-83.927,537,37_75_7,536
107.0,129.0,40.0,7074.0,263.0,-59.0,322.0,26.0,159.0,195.0,12.0,1748.0,182.0,112.0,11.0,494.0,378.0,425.0,467.0,35.23717,-83.884572,538,37_75_15,537
115.0,136.0,41.0,7130.0,275.0,-55.0,330.0,34.0,169.0,204.0,20.0,1643.0,172.0,102.0,12.0,469.0,350.0,403.0,444.0,35.298054,-83.864863,539,37_75_33,538
126.0,140.0,41.0,7237.0,289.0,-47.0,336.0,44.0,134.0,216.0,29.0,1530.0,161.0,91.0,14.0,441.0,314.0,383.0,417.0,35.360373,-83.880045,540,37_75_1,539
108.0,131.0,40.0,7127.0,265.0,-60.0,325.0,27.0,161.0,196.0,12.0,1685.0,175.0,106.0,11.0,474.0,362.0,416.0,448.0,35.396646,-83.806662,541,37_75_36,540
112.0,135.0,41.0,7094.0,271.0,-57.0,328.0,32.0,165.0,201.0,17.0,1663.0,174.0,105.0,12.0,472.0,358.0,408.0,446.0,35.326359,-83.743158,542,37_75_25,541
120.0,141.0,42.0,7096.0,281.0,-52.0,333.0,39.0,128.0,208.0,25.0,1563.0,164.0,96.0,12.0,447.0,330.0,386.0,422.0,35.362143,-83.654121,543,37_75_21,542
125.0,143.0,42.0,7140.0,287.0,-49.0,336.0,44.0,132.0,213.0,29.0,1511.0,159.0,92.0,13.0,432.0,317.0,376.0,407.0,35.380977,-83.619348,544,37_75_9,543
113.0,133.0,40.0,7154.0,272.0,-56.0,328.0,31.0,166.0,202.0,17.0,1674.0,175.0,105.0,12.0,477.0,358.0,410.0,451.0,35.269536,-83.926799,545,37_75_14,544
104.0,128.0,39.0,7084.0,260.0,-62.0,322.0,23.0,157.0,192.0,9.0,1736.0,180.0,112.0,11.0,486.0,377.0,427.0,459.0,35.380703,-83.767851,546,37_75_19,545
116.0,135.0,41.0,7160.0,276.0,-53.0,329.0,35.0,170.0,205.0,20.0,1658.0,175.0,103.0,12.0,477.0,354.0,404.0,449.0,35.175847,-83.983326,547,37_39_26,546
106.0,128.0,40.0,7032.0,261.0,-59.0,320.0,26.0,159.0,194.0,12.0,1794.0,187.0,117.0,11.0,507.0,391.0,435.0,479.0,35.137181,-83.863956,548,37_39_39,547
121.0,140.0,42.0,7144.0,281.0,-51.0,332.0,39.0,128.0,209.0,25.0,1613.0,170.0,99.0,13.0,467.0,340.0,395.0,441.0,35.219297,-83.867873,549,37_39_41,548
106.0,129.0,40.0,7030.0,262.0,-59.0,321.0,26.0,159.0,194.0,12.0,1797.0,187.0,117.0,11.0,508.0,393.0,436.0,480.0,35.149729,-83.815284,550,37_39_47,549
95.0,121.0,38.0,7022.0,247.0,-66.0,313.0,15.0,147.0,183.0,1.0,1880.0,193.0,126.0,10.0,520.0,416.0,461.0,491.0,35.245388,-83.7803,551,37_39_43,550
127.0,137.0,40.0,7395.0,291.0,-44.0,335.0,43.0,182.0,219.0,28.0,1548.0,165.0,93.0,14.0,449.0,324.0,380.0,421.0,35.230358,-84.269049,552,37_39_59,551
104.0,124.0,38.0,7194.0,260.0,-62.0,322.0,22.0,158.0,194.0,8.0,1761.0,184.0,112.0,11.0,497.0,378.0,429.0,468.0,35.245396,-84.12361,553,37_39_37,552
106.0,125.0,38.0,7227.0,264.0,-60.0,324.0,24.0,159.0,197.0,10.0,1736.0,182.0,110.0,12.0,492.0,371.0,422.0,463.0,35.24181,-84.170675,554,37_39_58,553
117.0,133.0,40.0,7286.0,278.0,-52.0,330.0,34.0,171.0,208.0,20.0,1637.0,173.0,101.0,13.0,471.0,346.0,399.0,443.0,35.20755,-84.183427,555,37_39_4,554
112.0,129.0,39.0,7265.0,271.0,-55.0,326.0,30.0,166.0,203.0,15.0,1677.0,177.0,105.0,12.0,479.0,357.0,408.0,450.0,35.230596,-84.187623,556,37_39_33,555
97.0,120.0,37.0,7122.0,250.0,-66.0,316.0,15.0,150.0,185.0,2.0,1843.0,190.0,121.0,10.0,513.0,402.0,450.0,484.0,35.248128,-84.009763,557,37_39_53,556
124.0,139.0,41.0,7274.0,288.0,-47.0,335.0,41.0,131.0,215.0,27.0,1571.0,167.0,95.0,14.0,456.0,329.0,388.0,427.0,35.179107,-84.091775,558,37_39_27,557
94.0,117.0,38.0,6905.0,243.0,-63.0,306.0,15.0,146.0,180.0,2.0,2012.0,204.0,141.0,9.0,550.0,455.0,493.0,521.0,35.029375,-83.566855,559,37_43_19,558
109.0,129.0,40.0,6902.0,263.0,-55.0,318.0,30.0,160.0,195.0,17.0,1873.0,194.0,127.0,10.0,526.0,416.0,450.0,499.0,35.019882,-83.59786,560,37_43_14,559
117.0,137.0,42.0,6973.0,274.0,-52.0,326.0,37.0,169.0,203.0,23.0,1730.0,182.0,112.0,12.0,496.0,377.0,414.0,470.0,35.099299,-83.673762,561,37_43_6,560
117.0,137.0,41.0,7039.0,275.0,-53.0,328.0,37.0,169.0,204.0,22.0,1692.0,178.0,108.0,12.0,486.0,366.0,408.0,459.0,35.103344,-83.816817,562,37_43_10,561
81.0,110.0,36.0,6932.0,226.0,-75.0,301.0,78.0,87.0,167.0,-12.0,1947.0,191.0,142.0,7.0,517.0,457.0,498.0,475.0,35.442048,-83.157004,563,37_99_50,562
110.0,132.0,40.0,7059.0,267.0,-56.0,323.0,30.0,163.0,198.0,16.0,1757.0,184.0,113.0,11.0,501.0,381.0,425.0,473.0,35.121797,-83.853992,564,37_43_28,563
121.0,140.0,42.0,7013.0,280.0,-50.0,330.0,41.0,129.0,208.0,27.0,1677.0,177.0,107.0,12.0,484.0,362.0,402.0,459.0,35.08493,-83.694295,565,37_43_25,564
124.0,136.0,40.0,7352.0,288.0,-46.0,334.0,40.0,179.0,216.0,26.0,1565.0,166.0,94.0,13.0,452.0,328.0,385.0,425.0,35.257033,-84.211253,566,37_39_23,565
93.0,116.0,38.0,6872.0,241.0,-64.0,305.0,14.0,143.0,178.0,1.0,2032.0,205.0,143.0,8.0,553.0,461.0,500.0,524.0,35.02623,-83.525934,567,37_113_75,566
130.0,135.0,40.0,7308.0,296.0,-39.0,335.0,128.0,48.0,222.0,33.0,1325.0,129.0,97.0,9.0,358.0,295.0,352.0,301.0,35.776853,-81.970892,568,37_111_2,567
124.0,140.0,41.0,7222.0,287.0,-48.0,335.0,42.0,132.0,214.0,28.0,1549.0,163.0,93.0,14.0,447.0,320.0,385.0,423.0,35.334669,-83.875393,569,37_75_27,568
115.0,128.0,40.0,6891.0,270.0,-46.0,316.0,37.0,166.0,201.0,24.0,2021.0,204.0,151.0,8.0,538.0,472.0,496.0,514.0,35.026768,-83.074181,570,37_99_31,569
82.0,112.0,36.0,7019.0,229.0,-76.0,305.0,79.0,89.0,169.0,-12.0,1824.0,181.0,128.0,8.0,490.0,419.0,468.0,447.0,35.652554,-83.289316,571,37_173_77,570
82.0,112.0,36.0,6952.0,229.0,-75.0,304.0,80.0,90.0,169.0,-11.0,1856.0,183.0,133.0,7.0,496.0,431.0,477.0,452.0,35.567192,-83.165273,572,37_173_78,571
86.0,113.0,36.0,6994.0,235.0,-73.0,308.0,157.0,10.0,173.0,-7.0,1505.0,143.0,104.0,10.0,419.0,328.0,416.0,328.0,36.105177,-82.156676,573,37_121_8,572
100.0,126.0,39.0,6951.0,254.0,-63.0,317.0,171.0,24.0,187.0,8.0,1428.0,139.0,102.0,10.0,388.0,318.0,384.0,320.0,35.881169,-82.278717,574,37_199_50,573
105.0,123.0,39.0,6838.0,255.0,-53.0,308.0,102.0,155.0,190.0,13.0,1990.0,199.0,148.0,7.0,527.0,467.0,497.0,498.0,35.159383,-83.034002,575,37_99_51,574
100.0,127.0,39.0,7018.0,256.0,-63.0,319.0,98.0,107.0,188.0,7.0,1549.0,157.0,104.0,9.0,419.0,345.0,403.0,382.0,35.651662,-83.13555,576,37_87_88,575
114.0,140.0,42.0,7066.0,276.0,-55.0,331.0,34.0,122.0,202.0,20.0,1452.0,152.0,91.0,11.0,404.0,309.0,369.0,376.0,35.560426,-83.322624,577,37_173_79,576
77.0,109.0,35.0,7015.0,224.0,-79.0,303.0,75.0,128.0,165.0,-17.0,1928.0,191.0,135.0,8.0,517.0,442.0,489.0,477.0,35.564177,-83.480068,578,37_173_80,577
99.0,120.0,38.0,6891.0,249.0,-59.0,308.0,97.0,106.0,186.0,8.0,1827.0,180.0,140.0,7.0,483.0,434.0,471.0,439.0,35.33753,-82.813402,579,37_175_54,578
122.0,132.0,39.0,7285.0,286.0,-46.0,332.0,197.0,40.0,214.0,25.0,1353.0,130.0,97.0,9.0,366.0,298.0,361.0,301.0,35.935102,-81.768729,580,37_27_19,579
124.0,129.0,37.0,7881.0,293.0,-53.0,346.0,203.0,182.0,222.0,17.0,1343.0,129.0,85.0,11.0,370.0,293.0,347.0,330.0,36.70773,-84.647467,581,21_147_20,580
123.0,135.0,38.0,8021.0,297.0,-57.0,354.0,204.0,182.0,223.0,16.0,1278.0,131.0,81.0,12.0,363.0,274.0,346.0,311.0,37.005151,-83.519796,582,21_51_7,581
127.0,137.0,38.0,8021.0,301.0,-54.0,355.0,207.0,186.0,227.0,19.0,1263.0,131.0,80.0,12.0,360.0,271.0,341.0,305.0,36.988187,-83.627933,583,21_51_19,582
124.0,135.0,37.0,8041.0,297.0,-59.0,356.0,205.0,183.0,224.0,16.0,1258.0,131.0,80.0,12.0,359.0,273.0,339.0,300.0,37.164761,-83.712985,584,21_51_43,583
119.0,129.0,37.0,7835.0,287.0,-56.0,343.0,198.0,176.0,216.0,13.0,1373.0,134.0,86.0,12.0,379.0,293.0,357.0,339.0,36.635794,-84.211632,585,21_235_20,584
125.0,129.0,37.0,7858.0,294.0,-53.0,347.0,203.0,182.0,222.0,18.0,1349.0,130.0,85.0,11.0,371.0,292.0,348.0,334.0,36.613187,-84.676994,586,21_147_13,585
120.0,134.0,36.0,8348.0,301.0,-63.0,364.0,204.0,130.0,224.0,8.0,1180.0,132.0,73.0,16.0,353.0,249.0,337.0,265.0,38.122145,-83.487485,587,21_205_15,586
127.0,129.0,36.0,8023.0,298.0,-51.0,349.0,208.0,186.0,227.0,19.0,1289.0,126.0,80.0,12.0,359.0,281.0,335.0,313.0,36.992952,-84.410885,588,21_199_9,587
117.0,133.0,36.0,8302.0,296.0,-66.0,362.0,201.0,127.0,220.0,5.0,1189.0,132.0,74.0,16.0,355.0,253.0,339.0,266.0,38.108034,-83.427165,589,21_205_17,588
125.0,125.0,35.0,8130.0,296.0,-55.0,351.0,207.0,185.0,226.0,15.0,1278.0,127.0,78.0,13.0,359.0,276.0,334.0,306.0,37.254218,-84.276103,590,21_203_20,589
120.0,131.0,36.0,8287.0,298.0,-63.0,361.0,204.0,130.0,223.0,9.0,1239.0,134.0,75.0,15.0,362.0,266.0,345.0,284.0,37.879175,-83.686351,591,21_165_9,590
127.0,129.0,36.0,8026.0,298.0,-52.0,350.0,208.0,185.0,227.0,19.0,1262.0,127.0,78.0,12.0,355.0,272.0,331.0,303.0,37.017788,-84.212139,592,21_125_31,591
126.0,130.0,37.0,7929.0,297.0,-51.0,348.0,206.0,185.0,225.0,19.0,1301.0,127.0,81.0,12.0,362.0,283.0,338.0,317.0,36.8673,-84.430139,593,21_147_45,592
124.0,133.0,38.0,7850.0,295.0,-52.0,347.0,203.0,182.0,222.0,18.0,1341.0,131.0,85.0,11.0,371.0,289.0,348.0,330.0,36.604641,-84.415745,594,21_147_43,593
124.0,136.0,38.0,8009.0,297.0,-57.0,354.0,205.0,183.0,224.0,17.0,1279.0,132.0,81.0,12.0,365.0,274.0,344.0,308.0,37.011968,-83.670439,595,21_51_15,594
122.0,134.0,37.0,8009.0,295.0,-60.0,355.0,203.0,180.0,222.0,14.0,1270.0,131.0,81.0,12.0,363.0,276.0,344.0,303.0,37.158663,-83.607071,596,21_51_2,595
126.0,130.0,37.0,7959.0,297.0,-52.0,349.0,206.0,185.0,225.0,19.0,1304.0,127.0,81.0,11.0,362.0,284.0,338.0,318.0,36.878289,-84.483505,597,21_147_39,596
128.0,132.0,37.0,7960.0,301.0,-50.0,351.0,209.0,186.0,228.0,21.0,1274.0,126.0,78.0,12.0,356.0,274.0,333.0,311.0,36.909995,-84.285308,598,21_235_44,597
121.0,134.0,37.0,7987.0,294.0,-59.0,353.0,202.0,179.0,220.0,14.0,1267.0,130.0,81.0,12.0,361.0,276.0,345.0,304.0,37.16321,-83.450851,599,21_131_8,598
128.0,134.0,38.0,7881.0,300.0,-49.0,349.0,207.0,186.0,226.0,22.0,1299.0,127.0,81.0,12.0,360.0,280.0,337.0,320.0,36.726682,-84.383937,600,21_147_6,599
122.0,128.0,36.0,8149.0,294.0,-60.0,354.0,205.0,181.0,223.0,12.0,1255.0,130.0,77.0,13.0,359.0,274.0,338.0,293.0,37.387413,-83.98363,601,21_109_33,600
126.0,133.0,36.0,8211.0,301.0,-59.0,360.0,209.0,186.0,228.0,15.0,1218.0,129.0,74.0,14.0,350.0,267.0,332.0,283.0,37.50667,-83.909886,602,21_109_23,601
119.0,132.0,36.0,8309.0,298.0,-64.0,362.0,203.0,128.0,222.0,7.0,1211.0,134.0,74.0,16.0,360.0,257.0,343.0,273.0,38.062022,-83.568351,603,21_11_25,602
127.0,132.0,37.0,7907.0,299.0,-51.0,350.0,207.0,185.0,226.0,20.0,1299.0,127.0,81.0,11.0,361.0,282.0,338.0,317.0,36.823015,-84.410521,604,21_147_24,603
123.0,133.0,36.0,8242.0,300.0,-61.0,361.0,207.0,133.0,226.0,12.0,1225.0,131.0,74.0,14.0,354.0,266.0,338.0,284.0,37.65117,-83.78821,605,21_129_15,604
122.0,133.0,36.0,8221.0,299.0,-62.0,361.0,205.0,131.0,224.0,11.0,1236.0,132.0,75.0,14.0,357.0,269.0,341.0,287.0,37.671552,-83.747669,606,21_129_13,605
129.0,130.0,37.0,7965.0,300.0,-50.0,350.0,209.0,187.0,227.0,21.0,1283.0,125.0,80.0,12.0,356.0,279.0,332.0,313.0,36.957999,-84.449201,607,21_199_28,606
127.0,132.0,37.0,7923.0,299.0,-50.0,349.0,207.0,185.0,226.0,20.0,1288.0,127.0,79.0,12.0,359.0,276.0,336.0,315.0,36.858271,-84.264431,608,21_235_37,607
122.0,138.0,37.0,8297.0,304.0,-62.0,366.0,206.0,131.0,225.0,10.0,1159.0,132.0,72.0,16.0,348.0,245.0,333.0,261.0,38.056209,-83.404928,609,21_205_24,608
121.0,135.0,37.0,8269.0,300.0,-64.0,364.0,205.0,130.0,224.0,10.0,1227.0,134.0,75.0,15.0,360.0,263.0,344.0,283.0,37.842067,-83.553655,610,21_165_18,609
119.0,135.0,37.0,8269.0,299.0,-65.0,364.0,203.0,128.0,222.0,8.0,1200.0,134.0,74.0,16.0,357.0,256.0,341.0,272.0,37.984494,-83.448138,611,21_165_1,610
122.0,125.0,35.0,8194.0,294.0,-58.0,352.0,205.0,182.0,224.0,12.0,1255.0,129.0,76.0,13.0,359.0,275.0,339.0,293.0,37.459703,-84.059584,612,21_109_8,611
127.0,138.0,38.0,8050.0,302.0,-54.0,356.0,208.0,187.0,228.0,20.0,1245.0,129.0,79.0,12.0,355.0,269.0,337.0,299.0,37.066352,-83.579869,613,21_51_1,612
130.0,135.0,38.0,7878.0,303.0,-47.0,350.0,209.0,187.0,228.0,24.0,1281.0,125.0,79.0,12.0,355.0,276.0,333.0,316.0,36.763823,-84.350315,614,21_147_30,613
122.0,134.0,37.0,8012.0,295.0,-59.0,354.0,203.0,180.0,222.0,14.0,1265.0,131.0,81.0,12.0,362.0,276.0,344.0,301.0,37.193828,-83.559593,615,21_51_3,614
127.0,129.0,36.0,8061.0,299.0,-53.0,352.0,209.0,185.0,227.0,18.0,1257.0,127.0,77.0,13.0,354.0,271.0,330.0,301.0,37.069791,-84.216892,616,21_125_1,615
129.0,130.0,37.0,8032.0,301.0,-50.0,351.0,210.0,187.0,229.0,21.0,1266.0,126.0,78.0,12.0,354.0,274.0,331.0,306.0,37.006892,-84.302501,617,21_125_14,616
126.0,127.0,35.0,8195.0,298.0,-56.0,354.0,209.0,186.0,227.0,15.0,1253.0,127.0,76.0,13.0,355.0,272.0,332.0,296.0,37.315805,-84.168329,618,21_203_11,617
125.0,125.0,35.0,8103.0,295.0,-54.0,349.0,207.0,184.0,225.0,15.0,1288.0,128.0,79.0,12.0,362.0,279.0,337.0,309.0,37.225708,-84.31523,619,21_203_22,618
114.0,129.0,35.0,8400.0,293.0,-69.0,362.0,199.0,124.0,218.0,1.0,1159.0,126.0,74.0,16.0,346.0,248.0,331.0,253.0,38.34906,-83.379451,620,21_205_21,619
124.0,132.0,36.0,8217.0,298.0,-60.0,358.0,206.0,133.0,226.0,13.0,1226.0,130.0,74.0,14.0,353.0,267.0,336.0,285.0,37.573062,-83.872977,621,21_129_6,620
125.0,131.0,37.0,7840.0,295.0,-53.0,348.0,203.0,182.0,222.0,18.0,1326.0,129.0,84.0,11.0,367.0,289.0,344.0,325.0,36.736111,-84.492913,622,21_147_14,621
116.0,132.0,36.0,8355.0,295.0,-67.0,362.0,200.0,125.0,220.0,3.0,1168.0,129.0,74.0,16.0,350.0,249.0,334.0,258.0,38.228921,-83.403251,623,21_205_13,622
130.0,131.0,37.0,7974.0,301.0,-49.0,350.0,210.0,189.0,229.0,22.0,1286.0,125.0,80.0,11.0,356.0,280.0,332.0,315.0,36.904627,-84.539304,624,21_199_20,623
123.0,126.0,35.0,8160.0,295.0,-58.0,353.0,206.0,183.0,224.0,13.0,1255.0,129.0,76.0,13.0,358.0,273.0,336.0,294.0,37.376959,-84.082792,625,21_109_11,624
126.0,126.0,35.0,8127.0,297.0,-54.0,351.0,208.0,185.0,227.0,16.0,1269.0,127.0,78.0,13.0,357.0,275.0,333.0,303.0,37.211126,-84.25592,626,21_125_8,625
126.0,131.0,37.0,7902.0,297.0,-52.0,349.0,206.0,184.0,224.0,19.0,1312.0,127.0,82.0,11.0,363.0,286.0,340.0,321.0,36.798243,-84.51667,627,21_147_4,626
126.0,132.0,37.0,7898.0,298.0,-50.0,348.0,206.0,184.0,225.0,20.0,1298.0,127.0,80.0,12.0,361.0,279.0,338.0,318.0,36.795723,-84.297054,628,21_235_18,627
128.0,131.0,37.0,8006.0,300.0,-50.0,350.0,209.0,187.0,228.0,20.0,1272.0,126.0,78.0,12.0,355.0,274.0,331.0,309.0,36.958423,-84.295064,629,21_125_22,628
121.0,133.0,36.0,8325.0,301.0,-62.0,363.0,205.0,130.0,224.0,9.0,1187.0,132.0,72.0,16.0,354.0,250.0,337.0,267.0,38.10899,-83.578724,630,21_11_22,629
123.0,135.0,37.0,8068.0,298.0,-59.0,357.0,205.0,182.0,224.0,15.0,1248.0,129.0,80.0,12.0,357.0,275.0,341.0,296.0,37.261307,-83.475899,631,21_131_1,630
121.0,134.0,38.0,7976.0,294.0,-57.0,351.0,202.0,180.0,221.0,15.0,1294.0,132.0,82.0,12.0,367.0,277.0,349.0,315.0,36.978778,-83.566625,632,21_51_22,631
121.0,134.0,37.0,7994.0,294.0,-59.0,353.0,202.0,180.0,221.0,14.0,1271.0,131.0,81.0,12.0,363.0,276.0,346.0,305.0,37.131486,-83.497405,633,21_131_31,632
118.0,131.0,37.0,7911.0,289.0,-58.0,347.0,198.0,176.0,217.0,12.0,1303.0,131.0,82.0,12.0,366.0,277.0,350.0,323.0,36.928053,-83.397016,634,21_131_7,633
115.0,129.0,37.0,7879.0,285.0,-59.0,344.0,195.0,173.0,214.0,10.0,1308.0,132.0,82.0,12.0,368.0,279.0,352.0,323.0,36.955236,-83.358933,635,21_131_21,634
121.0,133.0,36.0,8260.0,299.0,-62.0,361.0,206.0,130.0,224.0,10.0,1236.0,133.0,75.0,15.0,359.0,267.0,343.0,286.0,37.75647,-83.706418,636,21_197_1,635
129.0,128.0,36.0,8206.0,302.0,-53.0,355.0,212.0,189.0,231.0,19.0,1238.0,125.0,75.0,13.0,350.0,268.0,327.0,294.0,37.2963,-84.221461,637,21_203_12,636
124.0,137.0,38.0,8019.0,299.0,-57.0,356.0,206.0,183.0,224.0,17.0,1246.0,129.0,80.0,12.0,355.0,273.0,339.0,297.0,37.172812,-83.510585,638,21_131_3,637
99.0,126.0,39.0,7005.0,254.0,-64.0,318.0,97.0,105.0,186.0,5.0,1641.0,167.0,111.0,9.0,444.0,367.0,420.0,410.0,35.579661,-83.230856,639,37_173_89,638
111.0,128.0,40.0,6963.0,266.0,-52.0,318.0,108.0,116.0,198.0,18.0,1610.0,160.0,123.0,8.0,428.0,380.0,421.0,381.0,35.385163,-82.725113,640,37_175_28,639
115.0,130.0,39.0,7147.0,274.0,-52.0,326.0,111.0,35.0,204.0,19.0,1400.0,135.0,100.0,9.0,377.0,310.0,373.0,311.0,35.921347,-81.865791,641,37_23_58,640
133.0,136.0,39.0,7482.0,303.0,-38.0,341.0,209.0,48.0,227.0,33.0,1268.0,121.0,91.0,10.0,348.0,276.0,344.0,282.0,36.021094,-81.689119,642,37_27_51,641
122.0,137.0,41.0,7239.0,284.0,-49.0,333.0,40.0,130.0,212.0,25.0,1546.0,162.0,92.0,13.0,442.0,320.0,387.0,418.0,35.42564,-83.891621,643,37_75_47,642
116.0,141.0,42.0,7079.0,278.0,-55.0,333.0,36.0,124.0,204.0,21.0,1494.0,157.0,94.0,12.0,419.0,319.0,374.0,392.0,35.488379,-83.404056,644,37_173_5,643
125.0,134.0,40.0,7181.0,288.0,-44.0,332.0,215.0,44.0,215.0,30.0,1204.0,121.0,87.0,11.0,331.0,266.0,331.0,273.0,35.502652,-82.622311,645,37_21_90,644
97.0,120.0,38.0,6895.0,247.0,-62.0,309.0,95.0,103.0,183.0,5.0,1791.0,177.0,134.0,7.0,476.0,422.0,463.0,430.0,35.403336,-82.875311,646,37_87_48,645
104.0,126.0,40.0,6851.0,256.0,-57.0,313.0,25.0,111.0,188.0,12.0,1886.0,191.0,133.0,8.0,510.0,432.0,469.0,483.0,35.233676,-83.23918,647,37_113_24,646
123.0,140.0,42.0,7050.0,283.0,-48.0,331.0,43.0,130.0,210.0,28.0,1640.0,174.0,104.0,13.0,476.0,352.0,395.0,448.0,35.009353,-83.849385,648,37_43_8,647
120.0,133.0,41.0,7020.0,277.0,-47.0,324.0,117.0,126.0,208.0,27.0,1625.0,162.0,122.0,8.0,429.0,382.0,422.0,392.0,35.306844,-82.75444,649,37_175_13,648
114.0,129.0,39.0,7190.0,274.0,-53.0,327.0,111.0,34.0,204.0,18.0,1396.0,135.0,100.0,9.0,377.0,309.0,372.0,310.0,35.947242,-81.837378,650,37_23_7,649
130.0,132.0,37.0,7976.0,303.0,-49.0,352.0,211.0,189.0,229.0,23.0,1266.0,124.0,78.0,12.0,352.0,274.0,329.0,309.0,36.945566,-84.398457,651,21_147_28,650
126.0,131.0,37.0,7897.0,296.0,-52.0,348.0,205.0,184.0,224.0,19.0,1313.0,128.0,82.0,11.0,364.0,285.0,341.0,322.0,36.790298,-84.456805,652,21_147_25,651
79.0,110.0,35.0,7066.0,227.0,-79.0,306.0,77.0,131.0,167.0,-15.0,1860.0,184.0,131.0,8.0,499.0,429.0,476.0,456.0,35.660119,-83.338279,653,37_173_85,652
79.0,110.0,36.0,7055.0,226.0,-78.0,304.0,77.0,131.0,167.0,-15.0,1879.0,186.0,132.0,8.0,504.0,432.0,479.0,463.0,35.626196,-83.382522,654,37_173_86,653
83.0,109.0,35.0,6975.0,228.0,-75.0,303.0,154.0,-10.0,170.0,-10.0,1547.0,145.0,106.0,10.0,430.0,334.0,427.0,334.0,36.098961,-82.105694,655,37_121_12,654
115.0,130.0,39.0,7225.0,276.0,-52.0,328.0,188.0,35.0,206.0,19.0,1368.0,131.0,98.0,9.0,373.0,301.0,368.0,302.0,36.025442,-81.808867,656,37_11_2,655
120.0,132.0,39.0,7285.0,284.0,-48.0,332.0,194.0,38.0,211.0,23.0,1348.0,130.0,97.0,9.0,366.0,297.0,361.0,299.0,35.985227,-81.812252,657,37_11_9,656
128.0,129.0,36.0,8049.0,299.0,-52.0,351.0,209.0,187.0,228.0,19.0,1271.0,126.0,78.0,12.0,355.0,275.0,331.0,307.0,37.054734,-84.322261,658,21_199_1,657
128.0,131.0,37.0,7939.0,298.0,-51.0,349.0,207.0,186.0,226.0,20.0,1305.0,126.0,82.0,11.0,360.0,285.0,337.0,319.0,36.816305,-84.570209,659,21_147_17,658
121.0,135.0,37.0,8077.0,296.0,-60.0,356.0,204.0,180.0,222.0,13.0,1250.0,131.0,79.0,13.0,359.0,275.0,342.0,295.0,37.382203,-83.61233,660,21_189_5,659
115.0,130.0,36.0,8378.0,294.0,-67.0,361.0,200.0,125.0,220.0,3.0,1171.0,128.0,74.0,16.0,350.0,250.0,334.0,257.0,38.287409,-83.477949,661,21_205_30,660
124.0,137.0,38.0,8054.0,299.0,-60.0,359.0,205.0,183.0,224.0,16.0,1238.0,129.0,78.0,12.0,354.0,272.0,338.0,293.0,37.281021,-83.585108,662,21_51_38,661
124.0,129.0,37.0,7922.0,294.0,-54.0,348.0,204.0,182.0,222.0,17.0,1325.0,128.0,83.0,11.0,367.0,289.0,343.0,323.0,36.841037,-84.471999,663,21_147_34,662
116.0,133.0,36.0,8324.0,297.0,-66.0,363.0,201.0,126.0,220.0,4.0,1172.0,130.0,74.0,16.0,351.0,249.0,335.0,261.0,38.182518,-83.383916,664,21_205_19,663
123.0,136.0,38.0,7983.0,297.0,-56.0,353.0,204.0,182.0,223.0,16.0,1265.0,130.0,81.0,12.0,360.0,273.0,343.0,306.0,37.039999,-83.468327,665,21_131_26,664
114.0,129.0,35.0,8389.0,293.0,-68.0,361.0,199.0,124.0,219.0,1.0,1164.0,127.0,74.0,16.0,348.0,249.0,332.0,254.0,38.317131,-83.420829,666,21_205_3,665
121.0,133.0,36.0,8329.0,302.0,-61.0,363.0,206.0,131.0,225.0,10.0,1224.0,134.0,73.0,16.0,359.0,259.0,342.0,280.0,37.988901,-83.66271,667,21_165_12,666
123.0,132.0,36.0,8193.0,297.0,-60.0,357.0,206.0,183.0,225.0,13.0,1240.0,131.0,76.0,13.0,357.0,272.0,339.0,289.0,37.493334,-83.85403,668,21_189_6,667
124.0,137.0,38.0,8058.0,299.0,-58.0,357.0,206.0,183.0,225.0,16.0,1235.0,128.0,79.0,12.0,354.0,272.0,339.0,293.0,37.237028,-83.409959,669,21_131_19,668
120.0,133.0,37.0,7982.0,292.0,-59.0,351.0,201.0,178.0,219.0,13.0,1285.0,131.0,82.0,12.0,365.0,278.0,348.0,311.0,37.081445,-83.477333,670,21_131_4,669
120.0,132.0,36.0,8228.0,298.0,-63.0,361.0,204.0,129.0,222.0,9.0,1244.0,134.0,76.0,15.0,362.0,269.0,345.0,288.0,37.778636,-83.656225,671,21_237_22,670
125.0,137.0,38.0,8023.0,299.0,-57.0,356.0,205.0,184.0,225.0,17.0,1255.0,130.0,80.0,12.0,358.0,273.0,340.0,300.0,37.115312,-83.598293,672,21_51_49,671
118.0,132.0,36.0,8325.0,298.0,-64.0,362.0,203.0,128.0,222.0,7.0,1220.0,134.0,74.0,16.0,361.0,259.0,343.0,277.0,38.013259,-83.564782,673,21_165_16,672
122.0,129.0,36.0,8180.0,295.0,-60.0,355.0,205.0,183.0,224.0,12.0,1246.0,130.0,76.0,13.0,357.0,273.0,338.0,291.0,37.469367,-83.949199,674,21_109_27,673
117.0,134.0,36.0,8290.0,296.0,-67.0,363.0,200.0,127.0,219.0,5.0,1177.0,131.0,74.0,16.0,352.0,251.0,336.0,263.0,38.133382,-83.370455,675,21_205_57,674
121.0,133.0,37.0,8013.0,293.0,-60.0,353.0,202.0,180.0,220.0,13.0,1273.0,132.0,81.0,12.0,363.0,277.0,344.0,303.0,37.187271,-83.673281,676,21_51_52,675
128.0,139.0,39.0,8048.0,303.0,-53.0,356.0,209.0,188.0,228.0,20.0,1240.0,129.0,79.0,12.0,354.0,268.0,337.0,298.0,37.047076,-83.536755,677,21_131_5,676
122.0,131.0,36.0,8422.0,302.0,-61.0,363.0,207.0,133.0,227.0,9.0,1176.0,128.0,71.0,16.0,347.0,249.0,330.0,263.0,38.152283,-83.753879,678,21_11_31,677
127.0,129.0,36.0,8019.0,298.0,-52.0,350.0,208.0,186.0,227.0,19.0,1281.0,126.0,79.0,12.0,357.0,278.0,333.0,310.0,37.02297,-84.362834,679,21_199_65,678
119.0,134.0,36.0,8353.0,299.0,-64.0,363.0,203.0,129.0,223.0,6.0,1158.0,129.0,73.0,16.0,347.0,246.0,331.0,257.0,38.194141,-83.418142,680,21_205_27,679
128.0,131.0,37.0,7946.0,299.0,-50.0,349.0,208.0,187.0,227.0,21.0,1297.0,126.0,81.0,11.0,359.0,283.0,336.0,317.0,36.84404,-84.531474,681,21_147_16,680
128.0,130.0,37.0,7994.0,300.0,-50.0,350.0,209.0,187.0,228.0,20.0,1276.0,126.0,79.0,12.0,356.0,277.0,333.0,309.0,36.972568,-84.358141,682,21_199_70,681
128.0,128.0,36.0,8145.0,300.0,-53.0,353.0,210.0,188.0,229.0,18.0,1246.0,126.0,76.0,13.0,352.0,269.0,328.0,297.0,37.231702,-84.2059,683,21_125_43,682
122.0,135.0,37.0,8240.0,300.0,-63.0,363.0,205.0,130.0,224.0,11.0,1228.0,133.0,75.0,15.0,359.0,265.0,342.0,284.0,37.79448,-83.564511,684,21_237_11,683
127.0,131.0,37.0,7929.0,298.0,-51.0,349.0,207.0,185.0,225.0,20.0,1291.0,126.0,80.0,12.0,359.0,279.0,335.0,315.0,36.892935,-84.371441,685,21_147_31,684
126.0,138.0,38.0,8046.0,301.0,-57.0,358.0,208.0,185.0,227.0,18.0,1229.0,129.0,78.0,13.0,351.0,269.0,333.0,290.0,37.226393,-83.681877,686,21_51_51,685
130.0,131.0,37.0,8040.0,302.0,-50.0,352.0,211.0,188.0,230.0,21.0,1254.0,125.0,77.0,12.0,351.0,271.0,328.0,303.0,37.032854,-84.270518,687,21_125_41,686
119.0,137.0,37.0,8263.0,298.0,-65.0,363.0,202.0,128.0,221.0,7.0,1174.0,132.0,74.0,16.0,352.0,250.0,336.0,264.0,38.042048,-83.358077,688,21_175_4,687
123.0,133.0,36.0,8348.0,303.0,-61.0,364.0,207.0,132.0,226.0,11.0,1199.0,132.0,72.0,16.0,354.0,253.0,337.0,272.0,38.046746,-83.670331,689,21_11_32,688
122.0,134.0,36.0,8275.0,301.0,-62.0,363.0,206.0,131.0,225.0,11.0,1231.0,134.0,74.0,15.0,359.0,264.0,343.0,284.0,37.827521,-83.668471,690,21_197_13,689
130.0,135.0,38.0,7883.0,302.0,-47.0,349.0,209.0,187.0,227.0,23.0,1285.0,126.0,79.0,12.0,357.0,275.0,335.0,317.0,36.738242,-84.29057,691,21_235_41,690
128.0,132.0,37.0,7905.0,298.0,-51.0,349.0,207.0,186.0,226.0,21.0,1321.0,128.0,83.0,11.0,364.0,287.0,341.0,325.0,36.660977,-84.635955,692,21_147_37,691
128.0,129.0,36.0,7986.0,299.0,-51.0,350.0,208.0,186.0,227.0,20.0,1299.0,126.0,81.0,11.0,361.0,284.0,337.0,316.0,36.928742,-84.501858,693,21_199_53,692
125.0,131.0,37.0,7877.0,295.0,-53.0,348.0,204.0,183.0,223.0,18.0,1332.0,129.0,84.0,11.0,367.0,290.0,344.0,327.0,36.691643,-84.587049,694,21_147_21,693
118.0,128.0,37.0,7851.0,287.0,-57.0,344.0,197.0,175.0,216.0,12.0,1385.0,135.0,87.0,12.0,383.0,297.0,360.0,341.0,36.623995,-84.311784,695,21_147_10,694
125.0,133.0,38.0,7868.0,297.0,-52.0,349.0,205.0,183.0,223.0,19.0,1320.0,129.0,83.0,11.0,366.0,286.0,343.0,324.0,36.70584,-84.436181,696,21_147_19,695
120.0,134.0,37.0,8213.0,298.0,-63.0,361.0,204.0,129.0,223.0,10.0,1237.0,134.0,75.0,15.0,362.0,267.0,345.0,285.0,37.799225,-83.612537,697,21_237_18,696
127.0,128.0,36.0,8046.0,298.0,-53.0,351.0,208.0,185.0,226.0,18.0,1269.0,127.0,78.0,12.0,356.0,275.0,332.0,304.0,37.085936,-84.269364,698,21_125_13,697
122.0,134.0,37.0,7998.0,296.0,-58.0,354.0,203.0,180.0,222.0,15.0,1266.0,130.0,81.0,12.0,361.0,275.0,345.0,305.0,37.106891,-83.43196,699,21_131_17,698
121.0,134.0,36.0,8234.0,300.0,-63.0,363.0,205.0,130.0,224.0,10.0,1232.0,133.0,75.0,15.0,360.0,266.0,344.0,285.0,37.768763,-83.599471,700,21_237_8,699
125.0,125.0,35.0,8204.0,297.0,-56.0,353.0,208.0,185.0,227.0,14.0,1253.0,128.0,76.0,13.0,357.0,273.0,335.0,294.0,37.386541,-84.142573,701,21_109_37,700
127.0,133.0,38.0,7893.0,299.0,-50.0,349.0,207.0,185.0,226.0,21.0,1299.0,127.0,81.0,11.0,361.0,281.0,338.0,318.0,36.780262,-84.39725,702,21_147_44,701
128.0,132.0,37.0,7962.0,301.0,-50.0,351.0,209.0,187.0,228.0,21.0,1279.0,126.0,79.0,12.0,356.0,276.0,333.0,313.0,36.886474,-84.328144,703,21_147_40,702
128.0,128.0,36.0,8081.0,299.0,-53.0,352.0,209.0,187.0,228.0,18.0,1264.0,126.0,78.0,12.0,355.0,274.0,330.0,303.0,37.133249,-84.289922,704,21_125_32,703
121.0,136.0,37.0,8299.0,302.0,-63.0,365.0,205.0,131.0,224.0,9.0,1195.0,134.0,73.0,16.0,356.0,253.0,339.0,272.0,38.003883,-83.495014,705,21_165_7,704
126.0,126.0,36.0,8084.0,296.0,-54.0,350.0,207.0,185.0,226.0,16.0,1270.0,127.0,78.0,13.0,357.0,275.0,333.0,303.0,37.164421,-84.243164,706,21_125_44,705
129.0,134.0,38.0,7917.0,301.0,-50.0,351.0,208.0,188.0,228.0,22.0,1297.0,126.0,81.0,11.0,358.0,282.0,336.0,319.0,36.727147,-84.552364,707,21_147_9,706
128.0,134.0,38.0,7877.0,300.0,-48.0,348.0,207.0,186.0,226.0,22.0,1314.0,129.0,82.0,12.0,364.0,280.0,343.0,325.0,36.60658,-84.255302,708,21_147_22,707
121.0,133.0,37.0,8014.0,294.0,-59.0,353.0,202.0,180.0,222.0,14.0,1291.0,132.0,82.0,12.0,367.0,278.0,347.0,311.0,37.040794,-83.641588,709,21_51_53,708
121.0,134.0,36.0,8262.0,300.0,-63.0,363.0,205.0,130.0,224.0,10.0,1232.0,134.0,75.0,15.0,361.0,264.0,344.0,284.0,37.85297,-83.612224,710,21_165_14,709
123.0,132.0,38.0,7858.0,293.0,-52.0,345.0,202.0,181.0,221.0,17.0,1340.0,131.0,84.0,12.0,372.0,287.0,350.0,330.0,36.648877,-84.262867,711,21_235_31,710
122.0,135.0,38.0,7997.0,295.0,-59.0,354.0,203.0,180.0,222.0,14.0,1270.0,131.0,81.0,12.0,362.0,276.0,344.0,304.0,37.1428,-83.556542,712,21_51_37,711
117.0,133.0,36.0,8362.0,297.0,-66.0,363.0,202.0,127.0,221.0,5.0,1170.0,130.0,73.0,16.0,351.0,248.0,335.0,260.0,38.20309,-83.42819,713,21_205_28,712
124.0,126.0,35.0,8185.0,296.0,-56.0,352.0,207.0,184.0,226.0,14.0,1255.0,128.0,76.0,13.0,357.0,273.0,335.0,295.0,37.347025,-84.126568,714,21_109_1,713
122.0,125.0,35.0,8196.0,294.0,-58.0,352.0,206.0,182.0,224.0,12.0,1258.0,129.0,76.0,13.0,359.0,274.0,338.0,294.0,37.42833,-84.098504,715,21_109_12,714
122.0,134.0,38.0,7997.0,295.0,-57.0,352.0,203.0,180.0,221.0,14.0,1263.0,128.0,81.0,12.0,357.0,273.0,341.0,308.0,37.0359,-83.313824,716,21_131_22,715
118.0,133.0,36.0,8260.0,297.0,-64.0,361.0,202.0,128.0,221.0,7.0,1228.0,135.0,75.0,16.0,363.0,262.0,345.0,280.0,37.962691,-83.54295,717,21_165_5,716
128.0,131.0,37.0,7903.0,299.0,-50.0,349.0,207.0,187.0,227.0,21.0,1323.0,128.0,82.0,11.0,364.0,286.0,342.0,328.0,36.64294,-84.741208,718,21_147_32,717
125.0,131.0,37.0,7867.0,295.0,-53.0,348.0,204.0,183.0,223.0,18.0,1323.0,128.0,83.0,11.0,366.0,288.0,343.0,325.0,36.75632,-84.502939,719,21_147_7,718
83.0,114.0,37.0,6992.0,232.0,-75.0,307.0,81.0,91.0,170.0,-10.0,1764.0,174.0,125.0,8.0,474.0,406.0,457.0,427.0,35.704096,-83.140731,720,37_87_80,719
128.0,139.0,41.0,7256.0,290.0,-45.0,335.0,45.0,136.0,218.0,30.0,1474.0,154.0,87.0,14.0,419.0,302.0,375.0,395.0,35.483981,-83.774558,721,37_173_52,720
106.0,129.0,39.0,7098.0,264.0,-60.0,324.0,177.0,64.0,195.0,11.0,1324.0,129.0,95.0,10.0,366.0,294.0,361.0,298.0,36.082633,-82.270155,722,37_121_30,721
125.0,133.0,39.0,7423.0,291.0,-44.0,335.0,200.0,42.0,219.0,26.0,1312.0,125.0,93.0,10.0,359.0,285.0,354.0,287.0,36.065691,-81.633317,723,37_27_24,722
131.0,141.0,41.0,7287.0,297.0,-40.0,337.0,48.0,137.0,222.0,34.0,1521.0,163.0,91.0,14.0,445.0,318.0,375.0,414.0,35.103884,-84.177014,724,37_39_54,723
126.0,137.0,41.0,7169.0,289.0,-44.0,333.0,124.0,46.0,216.0,31.0,1289.0,128.0,92.0,10.0,351.0,285.0,345.0,289.0,35.676326,-82.21144,725,37_111_14,724
106.0,124.0,38.0,7159.0,263.0,-58.0,321.0,179.0,10.0,196.0,10.0,1420.0,135.0,100.0,10.0,389.0,308.0,383.0,308.0,36.112607,-81.740675,726,37_27_29,725
105.0,128.0,40.0,6977.0,259.0,-59.0,318.0,26.0,157.0,192.0,12.0,1819.0,189.0,120.0,11.0,512.0,399.0,441.0,484.0,35.139771,-83.775185,727,37_43_3,726
106.0,132.0,40.0,7105.0,264.0,-61.0,325.0,25.0,159.0,194.0,11.0,1630.0,169.0,103.0,11.0,454.0,353.0,407.0,427.0,35.527376,-83.617247,728,37_173_26,727
99.0,124.0,39.0,6978.0,252.0,-63.0,315.0,20.0,151.0,186.0,6.0,1860.0,191.0,124.0,10.0,517.0,411.0,454.0,489.0,35.205381,-83.732449,729,37_39_62,728
124.0,144.0,43.0,6984.0,285.0,-48.0,333.0,45.0,131.0,211.0,30.0,1593.0,169.0,104.0,12.0,456.0,348.0,385.0,429.0,35.208281,-83.453251,730,37_113_22,729
120.0,140.0,42.0,7014.0,279.0,-50.0,329.0,40.0,128.0,207.0,26.0,1678.0,177.0,107.0,12.0,484.0,362.0,403.0,459.0,35.100354,-83.707861,731,37_43_23,730
128.0,135.0,40.0,7353.0,294.0,-41.0,335.0,126.0,45.0,221.0,31.0,1322.0,128.0,96.0,9.0,357.0,292.0,353.0,297.0,35.880198,-81.835517,732,37_23_59,731
108.0,132.0,40.0,7098.0,268.0,-58.0,326.0,106.0,115.0,198.0,14.0,1332.0,136.0,86.0,11.0,365.0,288.0,356.0,323.0,35.75216,-83.011078,733,37_87_16,732
110.0,127.0,39.0,6967.0,265.0,-53.0,318.0,108.0,117.0,198.0,18.0,1657.0,165.0,127.0,8.0,440.0,391.0,431.0,395.0,35.365038,-82.749125,734,37_175_55,733
79.0,106.0,35.0,6965.0,222.0,-77.0,299.0,150.0,-14.0,166.0,-14.0,1583.0,147.0,107.0,11.0,440.0,339.0,437.0,339.0,36.095425,-82.06614,735,37_11_27,734
139.0,138.0,40.0,7546.0,311.0,-33.0,344.0,216.0,53.0,234.0,39.0,1249.0,120.0,89.0,10.0,341.0,272.0,338.0,283.0,35.913756,-81.698874,736,37_27_38,735
115.0,135.0,41.0,6930.0,271.0,-52.0,323.0,36.0,167.0,201.0,22.0,1781.0,187.0,118.0,11.0,508.0,391.0,425.0,482.0,35.051592,-83.613691,737,37_43_4,736
132.0,137.0,40.0,7264.0,298.0,-38.0,336.0,129.0,51.0,224.0,36.0,1269.0,126.0,92.0,10.0,344.0,281.0,342.0,287.0,35.608092,-82.228455,738,37_111_60,737
96.0,130.0,37.0,8026.0,269.0,-81.0,350.0,177.0,-12.0,195.0,-12.0,1198.0,125.0,79.0,14.0,354.0,256.0,352.0,256.0,38.919082,-79.772064,739,54_83_2066,738
75.0,113.0,33.0,7891.0,236.0,-98.0,334.0,156.0,88.0,171.0,-32.0,1456.0,144.0,106.0,9.0,405.0,336.0,396.0,337.0,38.685968,-79.893537,740,54_83_2067,739
73.0,111.0,33.0,7883.0,233.0,-100.0,333.0,154.0,-34.0,169.0,-34.0,1473.0,145.0,108.0,8.0,408.0,342.0,397.0,342.0,38.596066,-79.908364,741,54_83_2276,740
77.0,114.0,34.0,7879.0,238.0,-97.0,335.0,158.0,89.0,173.0,-30.0,1456.0,145.0,107.0,9.0,403.0,338.0,393.0,338.0,38.528154,-79.959463,742,54_83_2497,741
70.0,115.0,33.0,7979.0,238.0,-101.0,339.0,152.0,-37.0,169.0,-37.0,1333.0,127.0,94.0,9.0,375.0,298.0,365.0,298.0,39.04507,-79.356076,743,54_93_43,742
93.0,128.0,36.0,8092.0,268.0,-81.0,349.0,175.0,105.0,194.0,-15.0,1259.0,129.0,85.0,13.0,371.0,276.0,364.0,277.0,39.127548,-79.649741,744,54_93_424,743
75.0,119.0,35.0,7929.0,243.0,-97.0,340.0,155.0,-33.0,172.0,-33.0,1356.0,131.0,95.0,10.0,384.0,308.0,374.0,308.0,39.062203,-79.524963,745,54_93_857,744
95.0,128.0,36.0,8152.0,271.0,-80.0,351.0,177.0,107.0,197.0,-14.0,1260.0,129.0,85.0,13.0,371.0,275.0,364.0,279.0,39.17977,-79.648599,746,54_93_887,745
87.0,124.0,35.0,8026.0,258.0,-88.0,346.0,168.0,99.0,186.0,-21.0,1300.0,131.0,89.0,12.0,378.0,288.0,371.0,290.0,39.061472,-79.685502,747,54_93_1962,746
87.0,124.0,35.0,8076.0,260.0,-87.0,347.0,169.0,99.0,186.0,-22.0,1300.0,131.0,88.0,13.0,378.0,283.0,370.0,291.0,39.211626,-79.604611,748,54_93_2349,747
86.0,120.0,35.0,7880.0,248.0,-90.0,338.0,166.0,97.0,182.0,-21.0,1404.0,145.0,101.0,10.0,396.0,320.0,388.0,323.0,38.578577,-79.988787,749,54_83_1783,748
90.0,122.0,36.0,7623.0,254.0,-78.0,332.0,168.0,-12.0,185.0,-12.0,1112.0,111.0,78.0,11.0,315.0,236.0,303.0,236.0,37.471302,-80.478447,750,54_63_2467,749
92.0,123.0,36.0,7657.0,258.0,-76.0,334.0,170.0,-11.0,187.0,-11.0,1104.0,110.0,77.0,11.0,311.0,233.0,301.0,233.0,37.48312,-80.37951,751,54_63_307,750
92.0,122.0,36.0,7647.0,256.0,-77.0,333.0,169.0,-11.0,187.0,-11.0,1098.0,110.0,77.0,11.0,311.0,233.0,300.0,233.0,37.46916,-80.47232,752,54_63_2467,751
103.0,133.0,37.0,7948.0,274.0,-77.0,351.0,183.0,-5.0,201.0,-5.0,1269.0,143.0,85.0,15.0,377.0,274.0,376.0,274.0,38.29457,-80.59891,753,54_67_888,752
91.0,126.0,36.0,7882.0,257.0,-86.0,343.0,171.0,-17.0,187.0,-17.0,1329.0,143.0,94.0,12.0,384.0,297.0,379.0,297.0,38.2413,-80.49976,754,54_67_2232,753
94.0,128.0,36.0,7883.0,262.0,-84.0,346.0,174.0,-14.0,190.0,-14.0,1323.0,145.0,92.0,13.0,386.0,293.0,382.0,293.0,38.28093,-80.52672,755,54_67_2268,754
91.0,126.0,36.0,7882.0,257.0,-86.0,343.0,171.0,-17.0,187.0,-17.0,1329.0,143.0,94.0,12.0,384.0,297.0,379.0,297.0,38.241174,-80.49834,756,54_67_2232,755
96.0,131.0,37.0,7879.0,268.0,-79.0,347.0,176.0,-10.0,194.0,-10.0,1101.0,113.0,79.0,11.0,312.0,241.0,306.0,241.0,37.838178,-80.215208,757,54_25_369,756
75.0,116.0,34.0,7961.0,240.0,-98.0,338.0,156.0,-33.0,172.0,-33.0,1384.0,136.0,98.0,10.0,391.0,315.0,383.0,315.0,38.947159,-79.688525,758,54_83_1083,757
71.0,112.0,33.0,7924.0,235.0,-101.0,336.0,152.0,-36.0,168.0,-36.0,1338.0,128.0,95.0,9.0,372.0,298.0,363.0,298.0,38.786219,-79.51465,759,54_83_53,758
74.0,114.0,33.0,7933.0,238.0,-99.0,337.0,154.0,-34.0,171.0,-34.0,1319.0,128.0,93.0,9.0,368.0,294.0,359.0,294.0,38.755394,-79.566962,760,54_83_260,759
78.0,115.0,34.0,7891.0,239.0,-96.0,335.0,158.0,-30.0,174.0,-30.0,1431.0,143.0,104.0,9.0,399.0,330.0,390.0,330.0,38.648534,-79.897509,761,54_83_806,760
96.0,130.0,37.0,7939.0,266.0,-81.0,347.0,176.0,-11.0,194.0,-11.0,1218.0,131.0,80.0,14.0,359.0,260.0,358.0,260.0,38.751967,-79.900522,762,54_83_1918,761
77.0,115.0,34.0,7899.0,240.0,-97.0,337.0,157.0,-30.0,173.0,-30.0,1343.0,133.0,95.0,9.0,377.0,302.0,368.0,302.0,38.72135,-79.718779,763,54_83_2038,762
77.0,118.0,34.0,7970.0,245.0,-96.0,341.0,158.0,-30.0,175.0,-30.0,1345.0,132.0,94.0,10.0,382.0,304.0,373.0,304.0,38.987895,-79.603401,764,54_83_2115,763
85.0,122.0,35.0,7952.0,253.0,-90.0,343.0,165.0,-22.0,183.0,-22.0,1261.0,128.0,87.0,11.0,362.0,278.0,357.0,278.0,38.845056,-79.689302,765,54_83_2222,764
87.0,122.0,35.0,7921.0,252.0,-89.0,341.0,168.0,-20.0,184.0,-20.0,1324.0,137.0,92.0,11.0,380.0,296.0,375.0,296.0,38.728131,-79.887948,766,54_83_2334,765
80.0,117.0,34.0,7910.0,244.0,-94.0,338.0,160.0,-27.0,177.0,-27.0,1316.0,131.0,93.0,10.0,371.0,295.0,364.0,295.0,38.749723,-79.723415,767,54_83_2392,766
85.0,123.0,35.0,7954.0,254.0,-88.0,342.0,166.0,-22.0,184.0,-22.0,1249.0,126.0,85.0,11.0,360.0,274.0,355.0,274.0,38.883502,-79.642845,768,54_83_2428,767
95.0,129.0,36.0,8084.0,270.0,-80.0,350.0,177.0,-13.0,195.0,-13.0,1253.0,129.0,84.0,14.0,370.0,274.0,365.0,274.0,39.080466,-79.729596,769,54_93_569,768
82.0,118.0,35.0,7867.0,243.0,-93.0,336.0,162.0,93.0,178.0,-25.0,1464.0,152.0,107.0,11.0,413.0,329.0,405.0,339.0,38.359903,-80.374201,770,54_101_517,769
89.0,124.0,36.0,7872.0,254.0,-88.0,342.0,169.0,99.0,185.0,-18.0,1383.0,148.0,98.0,12.0,397.0,311.0,392.0,312.0,38.3241,-80.44802,771,54_101_1632,770
76.0,115.0,34.0,7939.0,240.0,-97.0,337.0,156.0,-31.0,174.0,-31.0,1333.0,131.0,94.0,9.0,375.0,300.0,367.0,300.0,38.828129,-79.648061,772,54_83_1402,771
74.0,114.0,33.0,7899.0,237.0,-99.0,336.0,154.0,-33.0,170.0,-33.0,1327.0,129.0,94.0,9.0,370.0,296.0,361.0,296.0,38.709735,-79.610253,773,54_83_2332,772
82.0,118.0,35.0,7868.0,243.0,-93.0,336.0,162.0,93.0,177.0,-25.0,1470.0,152.0,108.0,10.0,413.0,332.0,404.0,342.0,38.368256,-80.311716,774,54_101_1081,773
94.0,128.0,37.0,7904.0,262.0,-83.0,345.0,174.0,-14.0,191.0,-14.0,1338.0,147.0,93.0,13.0,390.0,297.0,386.0,297.0,38.305699,-80.504409,775,54_101_2463,774
95.0,132.0,37.0,7912.0,268.0,-82.0,350.0,175.0,-12.0,193.0,-12.0,1144.0,118.0,82.0,11.0,323.0,254.0,317.0,254.0,37.980993,-80.167783,776,54_25_1303,775
93.0,129.0,37.0,7864.0,263.0,-82.0,345.0,173.0,-13.0,190.0,-13.0,1136.0,117.0,82.0,11.0,323.0,251.0,317.0,251.0,37.888859,-80.302716,777,54_25_865,776
103.0,137.0,38.0,7976.0,280.0,-74.0,354.0,184.0,-4.0,202.0,-4.0,1063.0,110.0,75.0,12.0,303.0,232.0,298.0,232.0,37.908871,-80.168575,778,54_25_1173,777
95.0,131.0,37.0,7917.0,268.0,-81.0,349.0,176.0,-12.0,193.0,-12.0,1155.0,118.0,83.0,10.0,324.0,256.0,317.0,256.0,38.038911,-80.065355,779,54_25_1285,778
100.0,134.0,37.0,7940.0,275.0,-78.0,353.0,180.0,-7.0,198.0,-7.0,1102.0,113.0,79.0,11.0,311.0,242.0,305.0,242.0,37.963979,-80.103411,780,54_25_1597,779
101.0,130.0,36.0,8242.0,281.0,-80.0,361.0,185.0,-10.0,204.0,-10.0,955.0,97.0,59.0,16.0,282.0,181.0,277.0,181.0,38.994537,-78.651809,781,54_31_1361,780
68.0,113.0,33.0,7942.0,234.0,-103.0,337.0,149.0,-39.0,166.0,-39.0,1337.0,127.0,94.0,9.0,374.0,297.0,363.0,297.0,38.951219,-79.342868,782,54_71_999,781
94.0,127.0,36.0,7921.0,268.0,-80.0,348.0,174.0,-12.0,193.0,-12.0,1031.0,103.0,67.0,13.0,293.0,207.0,288.0,207.0,38.484473,-79.252272,783,54_71_1163,782
101.0,132.0,37.0,7969.0,278.0,-75.0,353.0,181.0,-6.0,200.0,-6.0,957.0,99.0,60.0,16.0,281.0,184.0,279.0,184.0,38.63753,-79.177367,784,54_71_1217,783
99.0,130.0,36.0,7951.0,275.0,-77.0,352.0,180.0,-7.0,198.0,-7.0,976.0,100.0,62.0,15.0,283.0,190.0,280.0,190.0,38.566482,-79.217429,785,54_71_2297,784
84.0,120.0,35.0,7923.0,249.0,-91.0,340.0,165.0,-23.0,181.0,-23.0,1308.0,133.0,92.0,10.0,370.0,293.0,364.0,293.0,38.645564,-79.813246,786,54_75_84,785
88.0,125.0,36.0,7893.0,256.0,-87.0,343.0,168.0,-19.0,185.0,-19.0,1205.0,122.0,85.0,10.0,338.0,265.0,330.0,265.0,38.418814,-79.763473,787,54_75_200,786
83.0,118.0,35.0,7842.0,244.0,-92.0,336.0,162.0,94.0,178.0,-24.0,1450.0,148.0,106.0,10.0,404.0,330.0,395.0,338.0,38.444934,-80.099014,788,54_75_244,787
93.0,130.0,37.0,7969.0,265.0,-85.0,350.0,174.0,-15.0,192.0,-15.0,1204.0,124.0,86.0,10.0,338.0,269.0,331.0,269.0,38.128764,-80.083912,789,54_75_349,788
67.0,108.0,32.0,7850.0,224.0,-104.0,328.0,147.0,-40.0,162.0,-40.0,1508.0,146.0,111.0,8.0,414.0,348.0,402.0,348.0,38.520892,-79.908709,790,54_75_1903,789
79.0,117.0,34.0,7898.0,243.0,-94.0,337.0,159.0,-28.0,176.0,-28.0,1304.0,129.0,93.0,9.0,363.0,292.0,355.0,292.0,38.578942,-79.728406,791,54_75_2024,790
80.0,117.0,34.0,7819.0,241.0,-94.0,335.0,160.0,91.0,175.0,-27.0,1405.0,144.0,103.0,10.0,395.0,321.0,386.0,322.0,38.217318,-80.348045,792,54_75_2164,791
89.0,126.0,36.0,7923.0,258.0,-86.0,344.0,169.0,-18.0,187.0,-18.0,1227.0,124.0,87.0,9.0,342.0,273.0,333.0,273.0,38.284702,-79.854054,793,54_75_2295,792
66.0,107.0,32.0,7842.0,223.0,-104.0,327.0,146.0,-40.0,162.0,-40.0,1511.0,146.0,112.0,8.0,414.0,348.0,401.0,348.0,38.442562,-79.939095,794,54_75_2323,793
76.0,118.0,34.0,7980.0,244.0,-97.0,341.0,157.0,89.0,174.0,-32.0,1370.0,134.0,96.0,10.0,389.0,310.0,380.0,311.0,39.028555,-79.6309,795,54_93_238,794
73.0,118.0,34.0,7966.0,242.0,-99.0,341.0,154.0,-35.0,171.0,-35.0,1351.0,130.0,95.0,10.0,382.0,306.0,371.0,306.0,39.106156,-79.448099,796,54_93_2126,795
102.0,130.0,35.0,8270.0,283.0,-80.0,363.0,186.0,-9.0,205.0,-9.0,952.0,97.0,59.0,16.0,283.0,181.0,277.0,181.0,39.020738,-78.603518,797,54_31_1695,796
90.0,125.0,36.0,7977.0,263.0,-84.0,347.0,171.0,-17.0,190.0,-17.0,1047.0,104.0,68.0,13.0,302.0,208.0,297.0,208.0,38.737298,-79.090339,798,54_71_165,797
87.0,125.0,36.0,7936.0,259.0,-87.0,346.0,168.0,-20.0,186.0,-20.0,1137.0,114.0,76.0,12.0,328.0,240.0,323.0,240.0,38.875533,-79.376907,799,54_71_681,798
78.0,115.0,34.0,7910.0,243.0,-93.0,336.0,158.0,-29.0,175.0,-29.0,1204.0,114.0,82.0,10.0,333.0,253.0,324.0,253.0,38.573523,-79.172828,800,54_71_2071,799
81.0,117.0,34.0,7863.0,243.0,-93.0,336.0,162.0,92.0,177.0,-26.0,1441.0,146.0,106.0,9.0,401.0,331.0,391.0,335.0,38.399125,-80.092863,801,54_75_398,800
85.0,120.0,35.0,7904.0,249.0,-90.0,339.0,164.0,-23.0,182.0,-23.0,1298.0,132.0,91.0,10.0,367.0,290.0,360.0,290.0,38.61737,-79.813855,802,54_75_1103,801
80.0,117.0,35.0,7840.0,241.0,-93.0,334.0,160.0,91.0,176.0,-27.0,1438.0,148.0,106.0,10.0,404.0,327.0,395.0,332.0,38.289813,-80.330074,803,54_75_1281,802
73.0,112.0,33.0,7844.0,232.0,-100.0,332.0,153.0,-34.0,168.0,-34.0,1482.0,146.0,110.0,8.0,408.0,344.0,397.0,344.0,38.456603,-79.993222,804,54_75_1665,803
76.0,114.0,34.0,7804.0,235.0,-96.0,331.0,155.0,-31.0,171.0,-31.0,1416.0,143.0,104.0,10.0,396.0,324.0,385.0,324.0,38.161973,-80.342751,805,54_75_1815,804
79.0,117.0,34.0,7888.0,244.0,-95.0,339.0,159.0,-28.0,176.0,-28.0,1284.0,126.0,91.0,9.0,356.0,285.0,347.0,285.0,38.512851,-79.683466,806,54_75_2017,805
73.0,112.0,33.0,7797.0,232.0,-98.0,330.0,153.0,-33.0,168.0,-33.0,1448.0,144.0,107.0,9.0,401.0,332.0,390.0,332.0,38.210044,-80.21567,807,54_75_2059,806
75.0,113.0,34.0,7823.0,234.0,-97.0,331.0,155.0,-32.0,170.0,-32.0,1446.0,144.0,107.0,9.0,400.0,333.0,389.0,333.0,38.246239,-80.165567,808,54_75_2161,807
77.0,114.0,34.0,7826.0,237.0,-96.0,333.0,157.0,88.0,172.0,-30.0,1468.0,149.0,108.0,10.0,410.0,336.0,400.0,340.0,38.314157,-80.285964,809,54_75_2351,808
75.0,119.0,34.0,8034.0,246.0,-98.0,344.0,157.0,87.0,174.0,-34.0,1365.0,133.0,95.0,11.0,389.0,303.0,379.0,310.0,39.223705,-79.501838,810,54_77_1491,809
81.0,123.0,35.0,7986.0,254.0,-92.0,346.0,163.0,-26.0,180.0,-26.0,1206.0,119.0,82.0,11.0,346.0,261.0,338.0,261.0,39.048854,-79.286348,811,54_23_292,810
95.0,130.0,36.0,8040.0,271.0,-82.0,353.0,176.0,-13.0,195.0,-13.0,1077.0,111.0,70.0,14.0,318.0,221.0,313.0,221.0,39.004354,-79.292388,812,54_23_2064,811
91.0,124.0,36.0,7912.0,256.0,-86.0,342.0,171.0,-16.0,188.0,-16.0,1319.0,139.0,91.0,12.0,381.0,293.0,376.0,293.0,38.68872,-79.94317,813,54_83_15,812
90.0,126.0,36.0,8020.0,261.0,-85.0,346.0,171.0,-18.0,189.0,-18.0,1279.0,131.0,87.0,13.0,374.0,283.0,370.0,283.0,39.02052,-79.774326,814,54_83_340,813
95.0,128.0,36.0,7903.0,263.0,-83.0,346.0,175.0,-12.0,192.0,-12.0,1273.0,138.0,86.0,13.0,372.0,279.0,369.0,279.0,38.65603,-79.976383,815,54_83_343,814
70.0,110.0,33.0,7870.0,230.0,-101.0,331.0,151.0,-37.0,166.0,-37.0,1469.0,143.0,107.0,8.0,405.0,338.0,394.0,338.0,38.584108,-79.861362,816,54_83_854,815
75.0,115.0,34.0,7954.0,240.0,-98.0,338.0,156.0,-33.0,172.0,-33.0,1374.0,135.0,97.0,10.0,387.0,311.0,379.0,311.0,38.902977,-79.668638,817,54_83_973,816
97.0,129.0,36.0,8130.0,273.0,-78.0,351.0,180.0,109.0,199.0,-11.0,1250.0,129.0,84.0,14.0,370.0,275.0,364.0,275.0,39.121769,-79.758576,818,54_93_668,817
93.0,126.0,36.0,7897.0,259.0,-86.0,345.0,173.0,-15.0,189.0,-15.0,1380.0,150.0,97.0,12.0,399.0,310.0,394.0,310.0,38.374057,-80.448849,819,54_101_963,818
105.0,132.0,35.0,8375.0,289.0,-78.0,367.0,191.0,-7.0,211.0,-7.0,926.0,94.0,57.0,16.0,277.0,175.0,272.0,175.0,39.123836,-78.525493,820,54_27_2028,819
92.0,122.0,34.0,8228.0,267.0,-86.0,353.0,175.0,-19.0,194.0,-19.0,1032.0,104.0,65.0,15.0,300.0,200.0,292.0,200.0,38.977957,-78.604106,821,54_31_229,820
89.0,122.0,34.0,8072.0,262.0,-87.0,349.0,171.0,-20.0,189.0,-20.0,1053.0,105.0,67.0,14.0,305.0,207.0,298.0,207.0,38.907026,-78.810062,822,54_31_395,821
92.0,123.0,36.0,7657.0,258.0,-76.0,334.0,170.0,-11.0,187.0,-11.0,1104.0,110.0,77.0,11.0,311.0,233.0,301.0,233.0,37.479029,-80.382381,823,54_63_307,822
103.0,130.0,38.0,7740.0,273.0,-68.0,341.0,181.0,-1.0,199.0,-1.0,1016.0,103.0,71.0,12.0,289.0,214.0,282.0,214.0,37.510834,-80.33857,824,54_63_1177,823
93.0,127.0,36.0,7906.0,261.0,-84.0,345.0,174.0,-14.0,190.0,-14.0,1330.0,146.0,92.0,13.0,389.0,294.0,385.0,294.0,38.285062,-80.599221,825,54_67_888,824
99.0,133.0,38.0,7893.0,273.0,-76.0,349.0,180.0,-7.0,197.0,-7.0,1080.0,111.0,77.0,11.0,307.0,237.0,302.0,237.0,37.851171,-80.208805,826,54_25_1331,825
100.0,136.0,38.0,7936.0,274.0,-78.0,352.0,180.0,-7.0,198.0,-7.0,1080.0,114.0,77.0,12.0,311.0,239.0,307.0,239.0,37.925516,-80.308058,827,54_25_2233,826
98.0,135.0,38.0,7957.0,273.0,-79.0,352.0,179.0,-9.0,197.0,-9.0,1118.0,115.0,80.0,11.0,315.0,248.0,310.0,248.0,38.002927,-80.132399,828,54_25_2489,827
88.0,125.0,36.0,7954.0,260.0,-87.0,347.0,168.0,-19.0,186.0,-19.0,1117.0,112.0,74.0,12.0,323.0,233.0,317.0,233.0,38.863596,-79.333559,829,54_71_822,828
70.0,112.0,33.0,7900.0,232.0,-101.0,333.0,150.0,-37.0,167.0,-37.0,1349.0,129.0,96.0,8.0,374.0,301.0,364.0,301.0,38.737088,-79.541971,830,54_71_1349,829
73.0,113.0,33.0,7915.0,236.0,-99.0,335.0,153.0,-34.0,170.0,-34.0,1334.0,129.0,95.0,8.0,370.0,298.0,361.0,298.0,38.654548,-79.602993,831,54_71_1765,830
78.0,115.0,34.0,7901.0,243.0,-93.0,336.0,158.0,-29.0,175.0,-29.0,1208.0,114.0,83.0,10.0,332.0,255.0,323.0,255.0,38.518347,-79.207819,832,54_71_1785,831
89.0,126.0,36.0,7899.0,257.0,-87.0,344.0,169.0,-18.0,186.0,-18.0,1260.0,129.0,90.0,10.0,353.0,283.0,345.0,283.0,38.254274,-79.983265,833,54_75_85,832
78.0,116.0,34.0,7925.0,242.0,-96.0,338.0,158.0,-29.0,175.0,-29.0,1293.0,127.0,92.0,9.0,360.0,288.0,352.0,288.0,38.61064,-79.659506,834,54_75_88,833
81.0,117.0,34.0,7911.0,244.0,-93.0,337.0,161.0,-27.0,177.0,-27.0,1332.0,134.0,94.0,10.0,376.0,299.0,368.0,299.0,38.689604,-79.779527,835,54_75_121,834
100.0,137.0,38.0,8004.0,276.0,-80.0,356.0,181.0,-8.0,199.0,-8.0,1118.0,118.0,79.0,12.0,320.0,247.0,315.0,247.0,38.045232,-80.227753,836,54_75_155,835
85.0,122.0,35.0,7893.0,249.0,-91.0,340.0,165.0,96.0,181.0,-22.0,1394.0,144.0,101.0,10.0,392.0,318.0,383.0,321.0,38.33278,-80.175178,837,54_75_202,836
96.0,133.0,37.0,7983.0,269.0,-84.0,353.0,177.0,-12.0,194.0,-12.0,1194.0,125.0,84.0,11.0,338.0,265.0,331.0,265.0,38.251771,-80.018622,838,54_75_212,837
92.0,128.0,36.0,7927.0,261.0,-86.0,347.0,172.0,-15.0,189.0,-15.0,1231.0,129.0,86.0,11.0,350.0,272.0,343.0,272.0,38.418766,-79.893534,839,54_75_329,838
86.0,123.0,36.0,7877.0,254.0,-87.0,341.0,167.0,-20.0,183.0,-20.0,1268.0,128.0,92.0,9.0,353.0,285.0,344.0,285.0,38.124579,-80.046708,840,54_75_777,839
91.0,127.0,36.0,7901.0,261.0,-86.0,347.0,171.0,-16.0,188.0,-16.0,1221.0,124.0,88.0,10.0,341.0,273.0,334.0,273.0,38.096113,-80.059681,841,54_75_1341,840
71.0,111.0,33.0,7836.0,233.0,-99.0,332.0,151.0,-35.0,167.0,-35.0,1391.0,134.0,102.0,8.0,380.0,315.0,369.0,315.0,38.38466,-79.751116,842,54_75_1379,841
78.0,115.0,34.0,7845.0,238.0,-96.0,334.0,158.0,89.0,173.0,-29.0,1453.0,148.0,107.0,10.0,406.0,333.0,396.0,336.0,38.287472,-80.276807,843,54_75_1871,842
79.0,117.0,34.0,7897.0,243.0,-95.0,338.0,159.0,-28.0,176.0,-28.0,1303.0,128.0,93.0,9.0,360.0,291.0,351.0,291.0,38.44944,-79.72591,844,54_75_1915,843
74.0,112.0,33.0,7829.0,233.0,-98.0,331.0,154.0,-33.0,169.0,-33.0,1471.0,146.0,109.0,9.0,407.0,340.0,396.0,340.0,38.316241,-80.141621,845,54_75_2023,844
80.0,117.0,34.0,7847.0,241.0,-94.0,335.0,161.0,91.0,176.0,-27.0,1423.0,146.0,104.0,10.0,400.0,324.0,391.0,327.0,38.254741,-80.325278,846,54_75_2491,845
84.0,120.0,35.0,7905.0,249.0,-91.0,340.0,164.0,-23.0,181.0,-23.0,1295.0,131.0,91.0,10.0,364.0,290.0,357.0,290.0,38.580254,-79.80539,847,54_75_3580,846
88.0,126.0,36.0,7953.0,262.0,-86.0,348.0,169.0,-19.0,187.0,-19.0,1111.0,112.0,74.0,13.0,323.0,231.0,318.0,231.0,38.938363,-79.280037,848,54_23_2193,847
104.0,135.0,37.0,8092.0,284.0,-74.0,358.0,186.0,-4.0,205.0,-4.0,986.0,104.0,62.0,16.0,295.0,195.0,292.0,195.0,38.965065,-79.23665,849,54_23_2282,848
103.0,131.0,35.0,8334.0,285.0,-80.0,365.0,188.0,-8.0,208.0,-8.0,938.0,95.0,58.0,16.0,279.0,178.0,274.0,178.0,39.059702,-78.559991,850,54_31_990,849
99.0,130.0,36.0,8234.0,279.0,-82.0,361.0,183.0,-11.0,202.0,-11.0,958.0,98.0,59.0,16.0,285.0,182.0,279.0,182.0,39.017696,-78.718577,851,54_31_2154,850
94.0,126.0,35.0,8123.0,270.0,-84.0,354.0,176.0,-16.0,194.0,-16.0,1006.0,101.0,63.0,15.0,295.0,194.0,289.0,194.0,38.946162,-78.751848,852,54_31_2466,851
96.0,129.0,37.0,7892.0,269.0,-79.0,348.0,176.0,-10.0,194.0,-10.0,1031.0,103.0,68.0,12.0,291.0,209.0,286.0,209.0,38.423437,-79.349447,853,54_71_494,852
92.0,126.0,36.0,7936.0,264.0,-82.0,346.0,172.0,-15.0,191.0,-15.0,1036.0,104.0,67.0,14.0,298.0,205.0,294.0,205.0,38.661843,-79.133967,854,54_71_525,853
72.0,112.0,33.0,7906.0,235.0,-100.0,335.0,152.0,-35.0,168.0,-35.0,1322.0,127.0,94.0,8.0,368.0,294.0,358.0,294.0,38.749373,-79.511265,855,54_71_904,854
101.0,134.0,37.0,7990.0,279.0,-76.0,355.0,182.0,-6.0,201.0,-6.0,984.0,104.0,62.0,15.0,294.0,193.0,291.0,193.0,38.817638,-79.304882,856,54_71_1176,855
87.0,124.0,35.0,7949.0,257.0,-88.0,345.0,167.0,-20.0,185.0,-20.0,1168.0,117.0,79.0,11.0,337.0,250.0,331.0,250.0,38.865727,-79.480196,857,54_71_1326,856
93.0,121.0,34.0,8277.0,268.0,-86.0,354.0,177.0,-19.0,196.0,-19.0,1018.0,103.0,64.0,15.0,298.0,197.0,289.0,197.0,39.084262,-78.514568,858,54_31_1316,857
95.0,127.0,35.0,8175.0,273.0,-83.0,356.0,179.0,-14.0,197.0,-14.0,990.0,100.0,61.0,15.0,291.0,190.0,285.0,190.0,38.974959,-78.770551,859,54_31_1366,858
88.0,123.0,36.0,7865.0,252.0,-88.0,340.0,168.0,99.0,183.0,-20.0,1392.0,148.0,100.0,12.0,398.0,313.0,391.0,317.0,38.313597,-80.4188,860,54_101_314,859
80.0,116.0,34.0,7836.0,240.0,-94.0,334.0,160.0,91.0,175.0,-27.0,1436.0,149.0,105.0,11.0,407.0,325.0,398.0,329.0,38.290547,-80.453152,861,54_101_1823,860
99.0,135.0,38.0,7976.0,274.0,-79.0,353.0,180.0,-8.0,198.0,-8.0,1113.0,115.0,79.0,11.0,315.0,245.0,309.0,245.0,38.0013,-80.13881,862,54_25_2489,861
101.0,137.0,38.0,7985.0,277.0,-78.0,355.0,182.0,-6.0,200.0,-6.0,1089.0,114.0,77.0,12.0,311.0,239.0,306.0,239.0,37.97857,-80.20827,863,54_25_2514,862
100.0,136.0,38.0,7936.0,274.0,-78.0,352.0,180.0,-7.0,198.0,-7.0,1080.0,114.0,77.0,12.0,311.0,239.0,307.0,239.0,37.92632,-80.30611,864,54_25_2233,863
95.0,130.0,37.0,7901.0,267.0,-79.0,346.0,175.0,-11.0,193.0,-11.0,1149.0,116.0,82.0,10.0,321.0,253.0,313.0,253.0,37.98502,-80.04116,865,54_25_2330,864
69.0,112.0,33.0,7923.0,233.0,-102.0,335.0,149.0,-38.0,166.0,-38.0,1352.0,129.0,96.0,9.0,377.0,303.0,367.0,303.0,38.896328,-79.446069,866,54_71_2425,865
79.0,116.0,34.0,7827.0,239.0,-94.0,333.0,158.0,90.0,174.0,-28.0,1453.0,147.0,107.0,9.0,405.0,333.0,395.0,337.0,38.310102,-80.236861,867,54_75_470,866
71.0,110.0,33.0,7789.0,229.0,-99.0,328.0,151.0,-35.0,166.0,-35.0,1465.0,147.0,108.0,9.0,409.0,336.0,397.0,336.0,38.200643,-80.320155,868,54_75_1144,867
80.0,116.0,34.0,7838.0,240.0,-93.0,333.0,160.0,91.0,175.0,-27.0,1476.0,150.0,109.0,10.0,411.0,336.0,402.0,344.0,38.385441,-80.200055,869,54_75_1340,868
78.0,114.0,34.0,7851.0,237.0,-96.0,333.0,158.0,89.0,173.0,-29.0,1511.0,152.0,112.0,9.0,419.0,344.0,408.0,355.0,38.451648,-80.149359,870,54_75_1495,869
77.0,116.0,34.0,7862.0,241.0,-95.0,336.0,157.0,-29.0,174.0,-29.0,1317.0,128.0,95.0,8.0,362.0,295.0,352.0,295.0,38.415387,-79.728152,871,54_75_1725,870
91.0,128.0,36.0,7929.0,262.0,-85.0,347.0,172.0,-16.0,189.0,-16.0,1207.0,122.0,87.0,10.0,336.0,269.0,328.0,269.0,38.092549,-80.023997,872,54_75_1747,871
73.0,112.0,34.0,7824.0,231.0,-98.0,329.0,153.0,-34.0,168.0,-34.0,1462.0,146.0,108.0,9.0,406.0,336.0,395.0,336.0,38.237629,-80.263399,873,54_75_1788,872
86.0,121.0,35.0,7851.0,249.0,-90.0,339.0,166.0,97.0,181.0,-21.0,1417.0,147.0,103.0,10.0,399.0,321.0,391.0,327.0,38.350762,-80.237239,874,54_75_1981,873
77.0,115.0,34.0,7898.0,239.0,-97.0,336.0,157.0,-30.0,173.0,-30.0,1364.0,135.0,98.0,9.0,380.0,309.0,372.0,309.0,38.648363,-79.766741,875,54_75_2006,874
83.0,120.0,35.0,7885.0,247.0,-92.0,339.0,163.0,-24.0,179.0,-24.0,1330.0,134.0,95.0,9.0,372.0,301.0,363.0,301.0,38.494724,-79.864694,876,54_75_2249,875
87.0,125.0,36.0,7866.0,253.0,-88.0,341.0,167.0,-20.0,183.0,-20.0,1305.0,136.0,94.0,11.0,369.0,296.0,362.0,296.0,38.150935,-80.300194,877,54_75_2477,876
72.0,112.0,33.0,7872.0,233.0,-100.0,333.0,152.0,-35.0,168.0,-35.0,1405.0,137.0,102.0,8.0,388.0,320.0,378.0,320.0,38.595741,-79.758843,878,54_75_2500,877
86.0,122.0,35.0,7901.0,251.0,-90.0,341.0,166.0,-22.0,182.0,-22.0,1292.0,131.0,92.0,10.0,362.0,291.0,353.0,291.0,38.449014,-79.862813,879,54_75_2512,878
79.0,116.0,34.0,7907.0,242.0,-95.0,337.0,160.0,-28.0,176.0,-28.0,1389.0,139.0,99.0,10.0,391.0,317.0,384.0,317.0,38.761152,-79.838991,880,54_83_570,879
79.0,116.0,34.0,7907.0,244.0,-94.0,338.0,159.0,-28.0,176.0,-28.0,1315.0,130.0,92.0,10.0,371.0,294.0,363.0,294.0,38.782345,-79.686753,881,54_83_693,880
76.0,114.0,34.0,7897.0,238.0,-97.0,335.0,156.0,-31.0,172.0,-31.0,1358.0,134.0,97.0,9.0,380.0,307.0,371.0,307.0,38.685039,-79.730164,882,54_83_992,881
78.0,116.0,34.0,7925.0,242.0,-95.0,337.0,158.0,-29.0,175.0,-29.0,1317.0,130.0,93.0,10.0,371.0,295.0,363.0,295.0,38.750025,-79.691294,883,54_83_1421,882
92.0,124.0,36.0,7882.0,255.0,-86.0,341.0,171.0,104.0,187.0,-16.0,1405.0,150.0,100.0,11.0,401.0,318.0,394.0,321.0,38.519937,-80.145272,884,54_83_1538,883
83.0,119.0,34.0,7931.0,250.0,-92.0,342.0,163.0,-24.0,181.0,-24.0,1188.0,118.0,82.0,10.0,334.0,257.0,327.0,257.0,38.591087,-79.598033,885,54_71_2314,884
83.0,120.0,35.0,7841.0,245.0,-92.0,337.0,162.0,93.0,178.0,-24.0,1392.0,145.0,101.0,11.0,395.0,315.0,387.0,318.0,38.238189,-80.401557,886,54_25_509,885
106.0,139.0,38.0,8000.0,283.0,-74.0,357.0,186.0,-2.0,205.0,-2.0,1042.0,111.0,73.0,13.0,301.0,227.0,298.0,227.0,37.922129,-80.272181,887,54_25_1716,886
93.0,130.0,37.0,7863.0,263.0,-83.0,346.0,172.0,-14.0,190.0,-14.0,1158.0,120.0,83.0,11.0,329.0,257.0,323.0,257.0,37.962506,-80.25252,888,54_25_2137,887
96.0,130.0,37.0,7930.0,269.0,-80.0,349.0,177.0,-11.0,194.0,-11.0,1143.0,115.0,82.0,10.0,319.0,252.0,312.0,252.0,37.977964,-80.034044,889,54_25_2330,888
98.0,135.0,38.0,7970.0,273.0,-80.0,353.0,179.0,-9.0,197.0,-9.0,1112.0,116.0,79.0,12.0,317.0,245.0,312.0,245.0,37.976096,-80.210197,890,54_25_2514,889
104.0,133.0,36.0,8306.0,287.0,-79.0,366.0,189.0,-7.0,208.0,-7.0,929.0,95.0,57.0,17.0,278.0,175.0,273.0,175.0,39.048138,-78.669919,891,54_31_1618,890
101.0,134.0,37.0,8018.0,279.0,-76.0,355.0,182.0,-7.0,201.0,-7.0,990.0,104.0,62.0,15.0,295.0,194.0,292.0,194.0,38.850865,-79.274367,892,54_71_583,891
103.0,133.0,37.0,7971.0,280.0,-74.0,354.0,184.0,-4.0,203.0,-4.0,955.0,99.0,60.0,15.0,278.0,185.0,276.0,185.0,38.526255,-79.269275,893,54_71_1228,892
73.0,114.0,33.0,7914.0,238.0,-98.0,336.0,154.0,-34.0,171.0,-34.0,1296.0,125.0,91.0,9.0,363.0,286.0,354.0,286.0,38.787265,-79.490528,894,54_71_261,893
65.0,110.0,32.0,7943.0,228.0,-106.0,334.0,146.0,-43.0,162.0,-43.0,1382.0,131.0,98.0,8.0,384.0,309.0,373.0,309.0,38.911773,-79.396813,895,54_71_1141,894
90.0,124.0,35.0,7940.0,259.0,-86.0,345.0,170.0,-17.0,188.0,-17.0,1095.0,111.0,73.0,11.0,313.0,229.0,308.0,229.0,38.623727,-79.548432,896,54_71_1729,895
76.0,115.0,34.0,7943.0,240.0,-97.0,337.0,156.0,-31.0,174.0,-31.0,1265.0,123.0,89.0,9.0,354.0,278.0,345.0,278.0,38.711367,-79.515332,897,54_71_2120,896
102.0,133.0,37.0,7927.0,278.0,-74.0,352.0,183.0,-4.0,201.0,-4.0,976.0,100.0,62.0,14.0,282.0,192.0,278.0,192.0,38.465404,-79.316539,898,54_71_2418,897
97.0,131.0,37.0,7928.0,273.0,-79.0,352.0,178.0,-9.0,196.0,-9.0,1007.0,105.0,64.0,15.0,297.0,199.0,294.0,199.0,38.781486,-79.33041,899,54_71_2821,898
74.0,113.0,33.0,7897.0,237.0,-98.0,335.0,155.0,-33.0,171.0,-33.0,1368.0,134.0,98.0,9.0,380.0,309.0,370.0,309.0,38.61536,-79.728629,900,54_75_449,899
87.0,122.0,35.0,7913.0,254.0,-89.0,343.0,167.0,-20.0,184.0,-20.0,1238.0,126.0,86.0,10.0,350.0,273.0,343.0,273.0,38.549138,-79.771498,901,54_75_596,900
89.0,126.0,36.0,7906.0,257.0,-88.0,345.0,169.0,-18.0,186.0,-18.0,1264.0,129.0,91.0,10.0,354.0,285.0,346.0,285.0,38.170623,-80.088494,902,54_75_793,901
96.0,131.0,37.0,7963.0,269.0,-81.0,350.0,177.0,-12.0,194.0,-12.0,1161.0,118.0,83.0,10.0,324.0,256.0,317.0,256.0,38.093592,-79.975645,903,54_75_1463,902
70.0,110.0,33.0,7841.0,228.0,-101.0,329.0,150.0,-37.0,165.0,-37.0,1485.0,145.0,110.0,8.0,408.0,343.0,397.0,343.0,38.479242,-79.93788,904,54_75_1763,903
76.0,113.0,33.0,7842.0,236.0,-97.0,333.0,157.0,87.0,172.0,-30.0,1501.0,151.0,111.0,9.0,416.0,343.0,406.0,351.0,38.418458,-80.151979,905,54_75_2169,904
80.0,117.0,34.0,7818.0,241.0,-94.0,335.0,159.0,91.0,175.0,-27.0,1417.0,144.0,104.0,10.0,396.0,325.0,386.0,327.0,38.260998,-80.218628,906,54_75_2235,905
82.0,120.0,35.0,7845.0,245.0,-92.0,337.0,163.0,-24.0,178.0,-24.0,1365.0,140.0,100.0,10.0,383.0,312.0,374.0,312.0,38.18539,-80.270097,907,54_75_2250,906
77.0,115.0,34.0,7929.0,239.0,-96.0,335.0,157.0,-31.0,174.0,-31.0,1394.0,138.0,100.0,9.0,390.0,318.0,381.0,318.0,38.722473,-79.805823,908,54_83_116,907
70.0,110.0,33.0,7870.0,229.0,-102.0,331.0,150.0,-37.0,165.0,-37.0,1469.0,143.0,107.0,8.0,406.0,338.0,395.0,338.0,38.617148,-79.845176,909,54_83_1109,908
85.0,121.0,35.0,7941.0,253.0,-89.0,342.0,166.0,-22.0,183.0,-22.0,1218.0,123.0,83.0,11.0,350.0,265.0,344.0,265.0,38.788031,-79.641931,910,54_83_1458,909
75.0,112.0,33.0,7877.0,234.0,-98.0,332.0,155.0,-33.0,170.0,-33.0,1467.0,145.0,108.0,9.0,406.0,340.0,396.0,340.0,38.561233,-79.930309,911,54_83_1803,910
84.0,122.0,35.0,7978.0,252.0,-90.0,342.0,164.0,-24.0,182.0,-24.0,1312.0,132.0,91.0,11.0,377.0,293.0,371.0,293.0,38.948179,-79.728227,912,54_83_2473,911
70.0,115.0,34.0,7969.0,237.0,-101.0,338.0,151.0,-37.0,168.0,-37.0,1319.0,126.0,92.0,9.0,371.0,292.0,361.0,292.0,38.996127,-79.338471,913,54_93_218,912
73.0,115.0,34.0,7974.0,238.0,-100.0,338.0,154.0,85.0,171.0,-35.0,1410.0,137.0,100.0,10.0,397.0,321.0,388.0,323.0,39.017171,-79.673819,914,54_93_824,913
88.0,125.0,35.0,8082.0,262.0,-87.0,349.0,170.0,99.0,188.0,-21.0,1287.0,130.0,88.0,13.0,374.0,282.0,368.0,287.0,39.157601,-79.598538,915,54_93_1415,914
72.0,117.0,34.0,7960.0,240.0,-100.0,340.0,153.0,-35.0,170.0,-35.0,1367.0,131.0,96.0,10.0,386.0,310.0,375.0,310.0,39.078279,-79.486768,916,54_93_2147,915
74.0,113.0,33.0,7900.0,236.0,-99.0,335.0,154.0,-33.0,170.0,-33.0,1406.0,138.0,101.0,9.0,392.0,321.0,383.0,321.0,38.751719,-79.772359,917,54_83_214,916
73.0,113.0,33.0,7926.0,236.0,-99.0,335.0,154.0,-34.0,170.0,-34.0,1362.0,133.0,97.0,9.0,379.0,307.0,370.0,307.0,38.700615,-79.668957,918,54_83_265,917
75.0,114.0,34.0,7909.0,236.0,-98.0,334.0,155.0,-33.0,171.0,-33.0,1413.0,139.0,101.0,9.0,395.0,323.0,386.0,323.0,38.779014,-79.792382,919,54_83_687,918
123.0,125.0,35.0,8242.0,297.0,-58.0,355.0,206.0,131.0,225.0,12.0,1239.0,129.0,74.0,14.0,357.0,270.0,338.0,287.0,37.578754,-84.035478,920,21_65_11,919
126.0,137.0,41.0,7272.0,288.0,-46.0,334.0,43.0,134.0,216.0,28.0,1522.0,160.0,90.0,14.0,436.0,313.0,383.0,412.0,35.432056,-83.938972,921,37_75_3,920
96.0,122.0,38.0,7031.0,248.0,-66.0,314.0,15.0,148.0,183.0,2.0,1848.0,189.0,123.0,10.0,509.0,409.0,456.0,481.0,35.328507,-83.688765,922,37_75_16,921
128.0,134.0,40.0,7367.0,294.0,-41.0,335.0,203.0,45.0,221.0,30.0,1320.0,127.0,95.0,9.0,358.0,289.0,354.0,294.0,35.935812,-81.737603,923,37_27_14,922
114.0,130.0,40.0,6906.0,269.0,-49.0,318.0,112.0,121.0,201.0,22.0,1896.0,190.0,144.0,8.0,504.0,448.0,476.0,468.0,35.205516,-82.938913,924,37_175_49,923
115.0,129.0,40.0,6920.0,270.0,-47.0,317.0,114.0,166.0,202.0,23.0,1961.0,196.0,150.0,7.0,521.0,466.0,489.0,485.0,35.15893,-82.930526,925,37_175_9,924
94.0,128.0,36.0,7885.0,262.0,-84.0,346.0,174.0,-14.0,190.0,-14.0,1324.0,145.0,92.0,13.0,386.0,293.0,383.0,293.0,38.276505,-80.539401,926,54_67_2268,925
113.0,128.0,39.0,7247.0,274.0,-54.0,328.0,187.0,33.0,204.0,17.0,1375.0,131.0,98.0,9.0,376.0,302.0,370.0,302.0,36.068947,-81.768546,927,37_11_16,926
118.0,136.0,42.0,6891.0,276.0,-47.0,323.0,40.0,170.0,204.0,27.0,1816.0,189.0,126.0,10.0,508.0,410.0,435.0,483.0,35.06416,-83.337568,928,37_113_35,927
103.0,126.0,40.0,6917.0,255.0,-59.0,314.0,24.0,155.0,189.0,11.0,1900.0,196.0,129.0,10.0,529.0,424.0,461.0,501.0,35.099943,-83.59922,929,37_113_177,928
82.0,118.0,35.0,7852.0,243.0,-93.0,336.0,162.0,92.0,177.0,-25.0,1420.0,147.0,104.0,10.0,401.0,322.0,392.0,326.0,38.26907,-80.371535,930,54_101_689,929
84.0,120.0,35.0,7871.0,247.0,-92.0,339.0,165.0,95.0,180.0,-23.0,1436.0,150.0,104.0,11.0,406.0,324.0,398.0,331.0,38.346358,-80.33571,931,54_101_705,930
79.0,115.0,34.0,7862.0,238.0,-95.0,333.0,159.0,90.0,174.0,-28.0,1526.0,155.0,112.0,10.0,425.0,345.0,415.0,359.0,38.471662,-80.211658,932,54_101_1753,931
88.0,122.0,35.0,7876.0,252.0,-88.0,340.0,168.0,99.0,184.0,-19.0,1396.0,150.0,99.0,12.0,402.0,313.0,396.0,315.0,38.330025,-80.493291,933,54_101_2201,932
86.0,120.0,35.0,7871.0,248.0,-91.0,339.0,166.0,96.0,181.0,-22.0,1458.0,154.0,105.0,11.0,415.0,327.0,408.0,335.0,38.406337,-80.443397,934,54_101_2438,933
132.0,141.0,41.0,7354.0,298.0,-40.0,338.0,49.0,138.0,224.0,34.0,1504.0,161.0,90.0,14.0,440.0,312.0,373.0,410.0,35.166025,-84.15684,935,37_39_6,934
95.0,120.0,38.0,6992.0,245.0,-65.0,310.0,15.0,147.0,182.0,2.0,1922.0,197.0,130.0,9.0,531.0,427.0,471.0,501.0,35.166272,-83.737029,936,37_39_110,935
96.0,133.0,37.0,7946.0,269.0,-82.0,351.0,176.0,-12.0,194.0,-12.0,1151.0,119.0,82.0,11.0,325.0,256.0,319.0,256.0,38.035244,-80.172183,937,54_25_125,936
94.0,129.0,37.0,7910.0,266.0,-80.0,346.0,174.0,-12.0,192.0,-12.0,1167.0,118.0,84.0,10.0,326.0,258.0,318.0,258.0,38.018102,-80.000028,938,54_25_1274,937
100.0,136.0,38.0,7934.0,275.0,-77.0,352.0,180.0,-7.0,198.0,-7.0,1070.0,112.0,76.0,12.0,307.0,235.0,303.0,235.0,37.896946,-80.260742,939,54_25_1389,938
76.0,108.0,35.0,7022.0,222.0,-80.0,302.0,74.0,84.0,164.0,-17.0,1858.0,182.0,133.0,8.0,498.0,431.0,481.0,448.0,35.695216,-83.211044,940,37_87_74,939
132.0,136.0,40.0,7369.0,299.0,-38.0,337.0,129.0,49.0,225.0,34.0,1310.0,128.0,96.0,9.0,355.0,292.0,349.0,298.0,35.767383,-82.02205,941,37_111_57,940
115.0,131.0,39.0,7160.0,276.0,-52.0,328.0,112.0,35.0,205.0,20.0,1395.0,136.0,100.0,9.0,377.0,310.0,370.0,311.0,35.885582,-81.916738,942,37_111_43,941
128.0,136.0,40.0,7257.0,293.0,-42.0,335.0,126.0,47.0,220.0,32.0,1304.0,129.0,95.0,9.0,355.0,290.0,348.0,295.0,35.740218,-82.121102,943,37_111_27,942
111.0,133.0,41.0,6901.0,267.0,-54.0,321.0,32.0,162.0,196.0,18.0,1798.0,186.0,122.0,10.0,501.0,402.0,437.0,475.0,35.187306,-83.430223,944,37_113_45,943
101.0,125.0,39.0,7092.0,256.0,-64.0,320.0,172.0,59.0,189.0,6.0,1350.0,131.0,97.0,11.0,375.0,298.0,371.0,305.0,36.093237,-82.367798,945,37_121_9,944
102.0,122.0,39.0,6888.0,253.0,-57.0,310.0,99.0,108.0,188.0,10.0,1893.0,188.0,143.0,7.0,502.0,448.0,481.0,462.0,35.274296,-82.913839,946,37_175_30,945
110.0,130.0,40.0,6954.0,266.0,-54.0,320.0,108.0,116.0,197.0,17.0,1664.0,168.0,121.0,8.0,445.0,384.0,427.0,408.0,35.372678,-82.946414,947,37_87_72,946
111.0,134.0,41.0,7026.0,268.0,-56.0,324.0,31.0,163.0,198.0,17.0,1739.0,182.0,112.0,11.0,495.0,377.0,421.0,468.0,35.183214,-83.756794,948,37_39_60,947
125.0,142.0,42.0,7124.0,286.0,-47.0,333.0,44.0,133.0,214.0,30.0,1596.0,169.0,99.0,13.0,465.0,336.0,389.0,438.0,35.097265,-83.864432,949,37_43_5,948
102.0,126.0,39.0,6987.0,256.0,-61.0,317.0,23.0,154.0,189.0,9.0,1847.0,191.0,122.0,10.0,518.0,406.0,449.0,490.0,35.146175,-83.764954,950,37_43_11,949
83.0,110.0,35.0,7104.0,231.0,-76.0,307.0,1.0,135.0,171.0,-12.0,1962.0,199.0,133.0,9.0,534.0,435.0,483.0,503.0,35.303561,-83.992568,951,37_75_4,950
90.0,124.0,35.0,7928.0,261.0,-84.0,345.0,170.0,-17.0,188.0,-17.0,1059.0,105.0,69.0,13.0,302.0,213.0,296.0,213.0,38.599361,-79.169613,952,54_71_5134,951
77.0,120.0,35.0,7935.0,247.0,-95.0,342.0,158.0,-30.0,175.0,-30.0,1249.0,121.0,86.0,10.0,354.0,274.0,345.0,274.0,38.990672,-79.322594,953,54_23_4051,952
89.0,119.0,34.0,8195.0,262.0,-88.0,350.0,172.0,-22.0,190.0,-22.0,1054.0,106.0,66.0,14.0,306.0,205.0,297.0,205.0,39.029632,-78.580054,954,54_31_4259,953
69.0,110.0,33.0,7879.0,228.0,-102.0,330.0,150.0,-38.0,165.0,-38.0,1480.0,144.0,109.0,8.0,407.0,342.0,395.0,342.0,38.468939,-79.924058,955,54_75_7814,954
90.0,125.0,36.0,7907.0,255.0,-87.0,342.0,170.0,102.0,187.0,-17.0,1372.0,145.0,98.0,11.0,389.0,312.0,382.0,314.0,38.423706,-80.141361,956,54_75_7830,955
94.0,131.0,37.0,8011.0,266.0,-85.0,351.0,175.0,-14.0,193.0,-14.0,1221.0,127.0,87.0,11.0,344.0,274.0,338.0,274.0,38.240014,-80.058934,957,54_75_7846,956
99.0,134.0,38.0,7961.0,273.0,-79.0,352.0,179.0,-9.0,197.0,-9.0,1142.0,118.0,80.0,11.0,322.0,250.0,315.0,250.0,38.179777,-79.954464,958,54_75_7850,957
90.0,128.0,37.0,7919.0,259.0,-86.0,345.0,171.0,-17.0,188.0,-17.0,1243.0,127.0,89.0,10.0,348.0,279.0,340.0,279.0,38.174677,-80.0596,959,54_75_7851,958
71.0,110.0,33.0,7828.0,228.0,-100.0,328.0,151.0,-35.0,166.0,-35.0,1488.0,148.0,110.0,9.0,412.0,343.0,401.0,343.0,38.273231,-80.234401,960,54_75_7860,959
88.0,125.0,36.0,7927.0,258.0,-87.0,345.0,169.0,-19.0,186.0,-19.0,1217.0,124.0,86.0,10.0,341.0,269.0,334.0,269.0,38.404184,-79.794576,961,54_75_8772,960
78.0,118.0,34.0,7963.0,244.0,-95.0,339.0,159.0,-30.0,176.0,-30.0,1343.0,132.0,94.0,10.0,381.0,303.0,373.0,303.0,38.935364,-79.658263,962,54_83_5439,961
75.0,114.0,33.0,7938.0,239.0,-97.0,336.0,155.0,-33.0,172.0,-33.0,1309.0,127.0,92.0,9.0,366.0,291.0,358.0,291.0,38.76457,-79.565535,963,54_83_5481,962
79.0,117.0,34.0,7918.0,243.0,-95.0,338.0,159.0,-28.0,176.0,-28.0,1333.0,133.0,94.0,10.0,376.0,299.0,368.0,299.0,38.748002,-79.737626,964,54_83_5482,963
75.0,114.0,33.0,7902.0,238.0,-98.0,336.0,155.0,-32.0,172.0,-32.0,1311.0,128.0,93.0,9.0,365.0,292.0,356.0,292.0,38.669071,-79.610532,965,54_83_5486,964
59.0,106.0,32.0,7921.0,220.0,-110.0,330.0,139.0,-48.0,156.0,-48.0,1444.0,136.0,103.0,8.0,400.0,324.0,387.0,324.0,38.932202,-79.430101,966,54_83_8049,965
76.0,117.0,34.0,7964.0,243.0,-97.0,340.0,157.0,89.0,174.0,-32.0,1374.0,135.0,97.0,10.0,390.0,312.0,381.0,312.0,38.997628,-79.662252,967,54_83_8051,966
82.0,122.0,35.0,7936.0,251.0,-92.0,343.0,162.0,-25.0,180.0,-25.0,1272.0,126.0,88.0,11.0,364.0,282.0,356.0,282.0,38.934386,-79.560428,968,54_83_8058,967
72.0,114.0,33.0,7954.0,236.0,-100.0,336.0,153.0,-36.0,169.0,-36.0,1411.0,138.0,100.0,10.0,398.0,321.0,388.0,321.0,38.947386,-79.695698,969,54_83_8060,968
75.0,114.0,33.0,7953.0,237.0,-99.0,336.0,155.0,-33.0,172.0,-33.0,1415.0,139.0,101.0,9.0,396.0,323.0,387.0,323.0,38.803786,-79.787816,970,54_83_8106,969
83.0,119.0,35.0,7928.0,247.0,-91.0,338.0,163.0,-25.0,180.0,-25.0,1323.0,134.0,93.0,10.0,376.0,297.0,369.0,297.0,38.757165,-79.785883,971,54_83_8108,970
82.0,119.0,35.0,7908.0,246.0,-93.0,339.0,163.0,-25.0,179.0,-25.0,1341.0,136.0,95.0,10.0,380.0,303.0,374.0,303.0,38.729843,-79.817351,972,54_83_8109,971
72.0,111.0,33.0,7882.0,232.0,-101.0,333.0,152.0,-35.0,167.0,-35.0,1459.0,143.0,106.0,8.0,404.0,336.0,393.0,336.0,38.625343,-79.85809,973,54_83_8136,972
77.0,114.0,34.0,7871.0,237.0,-97.0,334.0,157.0,-31.0,172.0,-31.0,1447.0,144.0,106.0,9.0,401.0,335.0,392.0,335.0,38.553841,-79.925038,974,54_83_8144,973
76.0,114.0,34.0,7823.0,236.0,-96.0,332.0,156.0,88.0,171.0,-30.0,1477.0,150.0,109.0,10.0,412.0,337.0,402.0,343.0,38.319758,-80.295407,975,54_75_5228,974
80.0,117.0,34.0,7838.0,242.0,-94.0,336.0,161.0,91.0,176.0,-26.0,1413.0,145.0,103.0,10.0,397.0,323.0,388.0,324.0,38.239626,-80.353612,976,54_75_5234,975
98.0,134.0,37.0,8011.0,272.0,-82.0,354.0,178.0,-10.0,197.0,-10.0,1160.0,121.0,81.0,11.0,328.0,255.0,322.0,255.0,38.220146,-79.990736,977,54_75_6159,976
80.0,117.0,34.0,7895.0,244.0,-94.0,338.0,160.0,-27.0,177.0,-27.0,1279.0,127.0,90.0,9.0,358.0,284.0,350.0,284.0,38.619546,-79.692398,978,54_75_7802,977
76.0,120.0,34.0,7970.0,246.0,-97.0,343.0,157.0,89.0,174.0,-32.0,1353.0,131.0,95.0,10.0,384.0,305.0,374.0,308.0,39.096412,-79.502831,979,54_93_8314,978
90.0,125.0,36.0,8088.0,262.0,-85.0,347.0,172.0,101.0,190.0,-19.0,1311.0,133.0,88.0,13.0,382.0,287.0,377.0,294.0,39.154418,-79.776128,980,54_93_8321,979
71.0,115.0,34.0,7947.0,237.0,-100.0,337.0,151.0,-37.0,168.0,-37.0,1329.0,127.0,93.0,9.0,373.0,296.0,363.0,296.0,39.00618,-79.368938,981,54_93_8333,980
83.0,118.0,35.0,7873.0,245.0,-92.0,337.0,164.0,94.0,179.0,-24.0,1471.0,154.0,107.0,11.0,417.0,331.0,409.0,339.0,38.404838,-80.438386,982,54_101_5876,981
83.0,118.0,35.0,7842.0,244.0,-92.0,336.0,163.0,93.0,178.0,-24.0,1426.0,149.0,103.0,11.0,405.0,322.0,397.0,326.0,38.307991,-80.43742,983,54_101_5880,982
85.0,120.0,35.0,7882.0,247.0,-91.0,338.0,165.0,96.0,180.0,-23.0,1434.0,150.0,104.0,11.0,406.0,323.0,398.0,330.0,38.343539,-80.360118,984,54_101_8495,983
79.0,116.0,34.0,7836.0,239.0,-95.0,334.0,159.0,90.0,174.0,-28.0,1444.0,149.0,106.0,10.0,407.0,328.0,398.0,332.0,38.286612,-80.396121,985,54_101_8499,984
79.0,115.0,34.0,7862.0,238.0,-95.0,333.0,159.0,90.0,174.0,-28.0,1526.0,155.0,112.0,10.0,425.0,345.0,415.0,359.0,38.468937,-80.216258,986,54_101_8820,985
90.0,124.0,36.0,7878.0,254.0,-87.0,341.0,170.0,100.0,186.0,-18.0,1394.0,150.0,99.0,12.0,401.0,313.0,396.0,315.0,38.347038,-80.48653,987,54_101_8822,986
90.0,126.0,36.0,8084.0,263.0,-85.0,348.0,172.0,101.0,190.0,-19.0,1297.0,132.0,88.0,13.0,379.0,284.0,372.0,290.0,39.145779,-79.692801,988,54_93_5707,987
91.0,127.0,36.0,8046.0,264.0,-84.0,348.0,172.0,103.0,191.0,-17.0,1277.0,131.0,87.0,13.0,375.0,282.0,369.0,283.0,39.070385,-79.738934,989,54_93_5713,988
78.0,119.0,34.0,7946.0,246.0,-95.0,341.0,159.0,-29.0,176.0,-29.0,1350.0,133.0,94.0,11.0,384.0,305.0,376.0,305.0,39.012063,-79.635005,990,54_93_5723,989
94.0,128.0,36.0,8135.0,271.0,-81.0,352.0,177.0,106.0,195.0,-15.0,1249.0,128.0,85.0,13.0,368.0,273.0,361.0,276.0,39.172942,-79.602521,991,54_93_8301,990
77.0,115.0,34.0,7812.0,237.0,-95.0,332.0,157.0,-29.0,172.0,-29.0,1403.0,143.0,103.0,10.0,394.0,320.0,384.0,320.0,38.152325,-80.369587,992,54_25_4060,991
95.0,132.0,37.0,7923.0,268.0,-82.0,350.0,176.0,-12.0,193.0,-12.0,1148.0,117.0,82.0,10.0,323.0,254.0,316.0,254.0,37.999352,-80.118307,993,54_25_4083,992
97.0,132.0,37.0,7923.0,269.0,-79.0,348.0,177.0,-10.0,195.0,-10.0,1124.0,115.0,81.0,11.0,317.0,248.0,310.0,248.0,37.92672,-80.130622,994,54_25_4087,993
104.0,140.0,39.0,8016.0,281.0,-77.0,358.0,185.0,-4.0,203.0,-4.0,1084.0,116.0,76.0,13.0,313.0,238.0,309.0,238.0,38.019198,-80.273605,995,54_25_4101,994
97.0,132.0,37.0,7878.0,270.0,-78.0,348.0,177.0,-9.0,195.0,-9.0,1094.0,113.0,78.0,11.0,311.0,240.0,306.0,240.0,37.862316,-80.217168,996,54_25_4140,995
78.0,115.0,34.0,7806.0,237.0,-95.0,332.0,157.0,88.0,173.0,-29.0,1420.0,145.0,104.0,10.0,399.0,325.0,390.0,325.0,38.206047,-80.404048,997,54_25_6688,996
90.0,127.0,37.0,7873.0,258.0,-85.0,343.0,169.0,-17.0,186.0,-17.0,1219.0,124.0,88.0,10.0,341.0,272.0,334.0,272.0,38.026754,-80.137081,998,54_25_6704,997
83.0,119.0,34.0,7948.0,250.0,-92.0,342.0,163.0,-24.0,181.0,-24.0,1181.0,117.0,82.0,10.0,333.0,255.0,326.0,255.0,38.609042,-79.582399,999,54_71_7782,998
71.0,112.0,33.0,7887.0,233.0,-100.0,333.0,152.0,-35.0,168.0,-35.0,1364.0,132.0,98.0,8.0,378.0,306.0,368.0,306.0,38.666291,-79.637537,1000,54_75_5173,999
85.0,121.0,35.0,7897.0,251.0,-90.0,341.0,165.0,-22.0,181.0,-22.0,1221.0,123.0,85.0,10.0,344.0,268.0,337.0,268.0,38.579546,-79.707373,1001,54_75_5178,1000
79.0,116.0,34.0,7896.0,241.0,-95.0,336.0,159.0,-29.0,175.0,-29.0,1374.0,137.0,98.0,9.0,385.0,312.0,377.0,312.0,38.674111,-79.812924,1002,54_75_5180,1001
67.0,108.0,32.0,7848.0,225.0,-103.0,328.0,147.0,-40.0,162.0,-40.0,1500.0,145.0,111.0,8.0,412.0,346.0,400.0,346.0,38.509121,-79.910246,1003,54_75_5189,1002
69.0,109.0,33.0,7829.0,227.0,-102.0,329.0,149.0,-38.0,164.0,-38.0,1489.0,145.0,110.0,8.0,409.0,343.0,397.0,343.0,38.440324,-79.940542,1004,54_75_5191,1003
92.0,128.0,36.0,7914.0,261.0,-85.0,346.0,172.0,-15.0,189.0,-15.0,1218.0,126.0,85.0,11.0,345.0,269.0,338.0,269.0,38.388332,-79.873218,1005,54_75_5200,1004
72.0,111.0,33.0,7831.0,230.0,-100.0,330.0,152.0,-35.0,167.0,-35.0,1501.0,149.0,111.0,9.0,415.0,348.0,403.0,348.0,38.351778,-80.147619,1006,54_75_5208,1005
80.0,117.0,34.0,7833.0,241.0,-94.0,335.0,160.0,92.0,175.0,-27.0,1473.0,151.0,108.0,10.0,412.0,334.0,403.0,343.0,38.368813,-80.264101,1007,54_75_5210,1006
93.0,129.0,36.0,7931.0,265.0,-84.0,349.0,174.0,-14.0,191.0,-14.0,1193.0,122.0,84.0,10.0,335.0,264.0,328.0,264.0,38.299259,-79.867603,1008,54_75_5216,1007
90.0,127.0,36.0,7905.0,259.0,-87.0,346.0,170.0,-17.0,187.0,-17.0,1252.0,128.0,90.0,10.0,349.0,282.0,342.0,282.0,38.208963,-80.024295,1009,54_75_5221,1008
81.0,117.0,34.0,7842.0,242.0,-94.0,336.0,161.0,91.0,176.0,-26.0,1426.0,147.0,105.0,10.0,401.0,324.0,392.0,329.0,38.281583,-80.328118,1010,54_75_5231,1009
74.0,113.0,34.0,7817.0,233.0,-97.0,330.0,154.0,-32.0,170.0,-32.0,1438.0,143.0,106.0,9.0,399.0,330.0,388.0,330.0,38.210155,-80.205053,1011,54_75_5236,1010
75.0,113.0,34.0,7824.0,234.0,-97.0,331.0,155.0,85.0,170.0,-32.0,1449.0,147.0,107.0,10.0,405.0,333.0,395.0,333.0,38.23268,-80.346429,1012,54_75_5237,1011
85.0,122.0,35.0,7903.0,252.0,-91.0,343.0,165.0,-22.0,182.0,-22.0,1251.0,126.0,88.0,9.0,350.0,278.0,342.0,278.0,38.458502,-79.772833,1013,54_75_6154,1012
78.0,116.0,34.0,7904.0,242.0,-95.0,337.0,159.0,-29.0,175.0,-29.0,1316.0,130.0,94.0,9.0,367.0,295.0,359.0,295.0,38.596788,-79.731907,1014,54_75_7804,1013
92.0,127.0,36.0,7916.0,261.0,-85.0,346.0,172.0,-16.0,189.0,-16.0,1211.0,126.0,84.0,11.0,344.0,266.0,337.0,266.0,38.449824,-79.83765,1015,54_75_7822,1014
83.0,120.0,35.0,7827.0,245.0,-91.0,336.0,162.0,93.0,178.0,-24.0,1384.0,143.0,101.0,10.0,389.0,316.0,381.0,318.0,38.232257,-80.293102,1016,54_75_7863,1015
92.0,129.0,37.0,7938.0,262.0,-85.0,347.0,172.0,-16.0,189.0,-16.0,1227.0,127.0,88.0,10.0,345.0,276.0,338.0,276.0,38.131422,-80.136545,1017,54_75_7870,1016
93.0,129.0,37.0,7935.0,265.0,-83.0,348.0,174.0,-14.0,191.0,-14.0,1185.0,120.0,85.0,10.0,330.0,263.0,323.0,263.0,38.122783,-79.982313,1018,54_75_7877,1017
95.0,130.0,37.0,7921.0,268.0,-81.0,349.0,175.0,-12.0,193.0,-12.0,1162.0,118.0,83.0,10.0,325.0,256.0,317.0,256.0,38.067457,-79.991539,1019,54_75_7882,1018
72.0,110.0,33.0,7855.0,230.0,-100.0,330.0,152.0,83.0,167.0,-35.0,1511.0,150.0,112.0,9.0,418.0,350.0,406.0,351.0,38.368062,-80.170872,1020,54_75_8774,1019
76.0,113.0,34.0,7843.0,235.0,-97.0,332.0,156.0,87.0,171.0,-31.0,1472.0,148.0,109.0,9.0,410.0,338.0,399.0,341.0,38.302862,-80.249284,1021,54_75_8779,1020
94.0,129.0,36.0,7994.0,269.0,-82.0,351.0,175.0,-13.0,193.0,-13.0,1039.0,107.0,67.0,14.0,305.0,209.0,301.0,209.0,38.858888,-79.250845,1022,54_71_5085,1021
91.0,127.0,36.0,7948.0,264.0,-83.0,347.0,172.0,-16.0,189.0,-16.0,1097.0,112.0,72.0,13.0,320.0,227.0,316.0,227.0,38.863282,-79.377656,1023,54_71_5099,1022
104.0,136.0,38.0,8062.0,284.0,-73.0,357.0,186.0,-4.0,205.0,-4.0,974.0,103.0,61.0,16.0,292.0,190.0,289.0,190.0,38.889,-79.25551,1024,54_71_7710,1023
72.0,113.0,33.0,7926.0,237.0,-99.0,336.0,153.0,-35.0,170.0,-35.0,1314.0,126.0,93.0,9.0,366.0,291.0,357.0,291.0,38.765958,-79.505304,1025,54_71_7749,1024
87.0,123.0,36.0,7844.0,253.0,-86.0,339.0,166.0,-19.0,183.0,-19.0,1243.0,123.0,90.0,9.0,343.0,277.0,334.0,277.0,38.057627,-79.968941,1026,54_25_4078,1025
99.0,135.0,38.0,7960.0,274.0,-79.0,353.0,180.0,-8.0,198.0,-8.0,1110.0,115.0,79.0,11.0,315.0,245.0,309.0,245.0,37.984014,-80.144901,1027,54_25_4085,1026
84.0,120.0,35.0,7847.0,246.0,-91.0,337.0,164.0,94.0,179.0,-23.0,1374.0,144.0,100.0,11.0,390.0,311.0,383.0,313.0,38.213124,-80.437514,1028,54_25_6686,1027
92.0,127.0,36.0,7883.0,262.0,-82.0,344.0,172.0,-14.0,190.0,-14.0,1179.0,119.0,85.0,10.0,329.0,261.0,322.0,261.0,37.975927,-80.065054,1029,54_25_6706,1028
91.0,128.0,37.0,7856.0,260.0,-83.0,343.0,171.0,-15.0,188.0,-15.0,1171.0,120.0,85.0,11.0,331.0,261.0,324.0,261.0,37.933432,-80.256008,1030,54_25_6716,1029
95.0,130.0,37.0,7996.0,270.0,-81.0,351.0,175.0,-13.0,194.0,-13.0,1074.0,111.0,70.0,14.0,316.0,221.0,312.0,221.0,38.948448,-79.329165,1031,54_23_4054,1030
83.0,120.0,35.0,7948.0,251.0,-91.0,342.0,163.0,-24.0,181.0,-24.0,1255.0,126.0,86.0,11.0,359.0,275.0,353.0,275.0,38.839481,-79.637809,1032,54_83_5446,1031
96.0,129.0,37.0,7925.0,265.0,-82.0,347.0,176.0,-11.0,193.0,-11.0,1241.0,133.0,83.0,13.0,364.0,268.0,362.0,268.0,38.733321,-79.92982,1033,54_83_5495,1032
67.0,108.0,32.0,7869.0,226.0,-104.0,330.0,148.0,-40.0,163.0,-40.0,1501.0,146.0,110.0,8.0,414.0,346.0,402.0,346.0,38.577865,-79.884362,1034,54_83_5522,1033
93.0,128.0,36.0,8045.0,267.0,-81.0,348.0,175.0,-14.0,193.0,-14.0,1234.0,127.0,83.0,13.0,364.0,268.0,360.0,268.0,39.000251,-79.714087,1035,54_83_8050,1034
82.0,118.0,34.0,7926.0,247.0,-92.0,339.0,162.0,-26.0,179.0,-26.0,1288.0,129.0,90.0,10.0,365.0,286.0,358.0,286.0,38.742048,-79.715174,1036,54_83_8099,1035
73.0,113.0,33.0,7899.0,235.0,-99.0,334.0,153.0,-34.0,169.0,-34.0,1385.0,135.0,100.0,8.0,384.0,315.0,375.0,315.0,38.680838,-79.73029,1037,54_83_8104,1036
75.0,114.0,34.0,7903.0,237.0,-98.0,335.0,155.0,-32.0,171.0,-32.0,1432.0,142.0,103.0,9.0,400.0,329.0,391.0,329.0,38.742985,-79.846197,1038,54_83_8107,1037
76.0,114.0,34.0,7916.0,237.0,-97.0,334.0,157.0,88.0,173.0,-31.0,1447.0,144.0,105.0,9.0,403.0,334.0,394.0,334.0,38.69548,-79.885908,1039,54_83_8135,1038
73.0,111.0,33.0,7883.0,233.0,-100.0,333.0,154.0,-34.0,169.0,-34.0,1473.0,145.0,108.0,8.0,408.0,342.0,397.0,342.0,38.595265,-79.91061,1040,54_83_8137,1039
72.0,110.0,33.0,7860.0,229.0,-100.0,329.0,152.0,83.0,167.0,-35.0,1543.0,153.0,115.0,9.0,427.0,354.0,415.0,362.0,38.469951,-80.15263,1041,54_83_8152,1040
94.0,128.0,36.0,8107.0,269.0,-81.0,350.0,176.0,105.0,195.0,-14.0,1267.0,130.0,85.0,13.0,373.0,278.0,368.0,280.0,39.113719,-79.740412,1042,54_93_5710,1041
89.0,126.0,36.0,8004.0,261.0,-85.0,346.0,169.0,-19.0,188.0,-19.0,1275.0,129.0,87.0,13.0,372.0,282.0,366.0,282.0,39.050219,-79.659591,1043,54_93_5715,1042
72.0,117.0,34.0,7982.0,240.0,-100.0,340.0,153.0,-36.0,170.0,-36.0,1375.0,132.0,97.0,10.0,387.0,313.0,377.0,313.0,39.070082,-79.515645,1044,54_93_8316,1043
89.0,124.0,35.0,8110.0,261.0,-86.0,347.0,171.0,100.0,189.0,-20.0,1320.0,134.0,89.0,13.0,385.0,290.0,379.0,296.0,39.126037,-79.822962,1045,54_93_8324,1044
86.0,124.0,35.0,8025.0,257.0,-88.0,345.0,167.0,98.0,185.0,-22.0,1304.0,131.0,90.0,12.0,378.0,288.0,372.0,292.0,39.073874,-79.680889,1046,54_93_8327,1045
75.0,120.0,35.0,7961.0,245.0,-97.0,342.0,156.0,-32.0,173.0,-32.0,1306.0,126.0,91.0,10.0,370.0,292.0,360.0,292.0,39.070642,-79.375534,1047,54_93_8330,1046
73.0,117.0,34.0,7917.0,240.0,-99.0,339.0,153.0,-34.0,170.0,-34.0,1314.0,126.0,92.0,9.0,370.0,293.0,360.0,293.0,38.988201,-79.399556,1048,54_93_8811,1047
107.0,133.0,38.0,7803.0,280.0,-66.0,346.0,186.0,2.0,204.0,2.0,977.0,101.0,68.0,12.0,281.0,206.0,275.0,206.0,37.52006,-80.387213,1049,54_63_385,1048
89.0,124.0,36.0,7866.0,255.0,-87.0,342.0,170.0,100.0,186.0,-18.0,1338.0,144.0,95.0,12.0,387.0,300.0,382.0,300.0,38.239748,-80.540521,1050,54_67_5055,1049
94.0,128.0,36.0,7900.0,263.0,-84.0,347.0,175.0,-13.0,191.0,-13.0,1309.0,144.0,91.0,13.0,383.0,289.0,380.0,289.0,38.251033,-80.576299,1051,54_67_8764,1050
79.0,116.0,34.0,7932.0,245.0,-94.0,339.0,159.0,-28.0,177.0,-28.0,1221.0,120.0,84.0,10.0,344.0,264.0,336.0,264.0,38.722379,-79.50552,1052,54_71_7742,1051
103.0,133.0,37.0,7941.0,280.0,-74.0,354.0,183.0,-4.0,202.0,-4.0,943.0,98.0,59.0,16.0,277.0,181.0,275.0,181.0,38.618358,-79.196322,1053,54_71_7756,1052
102.0,133.0,37.0,7901.0,279.0,-74.0,353.0,182.0,-4.0,201.0,-4.0,955.0,99.0,60.0,15.0,279.0,184.0,276.0,184.0,38.538043,-79.262285,1054,54_71_7762,1053
93.0,126.0,36.0,7915.0,266.0,-81.0,347.0,174.0,-13.0,192.0,-13.0,1048.0,104.0,69.0,12.0,296.0,212.0,290.0,212.0,38.451801,-79.276124,1055,54_71_7767,1054
75.0,114.0,34.0,7908.0,236.0,-98.0,334.0,155.0,-32.0,171.0,-32.0,1410.0,139.0,102.0,9.0,393.0,323.0,384.0,323.0,38.694486,-79.80148,1056,54_75_5179,1055
82.0,119.0,35.0,7901.0,247.0,-93.0,340.0,162.0,-25.0,179.0,-25.0,1320.0,133.0,94.0,9.0,371.0,297.0,363.0,297.0,38.598299,-79.81214,1057,54_75_5181,1056
82.0,119.0,35.0,7889.0,247.0,-93.0,340.0,161.0,-25.0,179.0,-25.0,1257.0,125.0,89.0,9.0,351.0,279.0,343.0,279.0,38.519056,-79.708433,1058,54_75_5184,1057
70.0,111.0,33.0,7818.0,230.0,-100.0,330.0,150.0,-36.0,166.0,-36.0,1397.0,134.0,102.0,8.0,382.0,315.0,370.0,315.0,38.382437,-79.7415,1059,54_75_5187,1058
93.0,129.0,37.0,7943.0,263.0,-85.0,348.0,173.0,-14.0,191.0,-14.0,1219.0,128.0,85.0,11.0,347.0,269.0,340.0,269.0,38.386837,-79.904614,1060,54_75_5199,1059
75.0,113.0,34.0,7844.0,234.0,-97.0,331.0,155.0,87.0,170.0,-32.0,1473.0,146.0,109.0,9.0,407.0,342.0,396.0,342.0,38.376393,-80.083071,1061,54_75_5205,1060
89.0,126.0,36.0,7894.0,257.0,-88.0,345.0,169.0,-18.0,186.0,-18.0,1268.0,130.0,91.0,10.0,355.0,286.0,346.0,286.0,38.270234,-79.988791,1062,54_75_5217,1061
97.0,133.0,37.0,7990.0,270.0,-83.0,353.0,177.0,-11.0,195.0,-11.0,1199.0,127.0,83.0,11.0,342.0,264.0,336.0,264.0,38.330157,-79.980768,1063,54_75_5225,1062
82.0,119.0,35.0,7854.0,245.0,-92.0,337.0,162.0,-25.0,178.0,-25.0,1397.0,142.0,102.0,10.0,390.0,321.0,380.0,321.0,38.307307,-80.121685,1064,54_75_5227,1063
90.0,123.0,35.0,8072.0,265.0,-85.0,350.0,173.0,-18.0,191.0,-18.0,1043.0,103.0,66.0,14.0,301.0,205.0,295.0,205.0,38.848145,-78.849589,1065,54_31_6915,1064
94.0,125.0,35.0,8187.0,271.0,-84.0,355.0,178.0,-16.0,196.0,-16.0,1005.0,101.0,63.0,15.0,294.0,194.0,288.0,194.0,38.953637,-78.692171,1066,54_31_6886,1065
97.0,130.0,36.0,8003.0,274.0,-78.0,352.0,179.0,-10.0,197.0,-10.0,981.0,100.0,62.0,15.0,287.0,190.0,284.0,190.0,38.726528,-79.102897,1067,54_71_5095,1066
77.0,114.0,34.0,7876.0,241.0,-94.0,335.0,157.0,-29.0,174.0,-29.0,1220.0,115.0,84.0,10.0,335.0,258.0,326.0,258.0,38.499175,-79.211273,1068,54_71_5140,1067
91.0,126.0,36.0,8151.0,267.0,-83.0,350.0,174.0,103.0,193.0,-18.0,1291.0,131.0,86.0,13.0,377.0,280.0,370.0,289.0,39.242322,-79.663765,1069,54_93_5686,1068
86.0,125.0,36.0,7986.0,258.0,-88.0,346.0,167.0,97.0,184.0,-22.0,1286.0,129.0,88.0,12.0,373.0,286.0,366.0,286.0,39.072409,-79.601955,1070,54_93_5701,1069
94.0,130.0,37.0,7966.0,266.0,-84.0,350.0,175.0,-14.0,192.0,-14.0,1220.0,127.0,86.0,11.0,345.0,271.0,338.0,271.0,38.280158,-79.996616,1071,54_75_3599,1070
97.0,132.0,37.0,8028.0,274.0,-79.0,353.0,178.0,-11.0,197.0,-11.0,1032.0,107.0,66.0,15.0,306.0,207.0,302.0,207.0,38.971637,-79.248481,1072,54_23_6676,1071
91.0,126.0,36.0,7892.0,257.0,-86.0,343.0,172.0,101.0,188.0,-16.0,1364.0,148.0,96.0,13.0,395.0,306.0,390.0,306.0,38.310065,-80.485003,1073,54_101_5882,1072
95.0,128.0,36.0,7905.0,262.0,-84.0,346.0,175.0,-13.0,191.0,-13.0,1367.0,150.0,95.0,13.0,399.0,304.0,394.0,304.0,38.388939,-80.467686,1074,54_101_6206,1073
86.0,121.0,35.0,7876.0,248.0,-90.0,338.0,166.0,97.0,181.0,-22.0,1439.0,151.0,104.0,11.0,407.0,324.0,399.0,332.0,38.374625,-80.324635,1075,54_101_8492,1074
80.0,117.0,35.0,7830.0,240.0,-94.0,334.0,160.0,91.0,175.0,-27.0,1442.0,149.0,105.0,10.0,407.0,327.0,398.0,331.0,38.296845,-80.376416,1076,54_101_8497,1075
105.0,132.0,38.0,7772.0,277.0,-67.0,344.0,184.0,1.0,202.0,1.0,995.0,102.0,69.0,12.0,286.0,209.0,279.0,209.0,37.534039,-80.345076,1077,54_63_4952,1076
97.0,126.0,37.0,7676.0,264.0,-73.0,337.0,175.0,-6.0,192.0,-6.0,1061.0,107.0,73.0,12.0,302.0,222.0,292.0,222.0,37.472812,-80.390896,1078,54_63_4956,1077
89.0,124.0,36.0,7855.0,254.0,-88.0,342.0,169.0,99.0,185.0,-18.0,1348.0,145.0,96.0,12.0,389.0,303.0,383.0,303.0,38.246494,-80.48544,1079,54_67_5049,1078
94.0,128.0,36.0,7883.0,262.0,-84.0,346.0,174.0,-14.0,190.0,-14.0,1323.0,145.0,92.0,13.0,386.0,293.0,382.0,293.0,38.278392,-80.526355,1080,54_67_7678,1079
99.0,133.0,37.0,8057.0,277.0,-77.0,354.0,181.0,-9.0,200.0,-9.0,1037.0,108.0,66.0,15.0,308.0,209.0,304.0,209.0,38.942415,-79.308893,1081,54_23_4055,1080
79.0,116.0,34.0,7930.0,243.0,-95.0,338.0,159.0,-28.0,176.0,-28.0,1258.0,124.0,88.0,9.0,352.0,277.0,344.0,277.0,38.635506,-79.619285,1082,54_71_5126,1081
79.0,116.0,34.0,7927.0,243.0,-95.0,338.0,159.0,-28.0,176.0,-28.0,1342.0,134.0,95.0,10.0,378.0,302.0,370.0,302.0,38.725624,-79.757646,1083,54_75_5172,1082
78.0,116.0,34.0,7886.0,240.0,-96.0,336.0,158.0,-29.0,174.0,-29.0,1335.0,132.0,95.0,9.0,373.0,301.0,364.0,301.0,38.643686,-79.736774,1084,54_75_5174,1083
87.0,123.0,35.0,7907.0,254.0,-88.0,342.0,167.0,-20.0,184.0,-20.0,1261.0,129.0,89.0,10.0,356.0,281.0,348.0,281.0,38.476363,-79.834545,1085,54_75_5193,1084
94.0,129.0,36.0,7929.0,265.0,-84.0,349.0,174.0,-13.0,192.0,-13.0,1194.0,125.0,82.0,11.0,340.0,261.0,334.0,261.0,38.412873,-79.86409,1086,54_75_5197,1085
85.0,121.0,35.0,7856.0,249.0,-91.0,340.0,164.0,-22.0,180.0,-22.0,1371.0,140.0,100.0,10.0,383.0,315.0,374.0,315.0,38.343986,-80.065208,1087,54_75_5209,1086
75.0,113.0,34.0,7843.0,234.0,-97.0,331.0,156.0,87.0,171.0,-31.0,1475.0,148.0,109.0,9.0,409.0,341.0,399.0,342.0,38.334419,-80.163378,1088,54_75_5211,1087
76.0,114.0,34.0,7831.0,235.0,-96.0,331.0,156.0,87.0,171.0,-30.0,1459.0,148.0,108.0,10.0,408.0,334.0,398.0,337.0,38.280819,-80.29436,1089,54_75_5232,1088
73.0,112.0,33.0,7793.0,232.0,-98.0,330.0,153.0,-33.0,168.0,-33.0,1452.0,146.0,107.0,9.0,405.0,333.0,393.0,333.0,38.20472,-80.303987,1090,54_75_5238,1089
94.0,131.0,37.0,7910.0,266.0,-82.0,348.0,174.0,-13.0,192.0,-13.0,1179.0,120.0,84.0,10.0,330.0,262.0,323.0,262.0,38.102035,-80.029024,1091,54_75_5250,1090
81.0,119.0,35.0,7871.0,246.0,-92.0,338.0,161.0,-26.0,177.0,-26.0,1287.0,127.0,92.0,9.0,356.0,288.0,347.0,288.0,38.406301,-79.760529,1092,54_75_6152,1091
83.0,119.0,35.0,7849.0,244.0,-93.0,337.0,163.0,94.0,178.0,-24.0,1440.0,148.0,105.0,10.0,404.0,327.0,395.0,334.0,38.347473,-80.241973,1093,54_75_6157,1092
66.0,107.0,32.0,7846.0,223.0,-104.0,327.0,146.0,-41.0,161.0,-41.0,1512.0,146.0,111.0,8.0,415.0,348.0,403.0,348.0,38.495886,-79.909121,1094,54_75_7813,1093
79.0,116.0,34.0,7893.0,241.0,-95.0,336.0,159.0,-28.0,175.0,-28.0,1375.0,137.0,99.0,9.0,383.0,314.0,374.0,314.0,38.582438,-79.847552,1095,54_75_7817,1094
95.0,130.0,37.0,7959.0,270.0,-80.0,350.0,176.0,-12.0,194.0,-12.0,1059.0,110.0,68.0,14.0,312.0,215.0,309.0,215.0,38.874915,-79.367053,1096,54_71_7711,1095
93.0,127.0,36.0,7958.0,265.0,-83.0,348.0,173.0,-14.0,192.0,-14.0,1071.0,110.0,70.0,13.0,312.0,219.0,308.0,219.0,38.734019,-79.463646,1097,54_71_7738,1096
78.0,116.0,34.0,7874.0,242.0,-95.0,337.0,158.0,-29.0,175.0,-29.0,1306.0,129.0,93.0,9.0,363.0,292.0,355.0,292.0,38.561169,-79.711199,1098,54_75_7807,1097
88.0,124.0,35.0,7924.0,256.0,-89.0,345.0,169.0,-19.0,185.0,-19.0,1269.0,130.0,90.0,10.0,356.0,284.0,348.0,284.0,38.372306,-79.89755,1099,54_75_7826,1098
69.0,109.0,33.0,7850.0,226.0,-102.0,328.0,150.0,-37.0,165.0,-37.0,1518.0,150.0,113.0,8.0,419.0,352.0,407.0,352.0,38.364793,-80.157563,1100,54_75_7834,1099
82.0,117.0,34.0,7869.0,242.0,-93.0,335.0,162.0,92.0,177.0,-26.0,1464.0,150.0,107.0,10.0,410.0,332.0,401.0,340.0,38.3544,-80.299846,1101,54_75_7838,1100
89.0,126.0,36.0,7923.0,258.0,-86.0,344.0,169.0,-18.0,187.0,-18.0,1227.0,124.0,87.0,9.0,342.0,273.0,333.0,273.0,38.289521,-79.850086,1102,54_75_7843,1101
96.0,133.0,37.0,7989.0,269.0,-84.0,353.0,177.0,-12.0,194.0,-12.0,1186.0,123.0,84.0,11.0,335.0,264.0,328.0,264.0,38.215397,-80.033902,1103,54_75_7848,1102
82.0,118.0,35.0,7857.0,243.0,-93.0,336.0,162.0,92.0,177.0,-25.0,1415.0,144.0,104.0,10.0,394.0,325.0,385.0,327.0,38.29978,-80.199624,1104,54_75_7857,1103
77.0,114.0,34.0,7840.0,236.0,-96.0,332.0,158.0,88.0,173.0,-29.0,1460.0,149.0,108.0,10.0,409.0,333.0,399.0,338.0,38.293325,-80.347044,1105,54_75_7858,1104
78.0,116.0,34.0,7838.0,240.0,-94.0,334.0,159.0,-28.0,174.0,-28.0,1412.0,143.0,104.0,9.0,394.0,324.0,384.0,324.0,38.221629,-80.246782,1106,54_75_7864,1105
93.0,130.0,37.0,7935.0,264.0,-84.0,348.0,173.0,-15.0,191.0,-15.0,1204.0,124.0,86.0,10.0,338.0,269.0,331.0,269.0,38.122814,-80.094595,1107,54_75_7878,1106
82.0,118.0,35.0,7912.0,245.0,-92.0,337.0,162.0,-26.0,178.0,-26.0,1339.0,135.0,95.0,10.0,377.0,302.0,370.0,302.0,38.661992,-79.814138,1108,54_75_8768,1107
85.0,123.0,35.0,7977.0,255.0,-89.0,344.0,166.0,-22.0,184.0,-22.0,1191.0,119.0,81.0,11.0,343.0,257.0,337.0,257.0,38.870711,-79.484798,1109,54_71_5089,1108
74.0,113.0,33.0,7909.0,238.0,-98.0,336.0,154.0,-33.0,171.0,-33.0,1311.0,127.0,93.0,9.0,365.0,292.0,356.0,292.0,38.701034,-79.57057,1110,54_71_5124,1109
74.0,116.0,34.0,7978.0,240.0,-98.0,338.0,156.0,87.0,172.0,-34.0,1390.0,136.0,98.0,10.0,393.0,317.0,384.0,317.0,38.98216,-79.682555,1111,54_83_5434,1110
92.0,128.0,36.0,8011.0,267.0,-82.0,349.0,174.0,-15.0,192.0,-15.0,1196.0,123.0,80.0,13.0,351.0,258.0,347.0,258.0,38.966049,-79.602353,1112,54_83_5435,1111
81.0,119.0,34.0,7953.0,248.0,-93.0,341.0,162.0,-26.0,179.0,-26.0,1278.0,127.0,89.0,10.0,364.0,284.0,357.0,284.0,38.853701,-79.639732,1113,54_83_5442,1112
75.0,115.0,34.0,7942.0,240.0,-98.0,338.0,155.0,-33.0,172.0,-33.0,1296.0,126.0,91.0,9.0,364.0,287.0,355.0,287.0,38.796904,-79.516899,1114,54_83_5478,1113
80.0,117.0,34.0,7910.0,245.0,-94.0,339.0,160.0,-27.0,177.0,-27.0,1298.0,129.0,91.0,10.0,367.0,289.0,360.0,289.0,38.799668,-79.667355,1115,54_83_5479,1114
85.0,120.0,35.0,7907.0,249.0,-90.0,339.0,165.0,-23.0,181.0,-23.0,1350.0,138.0,95.0,11.0,384.0,305.0,378.0,305.0,38.744046,-79.883232,1116,54_83_5496,1115
89.0,123.0,35.0,7889.0,254.0,-88.0,342.0,169.0,-18.0,185.0,-18.0,1327.0,139.0,92.0,11.0,381.0,297.0,376.0,297.0,38.666881,-79.927396,1117,54_83_5504,1116
77.0,113.0,33.0,7871.0,236.0,-97.0,333.0,157.0,89.0,172.0,-30.0,1536.0,154.0,113.0,9.0,426.0,349.0,415.0,362.0,38.489489,-80.167689,1118,54_83_6178,1117
83.0,120.0,35.0,7941.0,250.0,-91.0,341.0,163.0,-24.0,181.0,-24.0,1244.0,125.0,85.0,11.0,356.0,272.0,350.0,272.0,38.809897,-79.628391,1119,54_83_8067,1118
78.0,116.0,34.0,7932.0,242.0,-95.0,337.0,158.0,-29.0,175.0,-29.0,1271.0,125.0,89.0,10.0,358.0,280.0,350.0,280.0,38.740642,-79.599332,1120,54_83_8100,1119
79.0,121.0,35.0,7967.0,249.0,-94.0,343.0,159.0,91.0,177.0,-29.0,1343.0,131.0,93.0,11.0,383.0,301.0,373.0,304.0,39.100658,-79.518951,1121,54_93_5698,1120
72.0,116.0,34.0,7948.0,239.0,-101.0,340.0,152.0,-36.0,169.0,-36.0,1326.0,127.0,93.0,9.0,373.0,296.0,363.0,296.0,39.017446,-79.383202,1122,54_93_5717,1121
101.0,131.0,36.0,8216.0,280.0,-75.0,355.0,185.0,-8.0,204.0,-8.0,1223.0,127.0,82.0,14.0,364.0,267.0,357.0,267.0,39.126345,-79.690501,1123,54_93_6194,1122
91.0,127.0,36.0,8031.0,264.0,-83.0,347.0,173.0,-16.0,191.0,-16.0,1257.0,129.0,85.0,13.0,369.0,276.0,364.0,276.0,39.03468,-79.705927,1124,54_93_6195,1123
69.0,115.0,33.0,7992.0,237.0,-103.0,340.0,151.0,-39.0,167.0,-39.0,1374.0,131.0,97.0,9.0,386.0,311.0,376.0,311.0,39.106089,-79.427582,1125,54_93_8311,1124
68.0,114.0,33.0,7974.0,235.0,-103.0,338.0,149.0,-40.0,166.0,-40.0,1340.0,127.0,94.0,9.0,376.0,298.0,365.0,298.0,39.038128,-79.323206,1126,54_93_8331,1125
71.0,115.0,34.0,7954.0,237.0,-101.0,338.0,151.0,-37.0,168.0,-37.0,1324.0,126.0,93.0,9.0,371.0,294.0,361.0,294.0,38.970573,-79.363756,1127,54_93_8334,1126
83.0,122.0,35.0,7958.0,253.0,-91.0,344.0,163.0,-25.0,181.0,-25.0,1309.0,130.0,90.0,11.0,376.0,293.0,369.0,293.0,39.026859,-79.62377,1128,54_93_8335,1127
98.0,130.0,36.0,8153.0,275.0,-78.0,353.0,180.0,109.0,200.0,-11.0,1250.0,129.0,84.0,14.0,370.0,275.0,364.0,275.0,39.117055,-79.767244,1129,54_93_8809,1128
90.0,124.0,36.0,7900.0,255.0,-88.0,343.0,170.0,101.0,186.0,-18.0,1390.0,149.0,99.0,12.0,399.0,312.0,393.0,315.0,38.341284,-80.413815,1130,54_101_5878,1129
96.0,128.0,36.0,7917.0,265.0,-83.0,348.0,176.0,-12.0,193.0,-12.0,1358.0,150.0,93.0,14.0,398.0,299.0,395.0,299.0,38.384051,-80.547999,1131,54_101_5891,1130
81.0,117.0,34.0,7850.0,242.0,-93.0,335.0,161.0,92.0,176.0,-26.0,1424.0,148.0,104.0,11.0,404.0,322.0,395.0,326.0,38.268009,-80.433457,1132,54_101_6207,1131
90.0,124.0,36.0,7876.0,255.0,-87.0,342.0,171.0,101.0,186.0,-17.0,1411.0,152.0,100.0,12.0,407.0,316.0,401.0,319.0,38.392559,-80.4586,1133,54_101_8493,1132
79.0,118.0,34.0,7937.0,247.0,-94.0,341.0,159.0,-28.0,177.0,-28.0,1200.0,117.0,82.0,10.0,340.0,257.0,332.0,257.0,38.812141,-79.335315,1134,54_71_5101,1133
89.0,124.0,35.0,7921.0,260.0,-86.0,346.0,169.0,-17.0,188.0,-17.0,1069.0,108.0,70.0,12.0,307.0,219.0,302.0,219.0,38.667823,-79.404416,1135,54_71_5116,1134
72.0,113.0,33.0,7924.0,235.0,-100.0,335.0,153.0,-35.0,169.0,-35.0,1328.0,128.0,94.0,9.0,369.0,295.0,360.0,295.0,38.740887,-79.538523,1136,54_71_5123,1135
78.0,115.0,34.0,7915.0,242.0,-95.0,337.0,158.0,-29.0,175.0,-29.0,1261.0,123.0,88.0,9.0,353.0,277.0,345.0,277.0,38.667396,-79.583035,1137,54_71_5125,1136
70.0,111.0,33.0,7892.0,232.0,-101.0,333.0,151.0,-36.0,167.0,-36.0,1368.0,131.0,98.0,8.0,377.0,307.0,367.0,307.0,38.616711,-79.620045,1138,54_71_5128,1137
74.0,115.0,34.0,7922.0,240.0,-97.0,337.0,155.0,-33.0,172.0,-33.0,1302.0,126.0,91.0,9.0,365.0,288.0,357.0,288.0,38.816125,-79.522159,1139,54_71_7716,1138
73.0,113.0,33.0,7915.0,236.0,-99.0,335.0,153.0,-34.0,170.0,-34.0,1334.0,129.0,95.0,8.0,370.0,298.0,361.0,298.0,38.684375,-79.592139,1140,54_71_7751,1139
98.0,134.0,38.0,7980.0,272.0,-80.0,352.0,178.0,-10.0,196.0,-10.0,1135.0,117.0,81.0,11.0,320.0,251.0,313.0,251.0,38.048132,-80.093401,1141,54_25_4080,1140
103.0,139.0,38.0,8018.0,280.0,-78.0,358.0,184.0,-5.0,202.0,-5.0,1097.0,116.0,77.0,12.0,315.0,241.0,311.0,241.0,38.041212,-80.239063,1142,54_25_4091,1141
92.0,129.0,37.0,7874.0,262.0,-84.0,346.0,172.0,-15.0,189.0,-15.0,1177.0,122.0,85.0,11.0,334.0,263.0,328.0,263.0,37.980774,-80.25736,1143,54_25_4093,1142
95.0,131.0,37.0,7893.0,266.0,-81.0,347.0,175.0,-12.0,192.0,-12.0,1122.0,116.0,81.0,11.0,320.0,248.0,314.0,248.0,37.894853,-80.28518,1144,54_25_4096,1143
99.0,134.0,38.0,7933.0,273.0,-78.0,351.0,180.0,-7.0,198.0,-7.0,1094.0,112.0,78.0,11.0,309.0,240.0,304.0,240.0,37.90513,-80.15977,1145,54_25_4138,1144
80.0,117.0,34.0,7887.0,244.0,-93.0,337.0,160.0,-27.0,177.0,-27.0,1329.0,133.0,95.0,9.0,372.0,300.0,364.0,300.0,38.610187,-79.784198,1146,54_75_5177,1145
81.0,118.0,35.0,7890.0,244.0,-93.0,337.0,162.0,-26.0,178.0,-26.0,1404.0,142.0,103.0,9.0,390.0,324.0,380.0,324.0,38.305845,-80.104198,1147,54_75_5212,1146
77.0,115.0,34.0,7806.0,238.0,-95.0,333.0,157.0,88.0,173.0,-29.0,1426.0,144.0,105.0,10.0,398.0,328.0,388.0,328.0,38.229649,-80.273984,1148,54_75_5235,1147
73.0,112.0,33.0,7873.0,233.0,-99.0,332.0,154.0,-34.0,169.0,-34.0,1481.0,146.0,109.0,8.0,408.0,343.0,397.0,343.0,38.4609,-79.985509,1149,54_75_6155,1148
70.0,110.0,33.0,7870.0,229.0,-102.0,331.0,150.0,-37.0,165.0,-37.0,1469.0,143.0,107.0,8.0,406.0,338.0,395.0,338.0,38.622964,-79.843057,1150,54_75_7806,1149
80.0,118.0,34.0,7895.0,245.0,-93.0,338.0,160.0,-27.0,177.0,-27.0,1261.0,124.0,89.0,9.0,351.0,279.0,342.0,279.0,38.532633,-79.677103,1151,54_75_7809,1150
78.0,115.0,34.0,7827.0,238.0,-95.0,333.0,158.0,89.0,173.0,-29.0,1459.0,146.0,108.0,9.0,403.0,337.0,393.0,340.0,38.380713,-80.096455,1152,54_75_7831,1151
79.0,116.0,34.0,7842.0,240.0,-94.0,334.0,159.0,-28.0,174.0,-28.0,1427.0,143.0,105.0,9.0,395.0,330.0,385.0,330.0,38.316241,-80.108791,1153,54_75_7837,1152
79.0,116.0,34.0,7834.0,239.0,-95.0,334.0,159.0,90.0,174.0,-28.0,1466.0,150.0,108.0,10.0,410.0,334.0,400.0,340.0,38.33051,-80.291292,1154,54_75_7856,1153
82.0,118.0,35.0,7868.0,244.0,-93.0,337.0,162.0,92.0,178.0,-25.0,1378.0,142.0,101.0,10.0,388.0,315.0,380.0,315.0,38.179103,-80.359624,1155,54_75_7867,1154
93.0,131.0,37.0,7946.0,265.0,-84.0,349.0,174.0,-14.0,191.0,-14.0,1193.0,123.0,85.0,10.0,335.0,266.0,328.0,266.0,38.114646,-80.077025,1156,54_75_7881,1155
74.0,112.0,33.0,7859.0,233.0,-99.0,332.0,153.0,-33.0,169.0,-33.0,1439.0,141.0,106.0,8.0,396.0,331.0,385.0,331.0,38.478555,-79.898674,1157,54_75_8770,1156
86.0,124.0,35.0,8107.0,260.0,-88.0,348.0,168.0,99.0,187.0,-23.0,1287.0,130.0,87.0,13.0,374.0,279.0,367.0,288.0,39.271023,-79.563712,1158,54_77_5316,1157
84.0,124.0,35.0,7961.0,256.0,-90.0,346.0,165.0,-23.0,182.0,-23.0,1155.0,114.0,78.0,11.0,332.0,245.0,325.0,245.0,38.970653,-79.250526,1159,54_23_4052,1158
92.0,128.0,36.0,8002.0,265.0,-83.0,348.0,173.0,-16.0,191.0,-16.0,1201.0,123.0,80.0,13.0,353.0,259.0,348.0,259.0,38.979043,-79.588006,1160,54_83_5431,1159
89.0,125.0,36.0,7955.0,258.0,-85.0,343.0,169.0,-18.0,187.0,-18.0,1256.0,129.0,85.0,12.0,365.0,275.0,362.0,275.0,38.903279,-79.750454,1161,54_83_5456,1160
79.0,116.0,34.0,7911.0,243.0,-95.0,338.0,159.0,-28.0,176.0,-28.0,1300.0,129.0,92.0,9.0,365.0,290.0,357.0,290.0,38.686626,-79.697343,1162,54_83_5487,1161
83.0,119.0,35.0,7919.0,246.0,-92.0,338.0,163.0,-25.0,179.0,-25.0,1359.0,138.0,96.0,10.0,386.0,308.0,379.0,308.0,38.747845,-79.850787,1163,54_83_5489,1162
75.0,113.0,33.0,7898.0,236.0,-98.0,334.0,156.0,87.0,171.0,-32.0,1451.0,144.0,105.0,9.0,405.0,335.0,395.0,335.0,38.705356,-79.876058,1164,54_83_5514,1163
73.0,111.0,33.0,7883.0,233.0,-100.0,333.0,154.0,-34.0,169.0,-34.0,1473.0,145.0,108.0,8.0,408.0,342.0,397.0,342.0,38.593501,-79.912863,1165,54_83_5517,1164
97.0,131.0,37.0,7967.0,268.0,-80.0,348.0,178.0,-10.0,196.0,-10.0,1202.0,129.0,78.0,14.0,356.0,254.0,356.0,254.0,38.783066,-79.886095,1166,54_83_8090,1165
81.0,118.0,34.0,7940.0,246.0,-93.0,339.0,162.0,-26.0,179.0,-26.0,1297.0,130.0,91.0,10.0,368.0,289.0,361.0,289.0,38.760593,-79.712638,1167,54_83_8098,1166
69.0,114.0,33.0,7926.0,236.0,-102.0,338.0,149.0,-39.0,166.0,-39.0,1347.0,128.0,95.0,9.0,378.0,302.0,368.0,302.0,39.050442,-79.364127,1168,54_93_5716,1167
73.0,117.0,34.0,7973.0,242.0,-99.0,341.0,154.0,-35.0,171.0,-35.0,1376.0,133.0,97.0,10.0,389.0,313.0,379.0,313.0,39.07304,-79.525689,1169,54_93_6192,1168
94.0,127.0,36.0,8138.0,269.0,-81.0,350.0,176.0,105.0,195.0,-15.0,1277.0,131.0,86.0,13.0,376.0,279.0,369.0,283.0,39.155514,-79.70453,1170,54_93_8322,1169
83.0,119.0,35.0,7860.0,245.0,-92.0,337.0,163.0,94.0,179.0,-24.0,1424.0,149.0,103.0,11.0,404.0,322.0,396.0,326.0,38.301091,-80.406115,1171,54_101_5881,1170
93.0,126.0,36.0,7918.0,259.0,-85.0,344.0,173.0,-15.0,189.0,-15.0,1378.0,150.0,96.0,13.0,400.0,308.0,396.0,308.0,38.372534,-80.505614,1172,54_101_5890,1171
92.0,126.0,36.0,7911.0,259.0,-85.0,344.0,172.0,-16.0,189.0,-16.0,1357.0,148.0,95.0,13.0,395.0,303.0,390.0,303.0,38.315414,-80.514238,1173,54_101_5892,1172
98.0,134.0,38.0,7977.0,272.0,-80.0,352.0,179.0,-10.0,196.0,-10.0,1124.0,117.0,80.0,11.0,319.0,248.0,314.0,248.0,37.99818,-80.199709,1174,54_25_4092,1173
97.0,133.0,37.0,7935.0,271.0,-80.0,351.0,177.0,-10.0,195.0,-10.0,1132.0,116.0,81.0,11.0,318.0,250.0,312.0,250.0,37.999241,-80.112879,1175,54_25_6705,1174
105.0,139.0,38.0,8005.0,283.0,-74.0,357.0,186.0,-2.0,205.0,-2.0,1059.0,111.0,74.0,12.0,303.0,230.0,298.0,230.0,37.954607,-80.155121,1176,54_25_6710,1175
97.0,134.0,38.0,7913.0,270.0,-80.0,350.0,177.0,-10.0,195.0,-10.0,1108.0,117.0,79.0,12.0,318.0,245.0,314.0,245.0,37.949392,-80.314749,1177,54_25_6730,1176
100.0,134.0,38.0,7923.0,274.0,-76.0,350.0,181.0,-7.0,198.0,-7.0,1076.0,111.0,77.0,11.0,306.0,235.0,301.0,235.0,37.858519,-80.208077,1178,54_25_6764,1177
94.0,128.0,36.0,7869.0,262.0,-84.0,346.0,174.0,-13.0,190.0,-13.0,1307.0,144.0,91.0,14.0,383.0,288.0,379.0,288.0,38.247311,-80.570481,1179,54_67_5054,1178
79.0,116.0,34.0,7842.0,240.0,-94.0,334.0,159.0,89.0,174.0,-28.0,1414.0,145.0,104.0,10.0,398.0,323.0,388.0,324.0,38.210925,-80.379146,1180,54_25_6684,1179
95.0,132.0,37.0,7920.0,268.0,-82.0,350.0,175.0,-12.0,193.0,-12.0,1136.0,117.0,81.0,11.0,322.0,251.0,316.0,251.0,37.957171,-80.192287,1181,54_25_6708,1180
95.0,130.0,37.0,7848.0,267.0,-78.0,345.0,175.0,-10.0,193.0,-10.0,1106.0,113.0,80.0,11.0,313.0,243.0,307.0,243.0,37.826647,-80.21949,1182,54_25_6766,1181
88.0,122.0,35.0,7868.0,252.0,-88.0,340.0,168.0,98.0,183.0,-20.0,1379.0,148.0,98.0,12.0,397.0,310.0,391.0,311.0,38.28626,-80.492972,1183,54_67_7673,1182
80.0,120.0,35.0,7956.0,248.0,-94.0,342.0,160.0,-28.0,178.0,-28.0,1232.0,120.0,85.0,10.0,349.0,269.0,342.0,269.0,38.88473,-79.418379,1184,54_71_5088,1183
84.0,123.0,35.0,8058.0,256.0,-90.0,346.0,166.0,95.0,183.0,-25.0,1316.0,131.0,90.0,12.0,380.0,288.0,372.0,297.0,39.177442,-79.576488,1185,54_93_5689,1184
77.0,121.0,35.0,7968.0,247.0,-96.0,343.0,158.0,89.0,175.0,-31.0,1344.0,130.0,94.0,11.0,382.0,303.0,372.0,305.0,39.098611,-79.495258,1186,54_93_5699,1185
72.0,116.0,34.0,7986.0,239.0,-100.0,339.0,153.0,-36.0,170.0,-36.0,1319.0,126.0,92.0,9.0,371.0,293.0,361.0,293.0,39.01488,-79.357709,1187,54_93_5718,1186
89.0,126.0,36.0,8027.0,262.0,-85.0,347.0,171.0,-18.0,189.0,-18.0,1266.0,129.0,86.0,13.0,370.0,279.0,364.0,279.0,39.02362,-79.693133,1188,54_93_6196,1187
89.0,125.0,35.0,8134.0,263.0,-86.0,349.0,172.0,101.0,190.0,-20.0,1304.0,132.0,87.0,13.0,380.0,283.0,373.0,292.0,39.238887,-79.661639,1189,54_93_8297,1188
92.0,127.0,36.0,8067.0,266.0,-83.0,349.0,174.0,104.0,192.0,-16.0,1277.0,131.0,86.0,13.0,376.0,281.0,370.0,283.0,39.08875,-79.760155,1190,54_93_8326,1189
78.0,115.0,34.0,7835.0,238.0,-95.0,333.0,158.0,89.0,173.0,-29.0,1447.0,148.0,106.0,10.0,406.0,330.0,397.0,333.0,38.280366,-80.362219,1191,54_101_5895,1190
93.0,126.0,36.0,7918.0,259.0,-85.0,344.0,173.0,-15.0,189.0,-15.0,1378.0,150.0,96.0,13.0,400.0,308.0,396.0,308.0,38.372057,-80.501427,1192,54_101_6209,1191
93.0,127.0,36.0,7912.0,260.0,-86.0,346.0,173.0,103.0,189.0,-15.0,1349.0,146.0,95.0,12.0,390.0,303.0,385.0,303.0,38.313132,-80.431342,1193,54_101_8496,1192
93.0,129.0,37.0,7905.0,264.0,-83.0,347.0,174.0,-14.0,191.0,-14.0,1179.0,120.0,85.0,10.0,330.0,262.0,323.0,262.0,38.023216,-80.092148,1194,54_25_6702,1193
96.0,133.0,38.0,7920.0,269.0,-81.0,350.0,176.0,-11.0,194.0,-11.0,1127.0,118.0,81.0,12.0,322.0,251.0,317.0,251.0,37.973456,-80.278349,1195,54_25_6714,1194
99.0,133.0,37.0,7922.0,273.0,-78.0,351.0,180.0,-8.0,197.0,-8.0,1091.0,112.0,78.0,11.0,309.0,240.0,304.0,240.0,37.88965,-80.167582,1196,54_25_6762,1195
86.0,119.0,34.0,8083.0,257.0,-89.0,346.0,168.0,-23.0,186.0,-23.0,1082.0,107.0,69.0,13.0,312.0,214.0,304.0,214.0,38.925378,-78.767032,1197,54_31_6911,1196
82.0,118.0,34.0,7947.0,249.0,-92.0,341.0,162.0,-25.0,180.0,-25.0,1160.0,114.0,79.0,10.0,327.0,246.0,320.0,246.0,38.634545,-79.457441,1198,54_71_5118,1197
81.0,118.0,35.0,7828.0,242.0,-93.0,335.0,161.0,92.0,176.0,-26.0,1410.0,146.0,103.0,10.0,398.0,320.0,390.0,323.0,38.249196,-80.417341,1199,54_25_4061,1198
88.0,125.0,36.0,7843.0,256.0,-86.0,342.0,168.0,-18.0,184.0,-18.0,1237.0,125.0,90.0,10.0,345.0,278.0,337.0,278.0,38.04209,-80.126643,1200,54_25_4079,1199
97.0,132.0,37.0,7929.0,270.0,-79.0,349.0,177.0,-10.0,195.0,-10.0,1140.0,116.0,81.0,10.0,319.0,251.0,312.0,251.0,38.036771,-80.022088,1201,54_25_4081,1200
107.0,140.0,39.0,8021.0,285.0,-73.0,358.0,188.0,-1.0,206.0,-1.0,1041.0,110.0,73.0,12.0,299.0,227.0,295.0,227.0,37.918732,-80.233175,1202,54_25_4095,1201
92.0,128.0,37.0,7873.0,262.0,-82.0,344.0,172.0,-14.0,189.0,-14.0,1173.0,118.0,85.0,10.0,328.0,260.0,320.0,260.0,37.951967,-80.095627,1203,54_25_6709,1202
96.0,134.0,38.0,7931.0,269.0,-81.0,350.0,176.0,-11.0,194.0,-11.0,1133.0,119.0,81.0,12.0,324.0,252.0,319.0,252.0,37.997818,-80.275503,1204,54_25_6723,1203
97.0,132.0,37.0,7891.0,270.0,-78.0,348.0,178.0,-9.0,196.0,-9.0,1082.0,111.0,78.0,11.0,307.0,237.0,302.0,237.0,37.800123,-80.241051,1205,54_25_6768,1204
81.0,118.0,34.0,7924.0,248.0,-91.0,339.0,162.0,-26.0,179.0,-26.0,1203.0,119.0,82.0,10.0,342.0,260.0,335.0,260.0,38.778498,-79.502395,1206,54_71_5122,1205
93.0,129.0,36.0,7934.0,268.0,-82.0,350.0,174.0,-13.0,192.0,-13.0,1044.0,107.0,67.0,14.0,305.0,210.0,301.0,210.0,38.836211,-79.279968,1207,54_71_5087,1206
81.0,117.0,34.0,7932.0,247.0,-93.0,340.0,162.0,-26.0,179.0,-26.0,1205.0,119.0,83.0,10.0,339.0,261.0,332.0,261.0,38.636712,-79.568293,1208,54_71_5127,1207
92.0,126.0,36.0,7896.0,259.0,-85.0,344.0,172.0,-15.0,189.0,-15.0,1338.0,146.0,94.0,13.0,389.0,298.0,385.0,298.0,38.278607,-80.575723,1209,54_67_5051,1208
99.0,131.0,37.0,7907.0,271.0,-79.0,350.0,179.0,-8.0,197.0,-8.0,1281.0,144.0,87.0,15.0,380.0,278.0,378.0,278.0,38.268965,-80.626926,1210,54_67_5053,1209
89.0,125.0,36.0,7936.0,258.0,-86.0,344.0,170.0,-18.0,187.0,-18.0,1198.0,123.0,82.0,11.0,342.0,260.0,336.0,260.0,38.553218,-79.757893,1211,54_75_5183,1210
76.0,113.0,34.0,7881.0,235.0,-97.0,332.0,156.0,-31.0,171.0,-31.0,1460.0,145.0,107.0,9.0,404.0,338.0,393.0,338.0,38.493865,-79.964238,1212,54_75_5190,1211
84.0,120.0,35.0,7878.0,246.0,-92.0,338.0,164.0,96.0,180.0,-23.0,1432.0,147.0,105.0,10.0,400.0,327.0,391.0,332.0,38.397371,-80.1372,1213,54_75_5204,1212
87.0,124.0,36.0,7873.0,253.0,-89.0,342.0,166.0,-20.0,183.0,-20.0,1287.0,131.0,93.0,10.0,359.0,291.0,350.0,291.0,38.17959,-80.063753,1214,54_75_5224,1213
94.0,130.0,37.0,7919.0,266.0,-82.0,348.0,174.0,-13.0,192.0,-13.0,1179.0,120.0,84.0,10.0,330.0,261.0,322.0,261.0,38.103204,-79.984404,1215,54_75_5251,1214
79.0,117.0,35.0,7834.0,240.0,-94.0,334.0,160.0,-27.0,175.0,-27.0,1400.0,142.0,103.0,9.0,391.0,321.0,381.0,321.0,38.203071,-80.247373,1216,54_75_6163,1215
81.0,118.0,35.0,7896.0,245.0,-92.0,337.0,161.0,-26.0,178.0,-26.0,1311.0,132.0,93.0,10.0,370.0,294.0,362.0,294.0,38.656025,-79.774882,1217,54_75_7801,1216
74.0,112.0,33.0,7848.0,232.0,-98.0,330.0,154.0,85.0,169.0,-33.0,1492.0,149.0,111.0,9.0,413.0,344.0,402.0,347.0,38.352388,-80.164815,1218,54_75_7836,1217
96.0,132.0,37.0,7934.0,268.0,-82.0,350.0,176.0,-11.0,194.0,-11.0,1185.0,125.0,82.0,11.0,339.0,259.0,332.0,259.0,38.36566,-79.914706,1219,54_75_7840,1218
81.0,118.0,35.0,7861.0,243.0,-93.0,336.0,162.0,92.0,177.0,-26.0,1446.0,148.0,106.0,10.0,404.0,330.0,395.0,335.0,38.332767,-80.254723,1220,54_75_7855,1219
70.0,110.0,33.0,7797.0,228.0,-100.0,328.0,150.0,-36.0,165.0,-36.0,1468.0,146.0,109.0,9.0,408.0,337.0,396.0,337.0,38.198204,-80.29073,1221,54_75_7865,1220
70.0,111.0,33.0,7825.0,231.0,-100.0,331.0,150.0,-36.0,166.0,-36.0,1395.0,134.0,102.0,8.0,381.0,315.0,370.0,315.0,38.399983,-79.731495,1222,54_75_8769,1221
90.0,123.0,36.0,7892.0,254.0,-87.0,341.0,171.0,101.0,186.0,-17.0,1430.0,154.0,101.0,12.0,411.0,321.0,405.0,324.0,38.428955,-80.431735,1223,54_101_5873,1222
82.0,123.0,35.0,8062.0,254.0,-91.0,345.0,164.0,93.0,181.0,-27.0,1315.0,130.0,90.0,12.0,378.0,287.0,370.0,297.0,39.228415,-79.522664,1224,54_77_5326,1223
82.0,117.0,34.0,8043.0,252.0,-91.0,343.0,164.0,-26.0,182.0,-26.0,1115.0,109.0,72.0,13.0,318.0,223.0,310.0,223.0,38.898677,-78.782117,1225,54_31_4292,1224
104.0,133.0,36.0,8298.0,287.0,-79.0,366.0,188.0,-7.0,208.0,-7.0,930.0,95.0,57.0,17.0,278.0,175.0,273.0,175.0,39.014464,-78.672668,1226,54_31_6883,1225
80.0,117.0,34.0,7920.0,248.0,-92.0,340.0,161.0,-26.0,178.0,-26.0,1163.0,111.0,79.0,11.0,324.0,242.0,316.0,242.0,38.624857,-79.150404,1227,54_71_7754,1226
91.0,124.0,35.0,7913.0,262.0,-83.0,345.0,171.0,-15.0,189.0,-15.0,1055.0,104.0,69.0,13.0,299.0,212.0,294.0,212.0,38.545132,-79.201182,1228,54_71_7760,1227
96.0,128.0,35.0,8149.0,274.0,-83.0,357.0,179.0,-13.0,197.0,-13.0,979.0,99.0,61.0,16.0,289.0,188.0,284.0,188.0,38.98301,-78.767449,1229,54_31_4264,1228
105.0,132.0,35.0,8375.0,289.0,-78.0,367.0,191.0,-7.0,211.0,-7.0,926.0,94.0,57.0,16.0,277.0,175.0,272.0,175.0,39.124096,-78.529474,1230,54_27_4202,1229
103.0,132.0,36.0,8327.0,286.0,-80.0,366.0,188.0,-8.0,208.0,-8.0,938.0,95.0,58.0,16.0,279.0,178.0,274.0,178.0,39.048386,-78.577324,1231,54_31_4251,1230
89.0,124.0,36.0,7889.0,255.0,-88.0,343.0,170.0,-18.0,186.0,-18.0,1358.0,146.0,96.0,12.0,392.0,305.0,386.0,305.0,38.274764,-80.515812,1232,54_67_5052,1231
102.0,133.0,37.0,7934.0,273.0,-78.0,351.0,182.0,-6.0,199.0,-6.0,1272.0,143.0,86.0,15.0,378.0,275.0,376.0,275.0,38.288649,-80.579354,1233,54_67_7677,1232
64.0,110.0,33.0,7937.0,227.0,-106.0,333.0,145.0,-43.0,162.0,-43.0,1392.0,132.0,99.0,8.0,387.0,312.0,376.0,312.0,38.929262,-79.403425,1234,54_83_5429,1233
90.0,125.0,36.0,7990.0,261.0,-85.0,346.0,170.0,-18.0,189.0,-18.0,1233.0,126.0,83.0,12.0,359.0,268.0,355.0,268.0,38.924594,-79.686277,1235,54_83_5438,1234
83.0,120.0,35.0,7947.0,251.0,-91.0,342.0,163.0,-24.0,181.0,-24.0,1241.0,124.0,85.0,11.0,355.0,272.0,349.0,272.0,38.836151,-79.603787,1236,54_83_5443,1235
76.0,114.0,33.0,7935.0,239.0,-97.0,336.0,157.0,-31.0,173.0,-31.0,1402.0,139.0,100.0,9.0,394.0,320.0,385.0,320.0,38.789245,-79.797119,1237,54_83_5488,1236
86.0,124.0,36.0,7955.0,256.0,-87.0,343.0,166.0,-21.0,184.0,-21.0,1241.0,125.0,85.0,12.0,359.0,272.0,353.0,272.0,38.929067,-79.614606,1238,54_83_8057,1237
82.0,119.0,35.0,7918.0,247.0,-92.0,339.0,162.0,-25.0,179.0,-25.0,1281.0,128.0,89.0,10.0,365.0,284.0,358.0,284.0,38.808326,-79.675371,1239,54_83_8095,1238
75.0,114.0,33.0,7937.0,239.0,-97.0,336.0,156.0,-32.0,173.0,-32.0,1293.0,126.0,91.0,9.0,362.0,286.0,353.0,286.0,38.717718,-79.570744,1240,54_83_8101,1239
78.0,116.0,34.0,7931.0,242.0,-95.0,337.0,158.0,-29.0,175.0,-29.0,1321.0,131.0,93.0,9.0,372.0,295.0,364.0,295.0,38.719143,-79.699025,1241,54_83_8102,1240
87.0,122.0,35.0,7933.0,253.0,-89.0,342.0,168.0,-20.0,184.0,-20.0,1312.0,136.0,91.0,11.0,377.0,292.0,372.0,292.0,38.749142,-79.865817,1242,54_83_8115,1241
77.0,114.0,34.0,7858.0,237.0,-97.0,334.0,157.0,88.0,172.0,-30.0,1465.0,146.0,107.0,9.0,406.0,339.0,396.0,340.0,38.564906,-79.960978,1243,54_83_8138,1242
83.0,117.0,34.0,7872.0,243.0,-92.0,335.0,164.0,95.0,179.0,-24.0,1509.0,155.0,110.0,10.0,421.0,339.0,412.0,356.0,38.49626,-80.179094,1244,54_83_8150,1243
75.0,114.0,34.0,7890.0,237.0,-98.0,335.0,155.0,-32.0,171.0,-32.0,1406.0,139.0,101.0,9.0,393.0,321.0,384.0,321.0,38.723688,-79.792345,1245,54_83_5490,1244
72.0,111.0,33.0,7903.0,232.0,-100.0,332.0,153.0,-35.0,168.0,-35.0,1453.0,142.0,106.0,8.0,402.0,335.0,392.0,335.0,38.637619,-79.843342,1246,54_83_5515,1245
81.0,116.0,34.0,7864.0,241.0,-94.0,335.0,161.0,92.0,176.0,-26.0,1510.0,154.0,111.0,10.0,421.0,342.0,411.0,354.0,38.453329,-80.208054,1247,54_83_5531,1246
102.0,136.0,38.0,7957.0,278.0,-75.0,353.0,183.0,-4.0,202.0,-4.0,1051.0,109.0,75.0,12.0,301.0,230.0,296.0,230.0,37.865496,-80.235174,1248,54_25_6763,1247
99.0,131.0,36.0,8018.0,277.0,-78.0,355.0,181.0,-8.0,199.0,-8.0,971.0,100.0,61.0,16.0,287.0,187.0,284.0,187.0,38.779088,-79.086515,1249,54_71_7718,1248
101.0,134.0,37.0,7999.0,278.0,-76.0,354.0,182.0,-7.0,200.0,-7.0,987.0,104.0,62.0,15.0,294.0,193.0,292.0,193.0,38.833039,-79.287809,1250,54_71_7725,1249
98.0,130.0,37.0,7886.0,273.0,-77.0,350.0,178.0,-8.0,197.0,-8.0,995.0,101.0,64.0,14.0,285.0,197.0,281.0,197.0,38.483624,-79.269331,1251,54_71_7765,1250
91.0,128.0,36.0,7975.0,265.0,-84.0,349.0,172.0,-16.0,190.0,-16.0,1081.0,110.0,71.0,13.0,316.0,222.0,311.0,222.0,38.905949,-79.285523,1252,54_71_5084,1251
63.0,107.0,32.0,7869.0,222.0,-107.0,329.0,143.0,-44.0,159.0,-44.0,1430.0,135.0,103.0,8.0,393.0,321.0,381.0,321.0,38.698626,-79.538435,1253,54_71_5114,1252
89.0,127.0,36.0,7944.0,263.0,-85.0,348.0,170.0,-17.0,188.0,-17.0,1094.0,111.0,72.0,13.0,318.0,226.0,313.0,226.0,38.870729,-79.312205,1254,54_71_7712,1253
78.0,116.0,34.0,7914.0,242.0,-96.0,338.0,159.0,-29.0,175.0,-29.0,1297.0,128.0,92.0,9.0,362.0,288.0,353.0,288.0,38.614888,-79.683305,1255,54_75_5175,1254
92.0,128.0,36.0,7925.0,262.0,-85.0,347.0,172.0,-15.0,189.0,-15.0,1201.0,123.0,84.0,10.0,338.0,264.0,330.0,264.0,38.315829,-79.852674,1256,54_75_5213,1255
90.0,127.0,36.0,7896.0,257.0,-88.0,345.0,170.0,-17.0,186.0,-17.0,1280.0,135.0,92.0,11.0,365.0,289.0,359.0,289.0,38.165744,-80.320307,1257,54_75_5239,1256
71.0,110.0,33.0,7825.0,228.0,-100.0,328.0,151.0,82.0,166.0,-35.0,1501.0,150.0,111.0,9.0,417.0,347.0,406.0,347.0,38.305095,-80.256353,1258,54_75_6161,1257
73.0,112.0,33.0,7909.0,235.0,-99.0,334.0,153.0,-34.0,170.0,-34.0,1342.0,130.0,96.0,8.0,372.0,301.0,362.0,301.0,38.650313,-79.625345,1259,54_75_7800,1258
76.0,114.0,34.0,7857.0,236.0,-97.0,333.0,156.0,-31.0,171.0,-31.0,1443.0,143.0,106.0,8.0,398.0,333.0,387.0,333.0,38.384961,-79.993569,1260,54_75_8775,1259
75.0,114.0,34.0,7817.0,234.0,-96.0,330.0,155.0,86.0,171.0,-31.0,1450.0,146.0,107.0,9.0,404.0,334.0,394.0,334.0,38.245789,-80.284818,1261,54_75_7862,1260
85.0,123.0,35.0,7963.0,254.0,-89.0,343.0,166.0,-22.0,183.0,-22.0,1302.0,131.0,90.0,12.0,376.0,290.0,370.0,290.0,38.975819,-79.713491,1262,54_83_5430,1261
82.0,119.0,34.0,7956.0,249.0,-92.0,341.0,162.0,-25.0,180.0,-25.0,1250.0,125.0,86.0,10.0,356.0,275.0,350.0,275.0,38.797054,-79.641189,1263,54_83_5480,1262
76.0,115.0,34.0,7935.0,239.0,-97.0,336.0,156.0,-32.0,173.0,-32.0,1344.0,132.0,95.0,9.0,377.0,303.0,369.0,303.0,38.773805,-79.681237,1264,54_83_5483,1263
69.0,109.0,33.0,7879.0,228.0,-102.0,330.0,150.0,-38.0,165.0,-38.0,1489.0,145.0,110.0,8.0,410.0,344.0,398.0,344.0,38.539826,-79.90273,1265,54_83_5523,1264
70.0,109.0,33.0,7875.0,228.0,-102.0,330.0,150.0,-38.0,165.0,-38.0,1506.0,147.0,111.0,8.0,414.0,349.0,403.0,349.0,38.527246,-79.953019,1266,54_83_5524,1265
74.0,111.0,33.0,7862.0,232.0,-99.0,331.0,154.0,85.0,169.0,-34.0,1533.0,153.0,114.0,9.0,425.0,351.0,414.0,359.0,38.46706,-80.141537,1267,54_83_5532,1266
82.0,123.0,35.0,7937.0,253.0,-92.0,345.0,162.0,-25.0,180.0,-25.0,1234.0,121.0,85.0,11.0,352.0,271.0,345.0,271.0,38.955482,-79.432421,1268,54_83_8055,1267
75.0,116.0,34.0,7961.0,240.0,-98.0,338.0,156.0,-33.0,172.0,-33.0,1384.0,136.0,98.0,10.0,391.0,315.0,383.0,315.0,38.947127,-79.686728,1269,54_83_8056,1268
85.0,123.0,35.0,7961.0,254.0,-88.0,342.0,166.0,-22.0,184.0,-22.0,1248.0,126.0,85.0,11.0,360.0,274.0,354.0,274.0,38.889266,-79.635758,1270,54_83_8064,1269
87.0,123.0,35.0,7952.0,256.0,-88.0,344.0,167.0,-20.0,185.0,-20.0,1235.0,126.0,84.0,12.0,357.0,269.0,353.0,269.0,38.858114,-79.674705,1271,54_83_8066,1270
74.0,114.0,33.0,7915.0,238.0,-98.0,336.0,154.0,-33.0,171.0,-33.0,1301.0,126.0,92.0,9.0,364.0,289.0,355.0,289.0,38.779598,-79.533241,1272,54_83_8094,1271
72.0,111.0,33.0,7892.0,231.0,-100.0,331.0,152.0,-36.0,167.0,-36.0,1460.0,143.0,107.0,8.0,403.0,336.0,392.0,336.0,38.546296,-79.879287,1273,54_83_8145,1272
74.0,114.0,34.0,7864.0,237.0,-98.0,335.0,155.0,-32.0,170.0,-32.0,1367.0,133.0,99.0,8.0,376.0,309.0,365.0,309.0,38.45588,-79.753987,1274,54_75_7810,1273
94.0,129.0,37.0,7915.0,264.0,-84.0,348.0,173.0,-13.0,191.0,-13.0,1196.0,125.0,83.0,11.0,341.0,262.0,335.0,262.0,38.420253,-79.861641,1275,54_75_7824,1274
96.0,133.0,37.0,7983.0,269.0,-84.0,353.0,177.0,-12.0,194.0,-12.0,1194.0,125.0,84.0,11.0,338.0,265.0,331.0,265.0,38.257818,-80.022688,1276,54_75_7847,1275
80.0,117.0,34.0,7842.0,241.0,-94.0,335.0,160.0,91.0,176.0,-27.0,1427.0,146.0,105.0,10.0,400.0,326.0,391.0,329.0,38.270284,-80.295715,1277,54_75_7859,1276
92.0,126.0,36.0,7908.0,258.0,-87.0,345.0,172.0,103.0,188.0,-16.0,1372.0,147.0,97.0,12.0,393.0,309.0,387.0,311.0,38.357937,-80.343953,1278,54_101_5879,1277
88.0,123.0,36.0,7872.0,252.0,-88.0,340.0,168.0,98.0,184.0,-20.0,1375.0,146.0,99.0,12.0,394.0,309.0,387.0,312.0,38.277312,-80.428452,1279,54_101_8498,1278
96.0,129.0,37.0,7904.0,265.0,-82.0,347.0,177.0,-11.0,193.0,-11.0,1348.0,149.0,93.0,14.0,396.0,297.0,392.0,297.0,38.364162,-80.559629,1280,54_101_8508,1279
79.0,116.0,34.0,7804.0,239.0,-94.0,333.0,158.0,89.0,173.0,-28.0,1416.0,145.0,104.0,10.0,399.0,323.0,389.0,325.0,38.209445,-80.408198,1281,54_25_4063,1280
97.0,134.0,38.0,7958.0,270.0,-81.0,351.0,177.0,-11.0,195.0,-11.0,1140.0,118.0,81.0,11.0,323.0,253.0,317.0,253.0,38.019181,-80.172118,1282,54_25_4082,1281
78.0,121.0,35.0,7980.0,248.0,-95.0,343.0,159.0,90.0,176.0,-30.0,1357.0,132.0,95.0,11.0,386.0,303.0,377.0,309.0,39.103154,-79.560652,1283,54_93_8313,1282
82.0,120.0,34.0,7918.0,251.0,-92.0,343.0,162.0,-25.0,180.0,-25.0,1168.0,115.0,79.0,11.0,333.0,248.0,326.0,248.0,38.814729,-79.347733,1284,54_71_7727,1283
100.0,131.0,36.0,8199.0,280.0,-80.0,360.0,184.0,-10.0,202.0,-10.0,957.0,97.0,58.0,16.0,284.0,181.0,280.0,181.0,38.945839,-78.792919,1285,54_31_6903,1284
97.0,127.0,35.0,8230.0,275.0,-83.0,358.0,180.0,-14.0,199.0,-14.0,981.0,99.0,61.0,15.0,289.0,188.0,283.0,188.0,39.015512,-78.697387,1286,54_31_4261,1285
99.0,128.0,35.0,8251.0,278.0,-81.0,359.0,183.0,-12.0,202.0,-12.0,969.0,98.0,60.0,16.0,286.0,184.0,280.0,184.0,39.020794,-78.613406,1287,54_31_6880,1286
84.0,120.0,35.0,7935.0,253.0,-89.0,342.0,165.0,-23.0,183.0,-23.0,1112.0,108.0,74.0,12.0,315.0,227.0,308.0,227.0,38.721505,-79.094097,1288,54_71_7721,1287
93.0,126.0,36.0,7927.0,266.0,-82.0,348.0,173.0,-13.0,192.0,-13.0,1030.0,103.0,67.0,13.0,294.0,205.0,290.0,205.0,38.584351,-79.182655,1289,54_71_7757,1288
103.0,121.0,34.0,8024.0,275.0,-71.0,346.0,196.0,-4.0,204.0,-4.0,1106.0,107.0,73.0,13.0,310.0,223.0,304.0,223.0,38.337614,-78.645494,1290,51_165_117,1289
91.0,112.0,32.0,8126.0,258.0,-83.0,341.0,173.0,-18.0,192.0,-18.0,1153.0,113.0,74.0,14.0,324.0,229.0,315.0,229.0,38.674109,-78.32162,1291,51_157_2,1290
75.0,102.0,31.0,8000.0,235.0,-93.0,328.0,88.0,-32.0,175.0,-32.0,1292.0,125.0,85.0,13.0,366.0,262.0,340.0,262.0,38.597034,-78.379143,1292,51_139_46,1291
94.0,115.0,33.0,8052.0,262.0,-79.0,341.0,177.0,-14.0,195.0,-14.0,1152.0,111.0,74.0,13.0,320.0,230.0,314.0,230.0,38.531854,-78.412695,1293,51_113_30,1292
87.0,110.0,32.0,8006.0,251.0,-84.0,335.0,98.0,-21.0,187.0,-21.0,1223.0,119.0,80.0,13.0,345.0,247.0,326.0,247.0,38.443265,-78.473673,1294,51_79_12,1293
88.0,110.0,32.0,7973.0,252.0,-82.0,334.0,100.0,-19.0,187.0,-19.0,1224.0,119.0,80.0,13.0,344.0,248.0,326.0,248.0,38.374009,-78.511439,1295,51_79_1,1294
87.0,118.0,35.0,7619.0,248.0,-81.0,329.0,165.0,-16.0,181.0,-16.0,1141.0,115.0,80.0,11.0,325.0,244.0,311.0,244.0,37.453736,-80.586041,1296,51_71_52,1295
90.0,120.0,36.0,7600.0,252.0,-77.0,329.0,168.0,-12.0,184.0,-12.0,1104.0,111.0,77.0,11.0,315.0,235.0,301.0,235.0,37.380591,-80.636537,1297,51_71_17,1296
83.0,106.0,31.0,8148.0,247.0,-89.0,336.0,166.0,-27.0,184.0,-27.0,1207.0,118.0,78.0,13.0,337.0,241.0,326.0,241.0,38.751162,-78.26943,1298,51_157_21,1297
110.0,135.0,39.0,7654.0,281.0,-63.0,344.0,188.0,7.0,206.0,7.0,973.0,101.0,65.0,13.0,285.0,203.0,271.0,203.0,37.056471,-80.82395,1299,51_155_69,1298
106.0,133.0,39.0,7605.0,276.0,-65.0,341.0,184.0,4.0,201.0,4.0,1008.0,102.0,67.0,13.0,292.0,211.0,277.0,211.0,36.992241,-80.86657,1300,51_197_80,1299
108.0,130.0,38.0,7782.0,280.0,-62.0,342.0,188.0,4.0,206.0,4.0,1031.0,102.0,71.0,11.0,289.0,215.0,283.0,215.0,37.433098,-80.175509,1301,51_45_73,1300
103.0,128.0,37.0,7625.0,270.0,-67.0,337.0,181.0,19.0,198.0,1.0,1019.0,106.0,73.0,13.0,298.0,221.0,283.0,222.0,37.137907,-81.106531,1302,51_21_67,1301
107.0,134.0,39.0,7631.0,278.0,-65.0,343.0,185.0,23.0,203.0,5.0,1016.0,105.0,72.0,12.0,296.0,218.0,283.0,221.0,37.007038,-81.176622,1303,51_197_91,1302
99.0,127.0,38.0,7397.0,262.0,-68.0,330.0,174.0,0.0,191.0,0.0,1146.0,115.0,78.0,11.0,325.0,244.0,307.0,244.0,36.770579,-81.135632,1304,51_197_97,1303
98.0,125.0,38.0,7350.0,260.0,-67.0,327.0,173.0,17.0,190.0,-1.0,1185.0,118.0,83.0,11.0,336.0,257.0,319.0,257.0,36.758969,-81.300787,1305,51_173_81,1304
105.0,131.0,39.0,7495.0,271.0,-64.0,335.0,181.0,21.0,199.0,4.0,1095.0,112.0,79.0,12.0,318.0,238.0,304.0,243.0,36.92491,-81.38118,1306,51_173_84,1305
109.0,120.0,36.0,7538.0,269.0,-59.0,328.0,185.0,65.0,202.0,7.0,1215.0,126.0,81.0,12.0,349.0,266.0,337.0,280.0,36.869737,-82.504402,1307,51_169_93,1306
120.0,126.0,37.0,7710.0,286.0,-50.0,336.0,199.0,128.0,216.0,17.0,1173.0,121.0,73.0,12.0,333.0,248.0,320.0,285.0,36.791582,-82.697499,1308,51_169_100,1307
109.0,121.0,36.0,7655.0,272.0,-59.0,331.0,187.0,117.0,205.0,7.0,1250.0,127.0,80.0,11.0,353.0,269.0,340.0,301.0,36.861531,-82.822805,1309,51_195_85,1308
106.0,127.0,35.0,8109.0,283.0,-71.0,354.0,189.0,-2.0,208.0,-2.0,1024.0,101.0,66.0,15.0,293.0,202.0,290.0,202.0,38.520302,-78.653172,1310,51_139_60,1309
96.0,121.0,34.0,8198.0,270.0,-82.0,352.0,179.0,-14.0,198.0,-14.0,1046.0,104.0,66.0,15.0,301.0,203.0,295.0,203.0,38.829716,-78.481498,1311,51_171_88,1310
99.0,123.0,34.0,8139.0,274.0,-79.0,353.0,182.0,-10.0,201.0,-10.0,1043.0,103.0,66.0,15.0,299.0,204.0,294.0,204.0,38.685793,-78.556115,1312,51_139_57,1311
113.0,128.0,36.0,7941.0,287.0,-60.0,347.0,205.0,7.0,213.0,7.0,1111.0,108.0,76.0,12.0,307.0,233.0,297.0,233.0,37.99427,-78.913875,1313,51_15_159,1312
114.0,127.0,36.0,7897.0,286.0,-58.0,344.0,206.0,9.0,213.0,9.0,1135.0,110.0,78.0,11.0,308.0,241.0,298.0,241.0,37.84559,-79.000258,1314,51_125_85,1313
109.0,128.0,37.0,7881.0,283.0,-62.0,345.0,190.0,5.0,209.0,5.0,1117.0,107.0,76.0,11.0,301.0,236.0,292.0,236.0,37.926121,-79.134657,1315,51_15_167,1314
94.0,125.0,35.0,8164.0,271.0,-83.0,354.0,178.0,-15.0,196.0,-15.0,1011.0,102.0,63.0,15.0,295.0,195.0,289.0,195.0,38.901695,-78.71182,1316,51_171_101,1315
106.0,133.0,36.0,8118.0,287.0,-74.0,361.0,189.0,-3.0,207.0,-3.0,929.0,95.0,57.0,16.0,275.0,177.0,273.0,177.0,38.764572,-78.8411,1317,51_171_105,1316
83.0,118.0,34.0,7898.0,251.0,-88.0,339.0,163.0,-23.0,182.0,-23.0,1137.0,109.0,76.0,11.0,317.0,234.0,309.0,234.0,38.554239,-79.133314,1318,51_165_179,1317
90.0,123.0,35.0,7864.0,260.0,-82.0,342.0,170.0,-15.0,188.0,-15.0,1113.0,107.0,75.0,11.0,306.0,231.0,298.0,231.0,38.318629,-79.242829,1319,51_15_174,1318
95.0,118.0,35.0,7801.0,261.0,-73.0,334.0,104.0,-9.0,193.0,-9.0,1254.0,123.0,87.0,10.0,343.0,270.0,317.0,270.0,37.776287,-79.190821,1320,51_9_93,1319
125.0,128.0,37.0,7847.0,295.0,-46.0,341.0,205.0,21.0,224.0,21.0,1071.0,105.0,73.0,10.0,294.0,231.0,286.0,231.0,37.558704,-79.477876,1321,51_163_127,1320
98.0,124.0,36.0,7832.0,267.0,-72.0,339.0,178.0,-7.0,196.0,-7.0,1160.0,111.0,82.0,9.0,314.0,250.0,304.0,250.0,37.871134,-79.631054,1322,51_163_138,1321
103.0,130.0,37.0,7844.0,276.0,-68.0,344.0,184.0,-1.0,202.0,-1.0,1070.0,106.0,76.0,11.0,298.0,228.0,292.0,228.0,37.654433,-80.053912,1323,51_5_94,1322
104.0,132.0,36.0,8071.0,284.0,-73.0,357.0,187.0,-4.0,205.0,-4.0,941.0,96.0,58.0,16.0,278.0,179.0,276.0,179.0,38.696961,-78.957069,1324,51_165_43,1323
105.0,133.0,37.0,8033.0,284.0,-72.0,356.0,187.0,-2.0,205.0,-2.0,936.0,97.0,58.0,17.0,277.0,177.0,275.0,177.0,38.632549,-79.018481,1325,51_165_108,1324
108.0,134.0,37.0,8011.0,288.0,-68.0,356.0,202.0,2.0,209.0,2.0,942.0,97.0,59.0,16.0,276.0,182.0,274.0,182.0,38.456316,-79.091046,1326,51_165_64,1325
101.0,130.0,37.0,7935.0,277.0,-73.0,350.0,182.0,-5.0,201.0,-5.0,997.0,100.0,65.0,14.0,284.0,198.0,280.0,198.0,38.403541,-79.140611,1327,51_15_122,1326
87.0,122.0,35.0,7905.0,257.0,-86.0,343.0,168.0,-19.0,185.0,-19.0,1115.0,108.0,75.0,11.0,309.0,232.0,301.0,232.0,38.408899,-79.300542,1328,51_15_118,1327
92.0,125.0,36.0,7894.0,263.0,-82.0,345.0,172.0,-14.0,190.0,-14.0,1086.0,106.0,73.0,11.0,302.0,225.0,294.0,225.0,38.333622,-79.334839,1329,51_15_116,1328
99.0,130.0,36.0,8077.0,277.0,-78.0,355.0,182.0,-9.0,200.0,-9.0,971.0,98.0,60.0,16.0,286.0,186.0,282.0,186.0,38.781021,-78.922392,1330,51_165_82,1329
126.0,131.0,38.0,7824.0,297.0,-46.0,343.0,205.0,133.0,224.0,22.0,1163.0,119.0,69.0,13.0,325.0,240.0,312.0,294.0,36.732073,-82.800078,1331,51_169_50,1330
103.0,130.0,39.0,7415.0,267.0,-66.0,333.0,177.0,20.0,195.0,3.0,1125.0,113.0,78.0,11.0,322.0,242.0,305.0,243.0,36.775515,-81.241826,1332,51_197_7,1331
101.0,128.0,38.0,7393.0,264.0,-65.0,329.0,176.0,20.0,194.0,2.0,1163.0,116.0,82.0,11.0,331.0,253.0,315.0,255.0,36.769998,-81.366413,1333,51_173_21,1332
92.0,118.0,36.0,7490.0,251.0,-73.0,324.0,168.0,48.0,185.0,-9.0,1128.0,115.0,83.0,12.0,327.0,249.0,310.0,251.0,37.15936,-81.199079,1334,51_21_53,1333
106.0,131.0,38.0,7639.0,275.0,-64.0,339.0,184.0,22.0,202.0,4.0,1020.0,107.0,73.0,13.0,299.0,221.0,286.0,224.0,37.096298,-81.240998,1335,51_21_37,1334
105.0,130.0,38.0,7514.0,271.0,-64.0,335.0,181.0,61.0,198.0,4.0,1086.0,112.0,78.0,12.0,316.0,238.0,303.0,243.0,36.999322,-81.409743,1336,51_21_27,1335
92.0,119.0,37.0,7339.0,250.0,-71.0,321.0,166.0,11.0,183.0,-7.0,1218.0,121.0,87.0,10.0,347.0,268.0,330.0,268.0,36.849631,-81.348133,1337,51_173_32,1336
104.0,123.0,36.0,7861.0,274.0,-67.0,341.0,113.0,-1.0,203.0,-1.0,1175.0,114.0,81.0,11.0,320.0,250.0,304.0,250.0,37.929913,-79.021567,1338,51_15_104,1337
100.0,120.0,35.0,7826.0,268.0,-69.0,337.0,108.0,-4.0,199.0,-4.0,1230.0,121.0,85.0,11.0,337.0,265.0,311.0,265.0,37.7855,-79.155882,1339,51_9_75,1338
100.0,124.0,38.0,7359.0,260.0,-66.0,326.0,174.0,18.0,192.0,1.0,1210.0,120.0,87.0,11.0,346.0,265.0,331.0,268.0,36.778483,-81.536172,1340,51_173_64,1339
86.0,115.0,35.0,7527.0,244.0,-79.0,323.0,163.0,-15.0,180.0,-15.0,1158.0,115.0,82.0,11.0,331.0,250.0,313.0,250.0,37.244934,-80.857832,1341,51_71_25,1340
119.0,134.0,38.0,7916.0,296.0,-54.0,350.0,200.0,14.0,219.0,14.0,995.0,100.0,69.0,12.0,280.0,211.0,276.0,211.0,37.590074,-80.034821,1342,51_45_45,1341
94.0,125.0,37.0,7733.0,262.0,-75.0,337.0,173.0,-9.0,190.0,-9.0,1114.0,110.0,79.0,10.0,311.0,238.0,303.0,238.0,37.592647,-80.19431,1343,51_45_38,1342
122.0,132.0,38.0,7856.0,298.0,-48.0,346.0,203.0,18.0,221.0,18.0,991.0,98.0,69.0,11.0,277.0,210.0,273.0,210.0,37.441516,-80.099083,1344,51_45_13,1343
107.0,130.0,38.0,7727.0,278.0,-63.0,341.0,185.0,3.0,204.0,3.0,1015.0,101.0,69.0,12.0,287.0,210.0,278.0,210.0,37.371691,-80.308049,1345,51_45_40,1344
95.0,124.0,35.0,8216.0,270.0,-84.0,354.0,178.0,-16.0,197.0,-16.0,1011.0,102.0,63.0,15.0,296.0,195.0,289.0,195.0,38.986505,-78.567467,1346,51_171_96,1345
106.0,134.0,38.0,7921.0,282.0,-69.0,351.0,187.0,0.0,205.0,0.0,1065.0,107.0,75.0,11.0,298.0,228.0,292.0,228.0,37.889106,-79.948613,1347,51_5_84,1346
113.0,133.0,38.0,7865.0,287.0,-60.0,347.0,193.0,8.0,211.0,8.0,1011.0,101.0,71.0,11.0,285.0,214.0,279.0,214.0,37.579867,-80.099719,1348,51_45_59,1347
109.0,138.0,38.0,7968.0,287.0,-68.0,355.0,191.0,2.0,208.0,2.0,1019.0,105.0,72.0,12.0,290.0,219.0,286.0,219.0,37.819835,-80.139479,1349,51_5_104,1348
114.0,130.0,37.0,7824.0,287.0,-57.0,344.0,194.0,9.0,212.0,9.0,1046.0,103.0,73.0,11.0,290.0,221.0,285.0,221.0,37.567615,-79.934612,1350,51_23_113,1349
115.0,125.0,36.0,7805.0,285.0,-54.0,339.0,195.0,11.0,213.0,11.0,1108.0,107.0,77.0,10.0,302.0,237.0,294.0,237.0,37.501415,-79.655322,1351,51_23_98,1350
87.0,122.0,35.0,7954.0,257.0,-87.0,344.0,167.0,-20.0,185.0,-20.0,1088.0,106.0,72.0,12.0,309.0,220.0,303.0,220.0,38.705851,-79.062522,1352,51_165_185,1351
77.0,114.0,33.0,7905.0,243.0,-93.0,336.0,157.0,-29.0,175.0,-29.0,1196.0,113.0,81.0,11.0,332.0,249.0,323.0,249.0,38.621414,-79.078835,1353,51_165_191,1352
97.0,128.0,36.0,7910.0,273.0,-76.0,349.0,178.0,-8.0,197.0,-8.0,1008.0,101.0,65.0,14.0,288.0,199.0,283.0,199.0,38.480541,-79.15956,1354,51_165_198,1353
97.0,128.0,36.0,7924.0,271.0,-78.0,349.0,178.0,-9.0,196.0,-9.0,1025.0,102.0,67.0,13.0,290.0,205.0,284.0,205.0,38.409183,-79.203209,1355,51_15_186,1354
100.0,130.0,37.0,7886.0,276.0,-73.0,349.0,181.0,-5.0,199.0,-5.0,1041.0,103.0,69.0,12.0,291.0,213.0,284.0,213.0,38.259426,-79.280452,1356,51_15_203,1355
92.0,125.0,36.0,7879.0,265.0,-80.0,345.0,172.0,-13.0,190.0,-13.0,1112.0,108.0,76.0,10.0,306.0,235.0,297.0,235.0,38.248733,-79.437575,1357,51_91_77,1356
114.0,131.0,37.0,7881.0,289.0,-58.0,347.0,195.0,10.0,214.0,10.0,1070.0,105.0,74.0,11.0,295.0,227.0,286.0,227.0,37.795514,-79.674741,1358,51_5_74,1357
81.0,119.0,35.0,7876.0,247.0,-92.0,339.0,161.0,-26.0,178.0,-26.0,1262.0,124.0,90.0,9.0,349.0,280.0,339.0,280.0,38.414714,-79.692359,1359,51_91_85,1358
96.0,131.0,37.0,7901.0,270.0,-81.0,351.0,176.0,-10.0,194.0,-10.0,1108.0,113.0,76.0,11.0,313.0,238.0,306.0,238.0,38.344297,-79.714259,1360,51_91_87,1359
97.0,131.0,37.0,7917.0,271.0,-79.0,350.0,177.0,-10.0,195.0,-10.0,1125.0,115.0,78.0,11.0,317.0,243.0,309.0,243.0,38.257164,-79.769531,1361,51_91_90,1360
105.0,136.0,38.0,7960.0,282.0,-72.0,354.0,186.0,-2.0,204.0,-2.0,1075.0,111.0,74.0,11.0,305.0,229.0,298.0,229.0,38.183962,-79.808816,1362,51_17_114,1361
115.0,136.0,38.0,7954.0,293.0,-61.0,354.0,196.0,9.0,214.0,9.0,1037.0,104.0,72.0,11.0,291.0,218.0,283.0,218.0,37.963258,-79.750789,1363,51_17_135,1362
89.0,121.0,36.0,7681.0,253.0,-80.0,333.0,168.0,-14.0,184.0,-14.0,1153.0,113.0,81.0,10.0,322.0,245.0,312.0,245.0,37.516036,-80.294401,1364,51_45_83,1363
103.0,127.0,37.0,7643.0,271.0,-67.0,338.0,182.0,19.0,199.0,1.0,995.0,104.0,69.0,13.0,291.0,213.0,277.0,213.0,37.221354,-80.925635,1365,51_71_87,1364
100.0,125.0,37.0,7473.0,263.0,-66.0,329.0,176.0,56.0,193.0,0.0,1141.0,116.0,83.0,12.0,331.0,251.0,317.0,257.0,36.993414,-81.502784,1366,51_173_88,1365
88.0,115.0,36.0,7236.0,242.0,-73.0,315.0,162.0,-9.0,178.0,-9.0,1330.0,130.0,93.0,10.0,374.0,288.0,358.0,288.0,36.685839,-81.479308,1367,51_77_84,1366
94.0,119.0,37.0,7270.0,250.0,-69.0,319.0,167.0,14.0,185.0,-3.0,1293.0,126.0,91.0,10.0,367.0,283.0,353.0,283.0,36.684017,-81.639961,1368,51_173_99,1367
99.0,129.0,37.0,7887.0,273.0,-75.0,348.0,179.0,-6.0,198.0,-6.0,1081.0,106.0,74.0,11.0,299.0,227.0,290.0,227.0,38.175248,-79.482551,1369,51_15_221,1368
113.0,133.0,38.0,7905.0,289.0,-60.0,349.0,194.0,8.0,213.0,8.0,1067.0,105.0,73.0,11.0,295.0,225.0,285.0,225.0,37.938328,-79.585381,1370,51_163_135,1369
99.0,130.0,37.0,7918.0,272.0,-76.0,348.0,179.0,-8.0,197.0,-8.0,1124.0,113.0,79.0,10.0,313.0,244.0,306.0,244.0,38.107648,-79.838664,1371,51_17_126,1370
111.0,133.0,38.0,7853.0,287.0,-61.0,348.0,192.0,7.0,210.0,7.0,1056.0,105.0,74.0,11.0,294.0,224.0,287.0,224.0,37.795668,-79.828179,1372,51_5_81,1371
124.0,138.0,39.0,7925.0,303.0,-50.0,353.0,206.0,19.0,224.0,19.0,992.0,100.0,67.0,12.0,280.0,208.0,276.0,208.0,37.721436,-79.867999,1373,51_23_110,1372
95.0,126.0,36.0,7956.0,270.0,-79.0,349.0,177.0,-11.0,195.0,-11.0,1018.0,102.0,65.0,14.0,292.0,200.0,288.0,200.0,38.557804,-79.059283,1374,51_165_70,1373
106.0,133.0,37.0,7906.0,284.0,-68.0,352.0,187.0,1.0,206.0,1.0,992.0,100.0,65.0,13.0,281.0,199.0,277.0,199.0,38.290378,-79.218323,1375,51_15_22,1374
112.0,126.0,35.0,8054.0,288.0,-63.0,351.0,206.0,5.0,213.0,5.0,1059.0,105.0,69.0,14.0,304.0,213.0,297.0,213.0,38.312767,-78.688948,1376,51_165_118,1375
107.0,123.0,35.0,8003.0,280.0,-66.0,346.0,200.0,0.0,207.0,0.0,1113.0,108.0,74.0,13.0,312.0,227.0,303.0,227.0,38.199211,-78.738574,1377,51_3_7,1376
93.0,116.0,34.0,7909.0,260.0,-77.0,337.0,103.0,-13.0,192.0,-13.0,1203.0,116.0,81.0,12.0,332.0,250.0,317.0,250.0,38.160881,-78.77439,1378,51_15_51,1377
107.0,130.0,38.0,7685.0,278.0,-62.0,340.0,185.0,4.0,204.0,4.0,1003.0,100.0,68.0,12.0,284.0,207.0,275.0,207.0,37.30864,-80.372799,1379,51_121_81,1378
133.0,133.0,38.0,7877.0,306.0,-40.0,346.0,213.0,28.0,232.0,28.0,1024.0,102.0,69.0,11.0,285.0,221.0,276.0,221.0,37.602665,-79.419771,1380,51_19_130,1379
94.0,125.0,35.0,7962.0,268.0,-80.0,348.0,176.0,-12.0,194.0,-12.0,1029.0,102.0,66.0,14.0,294.0,203.0,290.0,203.0,38.589499,-79.009677,1381,51_165_116,1380
105.0,132.0,37.0,7960.0,283.0,-71.0,354.0,186.0,-1.0,205.0,-1.0,963.0,98.0,61.0,15.0,278.0,188.0,276.0,188.0,38.429698,-79.123644,1382,51_165_24,1381
105.0,122.0,35.0,7995.0,277.0,-68.0,345.0,198.0,-1.0,206.0,-1.0,1116.0,108.0,74.0,13.0,313.0,227.0,305.0,227.0,38.239939,-78.698448,1383,51_3_28,1382
98.0,123.0,37.0,7290.0,257.0,-67.0,324.0,172.0,17.0,189.0,0.0,1234.0,122.0,88.0,10.0,351.0,270.0,335.0,272.0,36.728356,-81.520602,1384,51_173_29,1383
100.0,132.0,37.0,7904.0,275.0,-76.0,351.0,180.0,-6.0,198.0,-6.0,1032.0,105.0,68.0,12.0,293.0,212.0,286.0,212.0,38.365648,-79.496659,1385,51_91_15,1384
113.0,136.0,39.0,7712.0,286.0,-61.0,347.0,191.0,27.0,209.0,9.0,955.0,100.0,65.0,13.0,280.0,201.0,268.0,203.0,37.083427,-80.921342,1386,51_21_46,1385
108.0,135.0,39.0,7535.0,277.0,-63.0,340.0,184.0,7.0,202.0,7.0,1064.0,108.0,71.0,12.0,306.0,224.0,289.0,224.0,36.777844,-81.062065,1387,51_77_28,1386
86.0,123.0,36.0,7890.0,253.0,-88.0,341.0,166.0,-21.0,183.0,-21.0,1260.0,125.0,91.0,9.0,348.0,282.0,338.0,282.0,38.200725,-79.885087,1388,51_17_67,1387
99.0,133.0,37.0,7979.0,274.0,-78.0,352.0,180.0,-8.0,198.0,-8.0,1130.0,116.0,80.0,11.0,318.0,247.0,311.0,247.0,38.130191,-79.938334,1389,51_17_68,1388
112.0,137.0,38.0,7959.0,291.0,-63.0,354.0,194.0,6.0,212.0,6.0,1007.0,103.0,70.0,12.0,286.0,213.0,282.0,213.0,37.751406,-80.088471,1390,51_5_30,1389
110.0,135.0,38.0,7898.0,286.0,-65.0,351.0,191.0,4.0,208.0,4.0,1007.0,103.0,71.0,12.0,286.0,214.0,281.0,214.0,37.668255,-80.153403,1391,51_5_54,1390
114.0,134.0,38.0,7849.0,289.0,-59.0,348.0,194.0,9.0,212.0,9.0,977.0,99.0,68.0,12.0,278.0,206.0,272.0,206.0,37.46671,-80.266332,1392,51_45_9,1391
105.0,131.0,38.0,7731.0,277.0,-66.0,343.0,184.0,2.0,202.0,2.0,987.0,101.0,67.0,13.0,284.0,205.0,275.0,205.0,37.436063,-80.425028,1393,51_45_30,1392
105.0,130.0,38.0,7654.0,275.0,-64.0,339.0,183.0,3.0,201.0,3.0,1020.0,101.0,69.0,12.0,288.0,210.0,279.0,210.0,37.302813,-80.359942,1394,51_121_17,1393
103.0,130.0,38.0,7545.0,270.0,-66.0,336.0,180.0,20.0,198.0,2.0,1062.0,109.0,77.0,12.0,309.0,231.0,295.0,234.0,36.985614,-81.261003,1395,51_197_34,1394
91.0,124.0,36.0,7869.0,262.0,-81.0,343.0,171.0,-14.0,189.0,-14.0,1113.0,108.0,76.0,10.0,305.0,234.0,297.0,234.0,38.279091,-79.377785,1396,51_15_76,1395
102.0,129.0,37.0,7866.0,275.0,-72.0,347.0,182.0,-3.0,200.0,-3.0,1089.0,107.0,74.0,11.0,300.0,228.0,290.0,228.0,38.096981,-79.429796,1397,51_15_86,1396
101.0,130.0,36.0,8106.0,279.0,-77.0,356.0,184.0,-8.0,202.0,-8.0,958.0,97.0,59.0,16.0,282.0,183.0,278.0,183.0,38.842919,-78.79865,1398,51_171_104,1397
125.0,130.0,37.0,7828.0,297.0,-47.0,344.0,205.0,21.0,223.0,21.0,1059.0,104.0,72.0,10.0,291.0,228.0,282.0,228.0,37.634466,-79.421687,1399,51_163_125,1398
99.0,127.0,37.0,7764.0,269.0,-72.0,341.0,178.0,-5.0,195.0,-5.0,1090.0,108.0,77.0,11.0,304.0,232.0,297.0,232.0,37.620095,-80.122958,1400,51_5_17,1399
119.0,131.0,37.0,7867.0,295.0,-52.0,347.0,200.0,15.0,219.0,15.0,1006.0,99.0,70.0,11.0,281.0,213.0,276.0,213.0,37.462768,-80.058781,1401,51_45_33,1400
119.0,133.0,38.0,7826.0,295.0,-52.0,347.0,199.0,15.0,218.0,15.0,974.0,97.0,68.0,11.0,275.0,206.0,269.0,206.0,37.382815,-80.238969,1402,51_45_23,1401
122.0,138.0,39.0,7923.0,300.0,-53.0,353.0,203.0,16.0,221.0,16.0,1016.0,102.0,69.0,12.0,285.0,213.0,278.0,213.0,37.870088,-79.714134,1403,51_17_12,1402
119.0,127.0,37.0,7822.0,291.0,-50.0,341.0,200.0,16.0,218.0,16.0,1090.0,106.0,75.0,10.0,298.0,234.0,290.0,234.0,37.566067,-79.56529,1404,51_23_55,1403
127.0,134.0,38.0,7884.0,301.0,-46.0,347.0,207.0,22.0,226.0,22.0,1020.0,102.0,69.0,11.0,285.0,216.0,280.0,216.0,37.626204,-79.747505,1405,51_23_50,1404
109.0,125.0,36.0,7829.0,280.0,-61.0,341.0,189.0,5.0,208.0,5.0,1144.0,109.0,79.0,10.0,306.0,246.0,295.0,246.0,37.789828,-79.296905,1406,51_163_94,1405
121.0,130.0,37.0,7856.0,293.0,-51.0,344.0,201.0,17.0,220.0,17.0,1068.0,104.0,73.0,10.0,292.0,230.0,282.0,230.0,37.733713,-79.321799,1407,51_163_26,1406
110.0,124.0,36.0,7807.0,279.0,-60.0,339.0,190.0,6.0,208.0,6.0,1150.0,109.0,80.0,10.0,307.0,248.0,297.0,248.0,37.663832,-79.35868,1408,51_163_4,1407
93.0,120.0,36.0,7582.0,255.0,-74.0,329.0,170.0,-9.0,187.0,-9.0,1077.0,110.0,75.0,12.0,311.0,231.0,295.0,231.0,37.28113,-80.831543,1409,51_71_22,1408
98.0,126.0,37.0,7655.0,266.0,-72.0,338.0,176.0,-5.0,194.0,-5.0,1037.0,105.0,71.0,12.0,296.0,217.0,286.0,217.0,37.405,-80.477139,1410,51_71_45,1409
101.0,126.0,37.0,7642.0,268.0,-69.0,337.0,180.0,-1.0,197.0,-1.0,1012.0,105.0,70.0,12.0,295.0,216.0,280.0,216.0,37.21734,-80.913767,1411,51_71_9,1410
112.0,128.0,37.0,7859.0,285.0,-60.0,345.0,193.0,8.0,211.0,8.0,1113.0,107.0,76.0,11.0,300.0,238.0,289.0,238.0,37.832483,-79.248066,1412,51_163_38,1411
113.0,128.0,37.0,7837.0,285.0,-58.0,343.0,193.0,9.0,212.0,9.0,1116.0,107.0,77.0,10.0,301.0,240.0,290.0,240.0,37.775028,-79.297552,1413,51_163_60,1412
108.0,125.0,35.0,8162.0,283.0,-72.0,355.0,191.0,-2.0,209.0,-2.0,1073.0,105.0,69.0,14.0,304.0,214.0,300.0,214.0,38.592789,-78.310365,1414,51_113_16,1413
82.0,107.0,32.0,7999.0,244.0,-87.0,331.0,94.0,-25.0,182.0,-25.0,1248.0,122.0,81.0,13.0,355.0,251.0,330.0,251.0,38.499873,-78.442587,1415,51_113_18,1414
109.0,134.0,39.0,7645.0,280.0,-63.0,343.0,187.0,6.0,204.0,6.0,983.0,101.0,65.0,13.0,287.0,205.0,273.0,205.0,37.046104,-80.833446,1416,51_155_26,1415
79.0,115.0,34.0,7871.0,245.0,-92.0,337.0,159.0,-27.0,177.0,-27.0,1205.0,114.0,83.0,10.0,330.0,255.0,321.0,255.0,38.43267,-79.256472,1417,51_15_125,1416
94.0,126.0,36.0,7902.0,267.0,-79.0,346.0,175.0,-11.0,193.0,-11.0,1059.0,104.0,70.0,12.0,296.0,216.0,289.0,216.0,38.365984,-79.27803,1418,51_15_11,1417
97.0,126.0,35.0,8187.0,274.0,-82.0,356.0,180.0,-13.0,199.0,-13.0,992.0,100.0,62.0,15.0,291.0,190.0,285.0,190.0,38.937329,-78.636719,1419,51_171_13,1418
105.0,133.0,37.0,8088.0,286.0,-72.0,358.0,188.0,-3.0,207.0,-3.0,931.0,96.0,57.0,17.0,276.0,176.0,274.0,176.0,38.714614,-78.950745,1420,51_165_76,1419
105.0,133.0,37.0,8072.0,285.0,-73.0,358.0,187.0,-3.0,206.0,-3.0,933.0,96.0,58.0,17.0,276.0,177.0,274.0,177.0,38.660126,-78.994545,1421,51_165_38,1420
99.0,115.0,35.0,7468.0,255.0,-67.0,322.0,174.0,107.0,191.0,-2.0,1295.0,132.0,87.0,11.0,370.0,286.0,358.0,299.0,36.867942,-82.612728,1422,51_169_54,1421
127.0,129.0,37.0,7871.0,299.0,-45.0,344.0,208.0,22.0,226.0,22.0,1066.0,105.0,73.0,10.0,293.0,231.0,284.0,231.0,37.574831,-79.402816,1423,51_19_48,1422
98.0,115.0,33.0,8263.0,268.0,-79.0,347.0,182.0,-13.0,201.0,-13.0,1108.0,110.0,71.0,14.0,315.0,218.0,307.0,218.0,38.758321,-78.178211,1424,51_157_30,1423
113.0,129.0,36.0,8122.0,292.0,-64.0,356.0,207.0,5.0,215.0,5.0,1006.0,101.0,65.0,15.0,293.0,199.0,288.0,199.0,38.42206,-78.717884,1425,51_165_96,1424
84.0,118.0,34.0,7911.0,251.0,-89.0,340.0,164.0,-23.0,182.0,-23.0,1139.0,109.0,77.0,11.0,317.0,235.0,309.0,235.0,38.525951,-79.143531,1426,51_165_29,1425
105.0,134.0,37.0,8127.0,287.0,-74.0,361.0,188.0,-3.0,207.0,-3.0,926.0,96.0,56.0,17.0,276.0,175.0,274.0,175.0,38.807778,-78.951145,1427,51_165_88,1426
104.0,121.0,34.0,8029.0,276.0,-70.0,346.0,197.0,-3.0,205.0,-3.0,1113.0,108.0,73.0,13.0,313.0,225.0,306.0,225.0,38.307173,-78.636259,1428,51_165_62,1427
102.0,118.0,33.0,8307.0,275.0,-77.0,352.0,186.0,-10.0,205.0,-10.0,1069.0,107.0,68.0,14.0,307.0,209.0,300.0,209.0,38.82336,-78.186475,1429,51_187_2,1428
103.0,130.0,38.0,7550.0,270.0,-66.0,336.0,180.0,19.0,197.0,2.0,1043.0,107.0,75.0,12.0,303.0,227.0,289.0,231.0,37.040539,-81.209233,1430,51_197_4,1429
104.0,132.0,39.0,7469.0,271.0,-65.0,336.0,180.0,4.0,197.0,4.0,1089.0,110.0,74.0,12.0,312.0,231.0,295.0,231.0,36.793253,-81.134716,1431,51_197_1,1430
123.0,138.0,39.0,7923.0,301.0,-52.0,353.0,204.0,18.0,223.0,18.0,1007.0,102.0,68.0,12.0,284.0,211.0,278.0,211.0,37.818531,-79.769386,1432,51_5_51,1431
92.0,124.0,36.0,7797.0,261.0,-78.0,339.0,172.0,-13.0,189.0,-13.0,1179.0,115.0,85.0,9.0,324.0,256.0,315.0,256.0,37.8217,-79.940808,1433,51_5_22,1432
118.0,125.0,37.0,7636.0,281.0,-52.0,333.0,195.0,72.0,212.0,15.0,1161.0,121.0,77.0,12.0,334.0,253.0,322.0,269.0,36.869064,-82.45195,1434,51_169_44,1433
103.0,118.0,36.0,7513.0,260.0,-63.0,323.0,179.0,111.0,196.0,1.0,1286.0,131.0,84.0,11.0,365.0,280.0,353.0,303.0,36.818245,-82.750321,1435,51_169_40,1434
105.0,123.0,36.0,7850.0,275.0,-66.0,341.0,113.0,0.0,203.0,0.0,1182.0,115.0,81.0,11.0,322.0,252.0,304.0,252.0,37.890637,-79.02645,1436,51_125_48,1435
93.0,116.0,34.0,7831.0,259.0,-75.0,334.0,102.0,-11.0,191.0,-11.0,1272.0,125.0,88.0,10.0,350.0,274.0,321.0,274.0,37.814866,-79.099603,1437,51_125_22,1436
100.0,130.0,36.0,8161.0,279.0,-80.0,359.0,183.0,-10.0,202.0,-10.0,962.0,98.0,59.0,16.0,284.0,183.0,279.0,183.0,38.895694,-78.727289,1438,51_171_6,1437
95.0,126.0,36.0,7909.0,269.0,-79.0,348.0,176.0,-11.0,194.0,-11.0,1029.0,102.0,67.0,13.0,292.0,205.0,288.0,205.0,38.503146,-79.109647,1439,51_165_93,1438
102.0,131.0,38.0,7563.0,270.0,-68.0,338.0,179.0,19.0,197.0,1.0,1057.0,107.0,73.0,12.0,305.0,226.0,289.0,226.0,36.916177,-81.069812,1440,51_197_22,1439
112.0,135.0,39.0,7641.0,282.0,-60.0,342.0,189.0,67.0,207.0,10.0,1068.0,112.0,76.0,13.0,313.0,233.0,301.0,237.0,37.04128,-81.484288,1441,51_185_39,1440
89.0,126.0,36.0,7888.0,259.0,-86.0,345.0,169.0,-17.0,187.0,-17.0,1182.0,118.0,83.0,9.0,329.0,259.0,320.0,259.0,38.306152,-79.745237,1442,51_91_18,1441
77.0,116.0,34.0,7868.0,241.0,-95.0,336.0,157.0,-29.0,174.0,-29.0,1300.0,126.0,93.0,8.0,357.0,290.0,347.0,290.0,38.419112,-79.68982,1443,51_91_29,1442
94.0,114.0,33.0,8009.0,261.0,-78.0,339.0,106.0,-13.0,194.0,-13.0,1172.0,112.0,76.0,13.0,325.0,236.0,318.0,236.0,38.417267,-78.474315,1444,51_79_3,1443
85.0,118.0,35.0,7825.0,252.0,-84.0,336.0,165.0,-19.0,183.0,-19.0,1205.0,113.0,83.0,10.0,324.0,257.0,314.0,257.0,38.172535,-79.308222,1445,51_15_208,1444
103.0,126.0,38.0,7355.0,264.0,-64.0,328.0,177.0,21.0,194.0,4.0,1209.0,119.0,86.0,11.0,345.0,265.0,331.0,267.0,36.725079,-81.554784,1446,51_173_8,1445
96.0,126.0,36.0,7879.0,269.0,-77.0,346.0,177.0,-9.0,195.0,-9.0,1079.0,105.0,72.0,12.0,299.0,222.0,291.0,222.0,38.260305,-79.237083,1447,51_15_23,1446
107.0,132.0,37.0,7893.0,284.0,-67.0,351.0,188.0,2.0,207.0,2.0,1027.0,102.0,69.0,12.0,287.0,211.0,280.0,211.0,38.175395,-79.257657,1448,51_15_29,1447
83.0,109.0,35.0,7187.0,232.0,-76.0,308.0,155.0,-14.0,172.0,-14.0,1403.0,136.0,97.0,10.0,395.0,302.0,381.0,302.0,36.643263,-81.585532,1449,51_77_42,1448
112.0,131.0,39.0,7439.0,277.0,-56.0,333.0,188.0,29.0,205.0,13.0,1199.0,120.0,86.0,11.0,344.0,262.0,332.0,265.0,36.629307,-81.760147,1450,51_191_72,1449
103.0,129.0,37.0,7692.0,273.0,-68.0,341.0,181.0,0.0,199.0,0.0,984.0,102.0,67.0,13.0,285.0,206.0,275.0,206.0,37.419125,-80.571794,1451,51_71_3,1450
113.0,128.0,36.0,7916.0,287.0,-60.0,347.0,205.0,8.0,213.0,8.0,1110.0,108.0,76.0,12.0,304.0,233.0,295.0,233.0,37.954246,-78.990882,1452,51_15_44,1451
94.0,116.0,35.0,7701.0,257.0,-72.0,329.0,102.0,-9.0,190.0,-9.0,1257.0,119.0,88.0,9.0,336.0,271.0,322.0,271.0,37.554291,-79.468224,1453,51_163_1,1452
116.0,138.0,37.0,8255.0,300.0,-69.0,369.0,200.0,5.0,219.0,5.0,961.0,95.0,62.0,15.0,279.0,189.0,277.0,189.0,38.756773,-78.437627,1454,51_139_20,1453
98.0,116.0,33.0,8238.0,269.0,-79.0,348.0,181.0,-13.0,201.0,-13.0,1097.0,109.0,70.0,14.0,313.0,215.0,305.0,215.0,38.775833,-78.229944,1455,51_187_39,1454
99.0,118.0,33.0,8193.0,270.0,-78.0,348.0,182.0,-12.0,201.0,-12.0,1100.0,109.0,70.0,14.0,313.0,217.0,306.0,217.0,38.712791,-78.263776,1456,51_157_7,1455
92.0,112.0,32.0,8120.0,258.0,-82.0,340.0,174.0,-17.0,193.0,-17.0,1165.0,113.0,75.0,14.0,325.0,232.0,317.0,232.0,38.624628,-78.310324,1457,51_157_12,1456
80.0,105.0,31.0,8028.0,241.0,-89.0,330.0,92.0,-28.0,180.0,-28.0,1260.0,123.0,82.0,13.0,357.0,254.0,334.0,254.0,38.568612,-78.37886,1458,51_113_13,1457
85.0,108.0,32.0,7966.0,247.0,-85.0,332.0,97.0,-22.0,184.0,-22.0,1239.0,121.0,81.0,13.0,351.0,251.0,329.0,251.0,38.468035,-78.401871,1459,51_113_10,1458
106.0,130.0,39.0,7423.0,270.0,-63.0,333.0,181.0,23.0,198.0,6.0,1151.0,115.0,83.0,11.0,331.0,251.0,316.0,256.0,36.793828,-81.484299,1460,51_173_31,1459
119.0,131.0,39.0,7443.0,283.0,-50.0,333.0,194.0,75.0,212.0,20.0,1199.0,122.0,84.0,11.0,342.0,261.0,333.0,274.0,36.406931,-82.109685,1461,47_19_38,1460
138.0,137.0,40.0,7508.0,307.0,-33.0,340.0,53.0,192.0,232.0,38.0,1487.0,160.0,91.0,14.0,434.0,311.0,355.0,408.0,35.089594,-84.511746,1462,47_139_72,1461
133.0,134.0,39.0,7477.0,300.0,-36.0,336.0,49.0,188.0,227.0,34.0,1534.0,165.0,95.0,14.0,448.0,322.0,363.0,420.0,35.009993,-84.56789,1463,47_139_73,1462
119.0,132.0,39.0,7415.0,284.0,-50.0,334.0,194.0,74.0,212.0,20.0,1205.0,122.0,85.0,11.0,344.0,263.0,335.0,274.0,36.407462,-82.059242,1464,47_19_52,1463
88.0,115.0,37.0,7008.0,238.0,-71.0,309.0,159.0,12.0,176.0,-5.0,1458.0,140.0,102.0,10.0,407.0,318.0,404.0,320.0,36.191949,-82.158362,1465,47_19_54,1464
132.0,135.0,40.0,7407.0,295.0,-40.0,335.0,47.0,186.0,224.0,33.0,1478.0,156.0,87.0,14.0,423.0,303.0,373.0,399.0,35.47972,-84.03656,1466,47_123_1,1465
111.0,129.0,39.0,7264.0,269.0,-57.0,326.0,28.0,164.0,201.0,13.0,1663.0,174.0,103.0,12.0,471.0,352.0,409.0,445.0,35.385306,-84.093593,1467,47_123_68,1466
125.0,136.0,40.0,7335.0,288.0,-47.0,335.0,41.0,179.0,216.0,27.0,1552.0,165.0,93.0,14.0,448.0,323.0,384.0,421.0,35.311456,-84.148714,1468,47_123_69,1467
133.0,137.0,40.0,7471.0,301.0,-37.0,338.0,49.0,188.0,226.0,34.0,1517.0,163.0,92.0,14.0,442.0,317.0,365.0,415.0,35.130175,-84.460421,1469,47_139_93,1468
139.0,138.0,40.0,7557.0,309.0,-33.0,342.0,54.0,195.0,234.0,39.0,1460.0,158.0,89.0,14.0,426.0,304.0,348.0,401.0,35.171547,-84.468338,1470,47_139_94,1469
106.0,126.0,38.0,7233.0,263.0,-61.0,324.0,23.0,160.0,196.0,9.0,1717.0,179.0,108.0,12.0,484.0,366.0,420.0,457.0,35.353095,-84.092099,1471,47_123_95,1470
112.0,131.0,40.0,7226.0,271.0,-56.0,327.0,30.0,166.0,202.0,15.0,1680.0,176.0,105.0,12.0,479.0,358.0,410.0,452.0,35.25601,-84.087874,1472,47_123_96,1471
134.0,137.0,40.0,7485.0,301.0,-38.0,339.0,49.0,189.0,228.0,34.0,1482.0,159.0,88.0,14.0,430.0,305.0,364.0,405.0,35.344855,-84.253269,1473,47_123_101,1472
137.0,137.0,40.0,7507.0,304.0,-36.0,340.0,52.0,193.0,230.0,36.0,1463.0,157.0,87.0,15.0,424.0,301.0,359.0,400.0,35.342937,-84.281014,1474,47_123_79,1473
125.0,137.0,40.0,7305.0,287.0,-48.0,335.0,42.0,132.0,216.0,27.0,1438.0,149.0,84.0,13.0,403.0,295.0,370.0,380.0,35.618722,-83.711319,1475,47_9_14,1474
116.0,133.0,40.0,7274.0,276.0,-54.0,330.0,33.0,170.0,206.0,18.0,1559.0,163.0,94.0,13.0,440.0,326.0,391.0,415.0,35.554484,-83.878824,1476,47_9_3,1475
98.0,124.0,38.0,7080.0,252.0,-66.0,318.0,96.0,105.0,186.0,3.0,1463.0,146.0,99.0,10.0,398.0,326.0,390.0,349.0,35.849911,-82.962374,1477,47_29_31,1476
127.0,135.0,39.0,7451.0,293.0,-45.0,338.0,203.0,133.0,220.0,28.0,1197.0,123.0,69.0,15.0,340.0,244.0,332.0,288.0,35.837647,-83.11783,1478,47_29_4,1477
95.0,119.0,37.0,7172.0,250.0,-67.0,317.0,168.0,16.0,184.0,-1.0,1352.0,134.0,95.0,11.0,383.0,295.0,376.0,296.0,36.469539,-81.937053,1479,47_91_35,1478
130.0,137.0,40.0,7453.0,297.0,-41.0,338.0,46.0,184.0,223.0,31.0,1527.0,164.0,92.0,14.0,443.0,319.0,372.0,416.0,35.222443,-84.360794,1480,47_139_78,1479
132.0,137.0,40.0,7456.0,301.0,-38.0,339.0,48.0,187.0,225.0,33.0,1518.0,163.0,92.0,14.0,442.0,318.0,366.0,415.0,35.135362,-84.42561,1481,47_139_79,1480
133.0,134.0,39.0,7509.0,300.0,-37.0,337.0,49.0,188.0,227.0,33.0,1530.0,165.0,94.0,14.0,446.0,320.0,363.0,418.0,35.045161,-84.569033,1482,47_139_82,1481
135.0,136.0,40.0,7525.0,303.0,-36.0,339.0,50.0,190.0,229.0,35.0,1507.0,162.0,92.0,14.0,439.0,315.0,358.0,413.0,35.115251,-84.520251,1483,47_139_88,1482
141.0,137.0,40.0,7582.0,311.0,-31.0,342.0,56.0,197.0,236.0,40.0,1455.0,158.0,89.0,14.0,425.0,303.0,344.0,400.0,35.125088,-84.543963,1484,47_139_89,1483
133.0,136.0,40.0,7492.0,302.0,-37.0,339.0,49.0,189.0,227.0,34.0,1513.0,163.0,92.0,14.0,441.0,317.0,362.0,414.0,35.1294,-84.491327,1485,47_139_99,1484
138.0,134.0,39.0,7588.0,306.0,-34.0,340.0,52.0,193.0,233.0,37.0,1481.0,160.0,92.0,14.0,430.0,310.0,347.0,406.0,35.116417,-84.633662,1486,47_139_100,1485
114.0,129.0,38.0,7405.0,277.0,-55.0,332.0,189.0,70.0,206.0,15.0,1215.0,124.0,87.0,11.0,348.0,266.0,339.0,274.0,36.490157,-82.052727,1487,47_163_47,1486
121.0,134.0,40.0,7391.0,284.0,-50.0,334.0,194.0,76.0,213.0,22.0,1198.0,125.0,80.0,13.0,345.0,256.0,336.0,274.0,36.190533,-82.325149,1488,47_171_37,1487
113.0,131.0,39.0,7282.0,274.0,-56.0,330.0,186.0,70.0,204.0,16.0,1213.0,124.0,80.0,12.0,344.0,259.0,338.0,279.0,36.108896,-82.53071,1489,47_171_38,1488
111.0,131.0,40.0,7195.0,270.0,-57.0,327.0,182.0,68.0,200.0,14.0,1259.0,126.0,88.0,12.0,355.0,274.0,348.0,286.0,36.126106,-82.363208,1490,47_171_39,1489
130.0,136.0,40.0,7555.0,297.0,-43.0,340.0,206.0,138.0,224.0,29.0,1131.0,123.0,70.0,14.0,331.0,236.0,322.0,264.0,36.192047,-82.482677,1491,47_179_30,1490
103.0,127.0,39.0,7105.0,259.0,-62.0,321.0,174.0,62.0,192.0,8.0,1334.0,131.0,96.0,11.0,372.0,295.0,367.0,300.0,36.14257,-82.265107,1492,47_171_31,1491
115.0,133.0,40.0,7235.0,276.0,-54.0,330.0,188.0,72.0,205.0,18.0,1207.0,123.0,81.0,13.0,343.0,257.0,337.0,275.0,36.065399,-82.472595,1493,47_171_34,1492
112.0,131.0,39.0,7248.0,272.0,-56.0,328.0,184.0,69.0,202.0,15.0,1236.0,126.0,84.0,12.0,351.0,267.0,344.0,283.0,36.186486,-82.392258,1494,47_171_36,1493
137.0,137.0,40.0,7552.0,305.0,-36.0,341.0,52.0,193.0,231.0,36.0,1475.0,159.0,89.0,14.0,429.0,306.0,354.0,405.0,35.265943,-84.417392,1495,47_123_106,1494
142.0,134.0,39.0,7572.0,308.0,-30.0,338.0,56.0,198.0,236.0,41.0,1398.0,150.0,82.0,15.0,402.0,282.0,350.0,380.0,35.524783,-84.135506,1496,47_123_80,1495
124.0,134.0,40.0,7349.0,286.0,-47.0,333.0,40.0,178.0,215.0,25.0,1544.0,163.0,92.0,14.0,442.0,320.0,385.0,417.0,35.431133,-84.088553,1497,47_123_81,1496
121.0,134.0,40.0,7340.0,283.0,-49.0,332.0,38.0,175.0,212.0,23.0,1579.0,167.0,95.0,13.0,453.0,330.0,390.0,427.0,35.348589,-84.152851,1498,47_123_82,1497
133.0,138.0,40.0,7472.0,300.0,-39.0,339.0,48.0,188.0,226.0,33.0,1498.0,161.0,90.0,14.0,435.0,311.0,365.0,409.0,35.282213,-84.315488,1499,47_123_93,1498
125.0,136.0,40.0,7334.0,288.0,-47.0,335.0,41.0,179.0,216.0,26.0,1555.0,165.0,94.0,14.0,449.0,325.0,384.0,422.0,35.284176,-84.173883,1500,47_123_135,1499
133.0,138.0,40.0,7453.0,301.0,-38.0,339.0,49.0,188.0,226.0,34.0,1506.0,162.0,90.0,14.0,439.0,314.0,366.0,411.0,35.177795,-84.364707,1501,47_139_68,1500
137.0,137.0,40.0,7575.0,306.0,-35.0,341.0,52.0,193.0,232.0,37.0,1476.0,159.0,90.0,14.0,429.0,308.0,354.0,404.0,35.215557,-84.450662,1502,47_139_70,1501
140.0,138.0,40.0,7579.0,309.0,-33.0,342.0,55.0,196.0,235.0,39.0,1455.0,158.0,89.0,14.0,424.0,303.0,344.0,400.0,35.178969,-84.518806,1503,47_139_71,1502
94.0,122.0,38.0,7079.0,247.0,-69.0,316.0,13.0,146.0,182.0,-1.0,1725.0,175.0,114.0,10.0,468.0,382.0,435.0,440.0,35.622313,-83.56651,1504,47_155_22,1503
117.0,133.0,39.0,7342.0,280.0,-53.0,333.0,190.0,73.0,208.0,19.0,1177.0,123.0,76.0,13.0,337.0,248.0,331.0,271.0,36.110912,-82.578329,1505,47_179_18,1504
110.0,129.0,39.0,7258.0,270.0,-58.0,328.0,183.0,66.0,200.0,13.0,1234.0,124.0,80.0,12.0,345.0,263.0,342.0,288.0,36.017079,-82.751927,1506,47_59_25,1505
127.0,134.0,39.0,7502.0,294.0,-44.0,338.0,203.0,81.0,221.0,27.0,1140.0,121.0,67.0,15.0,327.0,233.0,321.0,267.0,35.937117,-82.963289,1507,47_29_32,1506
103.0,124.0,38.0,7275.0,262.0,-62.0,324.0,176.0,22.0,193.0,5.0,1286.0,126.0,91.0,10.0,364.0,281.0,353.0,281.0,36.5385,-81.734244,1508,47_91_32,1507
120.0,132.0,39.0,7504.0,286.0,-50.0,336.0,196.0,75.0,214.0,20.0,1174.0,120.0,83.0,11.0,337.0,256.0,327.0,267.0,36.542249,-82.003697,1509,47_163_56,1508
125.0,134.0,39.0,7461.0,292.0,-45.0,337.0,201.0,79.0,219.0,26.0,1147.0,120.0,68.0,15.0,327.0,235.0,322.0,269.0,35.886331,-82.96389,1510,47_29_52,1509
131.0,134.0,39.0,7526.0,297.0,-41.0,338.0,207.0,137.0,225.0,31.0,1159.0,123.0,67.0,15.0,334.0,235.0,326.0,275.0,35.886322,-83.066632,1511,47_29_54,1510
96.0,123.0,38.0,7063.0,250.0,-66.0,316.0,93.0,102.0,184.0,2.0,1512.0,151.0,104.0,9.0,410.0,340.0,401.0,361.0,35.805568,-82.965905,1512,47_29_61,1511
113.0,131.0,39.0,7286.0,275.0,-55.0,330.0,187.0,69.0,204.0,16.0,1203.0,122.0,76.0,13.0,337.0,253.0,335.0,281.0,35.975278,-82.80393,1513,47_59_54,1512
100.0,122.0,37.0,7268.0,259.0,-64.0,323.0,174.0,20.0,191.0,3.0,1292.0,129.0,92.0,11.0,368.0,283.0,358.0,285.0,36.573026,-81.895007,1514,47_91_41,1513
130.0,134.0,40.0,7445.0,296.0,-39.0,335.0,46.0,185.0,223.0,31.0,1559.0,167.0,96.0,14.0,454.0,327.0,372.0,426.0,35.05248,-84.517862,1515,47_139_95,1514
115.0,131.0,39.0,7370.0,278.0,-54.0,332.0,189.0,122.0,207.0,17.0,1215.0,123.0,74.0,13.0,339.0,255.0,335.0,290.0,35.972392,-82.959467,1516,47_29_41,1515
118.0,134.0,40.0,7350.0,282.0,-52.0,334.0,193.0,124.0,210.0,20.0,1240.0,126.0,73.0,13.0,345.0,256.0,338.0,302.0,35.887495,-83.130076,1517,47_29_50,1516
91.0,116.0,37.0,7118.0,243.0,-70.0,313.0,163.0,12.0,179.0,-5.0,1384.0,137.0,98.0,11.0,392.0,303.0,386.0,305.0,36.438052,-82.130041,1518,47_163_73,1517
97.0,122.0,38.0,7107.0,252.0,-66.0,318.0,169.0,19.0,186.0,2.0,1371.0,135.0,97.0,11.0,385.0,299.0,382.0,302.0,36.273284,-82.056807,1519,47_19_44,1518
111.0,129.0,39.0,7259.0,271.0,-57.0,328.0,184.0,68.0,201.0,13.0,1260.0,127.0,89.0,11.0,357.0,275.0,350.0,285.0,36.27955,-82.206717,1520,47_19_48,1519
131.0,135.0,39.0,7541.0,298.0,-41.0,339.0,46.0,186.0,225.0,30.0,1518.0,163.0,92.0,14.0,439.0,315.0,364.0,415.0,35.296706,-84.457668,1521,47_123_92,1520
111.0,129.0,38.0,7407.0,274.0,-57.0,331.0,186.0,29.0,204.0,12.0,1221.0,122.0,88.0,11.0,349.0,268.0,339.0,271.0,36.582698,-81.837779,1522,47_91_47,1521
92.0,116.0,36.0,7198.0,245.0,-70.0,315.0,164.0,13.0,181.0,-5.0,1374.0,135.0,96.0,11.0,389.0,299.0,381.0,299.0,36.494746,-81.892006,1523,47_91_48,1522
128.0,132.0,37.0,8017.0,300.0,-52.0,352.0,209.0,186.0,227.0,20.0,1255.0,127.0,77.0,12.0,353.0,269.0,330.0,302.0,36.965328,-84.131784,1524,21_235_10,1523
122.0,135.0,37.0,8047.0,296.0,-61.0,357.0,204.0,180.0,222.0,14.0,1254.0,130.0,80.0,12.0,359.0,275.0,342.0,297.0,37.286631,-83.555208,1525,21_189_10,1524
118.0,137.0,37.0,8304.0,299.0,-66.0,365.0,202.0,128.0,222.0,6.0,1158.0,131.0,74.0,16.0,348.0,247.0,333.0,258.0,38.11936,-83.320476,1526,21_205_5,1525
121.0,129.0,35.0,8302.0,298.0,-61.0,359.0,206.0,130.0,225.0,10.0,1231.0,131.0,74.0,15.0,357.0,265.0,341.0,282.0,37.839997,-83.835555,1527,21_197_6,1526
131.0,133.0,39.0,7529.0,297.0,-40.0,337.0,46.0,186.0,225.0,31.0,1537.0,165.0,95.0,14.0,445.0,321.0,363.0,420.0,35.142626,-84.595939,1528,47_139_2,1527
140.0,135.0,39.0,7567.0,308.0,-32.0,340.0,55.0,195.0,235.0,39.0,1473.0,159.0,92.0,14.0,429.0,309.0,346.0,404.0,35.045834,-84.629364,1529,47_139_107,1528
136.0,138.0,40.0,7541.0,305.0,-37.0,342.0,51.0,191.0,230.0,36.0,1484.0,160.0,90.0,14.0,432.0,309.0,357.0,406.0,35.224894,-84.415644,1530,47_139_102,1529
134.0,137.0,40.0,7459.0,302.0,-36.0,338.0,50.0,189.0,228.0,35.0,1509.0,162.0,92.0,14.0,441.0,316.0,362.0,414.0,35.085085,-84.46896,1531,47_139_103,1530
101.0,115.0,36.0,7266.0,254.0,-61.0,315.0,18.0,154.0,191.0,3.0,1833.0,192.0,119.0,11.0,517.0,393.0,438.0,486.0,34.994454,-84.522355,1532,47_139_104,1531
141.0,134.0,39.0,7577.0,308.0,-31.0,339.0,55.0,196.0,236.0,40.0,1473.0,159.0,92.0,14.0,429.0,309.0,345.0,404.0,35.002097,-84.670066,1533,47_139_108,1532
125.0,130.0,37.0,7889.0,295.0,-53.0,348.0,204.0,183.0,223.0,18.0,1338.0,129.0,84.0,11.0,368.0,291.0,345.0,330.0,36.677071,-84.687225,1534,21_147_27,1533
120.0,133.0,36.0,8303.0,300.0,-63.0,363.0,204.0,129.0,223.0,8.0,1200.0,133.0,73.0,16.0,357.0,254.0,340.0,271.0,38.06,-83.53,1535,21_11_22,1534
128.0,130.0,37.0,8011.0,300.0,-51.0,351.0,209.0,186.0,227.0,20.0,1272.0,126.0,78.0,12.0,355.0,274.0,331.0,309.0,36.97,-84.29,1536,21_125_41,1535
119.0,135.0,37.0,8297.0,299.0,-65.0,364.0,203.0,129.0,222.0,7.0,1183.0,133.0,74.0,16.0,354.0,251.0,338.0,266.0,38.06,-83.43,1537,21_205_15,1536
124.0,136.0,38.0,7987.0,298.0,-56.0,354.0,205.0,183.0,224.0,17.0,1259.0,130.0,80.0,12.0,359.0,272.0,341.0,303.0,37.08,-83.52,1538,21_131_4,1537
123.0,135.0,38.0,8020.0,297.0,-57.0,354.0,204.0,182.0,223.0,16.0,1270.0,131.0,81.0,12.0,362.0,274.0,344.0,306.0,37.08,-83.53,1539,21_131_3,1538
127.0,132.0,37.0,7886.0,298.0,-51.0,349.0,206.0,185.0,225.0,20.0,1323.0,128.0,84.0,11.0,364.0,289.0,342.0,325.0,36.67,-84.58,1540,21_147_39,1539
127.0,138.0,38.0,8009.0,302.0,-54.0,356.0,208.0,186.0,227.0,20.0,1245.0,129.0,79.0,12.0,354.0,269.0,337.0,300.0,37.06,-83.53,1541,21_131_5,1540
117.0,132.0,36.0,8331.0,296.0,-66.0,362.0,201.0,127.0,220.0,4.0,1169.0,129.0,73.0,16.0,350.0,248.0,334.0,259.0,38.22,-83.44,1542,21_205_24,1541
128.0,132.0,37.0,7934.0,300.0,-49.0,349.0,208.0,186.0,227.0,21.0,1284.0,126.0,79.0,12.0,357.0,277.0,334.0,314.0,36.86,-84.33,1543,21_147_4,1542
128.0,133.0,38.0,7924.0,300.0,-50.0,350.0,208.0,187.0,227.0,21.0,1296.0,126.0,81.0,11.0,359.0,282.0,336.0,318.0,36.78,-84.51,1544,21_147_40,1543
125.0,130.0,37.0,7934.0,296.0,-53.0,349.0,205.0,184.0,224.0,18.0,1318.0,128.0,83.0,11.0,365.0,287.0,341.0,322.0,36.83,-84.5,1545,21_147_34,1544
120.0,132.0,37.0,7976.0,291.0,-59.0,350.0,200.0,178.0,219.0,13.0,1300.0,133.0,83.0,12.0,369.0,280.0,350.0,315.0,37.03,-83.59,1546,21_51_15,1545
116.0,131.0,36.0,8362.0,295.0,-67.0,362.0,200.0,126.0,220.0,3.0,1157.0,128.0,73.0,16.0,347.0,247.0,332.0,254.0,38.28,-83.39,1547,21_205_30,1546
126.0,129.0,36.0,8027.0,297.0,-53.0,350.0,208.0,184.0,226.0,18.0,1269.0,127.0,78.0,12.0,356.0,274.0,332.0,306.0,37.03,-84.24,1548,21_125_43,1547
129.0,131.0,37.0,7986.0,302.0,-49.0,351.0,210.0,188.0,228.0,22.0,1280.0,125.0,79.0,12.0,356.0,278.0,332.0,312.0,36.914262,-84.439527,1549,21_147_2,1548
122.0,135.0,38.0,8006.0,296.0,-58.0,354.0,203.0,181.0,222.0,15.0,1268.0,131.0,81.0,12.0,362.0,276.0,344.0,303.0,37.151302,-83.548211,1550,21_131_60,1549
122.0,129.0,39.0,7238.0,282.0,-43.0,325.0,40.0,176.0,213.0,26.0,1666.0,179.0,106.0,13.0,487.0,354.0,395.0,454.0,34.770809,-84.298385,1551,13_123_40,1550
133.0,135.0,41.0,6926.0,290.0,-33.0,323.0,55.0,140.0,220.0,41.0,1751.0,184.0,120.0,11.0,496.0,388.0,419.0,471.0,34.799972,-83.391548,1552,13_241_7,1551
124.0,133.0,41.0,6924.0,280.0,-41.0,321.0,45.0,174.0,210.0,31.0,1888.0,194.0,137.0,9.0,516.0,433.0,458.0,492.0,34.962431,-83.167921,1553,13_241_18,1552
139.0,136.0,41.0,7027.0,298.0,-28.0,326.0,59.0,145.0,227.0,45.0,1679.0,176.0,118.0,10.0,470.0,373.0,413.0,443.0,34.890365,-83.206873,1554,13_241_6,1553
117.0,130.0,40.0,6943.0,272.0,-48.0,320.0,38.0,169.0,203.0,24.0,1807.0,191.0,121.0,11.0,517.0,398.0,429.0,487.0,34.795691,-83.742987,1555,13_311_12,1554
117.0,127.0,39.0,7014.0,272.0,-47.0,319.0,37.0,169.0,205.0,23.0,1776.0,189.0,117.0,12.0,513.0,388.0,422.0,480.0,34.709912,-83.920085,1556,13_187_17,1555
133.0,131.0,40.0,7188.0,293.0,-33.0,326.0,52.0,185.0,223.0,38.0,1623.0,178.0,104.0,14.0,483.0,345.0,380.0,449.0,34.619552,-84.124362,1557,13_187_54,1556
141.0,131.0,38.0,7563.0,306.0,-30.0,336.0,56.0,197.0,236.0,41.0,1464.0,166.0,90.0,16.0,438.0,298.0,328.0,405.0,34.525708,-85.068781,1558,13_129_66,1557
119.0,124.0,38.0,7368.0,279.0,-47.0,326.0,36.0,173.0,212.0,21.0,1674.0,179.0,106.0,13.0,485.0,353.0,394.0,454.0,34.87064,-84.585147,1559,13_111_3,1558
125.0,131.0,39.0,7244.0,286.0,-42.0,328.0,43.0,179.0,216.0,29.0,1636.0,176.0,103.0,13.0,480.0,347.0,389.0,447.0,34.801755,-84.29866,1560,13_111_11,1559
117.0,125.0,38.0,7207.0,275.0,-47.0,322.0,35.0,171.0,208.0,22.0,1716.0,184.0,110.0,13.0,498.0,366.0,406.0,465.0,34.740487,-84.3564,1561,13_123_73,1560
119.0,127.0,38.0,7361.0,280.0,-48.0,328.0,35.0,173.0,211.0,21.0,1662.0,177.0,105.0,13.0,480.0,351.0,394.0,450.0,34.963578,-84.531405,1562,13_111_17,1561
139.0,130.0,39.0,7497.0,303.0,-30.0,333.0,55.0,195.0,233.0,40.0,1512.0,163.0,96.0,14.0,445.0,313.0,350.0,417.0,34.709776,-84.68675,1563,13_213_29,1562
144.0,134.0,39.0,7649.0,311.0,-29.0,340.0,59.0,200.0,240.0,42.0,1452.0,165.0,89.0,16.0,435.0,297.0,322.0,405.0,34.606932,-85.226878,1564,13_295_120,1563
145.0,134.0,39.0,7611.0,312.0,-27.0,339.0,60.0,201.0,240.0,44.0,1439.0,165.0,87.0,17.0,433.0,291.0,319.0,402.0,34.532424,-85.253676,1565,13_55_60,1564
117.0,127.0,39.0,7035.0,272.0,-47.0,319.0,37.0,169.0,205.0,24.0,1763.0,188.0,116.0,12.0,510.0,383.0,418.0,477.0,34.690343,-83.984336,1566,13_187_43,1565
133.0,133.0,40.0,7093.0,293.0,-32.0,325.0,53.0,185.0,223.0,39.0,1629.0,179.0,104.0,14.0,483.0,349.0,382.0,449.0,34.645648,-83.982929,1567,13_187_44,1566
136.0,132.0,40.0,7143.0,296.0,-29.0,325.0,55.0,188.0,226.0,41.0,1618.0,178.0,103.0,15.0,483.0,344.0,377.0,450.0,34.600841,-84.019299,1568,13_187_50,1567
121.0,126.0,38.0,7333.0,280.0,-45.0,325.0,37.0,175.0,212.0,23.0,1668.0,178.0,106.0,13.0,484.0,352.0,393.0,453.0,34.840686,-84.540522,1569,13_123_90,1568
124.0,134.0,41.0,6885.0,280.0,-41.0,321.0,46.0,176.0,210.0,32.0,1860.0,192.0,133.0,9.0,514.0,423.0,448.0,490.0,34.958298,-83.234695,1570,13_241_95,1569
120.0,127.0,38.0,7335.0,281.0,-46.0,327.0,37.0,174.0,212.0,23.0,1669.0,178.0,106.0,13.0,484.0,353.0,395.0,453.0,34.864738,-84.490216,1571,13_111_89,1570
140.0,130.0,38.0,7650.0,306.0,-31.0,337.0,55.0,197.0,236.0,39.0,1469.0,165.0,91.0,16.0,437.0,303.0,327.0,408.0,34.708649,-85.154852,1572,13_295_116,1571
120.0,129.0,40.0,7020.0,276.0,-45.0,321.0,41.0,172.0,208.0,27.0,1727.0,185.0,113.0,12.0,501.0,376.0,410.0,468.0,34.722594,-83.943274,1573,13_187_47,1572
119.0,126.0,38.0,7336.0,280.0,-46.0,326.0,36.0,173.0,211.0,22.0,1669.0,178.0,105.0,13.0,483.0,353.0,396.0,452.0,34.912203,-84.501095,1574,13_111_92,1573
122.0,137.0,41.0,7060.0,280.0,-47.0,327.0,42.0,175.0,210.0,28.0,1662.0,178.0,106.0,13.0,483.0,360.0,399.0,451.0,34.916291,-83.89441,1575,13_291_103,1574
145.0,134.0,39.0,7647.0,312.0,-28.0,340.0,59.0,201.0,241.0,43.0,1438.0,164.0,87.0,17.0,432.0,292.0,319.0,402.0,34.564096,-85.231179,1576,13_55_57,1575
122.0,129.0,39.0,7134.0,280.0,-43.0,323.0,42.0,175.0,212.0,27.0,1697.0,183.0,110.0,13.0,496.0,365.0,402.0,462.0,34.697709,-84.100718,1577,13_291_125,1576
130.0,134.0,41.0,6917.0,286.0,-35.0,321.0,52.0,181.0,216.0,38.0,1773.0,187.0,121.0,11.0,505.0,393.0,420.0,479.0,34.771449,-83.462095,1578,13_241_110,1577
134.0,133.0,41.0,6930.0,290.0,-31.0,321.0,55.0,141.0,221.0,42.0,1730.0,183.0,118.0,11.0,494.0,382.0,414.0,466.0,34.726138,-83.432687,1579,13_137_15,1578
148.0,130.0,40.0,7062.0,306.0,-16.0,322.0,68.0,154.0,236.0,54.0,1520.0,165.0,104.0,13.0,447.0,328.0,367.0,413.0,34.553224,-83.401321,1580,13_257_21,1579
120.0,131.0,40.0,7062.0,277.0,-46.0,323.0,40.0,172.0,208.0,26.0,1719.0,184.0,112.0,12.0,498.0,374.0,409.0,465.0,34.777444,-83.947656,1581,13_291_113,1580
130.0,136.0,41.0,6947.0,288.0,-37.0,325.0,51.0,136.0,217.0,37.0,1792.0,186.0,127.0,10.0,498.0,405.0,433.0,474.0,34.938495,-83.223736,1582,13_241_12,1581
129.0,134.0,41.0,6979.0,286.0,-37.0,323.0,51.0,181.0,217.0,36.0,1709.0,184.0,112.0,13.0,496.0,373.0,403.0,466.0,34.73596,-83.710357,1583,13_311_7,1582
126.0,136.0,42.0,6894.0,284.0,-39.0,323.0,48.0,178.0,212.0,35.0,1817.0,189.0,128.0,10.0,507.0,410.0,435.0,483.0,34.927336,-83.285346,1584,13_241_99,1583
143.0,133.0,39.0,7629.0,310.0,-29.0,339.0,57.0,199.0,239.0,42.0,1451.0,165.0,89.0,16.0,435.0,296.0,322.0,404.0,34.598181,-85.181964,1585,13_295_51,1584
132.0,141.0,41.0,7266.0,298.0,-39.0,337.0,50.0,139.0,223.0,36.0,1526.0,164.0,93.0,14.0,449.0,320.0,374.0,417.0,34.969654,-84.096055,1586,13_291_94,1585
125.0,131.0,40.0,7182.0,285.0,-41.0,326.0,44.0,178.0,215.0,30.0,1653.0,178.0,105.0,13.0,485.0,353.0,393.0,452.0,34.745637,-84.170873,1587,13_111_26,1586
138.0,131.0,40.0,7176.0,298.0,-27.0,325.0,57.0,191.0,228.0,43.0,1599.0,177.0,102.0,15.0,480.0,338.0,370.0,447.0,34.5716,-84.091723,1588,13_187_8,1587
116.0,127.0,39.0,6993.0,270.0,-48.0,318.0,36.0,167.0,203.0,22.0,1794.0,191.0,119.0,12.0,517.0,392.0,426.0,484.0,34.728779,-83.881498,1589,13_291_1,1588
126.0,139.0,41.0,7131.0,287.0,-45.0,332.0,45.0,133.0,215.0,31.0,1595.0,171.0,100.0,13.0,465.0,341.0,387.0,433.0,34.950793,-83.939176,1590,13_291_8,1589
121.0,128.0,39.0,7305.0,282.0,-45.0,327.0,38.0,175.0,212.0,24.0,1659.0,178.0,105.0,13.0,483.0,351.0,393.0,451.0,34.860071,-84.45785,1591,13_111_31,1590
130.0,127.0,38.0,7439.0,293.0,-38.0,331.0,47.0,185.0,224.0,32.0,1590.0,171.0,101.0,14.0,465.0,332.0,371.0,435.0,34.761995,-84.642309,1592,13_213_21,1591
127.0,133.0,40.0,7203.0,287.0,-41.0,328.0,45.0,180.0,217.0,31.0,1628.0,176.0,103.0,14.0,479.0,347.0,387.0,445.0,34.786849,-84.172314,1593,13_111_1,1592
121.0,136.0,41.0,7125.0,281.0,-48.0,329.0,40.0,174.0,210.0,26.0,1652.0,176.0,105.0,13.0,480.0,356.0,398.0,449.0,34.947032,-83.962975,1594,13_291_6,1593
125.0,129.0,39.0,7183.0,284.0,-40.0,324.0,44.0,178.0,215.0,29.0,1660.0,179.0,106.0,13.0,487.0,354.0,392.0,454.0,34.699303,-84.230121,1595,13_111_46,1594
115.0,121.0,37.0,7357.0,272.0,-50.0,322.0,31.0,169.0,207.0,17.0,1717.0,183.0,110.0,13.0,495.0,363.0,404.0,464.0,34.853477,-84.620526,1596,13_213_35,1595
134.0,131.0,40.0,7153.0,294.0,-31.0,325.0,54.0,186.0,224.0,39.0,1615.0,178.0,103.0,15.0,482.0,342.0,377.0,448.0,34.612242,-84.116588,1597,13_187_22,1596
164.0,130.0,40.0,7197.0,324.0,0.0,324.0,84.0,170.0,255.0,69.0,1224.0,133.0,79.0,16.0,371.0,247.0,303.0,337.0,33.78386,-83.233333,1598,13_221_2,1597
127.0,133.0,40.0,7196.0,288.0,-41.0,329.0,45.0,180.0,217.0,31.0,1627.0,176.0,103.0,14.0,479.0,347.0,387.0,445.0,34.78491,-84.195211,1599,13_111_67,1598
152.0,131.0,40.0,7119.0,312.0,-12.0,324.0,72.0,158.0,242.0,58.0,1445.0,158.0,100.0,13.0,429.0,311.0,346.0,394.0,34.480935,-83.424734,1600,13_257_18,1599
111.0,120.0,37.0,7317.0,267.0,-54.0,321.0,27.0,165.0,202.0,13.0,1742.0,185.0,111.0,12.0,499.0,369.0,412.0,468.0,34.924743,-84.590459,1601,13_111_6,1600
132.0,137.0,40.0,7381.0,299.0,-36.0,335.0,49.0,186.0,225.0,34.0,1548.0,166.0,94.0,14.0,454.0,325.0,372.0,424.0,34.97006,-84.426459,1602,13_111_116,1601
129.0,136.0,40.0,7243.0,292.0,-40.0,332.0,47.0,182.0,220.0,33.0,1585.0,171.0,99.0,14.0,467.0,337.0,381.0,434.0,34.874478,-84.186139,1603,13_111_71,1602
119.0,126.0,39.0,7071.0,274.0,-45.0,319.0,38.0,171.0,207.0,24.0,1746.0,187.0,114.0,12.0,507.0,378.0,413.0,473.0,34.652515,-84.035725,1604,13_187_6,1603
116.0,131.0,41.0,6835.0,271.0,-46.0,317.0,39.0,167.0,202.0,25.0,1911.0,197.0,134.0,10.0,532.0,431.0,457.0,508.0,34.935838,-83.363089,1605,13_241_5,1604
107.0,124.0,39.0,6914.0,258.0,-54.0,312.0,28.0,158.0,193.0,14.0,1926.0,200.0,132.0,10.0,540.0,429.0,462.0,511.0,34.868552,-83.650076,1606,13_241_41,1605
131.0,129.0,39.0,7182.0,290.0,-34.0,324.0,50.0,184.0,222.0,36.0,1636.0,179.0,105.0,14.0,486.0,347.0,382.0,452.0,34.586447,-84.170524,1607,13_187_56,1606
124.0,131.0,40.0,7206.0,284.0,-43.0,327.0,42.0,177.0,214.0,28.0,1649.0,177.0,105.0,13.0,482.0,352.0,393.0,449.0,34.802352,-84.218379,1608,13_111_81,1607
147.0,134.0,39.0,7564.0,313.0,-25.0,338.0,62.0,202.0,242.0,46.0,1412.0,163.0,86.0,17.0,426.0,285.0,315.0,391.0,34.503289,-85.044375,1609,13_129_25,1608
118.0,129.0,40.0,7098.0,274.0,-48.0,322.0,37.0,171.0,207.0,24.0,1726.0,184.0,112.0,12.0,500.0,374.0,411.0,467.0,34.77219,-84.035986,1610,13_291_40,1609
106.0,122.0,39.0,6911.0,256.0,-54.0,310.0,27.0,157.0,192.0,13.0,1940.0,201.0,133.0,10.0,544.0,432.0,466.0,514.0,34.807412,-83.687695,1611,13_281_2,1610
117.0,131.0,40.0,7009.0,272.0,-49.0,321.0,37.0,169.0,204.0,23.0,1763.0,187.0,116.0,12.0,507.0,386.0,420.0,476.0,34.854772,-83.848602,1612,13_291_9,1611
143.0,131.0,38.0,7598.0,309.0,-29.0,338.0,58.0,199.0,239.0,42.0,1448.0,163.0,90.0,16.0,431.0,297.0,325.0,400.0,34.610515,-85.01968,1613,13_129_30,1612
124.0,134.0,41.0,6938.0,280.0,-42.0,322.0,45.0,175.0,210.0,31.0,1782.0,189.0,119.0,12.0,512.0,392.0,420.0,484.0,34.808242,-83.609055,1614,13_137_46,1613
119.0,135.0,41.0,6897.0,275.0,-47.0,322.0,41.0,171.0,205.0,27.0,1818.0,191.0,123.0,11.0,518.0,402.0,429.0,493.0,34.94839,-83.536606,1615,13_241_123,1614
147.0,135.0,39.0,7569.0,314.0,-24.0,338.0,63.0,203.0,242.0,47.0,1422.0,165.0,84.0,17.0,431.0,285.0,317.0,398.0,34.43882,-85.303484,1616,13_55_62,1615
125.0,135.0,41.0,6937.0,281.0,-42.0,323.0,46.0,177.0,211.0,32.0,1770.0,188.0,118.0,12.0,508.0,389.0,417.0,481.0,34.838568,-83.602506,1617,13_241_131,1616
145.0,131.0,38.0,7728.0,313.0,-27.0,340.0,59.0,202.0,242.0,43.0,1425.0,160.0,89.0,16.0,424.0,295.0,316.0,398.0,34.794643,-85.131711,1618,13_313_41,1617
141.0,134.0,41.0,7008.0,300.0,-25.0,325.0,62.0,147.0,229.0,48.0,1641.0,174.0,112.0,11.0,468.0,359.0,400.0,439.0,34.762515,-83.345868,1619,13_241_107,1618
139.0,136.0,41.0,7053.0,300.0,-28.0,328.0,60.0,146.0,228.0,46.0,1665.0,175.0,115.0,11.0,468.0,368.0,409.0,440.0,34.868681,-83.256865,1620,13_241_104,1619
119.0,123.0,37.0,7371.0,278.0,-48.0,326.0,35.0,173.0,211.0,20.0,1680.0,180.0,107.0,13.0,486.0,354.0,393.0,455.0,34.843759,-84.648457,1621,13_213_84,1620
115.0,127.0,39.0,7110.0,271.0,-50.0,321.0,34.0,167.0,204.0,20.0,1759.0,187.0,115.0,12.0,507.0,382.0,419.0,474.0,34.78253,-84.079324,1622,13_291_122,1621
114.0,123.0,38.0,7084.0,269.0,-48.0,317.0,34.0,167.0,203.0,20.0,1774.0,189.0,116.0,12.0,513.0,383.0,421.0,479.0,34.661152,-84.147232,1623,13_291_126,1622
134.0,132.0,39.0,7492.0,300.0,-35.0,335.0,50.0,189.0,228.0,34.0,1540.0,166.0,96.0,14.0,450.0,322.0,361.0,422.0,34.929973,-84.627538,1624,13_213_75,1623
119.0,123.0,37.0,7364.0,278.0,-46.0,324.0,36.0,173.0,211.0,21.0,1670.0,179.0,106.0,13.0,483.0,351.0,391.0,453.0,34.881799,-84.673062,1625,13_213_82,1624
166.0,131.0,40.0,7236.0,327.0,0.0,327.0,85.0,171.0,257.0,70.0,1211.0,132.0,78.0,16.0,368.0,243.0,300.0,334.0,33.76916,-83.277739,1626,13_221_93,1625
114.0,129.0,40.0,6858.0,267.0,-48.0,315.0,36.0,165.0,199.0,22.0,1920.0,199.0,134.0,10.0,537.0,431.0,458.0,511.0,34.895903,-83.442042,1627,13_241_120,1626
129.0,135.0,41.0,6911.0,286.0,-37.0,323.0,50.0,180.0,215.0,37.0,1775.0,187.0,120.0,11.0,507.0,392.0,419.0,482.0,34.822162,-83.477461,1628,13_241_129,1627
128.0,135.0,41.0,6990.0,285.0,-39.0,324.0,49.0,135.0,215.0,35.0,1694.0,182.0,111.0,12.0,492.0,370.0,401.0,461.0,34.763627,-83.774102,1629,13_311_40,1628
141.0,130.0,38.0,7624.0,305.0,-31.0,336.0,55.0,197.0,236.0,39.0,1473.0,164.0,92.0,15.0,436.0,304.0,331.0,407.0,34.682098,-85.034095,1630,13_313_39,1629
135.0,133.0,39.0,7486.0,301.0,-35.0,336.0,51.0,190.0,229.0,35.0,1526.0,164.0,95.0,14.0,445.0,320.0,359.0,418.0,34.972717,-84.623569,1631,13_213_74,1630
110.0,125.0,39.0,6960.0,263.0,-53.0,316.0,31.0,161.0,197.0,17.0,1870.0,196.0,126.0,11.0,531.0,413.0,447.0,500.0,34.816111,-83.768387,1632,13_281_43,1631
141.0,131.0,38.0,7552.0,306.0,-30.0,336.0,56.0,197.0,236.0,41.0,1484.0,161.0,94.0,14.0,436.0,308.0,343.0,407.0,34.734398,-84.724051,1633,13_213_89,1632
133.0,130.0,39.0,7445.0,297.0,-36.0,333.0,49.0,188.0,227.0,35.0,1567.0,168.0,99.0,14.0,460.0,327.0,367.0,431.0,34.799363,-84.589835,1634,13_123_30,1633
142.0,130.0,40.0,7026.0,299.0,-22.0,321.0,63.0,148.0,230.0,49.0,1615.0,173.0,111.0,12.0,467.0,353.0,391.0,435.0,34.646371,-83.352141,1635,13_257_25,1634
146.0,129.0,40.0,7073.0,303.0,-18.0,321.0,66.0,153.0,234.0,52.0,1539.0,167.0,105.0,13.0,452.0,333.0,370.0,418.0,34.535789,-83.43153,1636,13_257_29,1635
150.0,130.0,40.0,7087.0,309.0,-14.0,323.0,71.0,156.0,239.0,56.0,1470.0,160.0,101.0,13.0,435.0,317.0,352.0,401.0,34.488276,-83.425767,1637,13_257_30,1636
147.0,131.0,40.0,7068.0,306.0,-17.0,323.0,68.0,153.0,236.0,54.0,1546.0,167.0,106.0,12.0,451.0,334.0,377.0,418.0,34.64948,-83.317078,1638,13_257_13,1637
120.0,130.0,40.0,6981.0,276.0,-45.0,321.0,41.0,171.0,207.0,27.0,1765.0,188.0,117.0,12.0,509.0,387.0,418.0,478.0,34.743253,-83.800859,1639,13_311_43,1638
127.0,137.0,42.0,6940.0,285.0,-40.0,325.0,49.0,179.0,214.0,35.0,1744.0,185.0,116.0,12.0,502.0,383.0,410.0,477.0,34.878922,-83.568946,1640,13_241_126,1639
119.0,127.0,39.0,7219.0,277.0,-47.0,324.0,37.0,173.0,209.0,23.0,1697.0,182.0,108.0,13.0,494.0,361.0,402.0,461.0,34.767686,-84.33236,1641,13_123_35,1640
124.0,135.0,41.0,6957.0,281.0,-43.0,324.0,45.0,176.0,211.0,31.0,1729.0,184.0,114.0,12.0,499.0,379.0,409.0,470.0,34.8398,-83.713681,1642,13_281_16,1641
123.0,127.0,39.0,7185.0,280.0,-42.0,322.0,42.0,176.0,213.0,27.0,1688.0,182.0,109.0,13.0,494.0,361.0,398.0,460.0,34.658121,-84.230948,1643,13_123_15,1642
128.0,131.0,40.0,7227.0,289.0,-38.0,327.0,47.0,182.0,219.0,32.0,1626.0,176.0,103.0,14.0,480.0,344.0,384.0,447.0,34.721491,-84.247102,1644,13_111_84,1643
136.0,136.0,41.0,6999.0,294.0,-31.0,325.0,57.0,143.0,223.0,42.0,1671.0,180.0,109.0,13.0,486.0,363.0,394.0,458.0,34.765238,-83.654245,1645,13_311_35,1644
116.0,132.0,40.0,6997.0,272.0,-51.0,323.0,36.0,168.0,203.0,22.0,1766.0,187.0,116.0,12.0,507.0,386.0,421.0,477.0,34.895037,-83.820289,1646,13_291_38,1645
139.0,132.0,39.0,7565.0,306.0,-31.0,337.0,54.0,195.0,234.0,39.0,1497.0,161.0,95.0,14.0,437.0,314.0,348.0,411.0,34.875066,-84.704665,1647,13_213_11,1646
122.0,129.0,40.0,6979.0,277.0,-42.0,319.0,43.0,174.0,209.0,29.0,1759.0,188.0,117.0,12.0,508.0,386.0,416.0,476.0,34.683041,-83.802932,1648,13_311_44,1647
120.0,131.0,40.0,7106.0,279.0,-47.0,326.0,39.0,173.0,209.0,26.0,1695.0,182.0,109.0,13.0,493.0,367.0,404.0,459.0,34.792159,-84.011195,1649,13_291_13,1648
120.0,129.0,40.0,7087.0,277.0,-45.0,322.0,39.0,172.0,208.0,25.0,1720.0,184.0,112.0,12.0,500.0,373.0,408.0,467.0,34.737885,-84.027859,1650,13_291_23,1649
128.0,136.0,42.0,6905.0,285.0,-38.0,323.0,50.0,179.0,214.0,36.0,1808.0,189.0,125.0,11.0,510.0,404.0,430.0,486.0,34.877377,-83.363173,1651,13_241_3,1650
113.0,131.0,41.0,6851.0,267.0,-50.0,317.0,35.0,164.0,198.0,21.0,1890.0,196.0,130.0,10.0,530.0,422.0,451.0,505.0,34.961178,-83.477802,1652,13_241_16,1651
123.0,135.0,41.0,6879.0,279.0,-43.0,322.0,45.0,174.0,209.0,31.0,1816.0,191.0,123.0,11.0,518.0,402.0,428.0,493.0,34.882148,-83.501805,1653,13_241_8,1652
145.0,132.0,40.0,7055.0,304.0,-20.0,324.0,66.0,152.0,234.0,52.0,1577.0,169.0,107.0,12.0,457.0,342.0,383.0,426.0,34.680668,-83.387345,1654,13_137_38,1653
116.0,124.0,38.0,7308.0,275.0,-49.0,324.0,33.0,170.0,208.0,19.0,1699.0,181.0,108.0,13.0,491.0,360.0,402.0,460.0,34.876027,-84.516077,1655,13_111_28,1654
124.0,129.0,39.0,7177.0,282.0,-42.0,324.0,42.0,176.0,214.0,28.0,1678.0,181.0,108.0,13.0,491.0,360.0,398.0,457.0,34.71124,-84.134326,1656,13_111_14,1655
137.0,134.0,41.0,6959.0,294.0,-29.0,323.0,58.0,143.0,224.0,44.0,1679.0,180.0,112.0,12.0,485.0,367.0,399.0,456.0,34.717968,-83.532873,1657,13_137_1,1656
127.0,127.0,38.0,7448.0,289.0,-40.0,329.0,43.0,182.0,220.0,28.0,1604.0,173.0,101.0,14.0,467.0,336.0,374.0,437.0,34.856155,-84.687245,1658,13_213_34,1657
132.0,136.0,41.0,6927.0,289.0,-35.0,324.0,53.0,183.0,218.0,39.0,1757.0,185.0,119.0,11.0,500.0,389.0,417.0,475.0,34.829402,-83.457701,1659,13_241_32,1658
141.0,129.0,40.0,7017.0,298.0,-22.0,320.0,62.0,148.0,229.0,48.0,1600.0,172.0,109.0,12.0,466.0,349.0,384.0,434.0,34.579759,-83.437261,1660,13_137_14,1659
143.0,132.0,40.0,7030.0,301.0,-22.0,323.0,64.0,149.0,231.0,50.0,1603.0,172.0,109.0,12.0,463.0,348.0,389.0,432.0,34.688417,-83.38792,1661,13_137_16,1660
144.0,131.0,40.0,7012.0,302.0,-20.0,322.0,65.0,150.0,232.0,51.0,1584.0,171.0,108.0,12.0,461.0,344.0,383.0,428.0,34.634626,-83.396437,1662,13_137_62,1661
126.0,139.0,42.0,6880.0,283.0,-42.0,325.0,48.0,177.0,211.0,34.0,1775.0,186.0,121.0,11.0,504.0,395.0,417.0,482.0,34.976043,-83.403708,1663,13_241_135,1662
143.0,130.0,40.0,7059.0,301.0,-21.0,322.0,64.0,150.0,232.0,49.0,1570.0,173.0,104.0,14.0,466.0,339.0,368.0,432.0,34.523093,-83.695301,1664,13_311_53,1663
109.0,119.0,37.0,7250.0,264.0,-55.0,319.0,26.0,161.0,199.0,12.0,1781.0,189.0,115.0,12.0,510.0,380.0,422.0,477.0,34.84686,-84.506603,1665,13_123_72,1664
116.0,123.0,38.0,7124.0,270.0,-48.0,318.0,35.0,168.0,205.0,21.0,1762.0,188.0,115.0,12.0,510.0,380.0,417.0,476.0,34.647392,-84.186149,1666,13_111_19,1665
108.0,127.0,40.0,6936.0,261.0,-55.0,316.0,29.0,159.0,194.0,15.0,1884.0,196.0,127.0,10.0,531.0,417.0,452.0,503.0,34.966677,-83.66249,1667,13_281_10,1666
127.0,138.0,41.0,7083.0,287.0,-43.0,330.0,47.0,134.0,216.0,33.0,1610.0,173.0,103.0,13.0,469.0,347.0,387.0,437.0,34.874042,-83.883218,1668,13_291_129,1667
136.0,131.0,39.0,7465.0,300.0,-33.0,333.0,51.0,191.0,229.0,37.0,1540.0,166.0,97.0,14.0,452.0,321.0,360.0,423.0,34.813319,-84.633206,1669,13_213_72,1668
115.0,130.0,40.0,6959.0,269.0,-50.0,319.0,36.0,167.0,202.0,22.0,1818.0,192.0,121.0,11.0,520.0,400.0,432.0,490.0,34.820934,-83.755389,1670,13_281_3,1669
131.0,135.0,41.0,7006.0,289.0,-36.0,325.0,52.0,138.0,219.0,38.0,1670.0,181.0,108.0,13.0,487.0,363.0,395.0,455.0,34.743717,-83.779002,1671,13_311_2,1670
134.0,133.0,41.0,7009.0,291.0,-32.0,323.0,55.0,140.0,222.0,40.0,1663.0,182.0,108.0,13.0,488.0,360.0,391.0,455.0,34.661566,-83.80264,1672,13_311_14,1671
124.0,128.0,38.0,7387.0,286.0,-43.0,329.0,40.0,178.0,216.0,26.0,1624.0,174.0,102.0,13.0,472.0,342.0,384.0,442.0,34.935881,-84.558246,1673,13_111_94,1672
119.0,125.0,38.0,7340.0,278.0,-47.0,325.0,35.0,172.0,211.0,21.0,1677.0,179.0,106.0,13.0,485.0,355.0,397.0,454.0,34.899267,-84.545201,1674,13_111_99,1673
147.0,129.0,40.0,7078.0,304.0,-18.0,322.0,67.0,153.0,235.0,52.0,1515.0,165.0,103.0,13.0,447.0,327.0,362.0,413.0,34.506623,-83.480868,1675,13_137_42,1674
118.0,131.0,41.0,6842.0,272.0,-45.0,317.0,40.0,169.0,203.0,26.0,1916.0,198.0,135.0,10.0,533.0,433.0,459.0,508.0,34.926368,-83.329961,1676,13_241_113,1675
130.0,137.0,42.0,6905.0,287.0,-37.0,324.0,52.0,181.0,216.0,38.0,1783.0,186.0,123.0,11.0,501.0,398.0,426.0,478.0,34.896639,-83.330889,1677,13_241_115,1676
113.0,131.0,41.0,6891.0,267.0,-51.0,318.0,34.0,164.0,198.0,20.0,1858.0,194.0,126.0,11.0,526.0,412.0,443.0,499.0,34.965637,-83.593883,1678,13_281_25,1677
138.0,133.0,41.0,6980.0,295.0,-27.0,322.0,59.0,144.0,225.0,45.0,1679.0,179.0,114.0,12.0,481.0,369.0,403.0,452.0,34.716201,-83.419774,1679,13_137_47,1678
114.0,131.0,41.0,6910.0,268.0,-50.0,318.0,35.0,165.0,200.0,22.0,1850.0,194.0,125.0,11.0,525.0,410.0,440.0,497.0,34.902267,-83.62957,1680,13_281_31,1679
110.0,125.0,39.0,6880.0,262.0,-52.0,314.0,32.0,162.0,196.0,18.0,1902.0,198.0,130.0,10.0,536.0,423.0,455.0,507.0,34.812672,-83.654047,1681,13_137_50,1680
114.0,127.0,40.0,6917.0,266.0,-49.0,315.0,35.0,165.0,200.0,21.0,1858.0,195.0,126.0,11.0,529.0,411.0,442.0,499.0,34.781577,-83.698734,1682,13_311_36,1681
128.0,141.0,42.0,7149.0,290.0,-44.0,334.0,47.0,136.0,217.0,33.0,1575.0,169.0,98.0,13.0,460.0,334.0,383.0,429.0,34.974551,-83.899089,1683,13_281_44,1682
148.0,134.0,39.0,7559.0,314.0,-24.0,338.0,64.0,204.0,242.0,47.0,1401.0,163.0,85.0,17.0,424.0,281.0,312.0,388.0,34.466478,-85.049555,1684,13_129_67,1683
113.0,121.0,37.0,7212.0,268.0,-51.0,319.0,31.0,166.0,203.0,17.0,1767.0,188.0,115.0,12.0,510.0,378.0,417.0,477.0,34.704151,-84.355133,1685,13_123_88,1684
123.0,130.0,39.0,7373.0,285.0,-44.0,329.0,40.0,177.0,215.0,25.0,1627.0,174.0,102.0,13.0,473.0,343.0,386.0,443.0,34.963802,-84.50529,1686,13_111_91,1685
118.0,124.0,38.0,7349.0,277.0,-48.0,325.0,35.0,172.0,210.0,20.0,1686.0,180.0,107.0,13.0,488.0,356.0,397.0,457.0,34.858897,-84.591137,1687,13_111_102,1686
109.0,125.0,40.0,6824.0,260.0,-50.0,310.0,31.0,159.0,194.0,18.0,2011.0,204.0,144.0,8.0,549.0,459.0,490.0,524.0,34.97159,-83.29053,1688,13_241_101,1687
122.0,135.0,41.0,6938.0,278.0,-45.0,323.0,43.0,173.0,208.0,29.0,1766.0,187.0,117.0,12.0,507.0,388.0,418.0,479.0,34.864612,-83.676446,1689,13_281_33,1688
145.0,134.0,39.0,7551.0,310.0,-26.0,336.0,61.0,201.0,240.0,45.0,1447.0,167.0,85.0,17.0,437.0,289.0,324.0,403.0,34.420448,-85.339696,1690,13_55_63,1689
124.0,131.0,40.0,7096.0,282.0,-42.0,324.0,43.0,176.0,213.0,30.0,1675.0,181.0,108.0,13.0,490.0,362.0,397.0,456.0,34.715939,-84.03468,1691,13_291_123,1690
125.0,130.0,39.0,7258.0,285.0,-42.0,327.0,42.0,178.0,215.0,28.0,1651.0,177.0,105.0,13.0,483.0,351.0,391.0,451.0,34.782073,-84.319589,1692,13_123_79,1691
119.0,126.0,39.0,7089.0,274.0,-45.0,319.0,38.0,171.0,207.0,24.0,1744.0,187.0,114.0,12.0,506.0,378.0,413.0,472.0,34.672772,-84.040431,1693,13_291_7,1692
123.0,130.0,39.0,7373.0,285.0,-44.0,329.0,40.0,177.0,215.0,25.0,1627.0,174.0,102.0,13.0,473.0,343.0,386.0,443.0,34.964176,-84.505692,1694,13_111_39,1693
133.0,132.0,39.0,7496.0,298.0,-37.0,335.0,49.0,188.0,227.0,34.0,1544.0,166.0,97.0,14.0,451.0,324.0,363.0,423.0,34.934477,-84.633207,1695,13_213_33,1694
125.0,139.0,41.0,7060.0,285.0,-46.0,331.0,45.0,132.0,213.0,31.0,1640.0,175.0,104.0,13.0,477.0,353.0,394.0,447.0,34.950138,-83.830937,1696,13_281_39,1695
111.0,127.0,39.0,6995.0,265.0,-53.0,318.0,31.0,163.0,198.0,17.0,1828.0,192.0,121.0,11.0,521.0,401.0,437.0,491.0,34.876163,-83.845788,1697,13_291_100,1696
123.0,133.0,41.0,7071.0,280.0,-44.0,324.0,43.0,175.0,211.0,28.0,1694.0,182.0,110.0,13.0,493.0,368.0,402.0,460.0,34.781588,-83.919765,1698,13_291_109,1697
125.0,132.0,40.0,7041.0,282.0,-41.0,323.0,45.0,177.0,213.0,31.0,1688.0,182.0,110.0,13.0,492.0,367.0,400.0,459.0,34.720757,-83.910597,1699,13_187_41,1698
126.0,127.0,39.0,7199.0,284.0,-38.0,322.0,45.0,180.0,217.0,31.0,1661.0,180.0,107.0,14.0,489.0,352.0,389.0,455.0,34.609998,-84.275712,1700,13_123_78,1699
124.0,137.0,42.0,6913.0,281.0,-44.0,325.0,45.0,175.0,210.0,31.0,1769.0,187.0,118.0,12.0,507.0,389.0,416.0,482.0,34.929709,-83.553611,1701,13_241_125,1700
109.0,119.0,37.0,7268.0,265.0,-55.0,320.0,27.0,162.0,200.0,12.0,1773.0,188.0,114.0,12.0,508.0,378.0,420.0,476.0,34.839122,-84.502207,1702,13_123_85,1701
134.0,137.0,41.0,6978.0,294.0,-33.0,327.0,55.0,141.0,222.0,41.0,1725.0,180.0,120.0,10.0,483.0,385.0,419.0,458.0,34.917627,-83.253231,1703,13_241_98,1702
136.0,136.0,41.0,6985.0,295.0,-31.0,326.0,56.0,142.0,223.0,43.0,1721.0,180.0,120.0,10.0,482.0,383.0,420.0,456.0,34.876889,-83.247581,1704,13_241_103,1703
148.0,131.0,40.0,7085.0,307.0,-17.0,324.0,68.0,155.0,236.0,54.0,1543.0,166.0,106.0,12.0,449.0,333.0,377.0,417.0,34.651462,-83.32873,1705,13_257_24,1704
146.0,130.0,40.0,7029.0,305.0,-17.0,322.0,67.0,153.0,234.0,53.0,1549.0,167.0,106.0,12.0,452.0,335.0,376.0,419.0,34.605793,-83.365108,1706,13_257_26,1705
115.0,132.0,41.0,6868.0,270.0,-49.0,319.0,37.0,166.0,200.0,23.0,1862.0,194.0,127.0,10.0,525.0,415.0,443.0,500.0,34.961508,-83.506239,1707,13_241_122,1706
120.0,131.0,41.0,6883.0,276.0,-42.0,318.0,42.0,171.0,206.0,29.0,1950.0,199.0,144.0,8.0,527.0,451.0,475.0,503.0,34.992263,-83.12123,1708,13_241_36,1707
108.0,125.0,40.0,6830.0,259.0,-51.0,310.0,30.0,158.0,193.0,17.0,2015.0,204.0,144.0,8.0,549.0,461.0,492.0,524.0,34.992186,-83.285485,1709,13_241_19,1708
131.0,135.0,41.0,6964.0,289.0,-35.0,324.0,52.0,137.0,218.0,38.0,1801.0,187.0,129.0,10.0,498.0,409.0,438.0,473.0,34.926548,-83.162073,1710,13_241_44,1709
150.0,131.0,40.0,7115.0,309.0,-15.0,324.0,70.0,156.0,239.0,55.0,1483.0,162.0,101.0,13.0,440.0,319.0,355.0,405.0,34.504495,-83.456118,1711,13_137_30,1710
114.0,125.0,39.0,7044.0,268.0,-49.0,317.0,34.0,166.0,202.0,20.0,1799.0,191.0,119.0,12.0,517.0,393.0,428.0,484.0,34.718427,-83.970069,1712,13_187_15,1711
126.0,137.0,42.0,6909.0,283.0,-42.0,325.0,47.0,177.0,212.0,33.0,1746.0,185.0,116.0,12.0,502.0,384.0,412.0,476.0,34.882824,-83.599907,1713,13_241_24,1712
120.0,134.0,41.0,6967.0,277.0,-47.0,324.0,41.0,172.0,207.0,27.0,1743.0,185.0,114.0,12.0,502.0,381.0,415.0,473.0,34.863174,-83.771903,1714,13_281_15,1713
119.0,131.0,40.0,6979.0,274.0,-46.0,320.0,40.0,171.0,206.0,26.0,1764.0,188.0,116.0,12.0,508.0,386.0,419.0,477.0,34.794888,-83.794909,1715,13_291_2,1714
120.0,129.0,40.0,6994.0,274.0,-45.0,319.0,40.0,172.0,207.0,27.0,1773.0,189.0,118.0,12.0,511.0,389.0,420.0,479.0,34.707149,-83.82253,1716,13_311_9,1715
104.0,123.0,39.0,6859.0,255.0,-56.0,311.0,25.0,154.0,189.0,12.0,1975.0,202.0,137.0,9.0,545.0,445.0,480.0,518.0,34.990452,-83.487985,1717,13_241_121,1716
127.0,134.0,41.0,6932.0,284.0,-38.0,322.0,49.0,178.0,214.0,35.0,1777.0,188.0,120.0,11.0,509.0,392.0,419.0,482.0,34.780084,-83.546433,1718,13_241_130,1717
109.0,126.0,39.0,6972.0,262.0,-54.0,316.0,29.0,160.0,196.0,16.0,1858.0,195.0,124.0,11.0,528.0,409.0,444.0,497.0,34.864339,-83.818973,1719,13_291_99,1718
122.0,130.0,40.0,7009.0,278.0,-43.0,321.0,43.0,174.0,210.0,29.0,1730.0,186.0,114.0,12.0,502.0,377.0,409.0,469.0,34.699409,-83.877067,1720,13_187_40,1719
140.0,132.0,39.0,7558.0,306.0,-32.0,338.0,55.0,195.0,234.0,39.0,1487.0,160.0,94.0,14.0,433.0,312.0,347.0,408.0,34.936138,-84.701481,1721,13_213_90,1720
125.0,126.0,39.0,7204.0,283.0,-39.0,322.0,44.0,178.0,216.0,29.0,1678.0,182.0,108.0,14.0,493.0,357.0,394.0,459.0,34.591986,-84.269036,1722,13_123_77,1721
136.0,136.0,41.0,7026.0,296.0,-31.0,327.0,57.0,143.0,224.0,43.0,1717.0,179.0,122.0,10.0,477.0,385.0,422.0,451.0,34.929234,-83.168457,1723,13_241_92,1722
125.0,135.0,41.0,6926.0,282.0,-41.0,323.0,46.0,176.0,211.0,32.0,1843.0,191.0,132.0,9.0,508.0,421.0,446.0,483.0,34.98844,-83.202892,1724,13_241_94,1723
149.0,136.0,39.0,7640.0,317.0,-25.0,342.0,64.0,205.0,245.0,47.0,1401.0,161.0,86.0,17.0,423.0,285.0,309.0,392.0,34.581384,-85.166896,1725,13_55_56,1724
137.0,136.0,41.0,6988.0,295.0,-30.0,325.0,57.0,144.0,224.0,44.0,1669.0,180.0,110.0,13.0,484.0,363.0,395.0,455.0,34.743225,-83.600526,1726,13_137_48,1725
121.0,130.0,40.0,7046.0,277.0,-46.0,323.0,40.0,173.0,209.0,27.0,1729.0,185.0,113.0,12.0,501.0,377.0,410.0,468.0,34.751803,-83.907626,1727,13_291_108,1726
126.0,138.0,42.0,6919.0,283.0,-41.0,324.0,48.0,178.0,212.0,34.0,1764.0,186.0,118.0,12.0,505.0,389.0,415.0,481.0,34.901036,-83.527739,1728,13_241_124,1727
118.0,129.0,39.0,7151.0,276.0,-48.0,324.0,37.0,170.0,207.0,23.0,1705.0,182.0,109.0,13.0,495.0,366.0,406.0,462.0,34.823504,-84.173905,1729,13_111_72,1728
117.0,126.0,39.0,7110.0,273.0,-47.0,320.0,37.0,170.0,207.0,23.0,1734.0,186.0,112.0,13.0,504.0,372.0,411.0,470.0,34.705597,-84.186808,1730,13_111_77,1729
122.0,126.0,39.0,7155.0,278.0,-43.0,321.0,41.0,174.0,212.0,27.0,1700.0,183.0,110.0,13.0,497.0,364.0,401.0,463.0,34.626544,-84.208973,1731,13_123_75,1730
130.0,133.0,40.0,7229.0,291.0,-38.0,329.0,48.0,183.0,221.0,34.0,1610.0,174.0,102.0,14.0,475.0,342.0,382.0,442.0,34.758207,-84.203294,1732,13_111_83,1731
117.0,124.0,38.0,7165.0,273.0,-47.0,320.0,35.0,170.0,207.0,22.0,1742.0,186.0,113.0,13.0,506.0,374.0,412.0,473.0,34.66462,-84.225155,1733,13_111_86,1732
116.0,123.0,38.0,7289.0,273.0,-49.0,322.0,33.0,169.0,206.0,19.0,1716.0,183.0,110.0,13.0,496.0,364.0,405.0,464.0,34.832316,-84.475278,1734,13_123_84,1733
134.0,133.0,41.0,6947.0,290.0,-32.0,322.0,56.0,185.0,221.0,41.0,1702.0,183.0,113.0,12.0,492.0,373.0,402.0,463.0,34.70559,-83.594943,1735,13_137_49,1734
123.0,129.0,39.0,7339.0,285.0,-44.0,329.0,41.0,178.0,215.0,26.0,1642.0,176.0,103.0,13.0,479.0,347.0,390.0,447.0,34.864683,-84.436913,1736,13_111_88,1735
135.0,129.0,38.0,7458.0,298.0,-34.0,332.0,51.0,190.0,229.0,36.0,1548.0,167.0,98.0,14.0,455.0,321.0,359.0,426.0,34.720947,-84.671566,1737,13_213_87,1736
121.0,125.0,38.0,7378.0,281.0,-45.0,326.0,38.0,175.0,214.0,23.0,1662.0,178.0,106.0,13.0,482.0,350.0,389.0,451.0,34.832225,-84.613776,1738,13_213_79,1737
122.0,135.0,41.0,6873.0,278.0,-44.0,322.0,44.0,173.0,207.0,30.0,1843.0,192.0,128.0,10.0,518.0,413.0,437.0,494.0,34.951833,-83.361684,1739,13_241_114,1738
121.0,133.0,41.0,6873.0,277.0,-43.0,320.0,43.0,172.0,207.0,29.0,1877.0,195.0,131.0,10.0,525.0,422.0,447.0,501.0,34.913399,-83.350347,1740,13_241_116,1739
120.0,130.0,40.0,6957.0,275.0,-45.0,320.0,41.0,171.0,207.0,27.0,1791.0,190.0,120.0,12.0,514.0,395.0,424.0,484.0,34.755732,-83.718954,1741,13_311_33,1740
136.0,136.0,41.0,7021.0,295.0,-31.0,326.0,57.0,143.0,224.0,43.0,1652.0,180.0,107.0,13.0,483.0,357.0,390.0,452.0,34.727266,-83.75794,1742,13_311_34,1741
124.0,136.0,41.0,6963.0,280.0,-45.0,325.0,44.0,176.0,210.0,30.0,1730.0,184.0,113.0,12.0,500.0,378.0,410.0,472.0,34.891096,-83.697519,1743,13_281_34,1742
112.0,126.0,40.0,6943.0,264.0,-51.0,315.0,33.0,164.0,198.0,19.0,1867.0,196.0,126.0,11.0,530.0,413.0,445.0,500.0,34.792587,-83.736946,1744,13_311_37,1743
125.0,133.0,40.0,7118.0,284.0,-42.0,326.0,45.0,178.0,215.0,31.0,1650.0,178.0,106.0,13.0,484.0,356.0,392.0,450.0,34.746471,-84.047943,1745,13_291_121,1744
126.0,132.0,40.0,7146.0,286.0,-40.0,326.0,45.0,179.0,216.0,31.0,1647.0,179.0,105.0,13.0,484.0,353.0,391.0,449.0,34.722302,-84.093715,1746,13_291_124,1745
140.0,135.0,41.0,7020.0,300.0,-26.0,326.0,61.0,147.0,228.0,47.0,1650.0,174.0,113.0,11.0,468.0,362.0,403.0,440.0,34.812314,-83.319317,1747,13_241_106,1746
138.0,135.0,41.0,6981.0,296.0,-28.0,324.0,59.0,144.0,225.0,45.0,1693.0,179.0,115.0,11.0,481.0,372.0,410.0,453.0,34.787919,-83.367907,1748,13_241_108,1747
142.0,131.0,40.0,6993.0,300.0,-23.0,323.0,63.0,149.0,229.0,49.0,1619.0,173.0,110.0,12.0,467.0,353.0,392.0,436.0,34.670191,-83.384746,1749,13_137_39,1748
121.0,134.0,41.0,6909.0,276.0,-46.0,322.0,42.0,172.0,206.0,28.0,1798.0,190.0,120.0,12.0,515.0,396.0,425.0,488.0,34.89497,-83.602392,1750,13_241_127,1749
112.0,128.0,40.0,6902.0,265.0,-51.0,316.0,34.0,164.0,198.0,20.0,1876.0,196.0,127.0,11.0,531.0,416.0,447.0,503.0,34.856398,-83.641683,1751,13_241_132,1750
119.0,135.0,41.0,7062.0,277.0,-49.0,326.0,38.0,171.0,207.0,25.0,1693.0,180.0,109.0,12.0,490.0,367.0,406.0,459.0,34.933151,-83.909403,1752,13_281_42,1751
121.0,126.0,38.0,7340.0,280.0,-45.0,325.0,37.0,175.0,212.0,23.0,1663.0,178.0,105.0,13.0,482.0,351.0,392.0,451.0,34.862801,-84.561932,1753,13_111_101,1752
142.0,133.0,39.0,7594.0,308.0,-29.0,337.0,58.0,198.0,238.0,41.0,1458.0,166.0,89.0,16.0,438.0,297.0,324.0,407.0,34.571341,-85.239777,1754,13_55_58,1753
116.0,132.0,41.0,6875.0,271.0,-48.0,319.0,38.0,168.0,202.0,25.0,1879.0,195.0,130.0,10.0,528.0,421.0,447.0,503.0,34.945938,-83.436339,1755,13_241_37,1754
127.0,129.0,38.0,7427.0,290.0,-41.0,331.0,43.0,182.0,220.0,29.0,1602.0,172.0,101.0,13.0,467.0,337.0,376.0,438.0,34.883966,-84.61573,1756,13_111_103,1755
122.0,131.0,40.0,7142.0,281.0,-44.0,325.0,41.0,175.0,212.0,27.0,1670.0,180.0,107.0,13.0,488.0,359.0,397.0,454.0,34.781313,-84.084864,1757,13_291_26,1756
131.0,131.0,40.0,7111.0,289.0,-35.0,324.0,50.0,183.0,220.0,36.0,1646.0,180.0,106.0,14.0,486.0,353.0,386.0,452.0,34.633641,-84.019214,1758,13_187_18,1757
133.0,129.0,39.0,7175.0,293.0,-31.0,324.0,53.0,186.0,224.0,39.0,1620.0,178.0,104.0,15.0,483.0,343.0,377.0,449.0,34.571339,-84.161157,1759,13_187_11,1758
140.0,132.0,39.0,7579.0,307.0,-31.0,338.0,55.0,195.0,235.0,39.0,1487.0,160.0,94.0,14.0,434.0,312.0,347.0,408.0,34.902302,-84.706909,1760,13_213_9,1759
130.0,130.0,40.0,7182.0,289.0,-36.0,325.0,49.0,183.0,220.0,35.0,1642.0,179.0,105.0,14.0,486.0,350.0,385.0,452.0,34.641424,-84.1267,1761,13_187_49,1760
129.0,132.0,39.0,7470.0,295.0,-40.0,335.0,45.0,184.0,223.0,30.0,1572.0,169.0,98.0,13.0,458.0,330.0,372.0,429.0,34.979469,-84.558661,1762,13_111_96,1761
118.0,124.0,38.0,7359.0,277.0,-47.0,324.0,34.0,172.0,210.0,20.0,1682.0,180.0,107.0,13.0,486.0,355.0,396.0,455.0,34.901586,-84.60026,1763,13_111_98,1762
136.0,131.0,39.0,7470.0,300.0,-33.0,333.0,52.0,190.0,229.0,36.0,1540.0,166.0,97.0,14.0,452.0,321.0,360.0,423.0,34.817387,-84.628585,1764,13_213_83,1763
135.0,137.0,42.0,6955.0,293.0,-32.0,325.0,56.0,142.0,222.0,42.0,1730.0,182.0,117.0,11.0,491.0,382.0,413.0,466.0,34.830468,-83.405194,1765,13_241_118,1764
122.0,132.0,41.0,6903.0,277.0,-42.0,319.0,44.0,174.0,209.0,30.0,1847.0,194.0,127.0,11.0,523.0,411.0,437.0,497.0,34.80503,-83.459591,1766,13_241_128,1765
128.0,131.0,41.0,6896.0,282.0,-36.0,318.0,50.0,179.0,214.0,36.0,1789.0,189.0,122.0,11.0,510.0,396.0,424.0,482.0,34.721596,-83.487731,1767,13_137_43,1766
124.0,137.0,42.0,6953.0,282.0,-44.0,326.0,45.0,176.0,211.0,31.0,1729.0,184.0,113.0,12.0,499.0,378.0,409.0,472.0,34.902289,-83.674853,1768,13_281_30,1767
130.0,134.0,41.0,7003.0,287.0,-37.0,324.0,51.0,183.0,218.0,37.0,1692.0,183.0,110.0,13.0,493.0,369.0,399.0,462.0,34.741568,-83.744002,1769,13_311_39,1768
123.0,131.0,40.0,6984.0,279.0,-42.0,321.0,44.0,175.0,211.0,30.0,1740.0,186.0,115.0,12.0,503.0,382.0,412.0,472.0,34.719172,-83.788319,1770,13_311_42,1769
137.0,133.0,41.0,7049.0,295.0,-29.0,324.0,57.0,143.0,225.0,43.0,1639.0,180.0,106.0,14.0,484.0,352.0,385.0,451.0,34.645745,-83.825239,1771,13_311_47,1770
147.0,133.0,39.0,7601.0,313.0,-26.0,339.0,62.0,202.0,242.0,45.0,1419.0,163.0,87.0,17.0,427.0,288.0,315.0,394.0,34.555667,-85.076407,1772,13_115_85,1771
109.0,129.0,40.0,6912.0,264.0,-54.0,318.0,30.0,160.0,195.0,17.0,1857.0,193.0,125.0,10.0,524.0,411.0,445.0,497.0,34.984755,-83.67179,1773,13_281_28,1772
121.0,133.0,41.0,6944.0,277.0,-45.0,322.0,42.0,173.0,208.0,28.0,1767.0,188.0,117.0,12.0,509.0,388.0,418.0,479.0,34.822999,-83.720259,1774,13_281_36,1773
130.0,131.0,39.0,7442.0,294.0,-38.0,332.0,46.0,185.0,223.0,31.0,1571.0,169.0,98.0,14.0,459.0,329.0,370.0,430.0,34.949511,-84.599959,1775,13_111_97,1774
117.0,125.0,38.0,7207.0,275.0,-47.0,322.0,35.0,171.0,208.0,22.0,1716.0,184.0,110.0,13.0,498.0,366.0,406.0,465.0,34.737187,-84.350261,1776,13_123_82,1775
116.0,121.0,37.0,7380.0,273.0,-50.0,323.0,31.0,170.0,208.0,17.0,1708.0,182.0,109.0,13.0,492.0,361.0,401.0,461.0,34.868833,-84.647226,1777,13_213_81,1776
150.0,136.0,39.0,7596.0,318.0,-23.0,341.0,65.0,205.0,245.0,49.0,1392.0,162.0,84.0,17.0,422.0,281.0,307.0,389.0,34.528269,-85.166369,1778,13_55_35,1777
127.0,138.0,42.0,6929.0,284.0,-41.0,325.0,48.0,179.0,213.0,34.0,1747.0,185.0,116.0,12.0,502.0,383.0,411.0,477.0,34.89892,-83.563328,1779,13_241_42,1778
127.0,139.0,41.0,7151.0,288.0,-44.0,332.0,46.0,134.0,216.0,32.0,1583.0,170.0,100.0,13.0,462.0,339.0,384.0,429.0,34.917452,-83.951277,1780,13_291_105,1779
118.0,135.0,41.0,6961.0,274.0,-50.0,324.0,38.0,169.0,204.0,24.0,1774.0,187.0,117.0,12.0,509.0,389.0,421.0,482.0,34.943286,-83.699399,1781,13_281_29,1780
145.0,132.0,39.0,7578.0,310.0,-27.0,337.0,60.0,201.0,240.0,44.0,1430.0,164.0,88.0,16.0,430.0,290.0,319.0,396.0,34.518611,-85.053736,1782,13_129_65,1781
147.0,133.0,38.0,7743.0,316.0,-26.0,342.0,61.0,204.0,245.0,45.0,1409.0,159.0,88.0,16.0,421.0,291.0,312.0,394.0,34.760866,-85.155459,1783,13_295_115,1782
146.0,135.0,39.0,7601.0,314.0,-26.0,340.0,61.0,202.0,242.0,45.0,1428.0,164.0,86.0,17.0,430.0,289.0,316.0,399.0,34.533562,-85.237362,1784,13_55_59,1783
131.0,135.0,41.0,6964.0,289.0,-35.0,324.0,52.0,138.0,218.0,38.0,1700.0,183.0,112.0,13.0,493.0,371.0,401.0,464.0,34.752235,-83.683241,1785,13_311_49,1784
133.0,137.0,41.0,7312.0,299.0,-35.0,334.0,51.0,187.0,225.0,36.0,1555.0,168.0,96.0,14.0,459.0,327.0,372.0,427.0,34.866994,-84.322034,1786,13_111_2,1785
130.0,130.0,39.0,7422.0,294.0,-37.0,331.0,47.0,185.0,223.0,32.0,1585.0,170.0,100.0,14.0,464.0,332.0,373.0,435.0,34.837154,-84.566664,1787,13_123_4,1786
112.0,126.0,40.0,6848.0,264.0,-48.0,312.0,34.0,163.0,197.0,21.0,1991.0,203.0,142.0,9.0,546.0,454.0,483.0,521.0,34.955192,-83.288738,1788,13_241_43,1787
129.0,135.0,41.0,6901.0,286.0,-36.0,322.0,51.0,181.0,215.0,37.0,1803.0,188.0,126.0,10.0,505.0,405.0,432.0,481.0,34.870716,-83.306247,1789,13_241_40,1788
136.0,135.0,41.0,6987.0,294.0,-31.0,325.0,56.0,142.0,223.0,43.0,1726.0,182.0,118.0,11.0,489.0,382.0,415.0,462.0,34.796266,-83.358746,1790,13_241_33,1789
144.0,131.0,40.0,7018.0,301.0,-21.0,322.0,64.0,150.0,231.0,50.0,1589.0,171.0,108.0,12.0,462.0,345.0,384.0,430.0,34.641416,-83.404088,1791,13_137_23,1790
125.0,132.0,40.0,7202.0,285.0,-43.0,328.0,43.0,178.0,215.0,29.0,1640.0,176.0,104.0,13.0,480.0,350.0,391.0,447.0,34.810563,-84.186988,1792,13_111_70,1791
126.0,127.0,39.0,7183.0,283.0,-40.0,323.0,44.0,178.0,216.0,30.0,1666.0,180.0,107.0,14.0,490.0,354.0,391.0,457.0,34.634181,-84.243921,1793,13_123_76,1792
123.0,127.0,38.0,7327.0,284.0,-43.0,327.0,40.0,178.0,215.0,26.0,1647.0,177.0,104.0,13.0,481.0,346.0,388.0,449.0,34.803943,-84.492096,1794,13_123_86,1793
132.0,137.0,41.0,6981.0,292.0,-35.0,327.0,54.0,139.0,220.0,40.0,1747.0,182.0,124.0,10.0,486.0,393.0,425.0,461.0,34.957169,-83.204144,1795,13_241_93,1794
138.0,135.0,41.0,7001.0,297.0,-29.0,326.0,58.0,145.0,225.0,45.0,1693.0,178.0,117.0,11.0,476.0,374.0,414.0,448.0,34.838764,-83.280315,1796,13_241_105,1795
145.0,133.0,39.0,7696.0,313.0,-28.0,341.0,59.0,202.0,242.0,43.0,1430.0,162.0,88.0,16.0,428.0,293.0,317.0,400.0,34.687224,-85.179772,1797,13_295_28,1796
142.0,131.0,38.0,7627.0,308.0,-30.0,338.0,56.0,198.0,238.0,41.0,1460.0,164.0,91.0,16.0,434.0,301.0,328.0,403.0,34.62727,-85.044428,1798,13_313_12,1797
147.0,134.0,39.0,7637.0,314.0,-26.0,340.0,62.0,203.0,243.0,46.0,1413.0,162.0,87.0,17.0,426.0,288.0,313.0,394.0,34.576195,-85.1233,1799,13_55_19,1798
135.0,130.0,40.0,7181.0,295.0,-29.0,324.0,54.0,188.0,226.0,40.0,1615.0,178.0,103.0,15.0,483.0,341.0,375.0,449.0,34.566542,-84.125081,1800,13_187_55,1799
130.0,132.0,39.0,7453.0,295.0,-38.0,333.0,46.0,185.0,223.0,31.0,1570.0,169.0,98.0,14.0,458.0,329.0,370.0,429.0,34.954409,-84.581543,1801,13_111_95,1800
107.0,118.0,36.0,7282.0,263.0,-56.0,319.0,24.0,160.0,198.0,10.0,1783.0,189.0,115.0,12.0,509.0,380.0,422.0,477.0,34.906434,-84.561673,1802,13_111_100,1801
132.0,135.0,41.0,6921.0,289.0,-34.0,323.0,53.0,183.0,218.0,39.0,1764.0,186.0,120.0,11.0,501.0,391.0,420.0,475.0,34.809908,-83.416,1803,13_241_109,1802
119.0,135.0,41.0,6945.0,275.0,-48.0,323.0,40.0,170.0,205.0,26.0,1792.0,189.0,119.0,11.0,513.0,394.0,424.0,486.0,34.910318,-83.649334,1804,13_281_32,1803
124.0,130.0,39.0,7256.0,284.0,-43.0,327.0,41.0,177.0,214.0,27.0,1652.0,177.0,104.0,13.0,482.0,350.0,393.0,450.0,34.806887,-84.334397,1805,13_123_80,1804
129.0,127.0,38.0,7422.0,292.0,-39.0,331.0,46.0,184.0,222.0,31.0,1598.0,172.0,101.0,14.0,468.0,334.0,373.0,438.0,34.763017,-84.632708,1806,13_123_92,1805
122.0,129.0,40.0,7068.0,279.0,-42.0,321.0,42.0,174.0,211.0,28.0,1699.0,183.0,110.0,13.0,496.0,367.0,403.0,462.0,34.68409,-84.042488,1807,13_291_110,1806
119.0,129.0,40.0,7068.0,275.0,-47.0,322.0,38.0,172.0,207.0,25.0,1722.0,184.0,112.0,12.0,500.0,373.0,409.0,467.0,34.751609,-84.032501,1808,13_291_117,1807
119.0,130.0,40.0,7065.0,276.0,-47.0,323.0,39.0,171.0,207.0,25.0,1712.0,183.0,111.0,12.0,497.0,371.0,408.0,464.0,34.795182,-84.026492,1809,13_291_119,1808
117.0,126.0,39.0,7188.0,274.0,-47.0,321.0,35.0,170.0,207.0,22.0,1712.0,183.0,110.0,13.0,497.0,365.0,405.0,464.0,34.759866,-84.318208,1810,13_123_81,1809
130.0,130.0,39.0,7298.0,292.0,-36.0,328.0,48.0,184.0,222.0,33.0,1611.0,174.0,102.0,14.0,475.0,338.0,379.0,443.0,34.722708,-84.376502,1811,13_123_89,1810
117.0,134.0,41.0,6939.0,273.0,-50.0,323.0,38.0,168.0,203.0,24.0,1792.0,188.0,119.0,11.0,512.0,394.0,426.0,486.0,34.95845,-83.661376,1812,13_281_27,1811
132.0,129.0,38.0,7442.0,295.0,-37.0,332.0,47.0,186.0,225.0,33.0,1574.0,169.0,100.0,14.0,461.0,329.0,367.0,432.0,34.794964,-84.643011,1813,13_213_80,1812
118.0,131.0,41.0,6931.0,272.0,-47.0,319.0,39.0,170.0,204.0,25.0,1812.0,191.0,121.0,11.0,518.0,399.0,430.0,490.0,34.836412,-83.68091,1814,13_281_35,1813
121.0,127.0,39.0,7144.0,278.0,-43.0,321.0,40.0,174.0,211.0,26.0,1717.0,185.0,112.0,13.0,501.0,370.0,405.0,467.0,34.653011,-84.103026,1815,13_187_48,1814
127.0,133.0,40.0,7175.0,287.0,-41.0,328.0,45.0,179.0,217.0,31.0,1633.0,176.0,104.0,13.0,479.0,350.0,388.0,446.0,34.769147,-84.159527,1816,13_111_32,1815
143.0,131.0,38.0,7624.0,309.0,-29.0,338.0,58.0,199.0,239.0,42.0,1449.0,163.0,90.0,16.0,431.0,298.0,325.0,401.0,34.636469,-85.04036,1817,13_313_40,1816
136.0,127.0,38.0,7605.0,300.0,-34.0,334.0,51.0,192.0,232.0,35.0,1512.0,168.0,95.0,15.0,446.0,312.0,341.0,416.0,34.678979,-85.056809,1818,13_295_114,1817
118.0,133.0,41.0,6988.0,274.0,-49.0,323.0,38.0,170.0,205.0,24.0,1758.0,186.0,115.0,12.0,505.0,384.0,419.0,476.0,34.891663,-83.788047,1819,13_281_40,1818
107.0,123.0,39.0,6965.0,259.0,-55.0,314.0,28.0,158.0,194.0,14.0,1894.0,198.0,128.0,11.0,535.0,419.0,454.0,504.0,34.807502,-83.812244,1820,13_291_101,1819
122.0,132.0,41.0,7011.0,278.0,-43.0,321.0,43.0,175.0,210.0,29.0,1737.0,186.0,114.0,12.0,503.0,380.0,412.0,471.0,34.757973,-83.806271,1821,13_311_41,1820
118.0,128.0,40.0,6988.0,272.0,-47.0,319.0,38.0,169.0,205.0,24.0,1792.0,191.0,119.0,12.0,516.0,393.0,424.0,484.0,34.701226,-83.826987,1822,13_311_45,1821
149.0,136.0,40.0,7534.0,316.0,-22.0,338.0,66.0,205.0,244.0,50.0,1396.0,165.0,82.0,18.0,425.0,279.0,312.0,387.0,34.415118,-85.181219,1823,13_115_88,1822
124.0,129.0,39.0,7088.0,282.0,-41.0,323.0,44.0,177.0,213.0,30.0,1692.0,183.0,110.0,13.0,496.0,365.0,399.0,462.0,34.663105,-84.020201,1824,13_187_46,1823
116.0,132.0,40.0,7074.0,273.0,-51.0,324.0,35.0,168.0,204.0,21.0,1731.0,183.0,112.0,12.0,498.0,376.0,416.0,467.0,34.935672,-83.948643,1825,13_291_111,1824
123.0,134.0,40.0,7102.0,282.0,-45.0,327.0,43.0,176.0,212.0,29.0,1657.0,178.0,106.0,13.0,483.0,359.0,396.0,450.0,34.811272,-83.971948,1826,13_291_112,1825
116.0,127.0,39.0,7064.0,270.0,-49.0,319.0,35.0,168.0,204.0,22.0,1768.0,188.0,116.0,12.0,510.0,385.0,420.0,477.0,34.745668,-83.993715,1827,13_291_116,1826
113.0,126.0,39.0,7056.0,268.0,-51.0,319.0,33.0,165.0,201.0,19.0,1784.0,189.0,117.0,12.0,513.0,388.0,425.0,481.0,34.784337,-84.003527,1828,13_291_118,1827
136.0,131.0,40.0,7167.0,296.0,-29.0,325.0,55.0,189.0,226.0,41.0,1614.0,178.0,103.0,15.0,483.0,342.0,376.0,449.0,34.586463,-84.061794,1829,13_187_52,1828
137.0,135.0,41.0,6965.0,296.0,-30.0,326.0,58.0,144.0,224.0,44.0,1699.0,179.0,116.0,11.0,481.0,375.0,411.0,454.0,34.811248,-83.354538,1830,13_241_117,1829
143.0,134.0,39.0,7622.0,311.0,-29.0,340.0,57.0,199.0,239.0,42.0,1451.0,157.0,91.0,14.0,424.0,304.0,339.0,399.0,34.985415,-84.67899,1831,13_213_78,1830
122.0,132.0,41.0,6885.0,278.0,-42.0,320.0,44.0,172.0,208.0,30.0,1916.0,196.0,140.0,9.0,521.0,442.0,466.0,497.0,34.983366,-83.158278,1832,13_241_90,1831
132.0,135.0,41.0,6961.0,290.0,-34.0,324.0,53.0,138.0,219.0,39.0,1786.0,185.0,129.0,9.0,492.0,406.0,437.0,467.0,34.938498,-83.146328,1833,13_241_91,1832
135.0,136.0,41.0,6975.0,295.0,-31.0,326.0,57.0,142.0,223.0,43.0,1723.0,180.0,121.0,10.0,480.0,385.0,422.0,454.0,34.906351,-83.201543,1834,13_241_102,1833
119.0,134.0,41.0,6879.0,274.0,-47.0,321.0,40.0,170.0,204.0,27.0,1844.0,193.0,126.0,11.0,522.0,411.0,436.0,497.0,34.947913,-83.468322,1835,13_241_119,1834
148.0,135.0,39.0,7587.0,315.0,-23.0,338.0,64.0,204.0,244.0,48.0,1407.0,164.0,84.0,17.0,426.0,283.0,313.0,391.0,34.458811,-85.160574,1836,13_115_86,1835
147.0,134.0,39.0,7651.0,314.0,-26.0,340.0,62.0,203.0,243.0,45.0,1417.0,161.0,88.0,16.0,425.0,291.0,314.0,395.0,34.621422,-85.112348,1837,13_295_118,1836
119.0,136.0,42.0,6873.0,275.0,-47.0,322.0,41.0,170.0,204.0,27.0,1827.0,191.0,125.0,11.0,517.0,407.0,433.0,493.0,34.986258,-83.465662,1838,13_241_112,1837
129.0,133.0,41.0,6925.0,285.0,-36.0,321.0,51.0,180.0,216.0,37.0,1757.0,187.0,118.0,12.0,505.0,387.0,415.0,477.0,34.755937,-83.561324,1839,13_137_45,1838
109.0,127.0,40.0,6981.0,263.0,-54.0,317.0,30.0,160.0,196.0,16.0,1852.0,194.0,123.0,11.0,526.0,407.0,443.0,496.0,34.907135,-83.79731,1840,13_281_41,1839
120.0,132.0,40.0,6999.0,277.0,-46.0,323.0,41.0,172.0,208.0,27.0,1736.0,185.0,114.0,12.0,501.0,380.0,413.0,470.0,34.800331,-83.82645,1841,13_291_106,1840
111.0,128.0,40.0,6960.0,265.0,-53.0,318.0,32.0,163.0,198.0,18.0,1839.0,193.0,123.0,11.0,523.0,405.0,439.0,493.0,34.862727,-83.788626,1842,13_281_38,1841
141.0,132.0,39.0,7587.0,307.0,-30.0,337.0,55.0,196.0,236.0,40.0,1482.0,160.0,94.0,14.0,433.0,311.0,345.0,407.0,34.90221,-84.723282,1843,13_213_92,1842
137.0,130.0,38.0,7508.0,302.0,-33.0,335.0,52.0,191.0,231.0,37.0,1522.0,164.0,96.0,14.0,445.0,318.0,354.0,418.0,34.855384,-84.706106,1844,13_213_86,1843
96.0,118.0,38.0,6853.0,245.0,-61.0,306.0,18.0,147.0,182.0,5.0,2022.0,205.0,142.0,8.0,553.0,458.0,495.0,524.0,34.986456,-83.520098,1845,13_241_39,1844
152.0,133.0,40.0,7150.0,313.0,-13.0,326.0,72.0,158.0,242.0,58.0,1480.0,161.0,101.0,13.0,435.0,316.0,362.0,402.0,34.661555,-83.316662,1846,13_257_23,1845
122.0,130.0,40.0,6906.0,276.0,-42.0,318.0,43.0,173.0,208.0,30.0,1837.0,193.0,126.0,11.0,523.0,408.0,435.0,495.0,34.739385,-83.534625,1847,13_137_44,1846
145.0,133.0,39.0,7625.0,312.0,-28.0,340.0,60.0,201.0,241.0,44.0,1428.0,162.0,88.0,16.0,428.0,292.0,317.0,397.0,34.606629,-85.080303,1848,13_295_117,1847
130.0,127.0,39.0,7209.0,289.0,-35.0,324.0,49.0,183.0,221.0,35.0,1640.0,179.0,105.0,14.0,487.0,347.0,383.0,453.0,34.573268,-84.21098,1849,13_85_45,1848
134.0,131.0,39.0,7496.0,299.0,-35.0,334.0,50.0,189.0,228.0,34.0,1541.0,166.0,97.0,14.0,450.0,323.0,361.0,422.0,34.911558,-84.651729,1850,13_213_76,1849
127.0,137.0,41.0,7136.0,288.0,-42.0,330.0,47.0,134.0,217.0,33.0,1594.0,172.0,102.0,13.0,466.0,344.0,383.0,432.0,34.839588,-83.961156,1851,13_291_128,1850
118.0,135.0,41.0,6914.0,273.0,-49.0,322.0,39.0,169.0,203.0,25.0,1813.0,190.0,122.0,11.0,516.0,401.0,429.0,491.0,34.959306,-83.575227,1852,13_281_53,1851
134.0,128.0,40.0,7048.0,290.0,-29.0,319.0,55.0,186.0,223.0,41.0,1659.0,182.0,109.0,14.0,490.0,359.0,388.0,456.0,34.511681,-83.814902,1853,13_311_48,1852
145.0,134.0,39.0,7583.0,312.0,-26.0,338.0,61.0,201.0,240.0,45.0,1430.0,165.0,86.0,17.0,431.0,289.0,318.0,398.0,34.506721,-85.184448,1854,13_55_70,1853
117.0,132.0,41.0,6937.0,271.0,-49.0,320.0,38.0,169.0,203.0,24.0,1831.0,192.0,123.0,11.0,521.0,404.0,434.0,494.0,34.86452,-83.635103,1855,13_241_145,1854
129.0,128.0,39.0,7171.0,288.0,-35.0,323.0,48.0,182.0,220.0,34.0,1648.0,180.0,106.0,14.0,488.0,351.0,386.0,454.0,34.602997,-84.164448,1856,13_187_2,1855
117.0,128.0,40.0,7061.0,272.0,-48.0,320.0,36.0,169.0,205.0,22.0,1767.0,188.0,116.0,12.0,510.0,385.0,420.0,477.0,34.733864,-83.973837,1857,13_291_115,1856
128.0,131.0,40.0,7115.0,286.0,-38.0,324.0,47.0,180.0,218.0,33.0,1663.0,181.0,107.0,14.0,490.0,358.0,392.0,456.0,34.660219,-83.995209,1858,13_187_45,1857
144.0,131.0,40.0,7025.0,302.0,-21.0,323.0,65.0,151.0,232.0,50.0,1585.0,171.0,107.0,12.0,462.0,343.0,382.0,430.0,34.635071,-83.428098,1859,13_137_40,1858
112.0,131.0,41.0,6906.0,266.0,-52.0,318.0,33.0,164.0,198.0,20.0,1865.0,194.0,126.0,10.0,526.0,414.0,445.0,500.0,34.972352,-83.573375,1860,13_281_24,1859
121.0,127.0,38.0,7338.0,282.0,-46.0,328.0,37.0,174.0,212.0,23.0,1652.0,177.0,104.0,13.0,479.0,348.0,391.0,448.0,34.932107,-84.521008,1861,13_111_93,1860
145.0,134.0,39.0,7624.0,312.0,-28.0,340.0,59.0,201.0,240.0,43.0,1434.0,163.0,88.0,17.0,429.0,294.0,317.0,400.0,34.654384,-85.21898,1862,13_295_119,1861
121.0,131.0,40.0,7105.0,278.0,-46.0,324.0,40.0,173.0,209.0,26.0,1691.0,181.0,109.0,13.0,491.0,365.0,404.0,458.0,34.791399,-84.071454,1863,13_291_120,1862
127.0,133.0,40.0,7167.0,287.0,-40.0,327.0,46.0,179.0,217.0,31.0,1633.0,177.0,104.0,13.0,480.0,350.0,388.0,446.0,34.759844,-84.116201,1864,13_111_68,1863
130.0,137.0,42.0,6914.0,287.0,-37.0,324.0,51.0,181.0,216.0,37.0,1786.0,186.0,124.0,10.0,501.0,401.0,427.0,478.0,34.909853,-83.313359,1865,13_241_88,1864
141.0,131.0,38.0,7572.0,306.0,-30.0,336.0,56.0,197.0,236.0,41.0,1464.0,166.0,90.0,16.0,438.0,299.0,328.0,405.0,34.5523,-85.064222,1866,13_115_16,1865
148.0,130.0,40.0,7080.0,306.0,-16.0,322.0,69.0,154.0,237.0,54.0,1502.0,163.0,103.0,13.0,443.0,325.0,361.0,409.0,34.515136,-83.431689,1867,13_257_3,1866
146.0,134.0,39.0,7574.0,312.0,-26.0,338.0,61.0,201.0,241.0,45.0,1441.0,166.0,85.0,17.0,435.0,289.0,323.0,402.0,34.432135,-85.321785,1868,13_55_5,1867
113.0,125.0,39.0,6979.0,266.0,-49.0,315.0,34.0,164.0,200.0,20.0,1836.0,194.0,123.0,11.0,525.0,404.0,437.0,493.0,34.728927,-83.840664,1869,13_291_107,1868
122.0,128.0,39.0,7119.0,279.0,-43.0,322.0,41.0,175.0,211.0,27.0,1697.0,183.0,110.0,13.0,496.0,365.0,401.0,462.0,34.685532,-84.137549,1870,13_111_75,1869
121.0,127.0,39.0,7169.0,278.0,-44.0,322.0,40.0,174.0,211.0,26.0,1706.0,184.0,110.0,13.0,498.0,366.0,403.0,464.0,34.668624,-84.18421,1871,13_111_78,1870
127.0,134.0,41.0,6918.0,284.0,-38.0,322.0,49.0,179.0,214.0,35.0,1853.0,191.0,135.0,9.0,507.0,425.0,451.0,483.0,34.962217,-83.130156,1872,13_241_89,1871
124.0,132.0,40.0,7217.0,285.0,-43.0,328.0,42.0,177.0,215.0,28.0,1642.0,177.0,104.0,13.0,481.0,350.0,392.0,447.0,34.823429,-84.203606,1873,13_111_47,1872
143.0,131.0,38.0,7624.0,309.0,-29.0,338.0,58.0,199.0,239.0,42.0,1449.0,163.0,90.0,16.0,431.0,298.0,325.0,401.0,34.63527,-85.041448,1874,13_313_9,1873
128.0,128.0,38.0,7423.0,290.0,-40.0,330.0,44.0,182.0,221.0,29.0,1611.0,173.0,102.0,14.0,471.0,337.0,378.0,441.0,34.818013,-84.578629,1875,13_123_91,1874
128.0,132.0,40.0,7194.0,288.0,-39.0,327.0,46.0,181.0,218.0,32.0,1635.0,177.0,104.0,14.0,482.0,349.0,387.0,448.0,34.716726,-84.163905,1876,13_111_76,1875
113.0,121.0,38.0,7107.0,267.0,-50.0,317.0,33.0,166.0,202.0,19.0,1786.0,190.0,117.0,12.0,515.0,386.0,424.0,481.0,34.635988,-84.182816,1877,13_111_80,1876
113.0,125.0,39.0,7113.0,268.0,-51.0,319.0,32.0,165.0,202.0,18.0,1772.0,188.0,115.0,12.0,510.0,383.0,423.0,477.0,34.78791,-84.1304,1878,13_111_69,1877
125.0,131.0,40.0,7182.0,285.0,-41.0,326.0,44.0,178.0,215.0,30.0,1653.0,178.0,105.0,13.0,485.0,353.0,393.0,452.0,34.74464,-84.170609,1879,13_111_74,1878
117.0,125.0,39.0,7142.0,274.0,-46.0,320.0,37.0,170.0,207.0,23.0,1737.0,186.0,113.0,13.0,504.0,373.0,411.0,470.0,34.673943,-84.203895,1880,13_111_79,1879
120.0,124.0,38.0,7178.0,276.0,-44.0,320.0,38.0,173.0,210.0,25.0,1721.0,185.0,112.0,13.0,502.0,369.0,405.0,468.0,34.59388,-84.234032,1881,13_85_46,1880
125.0,129.0,39.0,7318.0,286.0,-41.0,327.0,42.0,179.0,216.0,28.0,1634.0,175.0,103.0,13.0,477.0,344.0,387.0,446.0,34.831907,-84.450645,1882,13_123_83,1881
122.0,135.0,41.0,7037.0,279.0,-46.0,325.0,42.0,175.0,210.0,28.0,1701.0,182.0,110.0,12.0,493.0,371.0,406.0,461.0,34.842189,-83.84642,1883,13_291_102,1882
121.0,130.0,40.0,6992.0,276.0,-43.0,319.0,42.0,173.0,209.0,28.0,1746.0,187.0,115.0,12.0,506.0,382.0,413.0,473.0,34.713567,-83.848875,1884,13_311_46,1883
135.0,131.0,39.0,7517.0,300.0,-35.0,335.0,50.0,190.0,229.0,35.0,1531.0,165.0,96.0,14.0,447.0,320.0,358.0,420.0,34.928062,-84.677727,1885,13_213_77,1884
128.0,133.0,39.0,7390.0,294.0,-39.0,333.0,45.0,183.0,221.0,30.0,1578.0,169.0,98.0,14.0,461.0,332.0,377.0,431.0,34.966152,-84.474918,1886,13_111_87,1885
147.0,130.0,40.0,7069.0,305.0,-17.0,322.0,68.0,153.0,235.0,53.0,1523.0,165.0,104.0,13.0,448.0,329.0,367.0,414.0,34.535268,-83.416394,1887,13_257_28,1886
144.0,130.0,40.0,7046.0,301.0,-20.0,321.0,65.0,151.0,232.0,51.0,1578.0,170.0,108.0,12.0,459.0,343.0,382.0,426.0,34.594395,-83.388847,1888,13_257_1,1887
140.0,131.0,38.0,7557.0,305.0,-31.0,336.0,55.0,196.0,235.0,39.0,1498.0,161.0,95.0,14.0,438.0,313.0,349.0,411.0,34.837507,-84.69225,1889,13_213_85,1888
128.0,136.0,41.0,6905.0,286.0,-38.0,324.0,50.0,180.0,215.0,36.0,1793.0,187.0,125.0,10.0,503.0,403.0,429.0,479.0,34.930832,-83.297994,1890,13_241_100,1889
150.0,136.0,39.0,7646.0,318.0,-23.0,341.0,65.0,206.0,246.0,49.0,1394.0,163.0,84.0,17.0,423.0,281.0,309.0,389.0,34.495406,-85.16794,1891,13_55_55,1890
120.0,133.0,41.0,6987.0,277.0,-46.0,323.0,41.0,172.0,208.0,27.0,1748.0,186.0,115.0,12.0,504.0,383.0,415.0,474.0,34.83892,-83.767153,1892,13_281_37,1891
136.0,131.0,40.0,7197.0,296.0,-30.0,326.0,55.0,188.0,227.0,41.0,1608.0,177.0,103.0,15.0,481.0,340.0,374.0,448.0,34.587741,-84.118497,1893,13_187_53,1892
118.0,130.0,40.0,6957.0,273.0,-47.0,320.0,39.0,169.0,205.0,25.0,1795.0,190.0,119.0,12.0,516.0,394.0,425.0,486.0,34.788561,-83.757323,1894,13_311_38,1893
134.0,136.0,41.0,6990.0,293.0,-33.0,326.0,55.0,141.0,221.0,41.0,1737.0,181.0,122.0,10.0,484.0,389.0,423.0,459.0,34.918202,-83.21753,1895,13_241_97,1894
146.0,129.0,40.0,7071.0,303.0,-18.0,321.0,66.0,152.0,234.0,52.0,1538.0,166.0,106.0,12.0,451.0,334.0,371.0,417.0,34.525464,-83.376227,1896,13_257_27,1895
129.0,132.0,40.0,7096.0,287.0,-37.0,324.0,49.0,181.0,218.0,34.0,1654.0,180.0,107.0,13.0,487.0,357.0,390.0,453.0,34.682008,-83.968032,1897,13_187_7,1896
129.0,137.0,42.0,6953.0,288.0,-38.0,326.0,50.0,136.0,216.0,37.0,1774.0,185.0,125.0,10.0,494.0,400.0,428.0,470.0,34.97398,-83.243743,1898,13_241_21,1897
135.0,137.0,41.0,6976.0,294.0,-33.0,327.0,56.0,142.0,222.0,42.0,1716.0,180.0,119.0,10.0,482.0,382.0,416.0,456.0,34.916485,-83.275948,1899,13_241_30,1898
143.0,131.0,40.0,7032.0,301.0,-21.0,322.0,64.0,149.0,231.0,50.0,1603.0,172.0,110.0,12.0,464.0,349.0,389.0,432.0,34.657911,-83.350198,1900,13_257_16,1899
148.0,135.0,39.0,7657.0,316.0,-25.0,341.0,62.0,204.0,244.0,46.0,1409.0,162.0,87.0,17.0,424.0,287.0,312.0,392.0,34.586663,-85.13287,1901,13_55_37,1900
111.0,124.0,39.0,6996.0,264.0,-51.0,315.0,32.0,163.0,199.0,18.0,1830.0,193.0,122.0,11.0,523.0,401.0,436.0,491.0,34.740434,-83.929855,1902,13_291_95,1901
125.0,132.0,40.0,7134.0,284.0,-42.0,326.0,45.0,178.0,215.0,30.0,1652.0,178.0,106.0,13.0,484.0,356.0,393.0,450.0,34.751604,-84.076437,1903,13_291_14,1902
114.0,123.0,38.0,7099.0,268.0,-49.0,317.0,33.0,166.0,203.0,19.0,1785.0,190.0,117.0,12.0,515.0,386.0,423.0,481.0,34.665971,-84.13796,1904,13_291_19,1903
129.0,129.0,39.0,7234.0,289.0,-37.0,326.0,47.0,182.0,220.0,33.0,1634.0,177.0,104.0,14.0,482.0,346.0,385.0,449.0,34.660823,-84.281384,1905,13_123_74,1904
119.0,135.0,41.0,6914.0,274.0,-48.0,322.0,40.0,170.0,204.0,26.0,1813.0,190.0,122.0,11.0,517.0,401.0,428.0,492.0,34.939261,-83.57768,1906,13_241_38,1905
124.0,132.0,41.0,6909.0,279.0,-41.0,320.0,45.0,175.0,210.0,32.0,1829.0,192.0,125.0,11.0,519.0,407.0,433.0,493.0,34.789529,-83.490727,1907,13_241_25,1906
135.0,129.0,38.0,7452.0,298.0,-34.0,332.0,51.0,190.0,228.0,36.0,1547.0,167.0,98.0,14.0,455.0,322.0,359.0,426.0,34.75149,-84.674628,1908,13_213_88,1907
120.0,131.0,41.0,6918.0,274.0,-45.0,319.0,41.0,171.0,206.0,27.0,1812.0,191.0,122.0,11.0,518.0,400.0,429.0,490.0,34.788702,-83.660497,1909,13_137_51,1908
127.0,136.0,41.0,6913.0,284.0,-40.0,324.0,48.0,178.0,213.0,34.0,1809.0,188.0,128.0,10.0,503.0,410.0,435.0,479.0,34.97275,-83.25705,1910,13_241_96,1909
127.0,134.0,40.0,7236.0,290.0,-40.0,330.0,46.0,181.0,218.0,31.0,1614.0,174.0,101.0,14.0,475.0,343.0,385.0,442.0,34.812498,-84.234634,1911,13_111_82,1910
119.0,131.0,40.0,7067.0,276.0,-47.0,323.0,39.0,171.0,208.0,25.0,1715.0,183.0,111.0,12.0,497.0,373.0,409.0,464.0,34.795489,-83.975931,1912,13_291_114,1911
127.0,131.0,40.0,7227.0,288.0,-39.0,327.0,46.0,181.0,218.0,31.0,1632.0,176.0,103.0,14.0,480.0,346.0,387.0,447.0,34.747058,-84.265189,1913,13_111_85,1912
129.0,130.0,39.0,7381.0,291.0,-39.0,330.0,45.0,183.0,221.0,30.0,1603.0,172.0,101.0,14.0,470.0,336.0,377.0,440.0,34.818535,-84.541356,1914,13_123_87,1913
119.0,126.0,38.0,7337.0,278.0,-48.0,326.0,35.0,173.0,210.0,21.0,1675.0,179.0,106.0,13.0,485.0,354.0,396.0,454.0,34.894026,-84.515811,1915,13_111_90,1914
129.0,133.0,40.0,7249.0,290.0,-38.0,328.0,47.0,183.0,220.0,32.0,1613.0,174.0,102.0,14.0,475.0,342.0,384.0,442.0,34.771326,-84.253647,1916,13_111_43,1915
127.0,130.0,39.0,7242.0,287.0,-39.0,326.0,45.0,180.0,218.0,30.0,1644.0,178.0,105.0,14.0,484.0,349.0,388.0,450.0,34.720121,-84.266837,1917,13_123_12,1916
135.0,134.0,41.0,6960.0,292.0,-31.0,323.0,57.0,142.0,222.0,42.0,1694.0,182.0,113.0,12.0,490.0,371.0,401.0,461.0,34.719432,-83.564748,1918,13_137_13,1917
145.0,134.0,39.0,7601.0,312.0,-27.0,339.0,60.0,201.0,240.0,44.0,1440.0,166.0,86.0,17.0,434.0,291.0,321.0,401.0,34.507542,-85.27163,1919,13_55_21,1918
135.0,133.0,39.0,7486.0,301.0,-35.0,336.0,51.0,190.0,229.0,35.0,1526.0,164.0,95.0,14.0,445.0,320.0,359.0,418.0,34.967109,-84.620212,1920,13_111_45,1919
120.0,124.0,37.0,7412.0,280.0,-47.0,327.0,36.0,174.0,213.0,21.0,1664.0,178.0,105.0,13.0,482.0,350.0,391.0,452.0,34.88745,-84.640263,1921,13_213_37,1920
86.0,108.0,32.0,8043.0,249.0,-86.0,335.0,98.0,-22.0,185.0,-22.0,1211.0,117.0,78.0,14.0,341.0,242.0,325.0,242.0,38.565734,-78.391432,1922,51_139_30,1921
97.0,119.0,34.0,8039.0,268.0,-77.0,345.0,179.0,-11.0,197.0,-11.0,1111.0,108.0,72.0,14.0,312.0,222.0,306.0,222.0,38.511653,-78.548692,1923,51_139_17,1922
128.0,138.0,39.0,7926.0,307.0,-46.0,353.0,210.0,23.0,228.0,23.0,982.0,100.0,66.0,12.0,278.0,206.0,275.0,206.0,37.667456,-79.872287,1924,51_23_4,1923
118.0,126.0,37.0,7814.0,290.0,-50.0,340.0,199.0,15.0,217.0,15.0,1074.0,104.0,75.0,10.0,294.0,229.0,289.0,229.0,37.415037,-79.839277,1925,51_23_46,1924
96.0,117.0,35.0,7723.0,261.0,-70.0,331.0,176.0,-7.0,193.0,-7.0,1233.0,116.0,86.0,10.0,329.0,263.0,319.0,263.0,37.498963,-79.565739,1926,51_23_30,1925
116.0,132.0,38.0,7881.0,292.0,-55.0,347.0,197.0,12.0,215.0,12.0,1030.0,102.0,71.0,11.0,287.0,218.0,282.0,218.0,37.620871,-79.91777,1927,51_23_10,1926
82.0,109.0,35.0,7192.0,232.0,-77.0,309.0,155.0,-15.0,171.0,-15.0,1394.0,136.0,97.0,10.0,392.0,300.0,376.0,300.0,36.68273,-81.495254,1928,51_77_14,1927
121.0,135.0,41.0,7073.0,279.0,-48.0,327.0,41.0,174.0,209.0,27.0,1688.0,180.0,109.0,12.0,489.0,367.0,403.0,458.0,34.877088,-83.887088,1929,13_291_11,1928
128.0,138.0,41.0,7247.0,292.0,-41.0,333.0,46.0,182.0,219.0,32.0,1576.0,169.0,97.0,14.0,462.0,335.0,381.0,430.0,34.925677,-84.184577,1930,13_111_107,1929
117.0,125.0,39.0,7123.0,273.0,-47.0,320.0,37.0,170.0,207.0,23.0,1741.0,186.0,113.0,12.0,505.0,375.0,412.0,472.0,34.671655,-84.160945,1931,13_111_119,1930
127.0,136.0,41.0,7205.0,289.0,-41.0,330.0,46.0,181.0,218.0,32.0,1594.0,172.0,100.0,14.0,468.0,340.0,384.0,434.0,34.87061,-84.144262,1932,13_111_117,1931
153.0,134.0,40.0,7403.0,315.0,-16.0,331.0,70.0,207.0,245.0,55.0,1366.0,161.0,79.0,18.0,416.0,270.0,318.0,373.0,34.171893,-85.110243,1933,13_115_96,1932
115.0,128.0,39.0,7051.0,270.0,-51.0,321.0,35.0,167.0,203.0,21.0,1778.0,189.0,117.0,12.0,512.0,388.0,423.0,479.0,34.788486,-83.95639,1934,13_291_35,1933
126.0,137.0,41.0,7242.0,289.0,-43.0,332.0,44.0,180.0,217.0,30.0,1594.0,171.0,99.0,13.0,466.0,340.0,386.0,433.0,34.940206,-84.14233,1935,13_291_136,1934
131.0,135.0,41.0,6908.0,288.0,-35.0,323.0,53.0,182.0,218.0,39.0,1742.0,185.0,117.0,12.0,500.0,384.0,412.0,473.0,34.775116,-83.532084,1936,13_241_11,1935
124.0,134.0,41.0,6898.0,280.0,-41.0,321.0,46.0,176.0,210.0,32.0,1809.0,190.0,123.0,11.0,515.0,401.0,427.0,490.0,34.837901,-83.503892,1937,13_241_31,1936
126.0,139.0,42.0,6993.0,285.0,-44.0,329.0,46.0,133.0,213.0,32.0,1686.0,179.0,109.0,12.0,488.0,366.0,401.0,461.0,34.936904,-83.709813,1938,13_281_50,1937
133.0,130.0,38.0,7504.0,298.0,-36.0,334.0,48.0,188.0,227.0,33.0,1550.0,167.0,98.0,14.0,453.0,325.0,362.0,425.0,34.897066,-84.676911,1939,13_213_103,1938
111.0,126.0,39.0,6960.0,264.0,-52.0,316.0,32.0,163.0,198.0,18.0,1852.0,194.0,124.0,11.0,527.0,408.0,442.0,497.0,34.822611,-83.79829,1940,13_291_12,1939
130.0,141.0,42.0,7139.0,291.0,-42.0,333.0,49.0,137.0,219.0,35.0,1577.0,169.0,99.0,13.0,460.0,335.0,382.0,430.0,34.966332,-83.858573,1941,13_281_48,1940
150.0,137.0,39.0,7651.0,319.0,-24.0,343.0,64.0,206.0,246.0,48.0,1401.0,162.0,84.0,17.0,424.0,283.0,309.0,394.0,34.542838,-85.281299,1942,13_55_71,1941
109.0,128.0,40.0,6899.0,263.0,-53.0,316.0,31.0,160.0,195.0,17.0,1912.0,198.0,131.0,10.0,535.0,427.0,459.0,508.0,34.990135,-83.516646,1943,13_241_144,1942
114.0,130.0,41.0,6828.0,268.0,-48.0,316.0,37.0,165.0,199.0,23.0,1927.0,199.0,135.0,10.0,536.0,435.0,462.0,511.0,34.949989,-83.363321,1944,13_241_147,1943
133.0,138.0,41.0,7346.0,299.0,-36.0,335.0,50.0,187.0,224.0,35.0,1543.0,166.0,94.0,14.0,454.0,324.0,372.0,423.0,34.94088,-84.33304,1945,13_111_112,1944
134.0,133.0,41.0,6963.0,291.0,-31.0,322.0,55.0,142.0,221.0,41.0,1693.0,182.0,112.0,12.0,491.0,370.0,400.0,461.0,34.671471,-83.600878,1946,13_137_8,1945
116.0,123.0,38.0,7140.0,271.0,-48.0,319.0,35.0,168.0,205.0,21.0,1756.0,188.0,114.0,12.0,509.0,377.0,416.0,475.0,34.651255,-84.215752,1947,13_111_105,1946
135.0,129.0,38.0,7420.0,297.0,-34.0,331.0,51.0,189.0,227.0,36.0,1560.0,168.0,99.0,14.0,459.0,324.0,363.0,430.0,34.725063,-84.617743,1948,13_123_95,1947
126.0,127.0,38.0,7405.0,287.0,-41.0,328.0,42.0,181.0,218.0,27.0,1621.0,174.0,102.0,13.0,472.0,340.0,380.0,442.0,34.846821,-84.622452,1949,13_213_102,1948
110.0,126.0,40.0,6907.0,263.0,-51.0,314.0,32.0,162.0,197.0,18.0,1895.0,198.0,129.0,11.0,536.0,420.0,452.0,507.0,34.825389,-83.659192,1950,13_281_1,1949
136.0,129.0,38.0,7434.0,298.0,-33.0,331.0,51.0,190.0,229.0,37.0,1557.0,168.0,99.0,14.0,459.0,323.0,363.0,429.0,34.713351,-84.594507,1951,13_123_96,1950
122.0,126.0,39.0,7155.0,278.0,-43.0,321.0,41.0,174.0,212.0,27.0,1700.0,183.0,110.0,13.0,497.0,364.0,401.0,463.0,34.629458,-84.211848,1952,13_123_105,1951
121.0,125.0,39.0,7158.0,278.0,-42.0,320.0,41.0,174.0,212.0,26.0,1708.0,184.0,111.0,13.0,499.0,366.0,402.0,465.0,34.600913,-84.226079,1953,13_123_45,1952
122.0,130.0,40.0,7067.0,279.0,-44.0,323.0,42.0,174.0,210.0,28.0,1710.0,184.0,111.0,13.0,498.0,371.0,406.0,464.0,34.714486,-83.970586,1954,13_187_62,1953
148.0,133.0,39.0,7619.0,316.0,-24.0,340.0,63.0,204.0,244.0,47.0,1409.0,153.0,89.0,14.0,412.0,296.0,326.0,386.0,34.808814,-84.812802,1955,13_213_101,1954
129.0,140.0,42.0,6994.0,288.0,-41.0,329.0,49.0,136.0,216.0,35.0,1660.0,178.0,107.0,13.0,482.0,359.0,395.0,454.0,34.90575,-83.720781,1956,13_281_49,1955
121.0,128.0,39.0,7096.0,277.0,-44.0,321.0,40.0,173.0,210.0,26.0,1722.0,185.0,112.0,13.0,502.0,372.0,407.0,468.0,34.670699,-84.045248,1957,13_291_127,1956
129.0,134.0,41.0,7013.0,286.0,-38.0,324.0,49.0,182.0,217.0,36.0,1694.0,183.0,111.0,13.0,493.0,370.0,399.0,462.0,34.744075,-83.756475,1958,13_311_57,1957
144.0,129.0,38.0,7501.0,306.0,-26.0,332.0,59.0,199.0,238.0,44.0,1460.0,162.0,91.0,15.0,436.0,296.0,335.0,404.0,34.508261,-84.697347,1959,13_129_68,1958
131.0,137.0,42.0,6931.0,289.0,-37.0,326.0,52.0,182.0,217.0,38.0,1720.0,183.0,114.0,12.0,495.0,377.0,406.0,469.0,34.831238,-83.582941,1960,13_241_140,1959
121.0,132.0,41.0,6908.0,277.0,-42.0,319.0,43.0,173.0,208.0,30.0,1930.0,197.0,142.0,9.0,523.0,446.0,470.0,499.0,34.988444,-83.129965,1961,13_241_142,1960
114.0,131.0,41.0,6900.0,268.0,-51.0,319.0,35.0,165.0,200.0,21.0,1857.0,194.0,126.0,11.0,526.0,412.0,442.0,499.0,34.930443,-83.599692,1962,13_281_11,1961
137.0,135.0,41.0,6988.0,294.0,-30.0,324.0,58.0,143.0,224.0,43.0,1672.0,181.0,109.0,13.0,487.0,363.0,393.0,458.0,34.709213,-83.671832,1963,13_311_56,1962
130.0,137.0,42.0,6927.0,287.0,-38.0,325.0,51.0,182.0,216.0,37.0,1720.0,183.0,114.0,12.0,495.0,377.0,406.0,469.0,34.846486,-83.598366,1964,13_241_9,1963
129.0,133.0,41.0,6909.0,285.0,-36.0,321.0,51.0,180.0,216.0,37.0,1775.0,188.0,120.0,11.0,507.0,392.0,420.0,480.0,34.762118,-83.498952,1965,13_241_139,1964
121.0,132.0,40.0,7016.0,278.0,-45.0,323.0,42.0,173.0,209.0,28.0,1714.0,184.0,112.0,12.0,497.0,374.0,407.0,464.0,34.765167,-83.905155,1966,13_291_5,1965
128.0,136.0,41.0,7029.0,286.0,-41.0,327.0,48.0,135.0,215.0,34.0,1650.0,178.0,107.0,13.0,480.0,359.0,393.0,447.0,34.795339,-83.849087,1967,13_291_138,1966
101.0,134.0,38.0,7891.0,275.0,-74.0,349.0,182.0,-5.0,199.0,-5.0,1054.0,108.0,75.0,11.0,300.0,229.0,295.0,229.0,37.797838,-80.21011,1968,51_5_40,1967
90.0,127.0,36.0,7894.0,261.0,-85.0,346.0,170.0,-17.0,187.0,-17.0,1169.0,117.0,82.0,10.0,326.0,255.0,317.0,255.0,38.344215,-79.732597,1969,51_91_32,1968
79.0,117.0,34.0,7924.0,244.0,-95.0,339.0,159.0,-29.0,176.0,-29.0,1263.0,123.0,89.0,9.0,350.0,278.0,341.0,278.0,38.517112,-79.631017,1970,51_91_31,1969
93.0,127.0,36.0,7894.0,265.0,-81.0,346.0,173.0,-13.0,191.0,-13.0,1065.0,105.0,71.0,11.0,298.0,220.0,291.0,220.0,38.383715,-79.376605,1971,51_91_46,1970
134.0,133.0,38.0,7888.0,308.0,-40.0,348.0,215.0,29.0,234.0,29.0,1032.0,103.0,70.0,11.0,286.0,224.0,278.0,224.0,37.58699,-79.377103,1972,51_9_40,1971
111.0,126.0,36.0,7813.0,282.0,-59.0,341.0,191.0,7.0,209.0,7.0,1136.0,108.0,78.0,10.0,305.0,244.0,294.0,244.0,37.744357,-79.291984,1973,51_9_38,1972
108.0,131.0,38.0,7675.0,278.0,-64.0,342.0,186.0,23.0,203.0,5.0,964.0,101.0,66.0,13.0,282.0,204.0,270.0,204.0,37.205939,-80.877126,1974,51_71_13,1973
110.0,132.0,38.0,7723.0,283.0,-62.0,345.0,189.0,25.0,207.0,7.0,943.0,101.0,64.0,13.0,277.0,199.0,267.0,199.0,37.324843,-80.786149,1975,51_71_16,1974
113.0,135.0,38.0,7740.0,287.0,-60.0,347.0,192.0,27.0,210.0,10.0,940.0,100.0,63.0,13.0,276.0,197.0,266.0,198.0,37.195494,-80.824163,1976,51_71_36,1975
106.0,134.0,38.0,7915.0,283.0,-69.0,352.0,187.0,0.0,205.0,0.0,1026.0,104.0,68.0,12.0,290.0,211.0,283.0,211.0,38.236099,-79.504604,1977,51_91_7,1976
121.0,135.0,37.0,8209.0,304.0,-60.0,364.0,217.0,12.0,224.0,12.0,966.0,98.0,62.0,15.0,283.0,191.0,280.0,191.0,38.522037,-78.636879,1978,51_139_9,1977
97.0,117.0,33.0,8078.0,267.0,-78.0,345.0,179.0,-11.0,198.0,-11.0,1129.0,109.0,73.0,14.0,315.0,225.0,310.0,225.0,38.518407,-78.45391,1979,51_139_25,1978
97.0,129.0,36.0,7993.0,272.0,-79.0,351.0,178.0,-10.0,197.0,-10.0,991.0,100.0,63.0,15.0,289.0,193.0,285.0,193.0,38.696162,-79.055782,1980,51_165_69,1979
87.0,121.0,35.0,7912.0,258.0,-85.0,343.0,168.0,-19.0,186.0,-19.0,1093.0,106.0,72.0,12.0,307.0,222.0,301.0,222.0,38.561086,-79.112203,1981,51_165_7,1980
95.0,115.0,33.0,8023.0,263.0,-78.0,341.0,106.0,-13.0,195.0,-13.0,1164.0,112.0,76.0,13.0,323.0,234.0,315.0,234.0,38.402073,-78.52378,1982,51_165_72,1981
109.0,123.0,35.0,8104.0,283.0,-66.0,349.0,203.0,1.0,211.0,1.0,1089.0,106.0,71.0,14.0,308.0,219.0,303.0,219.0,38.380661,-78.547063,1983,51_165_14,1982
94.0,127.0,36.0,7926.0,268.0,-80.0,348.0,175.0,-12.0,193.0,-12.0,1015.0,102.0,65.0,14.0,292.0,200.0,287.0,200.0,38.588601,-79.141548,1984,51_165_51,1983
119.0,129.0,36.0,8151.0,297.0,-59.0,356.0,213.0,10.0,222.0,10.0,1045.0,105.0,68.0,14.0,302.0,210.0,296.0,210.0,38.362218,-78.60264,1985,51_165_36,1984
115.0,128.0,36.0,8101.0,293.0,-61.0,354.0,209.0,8.0,217.0,8.0,1039.0,105.0,68.0,14.0,301.0,208.0,295.0,208.0,38.299693,-78.73636,1986,51_165_67,1985
103.0,133.0,38.0,7858.0,277.0,-71.0,348.0,183.0,-2.0,201.0,-2.0,1049.0,106.0,75.0,11.0,296.0,226.0,291.0,226.0,37.726509,-80.157549,1987,51_5_37,1986
116.0,137.0,38.0,7924.0,294.0,-58.0,352.0,197.0,11.0,216.0,11.0,992.0,101.0,69.0,12.0,281.0,210.0,277.0,210.0,37.669494,-80.070909,1988,51_5_44,1987
118.0,139.0,39.0,7963.0,297.0,-59.0,356.0,199.0,11.0,218.0,11.0,984.0,101.0,67.0,12.0,281.0,206.0,277.0,206.0,37.769738,-80.038315,1989,51_5_5,1988
116.0,136.0,38.0,7923.0,293.0,-59.0,352.0,197.0,10.0,215.0,10.0,998.0,101.0,69.0,12.0,283.0,210.0,278.0,210.0,37.676944,-80.055593,1990,51_5_14,1989
112.0,136.0,38.0,7925.0,290.0,-64.0,354.0,193.0,6.0,211.0,6.0,1044.0,105.0,72.0,11.0,293.0,219.0,284.0,219.0,38.036954,-79.706719,1991,51_17_25,1990
84.0,118.0,34.0,7903.0,252.0,-88.0,340.0,164.0,-23.0,182.0,-23.0,1147.0,110.0,77.0,11.0,318.0,237.0,310.0,237.0,38.492124,-79.145606,1992,51_165_12,1991
105.0,123.0,36.0,7839.0,275.0,-65.0,340.0,114.0,1.0,204.0,1.0,1192.0,117.0,82.0,11.0,324.0,256.0,304.0,256.0,37.806067,-79.116314,1993,51_125_5,1992
120.0,131.0,37.0,7908.0,295.0,-53.0,348.0,201.0,15.0,220.0,15.0,1090.0,107.0,75.0,12.0,299.0,231.0,290.0,231.0,37.851207,-79.046445,1994,51_125_12,1993
103.0,129.0,38.0,7487.0,268.0,-66.0,334.0,178.0,19.0,196.0,2.0,1096.0,112.0,79.0,12.0,318.0,240.0,304.0,245.0,36.952851,-81.358642,1995,51_197_2,1994
102.0,126.0,37.0,7592.0,267.0,-67.0,334.0,179.0,18.0,197.0,0.0,1031.0,107.0,74.0,13.0,301.0,224.0,287.0,226.0,37.163342,-81.164066,1996,51_21_21,1995
93.0,123.0,36.0,7649.0,258.0,-76.0,334.0,171.0,-10.0,188.0,-10.0,1081.0,109.0,75.0,11.0,308.0,229.0,296.0,229.0,37.4209,-80.529962,1997,51_71_35,1996
103.0,122.0,34.0,8133.0,276.0,-74.0,350.0,186.0,-6.0,205.0,-6.0,1087.0,106.0,70.0,14.0,307.0,216.0,303.0,216.0,38.549012,-78.429759,1998,51_139_8,1997
101.0,125.0,35.0,8259.0,277.0,-80.0,357.0,184.0,-10.0,204.0,-10.0,1014.0,102.0,63.0,15.0,295.0,195.0,289.0,195.0,38.873824,-78.447656,1999,51_171_31,1998
106.0,127.0,37.0,7854.0,278.0,-65.0,343.0,187.0,1.0,204.0,1.0,1115.0,108.0,78.0,10.0,304.0,238.0,295.0,238.0,37.799107,-79.662891,2000,51_5_24,1999
93.0,126.0,36.0,7902.0,265.0,-81.0,346.0,173.0,-13.0,191.0,-13.0,1070.0,105.0,72.0,11.0,298.0,221.0,291.0,221.0,38.367667,-79.381222,2001,51_91_27,2000
102.0,130.0,37.0,7894.0,277.0,-71.0,348.0,183.0,-3.0,202.0,-3.0,1041.0,103.0,70.0,12.0,290.0,214.0,283.0,214.0,38.233265,-79.300081,2002,51_15_94,2001
115.0,136.0,37.0,8163.0,299.0,-64.0,363.0,210.0,6.0,218.0,6.0,902.0,94.0,56.0,17.0,270.0,171.0,269.0,171.0,38.612165,-78.922238,2003,51_165_83,2002
107.0,129.0,35.0,8342.0,288.0,-75.0,363.0,192.0,-5.0,212.0,-5.0,983.0,99.0,62.0,15.0,288.0,190.0,283.0,190.0,38.927676,-78.335184,2004,51_171_23,2003
93.0,119.0,34.0,8071.0,264.0,-82.0,346.0,175.0,-15.0,194.0,-15.0,1090.0,107.0,69.0,14.0,309.0,214.0,303.0,214.0,38.668581,-78.565893,2005,51_139_18,2004
121.0,127.0,37.0,7696.0,286.0,-49.0,335.0,199.0,75.0,216.0,18.0,1145.0,120.0,75.0,12.0,330.0,248.0,318.0,266.0,36.865097,-82.450752,2006,51_169_22,2005
98.0,128.0,36.0,7904.0,272.0,-77.0,349.0,178.0,-8.0,197.0,-8.0,1047.0,103.0,69.0,12.0,292.0,213.0,286.0,213.0,38.323148,-79.229134,2007,51_15_17,2006
108.0,135.0,36.0,8260.0,291.0,-75.0,366.0,192.0,-3.0,211.0,-3.0,928.0,94.0,58.0,16.0,275.0,176.0,272.0,176.0,38.910797,-78.616364,2008,51_171_14,2007
99.0,125.0,35.0,8150.0,275.0,-79.0,354.0,182.0,-10.0,201.0,-10.0,1028.0,102.0,65.0,15.0,296.0,200.0,291.0,200.0,38.736281,-78.569824,2009,51_171_9,2008
106.0,133.0,39.0,7528.0,275.0,-65.0,340.0,182.0,5.0,200.0,5.0,1068.0,108.0,70.0,12.0,307.0,224.0,289.0,224.0,36.803809,-80.988943,2010,51_35_37,2009
119.0,135.0,38.0,7907.0,296.0,-55.0,351.0,200.0,14.0,218.0,14.0,1020.0,102.0,70.0,12.0,286.0,214.0,280.0,214.0,37.752225,-79.844385,2011,51_23_53,2010
128.0,138.0,38.0,7938.0,308.0,-46.0,354.0,210.0,23.0,229.0,23.0,974.0,99.0,65.0,12.0,277.0,204.0,273.0,204.0,37.664446,-79.912802,2012,51_23_42,2011
107.0,132.0,38.0,7880.0,281.0,-66.0,347.0,187.0,2.0,205.0,2.0,1069.0,106.0,76.0,11.0,297.0,228.0,291.0,228.0,37.811918,-79.910238,2013,51_5_29,2012
109.0,136.0,39.0,7584.0,280.0,-64.0,344.0,186.0,25.0,204.0,7.0,1037.0,105.0,69.0,12.0,300.0,218.0,285.0,219.0,36.825056,-81.065547,2014,51_197_43,2013
105.0,128.0,39.0,7344.0,266.0,-62.0,328.0,179.0,23.0,196.0,6.0,1208.0,120.0,86.0,11.0,346.0,264.0,332.0,267.0,36.710389,-81.622263,2015,51_173_19,2014
107.0,128.0,35.0,8205.0,283.0,-75.0,358.0,190.0,-4.0,209.0,-4.0,1033.0,102.0,66.0,14.0,296.0,203.0,292.0,203.0,38.695608,-78.381998,2016,51_139_23,2015
104.0,133.0,36.0,8130.0,285.0,-76.0,361.0,187.0,-5.0,206.0,-5.0,936.0,95.0,57.0,17.0,277.0,177.0,275.0,177.0,38.812077,-78.809378,2017,51_171_21,2016
106.0,133.0,36.0,8252.0,288.0,-76.0,364.0,190.0,-5.0,209.0,-5.0,939.0,95.0,58.0,16.0,278.0,178.0,275.0,178.0,38.909096,-78.643725,2018,51_171_34,2017
99.0,127.0,35.0,8213.0,277.0,-81.0,358.0,183.0,-11.0,201.0,-11.0,984.0,99.0,61.0,15.0,288.0,189.0,283.0,189.0,38.931196,-78.608223,2019,51_171_37,2018
100.0,128.0,35.0,8333.0,281.0,-81.0,362.0,185.0,-11.0,205.0,-11.0,966.0,98.0,60.0,16.0,286.0,184.0,280.0,184.0,39.047452,-78.535663,2020,51_171_15,2019
111.0,133.0,36.0,8340.0,294.0,-74.0,368.0,195.0,-1.0,215.0,-1.0,961.0,97.0,61.0,15.0,283.0,186.0,278.0,186.0,38.910175,-78.366822,2021,51_171_3,2020
101.0,127.0,38.0,7338.0,263.0,-65.0,328.0,175.0,20.0,192.0,2.0,1182.0,118.0,84.0,11.0,336.0,258.0,320.0,260.0,36.751257,-81.400287,2022,51_173_33,2021
78.0,106.0,34.0,7165.0,226.0,-79.0,305.0,151.0,-18.0,167.0,-18.0,1433.0,139.0,99.0,10.0,404.0,307.0,389.0,307.0,36.664443,-81.552919,2023,51_173_69,2022
131.0,135.0,41.0,6964.0,289.0,-35.0,324.0,52.0,138.0,218.0,38.0,1700.0,183.0,112.0,13.0,493.0,371.0,401.0,464.0,34.754068,-83.678815,2024,13_311_3,2023
123.0,133.0,41.0,7034.0,280.0,-44.0,324.0,44.0,176.0,211.0,30.0,1706.0,183.0,111.0,12.0,495.0,373.0,405.0,463.0,34.775131,-83.848069,2025,13_291_34,2024
128.0,128.0,39.0,7165.0,286.0,-36.0,322.0,47.0,181.0,218.0,33.0,1654.0,180.0,106.0,14.0,489.0,352.0,387.0,455.0,34.595424,-84.172034,2026,13_187_58,2025
115.0,132.0,41.0,6902.0,270.0,-50.0,320.0,36.0,166.0,201.0,23.0,1848.0,193.0,125.0,11.0,523.0,410.0,439.0,497.0,34.94355,-83.573854,2027,13_241_143,2026
117.0,132.0,40.0,6971.0,273.0,-49.0,322.0,38.0,170.0,204.0,24.0,1786.0,189.0,118.0,12.0,512.0,392.0,424.0,483.0,34.851168,-83.743551,2028,13_281_54,2027
125.0,132.0,40.0,7134.0,284.0,-42.0,326.0,45.0,178.0,215.0,30.0,1652.0,178.0,106.0,13.0,484.0,356.0,393.0,450.0,34.753436,-84.079887,2029,13_291_130,2028
120.0,127.0,39.0,7148.0,276.0,-45.0,321.0,39.0,172.0,210.0,25.0,1720.0,185.0,111.0,13.0,501.0,369.0,407.0,467.0,34.687768,-84.152194,2030,13_111_18,2029
101.0,124.0,38.0,7185.0,256.0,-65.0,321.0,19.0,154.0,190.0,4.0,1716.0,177.0,109.0,11.0,476.0,370.0,426.0,449.0,35.529225,-83.880583,2031,47_9_17,2030
106.0,133.0,39.0,7611.0,276.0,-65.0,341.0,184.0,4.0,201.0,4.0,1011.0,103.0,67.0,13.0,294.0,211.0,278.0,211.0,36.988302,-80.867805,2032,51_197_33,2031
80.0,118.0,35.0,7870.0,244.0,-93.0,337.0,160.0,-27.0,176.0,-27.0,1306.0,127.0,95.0,8.0,357.0,293.0,347.0,293.0,38.252525,-79.794771,2033,51_17_29,2032
108.0,133.0,38.0,7932.0,284.0,-66.0,350.0,189.0,2.0,207.0,2.0,1070.0,107.0,75.0,11.0,299.0,227.0,291.0,227.0,37.999507,-79.766619,2034,51_17_8,2033
122.0,139.0,39.0,7958.0,301.0,-55.0,356.0,203.0,16.0,222.0,16.0,1007.0,102.0,68.0,12.0,284.0,211.0,278.0,211.0,37.927369,-79.730542,2035,51_17_17,2034
108.0,134.0,38.0,7912.0,285.0,-66.0,351.0,189.0,2.0,207.0,2.0,1063.0,107.0,74.0,11.0,297.0,225.0,289.0,225.0,38.058148,-79.738637,2036,51_17_59,2035
111.0,135.0,38.0,7928.0,288.0,-64.0,352.0,192.0,5.0,210.0,5.0,1040.0,104.0,71.0,12.0,291.0,217.0,283.0,217.0,38.103109,-79.543247,2037,51_17_11,2036
100.0,129.0,37.0,7897.0,273.0,-74.0,347.0,180.0,-6.0,198.0,-6.0,1114.0,111.0,79.0,10.0,309.0,240.0,300.0,240.0,38.058532,-79.739854,2038,51_17_55,2037
87.0,120.0,35.0,7868.0,256.0,-85.0,341.0,167.0,-19.0,184.0,-19.0,1131.0,109.0,76.0,11.0,312.0,234.0,305.0,234.0,38.388792,-79.217597,2039,51_15_42,2038
109.0,134.0,37.0,8078.0,290.0,-69.0,359.0,192.0,1.0,210.0,1.0,918.0,95.0,57.0,17.0,272.0,174.0,272.0,174.0,38.638789,-78.962972,2040,51_165_32,2039
111.0,132.0,37.0,7875.0,287.0,-61.0,348.0,192.0,7.0,210.0,7.0,1073.0,105.0,74.0,11.0,296.0,227.0,286.0,227.0,37.910749,-79.640773,2041,51_17_19,2040
117.0,125.0,36.0,7804.0,288.0,-51.0,339.0,198.0,14.0,216.0,14.0,1101.0,106.0,76.0,10.0,299.0,236.0,292.0,236.0,37.525574,-79.573308,2042,51_23_26,2041
120.0,125.0,37.0,7700.0,284.0,-50.0,334.0,198.0,127.0,215.0,16.0,1163.0,121.0,74.0,12.0,332.0,249.0,320.0,277.0,36.827407,-82.59921,2043,51_169_29,2042
90.0,123.0,35.0,7851.0,260.0,-82.0,342.0,170.0,-15.0,188.0,-15.0,1157.0,111.0,80.0,10.0,314.0,247.0,304.0,247.0,38.162247,-79.435624,2044,51_15_33,2043
91.0,124.0,35.0,7876.0,263.0,-82.0,345.0,172.0,-14.0,190.0,-14.0,1100.0,107.0,74.0,11.0,304.0,229.0,296.0,229.0,38.307089,-79.326926,2045,51_15_73,2044
101.0,129.0,37.0,7872.0,275.0,-73.0,348.0,181.0,-4.0,199.0,-4.0,1060.0,104.0,71.0,12.0,293.0,219.0,286.0,219.0,38.210739,-79.268821,2046,51_15_61,2045
112.0,129.0,37.0,7910.0,287.0,-61.0,348.0,193.0,7.0,212.0,7.0,1088.0,106.0,74.0,11.0,298.0,228.0,290.0,228.0,37.988687,-79.073863,2047,51_15_99,2046
101.0,131.0,37.0,7887.0,276.0,-73.0,349.0,181.0,-4.0,200.0,-4.0,1016.0,102.0,67.0,13.0,287.0,205.0,281.0,205.0,38.327897,-79.27436,2048,51_15_87,2047
93.0,125.0,36.0,7935.0,266.0,-81.0,347.0,174.0,-13.0,193.0,-13.0,1057.0,104.0,70.0,12.0,297.0,214.0,291.0,214.0,38.431807,-79.166193,2049,51_15_28,2048
99.0,129.0,37.0,7895.0,272.0,-75.0,347.0,179.0,-7.0,197.0,-7.0,1119.0,111.0,79.0,10.0,310.0,241.0,301.0,241.0,38.068431,-79.744836,2050,51_17_31,2049
103.0,130.0,37.0,7882.0,277.0,-69.0,346.0,184.0,-2.0,202.0,-2.0,1093.0,107.0,76.0,11.0,301.0,231.0,291.0,231.0,38.03427,-79.520239,2051,51_17_7,2050
80.0,115.0,34.0,7767.0,243.0,-88.0,331.0,160.0,-24.0,176.0,-24.0,1295.0,124.0,94.0,8.0,353.0,285.0,342.0,285.0,37.84544,-79.930836,2052,51_5_41,2051
121.0,138.0,38.0,7933.0,300.0,-54.0,354.0,203.0,16.0,221.0,16.0,997.0,102.0,67.0,12.0,283.0,207.0,278.0,207.0,37.817338,-79.843472,2053,51_5_46,2052
111.0,132.0,37.0,7886.0,287.0,-62.0,349.0,192.0,6.0,210.0,6.0,1049.0,104.0,73.0,11.0,292.0,222.0,286.0,222.0,37.723882,-79.908343,2054,51_5_59,2053
119.0,127.0,37.0,7832.0,290.0,-52.0,342.0,199.0,15.0,218.0,15.0,1101.0,106.0,76.0,10.0,298.0,238.0,287.0,238.0,37.648361,-79.329097,2055,51_9_18,2054
100.0,116.0,36.0,7497.0,256.0,-66.0,322.0,176.0,57.0,193.0,-1.0,1277.0,131.0,86.0,12.0,366.0,281.0,354.0,293.0,36.906972,-82.562684,2056,51_195_1,2055
126.0,129.0,37.0,7841.0,298.0,-44.0,342.0,207.0,22.0,225.0,22.0,1058.0,104.0,72.0,11.0,292.0,227.0,286.0,227.0,37.535508,-79.592851,2057,51_23_65,2056
127.0,132.0,38.0,7865.0,301.0,-45.0,346.0,208.0,23.0,227.0,23.0,1037.0,103.0,70.0,11.0,287.0,223.0,278.0,223.0,37.665103,-79.413177,2058,51_163_63,2057
125.0,130.0,37.0,7866.0,298.0,-47.0,345.0,206.0,21.0,224.0,21.0,1068.0,105.0,73.0,11.0,292.0,231.0,282.0,231.0,37.651916,-79.291226,2059,51_9_47,2058
92.0,115.0,34.0,7779.0,256.0,-75.0,331.0,101.0,-12.0,189.0,-12.0,1277.0,125.0,89.0,10.0,349.0,276.0,322.0,276.0,37.742734,-79.199564,2060,51_9_36,2059
96.0,122.0,37.0,7514.0,258.0,-69.0,327.0,173.0,52.0,190.0,-5.0,1095.0,112.0,79.0,12.0,318.0,239.0,303.0,246.0,37.127949,-81.26018,2061,51_21_20,2060
100.0,125.0,37.0,7573.0,265.0,-68.0,333.0,177.0,16.0,195.0,-1.0,1054.0,109.0,76.0,12.0,307.0,230.0,292.0,233.0,37.110282,-81.181076,2062,51_21_38,2061
125.0,138.0,38.0,7951.0,304.0,-50.0,354.0,207.0,20.0,225.0,20.0,995.0,101.0,67.0,12.0,282.0,208.0,277.0,208.0,37.774776,-79.814374,2063,51_23_45,2062
100.0,127.0,37.0,7623.0,268.0,-69.0,337.0,178.0,-2.0,195.0,-2.0,1032.0,104.0,69.0,12.0,295.0,213.0,282.0,213.0,37.261734,-80.533269,2064,51_121_33,2063
104.0,130.0,38.0,7558.0,271.0,-65.0,336.0,180.0,60.0,199.0,3.0,1061.0,110.0,76.0,12.0,310.0,232.0,296.0,237.0,37.056695,-81.338334,2065,51_21_41,2064
104.0,132.0,37.0,7923.0,279.0,-70.0,349.0,185.0,-2.0,203.0,-2.0,1082.0,109.0,77.0,11.0,302.0,233.0,296.0,233.0,37.904614,-79.930108,2066,51_5_10,2065
126.0,129.0,37.0,7835.0,298.0,-45.0,343.0,206.0,22.0,225.0,22.0,1058.0,104.0,72.0,10.0,291.0,228.0,283.0,228.0,37.574815,-79.491546,2067,51_163_41,2066
113.0,135.0,38.0,7919.0,291.0,-61.0,352.0,194.0,8.0,214.0,8.0,1036.0,104.0,70.0,12.0,290.0,215.0,280.0,215.0,38.057432,-79.432702,2068,51_15_89,2067
110.0,135.0,38.0,7996.0,290.0,-65.0,355.0,204.0,4.0,212.0,4.0,951.0,98.0,61.0,15.0,277.0,187.0,273.0,187.0,38.35893,-79.138744,2069,51_15_18,2068
105.0,136.0,38.0,7991.0,282.0,-72.0,354.0,186.0,-2.0,204.0,-2.0,1082.0,111.0,75.0,11.0,305.0,232.0,299.0,232.0,38.148264,-79.85621,2070,51_17_42,2069
108.0,136.0,38.0,7963.0,285.0,-69.0,354.0,189.0,1.0,207.0,1.0,1061.0,109.0,73.0,11.0,300.0,225.0,293.0,225.0,38.096782,-79.810439,2071,51_17_51,2070
91.0,123.0,35.0,7863.0,261.0,-82.0,343.0,171.0,-15.0,189.0,-15.0,1111.0,107.0,75.0,11.0,306.0,230.0,298.0,230.0,38.309265,-79.226942,2072,51_15_109,2071
81.0,117.0,34.0,7861.0,248.0,-90.0,338.0,161.0,-25.0,179.0,-25.0,1190.0,113.0,82.0,10.0,326.0,252.0,317.0,252.0,38.385568,-79.306937,2073,51_15_50,2072
110.0,124.0,35.0,8121.0,284.0,-68.0,352.0,193.0,1.0,211.0,1.0,1095.0,107.0,71.0,14.0,309.0,220.0,305.0,220.0,38.45515,-78.3765,2074,51_113_2,2073
114.0,135.0,36.0,8317.0,298.0,-71.0,369.0,199.0,3.0,218.0,3.0,968.0,97.0,62.0,15.0,283.0,189.0,279.0,189.0,38.86274,-78.332576,2075,51_187_20,2074
103.0,121.0,34.0,8279.0,278.0,-76.0,354.0,187.0,-8.0,207.0,-8.0,1058.0,106.0,67.0,15.0,305.0,206.0,298.0,206.0,38.801873,-78.195443,2076,51_187_3,2075
106.0,127.0,38.0,7345.0,267.0,-60.0,327.0,180.0,24.0,197.0,7.0,1230.0,122.0,88.0,11.0,351.0,269.0,339.0,271.0,36.646162,-81.724267,2077,51_191_15,2076
100.0,123.0,37.0,7323.0,259.0,-65.0,324.0,174.0,19.0,192.0,2.0,1263.0,124.0,90.0,10.0,359.0,276.0,346.0,278.0,36.665744,-81.694609,2078,51_191_55,2077
85.0,111.0,35.0,7194.0,236.0,-75.0,311.0,157.0,-12.0,174.0,-12.0,1381.0,134.0,96.0,10.0,388.0,298.0,374.0,298.0,36.64664,-81.562797,2079,51_77_49,2078
107.0,133.0,39.0,7582.0,276.0,-63.0,339.0,184.0,23.0,202.0,6.0,1044.0,108.0,75.0,12.0,304.0,226.0,291.0,230.0,36.985253,-81.294141,2080,51_197_6,2079
106.0,132.0,37.0,7912.0,281.0,-67.0,348.0,187.0,0.0,205.0,0.0,1077.0,108.0,75.0,11.0,300.0,229.0,292.0,229.0,38.020257,-79.73585,2081,51_17_44,2080
103.0,128.0,38.0,7514.0,268.0,-65.0,333.0,179.0,59.0,197.0,2.0,1100.0,114.0,79.0,12.0,321.0,240.0,308.0,247.0,37.03441,-81.450769,2082,51_21_26,2081
91.0,118.0,36.0,7426.0,250.0,-72.0,322.0,167.0,48.0,184.0,-8.0,1179.0,119.0,86.0,11.0,341.0,259.0,325.0,266.0,37.065001,-81.41779,2083,51_185_47,2082
121.0,128.0,37.0,7853.0,292.0,-50.0,342.0,202.0,17.0,220.0,17.0,1089.0,106.0,75.0,10.0,297.0,235.0,287.0,235.0,37.621135,-79.393535,2084,51_9_39,2083
103.0,134.0,38.0,7953.0,278.0,-74.0,352.0,183.0,-4.0,202.0,-4.0,1094.0,112.0,76.0,11.0,308.0,235.0,301.0,235.0,38.16962,-79.829665,2085,51_17_14,2084
95.0,125.0,37.0,7639.0,262.0,-73.0,335.0,173.0,-7.0,190.0,-7.0,1066.0,107.0,73.0,12.0,303.0,223.0,292.0,223.0,37.420461,-80.452237,2086,51_45_3,2085
104.0,129.0,37.0,7778.0,275.0,-67.0,342.0,183.0,0.0,201.0,0.0,1065.0,105.0,75.0,11.0,297.0,226.0,290.0,226.0,37.582422,-80.086997,2087,51_45_17,2086
93.0,115.0,33.0,7955.0,261.0,-78.0,339.0,103.0,-13.0,193.0,-13.0,1190.0,114.0,79.0,12.0,329.0,244.0,317.0,244.0,38.265806,-78.664843,2088,51_3_53,2087
111.0,136.0,38.0,7912.0,288.0,-64.0,352.0,192.0,5.0,210.0,5.0,993.0,102.0,70.0,12.0,283.0,211.0,278.0,211.0,37.646423,-80.186829,2089,51_5_36,2088
118.0,138.0,38.0,7970.0,296.0,-59.0,355.0,199.0,11.0,217.0,11.0,981.0,101.0,68.0,12.0,281.0,207.0,276.0,207.0,37.705664,-80.095616,2090,51_5_21,2089
95.0,126.0,35.0,8152.0,272.0,-82.0,354.0,179.0,-14.0,197.0,-14.0,999.0,101.0,62.0,15.0,293.0,192.0,287.0,192.0,38.919087,-78.73239,2091,51_171_40,2090
103.0,127.0,38.0,7498.0,267.0,-65.0,332.0,179.0,59.0,196.0,2.0,1125.0,115.0,81.0,12.0,327.0,247.0,313.0,253.0,36.99761,-81.512703,2092,51_173_49,2091
104.0,130.0,39.0,7438.0,268.0,-64.0,332.0,179.0,21.0,197.0,4.0,1138.0,114.0,81.0,11.0,325.0,247.0,309.0,250.0,36.778435,-81.343353,2093,51_173_28,2092
96.0,127.0,36.0,7874.0,268.0,-76.0,344.0,177.0,-9.0,194.0,-9.0,1146.0,113.0,82.0,10.0,316.0,250.0,308.0,250.0,37.927345,-79.89756,2094,51_17_54,2093
110.0,134.0,36.0,8374.0,295.0,-75.0,370.0,195.0,-2.0,215.0,-2.0,923.0,93.0,58.0,16.0,275.0,176.0,271.0,176.0,39.056922,-78.468282,2095,51_69_22,2094
105.0,131.0,38.0,7701.0,276.0,-66.0,342.0,184.0,2.0,201.0,2.0,984.0,101.0,67.0,13.0,284.0,204.0,274.0,204.0,37.414738,-80.466194,2096,51_45_14,2095
90.0,122.0,36.0,7649.0,255.0,-77.0,332.0,168.0,-13.0,185.0,-13.0,1140.0,112.0,80.0,10.0,319.0,242.0,309.0,242.0,37.516157,-80.288846,2097,51_45_31,2096
121.0,133.0,38.0,7857.0,298.0,-49.0,347.0,202.0,17.0,221.0,17.0,984.0,98.0,69.0,11.0,276.0,209.0,272.0,209.0,37.414503,-80.142715,2098,51_45_24,2097
105.0,130.0,37.0,7818.0,278.0,-66.0,344.0,185.0,1.0,203.0,1.0,1055.0,105.0,74.0,11.0,295.0,224.0,289.0,224.0,37.620985,-80.076175,2099,51_45_5,2098
113.0,134.0,38.0,7845.0,288.0,-60.0,348.0,193.0,8.0,211.0,8.0,987.0,100.0,69.0,12.0,280.0,209.0,274.0,209.0,37.518062,-80.223602,2100,51_45_25,2099
94.0,111.0,32.0,8243.0,261.0,-82.0,343.0,177.0,-17.0,196.0,-17.0,1131.0,113.0,72.0,14.0,322.0,222.0,312.0,222.0,38.784692,-78.175601,2101,51_157_5,2100
115.0,135.0,38.0,7887.0,292.0,-59.0,351.0,196.0,10.0,214.0,10.0,1047.0,104.0,71.0,12.0,291.0,219.0,281.0,219.0,37.997844,-79.524052,2102,51_163_22,2101
111.0,134.0,38.0,7791.0,286.0,-61.0,347.0,191.0,7.0,209.0,7.0,963.0,99.0,66.0,13.0,277.0,201.0,269.0,201.0,37.449246,-80.376911,2103,51_45_22,2102
109.0,132.0,38.0,7804.0,282.0,-63.0,345.0,188.0,4.0,207.0,4.0,999.0,100.0,69.0,12.0,283.0,209.0,276.0,209.0,37.465929,-80.271287,2104,51_45_19,2103
88.0,120.0,36.0,7675.0,252.0,-80.0,332.0,166.0,-16.0,183.0,-16.0,1183.0,115.0,84.0,10.0,328.0,253.0,318.0,253.0,37.5796,-80.186955,2105,51_45_7,2104
117.0,134.0,38.0,7874.0,293.0,-56.0,349.0,197.0,12.0,216.0,12.0,988.0,99.0,69.0,12.0,279.0,209.0,274.0,209.0,37.539142,-80.133356,2106,51_45_10,2105
107.0,133.0,37.0,7917.0,283.0,-68.0,351.0,187.0,1.0,206.0,1.0,1029.0,103.0,69.0,12.0,289.0,212.0,281.0,212.0,38.184995,-79.360101,2107,51_15_215,2106
130.0,130.0,37.0,7862.0,303.0,-42.0,345.0,211.0,26.0,230.0,26.0,1051.0,104.0,71.0,11.0,290.0,228.0,281.0,228.0,37.569847,-79.357674,2108,51_9_104,2107
106.0,121.0,36.0,7760.0,273.0,-61.0,334.0,186.0,3.0,203.0,3.0,1172.0,111.0,82.0,10.0,315.0,251.0,306.0,251.0,37.503592,-79.564215,2109,51_23_92,2108
107.0,132.0,37.0,7891.0,283.0,-67.0,350.0,188.0,2.0,206.0,2.0,1049.0,105.0,71.0,12.0,293.0,218.0,284.0,218.0,38.121574,-79.410809,2110,51_15_219,2109
112.0,129.0,37.0,7873.0,285.0,-60.0,345.0,192.0,7.0,211.0,7.0,1108.0,107.0,76.0,11.0,300.0,236.0,289.0,236.0,37.883302,-79.20897,2111,51_163_114,2110
100.0,125.0,37.0,7649.0,266.0,-71.0,337.0,178.0,-4.0,195.0,-4.0,1015.0,105.0,70.0,12.0,293.0,215.0,281.0,215.0,37.390487,-80.680585,2112,51_71_67,2111
115.0,136.0,38.0,7910.0,292.0,-59.0,351.0,196.0,9.0,214.0,9.0,1039.0,104.0,72.0,11.0,291.0,219.0,283.0,219.0,37.906124,-79.768509,2113,51_17_90,2112
95.0,114.0,33.0,8095.0,263.0,-79.0,342.0,177.0,-14.0,196.0,-14.0,1163.0,113.0,75.0,14.0,324.0,232.0,317.0,232.0,38.538413,-78.324171,2114,51_113_32,2113
93.0,129.0,37.0,7926.0,265.0,-83.0,348.0,174.0,-14.0,191.0,-14.0,1177.0,119.0,83.0,10.0,328.0,259.0,320.0,259.0,38.195203,-79.856173,2115,51_17_145,2114
94.0,129.0,37.0,7898.0,266.0,-80.0,346.0,174.0,-12.0,192.0,-12.0,1170.0,118.0,83.0,10.0,326.0,257.0,318.0,257.0,38.129337,-79.895636,2116,51_17_148,2115
115.0,136.0,38.0,7900.0,293.0,-59.0,352.0,196.0,10.0,215.0,10.0,1043.0,104.0,71.0,12.0,291.0,219.0,282.0,219.0,37.964396,-79.646433,2117,51_17_127,2116
96.0,128.0,36.0,7895.0,268.0,-78.0,346.0,176.0,-10.0,194.0,-10.0,1136.0,113.0,80.0,10.0,314.0,245.0,305.0,245.0,38.117697,-79.731393,2118,51_17_110,2117
104.0,123.0,36.0,7861.0,274.0,-67.0,341.0,113.0,-1.0,203.0,-1.0,1170.0,113.0,80.0,11.0,318.0,248.0,303.0,248.0,37.943674,-79.015024,2119,51_15_162,2118
122.0,133.0,38.0,7905.0,298.0,-50.0,348.0,203.0,17.0,221.0,17.0,994.0,99.0,69.0,11.0,279.0,211.0,275.0,211.0,37.510862,-80.03868,2120,51_45_54,2119
90.0,118.0,35.0,7588.0,251.0,-77.0,328.0,168.0,-12.0,185.0,-12.0,1108.0,112.0,78.0,11.0,317.0,238.0,301.0,238.0,37.308875,-80.768389,2121,51_71_81,2120
101.0,126.0,37.0,7625.0,268.0,-69.0,337.0,179.0,-1.0,196.0,-1.0,1007.0,104.0,69.0,12.0,293.0,213.0,278.0,213.0,37.227436,-80.81999,2122,51_71_83,2121
109.0,119.0,36.0,7559.0,267.0,-58.0,325.0,185.0,117.0,202.0,7.0,1223.0,127.0,81.0,12.0,351.0,268.0,338.0,283.0,36.872052,-82.568775,2123,51_169_96,2122
105.0,135.0,38.0,7934.0,280.0,-71.0,351.0,185.0,-2.0,203.0,-2.0,1034.0,106.0,74.0,11.0,294.0,224.0,289.0,224.0,37.772373,-80.17611,2124,51_5_71,2123
119.0,135.0,38.0,7928.0,296.0,-55.0,351.0,200.0,14.0,219.0,14.0,1036.0,103.0,71.0,11.0,289.0,218.0,281.0,218.0,37.808527,-79.71732,2125,51_5_77,2124
78.0,115.0,34.0,7864.0,244.0,-92.0,336.0,158.0,-27.0,176.0,-27.0,1217.0,115.0,84.0,10.0,332.0,258.0,323.0,258.0,38.4003,-79.259403,2126,51_15_190,2125
118.0,131.0,37.0,7838.0,293.0,-52.0,345.0,199.0,14.0,217.0,14.0,1014.0,100.0,71.0,11.0,282.0,215.0,278.0,215.0,37.447388,-80.065213,2127,51_45_69,2126
93.0,123.0,36.0,7606.0,258.0,-75.0,333.0,171.0,-9.0,188.0,-9.0,1092.0,108.0,75.0,11.0,308.0,229.0,297.0,229.0,37.376596,-80.431985,2128,51_45_95,2127
103.0,129.0,38.0,7605.0,270.0,-66.0,336.0,181.0,19.0,198.0,1.0,1033.0,107.0,74.0,12.0,302.0,224.0,287.0,227.0,37.088657,-81.198143,2129,51_21_76,2128
106.0,133.0,39.0,7625.0,276.0,-65.0,341.0,184.0,4.0,201.0,4.0,998.0,102.0,67.0,13.0,290.0,210.0,275.0,210.0,37.032019,-80.891663,2130,51_155_25,2129
121.0,132.0,37.0,7873.0,297.0,-51.0,348.0,202.0,16.0,220.0,16.0,986.0,98.0,69.0,11.0,277.0,209.0,272.0,209.0,37.400823,-80.156338,2131,51_45_16,2130
114.0,126.0,37.0,7796.0,281.0,-58.0,339.0,193.0,68.0,211.0,9.0,1188.0,123.0,81.0,12.0,344.0,261.0,331.0,268.0,37.199602,-82.543807,2132,51_51_38,2131
111.0,135.0,38.0,7917.0,288.0,-63.0,351.0,192.0,6.0,211.0,6.0,1049.0,105.0,73.0,11.0,293.0,222.0,286.0,222.0,37.945827,-79.792386,2133,51_17_52,2132
107.0,130.0,38.0,7677.0,276.0,-65.0,341.0,185.0,22.0,203.0,4.0,1001.0,105.0,71.0,13.0,293.0,216.0,280.0,219.0,37.144743,-81.174171,2134,51_21_40,2133
104.0,129.0,37.0,7659.0,273.0,-67.0,340.0,183.0,20.0,200.0,2.0,1000.0,105.0,71.0,13.0,293.0,215.0,279.0,217.0,37.165072,-81.094693,2135,51_21_3,2134
114.0,138.0,38.0,7939.0,292.0,-62.0,354.0,195.0,8.0,213.0,8.0,1029.0,104.0,70.0,12.0,291.0,214.0,283.0,214.0,38.098929,-79.654359,2136,51_17_3,2135
89.0,124.0,36.0,7857.0,259.0,-84.0,343.0,169.0,-17.0,187.0,-17.0,1177.0,115.0,84.0,9.0,323.0,257.0,313.0,257.0,38.185606,-79.673125,2137,51_17_77,2136
131.0,126.0,37.0,7763.0,300.0,-38.0,338.0,211.0,28.0,229.0,28.0,1077.0,106.0,75.0,10.0,296.0,236.0,289.0,236.0,37.320852,-79.522225,2138,51_19_82,2137
86.0,112.0,34.0,7702.0,247.0,-79.0,326.0,95.0,-17.0,182.0,-17.0,1312.0,124.0,92.0,9.0,351.0,282.0,337.0,282.0,37.517137,-79.501375,2139,51_19_57,2138
107.0,129.0,38.0,7649.0,275.0,-64.0,339.0,185.0,62.0,202.0,4.0,1016.0,107.0,72.0,13.0,299.0,220.0,286.0,224.0,37.175601,-81.262683,2140,51_21_29,2139
84.0,117.0,34.0,7842.0,250.0,-86.0,336.0,164.0,-21.0,181.0,-21.0,1217.0,114.0,84.0,10.0,327.0,260.0,317.0,260.0,38.186183,-79.305496,2141,51_15_8,2140
108.0,127.0,36.0,7891.0,280.0,-65.0,345.0,188.0,3.0,207.0,3.0,1119.0,107.0,76.0,11.0,302.0,236.0,293.0,236.0,37.971127,-79.102614,2142,51_15_93,2141
97.0,128.0,36.0,7924.0,271.0,-78.0,349.0,178.0,-9.0,196.0,-9.0,1025.0,102.0,67.0,13.0,290.0,205.0,284.0,205.0,38.41186,-79.206081,2143,51_15_97,2142
110.0,125.0,35.0,7991.0,285.0,-63.0,348.0,204.0,4.0,211.0,4.0,1102.0,108.0,74.0,13.0,310.0,226.0,301.0,226.0,38.131127,-78.797566,2144,51_15_16,2143
113.0,140.0,39.0,8003.0,292.0,-66.0,358.0,194.0,5.0,212.0,5.0,1028.0,107.0,71.0,12.0,294.0,218.0,288.0,218.0,37.98594,-79.973126,2145,51_17_60,2144
97.0,128.0,36.0,7885.0,270.0,-76.0,346.0,177.0,-9.0,195.0,-9.0,1144.0,113.0,82.0,10.0,316.0,249.0,307.0,249.0,38.013698,-79.822584,2146,51_17_21,2145
102.0,130.0,38.0,7561.0,270.0,-67.0,337.0,179.0,19.0,197.0,1.0,1027.0,105.0,72.0,12.0,298.0,220.0,283.0,222.0,37.039215,-81.071161,2147,51_21_31,2146
99.0,120.0,34.0,8206.0,272.0,-79.0,351.0,183.0,-11.0,202.0,-11.0,1083.0,107.0,69.0,14.0,309.0,212.0,303.0,212.0,38.709008,-78.321444,2148,51_157_11,2147
119.0,127.0,37.0,7799.0,290.0,-50.0,340.0,200.0,16.0,217.0,16.0,1096.0,106.0,75.0,10.0,298.0,236.0,289.0,236.0,37.578265,-79.480519,2149,51_163_57,2148
118.0,127.0,37.0,7840.0,289.0,-53.0,342.0,198.0,14.0,217.0,14.0,1094.0,106.0,75.0,10.0,297.0,236.0,287.0,236.0,37.682114,-79.382204,2150,51_163_45,2149
93.0,121.0,34.0,8219.0,268.0,-84.0,352.0,177.0,-17.0,195.0,-17.0,1032.0,104.0,65.0,15.0,300.0,200.0,292.0,200.0,38.959679,-78.52952,2151,51_171_2,2150
102.0,126.0,37.0,7642.0,269.0,-68.0,337.0,180.0,0.0,198.0,0.0,1001.0,104.0,70.0,12.0,292.0,214.0,277.0,214.0,37.235652,-80.911824,2152,51_71_29,2151
100.0,127.0,37.0,7623.0,268.0,-69.0,337.0,178.0,-2.0,195.0,-2.0,1032.0,104.0,69.0,12.0,295.0,213.0,282.0,213.0,37.258989,-80.528637,2153,51_121_20,2152
89.0,123.0,35.0,7873.0,259.0,-84.0,343.0,169.0,-17.0,187.0,-17.0,1148.0,110.0,79.0,10.0,313.0,244.0,304.0,244.0,38.232566,-79.433344,2154,51_91_4,2153
97.0,117.0,34.0,7971.0,266.0,-74.0,340.0,156.0,-9.0,197.0,-9.0,1163.0,111.0,77.0,13.0,321.0,236.0,314.0,236.0,38.293875,-78.625222,2155,51_79_19,2154
115.0,131.0,39.0,7481.0,280.0,-54.0,334.0,191.0,32.0,209.0,15.0,1187.0,120.0,86.0,11.0,341.0,260.0,331.0,265.0,36.62268,-81.854579,2156,51_191_75,2155
88.0,122.0,35.0,7916.0,259.0,-85.0,344.0,169.0,-18.0,187.0,-18.0,1085.0,106.0,71.0,13.0,306.0,218.0,300.0,218.0,38.582082,-79.065186,2157,51_165_80,2156
104.0,126.0,38.0,7335.0,265.0,-62.0,327.0,179.0,23.0,196.0,6.0,1243.0,123.0,89.0,11.0,354.0,272.0,342.0,274.0,36.637809,-81.717437,2158,51_191_22,2157
96.0,124.0,37.0,7459.0,258.0,-70.0,328.0,172.0,13.0,189.0,-4.0,1112.0,112.0,81.0,11.0,321.0,244.0,305.0,246.0,36.996008,-81.223369,2159,51_197_68,2158
89.0,122.0,35.0,8014.0,262.0,-85.0,347.0,171.0,-18.0,189.0,-18.0,1063.0,104.0,68.0,14.0,305.0,209.0,299.0,209.0,38.756363,-78.878267,2160,51_165_129,2159
103.0,133.0,37.0,7916.0,279.0,-72.0,351.0,184.0,-2.0,202.0,-2.0,1038.0,104.0,70.0,12.0,292.0,215.0,284.0,215.0,38.248187,-79.474736,2161,51_91_66,2160
118.0,138.0,38.0,7916.0,296.0,-58.0,354.0,198.0,12.0,217.0,12.0,1018.0,103.0,69.0,12.0,287.0,213.0,281.0,213.0,37.8732,-79.826476,2162,51_5_69,2161
110.0,134.0,38.0,7677.0,282.0,-62.0,344.0,188.0,25.0,207.0,7.0,971.0,101.0,65.0,13.0,285.0,203.0,271.0,204.0,37.056319,-80.868115,2163,51_155_39,2162
105.0,128.0,37.0,7848.0,278.0,-66.0,344.0,185.0,0.0,203.0,0.0,1112.0,108.0,79.0,10.0,304.0,238.0,295.0,238.0,37.837183,-79.695731,2164,51_5_117,2163
113.0,136.0,38.0,7917.0,290.0,-62.0,352.0,193.0,8.0,212.0,8.0,1036.0,104.0,70.0,12.0,290.0,216.0,282.0,216.0,38.071133,-79.598889,2165,51_17_73,2164
109.0,131.0,38.0,7683.0,278.0,-63.0,341.0,187.0,24.0,205.0,6.0,985.0,104.0,70.0,13.0,290.0,213.0,277.0,215.0,37.187088,-81.163405,2166,51_21_51,2165
127.0,136.0,38.0,7921.0,305.0,-46.0,351.0,208.0,22.0,227.0,22.0,991.0,100.0,67.0,12.0,280.0,209.0,276.0,209.0,37.633002,-79.88572,2167,51_23_71,2166
110.0,135.0,38.0,7905.0,287.0,-65.0,352.0,190.0,4.0,209.0,4.0,1002.0,102.0,66.0,13.0,285.0,203.0,278.0,203.0,38.222702,-79.368297,2168,51_15_115,2167
106.0,130.0,37.0,7839.0,278.0,-67.0,345.0,186.0,1.0,204.0,1.0,1042.0,104.0,73.0,11.0,293.0,220.0,287.0,220.0,37.58165,-80.136703,2169,51_45_50,2168
114.0,130.0,37.0,7828.0,288.0,-56.0,344.0,195.0,10.0,212.0,10.0,1039.0,102.0,72.0,11.0,289.0,220.0,283.0,220.0,37.534303,-79.968836,2170,51_23_87,2169
104.0,129.0,38.0,7518.0,269.0,-64.0,333.0,180.0,59.0,197.0,3.0,1086.0,112.0,78.0,12.0,316.0,239.0,302.0,244.0,37.010474,-81.386474,2171,51_21_81,2170
102.0,127.0,38.0,7351.0,263.0,-65.0,328.0,175.0,20.0,193.0,3.0,1187.0,118.0,85.0,11.0,340.0,259.0,325.0,263.0,36.781095,-81.508153,2172,51_173_91,2171
89.0,115.0,36.0,7262.0,243.0,-73.0,316.0,163.0,-8.0,180.0,-8.0,1320.0,129.0,93.0,10.0,373.0,288.0,358.0,288.0,36.7108,-81.543306,2173,51_173_94,2172
128.0,129.0,37.0,7850.0,301.0,-42.0,343.0,209.0,24.0,227.0,24.0,1041.0,103.0,72.0,11.0,289.0,224.0,285.0,224.0,37.459994,-79.743839,2174,51_23_75,2173
111.0,132.0,36.0,8275.0,292.0,-72.0,364.0,196.0,0.0,215.0,0.0,999.0,100.0,64.0,15.0,290.0,195.0,286.0,195.0,38.802124,-78.301547,2175,51_187_31,2174
105.0,131.0,38.0,7631.0,274.0,-67.0,341.0,182.0,3.0,200.0,3.0,993.0,102.0,67.0,13.0,289.0,209.0,275.0,209.0,37.105183,-80.866636,2176,51_155_59,2175
78.0,116.0,34.0,7883.0,242.0,-95.0,337.0,158.0,-29.0,174.0,-29.0,1274.0,125.0,90.0,9.0,355.0,282.0,346.0,282.0,38.562759,-79.638168,2177,51_91_68,2176
107.0,130.0,38.0,7631.0,274.0,-64.0,338.0,184.0,62.0,202.0,4.0,1031.0,108.0,73.0,13.0,302.0,224.0,289.0,229.0,37.147847,-81.302555,2178,51_21_10,2177
108.0,135.0,39.0,7551.0,277.0,-63.0,340.0,184.0,7.0,202.0,7.0,1064.0,108.0,70.0,12.0,307.0,223.0,290.0,223.0,36.779141,-81.042669,2179,51_77_82,2178
86.0,119.0,34.0,7936.0,256.0,-86.0,342.0,167.0,-20.0,185.0,-20.0,1115.0,107.0,74.0,12.0,312.0,227.0,305.0,227.0,38.55382,-79.029061,2180,51_165_170,2179
113.0,126.0,36.0,7824.0,284.0,-58.0,342.0,193.0,9.0,211.0,9.0,1129.0,108.0,78.0,10.0,303.0,244.0,292.0,244.0,37.714645,-79.300548,2181,51_9_97,2180
118.0,127.0,37.0,7842.0,289.0,-53.0,342.0,199.0,14.0,217.0,14.0,1107.0,107.0,76.0,10.0,299.0,239.0,289.0,239.0,37.652699,-79.320844,2182,51_9_98,2181
107.0,135.0,38.0,7929.0,284.0,-69.0,353.0,188.0,1.0,206.0,1.0,1035.0,105.0,70.0,12.0,292.0,215.0,284.0,215.0,38.198589,-79.533797,2183,51_91_88,2182
121.0,137.0,38.0,7910.0,299.0,-54.0,353.0,201.0,15.0,220.0,15.0,1024.0,103.0,69.0,12.0,287.0,214.0,279.0,214.0,37.894334,-79.687159,2184,51_17_131,2183
98.0,127.0,37.0,7862.0,269.0,-74.0,343.0,179.0,-7.0,196.0,-7.0,1136.0,112.0,82.0,10.0,313.0,246.0,305.0,246.0,37.900104,-79.850706,2185,51_17_144,2184
104.0,136.0,38.0,7958.0,280.0,-73.0,353.0,185.0,-3.0,203.0,-3.0,1064.0,109.0,75.0,11.0,301.0,231.0,296.0,231.0,37.899968,-80.103407,2186,51_5_101,2185
118.0,135.0,38.0,7874.0,294.0,-55.0,349.0,198.0,13.0,217.0,13.0,973.0,98.0,68.0,12.0,276.0,206.0,271.0,206.0,37.511527,-80.19556,2187,51_45_78,2186
83.0,110.0,35.0,7187.0,233.0,-76.0,309.0,155.0,-14.0,172.0,-14.0,1403.0,136.0,97.0,10.0,395.0,301.0,381.0,301.0,36.641349,-81.564656,2188,51_77_90,2187
105.0,123.0,36.0,7860.0,275.0,-65.0,340.0,114.0,1.0,204.0,1.0,1181.0,115.0,81.0,11.0,321.0,253.0,303.0,253.0,37.869766,-79.064186,2189,51_125_86,2188
97.0,128.0,36.0,7902.0,271.0,-76.0,347.0,178.0,-8.0,196.0,-8.0,1045.0,104.0,69.0,12.0,293.0,213.0,286.0,213.0,38.332826,-79.297791,2190,51_15_194,2189
110.0,134.0,38.0,7657.0,282.0,-62.0,344.0,188.0,25.0,206.0,7.0,963.0,100.0,65.0,13.0,282.0,203.0,269.0,203.0,37.090848,-80.893052,2191,51_155_72,2190
107.0,119.0,36.0,7539.0,266.0,-59.0,325.0,184.0,115.0,201.0,6.0,1244.0,128.0,81.0,12.0,355.0,270.0,342.0,293.0,36.811256,-82.678054,2192,51_169_31,2191
116.0,135.0,38.0,7934.0,293.0,-58.0,351.0,197.0,10.0,216.0,10.0,1047.0,104.0,72.0,11.0,291.0,220.0,282.0,220.0,37.929355,-79.664169,2193,51_17_45,2192
101.0,121.0,34.0,8114.0,274.0,-75.0,349.0,184.0,-7.0,203.0,-7.0,1092.0,107.0,70.0,14.0,308.0,216.0,303.0,216.0,38.571691,-78.424866,2194,51_139_53,2193
114.0,133.0,38.0,7739.0,289.0,-56.0,345.0,193.0,11.0,212.0,11.0,969.0,98.0,67.0,12.0,276.0,203.0,268.0,203.0,37.32828,-80.365738,2195,51_121_46,2194
100.0,133.0,38.0,7935.0,274.0,-76.0,350.0,180.0,-7.0,198.0,-7.0,1107.0,112.0,79.0,10.0,310.0,242.0,304.0,242.0,37.947022,-80.044884,2196,51_5_47,2195
126.0,130.0,37.0,7854.0,298.0,-46.0,344.0,206.0,21.0,225.0,21.0,1055.0,104.0,72.0,11.0,291.0,227.0,283.0,227.0,37.60681,-79.511676,2197,51_163_93,2196
113.0,132.0,36.0,8209.0,292.0,-71.0,363.0,196.0,2.0,215.0,2.0,1039.0,103.0,67.0,14.0,297.0,206.0,294.0,206.0,38.657029,-78.2721,2198,51_157_49,2197
118.0,139.0,39.0,7938.0,298.0,-58.0,356.0,200.0,12.0,218.0,12.0,981.0,101.0,67.0,12.0,281.0,206.0,276.0,206.0,37.729742,-80.060472,2199,51_5_62,2198
109.0,132.0,38.0,7709.0,280.0,-63.0,343.0,188.0,24.0,206.0,6.0,965.0,102.0,68.0,13.0,283.0,207.0,272.0,208.0,37.209493,-81.060541,2200,51_21_47,2199
85.0,122.0,35.0,7862.0,252.0,-89.0,341.0,165.0,-22.0,181.0,-22.0,1257.0,125.0,90.0,9.0,348.0,280.0,339.0,280.0,38.303324,-79.805523,2201,51_91_62,2200
100.0,130.0,36.0,8006.0,277.0,-77.0,354.0,182.0,-7.0,200.0,-7.0,971.0,99.0,61.0,15.0,284.0,187.0,281.0,187.0,38.649423,-79.062604,2202,51_165_149,2201
97.0,126.0,35.0,8021.0,273.0,-78.0,351.0,179.0,-10.0,198.0,-10.0,1013.0,101.0,64.0,15.0,291.0,197.0,288.0,197.0,38.569908,-78.942172,2203,51_165_79,2202
87.0,118.0,33.0,8193.0,260.0,-89.0,349.0,171.0,-23.0,189.0,-23.0,1070.0,107.0,68.0,14.0,309.0,209.0,300.0,209.0,39.008484,-78.556978,2204,51_171_82,2203
103.0,132.0,36.0,8189.0,284.0,-77.0,361.0,187.0,-7.0,205.0,-7.0,942.0,96.0,57.0,17.0,279.0,178.0,276.0,178.0,38.862999,-78.790414,2205,51_171_81,2204
101.0,126.0,35.0,8176.0,277.0,-79.0,356.0,184.0,-9.0,203.0,-9.0,1012.0,101.0,64.0,15.0,293.0,196.0,288.0,196.0,38.780038,-78.525643,2206,51_171_29,2205
100.0,118.0,34.0,8147.0,271.0,-76.0,347.0,183.0,-9.0,202.0,-9.0,1118.0,110.0,72.0,14.0,315.0,222.0,308.0,222.0,38.605625,-78.277547,2207,51_157_24,2206
85.0,119.0,35.0,7794.0,251.0,-85.0,336.0,165.0,-19.0,182.0,-19.0,1248.0,120.0,91.0,8.0,339.0,275.0,329.0,275.0,37.921091,-79.842845,2208,51_17_75,2207
99.0,133.0,37.0,7952.0,274.0,-78.0,352.0,180.0,-8.0,198.0,-8.0,1125.0,115.0,79.0,11.0,317.0,245.0,309.0,245.0,38.165484,-79.887011,2209,51_17_74,2208
95.0,121.0,36.0,7617.0,258.0,-74.0,332.0,173.0,-7.0,190.0,-7.0,1062.0,109.0,74.0,12.0,307.0,228.0,291.0,228.0,37.27204,-80.851203,2210,51_71_50,2209
122.0,131.0,37.0,7860.0,295.0,-51.0,346.0,202.0,18.0,221.0,18.0,1058.0,104.0,72.0,11.0,290.0,227.0,280.0,227.0,37.755177,-79.329851,2211,51_163_9,2210
96.0,128.0,36.0,7982.0,272.0,-79.0,351.0,178.0,-11.0,196.0,-11.0,997.0,101.0,63.0,15.0,290.0,194.0,287.0,194.0,38.690666,-79.036057,2212,51_165_77,2211
107.0,119.0,36.0,7569.0,266.0,-61.0,327.0,184.0,115.0,201.0,5.0,1244.0,128.0,82.0,12.0,355.0,272.0,343.0,290.0,36.847425,-82.641763,2213,51_169_64,2212
109.0,133.0,39.0,7509.0,275.0,-61.0,336.0,185.0,25.0,202.0,8.0,1112.0,114.0,80.0,12.0,324.0,243.0,310.0,248.0,36.900487,-81.51105,2214,51_173_65,2213
110.0,126.0,36.0,7913.0,282.0,-62.0,344.0,202.0,5.0,209.0,5.0,1137.0,109.0,78.0,11.0,310.0,239.0,300.0,239.0,37.952581,-78.94164,2215,51_15_153,2214
97.0,127.0,36.0,7868.0,270.0,-76.0,346.0,177.0,-8.0,195.0,-8.0,1106.0,108.0,76.0,10.0,304.0,234.0,294.0,234.0,38.144644,-79.456878,2216,51_17_40,2215
105.0,135.0,38.0,7941.0,281.0,-71.0,352.0,185.0,-2.0,204.0,-2.0,1071.0,109.0,76.0,11.0,302.0,231.0,296.0,231.0,37.935126,-80.005246,2217,51_5_57,2216
93.0,128.0,37.0,7855.0,263.0,-81.0,344.0,173.0,-13.0,190.0,-13.0,1156.0,117.0,83.0,10.0,324.0,255.0,317.0,255.0,37.915143,-80.10381,2218,51_5_56,2217
91.0,114.0,34.0,7809.0,256.0,-77.0,333.0,100.0,-13.0,189.0,-13.0,1284.0,126.0,89.0,10.0,354.0,276.0,325.0,276.0,37.853834,-78.983582,2219,51_125_37,2218
100.0,126.0,38.0,7367.0,262.0,-67.0,329.0,174.0,18.0,192.0,1.0,1170.0,117.0,84.0,11.0,334.0,256.0,318.0,259.0,36.810344,-81.407435,2220,51_173_6,2219
118.0,134.0,38.0,7875.0,295.0,-55.0,350.0,199.0,13.0,217.0,13.0,989.0,100.0,69.0,12.0,280.0,209.0,275.0,209.0,37.566369,-80.085987,2221,51_45_41,2220
121.0,134.0,38.0,7910.0,298.0,-51.0,349.0,203.0,16.0,221.0,16.0,981.0,98.0,68.0,11.0,276.0,208.0,272.0,208.0,37.487082,-80.119622,2222,51_45_39,2221
108.0,134.0,38.0,7915.0,285.0,-66.0,351.0,189.0,3.0,208.0,3.0,1037.0,104.0,70.0,12.0,291.0,215.0,282.0,215.0,38.125934,-79.411716,2223,51_15_26,2222
95.0,129.0,37.0,7854.0,265.0,-79.0,344.0,174.0,-11.0,192.0,-11.0,1137.0,114.0,82.0,10.0,318.0,249.0,311.0,249.0,37.867828,-80.091585,2224,51_5_58,2223
98.0,125.0,36.0,7785.0,267.0,-72.0,339.0,177.0,-7.0,195.0,-7.0,1132.0,110.0,81.0,10.0,311.0,244.0,303.0,244.0,37.698898,-79.951608,2225,51_5_55,2224
100.0,129.0,37.0,7897.0,273.0,-74.0,347.0,180.0,-6.0,198.0,-6.0,1114.0,111.0,79.0,10.0,309.0,240.0,300.0,240.0,38.061357,-79.740921,2226,51_17_35,2225
88.0,117.0,36.0,7469.0,247.0,-76.0,323.0,164.0,-12.0,181.0,-12.0,1160.0,116.0,83.0,11.0,332.0,253.0,314.0,253.0,37.076894,-81.045974,2227,51_21_17,2226
96.0,128.0,36.0,7967.0,271.0,-79.0,350.0,178.0,-10.0,196.0,-10.0,1000.0,101.0,64.0,14.0,289.0,196.0,285.0,196.0,38.606054,-79.117245,2228,51_165_18,2227
93.0,125.0,36.0,7925.0,266.0,-81.0,347.0,174.0,-13.0,193.0,-13.0,1043.0,103.0,68.0,13.0,295.0,209.0,290.0,209.0,38.478212,-79.169325,2229,51_165_57,2228
99.0,125.0,37.0,7681.0,266.0,-70.0,336.0,177.0,-4.0,194.0,-4.0,1090.0,107.0,75.0,11.0,304.0,227.0,296.0,227.0,37.432682,-80.206588,2230,51_45_51,2229
91.0,111.0,32.0,8066.0,256.0,-82.0,338.0,102.0,-18.0,191.0,-18.0,1181.0,114.0,76.0,14.0,329.0,236.0,320.0,236.0,38.572016,-78.335614,2231,51_113_20,2230
121.0,127.0,37.0,7862.0,292.0,-50.0,342.0,202.0,17.0,220.0,17.0,1092.0,106.0,75.0,10.0,297.0,236.0,287.0,236.0,37.631108,-79.313856,2232,51_9_63,2231
120.0,132.0,36.0,8167.0,301.0,-59.0,360.0,215.0,12.0,223.0,12.0,1007.0,102.0,65.0,15.0,294.0,200.0,289.0,200.0,38.415001,-78.646955,2233,51_165_90,2232
97.0,124.0,36.0,7760.0,265.0,-73.0,338.0,176.0,-7.0,193.0,-7.0,1129.0,110.0,80.0,10.0,312.0,241.0,304.0,241.0,37.64357,-80.011817,2234,51_23_41,2233
112.0,123.0,36.0,7787.0,281.0,-55.0,336.0,192.0,9.0,211.0,9.0,1135.0,108.0,79.0,10.0,306.0,244.0,298.0,244.0,37.466163,-79.598245,2235,51_23_28,2234
90.0,118.0,36.0,7578.0,250.0,-77.0,327.0,167.0,-12.0,184.0,-12.0,1110.0,112.0,78.0,11.0,318.0,238.0,302.0,238.0,37.309599,-80.758545,2236,51_71_30,2235
99.0,127.0,37.0,7666.0,266.0,-72.0,338.0,177.0,-5.0,194.0,-5.0,1023.0,105.0,70.0,12.0,294.0,215.0,284.0,215.0,37.446515,-80.538368,2237,51_71_43,2236
115.0,129.0,37.0,7934.0,290.0,-58.0,348.0,208.0,10.0,216.0,10.0,1094.0,107.0,75.0,12.0,303.0,229.0,294.0,229.0,37.992959,-78.930311,2238,51_15_65,2237
102.0,131.0,37.0,7910.0,278.0,-72.0,350.0,183.0,-3.0,201.0,-3.0,1003.0,101.0,65.0,13.0,285.0,201.0,280.0,201.0,38.342558,-79.228219,2239,51_15_155,2238
112.0,134.0,38.0,7914.0,289.0,-62.0,351.0,193.0,7.0,212.0,7.0,1028.0,103.0,69.0,12.0,289.0,212.0,280.0,212.0,38.099142,-79.351516,2240,51_15_55,2239
111.0,129.0,36.0,8144.0,290.0,-67.0,357.0,206.0,3.0,214.0,3.0,1007.0,101.0,65.0,15.0,292.0,199.0,288.0,199.0,38.476545,-78.67103,2241,51_165_150,2240
96.0,118.0,35.0,7840.0,262.0,-73.0,335.0,105.0,-9.0,194.0,-9.0,1252.0,123.0,87.0,10.0,344.0,270.0,316.0,270.0,37.833868,-79.121702,2242,51_125_63,2241
79.0,107.0,34.0,7208.0,228.0,-80.0,308.0,152.0,-18.0,169.0,-18.0,1420.0,138.0,98.0,10.0,399.0,304.0,383.0,304.0,36.667529,-81.459397,2243,51_77_25,2242
111.0,134.0,36.0,8215.0,292.0,-73.0,365.0,194.0,1.0,214.0,1.0,976.0,97.0,62.0,15.0,283.0,191.0,281.0,191.0,38.72608,-78.4996,2244,51_139_37,2243
91.0,112.0,33.0,8024.0,256.0,-82.0,338.0,102.0,-17.0,190.0,-17.0,1177.0,113.0,76.0,13.0,328.0,236.0,318.0,236.0,38.504013,-78.462257,2245,51_139_38,2244
101.0,130.0,37.0,7935.0,277.0,-73.0,350.0,182.0,-4.0,201.0,-4.0,984.0,100.0,63.0,14.0,283.0,193.0,279.0,193.0,38.447109,-79.156727,2246,51_165_13,2245
96.0,115.0,33.0,8039.0,264.0,-77.0,341.0,155.0,-12.0,196.0,-12.0,1158.0,111.0,75.0,13.0,321.0,233.0,314.0,233.0,38.421834,-78.498961,2247,51_165_104,2246
110.0,123.0,37.0,7681.0,274.0,-58.0,332.0,188.0,118.0,206.0,7.0,1258.0,127.0,79.0,12.0,353.0,268.0,340.0,307.0,36.829756,-82.905272,2248,51_105_66,2247
105.0,130.0,38.0,7631.0,274.0,-64.0,338.0,182.0,3.0,200.0,3.0,1006.0,101.0,68.0,12.0,287.0,208.0,276.0,208.0,37.255116,-80.476207,2249,51_121_26,2248
90.0,114.0,34.0,7781.0,254.0,-77.0,331.0,99.0,-14.0,187.0,-14.0,1292.0,126.0,90.0,10.0,353.0,279.0,327.0,279.0,37.761737,-79.173101,2250,51_9_57,2249
117.0,127.0,37.0,7841.0,288.0,-53.0,341.0,198.0,13.0,216.0,13.0,1105.0,107.0,76.0,10.0,299.0,238.0,289.0,238.0,37.683285,-79.31046,2251,51_9_4,2250
91.0,124.0,36.0,7891.0,263.0,-81.0,344.0,172.0,-14.0,190.0,-14.0,1078.0,105.0,72.0,12.0,300.0,220.0,294.0,220.0,38.402028,-79.241156,2252,51_15_133,2251
116.0,123.0,36.0,7790.0,285.0,-53.0,338.0,196.0,12.0,214.0,12.0,1124.0,108.0,78.0,10.0,304.0,242.0,296.0,242.0,37.480057,-79.528411,2253,51_19_108,2252
114.0,137.0,38.0,7946.0,293.0,-61.0,354.0,196.0,9.0,214.0,9.0,1036.0,104.0,71.0,12.0,291.0,217.0,283.0,217.0,38.017223,-79.698169,2254,51_17_69,2253
95.0,127.0,36.0,7938.0,269.0,-80.0,349.0,176.0,-11.0,194.0,-11.0,1019.0,102.0,66.0,14.0,292.0,202.0,287.0,202.0,38.549263,-79.158844,2255,51_165_140,2254
93.0,119.0,34.0,8035.0,264.0,-81.0,345.0,175.0,-15.0,193.0,-15.0,1097.0,107.0,70.0,14.0,310.0,216.0,304.0,216.0,38.600438,-78.638002,2256,51_139_50,2255
107.0,132.0,37.0,7867.0,282.0,-66.0,348.0,187.0,2.0,205.0,2.0,1072.0,107.0,76.0,11.0,299.0,228.0,292.0,228.0,37.855704,-79.885668,2257,51_5_13,2256
103.0,130.0,37.0,7906.0,278.0,-70.0,348.0,184.0,-2.0,203.0,-2.0,1054.0,104.0,71.0,12.0,292.0,219.0,284.0,219.0,38.172826,-79.357932,2258,51_15_148,2257
107.0,134.0,38.0,7907.0,284.0,-67.0,351.0,188.0,2.0,206.0,2.0,1062.0,107.0,73.0,11.0,297.0,225.0,289.0,225.0,38.084988,-79.710729,2259,51_17_15,2258
112.0,125.0,36.0,7853.0,282.0,-59.0,341.0,119.0,8.0,211.0,8.0,1156.0,112.0,80.0,11.0,311.0,248.0,298.0,248.0,37.756715,-79.09777,2260,51_9_21,2259
100.0,125.0,38.0,7351.0,261.0,-66.0,327.0,174.0,18.0,191.0,1.0,1197.0,119.0,86.0,11.0,342.0,262.0,327.0,265.0,36.789271,-81.5158,2261,51_173_30,2260
112.0,134.0,38.0,7892.0,289.0,-62.0,351.0,192.0,7.0,211.0,7.0,1029.0,103.0,69.0,12.0,289.0,213.0,280.0,213.0,38.096136,-79.374403,2262,51_15_91,2261
91.0,126.0,36.0,7882.0,260.0,-83.0,343.0,171.0,-16.0,188.0,-16.0,1197.0,119.0,86.0,9.0,331.0,264.0,322.0,264.0,38.128129,-79.847689,2263,51_17_20,2262
121.0,127.0,37.0,7804.0,293.0,-47.0,340.0,202.0,18.0,220.0,18.0,1079.0,105.0,74.0,10.0,295.0,232.0,289.0,232.0,37.50399,-79.638905,2264,51_23_36,2263
105.0,129.0,37.0,7708.0,274.0,-67.0,341.0,183.0,1.0,201.0,1.0,975.0,103.0,66.0,13.0,285.0,205.0,273.0,205.0,37.368479,-80.711949,2265,51_71_60,2264
120.0,133.0,38.0,7912.0,292.0,-55.0,347.0,200.0,74.0,219.0,14.0,1155.0,121.0,79.0,12.0,338.0,252.0,325.0,257.0,37.274254,-82.322668,2266,51_51_59,2265
98.0,123.0,38.0,7276.0,256.0,-67.0,323.0,171.0,17.0,188.0,0.0,1241.0,122.0,88.0,10.0,351.0,272.0,336.0,272.0,36.71562,-81.494402,2267,51_173_35,2266
93.0,121.0,37.0,7458.0,254.0,-71.0,325.0,169.0,11.0,186.0,-7.0,1128.0,113.0,81.0,11.0,325.0,247.0,308.0,248.0,37.024317,-81.168845,2268,51_197_78,2267
108.0,133.0,38.0,7658.0,278.0,-64.0,342.0,186.0,5.0,204.0,5.0,979.0,101.0,65.0,13.0,286.0,205.0,272.0,205.0,37.080445,-80.816756,2269,51_155_14,2268
112.0,123.0,37.0,7598.0,274.0,-56.0,330.0,189.0,119.0,206.0,10.0,1233.0,126.0,77.0,12.0,348.0,262.0,336.0,299.0,36.754991,-82.782081,2270,51_169_73,2269
107.0,121.0,36.0,7726.0,270.0,-64.0,334.0,185.0,62.0,202.0,3.0,1222.0,127.0,83.0,12.0,355.0,269.0,341.0,276.0,37.228715,-82.470392,2271,51_51_45,2270
110.0,137.0,38.0,7935.0,287.0,-67.0,354.0,191.0,4.0,209.0,4.0,996.0,103.0,70.0,12.0,285.0,212.0,281.0,212.0,37.693941,-80.21425,2272,51_5_50,2271
97.0,118.0,35.0,7796.0,264.0,-72.0,336.0,105.0,-7.0,195.0,-7.0,1247.0,122.0,87.0,10.0,341.0,270.0,315.0,270.0,37.777601,-79.173043,2273,51_9_24,2272
103.0,130.0,38.0,7545.0,270.0,-66.0,336.0,180.0,20.0,198.0,2.0,1051.0,108.0,76.0,12.0,306.0,228.0,292.0,231.0,37.009006,-81.233929,2274,51_197_92,2273
116.0,133.0,39.0,7467.0,282.0,-55.0,337.0,191.0,32.0,209.0,15.0,1179.0,118.0,85.0,11.0,338.0,258.0,327.0,262.0,36.637952,-81.743559,2275,51_191_114,2274
103.0,131.0,39.0,7460.0,269.0,-65.0,334.0,179.0,4.0,197.0,4.0,1109.0,112.0,76.0,11.0,317.0,237.0,300.0,237.0,36.770985,-81.178657,2276,51_197_96,2275
119.0,126.0,37.0,7734.0,285.0,-52.0,337.0,197.0,127.0,215.0,15.0,1163.0,120.0,76.0,12.0,333.0,253.0,320.0,272.0,36.93613,-82.594344,2277,51_195_2,2276
116.0,125.0,37.0,7724.0,281.0,-54.0,335.0,194.0,124.0,211.0,12.0,1220.0,124.0,76.0,12.0,343.0,258.0,330.0,300.0,36.859963,-82.856154,2278,51_105_74,2277
112.0,132.0,37.0,7880.0,287.0,-61.0,348.0,193.0,7.0,210.0,7.0,1071.0,105.0,75.0,11.0,295.0,228.0,286.0,228.0,37.875059,-79.669504,2279,51_17_86,2278
94.0,127.0,36.0,7897.0,268.0,-80.0,348.0,174.0,-12.0,192.0,-12.0,1052.0,104.0,70.0,12.0,295.0,215.0,288.0,215.0,38.386242,-79.346591,2280,51_91_60,2279
118.0,126.0,37.0,7720.0,284.0,-51.0,335.0,196.0,125.0,214.0,15.0,1211.0,123.0,74.0,12.0,339.0,253.0,326.0,302.0,36.77011,-82.844355,2281,51_105_37,2280
99.0,127.0,36.0,7868.0,271.0,-74.0,345.0,179.0,-6.0,197.0,-6.0,1099.0,106.0,75.0,11.0,300.0,230.0,291.0,230.0,38.143934,-79.306462,2282,51_15_158,2281
93.0,121.0,37.0,7468.0,254.0,-73.0,327.0,169.0,10.0,186.0,-7.0,1124.0,113.0,81.0,11.0,323.0,246.0,306.0,247.0,37.04199,-81.117289,2283,51_21_34,2282
101.0,123.0,38.0,7280.0,259.0,-64.0,323.0,174.0,20.0,191.0,3.0,1264.0,124.0,90.0,10.0,359.0,277.0,346.0,278.0,36.636509,-81.66094,2284,51_191_109,2283
101.0,128.0,35.0,8340.0,282.0,-81.0,363.0,186.0,-10.0,206.0,-10.0,958.0,97.0,59.0,16.0,284.0,181.0,278.0,181.0,39.053983,-78.522128,2285,51_69_67,2284
97.0,120.0,35.0,7840.0,266.0,-72.0,338.0,106.0,-7.0,196.0,-7.0,1207.0,118.0,83.0,11.0,332.0,257.0,308.0,257.0,37.963521,-79.06425,2286,51_15_177,2285
99.0,120.0,35.0,7835.0,267.0,-70.0,337.0,109.0,-5.0,198.0,-5.0,1233.0,121.0,86.0,10.0,337.0,267.0,311.0,267.0,37.793758,-79.147606,2287,51_9_92,2286
99.0,119.0,35.0,7810.0,266.0,-68.0,334.0,108.0,-4.0,198.0,-4.0,1235.0,121.0,86.0,10.0,337.0,267.0,312.0,267.0,37.733811,-79.185638,2288,51_9_94,2287
86.0,121.0,35.0,7857.0,255.0,-85.0,340.0,166.0,-19.0,184.0,-19.0,1162.0,111.0,80.0,10.0,317.0,247.0,308.0,247.0,38.279073,-79.396923,2289,51_15_213,2288
93.0,125.0,36.0,7971.0,266.0,-81.0,347.0,174.0,-14.0,192.0,-14.0,1040.0,103.0,67.0,13.0,297.0,206.0,292.0,206.0,38.578166,-79.068009,2290,51_165_175,2289
98.0,128.0,36.0,7912.0,272.0,-75.0,347.0,179.0,-8.0,197.0,-8.0,1036.0,103.0,68.0,13.0,291.0,209.0,286.0,209.0,38.351156,-79.20583,2291,51_15_171,2290
116.0,126.0,37.0,7832.0,286.0,-54.0,340.0,197.0,12.0,215.0,12.0,1116.0,107.0,77.0,10.0,301.0,241.0,291.0,241.0,37.652773,-79.383201,2292,51_163_123,2291
81.0,117.0,34.0,7860.0,248.0,-90.0,338.0,161.0,-25.0,179.0,-25.0,1196.0,113.0,83.0,9.0,326.0,255.0,317.0,255.0,38.363163,-79.339418,2293,51_91_74,2292
96.0,125.0,36.0,7871.0,267.0,-77.0,344.0,176.0,-10.0,194.0,-10.0,1099.0,106.0,74.0,11.0,301.0,229.0,293.0,229.0,38.210219,-79.260831,2294,51_15_205,2293
121.0,133.0,38.0,7900.0,298.0,-51.0,349.0,203.0,17.0,221.0,17.0,1012.0,101.0,69.0,11.0,284.0,214.0,279.0,214.0,37.608967,-79.891707,2295,51_23_101,2294
78.0,116.0,34.0,7896.0,242.0,-96.0,338.0,158.0,-29.0,175.0,-29.0,1272.0,124.0,90.0,9.0,352.0,281.0,342.0,281.0,38.523503,-79.612876,2296,51_91_83,2295
105.0,132.0,37.0,7923.0,281.0,-70.0,351.0,185.0,-1.0,204.0,-1.0,1009.0,101.0,66.0,13.0,285.0,204.0,279.0,204.0,38.278315,-79.278865,2297,51_15_156,2296
112.0,129.0,37.0,7863.0,285.0,-59.0,344.0,192.0,7.0,210.0,7.0,1083.0,106.0,75.0,11.0,298.0,230.0,289.0,230.0,37.753309,-79.699569,2298,51_23_85,2297
117.0,133.0,38.0,7900.0,293.0,-55.0,348.0,198.0,12.0,217.0,12.0,1057.0,104.0,72.0,11.0,292.0,223.0,284.0,223.0,37.809006,-79.663216,2299,51_5_18,2298
108.0,130.0,37.0,7847.0,282.0,-63.0,345.0,189.0,4.0,207.0,4.0,1090.0,106.0,76.0,11.0,299.0,231.0,289.0,231.0,37.899346,-79.619784,2300,51_163_109,2299
89.0,120.0,36.0,7598.0,250.0,-79.0,329.0,166.0,-14.0,183.0,-14.0,1130.0,112.0,78.0,11.0,320.0,239.0,307.0,239.0,37.394689,-80.524212,2301,51_71_66,2300
97.0,125.0,37.0,7653.0,263.0,-72.0,335.0,175.0,-6.0,192.0,-6.0,1029.0,106.0,71.0,12.0,297.0,218.0,285.0,218.0,37.41716,-80.629149,2302,51_71_42,2301
113.0,133.0,38.0,7723.0,287.0,-57.0,344.0,192.0,10.0,210.0,10.0,969.0,98.0,67.0,12.0,276.0,203.0,268.0,203.0,37.30852,-80.39307,2303,51_121_75,2302
102.0,130.0,36.0,7987.0,279.0,-74.0,353.0,184.0,-5.0,202.0,-5.0,971.0,99.0,62.0,15.0,281.0,189.0,279.0,189.0,38.520989,-79.088709,2304,51_165_17,2303
105.0,133.0,38.0,7612.0,276.0,-66.0,342.0,183.0,21.0,201.0,3.0,1009.0,103.0,69.0,12.0,293.0,214.0,279.0,215.0,37.014109,-81.013486,2305,51_197_79,2304
109.0,128.0,37.0,7782.0,281.0,-61.0,342.0,189.0,5.0,207.0,5.0,1056.0,103.0,73.0,11.0,293.0,222.0,287.0,222.0,37.496176,-80.019831,2306,51_45_11,2305
119.0,133.0,38.0,7821.0,294.0,-52.0,346.0,199.0,15.0,217.0,15.0,983.0,98.0,69.0,12.0,277.0,208.0,271.0,208.0,37.385216,-80.194624,2307,51_45_52,2306
111.0,134.0,36.0,8273.0,293.0,-74.0,367.0,195.0,0.0,214.0,0.0,976.0,98.0,62.0,15.0,285.0,190.0,281.0,190.0,38.836031,-78.37097,2308,51_187_50,2307
96.0,126.0,35.0,8193.0,273.0,-82.0,355.0,179.0,-14.0,198.0,-14.0,1000.0,101.0,62.0,15.0,293.0,192.0,287.0,192.0,38.931037,-78.671641,2309,51_171_100,2308
105.0,133.0,37.0,8081.0,285.0,-73.0,358.0,187.0,-3.0,206.0,-3.0,935.0,96.0,58.0,17.0,276.0,178.0,275.0,178.0,38.711702,-78.942251,2310,51_165_159,2309
107.0,134.0,37.0,8090.0,288.0,-71.0,359.0,190.0,-1.0,209.0,-1.0,926.0,96.0,57.0,17.0,274.0,176.0,273.0,176.0,38.633799,-78.985777,2311,51_165_165,2310
109.0,133.0,38.0,7889.0,285.0,-64.0,349.0,190.0,4.0,208.0,4.0,1056.0,105.0,75.0,11.0,294.0,225.0,288.0,225.0,37.823216,-79.885294,2312,51_5_82,2311
104.0,130.0,37.0,7741.0,276.0,-67.0,343.0,183.0,1.0,201.0,1.0,1015.0,102.0,70.0,12.0,288.0,211.0,280.0,211.0,37.429582,-80.325182,2313,51_45_89,2312
107.0,134.0,38.0,7897.0,283.0,-68.0,351.0,188.0,2.0,206.0,2.0,1053.0,106.0,72.0,12.0,295.0,220.0,286.0,220.0,38.123392,-79.57917,2314,51_17_108,2313
96.0,124.0,37.0,7654.0,262.0,-73.0,335.0,174.0,-7.0,191.0,-7.0,1050.0,107.0,72.0,12.0,301.0,220.0,289.0,220.0,37.37579,-80.573093,2315,51_71_76,2314
98.0,122.0,36.0,7568.0,261.0,-70.0,331.0,175.0,14.0,192.0,-4.0,1065.0,110.0,77.0,12.0,310.0,233.0,295.0,235.0,37.167856,-81.170175,2316,51_21_68,2315
105.0,119.0,36.0,7552.0,264.0,-62.0,326.0,182.0,113.0,199.0,3.0,1271.0,129.0,82.0,12.0,360.0,275.0,347.0,302.0,36.806449,-82.76209,2317,51_169_102,2316
111.0,137.0,38.0,7919.0,288.0,-64.0,352.0,192.0,5.0,210.0,5.0,1012.0,104.0,71.0,12.0,288.0,215.0,283.0,215.0,37.759704,-80.08761,2318,51_5_108,2317
78.0,116.0,34.0,7868.0,243.0,-95.0,338.0,158.0,-29.0,175.0,-29.0,1287.0,125.0,92.0,8.0,355.0,286.0,345.0,286.0,38.442909,-79.670836,2319,51_91_71,2318
110.0,134.0,38.0,7940.0,286.0,-65.0,351.0,191.0,4.0,209.0,4.0,1060.0,106.0,74.0,11.0,296.0,224.0,288.0,224.0,37.971063,-79.76433,2320,51_17_18,2319
111.0,134.0,38.0,7935.0,287.0,-64.0,351.0,192.0,5.0,210.0,5.0,1056.0,106.0,74.0,11.0,295.0,224.0,287.0,224.0,37.951566,-79.784095,2321,51_17_38,2320
95.0,127.0,36.0,7998.0,271.0,-81.0,352.0,177.0,-12.0,195.0,-12.0,1004.0,101.0,64.0,15.0,292.0,196.0,288.0,196.0,38.724671,-79.032936,2322,51_165_151,2321
102.0,132.0,37.0,7935.0,278.0,-73.0,351.0,183.0,-4.0,202.0,-4.0,1031.0,104.0,69.0,12.0,291.0,212.0,284.0,212.0,38.280303,-79.436389,2323,51_91_1,2322
96.0,128.0,36.0,7879.0,268.0,-78.0,346.0,176.0,-10.0,194.0,-10.0,1098.0,107.0,75.0,10.0,303.0,232.0,294.0,232.0,38.212325,-79.489617,2324,51_91_30,2323
92.0,125.0,36.0,7925.0,265.0,-81.0,346.0,173.0,-14.0,191.0,-14.0,1039.0,103.0,68.0,13.0,296.0,208.0,291.0,208.0,38.58071,-79.136876,2325,51_165_42,2324
110.0,134.0,38.0,7917.0,287.0,-63.0,350.0,191.0,5.0,209.0,5.0,1057.0,106.0,74.0,11.0,296.0,224.0,288.0,224.0,37.926821,-79.800348,2326,51_17_143,2325
110.0,137.0,38.0,7918.0,287.0,-67.0,354.0,190.0,4.0,209.0,4.0,995.0,103.0,70.0,12.0,285.0,212.0,281.0,212.0,37.702829,-80.221619,2327,51_5_112,2326
108.0,134.0,39.0,7651.0,279.0,-64.0,343.0,185.0,5.0,204.0,5.0,990.0,102.0,66.0,13.0,290.0,207.0,275.0,207.0,37.030602,-80.879085,2328,51_155_74,2327
102.0,127.0,37.0,7596.0,268.0,-67.0,335.0,179.0,18.0,197.0,0.0,1035.0,107.0,75.0,12.0,302.0,225.0,287.0,227.0,37.117126,-81.154349,2329,51_21_73,2328
100.0,123.0,38.0,7307.0,258.0,-65.0,323.0,173.0,19.0,191.0,2.0,1264.0,124.0,90.0,10.0,359.0,277.0,346.0,278.0,36.672959,-81.682076,2330,51_191_111,2329
109.0,134.0,38.0,7883.0,286.0,-66.0,352.0,189.0,4.0,208.0,4.0,1050.0,105.0,72.0,11.0,293.0,220.0,284.0,220.0,38.08362,-79.566318,2331,51_17_98,2330
82.0,119.0,34.0,7894.0,248.0,-93.0,341.0,161.0,-25.0,179.0,-25.0,1223.0,121.0,86.0,9.0,341.0,268.0,333.0,268.0,38.540456,-79.638834,2332,51_91_92,2331
106.0,131.0,36.0,8238.0,286.0,-76.0,362.0,190.0,-5.0,209.0,-5.0,979.0,98.0,62.0,15.0,285.0,190.0,281.0,190.0,38.799452,-78.516846,2333,51_171_93,2332
102.0,125.0,35.0,8087.0,277.0,-74.0,351.0,184.0,-7.0,203.0,-7.0,1038.0,102.0,66.0,14.0,296.0,204.0,293.0,204.0,38.57275,-78.652069,2334,51_139_62,2333
96.0,120.0,34.0,8011.0,267.0,-77.0,344.0,178.0,-11.0,196.0,-11.0,1100.0,106.0,71.0,13.0,308.0,219.0,303.0,219.0,38.434009,-78.725115,2335,51_165_155,2334
97.0,120.0,35.0,7802.0,265.0,-72.0,337.0,105.0,-7.0,195.0,-7.0,1228.0,121.0,85.0,11.0,337.0,264.0,310.0,264.0,37.891435,-79.162396,2336,51_163_113,2335
100.0,130.0,37.0,7896.0,275.0,-74.0,349.0,180.0,-5.0,199.0,-5.0,1013.0,102.0,66.0,13.0,288.0,203.0,282.0,203.0,38.360341,-79.263018,2337,51_15_191,2336
113.0,138.0,38.0,7927.0,292.0,-63.0,355.0,194.0,7.0,213.0,7.0,1015.0,104.0,68.0,13.0,288.0,209.0,281.0,209.0,38.166446,-79.575165,2338,51_17_24,2337
99.0,132.0,37.0,7896.0,272.0,-76.0,348.0,180.0,-7.0,197.0,-7.0,1082.0,110.0,77.0,11.0,306.0,236.0,301.0,236.0,37.822239,-80.18109,2339,51_5_64,2338
106.0,121.0,36.0,7765.0,274.0,-61.0,335.0,186.0,3.0,203.0,3.0,1170.0,110.0,82.0,10.0,313.0,252.0,303.0,252.0,37.535487,-79.519439,2340,51_23_90,2339
87.0,121.0,35.0,7906.0,256.0,-86.0,342.0,166.0,-20.0,185.0,-20.0,1117.0,108.0,75.0,11.0,310.0,231.0,303.0,231.0,38.450224,-79.211942,2341,51_15_188,2340
102.0,132.0,37.0,7884.0,278.0,-72.0,350.0,182.0,-3.0,201.0,-3.0,1046.0,105.0,70.0,12.0,293.0,217.0,286.0,217.0,38.226648,-79.487113,2342,51_91_79,2341
111.0,132.0,38.0,7901.0,286.0,-61.0,347.0,192.0,6.0,210.0,6.0,1071.0,105.0,74.0,11.0,296.0,226.0,286.0,226.0,37.924086,-79.632702,2343,51_17_103,2342
94.0,126.0,36.0,7865.0,265.0,-78.0,343.0,174.0,-11.0,192.0,-11.0,1152.0,113.0,82.0,9.0,316.0,250.0,307.0,250.0,38.080089,-79.725085,2344,51_17_119,2343
101.0,129.0,37.0,7799.0,272.0,-70.0,342.0,181.0,-3.0,198.0,-3.0,1075.0,107.0,76.0,11.0,301.0,229.0,294.0,229.0,37.630294,-80.116107,2345,51_5_110,2344
96.0,125.0,37.0,7651.0,262.0,-74.0,336.0,174.0,-7.0,191.0,-7.0,1045.0,107.0,72.0,12.0,300.0,221.0,289.0,221.0,37.456577,-80.55106,2346,51_71_73,2345
105.0,126.0,38.0,7187.0,264.0,-60.0,324.0,178.0,26.0,195.0,9.0,1326.0,130.0,94.0,11.0,372.0,290.0,366.0,291.0,36.320022,-81.888896,2347,47_91_59,2346
100.0,122.0,38.0,7189.0,256.0,-64.0,320.0,172.0,20.0,189.0,3.0,1326.0,132.0,95.0,11.0,375.0,291.0,369.0,293.0,36.408844,-82.000188,2348,47_91_61,2347
90.0,114.0,36.0,7167.0,242.0,-71.0,313.0,162.0,-7.0,179.0,-7.0,1368.0,132.0,95.0,10.0,386.0,296.0,374.0,296.0,36.572838,-81.695906,2349,47_91_62,2348
98.0,120.0,37.0,7199.0,253.0,-65.0,318.0,170.0,18.0,187.0,1.0,1323.0,132.0,94.0,11.0,376.0,290.0,368.0,292.0,36.488936,-82.002278,2350,47_19_66,2349
95.0,121.0,38.0,7044.0,249.0,-67.0,316.0,166.0,18.0,183.0,1.0,1389.0,137.0,98.0,11.0,389.0,304.0,387.0,306.0,36.237805,-82.111252,2351,47_19_68,2350
105.0,125.0,38.0,7251.0,263.0,-61.0,324.0,178.0,63.0,195.0,8.0,1278.0,129.0,92.0,11.0,363.0,280.0,356.0,287.0,36.411453,-82.159354,2352,47_19_70,2351
78.0,110.0,36.0,7038.0,225.0,-80.0,305.0,76.0,85.0,165.0,-16.0,1837.0,181.0,130.0,8.0,493.0,425.0,474.0,445.0,35.724826,-83.253165,2353,47_29_80,2352
112.0,130.0,39.0,7305.0,274.0,-56.0,330.0,186.0,69.0,203.0,15.0,1207.0,124.0,78.0,13.0,342.0,256.0,337.0,280.0,36.101149,-82.638624,2354,47_59_78,2353
124.0,134.0,39.0,7484.0,290.0,-46.0,336.0,199.0,78.0,218.0,24.0,1124.0,121.0,68.0,15.0,323.0,231.0,319.0,261.0,36.015722,-82.801969,2355,47_59_83,2354
126.0,134.0,39.0,7502.0,294.0,-44.0,338.0,202.0,81.0,221.0,27.0,1118.0,121.0,67.0,15.0,322.0,228.0,318.0,259.0,35.974863,-82.859936,2356,47_59_84,2355
129.0,135.0,40.0,7405.0,294.0,-42.0,336.0,45.0,184.0,222.0,30.0,1504.0,160.0,89.0,14.0,433.0,310.0,374.0,408.0,35.410622,-84.147118,2357,47_123_134,2356
124.0,137.0,40.0,7410.0,289.0,-48.0,337.0,199.0,79.0,216.0,25.0,1169.0,125.0,75.0,14.0,341.0,244.0,334.0,266.0,36.099246,-82.429437,2358,47_171_28,2357
99.0,124.0,38.0,7070.0,254.0,-65.0,319.0,170.0,21.0,187.0,4.0,1368.0,133.0,98.0,11.0,381.0,302.0,377.0,305.0,36.16384,-82.231197,2359,47_171_30,2358
133.0,137.0,40.0,7471.0,301.0,-37.0,338.0,49.0,188.0,226.0,34.0,1517.0,163.0,92.0,14.0,442.0,317.0,365.0,415.0,35.125745,-84.463335,2360,47_139_30,2359
133.0,136.0,40.0,7481.0,301.0,-37.0,338.0,49.0,188.0,227.0,34.0,1523.0,164.0,93.0,14.0,445.0,319.0,365.0,417.0,35.089877,-84.497367,2361,47_139_34,2360
128.0,134.0,40.0,7420.0,293.0,-41.0,334.0,44.0,183.0,220.0,29.0,1573.0,169.0,97.0,13.0,458.0,331.0,376.0,429.0,35.040561,-84.485843,2362,47_139_36,2361
122.0,135.0,40.0,7320.0,284.0,-49.0,333.0,39.0,177.0,213.0,24.0,1558.0,164.0,93.0,14.0,447.0,324.0,388.0,422.0,35.394274,-84.056645,2363,47_123_21,2362
138.0,138.0,40.0,7535.0,306.0,-34.0,340.0,53.0,193.0,232.0,38.0,1474.0,159.0,90.0,14.0,430.0,308.0,351.0,405.0,35.158948,-84.478771,2364,47_139_21,2363
115.0,132.0,39.0,7335.0,276.0,-55.0,331.0,188.0,71.0,206.0,17.0,1207.0,125.0,79.0,13.0,345.0,257.0,338.0,278.0,36.17372,-82.497432,2365,47_179_8,2364
112.0,128.0,38.0,7400.0,274.0,-56.0,330.0,186.0,68.0,204.0,13.0,1228.0,124.0,89.0,11.0,350.0,270.0,342.0,276.0,36.501945,-82.013816,2366,47_163_8,2365
88.0,115.0,37.0,7008.0,238.0,-71.0,309.0,159.0,12.0,176.0,-5.0,1458.0,140.0,102.0,10.0,407.0,318.0,404.0,320.0,36.196979,-82.160697,2367,47_19_22,2366
102.0,124.0,38.0,7274.0,261.0,-63.0,324.0,176.0,22.0,193.0,5.0,1287.0,126.0,91.0,10.0,364.0,281.0,353.0,281.0,36.542677,-81.720838,2368,47_91_9,2367
121.0,133.0,39.0,7552.0,288.0,-50.0,338.0,197.0,76.0,215.0,20.0,1166.0,119.0,83.0,11.0,335.0,254.0,326.0,264.0,36.573476,-81.975338,2369,47_163_3,2368
123.0,133.0,39.0,7579.0,290.0,-48.0,338.0,199.0,77.0,218.0,22.0,1159.0,119.0,81.0,12.0,333.0,252.0,324.0,264.0,36.552543,-82.018427,2370,47_163_7,2369
96.0,121.0,38.0,7097.0,250.0,-66.0,316.0,168.0,18.0,184.0,1.0,1377.0,136.0,97.0,11.0,388.0,301.0,384.0,303.0,36.275095,-82.10077,2371,47_19_19,2370
98.0,124.0,38.0,7062.0,253.0,-65.0,318.0,96.0,106.0,187.0,4.0,1478.0,148.0,100.0,10.0,401.0,330.0,392.0,355.0,35.79107,-82.981791,2372,47_29_18,2371
120.0,135.0,40.0,7298.0,282.0,-50.0,332.0,37.0,175.0,211.0,23.0,1585.0,167.0,96.0,13.0,455.0,332.0,392.0,429.0,35.327264,-84.095981,2373,47_123_27,2372
104.0,125.0,38.0,7177.0,261.0,-61.0,322.0,23.0,158.0,194.0,8.0,1755.0,183.0,112.0,11.0,494.0,377.0,428.0,466.0,35.27844,-84.072929,2374,47_123_29,2373
128.0,134.0,39.0,7521.0,294.0,-43.0,337.0,43.0,183.0,222.0,27.0,1537.0,165.0,93.0,14.0,443.0,319.0,370.0,418.0,35.328,-84.408955,2375,47_123_46,2374
104.0,126.0,39.0,7205.0,261.0,-62.0,323.0,22.0,157.0,194.0,8.0,1716.0,178.0,108.0,11.0,481.0,367.0,423.0,454.0,35.431282,-84.018999,2376,47_123_16,2375
97.0,120.0,37.0,7169.0,250.0,-67.0,317.0,15.0,150.0,186.0,1.0,1811.0,187.0,117.0,11.0,504.0,392.0,444.0,475.0,35.350464,-84.040519,2377,47_123_23,2376
110.0,127.0,38.0,7351.0,271.0,-57.0,328.0,184.0,66.0,202.0,12.0,1240.0,126.0,89.0,11.0,354.0,271.0,346.0,278.0,36.477865,-82.064116,2378,47_163_9,2377
124.0,135.0,39.0,7491.0,290.0,-48.0,338.0,199.0,79.0,218.0,24.0,1148.0,124.0,71.0,14.0,335.0,239.0,327.0,266.0,36.153621,-82.525433,2379,47_179_17,2378
110.0,129.0,39.0,7272.0,270.0,-58.0,328.0,183.0,67.0,200.0,13.0,1252.0,127.0,86.0,12.0,355.0,271.0,348.0,286.0,36.229929,-82.371196,2380,47_179_13,2379
99.0,121.0,38.0,7178.0,253.0,-64.0,317.0,17.0,153.0,189.0,3.0,1811.0,188.0,117.0,11.0,507.0,391.0,441.0,478.0,35.25086,-84.127568,2381,47_123_37,2380
139.0,139.0,40.0,7537.0,309.0,-33.0,342.0,54.0,195.0,234.0,39.0,1461.0,158.0,88.0,14.0,426.0,304.0,350.0,401.0,35.191536,-84.435605,2382,47_139_17,2381
132.0,134.0,39.0,7534.0,299.0,-39.0,338.0,47.0,188.0,226.0,32.0,1525.0,164.0,94.0,14.0,442.0,318.0,360.0,417.0,35.169502,-84.57538,2383,47_139_28,2382
139.0,134.0,39.0,7582.0,307.0,-32.0,339.0,54.0,194.0,234.0,38.0,1486.0,160.0,93.0,14.0,433.0,311.0,348.0,408.0,35.009591,-84.656259,2384,47_139_47,2383
120.0,134.0,40.0,7358.0,283.0,-51.0,334.0,193.0,76.0,212.0,22.0,1204.0,125.0,81.0,13.0,346.0,258.0,338.0,275.0,36.177129,-82.3204,2385,47_171_11,2384
111.0,131.0,39.0,7238.0,272.0,-57.0,329.0,184.0,69.0,202.0,14.0,1253.0,126.0,87.0,12.0,353.0,272.0,347.0,285.0,36.156937,-82.356661,2386,47_171_14,2385
118.0,133.0,39.0,7379.0,282.0,-51.0,333.0,192.0,74.0,210.0,20.0,1161.0,122.0,73.0,14.0,332.0,243.0,326.0,269.0,36.092431,-82.651543,2387,47_59_7,2386
131.0,134.0,39.0,7596.0,300.0,-40.0,340.0,209.0,138.0,227.0,31.0,1142.0,122.0,66.0,15.0,330.0,232.0,321.0,271.0,35.951291,-83.034899,2388,47_29_13,2387
144.0,136.0,39.0,7659.0,313.0,-30.0,343.0,58.0,200.0,240.0,42.0,1430.0,155.0,89.0,14.0,415.0,298.0,334.0,393.0,35.143771,-84.633628,2389,47_139_50,2388
112.0,130.0,39.0,7301.0,274.0,-56.0,330.0,186.0,68.0,203.0,15.0,1207.0,123.0,77.0,13.0,341.0,255.0,336.0,281.0,36.078851,-82.697002,2390,47_59_9,2389
99.0,121.0,37.0,7220.0,256.0,-65.0,321.0,172.0,19.0,189.0,2.0,1312.0,130.0,93.0,11.0,372.0,287.0,364.0,288.0,36.51694,-81.883837,2391,47_91_12,2390
130.0,138.0,40.0,7416.0,297.0,-40.0,337.0,46.0,186.0,223.0,32.0,1519.0,163.0,91.0,14.0,442.0,317.0,372.0,414.0,35.211191,-84.294359,2392,47_123_41,2391
127.0,134.0,39.0,7449.0,293.0,-44.0,337.0,202.0,133.0,220.0,28.0,1177.0,122.0,68.0,15.0,335.0,240.0,328.0,281.0,35.867817,-83.071383,2393,47_29_19,2392
119.0,133.0,40.0,7373.0,281.0,-51.0,332.0,192.0,75.0,210.0,20.0,1206.0,124.0,81.0,12.0,345.0,260.0,337.0,277.0,36.246327,-82.286392,2394,47_171_6,2393
100.0,121.0,37.0,7255.0,257.0,-64.0,321.0,173.0,20.0,190.0,3.0,1308.0,129.0,93.0,11.0,370.0,286.0,361.0,287.0,36.54064,-81.82656,2395,47_91_10,2394
98.0,120.0,37.0,7246.0,255.0,-66.0,321.0,171.0,18.0,188.0,1.0,1301.0,129.0,93.0,11.0,370.0,285.0,360.0,286.0,36.601769,-81.846858,2396,47_91_15,2395
134.0,136.0,40.0,7474.0,299.0,-39.0,338.0,49.0,189.0,227.0,34.0,1478.0,158.0,87.0,14.0,427.0,303.0,366.0,402.0,35.405971,-84.189224,2397,47_123_34,2396
136.0,137.0,40.0,7513.0,303.0,-37.0,340.0,51.0,192.0,230.0,36.0,1462.0,157.0,87.0,15.0,423.0,300.0,360.0,399.0,35.385404,-84.234567,2398,47_123_35,2397
102.0,124.0,38.0,7150.0,259.0,-62.0,321.0,174.0,61.0,191.0,6.0,1313.0,131.0,94.0,11.0,371.0,289.0,365.0,292.0,36.352432,-82.081265,2399,47_19_16,2398
101.0,125.0,38.0,7127.0,257.0,-64.0,321.0,173.0,59.0,189.0,5.0,1332.0,131.0,94.0,11.0,371.0,292.0,366.0,304.0,36.118312,-82.495285,2400,47_171_16,2399
110.0,121.0,37.0,7310.0,267.0,-54.0,321.0,27.0,164.0,201.0,13.0,1738.0,184.0,111.0,12.0,496.0,369.0,413.0,466.0,35.015763,-84.526829,2401,47_139_40,2400
117.0,139.0,41.0,7217.0,280.0,-54.0,334.0,35.0,124.0,207.0,20.0,1377.0,143.0,82.0,13.0,380.0,286.0,358.0,353.0,35.704485,-83.354848,2402,47_155_18,2401
122.0,140.0,41.0,7293.0,285.0,-52.0,337.0,120.0,129.0,212.0,24.0,1349.0,139.0,79.0,13.0,373.0,278.0,354.0,344.0,35.710555,-83.399905,2403,47_155_67,2402
95.0,123.0,38.0,7093.0,249.0,-68.0,317.0,14.0,102.0,183.0,0.0,1677.0,170.0,110.0,10.0,454.0,371.0,427.0,425.0,35.666778,-83.461237,2404,47_155_68,2403
111.0,133.0,40.0,7231.0,270.0,-59.0,329.0,28.0,118.0,201.0,14.0,1524.0,158.0,93.0,12.0,423.0,323.0,387.0,397.0,35.666789,-83.615436,2405,47_155_73,2404
135.0,138.0,40.0,7511.0,304.0,-37.0,341.0,50.0,190.0,229.0,35.0,1495.0,161.0,90.0,14.0,436.0,312.0,361.0,409.0,35.174446,-84.406975,2406,47_139_110,2405
120.0,130.0,39.0,7346.0,281.0,-48.0,329.0,36.0,173.0,211.0,22.0,1632.0,174.0,101.0,13.0,471.0,344.0,391.0,442.0,35.103827,-84.426115,2407,47_139_111,2406
132.0,136.0,40.0,7401.0,299.0,-37.0,336.0,49.0,186.0,225.0,34.0,1543.0,166.0,94.0,14.0,452.0,324.0,370.0,422.0,34.99484,-84.465819,2408,47_139_112,2407
130.0,134.0,39.0,7537.0,297.0,-41.0,338.0,45.0,185.0,224.0,29.0,1528.0,164.0,93.0,14.0,441.0,318.0,364.0,417.0,35.261854,-84.515494,2409,47_139_113,2408
139.0,136.0,39.0,7567.0,308.0,-33.0,341.0,54.0,196.0,234.0,39.0,1473.0,159.0,91.0,14.0,429.0,308.0,348.0,404.0,35.095703,-84.573899,2410,47_139_114,2409
130.0,133.0,39.0,7522.0,296.0,-41.0,337.0,45.0,185.0,224.0,30.0,1540.0,166.0,95.0,14.0,446.0,322.0,365.0,420.0,35.173122,-84.567959,2411,47_139_115,2410
139.0,134.0,39.0,7557.0,306.0,-32.0,338.0,54.0,194.0,233.0,38.0,1488.0,160.0,93.0,14.0,434.0,312.0,349.0,409.0,35.004855,-84.620471,2412,47_139_116,2411
102.0,125.0,39.0,7100.0,258.0,-62.0,320.0,173.0,23.0,190.0,7.0,1350.0,133.0,96.0,11.0,378.0,296.0,374.0,299.0,36.232586,-82.051933,2413,47_19_37,2412
128.0,133.0,39.0,7515.0,294.0,-43.0,337.0,43.0,183.0,222.0,27.0,1531.0,164.0,93.0,14.0,441.0,318.0,369.0,417.0,35.333439,-84.429314,2414,47_107_18,2413
122.0,133.0,39.0,7437.0,287.0,-48.0,335.0,197.0,77.0,215.0,23.0,1201.0,122.0,84.0,11.0,342.0,261.0,334.0,274.0,36.301136,-82.132528,2415,47_19_28,2414
132.0,138.0,40.0,7436.0,300.0,-38.0,338.0,48.0,187.0,225.0,34.0,1518.0,163.0,91.0,14.0,443.0,318.0,370.0,414.0,35.138756,-84.352462,2416,47_139_65,2415
123.0,134.0,40.0,7437.0,287.0,-48.0,335.0,197.0,77.0,215.0,23.0,1197.0,122.0,82.0,12.0,341.0,259.0,333.0,275.0,36.245802,-82.193453,2417,47_19_32,2416
114.0,130.0,39.0,7382.0,277.0,-54.0,331.0,188.0,70.0,206.0,15.0,1233.0,123.0,89.0,11.0,350.0,272.0,341.0,276.0,36.443366,-81.94716,2418,47_91_24,2417
112.0,128.0,38.0,7391.0,273.0,-56.0,329.0,186.0,68.0,203.0,13.0,1231.0,125.0,88.0,11.0,351.0,269.0,343.0,278.0,36.46703,-82.087217,2419,47_163_32,2418
107.0,130.0,39.0,7197.0,266.0,-61.0,327.0,25.0,160.0,197.0,11.0,1619.0,168.0,101.0,12.0,452.0,346.0,405.0,426.0,35.577009,-83.765373,2420,47_9_67,2419
127.0,133.0,39.0,7398.0,290.0,-44.0,334.0,43.0,182.0,219.0,28.0,1472.0,154.0,86.0,14.0,417.0,302.0,374.0,394.0,35.576029,-83.936596,2421,47_9_70,2420
139.0,137.0,40.0,7529.0,306.0,-35.0,341.0,53.0,195.0,232.0,38.0,1441.0,155.0,86.0,15.0,417.0,295.0,353.0,394.0,35.397757,-84.254977,2422,47_123_72,2421
129.0,137.0,40.0,7424.0,295.0,-42.0,337.0,45.0,184.0,221.0,30.0,1533.0,164.0,92.0,14.0,445.0,320.0,374.0,418.0,35.220928,-84.314243,2423,47_123_74,2422
115.0,130.0,39.0,7445.0,279.0,-53.0,332.0,191.0,71.0,208.0,16.0,1201.0,122.0,87.0,11.0,344.0,263.0,335.0,270.0,36.555775,-81.960602,2424,47_163_72,2423
116.0,135.0,40.0,7229.0,276.0,-55.0,331.0,33.0,123.0,205.0,19.0,1502.0,156.0,91.0,12.0,420.0,315.0,381.0,395.0,35.616935,-83.666246,2425,47_9_52,2424
113.0,132.0,40.0,7271.0,273.0,-57.0,330.0,30.0,167.0,203.0,16.0,1553.0,161.0,94.0,12.0,435.0,327.0,391.0,411.0,35.610695,-83.769727,2426,47_9_54,2425
100.0,125.0,38.0,7144.0,256.0,-65.0,321.0,19.0,153.0,189.0,5.0,1712.0,176.0,109.0,11.0,474.0,370.0,425.0,448.0,35.530786,-83.828621,2427,47_9_55,2426
135.0,132.0,39.0,7450.0,298.0,-37.0,335.0,50.0,141.0,227.0,35.0,1404.0,147.0,81.0,14.0,398.0,284.0,361.0,376.0,35.616786,-83.921819,2428,47_9_58,2427
137.0,134.0,40.0,7397.0,299.0,-34.0,333.0,52.0,144.0,228.0,38.0,1432.0,151.0,83.0,15.0,408.0,289.0,366.0,385.0,35.5404,-83.98039,2429,47_9_61,2428
109.0,127.0,38.0,7311.0,269.0,-57.0,326.0,183.0,67.0,201.0,12.0,1247.0,127.0,88.0,11.0,355.0,272.0,347.0,283.0,36.41968,-82.168414,2430,47_163_16,2429
127.0,133.0,39.0,7596.0,294.0,-44.0,338.0,204.0,81.0,222.0,26.0,1142.0,119.0,75.0,12.0,328.0,245.0,319.0,267.0,36.419151,-82.218579,2431,47_163_25,2430
128.0,135.0,40.0,7434.0,293.0,-43.0,336.0,44.0,183.0,221.0,29.0,1508.0,160.0,89.0,14.0,434.0,310.0,375.0,410.0,35.430206,-84.140184,2432,47_123_63,2431
134.0,137.0,40.0,7437.0,301.0,-36.0,337.0,50.0,189.0,227.0,35.0,1520.0,163.0,92.0,14.0,444.0,318.0,365.0,416.0,35.062426,-84.467826,2433,47_139_66,2432
126.0,137.0,40.0,7465.0,292.0,-47.0,339.0,201.0,81.0,219.0,26.0,1153.0,125.0,73.0,14.0,338.0,240.0,330.0,263.0,36.101986,-82.473679,2434,47_171_48,2433
118.0,133.0,39.0,7362.0,280.0,-53.0,333.0,191.0,74.0,209.0,19.0,1194.0,125.0,78.0,13.0,344.0,253.0,336.0,275.0,36.197306,-82.428345,2435,47_179_43,2434
95.0,118.0,37.0,7161.0,247.0,-67.0,314.0,13.0,148.0,184.0,-1.0,1834.0,189.0,120.0,10.0,508.0,399.0,450.0,479.0,35.348947,-84.046718,2436,47_123_123,2435
133.0,137.0,40.0,7433.0,299.0,-39.0,338.0,48.0,187.0,226.0,34.0,1490.0,159.0,88.0,14.0,431.0,307.0,369.0,406.0,35.350605,-84.199052,2437,47_123_125,2436
130.0,136.0,40.0,7490.0,297.0,-41.0,338.0,45.0,185.0,223.0,30.0,1523.0,163.0,92.0,14.0,441.0,318.0,369.0,415.0,35.265481,-84.364441,2438,47_123_129,2437
104.0,128.0,39.0,7161.0,261.0,-63.0,324.0,22.0,157.0,193.0,8.0,1652.0,170.0,104.0,11.0,458.0,356.0,413.0,432.0,35.578727,-83.725412,2439,47_9_7,2438
129.0,136.0,40.0,7380.0,291.0,-44.0,335.0,45.0,136.0,220.0,30.0,1393.0,144.0,81.0,14.0,388.0,284.0,363.0,365.0,35.664252,-83.719179,2440,47_9_25,2439
123.0,135.0,40.0,7286.0,284.0,-48.0,332.0,40.0,131.0,213.0,25.0,1491.0,155.0,88.0,13.0,421.0,307.0,379.0,398.0,35.573664,-83.818633,2441,47_9_44,2440
127.0,134.0,40.0,7366.0,289.0,-45.0,334.0,43.0,133.0,219.0,28.0,1452.0,151.0,85.0,14.0,409.0,298.0,372.0,386.0,35.612801,-83.826567,2442,47_9_10,2441
135.0,131.0,39.0,7492.0,298.0,-36.0,334.0,50.0,142.0,228.0,34.0,1387.0,145.0,80.0,14.0,391.0,281.0,358.0,369.0,35.663776,-83.876155,2443,47_9_29,2442
129.0,133.0,39.0,7416.0,291.0,-43.0,334.0,45.0,136.0,221.0,30.0,1443.0,151.0,84.0,14.0,408.0,295.0,369.0,385.0,35.615414,-83.877399,2444,47_9_30,2443
123.0,134.0,40.0,7341.0,284.0,-48.0,332.0,39.0,178.0,214.0,24.0,1494.0,156.0,88.0,13.0,422.0,308.0,379.0,399.0,35.585608,-83.869354,2445,47_9_13,2444
121.0,134.0,40.0,7319.0,283.0,-50.0,333.0,38.0,175.0,212.0,23.0,1531.0,160.0,91.0,13.0,435.0,317.0,384.0,412.0,35.524857,-83.932868,2446,47_9_31,2445
140.0,132.0,39.0,7484.0,303.0,-31.0,334.0,55.0,147.0,233.0,40.0,1399.0,148.0,81.0,15.0,399.0,282.0,358.0,376.0,35.573143,-83.976815,2447,47_9_47,2446
129.0,135.0,39.0,7480.0,296.0,-42.0,338.0,205.0,135.0,223.0,30.0,1175.0,123.0,67.0,15.0,337.0,238.0,328.0,281.0,35.886427,-83.107824,2448,47_29_29,2447
133.0,135.0,39.0,7595.0,302.0,-39.0,341.0,210.0,138.0,228.0,32.0,1157.0,122.0,65.0,15.0,334.0,232.0,324.0,278.0,35.926556,-83.120007,2449,47_29_26,2448
113.0,135.0,40.0,7186.0,275.0,-56.0,331.0,110.0,120.0,203.0,17.0,1350.0,139.0,82.0,12.0,372.0,284.0,356.0,338.0,35.758096,-83.232551,2450,47_29_48,2449
115.0,131.0,39.0,7445.0,279.0,-54.0,333.0,191.0,71.0,208.0,16.0,1194.0,121.0,87.0,11.0,342.0,262.0,332.0,268.0,36.578354,-81.944405,2451,47_163_24,2450
122.0,131.0,39.0,7522.0,287.0,-48.0,335.0,198.0,76.0,216.0,22.0,1170.0,121.0,79.0,12.0,336.0,253.0,327.0,270.0,36.445784,-82.168861,2452,47_163_22,2451
129.0,134.0,39.0,7526.0,296.0,-42.0,338.0,205.0,135.0,223.0,29.0,1163.0,123.0,67.0,15.0,335.0,236.0,326.0,277.0,35.931684,-83.071452,2453,47_29_65,2452
96.0,123.0,38.0,7102.0,250.0,-68.0,318.0,14.0,103.0,184.0,1.0,1697.0,172.0,112.0,9.0,460.0,376.0,430.0,432.0,35.627161,-83.502555,2454,47_155_57,2453
109.0,129.0,39.0,7224.0,269.0,-57.0,326.0,182.0,66.0,199.0,12.0,1242.0,125.0,81.0,12.0,349.0,265.0,344.0,288.0,36.073992,-82.677055,2455,47_59_2,2454
97.0,120.0,37.0,7211.0,252.0,-66.0,318.0,169.0,17.0,186.0,0.0,1327.0,131.0,94.0,11.0,376.0,290.0,367.0,291.0,36.534596,-81.842313,2456,47_91_52,2455
108.0,128.0,39.0,7218.0,268.0,-59.0,327.0,181.0,28.0,198.0,11.0,1315.0,129.0,94.0,10.0,368.0,289.0,363.0,291.0,36.279311,-81.947096,2457,47_91_55,2456
128.0,133.0,39.0,7386.0,290.0,-43.0,333.0,44.0,136.0,220.0,29.0,1454.0,152.0,85.0,14.0,411.0,297.0,372.0,388.0,35.600141,-83.889325,2458,47_9_40,2457
138.0,136.0,39.0,7589.0,308.0,-34.0,342.0,53.0,194.0,234.0,37.0,1468.0,159.0,90.0,14.0,426.0,305.0,347.0,403.0,35.22249,-84.535444,2459,47_139_25,2458
123.0,128.0,38.0,7460.0,286.0,-45.0,331.0,38.0,177.0,216.0,23.0,1609.0,172.0,100.0,13.0,464.0,337.0,380.0,437.0,35.120909,-84.618287,2460,47_139_49,2459
145.0,136.0,39.0,7645.0,314.0,-29.0,343.0,59.0,201.0,240.0,43.0,1427.0,155.0,89.0,14.0,415.0,298.0,334.0,392.0,35.092059,-84.64445,2461,47_139_51,2460
141.0,135.0,39.0,7586.0,309.0,-31.0,340.0,56.0,197.0,236.0,40.0,1463.0,158.0,91.0,14.0,426.0,306.0,343.0,402.0,35.044435,-84.652093,2462,47_139_52,2461
121.0,140.0,41.0,7261.0,284.0,-53.0,337.0,38.0,128.0,211.0,23.0,1406.0,146.0,83.0,13.0,390.0,291.0,364.0,364.0,35.659958,-83.509407,2463,47_155_42,2462
91.0,119.0,37.0,7123.0,243.0,-72.0,315.0,9.0,143.0,179.0,-5.0,1776.0,179.0,118.0,9.0,480.0,395.0,447.0,452.0,35.610878,-83.606706,2464,47_155_12,2463
87.0,117.0,37.0,7083.0,238.0,-73.0,311.0,85.0,140.0,175.0,-7.0,1819.0,183.0,122.0,9.0,491.0,407.0,458.0,461.0,35.583689,-83.604974,2465,47_155_4,2464
124.0,134.0,39.0,7577.0,292.0,-47.0,339.0,201.0,78.0,219.0,23.0,1156.0,118.0,81.0,11.0,332.0,251.0,322.0,264.0,36.531941,-82.029883,2466,47_163_17,2465
121.0,132.0,39.0,7510.0,287.0,-49.0,336.0,197.0,76.0,215.0,21.0,1173.0,121.0,80.0,12.0,337.0,254.0,327.0,270.0,36.468652,-82.131169,2467,47_163_15,2466
126.0,134.0,39.0,7479.0,293.0,-45.0,338.0,202.0,133.0,220.0,27.0,1182.0,123.0,68.0,15.0,337.0,240.0,328.0,284.0,35.908623,-83.097401,2468,47_29_20,2467
115.0,132.0,39.0,7312.0,277.0,-54.0,331.0,189.0,71.0,207.0,18.0,1228.0,125.0,84.0,12.0,349.0,265.0,342.0,280.0,36.169249,-82.346097,2469,47_171_12,2468
118.0,132.0,39.0,7340.0,280.0,-51.0,331.0,34.0,172.0,209.0,20.0,1618.0,171.0,99.0,13.0,464.0,340.0,395.0,437.0,35.278493,-84.232433,2470,47_123_40,2469
133.0,136.0,40.0,7452.0,298.0,-39.0,337.0,48.0,188.0,225.0,33.0,1481.0,158.0,88.0,14.0,427.0,304.0,366.0,403.0,35.401938,-84.208897,2471,47_123_43,2470
121.0,134.0,40.0,7412.0,285.0,-50.0,335.0,195.0,76.0,213.0,22.0,1171.0,125.0,74.0,14.0,340.0,246.0,332.0,270.0,36.178418,-82.472834,2472,47_179_7,2471
84.0,110.0,35.0,7171.0,234.0,-75.0,309.0,157.0,-12.0,173.0,-12.0,1409.0,136.0,98.0,10.0,398.0,303.0,386.0,303.0,36.5964,-81.686449,2473,47_91_6,2472
97.0,120.0,37.0,7181.0,252.0,-66.0,318.0,169.0,18.0,186.0,1.0,1334.0,133.0,95.0,11.0,378.0,293.0,372.0,295.0,36.45191,-82.067651,2474,47_19_9,2473
115.0,133.0,40.0,7280.0,277.0,-54.0,331.0,188.0,72.0,206.0,18.0,1209.0,125.0,80.0,13.0,345.0,257.0,339.0,276.0,36.133293,-82.454354,2475,47_171_3,2474
130.0,136.0,40.0,7422.0,297.0,-40.0,337.0,46.0,184.0,223.0,31.0,1540.0,165.0,93.0,14.0,448.0,323.0,372.0,420.0,35.127014,-84.413752,2476,47_139_6,2475
119.0,133.0,39.0,7390.0,285.0,-50.0,335.0,194.0,74.0,212.0,21.0,1151.0,120.0,71.0,14.0,326.0,239.0,323.0,268.0,35.981669,-82.832357,2477,47_59_13,2476
127.0,134.0,39.0,7500.0,294.0,-44.0,338.0,203.0,81.0,221.0,27.0,1136.0,122.0,67.0,15.0,327.0,233.0,321.0,266.0,35.9612,-82.944249,2478,47_29_11,2477
119.0,134.0,40.0,7309.0,281.0,-51.0,332.0,36.0,173.0,210.0,21.0,1610.0,170.0,98.0,13.0,463.0,338.0,395.0,436.0,35.261652,-84.159346,2479,47_123_38,2478
136.0,138.0,40.0,7546.0,306.0,-36.0,342.0,51.0,192.0,231.0,36.0,1477.0,159.0,89.0,14.0,430.0,307.0,356.0,405.0,35.23686,-84.403804,2480,47_139_55,2479
134.0,137.0,40.0,7505.0,302.0,-37.0,339.0,50.0,190.0,228.0,34.0,1496.0,161.0,91.0,14.0,435.0,312.0,359.0,410.0,35.209432,-84.443771,2481,47_139_18,2480
115.0,131.0,39.0,7445.0,279.0,-54.0,333.0,191.0,71.0,208.0,16.0,1194.0,121.0,87.0,11.0,342.0,262.0,332.0,268.0,36.582099,-81.944184,2482,47_163_1,2481
107.0,129.0,39.0,7171.0,266.0,-60.0,326.0,179.0,27.0,196.0,11.0,1320.0,130.0,95.0,11.0,368.0,291.0,364.0,295.0,36.198895,-82.108538,2483,47_19_5,2482
105.0,125.0,38.0,7268.0,264.0,-60.0,324.0,179.0,63.0,196.0,8.0,1277.0,129.0,92.0,11.0,363.0,280.0,356.0,287.0,36.422556,-82.120642,2484,47_19_11,2483
128.0,133.0,39.0,7515.0,294.0,-43.0,337.0,43.0,183.0,222.0,27.0,1531.0,164.0,93.0,14.0,441.0,318.0,369.0,417.0,35.338669,-84.429679,2485,47_107_2,2484
123.0,132.0,39.0,7526.0,289.0,-47.0,336.0,199.0,77.0,217.0,23.0,1163.0,121.0,77.0,12.0,334.0,250.0,325.0,270.0,36.431445,-82.205795,2486,47_163_13,2485
105.0,127.0,39.0,7171.0,263.0,-61.0,324.0,177.0,63.0,194.0,9.0,1305.0,130.0,94.0,11.0,366.0,287.0,361.0,295.0,36.199132,-82.287893,2487,47_171_7,2486
141.0,136.0,39.0,7590.0,310.0,-32.0,342.0,55.0,196.0,236.0,40.0,1464.0,158.0,91.0,14.0,427.0,306.0,344.0,403.0,35.070516,-84.595535,2488,47_139_44,2487
115.0,131.0,39.0,7302.0,277.0,-53.0,330.0,188.0,71.0,206.0,17.0,1242.0,125.0,89.0,11.0,352.0,272.0,345.0,281.0,36.295104,-82.123424,2489,47_19_65,2488
111.0,129.0,39.0,7331.0,273.0,-56.0,329.0,186.0,68.0,203.0,13.0,1242.0,125.0,90.0,11.0,353.0,273.0,345.0,278.0,36.450442,-82.001449,2490,47_19_42,2489
142.0,134.0,39.0,7567.0,308.0,-30.0,338.0,56.0,198.0,236.0,41.0,1393.0,149.0,81.0,15.0,400.0,281.0,351.0,378.0,35.525377,-84.100352,2491,47_123_118,2490
110.0,129.0,39.0,7240.0,268.0,-57.0,325.0,28.0,164.0,200.0,13.0,1688.0,177.0,105.0,12.0,480.0,358.0,413.0,453.0,35.305458,-84.093994,2492,47_123_111,2491
135.0,136.0,40.0,7490.0,301.0,-38.0,339.0,50.0,190.0,228.0,35.0,1470.0,157.0,87.0,14.0,424.0,302.0,364.0,400.0,35.395831,-84.204494,2493,47_123_112,2492
121.0,134.0,40.0,7347.0,284.0,-49.0,333.0,38.0,176.0,213.0,23.0,1585.0,168.0,96.0,13.0,456.0,332.0,389.0,429.0,35.287787,-84.220697,2494,47_123_119,2493
106.0,126.0,38.0,7308.0,266.0,-60.0,326.0,180.0,25.0,197.0,8.0,1260.0,126.0,91.0,11.0,358.0,277.0,350.0,280.0,36.526282,-81.948196,2495,47_91_25,2494
139.0,136.0,39.0,7582.0,308.0,-33.0,341.0,54.0,194.0,234.0,38.0,1478.0,160.0,91.0,14.0,431.0,309.0,348.0,406.0,35.089111,-84.587139,2496,47_139_62,2495
125.0,135.0,40.0,7337.0,287.0,-47.0,334.0,41.0,132.0,216.0,26.0,1523.0,160.0,90.0,14.0,435.0,314.0,383.0,411.0,35.472256,-83.984353,2497,47_123_122,2496
114.0,136.0,41.0,7194.0,275.0,-56.0,331.0,33.0,122.0,204.0,18.0,1476.0,153.0,89.0,12.0,410.0,310.0,377.0,385.0,35.66377,-83.574469,2498,47_155_33,2497
131.0,135.0,40.0,7408.0,297.0,-38.0,335.0,47.0,185.0,223.0,32.0,1553.0,167.0,95.0,14.0,455.0,326.0,371.0,425.0,34.995034,-84.479125,2499,47_139_38,2498
98.0,122.0,38.0,7148.0,254.0,-65.0,319.0,170.0,19.0,187.0,3.0,1339.0,134.0,95.0,11.0,379.0,293.0,374.0,295.0,36.378469,-82.045788,2500,47_91_22,2499
108.0,128.0,39.0,7232.0,268.0,-59.0,327.0,181.0,66.0,198.0,12.0,1287.0,128.0,93.0,11.0,362.0,284.0,356.0,288.0,36.300559,-82.065888,2501,47_19_17,2500
120.0,133.0,39.0,7424.0,284.0,-50.0,334.0,195.0,76.0,212.0,21.0,1183.0,125.0,76.0,13.0,342.0,250.0,334.0,273.0,36.231183,-82.407472,2502,47_179_6,2501
104.0,125.0,38.0,7301.0,263.0,-62.0,325.0,177.0,23.0,195.0,6.0,1263.0,126.0,90.0,11.0,360.0,277.0,349.0,279.0,36.594137,-81.826903,2503,47_91_56,2502
94.0,117.0,37.0,7179.0,248.0,-68.0,316.0,166.0,15.0,183.0,-3.0,1354.0,133.0,95.0,11.0,383.0,295.0,375.0,295.0,36.522345,-81.861616,2504,47_91_26,2503
132.0,137.0,40.0,7449.0,300.0,-38.0,338.0,48.0,187.0,225.0,33.0,1518.0,163.0,92.0,14.0,442.0,318.0,366.0,415.0,35.15553,-84.417761,2505,47_139_19,2504
123.0,132.0,39.0,7379.0,286.0,-45.0,331.0,39.0,177.0,215.0,25.0,1608.0,172.0,99.0,13.0,467.0,339.0,387.0,437.0,35.079247,-84.430884,2506,47_139_32,2505
111.0,130.0,39.0,7271.0,271.0,-57.0,328.0,184.0,68.0,201.0,14.0,1257.0,127.0,88.0,11.0,355.0,274.0,349.0,286.0,36.225424,-82.287161,2507,47_171_41,2506
96.0,122.0,38.0,7051.0,250.0,-67.0,317.0,167.0,56.0,184.0,2.0,1383.0,134.0,99.0,10.0,385.0,306.0,381.0,310.0,36.149278,-82.312135,2508,47_171_42,2507
125.0,136.0,40.0,7480.0,290.0,-48.0,338.0,200.0,80.0,218.0,25.0,1154.0,125.0,72.0,14.0,338.0,240.0,329.0,266.0,36.150258,-82.487345,2509,47_171_43,2508
118.0,134.0,40.0,7351.0,281.0,-53.0,334.0,192.0,74.0,210.0,20.0,1199.0,124.0,80.0,13.0,343.0,255.0,337.0,273.0,36.109812,-82.425064,2510,47_171_23,2509
124.0,137.0,40.0,7329.0,287.0,-48.0,335.0,41.0,131.0,215.0,26.0,1419.0,147.0,83.0,13.0,395.0,292.0,367.0,371.0,35.662863,-83.672257,2511,47_9_41,2510
86.0,115.0,36.0,7087.0,237.0,-75.0,312.0,5.0,138.0,174.0,-9.0,1839.0,185.0,124.0,9.0,496.0,410.0,461.0,467.0,35.571681,-83.677963,2512,47_9_42,2511
113.0,131.0,39.0,7327.0,275.0,-55.0,330.0,187.0,120.0,205.0,16.0,1218.0,123.0,75.0,13.0,341.0,256.0,336.0,290.0,35.98615,-82.923834,2513,47_59_15,2512
136.0,135.0,39.0,7626.0,306.0,-36.0,342.0,213.0,89.0,232.0,35.0,1115.0,122.0,65.0,16.0,325.0,226.0,317.0,260.0,35.917994,-82.963733,2514,47_29_12,2513
113.0,132.0,40.0,7224.0,275.0,-54.0,329.0,111.0,119.0,204.0,17.0,1250.0,127.0,78.0,12.0,344.0,265.0,341.0,300.0,35.82682,-82.994108,2515,47_29_16,2514
125.0,135.0,40.0,7374.0,288.0,-46.0,334.0,41.0,180.0,217.0,26.0,1531.0,162.0,91.0,14.0,439.0,317.0,382.0,414.0,35.440921,-84.084754,2516,47_123_18,2515
114.0,131.0,39.0,7298.0,275.0,-55.0,330.0,187.0,70.0,205.0,16.0,1203.0,124.0,79.0,13.0,342.0,256.0,336.0,277.0,36.133073,-82.548244,2517,47_179_9,2516
102.0,124.0,38.0,7169.0,259.0,-62.0,321.0,174.0,23.0,191.0,6.0,1347.0,132.0,95.0,10.0,378.0,294.0,373.0,294.0,36.33573,-81.866899,2518,47_91_4,2517
120.0,133.0,39.0,7407.0,284.0,-51.0,335.0,195.0,75.0,212.0,21.0,1210.0,123.0,83.0,12.0,345.0,262.0,337.0,277.0,36.260345,-82.202305,2519,47_19_6,2518
106.0,126.0,38.0,7279.0,265.0,-60.0,325.0,180.0,64.0,197.0,9.0,1273.0,129.0,91.0,11.0,361.0,279.0,354.0,287.0,36.413346,-82.134576,2520,47_19_7,2519
107.0,128.0,38.0,7331.0,269.0,-60.0,329.0,181.0,26.0,199.0,9.0,1235.0,122.0,88.0,11.0,352.0,270.0,340.0,272.0,36.592882,-81.727851,2521,47_91_7,2520
119.0,133.0,40.0,7308.0,280.0,-51.0,331.0,36.0,173.0,210.0,21.0,1593.0,168.0,97.0,13.0,456.0,334.0,393.0,430.0,35.376122,-84.1133,2522,47_123_25,2521
118.0,133.0,40.0,7297.0,279.0,-52.0,331.0,34.0,172.0,208.0,20.0,1616.0,171.0,99.0,13.0,464.0,340.0,397.0,436.0,35.297117,-84.137433,2523,47_123_31,2522
132.0,135.0,39.0,7527.0,299.0,-40.0,339.0,47.0,187.0,225.0,31.0,1509.0,163.0,92.0,14.0,437.0,314.0,362.0,412.0,35.29707,-84.445812,2524,47_123_47,2523
118.0,132.0,39.0,7370.0,282.0,-51.0,333.0,192.0,74.0,210.0,19.0,1229.0,123.0,89.0,11.0,348.0,270.0,341.0,277.0,36.317722,-82.043025,2525,47_19_14,2524
100.0,125.0,38.0,7126.0,257.0,-64.0,321.0,172.0,22.0,189.0,5.0,1357.0,134.0,97.0,11.0,380.0,297.0,377.0,300.0,36.230902,-82.064528,2526,47_19_18,2525
76.0,103.0,34.0,6962.0,217.0,-80.0,297.0,146.0,-17.0,162.0,-17.0,1612.0,150.0,109.0,10.0,448.0,345.0,445.0,345.0,36.111905,-82.085303,2527,47_19_26,2526
114.0,131.0,39.0,7321.0,276.0,-54.0,330.0,188.0,71.0,205.0,16.0,1220.0,126.0,82.0,12.0,348.0,262.0,341.0,280.0,36.230283,-82.376355,2528,47_179_4,2527
116.0,134.0,40.0,7285.0,278.0,-54.0,332.0,189.0,73.0,207.0,19.0,1207.0,124.0,81.0,13.0,344.0,257.0,338.0,275.0,36.079689,-82.443303,2529,47_171_18,2528
103.0,124.0,38.0,7244.0,261.0,-62.0,323.0,176.0,23.0,193.0,6.0,1292.0,129.0,92.0,11.0,367.0,283.0,359.0,285.0,36.487274,-81.925997,2530,47_91_20,2529
98.0,123.0,38.0,7136.0,253.0,-66.0,319.0,170.0,56.0,187.0,2.0,1382.0,136.0,95.0,11.0,381.0,304.0,376.0,321.0,36.039043,-82.74599,2531,47_59_10,2530
122.0,135.0,40.0,7391.0,287.0,-48.0,335.0,197.0,129.0,215.0,24.0,1214.0,123.0,71.0,14.0,341.0,249.0,334.0,294.0,35.881686,-83.119375,2532,47_29_21,2531
120.0,135.0,40.0,7345.0,284.0,-50.0,334.0,194.0,126.0,212.0,22.0,1245.0,127.0,73.0,14.0,346.0,256.0,339.0,305.0,35.846808,-83.160516,2533,47_29_23,2532
130.0,136.0,40.0,7471.0,297.0,-41.0,338.0,46.0,185.0,223.0,31.0,1517.0,162.0,91.0,14.0,439.0,315.0,371.0,413.0,35.307275,-84.307336,2534,47_123_42,2533
109.0,127.0,38.0,7355.0,270.0,-58.0,328.0,183.0,27.0,201.0,10.0,1246.0,125.0,90.0,11.0,355.0,274.0,346.0,277.0,36.531708,-81.927683,2535,47_91_19,2534
98.0,121.0,37.0,7188.0,254.0,-65.0,319.0,171.0,19.0,187.0,2.0,1329.0,132.0,94.0,11.0,377.0,291.0,370.0,292.0,36.462107,-81.960901,2536,47_91_21,2535
112.0,131.0,39.0,7211.0,272.0,-57.0,329.0,184.0,69.0,202.0,15.0,1247.0,125.0,86.0,12.0,351.0,270.0,345.0,285.0,36.110234,-82.405099,2537,47_171_17,2536
128.0,134.0,39.0,7576.0,297.0,-43.0,340.0,205.0,82.0,224.0,28.0,1105.0,121.0,67.0,15.0,320.0,226.0,315.0,255.0,36.019119,-82.80216,2538,47_59_11,2537
87.0,116.0,37.0,6987.0,236.0,-72.0,308.0,158.0,10.0,174.0,-6.0,1515.0,145.0,109.0,9.0,416.0,340.0,412.0,341.0,36.003355,-82.480324,2539,47_171_19,2538
107.0,126.0,38.0,7329.0,268.0,-59.0,327.0,181.0,26.0,199.0,9.0,1248.0,125.0,90.0,11.0,356.0,274.0,346.0,277.0,36.560781,-81.887026,2540,47_91_18,2539
128.0,135.0,40.0,7385.0,293.0,-41.0,334.0,44.0,182.0,220.0,29.0,1566.0,168.0,96.0,14.0,456.0,330.0,377.0,426.0,35.076676,-84.412311,2541,47_139_53,2540
133.0,137.0,40.0,7473.0,300.0,-39.0,339.0,48.0,188.0,226.0,33.0,1491.0,160.0,89.0,14.0,432.0,308.0,366.0,407.0,35.337057,-84.273183,2542,47_123_45,2541
129.0,137.0,40.0,7414.0,296.0,-41.0,337.0,46.0,183.0,222.0,31.0,1533.0,164.0,92.0,14.0,446.0,321.0,374.0,418.0,35.191802,-84.328844,2543,47_139_15,2542
134.0,139.0,40.0,7472.0,303.0,-37.0,340.0,50.0,189.0,228.0,35.0,1499.0,161.0,90.0,14.0,438.0,313.0,363.0,411.0,35.158277,-84.376699,2544,47_139_16,2543
105.0,126.0,39.0,7163.0,263.0,-60.0,323.0,177.0,25.0,194.0,9.0,1334.0,131.0,95.0,11.0,374.0,292.0,369.0,295.0,36.242661,-81.993698,2545,47_19_15,2544
101.0,122.0,37.0,7242.0,259.0,-63.0,322.0,174.0,21.0,191.0,4.0,1306.0,129.0,93.0,11.0,370.0,285.0,361.0,287.0,36.501576,-81.85955,2546,47_91_11,2545
101.0,122.0,38.0,7253.0,258.0,-63.0,321.0,174.0,20.0,191.0,3.0,1281.0,128.0,92.0,11.0,365.0,281.0,355.0,283.0,36.586395,-81.870377,2547,47_91_16,2546
129.0,134.0,39.0,7526.0,296.0,-42.0,338.0,205.0,135.0,223.0,29.0,1163.0,123.0,67.0,15.0,335.0,236.0,326.0,277.0,35.929924,-83.068373,2548,47_29_14,2547
135.0,136.0,40.0,7537.0,302.0,-38.0,340.0,211.0,140.0,229.0,35.0,1179.0,124.0,67.0,15.0,341.0,237.0,331.0,282.0,35.824096,-83.143515,2549,47_29_22,2548
112.0,129.0,39.0,7316.0,274.0,-56.0,330.0,186.0,30.0,203.0,14.0,1263.0,126.0,91.0,11.0,357.0,278.0,350.0,282.0,36.369593,-81.981549,2550,47_91_23,2549
123.0,132.0,39.0,7540.0,289.0,-47.0,336.0,199.0,77.0,217.0,23.0,1161.0,120.0,79.0,12.0,334.0,251.0,324.0,267.0,36.46192,-82.151678,2551,47_163_12,2550
125.0,136.0,40.0,7385.0,289.0,-46.0,335.0,41.0,180.0,217.0,26.0,1550.0,165.0,93.0,14.0,447.0,323.0,382.0,420.0,35.309218,-84.193705,2552,47_123_39,2551
136.0,137.0,40.0,7514.0,304.0,-35.0,339.0,51.0,192.0,230.0,36.0,1493.0,161.0,91.0,14.0,435.0,312.0,357.0,409.0,35.144532,-84.47593,2553,47_139_31,2552
133.0,136.0,40.0,7481.0,301.0,-37.0,338.0,49.0,188.0,227.0,34.0,1518.0,163.0,93.0,14.0,442.0,318.0,362.0,415.0,35.115845,-84.513768,2554,47_139_35,2553
124.0,131.0,39.0,7370.0,287.0,-44.0,331.0,40.0,178.0,216.0,26.0,1610.0,172.0,100.0,13.0,467.0,339.0,384.0,438.0,35.020976,-84.484295,2555,47_139_39,2554
115.0,124.0,38.0,7350.0,274.0,-51.0,325.0,31.0,168.0,207.0,17.0,1701.0,181.0,108.0,13.0,489.0,360.0,403.0,459.0,34.990203,-84.534091,2556,47_139_45,2555
122.0,133.0,39.0,7580.0,290.0,-49.0,339.0,199.0,77.0,217.0,21.0,1154.0,119.0,81.0,12.0,333.0,250.0,323.0,262.0,36.590813,-82.01153,2557,47_163_4,2556
115.0,134.0,40.0,7238.0,276.0,-54.0,330.0,188.0,72.0,205.0,18.0,1205.0,123.0,81.0,12.0,341.0,257.0,336.0,275.0,36.047901,-82.486158,2558,47_171_4,2557
112.0,130.0,39.0,7312.0,274.0,-56.0,330.0,186.0,68.0,204.0,15.0,1207.0,123.0,78.0,13.0,340.0,256.0,336.0,281.0,36.05927,-82.691718,2559,47_59_66,2558
119.0,135.0,40.0,7358.0,284.0,-51.0,335.0,116.0,126.0,211.0,21.0,1248.0,127.0,73.0,13.0,347.0,257.0,339.0,305.0,35.866683,-83.161661,2560,47_29_40,2559
110.0,132.0,40.0,7183.0,270.0,-57.0,327.0,107.0,117.0,200.0,14.0,1295.0,132.0,82.0,12.0,356.0,278.0,350.0,311.0,35.804138,-82.998978,2561,47_29_25,2560
102.0,128.0,39.0,7089.0,258.0,-64.0,322.0,21.0,109.0,190.0,7.0,1587.0,162.0,102.0,10.0,432.0,346.0,405.0,404.0,35.666491,-83.407227,2562,47_155_30,2561
132.0,138.0,40.0,7477.0,298.0,-42.0,340.0,207.0,139.0,225.0,32.0,1284.0,130.0,73.0,14.0,360.0,260.0,346.0,326.0,35.759787,-83.55909,2563,47_155_41,2562
134.0,137.0,40.0,7437.0,301.0,-36.0,337.0,50.0,189.0,227.0,35.0,1520.0,163.0,92.0,14.0,444.0,318.0,365.0,416.0,35.062426,-84.467826,2564,47_139_64,2563
133.0,135.0,39.0,7487.0,300.0,-38.0,338.0,48.0,188.0,226.0,33.0,1523.0,164.0,93.0,14.0,443.0,319.0,364.0,416.0,35.119892,-84.512445,2565,47_139_58,2564
135.0,136.0,40.0,7589.0,303.0,-37.0,340.0,50.0,191.0,230.0,34.0,1492.0,161.0,91.0,14.0,433.0,310.0,353.0,409.0,35.226221,-84.528,2566,47_139_60,2565
140.0,137.0,40.0,7574.0,309.0,-32.0,341.0,55.0,196.0,235.0,39.0,1460.0,158.0,90.0,14.0,426.0,305.0,344.0,402.0,35.141161,-84.558643,2567,47_139_57,2566
126.0,129.0,38.0,7479.0,289.0,-43.0,332.0,41.0,181.0,219.0,26.0,1582.0,170.0,98.0,14.0,458.0,331.0,373.0,431.0,35.130355,-84.620757,2568,47_139_106,2567
134.0,136.0,40.0,7511.0,302.0,-37.0,339.0,49.0,189.0,228.0,34.0,1511.0,163.0,92.0,14.0,440.0,316.0,361.0,413.0,35.116937,-84.522146,2569,47_139_61,2568
143.0,135.0,39.0,7602.0,311.0,-30.0,341.0,57.0,198.0,238.0,41.0,1448.0,157.0,91.0,14.0,422.0,304.0,338.0,398.0,35.045592,-84.677854,2570,47_139_98,2569
114.0,134.0,40.0,7216.0,274.0,-56.0,330.0,32.0,121.0,203.0,17.0,1542.0,160.0,94.0,12.0,432.0,325.0,389.0,408.0,35.599303,-83.738026,2571,47_9_39,2570
83.0,113.0,36.0,7045.0,232.0,-76.0,308.0,81.0,134.0,170.0,-11.0,1874.0,187.0,129.0,8.0,504.0,425.0,474.0,468.0,35.572162,-83.509378,2572,47_155_43,2571
112.0,135.0,40.0,7203.0,273.0,-58.0,331.0,109.0,119.0,201.0,15.0,1392.0,144.0,85.0,12.0,383.0,294.0,363.0,352.0,35.748034,-83.295253,2573,47_155_39,2572
94.0,123.0,38.0,7067.0,248.0,-68.0,316.0,92.0,101.0,182.0,0.0,1645.0,166.0,110.0,9.0,445.0,367.0,423.0,410.0,35.705761,-83.302304,2574,47_155_52,2573
91.0,120.0,38.0,7048.0,244.0,-70.0,314.0,89.0,99.0,179.0,-3.0,1712.0,172.0,115.0,9.0,463.0,383.0,438.0,428.0,35.663672,-83.373609,2575,47_155_11,2574
130.0,140.0,41.0,7424.0,296.0,-44.0,340.0,204.0,137.0,223.0,31.0,1268.0,129.0,72.0,14.0,357.0,256.0,345.0,316.0,35.755031,-83.36174,2576,47_155_28,2575
132.0,139.0,40.0,7497.0,297.0,-43.0,340.0,207.0,140.0,225.0,31.0,1272.0,129.0,72.0,14.0,358.0,258.0,344.0,320.0,35.777301,-83.515528,2577,47_155_6,2576
134.0,139.0,40.0,7550.0,300.0,-41.0,341.0,209.0,141.0,228.0,33.0,1254.0,128.0,71.0,14.0,353.0,254.0,339.0,317.0,35.786924,-83.515955,2578,47_155_10,2577
115.0,137.0,41.0,7247.0,276.0,-57.0,333.0,32.0,122.0,205.0,17.0,1433.0,148.0,86.0,12.0,396.0,300.0,369.0,370.0,35.707151,-83.457801,2579,47_155_55,2578
108.0,127.0,38.0,7345.0,269.0,-59.0,328.0,182.0,26.0,199.0,9.0,1241.0,123.0,89.0,11.0,353.0,272.0,342.0,274.0,36.582909,-81.771475,2580,47_91_31,2579
114.0,131.0,39.0,7275.0,275.0,-55.0,330.0,31.0,168.0,205.0,17.0,1616.0,169.0,99.0,12.0,458.0,340.0,400.0,433.0,35.456954,-84.015758,2581,47_123_120,2580
120.0,134.0,40.0,7324.0,282.0,-50.0,332.0,37.0,174.0,211.0,22.0,1565.0,165.0,94.0,13.0,447.0,326.0,389.0,422.0,35.445384,-84.040084,2582,47_123_110,2581
132.0,134.0,39.0,7534.0,299.0,-39.0,338.0,47.0,188.0,226.0,32.0,1525.0,164.0,94.0,14.0,442.0,318.0,360.0,417.0,35.171655,-84.582801,2583,47_139_59,2582
97.0,125.0,39.0,7048.0,252.0,-66.0,318.0,17.0,150.0,185.0,3.0,1701.0,174.0,111.0,10.0,465.0,375.0,428.0,437.0,35.587795,-83.560947,2584,47_155_15,2583
98.0,123.0,38.0,7078.0,254.0,-65.0,319.0,170.0,21.0,187.0,4.0,1385.0,136.0,98.0,11.0,387.0,302.0,386.0,304.0,36.194245,-82.006255,2585,47_19_51,2584
105.0,129.0,39.0,7133.0,264.0,-60.0,324.0,103.0,62.0,194.0,10.0,1341.0,135.0,88.0,11.0,367.0,292.0,361.0,320.0,35.843391,-82.936243,2586,47_29_71,2585
140.0,138.0,40.0,7583.0,308.0,-33.0,341.0,54.0,195.0,235.0,39.0,1458.0,158.0,89.0,14.0,425.0,303.0,347.0,401.0,35.212652,-84.48295,2587,47_139_23,2586
138.0,137.0,40.0,7558.0,308.0,-33.0,341.0,53.0,194.0,233.0,38.0,1475.0,159.0,90.0,14.0,430.0,308.0,351.0,405.0,35.141969,-84.502572,2588,47_139_26,2587
135.0,136.0,40.0,7511.0,303.0,-36.0,339.0,51.0,190.0,229.0,35.0,1511.0,163.0,93.0,14.0,442.0,316.0,358.0,415.0,35.060353,-84.541261,2589,47_139_42,2588
102.0,123.0,38.0,7229.0,260.0,-63.0,323.0,175.0,60.0,192.0,5.0,1300.0,131.0,94.0,11.0,369.0,286.0,362.0,290.0,36.440975,-82.095408,2590,47_19_12,2589
121.0,134.0,39.0,7446.0,287.0,-50.0,337.0,196.0,76.0,214.0,22.0,1149.0,123.0,72.0,14.0,332.0,239.0,326.0,265.0,36.115849,-82.589643,2591,47_179_3,2590
127.0,134.0,39.0,7520.0,295.0,-43.0,338.0,204.0,134.0,222.0,28.0,1142.0,122.0,67.0,15.0,328.0,234.0,321.0,269.0,35.958026,-82.976012,2592,47_29_5,2591
136.0,134.0,40.0,7446.0,300.0,-35.0,335.0,52.0,191.0,229.0,36.0,1449.0,154.0,85.0,15.0,416.0,295.0,366.0,392.0,35.493761,-84.083295,2593,47_123_3,2592
127.0,135.0,40.0,7389.0,290.0,-44.0,334.0,43.0,181.0,219.0,28.0,1521.0,161.0,90.0,14.0,437.0,314.0,379.0,412.0,35.422028,-84.118766,2594,47_123_5,2593
119.0,134.0,40.0,7324.0,281.0,-51.0,332.0,36.0,173.0,210.0,21.0,1594.0,168.0,97.0,13.0,456.0,334.0,393.0,430.0,35.342164,-84.147051,2595,47_123_7,2594
123.0,136.0,40.0,7347.0,287.0,-47.0,334.0,40.0,178.0,215.0,25.0,1571.0,167.0,95.0,13.0,454.0,329.0,386.0,426.0,35.265831,-84.191335,2596,47_123_9,2595
134.0,136.0,39.0,7569.0,303.0,-38.0,341.0,49.0,190.0,229.0,34.0,1494.0,161.0,91.0,14.0,433.0,310.0,356.0,409.0,35.26579,-84.482473,2597,47_139_8,2596
138.0,136.0,40.0,7545.0,306.0,-34.0,340.0,53.0,193.0,232.0,37.0,1485.0,160.0,91.0,14.0,433.0,310.0,351.0,408.0,35.104395,-84.557132,2598,47_139_11,2597
134.0,134.0,39.0,7509.0,301.0,-36.0,337.0,50.0,189.0,228.0,34.0,1523.0,164.0,94.0,14.0,444.0,319.0,360.0,417.0,35.033583,-84.577072,2599,47_139_13,2598
115.0,131.0,39.0,7324.0,277.0,-54.0,331.0,189.0,72.0,207.0,17.0,1230.0,125.0,85.0,12.0,349.0,267.0,342.0,281.0,36.252703,-82.242825,2600,47_19_69,2599
131.0,133.0,39.0,7542.0,298.0,-40.0,338.0,46.0,187.0,226.0,31.0,1526.0,164.0,94.0,14.0,442.0,319.0,361.0,417.0,35.203534,-84.563803,2601,47_139_29,2600
85.0,113.0,36.0,6997.0,233.0,-74.0,307.0,156.0,8.0,172.0,-8.0,1505.0,143.0,106.0,10.0,418.0,331.0,414.0,332.0,36.137875,-82.283914,2602,47_171_10,2601
107.0,127.0,38.0,7342.0,268.0,-60.0,328.0,181.0,25.0,199.0,8.0,1246.0,124.0,89.0,11.0,355.0,273.0,345.0,276.0,36.577719,-81.822119,2603,47_91_14,2602
104.0,125.0,38.0,7309.0,264.0,-61.0,325.0,178.0,23.0,196.0,6.0,1268.0,126.0,91.0,11.0,361.0,278.0,351.0,280.0,36.55703,-81.865448,2604,47_91_17,2603
130.0,136.0,40.0,7403.0,295.0,-41.0,336.0,46.0,186.0,222.0,31.0,1502.0,160.0,89.0,14.0,433.0,310.0,373.0,408.0,35.389371,-84.158493,2605,47_123_33,2604
89.0,116.0,37.0,7011.0,239.0,-71.0,310.0,160.0,12.0,176.0,-5.0,1469.0,140.0,104.0,10.0,408.0,325.0,404.0,326.0,36.123711,-82.331564,2606,47_171_13,2605
106.0,126.0,38.0,7209.0,266.0,-59.0,325.0,179.0,26.0,196.0,10.0,1326.0,130.0,94.0,10.0,371.0,290.0,366.0,292.0,36.298838,-81.911897,2607,47_91_13,2606
128.0,137.0,40.0,7399.0,293.0,-43.0,336.0,44.0,182.0,220.0,29.0,1540.0,165.0,93.0,14.0,447.0,322.0,375.0,419.0,35.211324,-84.318144,2608,47_139_14,2607
133.0,136.0,40.0,7476.0,301.0,-37.0,338.0,49.0,188.0,227.0,34.0,1526.0,164.0,93.0,14.0,445.0,320.0,365.0,417.0,35.064747,-84.503202,2609,47_139_37,2608
134.0,137.0,40.0,7459.0,302.0,-36.0,338.0,50.0,189.0,228.0,35.0,1510.0,163.0,92.0,14.0,442.0,316.0,362.0,414.0,35.091643,-84.480823,2610,47_139_33,2609
108.0,127.0,38.0,7286.0,268.0,-59.0,327.0,181.0,65.0,199.0,10.0,1275.0,128.0,92.0,11.0,361.0,280.0,355.0,285.0,36.397568,-82.057035,2611,47_19_10,2610
104.0,126.0,39.0,7205.0,261.0,-62.0,323.0,22.0,157.0,194.0,8.0,1720.0,179.0,109.0,11.0,482.0,368.0,423.0,455.0,35.416007,-84.034075,2612,47_123_15,2611
116.0,132.0,39.0,7319.0,279.0,-52.0,331.0,190.0,73.0,208.0,19.0,1186.0,124.0,76.0,13.0,340.0,250.0,333.0,274.0,36.118328,-82.55135,2613,47_171_21,2612
101.0,123.0,38.0,7193.0,258.0,-63.0,321.0,174.0,22.0,191.0,5.0,1310.0,131.0,94.0,11.0,371.0,288.0,364.0,290.0,36.4354,-82.001333,2614,47_19_3,2613
99.0,123.0,38.0,7120.0,255.0,-65.0,320.0,171.0,21.0,188.0,4.0,1351.0,134.0,96.0,11.0,380.0,296.0,377.0,299.0,36.279474,-82.077148,2615,47_19_4,2614
120.0,132.0,39.0,7522.0,286.0,-50.0,336.0,196.0,75.0,215.0,20.0,1171.0,120.0,84.0,12.0,337.0,256.0,327.0,264.0,36.552898,-81.988664,2616,47_163_6,2615
92.0,119.0,38.0,7016.0,243.0,-69.0,312.0,163.0,52.0,180.0,-1.0,1469.0,142.0,106.0,10.0,403.0,329.0,399.0,332.0,35.973418,-82.52343,2617,47_171_5,2616
99.0,121.0,38.0,7148.0,252.0,-64.0,316.0,17.0,151.0,188.0,3.0,1814.0,188.0,118.0,11.0,507.0,393.0,443.0,478.0,35.282541,-84.046015,2618,47_123_8,2617
134.0,138.0,40.0,7494.0,301.0,-38.0,339.0,49.0,190.0,227.0,34.0,1500.0,161.0,90.0,14.0,436.0,313.0,363.0,410.0,35.203825,-84.380241,2619,47_139_4,2618
104.0,128.0,39.0,7122.0,262.0,-61.0,323.0,176.0,63.0,193.0,9.0,1303.0,128.0,92.0,11.0,363.0,285.0,358.0,296.0,36.081741,-82.463571,2620,47_171_20,2619
109.0,127.0,38.0,7372.0,271.0,-58.0,329.0,184.0,66.0,201.0,11.0,1235.0,125.0,90.0,11.0,353.0,273.0,344.0,276.0,36.545982,-81.970596,2621,47_163_5,2620
119.0,133.0,39.0,7356.0,285.0,-50.0,335.0,194.0,75.0,211.0,21.0,1146.0,119.0,71.0,14.0,324.0,237.0,322.0,266.0,35.955906,-82.809693,2622,47_59_12,2621
122.0,134.0,39.0,7446.0,288.0,-48.0,336.0,198.0,77.0,215.0,23.0,1207.0,121.0,87.0,11.0,342.0,265.0,335.0,273.0,36.334122,-82.032024,2623,47_19_13,2622
120.0,133.0,39.0,7420.0,284.0,-50.0,334.0,195.0,75.0,212.0,21.0,1146.0,121.0,70.0,14.0,327.0,237.0,323.0,268.0,36.03882,-82.778439,2624,47_59_5,2623
121.0,135.0,40.0,7409.0,287.0,-50.0,337.0,196.0,128.0,214.0,23.0,1230.0,125.0,72.0,14.0,345.0,253.0,336.0,299.0,35.879756,-83.152768,2625,47_29_6,2624
133.0,136.0,40.0,7493.0,300.0,-40.0,340.0,209.0,139.0,227.0,34.0,1197.0,124.0,68.0,15.0,343.0,241.0,333.0,289.0,35.802121,-83.191587,2626,47_29_8,2625
129.0,136.0,40.0,7443.0,296.0,-41.0,337.0,45.0,183.0,222.0,30.0,1541.0,165.0,93.0,14.0,448.0,323.0,374.0,420.0,35.188054,-84.37395,2627,47_139_5,2626
119.0,130.0,39.0,7343.0,281.0,-48.0,329.0,36.0,174.0,211.0,22.0,1637.0,174.0,101.0,13.0,472.0,345.0,394.0,443.0,35.10273,-84.392181,2628,47_139_7,2627
125.0,135.0,40.0,7337.0,287.0,-47.0,334.0,41.0,132.0,216.0,26.0,1523.0,160.0,90.0,14.0,435.0,314.0,383.0,411.0,35.470661,-83.984729,2629,47_123_14,2628
93.0,117.0,37.0,7134.0,245.0,-69.0,314.0,11.0,145.0,182.0,-2.0,1860.0,191.0,122.0,10.0,514.0,406.0,456.0,485.0,35.312568,-84.045882,2630,47_123_12,2629
103.0,126.0,39.0,7165.0,261.0,-62.0,323.0,176.0,24.0,193.0,8.0,1334.0,132.0,96.0,11.0,374.0,294.0,369.0,297.0,36.224851,-82.117046,2631,47_19_20,2630
87.0,114.0,37.0,7005.0,236.0,-72.0,308.0,158.0,10.0,174.0,-6.0,1483.0,142.0,103.0,10.0,414.0,323.0,411.0,323.0,36.153524,-82.146495,2632,47_19_23,2631
74.0,102.0,34.0,6967.0,215.0,-81.0,296.0,145.0,-19.0,161.0,-19.0,1629.0,152.0,111.0,10.0,453.0,350.0,449.0,350.0,36.111769,-82.121132,2633,47_19_27,2632
123.0,136.0,40.0,7439.0,288.0,-49.0,337.0,198.0,78.0,216.0,24.0,1169.0,126.0,74.0,14.0,342.0,244.0,334.0,268.0,36.142935,-82.443769,2634,47_171_15,2633
111.0,129.0,39.0,7291.0,271.0,-57.0,328.0,184.0,68.0,202.0,13.0,1242.0,127.0,84.0,12.0,353.0,268.0,346.0,285.0,36.25629,-82.368116,2635,47_179_5,2634
99.0,121.0,37.0,7266.0,256.0,-65.0,321.0,173.0,19.0,190.0,2.0,1304.0,130.0,93.0,11.0,371.0,286.0,362.0,287.0,36.561419,-81.919256,2636,47_91_2,2635
113.0,129.0,39.0,7341.0,276.0,-54.0,330.0,188.0,69.0,205.0,15.0,1242.0,124.0,90.0,11.0,352.0,273.0,344.0,278.0,36.405063,-81.987565,2637,47_91_5,2636
116.0,132.0,39.0,7334.0,277.0,-54.0,331.0,189.0,72.0,207.0,18.0,1213.0,125.0,81.0,12.0,347.0,259.0,339.0,278.0,36.182675,-82.406697,2638,47_171_2,2637
131.0,137.0,40.0,7478.0,299.0,-39.0,338.0,47.0,187.0,225.0,32.0,1512.0,163.0,91.0,14.0,440.0,315.0,366.0,413.0,35.232291,-84.383932,2639,47_139_54,2638
130.0,134.0,39.0,7530.0,298.0,-40.0,338.0,45.0,186.0,225.0,30.0,1527.0,164.0,93.0,14.0,442.0,318.0,364.0,417.0,35.234962,-84.508892,2640,47_139_24,2639
113.0,131.0,39.0,7264.0,273.0,-55.0,328.0,185.0,70.0,203.0,15.0,1253.0,126.0,89.0,11.0,354.0,274.0,347.0,284.0,36.231316,-82.218994,2641,47_19_24,2640
112.0,131.0,39.0,7420.0,276.0,-56.0,332.0,187.0,30.0,205.0,13.0,1207.0,120.0,87.0,11.0,344.0,265.0,333.0,268.0,36.602329,-81.746582,2642,47_91_8,2641
121.0,132.0,39.0,7510.0,287.0,-49.0,336.0,197.0,76.0,215.0,21.0,1173.0,121.0,80.0,12.0,337.0,254.0,327.0,270.0,36.467652,-82.132141,2643,47_163_11,2642
138.0,136.0,40.0,7543.0,307.0,-33.0,340.0,54.0,194.0,233.0,38.0,1482.0,160.0,91.0,14.0,432.0,309.0,350.0,407.0,35.083377,-84.569775,2644,47_139_43,2643
109.0,129.0,39.0,7247.0,269.0,-58.0,327.0,182.0,66.0,200.0,12.0,1242.0,125.0,83.0,12.0,349.0,267.0,344.0,286.0,36.086046,-82.602386,2645,47_59_6,2644
135.0,134.0,39.0,7495.0,301.0,-35.0,336.0,50.0,190.0,229.0,35.0,1524.0,164.0,95.0,14.0,445.0,319.0,359.0,418.0,34.999901,-84.599731,2646,47_139_46,2645
127.0,135.0,39.0,7531.0,294.0,-45.0,339.0,203.0,82.0,221.0,27.0,1124.0,123.0,69.0,15.0,328.0,233.0,321.0,261.0,36.135694,-82.606638,2647,47_179_2,2646
134.0,136.0,40.0,7440.0,299.0,-38.0,337.0,50.0,190.0,227.0,35.0,1464.0,156.0,86.0,15.0,422.0,299.0,366.0,398.0,35.439563,-84.143304,2648,47_123_4,2647
131.0,137.0,40.0,7404.0,295.0,-41.0,336.0,47.0,186.0,223.0,32.0,1501.0,160.0,89.0,14.0,434.0,310.0,372.0,408.0,35.355634,-84.179718,2649,47_123_6,2648
116.0,131.0,39.0,7295.0,277.0,-52.0,329.0,33.0,170.0,207.0,19.0,1629.0,172.0,100.0,13.0,466.0,343.0,398.0,439.0,35.28608,-84.203445,2650,47_123_10,2649
122.0,129.0,38.0,7457.0,285.0,-47.0,332.0,37.0,176.0,215.0,22.0,1603.0,171.0,99.0,13.0,461.0,336.0,382.0,435.0,35.201242,-84.539782,2651,47_139_9,2650
139.0,136.0,39.0,7601.0,308.0,-34.0,342.0,53.0,194.0,234.0,38.0,1474.0,159.0,91.0,14.0,429.0,308.0,348.0,405.0,35.127274,-84.57753,2652,47_139_10,2651
140.0,136.0,39.0,7582.0,309.0,-32.0,341.0,55.0,195.0,235.0,39.0,1474.0,159.0,91.0,14.0,430.0,308.0,347.0,405.0,35.051527,-84.59467,2653,47_139_12,2652
132.0,135.0,40.0,7425.0,296.0,-40.0,336.0,48.0,188.0,225.0,33.0,1480.0,157.0,87.0,14.0,425.0,303.0,372.0,401.0,35.461881,-84.103251,2654,47_123_19,2653
123.0,135.0,40.0,7325.0,285.0,-48.0,333.0,39.0,177.0,214.0,25.0,1567.0,166.0,95.0,13.0,452.0,328.0,386.0,425.0,35.306505,-84.16523,2655,47_123_32,2654
142.0,138.0,39.0,7701.0,313.0,-33.0,346.0,56.0,199.0,239.0,40.0,1429.0,155.0,87.0,15.0,415.0,295.0,338.0,394.0,35.319293,-84.470387,2656,47_107_3,2655
127.0,134.0,39.0,7439.0,293.0,-44.0,337.0,202.0,133.0,220.0,28.0,1158.0,121.0,68.0,15.0,330.0,237.0,325.0,273.0,35.849223,-83.014405,2657,47_29_17,2656
105.0,128.0,39.0,7103.0,262.0,-61.0,323.0,176.0,64.0,193.0,10.0,1322.0,130.0,95.0,11.0,369.0,292.0,364.0,297.0,36.154161,-82.247928,2658,47_171_9,2657
99.0,121.0,37.0,7241.0,256.0,-65.0,321.0,172.0,19.0,189.0,2.0,1299.0,128.0,92.0,11.0,369.0,284.0,358.0,285.0,36.580618,-81.787758,2659,47_91_1,2658
114.0,129.0,39.0,7397.0,276.0,-54.0,330.0,189.0,70.0,207.0,15.0,1217.0,124.0,85.0,12.0,348.0,265.0,339.0,277.0,36.427871,-82.165197,2660,47_163_2,2659
128.0,136.0,40.0,7385.0,292.0,-43.0,335.0,44.0,183.0,220.0,29.0,1516.0,161.0,90.0,14.0,437.0,313.0,377.0,412.0,35.393533,-84.129744,2661,47_123_26,2660
87.0,113.0,36.0,7122.0,236.0,-73.0,309.0,5.0,139.0,175.0,-9.0,1924.0,196.0,129.0,9.0,527.0,424.0,473.0,497.0,35.302308,-84.030508,2662,47_123_55,2661
112.0,131.0,39.0,7243.0,271.0,-57.0,328.0,30.0,166.0,202.0,15.0,1648.0,173.0,102.0,12.0,468.0,348.0,406.0,441.0,35.387877,-84.034824,2663,47_123_109,2662
137.0,134.0,39.0,7463.0,301.0,-35.0,336.0,52.0,192.0,230.0,37.0,1446.0,154.0,85.0,15.0,416.0,294.0,363.0,392.0,35.486007,-84.096913,2664,47_123_67,2663
104.0,124.0,38.0,7194.0,260.0,-61.0,321.0,22.0,157.0,193.0,8.0,1764.0,184.0,113.0,11.0,498.0,379.0,429.0,469.0,35.248503,-84.137898,2665,47_123_64,2664
140.0,134.0,39.0,7577.0,306.0,-32.0,338.0,54.0,196.0,234.0,39.0,1412.0,151.0,83.0,15.0,406.0,285.0,353.0,384.0,35.525857,-84.141924,2666,47_123_54,2665
125.0,136.0,40.0,7385.0,289.0,-46.0,335.0,41.0,180.0,217.0,26.0,1550.0,165.0,93.0,14.0,447.0,323.0,382.0,420.0,35.309166,-84.199339,2667,47_123_57,2666
93.0,121.0,38.0,7095.0,245.0,-70.0,315.0,11.0,145.0,181.0,-2.0,1751.0,178.0,116.0,10.0,475.0,388.0,441.0,446.0,35.602717,-83.588931,2668,47_155_76,2667
115.0,131.0,39.0,7347.0,278.0,-54.0,332.0,189.0,71.0,207.0,17.0,1235.0,124.0,89.0,11.0,350.0,271.0,342.0,278.0,36.361174,-82.049947,2669,47_19_60,2668
123.0,135.0,40.0,7331.0,285.0,-48.0,333.0,40.0,178.0,214.0,25.0,1543.0,162.0,92.0,13.0,441.0,320.0,385.0,417.0,35.448334,-84.048648,2670,47_123_17,2669
114.0,132.0,39.0,7238.0,277.0,-54.0,331.0,187.0,70.0,205.0,18.0,1208.0,122.0,76.0,13.0,335.0,255.0,333.0,285.0,35.880953,-82.907211,2671,47_29_9,2670
114.0,131.0,39.0,7353.0,277.0,-54.0,331.0,188.0,69.0,206.0,16.0,1209.0,122.0,75.0,13.0,338.0,254.0,334.0,286.0,35.997951,-82.8938,2672,47_59_14,2671
109.0,129.0,39.0,7202.0,267.0,-58.0,325.0,27.0,162.0,198.0,12.0,1694.0,177.0,106.0,12.0,480.0,361.0,415.0,453.0,35.323366,-84.059257,2673,47_123_13,2672
124.0,135.0,40.0,7360.0,286.0,-47.0,333.0,40.0,179.0,215.0,25.0,1543.0,163.0,92.0,14.0,442.0,320.0,385.0,417.0,35.430624,-84.076874,2674,47_123_22,2673
97.0,120.0,37.0,7189.0,253.0,-65.0,318.0,170.0,18.0,187.0,1.0,1324.0,132.0,94.0,11.0,376.0,290.0,369.0,292.0,36.484073,-82.013245,2675,47_19_8,2674
110.0,129.0,39.0,7240.0,268.0,-57.0,325.0,28.0,164.0,200.0,13.0,1688.0,177.0,105.0,12.0,480.0,358.0,413.0,453.0,35.302343,-84.099825,2676,47_123_30,2675
131.0,136.0,40.0,7494.0,299.0,-41.0,340.0,207.0,137.0,225.0,32.0,1206.0,124.0,68.0,15.0,345.0,242.0,334.0,293.0,35.827867,-83.203509,2677,47_29_7,2676
128.0,135.0,40.0,7437.0,293.0,-43.0,336.0,43.0,182.0,221.0,28.0,1539.0,165.0,93.0,14.0,446.0,320.0,374.0,419.0,35.28214,-84.348293,2678,47_123_11,2677
117.0,132.0,39.0,7377.0,281.0,-52.0,333.0,191.0,72.0,209.0,19.0,1166.0,122.0,73.0,14.0,332.0,243.0,327.0,271.0,36.061719,-82.710491,2679,47_59_63,2678
118.0,132.0,39.0,7392.0,282.0,-51.0,333.0,192.0,73.0,211.0,20.0,1172.0,121.0,71.0,14.0,331.0,244.0,327.0,276.0,35.996806,-82.889276,2680,47_59_20,2679
97.0,124.0,34.0,8340.0,276.0,-83.0,359.0,182.0,-15.0,202.0,-15.0,988.0,100.0,61.0,15.0,291.0,189.0,283.0,189.0,39.091968,-78.485891,2681,51_69_68,2680
125.0,129.0,37.0,7839.0,297.0,-46.0,343.0,205.0,21.0,224.0,21.0,1059.0,104.0,72.0,10.0,291.0,228.0,283.0,228.0,37.605453,-79.469723,2682,51_163_126,2681
101.0,130.0,36.0,7996.0,278.0,-76.0,354.0,182.0,-6.0,200.0,-6.0,964.0,98.0,60.0,16.0,282.0,185.0,279.0,185.0,38.669173,-78.997867,2683,51_165_183,2682
106.0,133.0,37.0,7946.0,284.0,-69.0,353.0,199.0,0.0,206.0,0.0,972.0,99.0,62.0,14.0,280.0,191.0,276.0,191.0,38.369907,-79.143345,2684,51_15_184,2683
94.0,126.0,36.0,7875.0,266.0,-80.0,346.0,174.0,-12.0,192.0,-12.0,1057.0,104.0,70.0,12.0,296.0,216.0,289.0,216.0,38.386543,-79.290665,2685,51_15_193,2684
113.0,124.0,36.0,7775.0,282.0,-55.0,337.0,193.0,10.0,211.0,10.0,1125.0,108.0,78.0,10.0,304.0,242.0,296.0,242.0,37.543954,-79.564605,2686,51_23_94,2685
129.0,137.0,39.0,7916.0,307.0,-44.0,351.0,211.0,24.0,229.0,24.0,984.0,100.0,66.0,12.0,278.0,208.0,275.0,208.0,37.645739,-79.849593,2687,51_23_99,2686
95.0,130.0,37.0,7951.0,267.0,-81.0,348.0,176.0,-12.0,193.0,-12.0,1170.0,119.0,83.0,10.0,327.0,258.0,319.0,258.0,38.174253,-79.91355,2688,51_17_147,2687
115.0,134.0,38.0,7867.0,291.0,-58.0,349.0,195.0,10.0,213.0,10.0,1018.0,102.0,71.0,11.0,286.0,215.0,281.0,215.0,37.642488,-79.999052,2689,51_23_116,2688
127.0,136.0,38.0,7949.0,305.0,-47.0,352.0,209.0,22.0,227.0,22.0,972.0,99.0,67.0,12.0,275.0,207.0,272.0,207.0,37.561577,-80.033139,2690,51_45_57,2689
93.0,125.0,36.0,7793.0,261.0,-79.0,340.0,172.0,-12.0,189.0,-12.0,1141.0,113.0,82.0,10.0,318.0,247.0,310.0,247.0,37.722404,-80.13721,2691,51_5_109,2690
104.0,131.0,38.0,7602.0,273.0,-66.0,339.0,181.0,20.0,199.0,2.0,1005.0,103.0,68.0,13.0,293.0,213.0,278.0,213.0,37.059773,-80.926595,2692,51_197_81,2691
103.0,128.0,37.0,7641.0,271.0,-68.0,339.0,181.0,19.0,199.0,1.0,1016.0,105.0,72.0,12.0,296.0,219.0,281.0,220.0,37.123566,-81.05885,2693,51_21_70,2692
107.0,133.0,39.0,7576.0,276.0,-64.0,340.0,184.0,23.0,202.0,6.0,1042.0,108.0,75.0,12.0,304.0,225.0,291.0,229.0,36.976523,-81.275552,2694,51_197_95,2693
99.0,125.0,37.0,7551.0,264.0,-68.0,332.0,176.0,55.0,194.0,-2.0,1063.0,110.0,77.0,12.0,310.0,233.0,295.0,236.0,37.129981,-81.221946,2695,51_21_78,2694
110.0,124.0,36.0,7762.0,275.0,-62.0,337.0,189.0,64.0,206.0,5.0,1205.0,125.0,82.0,12.0,350.0,265.0,337.0,271.0,37.238813,-82.448546,2696,51_51_61,2695
107.0,128.0,39.0,7180.0,267.0,-59.0,326.0,180.0,28.0,197.0,11.0,1329.0,130.0,95.0,10.0,371.0,292.0,366.0,294.0,36.224992,-81.97916,2697,47_19_2,2696
80.0,118.0,34.0,7919.0,245.0,-94.0,339.0,160.0,-27.0,177.0,-27.0,1240.0,122.0,87.0,9.0,346.0,272.0,338.0,272.0,38.569864,-79.61852,2698,51_91_82,2697
101.0,131.0,37.0,7901.0,276.0,-73.0,349.0,182.0,-4.0,200.0,-4.0,1085.0,108.0,75.0,11.0,302.0,230.0,293.0,230.0,38.133575,-79.633917,2699,51_17_109,2698
82.0,119.0,35.0,7824.0,248.0,-90.0,338.0,162.0,-24.0,178.0,-24.0,1265.0,123.0,91.0,8.0,346.0,281.0,336.0,281.0,38.213683,-79.747429,2700,51_17_111,2699
111.0,133.0,38.0,7887.0,287.0,-62.0,349.0,192.0,6.0,210.0,6.0,1030.0,103.0,72.0,11.0,289.0,218.0,284.0,218.0,37.691467,-80.00745,2701,51_5_92,2700
112.0,139.0,39.0,7962.0,291.0,-65.0,356.0,193.0,5.0,211.0,5.0,1008.0,104.0,70.0,12.0,288.0,214.0,283.0,214.0,37.837177,-80.093609,2702,51_5_102,2701
103.0,129.0,37.0,7701.0,272.0,-68.0,340.0,181.0,-1.0,199.0,-1.0,1003.0,102.0,68.0,12.0,288.0,209.0,277.0,209.0,37.396338,-80.47905,2703,51_71_68,2702
104.0,129.0,37.0,7684.0,273.0,-67.0,340.0,182.0,0.0,200.0,0.0,979.0,103.0,67.0,13.0,285.0,206.0,274.0,206.0,37.399856,-80.64252,2704,51_71_78,2703
100.0,125.0,37.0,7619.0,265.0,-70.0,335.0,177.0,-3.0,195.0,-3.0,1022.0,106.0,71.0,12.0,297.0,219.0,282.0,219.0,37.248324,-80.886571,2705,51_71_86,2704
108.0,135.0,39.0,7651.0,280.0,-65.0,345.0,186.0,23.0,204.0,6.0,987.0,102.0,67.0,13.0,288.0,208.0,275.0,209.0,37.019332,-80.983048,2706,51_197_82,2705
86.0,113.0,36.0,7163.0,237.0,-74.0,311.0,158.0,-11.0,175.0,-11.0,1365.0,133.0,95.0,10.0,383.0,294.0,367.0,294.0,36.64795,-81.475718,2707,51_77_86,2706
114.0,122.0,36.0,7601.0,276.0,-54.0,330.0,191.0,122.0,208.0,12.0,1199.0,124.0,77.0,12.0,341.0,259.0,329.0,284.0,36.821681,-82.646037,2708,51_169_99,2707
109.0,130.0,37.0,7853.0,284.0,-62.0,346.0,190.0,5.0,208.0,5.0,1088.0,106.0,75.0,11.0,298.0,230.0,288.0,230.0,37.896563,-79.581056,2709,51_163_136,2708
139.0,138.0,40.0,7586.0,308.0,-34.0,342.0,54.0,195.0,234.0,38.0,1454.0,157.0,87.0,15.0,423.0,300.0,352.0,399.0,35.300421,-84.357608,2710,47_123_115,2709
93.0,117.0,37.0,7172.0,246.0,-69.0,315.0,165.0,14.0,182.0,-4.0,1360.0,135.0,96.0,11.0,386.0,297.0,379.0,298.0,36.505907,-81.977881,2711,47_91_3,2710
95.0,119.0,37.0,7163.0,247.0,-67.0,314.0,13.0,148.0,184.0,-1.0,1828.0,188.0,119.0,10.0,507.0,398.0,449.0,478.0,35.363121,-84.024016,2712,47_123_2,2711
133.0,137.0,40.0,7431.0,301.0,-37.0,338.0,49.0,188.0,225.0,34.0,1531.0,164.0,93.0,14.0,448.0,321.0,369.0,419.0,35.04849,-84.4413,2713,47_139_3,2712
125.0,135.0,39.0,7498.0,291.0,-47.0,338.0,200.0,133.0,219.0,25.0,1158.0,125.0,73.0,14.0,339.0,243.0,330.0,268.0,36.200142,-82.426443,2714,47_179_1,2713
93.0,117.0,37.0,7138.0,246.0,-68.0,314.0,165.0,14.0,182.0,-3.0,1366.0,136.0,97.0,11.0,387.0,299.0,381.0,301.0,36.449071,-82.101012,2715,47_19_45,2714
98.0,128.0,36.0,7972.0,274.0,-77.0,351.0,180.0,-9.0,198.0,-9.0,990.0,100.0,63.0,15.0,287.0,192.0,284.0,192.0,38.604139,-79.034014,2716,51_165_189,2715
106.0,133.0,37.0,7914.0,282.0,-69.0,351.0,187.0,0.0,205.0,0.0,1030.0,104.0,69.0,12.0,290.0,212.0,282.0,212.0,38.205691,-79.427469,2717,51_15_214,2716
93.0,113.0,35.0,7492.0,248.0,-71.0,319.0,169.0,50.0,186.0,-8.0,1338.0,135.0,91.0,11.0,382.0,296.0,369.0,306.0,36.902674,-82.618857,2718,51_195_78,2717
102.0,133.0,37.0,7934.0,278.0,-73.0,351.0,183.0,-4.0,201.0,-4.0,1093.0,111.0,76.0,11.0,307.0,234.0,300.0,234.0,38.146039,-79.788975,2719,51_17_123,2718
114.0,136.0,38.0,7918.0,292.0,-60.0,352.0,195.0,9.0,213.0,9.0,1043.0,105.0,72.0,12.0,292.0,219.0,284.0,219.0,37.979276,-79.715308,2720,51_17_128,2719
106.0,133.0,38.0,7942.0,281.0,-68.0,349.0,187.0,0.0,205.0,0.0,1076.0,108.0,76.0,11.0,301.0,231.0,294.0,231.0,37.988772,-79.869521,2721,51_17_140,2720
127.0,137.0,39.0,7933.0,304.0,-47.0,351.0,208.0,22.0,227.0,22.0,989.0,100.0,66.0,12.0,280.0,207.0,276.0,207.0,37.678318,-79.862141,2722,51_23_108,2721
89.0,122.0,36.0,7781.0,256.0,-81.0,337.0,168.0,-16.0,185.0,-16.0,1210.0,117.0,88.0,9.0,331.0,265.0,322.0,265.0,37.831822,-79.933653,2723,51_5_87,2722
96.0,124.0,36.0,7757.0,264.0,-74.0,338.0,175.0,-8.0,192.0,-8.0,1132.0,110.0,80.0,10.0,312.0,241.0,304.0,241.0,37.605207,-80.058101,2724,51_45_55,2723
94.0,123.0,36.0,7674.0,261.0,-74.0,335.0,173.0,-8.0,190.0,-8.0,1136.0,110.0,78.0,11.0,314.0,238.0,305.0,238.0,37.459206,-80.134548,2725,51_45_71,2724
111.0,130.0,37.0,7788.0,284.0,-59.0,343.0,191.0,7.0,209.0,7.0,1026.0,101.0,71.0,11.0,287.0,214.0,280.0,214.0,37.377139,-80.172709,2726,51_161_68,2725
112.0,136.0,38.0,7867.0,288.0,-62.0,350.0,192.0,7.0,211.0,7.0,988.0,101.0,69.0,12.0,282.0,210.0,277.0,210.0,37.616774,-80.205978,2727,51_45_75,2726
100.0,130.0,37.0,7774.0,272.0,-72.0,344.0,180.0,-4.0,197.0,-4.0,1047.0,105.0,74.0,11.0,296.0,223.0,289.0,223.0,37.59183,-80.244972,2728,51_45_76,2727
111.0,129.0,37.0,7902.0,285.0,-61.0,346.0,192.0,6.0,211.0,6.0,1101.0,106.0,75.0,11.0,298.0,233.0,289.0,233.0,37.93707,-79.152717,2729,51_15_66,2728
105.0,128.0,37.0,7700.0,273.0,-67.0,340.0,183.0,1.0,200.0,1.0,976.0,104.0,67.0,13.0,286.0,206.0,274.0,206.0,37.352215,-80.798157,2730,51_71_20,2729
106.0,133.0,38.0,7630.0,276.0,-66.0,342.0,183.0,21.0,201.0,4.0,1015.0,105.0,72.0,12.0,296.0,217.0,282.0,220.0,37.022021,-81.134464,2731,51_197_89,2730
95.0,121.0,37.0,7484.0,257.0,-70.0,327.0,171.0,51.0,189.0,-5.0,1105.0,113.0,80.0,12.0,321.0,243.0,305.0,248.0,37.105243,-81.255557,2732,51_21_79,2731
103.0,128.0,38.0,7514.0,268.0,-65.0,333.0,179.0,59.0,197.0,2.0,1100.0,114.0,79.0,12.0,321.0,240.0,308.0,247.0,37.041052,-81.454471,2733,51_185_97,2732
107.0,133.0,39.0,7571.0,276.0,-63.0,339.0,184.0,23.0,202.0,6.0,1060.0,109.0,76.0,12.0,309.0,229.0,296.0,234.0,36.951261,-81.331317,2734,51_197_100,2733
92.0,119.0,37.0,7268.0,248.0,-71.0,319.0,166.0,-5.0,183.0,-5.0,1278.0,126.0,90.0,10.0,360.0,279.0,343.0,279.0,36.711782,-81.439174,2735,51_77_83,2734
101.0,125.0,38.0,7318.0,261.0,-64.0,325.0,175.0,20.0,192.0,3.0,1228.0,121.0,88.0,11.0,350.0,269.0,336.0,271.0,36.721295,-81.607076,2736,51_173_98,2735
91.0,116.0,36.0,7215.0,244.0,-71.0,315.0,163.0,-6.0,180.0,-6.0,1337.0,130.0,94.0,10.0,378.0,290.0,364.0,290.0,36.648887,-81.627591,2737,51_191_110,2736
116.0,126.0,37.0,7797.0,283.0,-56.0,339.0,196.0,124.0,213.0,12.0,1181.0,121.0,79.0,11.0,339.0,260.0,326.0,273.0,37.12422,-82.667741,2738,51_195_82,2737
118.0,134.0,38.0,7881.0,295.0,-54.0,349.0,199.0,13.0,217.0,13.0,991.0,99.0,69.0,11.0,279.0,210.0,274.0,210.0,37.528641,-80.093256,2739,51_45_61,2738
114.0,134.0,38.0,7842.0,290.0,-58.0,348.0,194.0,10.0,213.0,10.0,965.0,98.0,67.0,12.0,275.0,203.0,269.0,203.0,37.461219,-80.294145,2740,51_45_85,2739
96.0,128.0,36.0,8009.0,272.0,-80.0,352.0,178.0,-11.0,196.0,-11.0,997.0,100.0,63.0,15.0,290.0,194.0,286.0,194.0,38.726987,-78.999574,2741,51_165_182,2740
107.0,134.0,39.0,7550.0,277.0,-64.0,341.0,184.0,23.0,202.0,6.0,1060.0,107.0,71.0,12.0,305.0,224.0,289.0,224.0,36.798603,-81.084561,2742,51_197_87,2741
92.0,124.0,36.0,7848.0,261.0,-80.0,341.0,171.0,-14.0,189.0,-14.0,1156.0,111.0,80.0,10.0,314.0,247.0,304.0,247.0,38.127839,-79.473939,2743,51_17_92,2742
106.0,119.0,36.0,7510.0,265.0,-61.0,326.0,183.0,63.0,199.0,5.0,1232.0,127.0,83.0,12.0,353.0,270.0,341.0,283.0,36.858667,-82.519264,2744,51_169_10,2743
105.0,130.0,35.0,8241.0,285.0,-77.0,362.0,189.0,-6.0,208.0,-6.0,982.0,98.0,62.0,15.0,286.0,190.0,282.0,190.0,38.8557,-78.470781,2745,51_171_79,2744
84.0,119.0,35.0,7912.0,252.0,-87.0,339.0,164.0,-22.0,182.0,-22.0,1134.0,109.0,76.0,11.0,315.0,234.0,308.0,234.0,38.519087,-79.166422,2746,51_165_193,2745
99.0,129.0,37.0,7885.0,273.0,-74.0,347.0,179.0,-7.0,198.0,-7.0,1043.0,103.0,69.0,12.0,292.0,213.0,285.0,213.0,38.293803,-79.277126,2747,51_15_196,2746
102.0,131.0,37.0,7913.0,277.0,-72.0,349.0,183.0,-3.0,201.0,-3.0,1074.0,106.0,74.0,11.0,298.0,226.0,289.0,226.0,38.137804,-79.520983,2748,51_17_94,2747
124.0,128.0,37.0,7828.0,297.0,-46.0,343.0,205.0,20.0,223.0,20.0,1061.0,104.0,73.0,11.0,292.0,228.0,287.0,228.0,37.471595,-79.709774,2749,51_23_103,2748
110.0,129.0,37.0,7782.0,282.0,-60.0,342.0,190.0,6.0,208.0,6.0,1054.0,103.0,73.0,11.0,292.0,221.0,286.0,221.0,37.473551,-80.036768,2750,51_45_67,2749
91.0,127.0,36.0,7899.0,262.0,-85.0,347.0,171.0,-15.0,189.0,-15.0,1171.0,118.0,82.0,10.0,327.0,256.0,319.0,256.0,38.314437,-79.760996,2751,51_91_93,2750
103.0,134.0,38.0,7885.0,277.0,-72.0,349.0,183.0,-3.0,201.0,-3.0,1043.0,107.0,74.0,11.0,297.0,226.0,292.0,226.0,37.777959,-80.196803,2752,51_5_107,2751
100.0,124.0,37.0,7625.0,265.0,-70.0,335.0,178.0,16.0,195.0,-2.0,1027.0,107.0,73.0,12.0,299.0,222.0,284.0,223.0,37.209638,-81.02511,2753,51_21_65,2752
104.0,128.0,38.0,7366.0,267.0,-63.0,330.0,178.0,22.0,196.0,5.0,1180.0,117.0,84.0,11.0,337.0,257.0,322.0,260.0,36.742495,-81.487215,2754,51_173_92,2753
102.0,130.0,36.0,7947.0,279.0,-73.0,352.0,183.0,-4.0,202.0,-4.0,981.0,99.0,63.0,15.0,282.0,192.0,279.0,192.0,38.454339,-79.100602,2755,51_165_196,2754
94.0,127.0,36.0,7874.0,267.0,-79.0,346.0,175.0,-11.0,193.0,-11.0,1076.0,105.0,72.0,11.0,298.0,223.0,290.0,223.0,38.298214,-79.33876,2756,51_15_198,2755
99.0,128.0,37.0,7888.0,272.0,-73.0,345.0,180.0,-7.0,197.0,-7.0,1127.0,111.0,80.0,10.0,311.0,243.0,302.0,243.0,38.009381,-79.764066,2757,51_17_134,2756
119.0,138.0,39.0,7923.0,297.0,-56.0,353.0,200.0,14.0,219.0,14.0,1009.0,102.0,69.0,12.0,285.0,211.0,279.0,211.0,37.846577,-79.838665,2758,51_5_79,2757
104.0,130.0,37.0,7876.0,277.0,-69.0,346.0,184.0,-1.0,202.0,-1.0,1086.0,108.0,77.0,11.0,302.0,232.0,295.0,232.0,37.796081,-79.932288,2759,51_5_88,2758
116.0,133.0,38.0,7766.0,290.0,-55.0,345.0,195.0,12.0,214.0,12.0,969.0,98.0,67.0,12.0,276.0,203.0,269.0,203.0,37.33564,-80.33002,2760,51_121_80,2759
106.0,136.0,38.0,7971.0,283.0,-71.0,354.0,187.0,-1.0,205.0,-1.0,1072.0,110.0,74.0,11.0,303.0,229.0,296.0,229.0,38.081644,-79.893701,2761,51_17_150,2760
87.0,118.0,36.0,7568.0,247.0,-80.0,327.0,164.0,-15.0,180.0,-15.0,1150.0,114.0,80.0,11.0,325.0,244.0,311.0,244.0,37.404797,-80.53607,2762,51_71_74,2761
98.0,126.0,37.0,7676.0,265.0,-72.0,337.0,176.0,-5.0,194.0,-5.0,1026.0,106.0,71.0,12.0,296.0,216.0,284.0,216.0,37.427043,-80.596814,2763,51_71_77,2762
110.0,132.0,38.0,7741.0,283.0,-63.0,346.0,189.0,25.0,207.0,6.0,943.0,101.0,64.0,13.0,277.0,199.0,267.0,199.0,37.356093,-80.782545,2764,51_71_80,2763
93.0,120.0,36.0,7586.0,255.0,-74.0,329.0,170.0,-9.0,187.0,-9.0,1080.0,110.0,76.0,11.0,311.0,232.0,295.0,232.0,37.281876,-80.813384,2765,51_71_82,2764
105.0,129.0,38.0,7656.0,274.0,-65.0,339.0,183.0,3.0,201.0,3.0,978.0,102.0,67.0,13.0,285.0,207.0,272.0,207.0,37.205849,-80.863631,2766,51_71_84,2765
112.0,138.0,40.0,7599.0,284.0,-61.0,345.0,189.0,28.0,208.0,10.0,1019.0,105.0,68.0,13.0,297.0,213.0,283.0,214.0,36.827889,-81.052321,2767,51_197_85,2766
92.0,120.0,36.0,7478.0,252.0,-73.0,325.0,168.0,9.0,185.0,-8.0,1131.0,113.0,81.0,11.0,325.0,247.0,308.0,247.0,37.057363,-81.098821,2768,51_21_72,2767
89.0,116.0,36.0,7396.0,246.0,-74.0,320.0,164.0,46.0,181.0,-10.0,1195.0,120.0,87.0,11.0,345.0,263.0,329.0,269.0,37.061562,-81.407763,2769,51_185_95,2768
96.0,124.0,38.0,7359.0,257.0,-69.0,326.0,171.0,15.0,188.0,-2.0,1181.0,118.0,84.0,11.0,337.0,258.0,320.0,260.0,36.828969,-81.35045,2770,51_173_85,2769
108.0,132.0,39.0,7504.0,275.0,-62.0,337.0,184.0,24.0,201.0,7.0,1102.0,113.0,79.0,12.0,321.0,240.0,307.0,245.0,36.908424,-81.478729,2771,51_173_87,2770
111.0,121.0,36.0,7548.0,271.0,-57.0,328.0,188.0,119.0,204.0,9.0,1205.0,125.0,79.0,12.0,345.0,263.0,333.0,280.0,36.834081,-82.55341,2772,51_169_95,2771
103.0,130.0,37.0,7872.0,277.0,-70.0,347.0,184.0,-2.0,202.0,-2.0,1066.0,105.0,72.0,11.0,295.0,222.0,287.0,222.0,38.142943,-79.36749,2773,51_15_217,2772
106.0,128.0,37.0,7863.0,279.0,-65.0,344.0,187.0,1.0,204.0,1.0,1106.0,108.0,78.0,10.0,303.0,236.0,294.0,236.0,37.843861,-79.686582,2774,51_5_73,2773
123.0,133.0,38.0,7902.0,300.0,-49.0,349.0,204.0,18.0,222.0,18.0,984.0,98.0,69.0,11.0,276.0,210.0,272.0,210.0,37.490647,-80.076217,2775,51_45_63,2774
117.0,131.0,38.0,7808.0,291.0,-53.0,344.0,197.0,13.0,215.0,13.0,1006.0,99.0,70.0,11.0,281.0,212.0,276.0,212.0,37.401978,-80.125941,2776,51_45_72,2775
107.0,129.0,35.0,8306.0,287.0,-76.0,363.0,192.0,-5.0,211.0,-5.0,994.0,100.0,63.0,15.0,290.0,193.0,285.0,193.0,38.869895,-78.33379,2777,51_187_48,2776
100.0,126.0,38.0,7355.0,261.0,-66.0,327.0,174.0,18.0,192.0,1.0,1187.0,118.0,84.0,11.0,337.0,259.0,321.0,260.0,36.750045,-81.379167,2778,51_173_83,2777
78.0,106.0,34.0,7165.0,226.0,-79.0,305.0,151.0,-18.0,167.0,-18.0,1432.0,139.0,99.0,10.0,403.0,307.0,388.0,307.0,36.662167,-81.527421,2779,51_77_89,2778
107.0,133.0,37.0,8084.0,288.0,-70.0,358.0,190.0,0.0,209.0,0.0,932.0,96.0,58.0,16.0,275.0,178.0,274.0,178.0,38.583254,-78.979114,2780,51_165_167,2779
115.0,137.0,37.0,8249.0,298.0,-70.0,368.0,198.0,4.0,218.0,4.0,965.0,95.0,62.0,15.0,279.0,190.0,278.0,190.0,38.729043,-78.46927,2781,51_139_55,2780
109.0,131.0,36.0,8173.0,289.0,-71.0,360.0,193.0,0.0,212.0,0.0,980.0,97.0,62.0,15.0,283.0,191.0,282.0,191.0,38.643989,-78.60726,2782,51_139_59,2781
98.0,121.0,34.0,8030.0,270.0,-77.0,347.0,180.0,-10.0,198.0,-10.0,1076.0,105.0,69.0,14.0,304.0,213.0,299.0,213.0,38.505186,-78.697131,2783,51_165_153,2782
109.0,124.0,36.0,7792.0,278.0,-61.0,339.0,188.0,5.0,207.0,5.0,1156.0,110.0,80.0,10.0,309.0,249.0,298.0,249.0,37.69732,-79.332579,2784,51_163_121,2783
104.0,123.0,36.0,7810.0,274.0,-66.0,340.0,112.0,0.0,202.0,0.0,1179.0,114.0,82.0,10.0,317.0,254.0,301.0,254.0,37.769785,-79.299248,2785,51_163_119,2784
109.0,121.0,36.0,7640.0,272.0,-59.0,331.0,187.0,117.0,204.0,7.0,1264.0,128.0,80.0,12.0,356.0,270.0,343.0,307.0,36.828972,-82.868076,2786,51_105_80,2785
90.0,122.0,35.0,8016.0,262.0,-85.0,347.0,171.0,-18.0,189.0,-18.0,1062.0,104.0,68.0,14.0,304.0,209.0,298.0,209.0,38.738661,-78.890456,2787,51_165_157,2786
127.0,129.0,37.0,7895.0,299.0,-45.0,344.0,208.0,23.0,227.0,23.0,1066.0,105.0,73.0,10.0,292.0,232.0,282.0,232.0,37.595697,-79.320113,2788,51_9_100,2787
109.0,134.0,38.0,7896.0,286.0,-65.0,351.0,189.0,4.0,209.0,4.0,1024.0,103.0,69.0,12.0,288.0,212.0,280.0,212.0,38.157166,-79.424755,2789,51_15_218,2788
115.0,132.0,38.0,7851.0,290.0,-56.0,346.0,196.0,11.0,214.0,11.0,1057.0,104.0,73.0,11.0,293.0,223.0,285.0,223.0,37.772312,-79.723673,2790,51_23_93,2789
90.0,114.0,34.0,7812.0,254.0,-78.0,332.0,99.0,-14.0,188.0,-14.0,1284.0,126.0,89.0,10.0,353.0,276.0,324.0,276.0,37.840614,-79.085183,2791,51_125_89,2790
109.0,130.0,37.0,7874.0,283.0,-63.0,346.0,190.0,4.0,207.0,4.0,1065.0,105.0,75.0,11.0,296.0,226.0,289.0,226.0,37.697368,-79.912572,2792,51_23_111,2791
103.0,124.0,38.0,7265.0,261.0,-62.0,323.0,176.0,61.0,193.0,6.0,1291.0,130.0,93.0,11.0,367.0,283.0,361.0,288.0,36.447389,-82.088203,2793,47_19_33,2792
120.0,132.0,39.0,7471.0,285.0,-51.0,336.0,195.0,75.0,213.0,20.0,1194.0,121.0,84.0,11.0,341.0,260.0,332.0,271.0,36.437807,-82.053349,2794,47_19_31,2793
110.0,119.0,36.0,7588.0,269.0,-59.0,328.0,186.0,66.0,204.0,7.0,1214.0,126.0,81.0,12.0,348.0,266.0,336.0,280.0,36.923092,-82.569133,2795,51_195_76,2794
108.0,134.0,38.0,7896.0,285.0,-67.0,352.0,188.0,2.0,207.0,2.0,1009.0,102.0,67.0,13.0,285.0,206.0,278.0,206.0,38.232671,-79.374841,2796,51_15_211,2795
107.0,137.0,38.0,7970.0,284.0,-70.0,354.0,188.0,0.0,206.0,0.0,1055.0,108.0,74.0,11.0,298.0,226.0,293.0,226.0,37.938754,-80.012391,2797,51_5_98,2796
108.0,132.0,38.0,7756.0,280.0,-64.0,344.0,187.0,4.0,205.0,4.0,972.0,100.0,66.0,13.0,280.0,202.0,271.0,202.0,37.432742,-80.437034,2798,51_45_94,2797
126.0,130.0,37.0,7860.0,298.0,-46.0,344.0,207.0,21.0,225.0,21.0,1061.0,104.0,72.0,11.0,291.0,229.0,281.0,229.0,37.621601,-79.368096,2799,51_9_103,2798
110.0,127.0,37.0,7851.0,282.0,-61.0,343.0,191.0,6.0,209.0,6.0,1125.0,108.0,77.0,11.0,303.0,240.0,292.0,240.0,37.8391,-79.258725,2800,51_163_117,2799
109.0,136.0,37.0,8130.0,292.0,-70.0,362.0,193.0,1.0,211.0,1.0,907.0,94.0,55.0,17.0,271.0,170.0,270.0,170.0,38.762493,-78.956443,2801,51_165_162,2800
108.0,134.0,37.0,8034.0,288.0,-69.0,357.0,190.0,1.0,209.0,1.0,935.0,97.0,58.0,16.0,275.0,179.0,274.0,179.0,38.519606,-79.058908,2802,51_165_177,2801
103.0,126.0,39.0,7142.0,261.0,-61.0,322.0,175.0,24.0,192.0,8.0,1343.0,132.0,96.0,11.0,375.0,295.0,371.0,297.0,36.239779,-82.001788,2803,47_19_58,2802
121.0,125.0,36.0,7789.0,291.0,-47.0,338.0,202.0,18.0,219.0,18.0,1100.0,107.0,76.0,10.0,299.0,239.0,291.0,239.0,37.503434,-79.45759,2804,51_19_133,2803
99.0,130.0,36.0,7977.0,276.0,-76.0,352.0,180.0,-8.0,199.0,-8.0,973.0,99.0,61.0,15.0,284.0,188.0,281.0,188.0,38.652703,-79.052833,2805,51_165_187,2804
86.0,120.0,35.0,7911.0,255.0,-86.0,341.0,166.0,-20.0,185.0,-20.0,1117.0,108.0,74.0,12.0,312.0,228.0,305.0,228.0,38.508584,-79.126932,2806,51_165_194,2805
99.0,129.0,36.0,7933.0,275.0,-74.0,349.0,180.0,-6.0,199.0,-6.0,1009.0,101.0,66.0,13.0,287.0,201.0,282.0,201.0,38.412178,-79.163643,2807,51_15_182,2806
92.0,126.0,36.0,7884.0,265.0,-82.0,347.0,172.0,-14.0,191.0,-14.0,1064.0,105.0,71.0,12.0,298.0,218.0,291.0,218.0,38.40346,-79.345709,2808,51_91_73,2807
95.0,126.0,36.0,7889.0,267.0,-78.0,345.0,175.0,-10.0,194.0,-10.0,1082.0,105.0,72.0,11.0,299.0,223.0,291.0,223.0,38.273359,-79.236599,2809,51_15_200,2808
113.0,135.0,38.0,7883.0,290.0,-61.0,351.0,194.0,9.0,213.0,9.0,1030.0,103.0,69.0,12.0,288.0,214.0,279.0,214.0,38.064513,-79.343085,2810,51_15_105,2809
109.0,134.0,37.0,7908.0,287.0,-66.0,353.0,189.0,3.0,208.0,3.0,984.0,100.0,64.0,14.0,281.0,197.0,276.0,197.0,38.275002,-79.217691,2811,51_15_39,2810
98.0,130.0,37.0,7921.0,272.0,-75.0,347.0,179.0,-8.0,197.0,-8.0,1121.0,112.0,79.0,10.0,312.0,242.0,304.0,242.0,38.099858,-79.790914,2812,51_17_28,2811
104.0,134.0,38.0,7947.0,279.0,-72.0,351.0,184.0,-3.0,202.0,-3.0,1087.0,111.0,75.0,11.0,306.0,232.0,298.0,232.0,38.12595,-79.804344,2813,51_17_4,2812
104.0,126.0,38.0,7177.0,263.0,-61.0,324.0,177.0,63.0,194.0,8.0,1313.0,131.0,94.0,11.0,370.0,289.0,365.0,293.0,36.290067,-82.100903,2814,47_19_34,2813
109.0,129.0,39.0,7232.0,269.0,-58.0,327.0,182.0,67.0,199.0,13.0,1278.0,128.0,93.0,11.0,360.0,281.0,354.0,288.0,36.291614,-82.132671,2815,47_19_30,2814
113.0,130.0,39.0,7266.0,273.0,-55.0,328.0,30.0,167.0,203.0,16.0,1672.0,176.0,104.0,12.0,478.0,354.0,407.0,450.0,35.249037,-84.198112,2816,47_123_52,2815
130.0,136.0,40.0,7459.0,296.0,-42.0,338.0,45.0,185.0,223.0,30.0,1518.0,162.0,91.0,14.0,439.0,315.0,371.0,414.0,35.308783,-84.298342,2817,47_123_60,2816
130.0,135.0,39.0,7537.0,297.0,-42.0,339.0,45.0,185.0,224.0,30.0,1519.0,163.0,92.0,14.0,439.0,316.0,365.0,415.0,35.310358,-84.418431,2818,47_123_59,2817
126.0,132.0,39.0,7493.0,292.0,-44.0,336.0,41.0,182.0,220.0,26.0,1551.0,166.0,95.0,13.0,446.0,324.0,372.0,421.0,35.303548,-84.464174,2819,47_123_50,2818
136.0,138.0,40.0,7436.0,302.0,-36.0,338.0,52.0,191.0,228.0,36.0,1469.0,157.0,87.0,14.0,426.0,303.0,363.0,401.0,35.338241,-84.21661,2820,47_123_58,2819
107.0,127.0,39.0,7207.0,264.0,-59.0,323.0,25.0,161.0,197.0,11.0,1714.0,179.0,108.0,12.0,485.0,366.0,418.0,458.0,35.308085,-84.085739,2821,47_123_61,2820
103.0,124.0,38.0,7156.0,258.0,-63.0,321.0,21.0,156.0,191.0,7.0,1773.0,184.0,114.0,11.0,498.0,382.0,433.0,470.0,35.276038,-84.054828,2822,47_123_62,2821
106.0,125.0,38.0,7224.0,263.0,-59.0,322.0,24.0,160.0,196.0,9.0,1742.0,182.0,110.0,12.0,492.0,373.0,424.0,464.0,35.246065,-84.163626,2823,47_123_65,2822
116.0,125.0,36.0,7793.0,286.0,-52.0,338.0,197.0,13.0,215.0,13.0,1107.0,107.0,76.0,10.0,301.0,237.0,293.0,237.0,37.554767,-79.566377,2824,51_23_121,2823
117.0,127.0,37.0,7839.0,287.0,-54.0,341.0,197.0,13.0,215.0,13.0,1107.0,107.0,76.0,10.0,300.0,238.0,290.0,238.0,37.683184,-79.358875,2825,51_163_14,2824
110.0,126.0,36.0,7875.0,282.0,-61.0,343.0,190.0,5.0,209.0,5.0,1137.0,109.0,78.0,11.0,305.0,243.0,294.0,243.0,37.837046,-79.219628,2826,51_163_21,2825
122.0,136.0,38.0,7941.0,300.0,-53.0,353.0,203.0,16.0,222.0,16.0,1000.0,101.0,68.0,12.0,282.0,210.0,277.0,210.0,37.714173,-79.891234,2827,51_23_7,2826
129.0,130.0,37.0,7844.0,301.0,-42.0,343.0,210.0,25.0,228.0,25.0,1043.0,104.0,71.0,11.0,290.0,224.0,284.0,224.0,37.525311,-79.617032,2828,51_23_34,2827
125.0,135.0,38.0,7915.0,303.0,-48.0,351.0,206.0,20.0,224.0,20.0,986.0,99.0,68.0,12.0,277.0,209.0,274.0,209.0,37.584747,-79.975371,2829,51_23_9,2828
86.0,121.0,35.0,7913.0,257.0,-86.0,343.0,167.0,-20.0,185.0,-20.0,1097.0,107.0,72.0,12.0,310.0,222.0,304.0,222.0,38.61224,-79.090253,2830,51_165_46,2829
111.0,130.0,36.0,8154.0,291.0,-67.0,358.0,206.0,3.0,214.0,3.0,987.0,99.0,63.0,15.0,288.0,193.0,284.0,193.0,38.487534,-78.733231,2831,51_165_120,2830
108.0,132.0,38.0,7812.0,280.0,-65.0,345.0,187.0,3.0,205.0,3.0,1013.0,102.0,71.0,12.0,287.0,213.0,281.0,213.0,37.529106,-80.220956,2832,51_45_46,2831
98.0,120.0,35.0,7844.0,267.0,-71.0,338.0,107.0,-6.0,197.0,-6.0,1219.0,120.0,84.0,11.0,335.0,261.0,310.0,261.0,37.905279,-79.044592,2833,51_15_9,2832
82.0,117.0,34.0,7903.0,250.0,-89.0,339.0,163.0,-24.0,180.0,-24.0,1146.0,110.0,77.0,11.0,320.0,235.0,312.0,235.0,38.591712,-79.063429,2834,51_165_73,2833
104.0,132.0,38.0,7829.0,276.0,-69.0,345.0,183.0,-1.0,201.0,-1.0,1032.0,104.0,73.0,11.0,292.0,221.0,286.0,221.0,37.63293,-80.209058,2835,51_5_115,2834
116.0,136.0,38.0,7915.0,293.0,-59.0,352.0,197.0,10.0,215.0,10.0,1001.0,102.0,69.0,12.0,284.0,210.0,279.0,210.0,37.724156,-80.011331,2836,51_5_116,2835
104.0,132.0,37.0,7901.0,280.0,-70.0,350.0,185.0,-1.0,203.0,-1.0,1038.0,104.0,70.0,12.0,291.0,215.0,283.0,215.0,38.216534,-79.418563,2837,51_15_222,2836
99.0,125.0,37.0,7551.0,264.0,-68.0,332.0,176.0,55.0,194.0,-2.0,1063.0,110.0,77.0,12.0,310.0,233.0,295.0,236.0,37.126285,-81.21828,2838,51_21_84,2837
90.0,122.0,36.0,7707.0,255.0,-79.0,334.0,169.0,-14.0,186.0,-14.0,1145.0,113.0,81.0,10.0,320.0,245.0,311.0,245.0,37.578712,-80.27922,2839,51_45_97,2838
113.0,124.0,37.0,7662.0,277.0,-56.0,333.0,191.0,121.0,208.0,10.0,1242.0,126.0,77.0,12.0,348.0,262.0,335.0,306.0,36.768314,-82.859227,2840,51_105_81,2839
106.0,131.0,39.0,7520.0,272.0,-63.0,335.0,182.0,23.0,200.0,5.0,1097.0,113.0,79.0,12.0,320.0,240.0,307.0,245.0,36.980332,-81.483305,2841,51_185_99,2840
146.0,131.0,38.0,7705.0,313.0,-27.0,340.0,59.0,203.0,242.0,44.0,1417.0,159.0,89.0,16.0,422.0,294.0,314.0,396.0,34.806491,-85.132665,2842,13_313_27,2841
117.0,124.0,38.0,7142.0,273.0,-46.0,319.0,36.0,170.0,207.0,22.0,1744.0,187.0,114.0,13.0,507.0,375.0,412.0,473.0,34.648629,-84.203906,2843,13_111_4,2842
124.0,127.0,38.0,7302.0,284.0,-42.0,326.0,41.0,177.0,216.0,27.0,1662.0,179.0,106.0,13.0,487.0,351.0,391.0,454.0,34.731062,-84.402018,2844,13_123_21,2843
123.0,132.0,40.0,7173.0,283.0,-44.0,327.0,42.0,176.0,213.0,28.0,1652.0,178.0,105.0,13.0,483.0,354.0,395.0,449.0,34.809789,-84.153855,2845,13_111_12,2844
115.0,127.0,39.0,7051.0,269.0,-49.0,318.0,35.0,167.0,203.0,21.0,1770.0,188.0,116.0,12.0,510.0,385.0,421.0,478.0,34.767285,-83.988772,2846,13_291_20,2845
123.0,124.0,38.0,7160.0,279.0,-41.0,320.0,42.0,175.0,213.0,28.0,1695.0,183.0,110.0,13.0,497.0,361.0,397.0,463.0,34.572042,-84.246227,2847,13_85_52,2846
124.0,138.0,41.0,7080.0,284.0,-46.0,330.0,44.0,131.0,212.0,30.0,1625.0,174.0,103.0,13.0,473.0,350.0,392.0,441.0,34.911431,-83.922764,2848,13_291_27,2847
129.0,140.0,42.0,6922.0,288.0,-39.0,327.0,50.0,180.0,215.0,37.0,1747.0,184.0,119.0,11.0,497.0,388.0,412.0,474.0,34.973978,-83.392517,2849,13_241_1,2848
139.0,137.0,40.0,7583.0,308.0,-33.0,341.0,54.0,195.0,234.0,38.0,1467.0,159.0,90.0,14.0,427.0,305.0,346.0,403.0,35.148431,-84.566148,2850,47_139_27,2849
102.0,125.0,38.0,7128.0,259.0,-63.0,322.0,174.0,61.0,191.0,6.0,1326.0,131.0,96.0,11.0,371.0,292.0,366.0,299.0,36.223066,-82.254826,2851,47_19_25,2850
137.0,136.0,39.0,7662.0,308.0,-35.0,343.0,215.0,89.0,234.0,36.0,1102.0,122.0,65.0,16.0,322.0,223.0,315.0,255.0,35.93482,-82.919423,2852,47_29_10,2851
123.0,133.0,40.0,7335.0,284.0,-48.0,332.0,39.0,177.0,214.0,24.0,1478.0,154.0,87.0,13.0,416.0,305.0,376.0,393.0,35.632204,-83.848911,2853,47_9_5,2852
141.0,134.0,39.0,7577.0,308.0,-31.0,339.0,55.0,196.0,236.0,40.0,1473.0,159.0,92.0,14.0,429.0,309.0,345.0,404.0,35.007366,-84.671831,2854,47_139_48,2853
133.0,138.0,40.0,7457.0,299.0,-39.0,338.0,48.0,188.0,225.0,33.0,1490.0,159.0,89.0,14.0,432.0,308.0,367.0,407.0,35.320505,-84.239982,2855,47_123_44,2854
106.0,128.0,39.0,7224.0,265.0,-60.0,325.0,179.0,63.0,196.0,10.0,1271.0,126.0,84.0,12.0,354.0,274.0,350.0,295.0,36.05083,-82.697712,2856,47_59_8,2855
134.0,135.0,40.0,7490.0,299.0,-38.0,337.0,49.0,189.0,227.0,34.0,1468.0,156.0,86.0,15.0,422.0,299.0,367.0,399.0,35.465654,-84.142209,2857,47_123_20,2856
113.0,131.0,39.0,7276.0,274.0,-55.0,329.0,186.0,70.0,203.0,15.0,1235.0,126.0,84.0,12.0,351.0,267.0,343.0,283.0,36.211825,-82.364799,2858,47_171_8,2857
145.0,139.0,40.0,7598.0,315.0,-29.0,344.0,60.0,201.0,240.0,43.0,1419.0,154.0,87.0,15.0,414.0,294.0,336.0,391.0,35.185809,-84.483668,2859,47_139_22,2858
127.0,131.0,39.0,7430.0,291.0,-41.0,332.0,42.0,181.0,220.0,28.0,1590.0,170.0,99.0,13.0,461.0,334.0,377.0,433.0,35.02192,-84.557745,2860,47_139_41,2859
125.0,134.0,39.0,7583.0,293.0,-46.0,339.0,203.0,79.0,220.0,24.0,1150.0,118.0,79.0,12.0,330.0,249.0,321.0,264.0,36.505012,-82.066972,2861,47_163_10,2860
106.0,126.0,38.0,7226.0,263.0,-61.0,324.0,23.0,159.0,195.0,9.0,1716.0,179.0,108.0,12.0,483.0,366.0,421.0,456.0,35.371977,-84.072555,2862,47_123_24,2861
115.0,131.0,39.0,7292.0,274.0,-54.0,328.0,32.0,169.0,205.0,17.0,1633.0,172.0,100.0,13.0,466.0,344.0,401.0,439.0,35.350264,-84.108797,2863,47_123_28,2862
111.0,128.0,40.0,6860.0,263.0,-51.0,314.0,33.0,162.0,196.0,19.0,1936.0,200.0,135.0,10.0,539.0,435.0,465.0,513.0,34.956842,-83.443018,2864,13_241_111,2863
129.0,133.0,40.0,7210.0,290.0,-38.0,328.0,47.0,182.0,220.0,33.0,1619.0,176.0,103.0,14.0,478.0,345.0,383.0,444.0,34.738229,-84.159079,2865,13_111_73,2864
133.0,137.0,40.0,7459.0,301.0,-37.0,338.0,49.0,188.0,227.0,34.0,1507.0,162.0,91.0,14.0,439.0,315.0,363.0,412.0,35.165787,-84.427961,2866,47_139_20,2865
109.0,129.0,39.0,7180.0,267.0,-58.0,325.0,27.0,162.0,198.0,13.0,1707.0,179.0,107.0,12.0,485.0,364.0,417.0,457.0,35.25855,-84.099763,2867,47_123_36,2866
100.0,124.0,38.0,7133.0,256.0,-64.0,320.0,172.0,21.0,189.0,5.0,1350.0,134.0,96.0,11.0,379.0,296.0,375.0,299.0,36.244923,-82.122742,2868,47_19_21,2867
139.0,132.0,39.0,7554.0,305.0,-31.0,336.0,54.0,194.0,234.0,39.0,1501.0,162.0,95.0,14.0,439.0,315.0,350.0,412.0,34.876091,-84.697265,2869,13_213_91,2868
143.0,132.0,39.0,7590.0,308.0,-29.0,337.0,58.0,199.0,238.0,42.0,1453.0,165.0,89.0,16.0,435.0,296.0,324.0,403.0,34.56655,-85.110107,2870,13_115_87,2869
149.0,137.0,40.0,7599.0,317.0,-24.0,341.0,64.0,204.0,244.0,48.0,1405.0,163.0,84.0,17.0,427.0,283.0,311.0,395.0,34.498702,-85.260771,2871,13_55_61,2870
119.0,126.0,39.0,7049.0,274.0,-44.0,318.0,39.0,171.0,207.0,25.0,1745.0,187.0,114.0,12.0,507.0,378.0,413.0,473.0,34.635165,-84.046033,2872,13_187_51,2871
124.0,137.0,41.0,7067.0,283.0,-46.0,329.0,43.0,131.0,212.0,29.0,1638.0,175.0,105.0,12.0,476.0,354.0,395.0,444.0,34.901647,-83.900145,2873,13_291_104,2872
135.0,133.0,41.0,7052.0,294.0,-30.0,324.0,56.0,141.0,224.0,41.0,1639.0,180.0,105.0,14.0,485.0,352.0,385.0,451.0,34.645976,-83.87608,2874,13_187_42,2873
128.0,128.0,39.0,7183.0,286.0,-37.0,323.0,46.0,180.0,218.0,32.0,1658.0,180.0,107.0,14.0,489.0,354.0,389.0,455.0,34.61116,-84.168722,2875,13_187_57,2874
143.0,129.0,40.0,7031.0,299.0,-20.0,319.0,64.0,150.0,231.0,50.0,1561.0,169.0,107.0,12.0,458.0,339.0,374.0,424.0,34.517581,-83.452904,2876,13_137_41,2875
118.0,135.0,41.0,6925.0,274.0,-48.0,322.0,40.0,170.0,204.0,26.0,1801.0,189.0,120.0,11.0,514.0,397.0,426.0,488.0,34.944754,-83.60255,2877,13_281_26,2876
105.0,130.0,40.0,7026.0,261.0,-61.0,322.0,25.0,157.0,192.0,11.0,1737.0,180.0,112.0,11.0,487.0,378.0,427.0,460.0,35.344937,-83.710392,2878,37_75_49,2877
