plot_ID,X,bio01,bio02,bio03,bio04,bio05,bio06,bio07,bio08,bio09,bio10,bio11,bio12,bio13,bio14,bio15,bio16,bio17,bio18,bio19
13_111_1,15924.5,126.6,132.9,40.0,7200.5,287.2,-40.8,328.0,44.9,179.6,216.9,30.7,1628.9,176.0,103.2,13.5,478.8,347.8,387.8,444.9
13_111_100,18014.5,110.8,120.3,36.8,7308.1,267.8,-53.4,321.2,27.6,164.2,202.3,13.5,1747.8,185.7,112.1,12.3,500.9,371.4,413.4,469.4
13_111_101,17524.5,118.8,124.4,37.7,7338.9,277.7,-47.0,324.7,35.4,172.5,210.2,20.9,1680.6,179.5,106.7,13.0,486.1,355.1,396.3,455.3
13_111_102,16864.5,117.1,123.2,37.6,7344.1,276.0,-48.3,324.3,34.1,170.9,209.2,19.4,1693.4,180.8,107.8,12.7,489.2,357.7,398.6,458.2
13_111_103,17554.5,124.2,126.9,37.8,7414.1,285.5,-43.1,328.6,40.1,178.8,216.7,25.7,1628.4,174.6,102.8,13.0,473.2,342.5,382.6,443.5
13_111_105,19464.5,116.4,123.4,38.0,7146.0,271.9,-47.2,319.1,35.3,168.9,205.9,21.4,1750.4,187.5,113.8,12.4,508.0,376.0,414.2,474.0
13_111_107,19294.5,127.2,137.1,40.9,7235.2,291.0,-41.2,332.2,45.7,171.7,218.1,31.2,1581.9,169.9,97.8,13.9,463.9,336.3,383.1,431.2
13_111_11,15594.5,125.1,131.0,39.3,7248.2,286.1,-41.6,327.7,43.1,178.5,216.0,29.0,1638.0,176.2,103.2,13.2,480.3,347.3,389.8,447.3
13_111_112,19444.5,133.3,138.3,41.0,7347.6,300.5,-35.5,336.0,50.5,187.0,225.5,35.9,1540.6,165.7,93.7,14.0,453.3,323.7,371.7,422.3
13_111_116,16014.5,132.1,137.0,40.2,7378.0,299.1,-36.2,335.3,48.8,186.4,224.5,34.1,1547.0,166.1,94.2,14.0,454.1,324.6,372.0,423.8
13_111_117,19314.5,127.1,135.8,40.7,7210.1,289.2,-41.4,330.6,45.8,180.6,217.6,31.5,1597.3,172.2,100.0,13.7,468.9,340.9,384.6,435.2
13_111_119,19304.5,116.9,124.9,38.8,7133.5,273.0,-46.8,319.8,36.6,169.9,206.9,22.6,1742.2,186.4,113.2,12.3,505.7,375.2,412.4,472.1
13_111_12,28444.5,122.4,131.7,40.0,7169.3,282.0,-44.5,326.5,41.2,175.3,212.3,27.1,1659.9,178.5,105.6,13.0,484.8,355.8,396.5,451.0
13_111_14,16554.5,122.2,128.6,39.2,7150.2,280.0,-42.8,322.8,40.8,174.6,212.0,26.8,1691.0,182.2,108.8,13.0,494.2,363.0,400.8,460.2
13_111_17,15614.5,118.5,126.5,38.3,7358.7,279.0,-47.9,326.9,34.9,172.4,210.7,20.6,1667.0,177.9,105.1,12.9,481.5,352.0,395.2,451.4
13_111_18,20294.5,120.9,127.3,39.1,7131.6,277.8,-44.0,321.8,40.1,173.2,210.4,26.1,1704.6,183.4,110.0,12.9,497.6,366.1,403.3,463.6
13_111_19,16654.5,115.3,122.7,38.0,7121.1,269.6,-48.2,317.8,34.4,167.6,204.4,20.5,1765.6,188.4,115.4,12.1,510.9,380.8,417.9,476.9
13_111_2,17854.5,132.4,136.3,40.4,7307.5,297.5,-35.5,333.0,50.1,186.4,224.3,35.4,1563.4,168.5,96.7,14.0,461.2,328.9,373.9,429.5
13_111_26,15864.5,126.5,131.8,40.0,7191.1,286.7,-40.1,326.8,44.9,179.3,216.8,30.8,1640.6,177.2,104.2,13.5,482.2,350.1,389.6,448.6
13_111_28,16544.5,118.3,125.0,37.9,7327.7,277.8,-47.8,325.6,34.7,172.0,209.9,20.7,1683.6,179.7,106.9,13.0,487.1,356.1,398.1,456.0
13_111_3,15584.5,117.4,123.5,37.5,7350.7,276.5,-48.0,324.5,34.3,171.5,209.7,19.6,1689.4,180.4,107.4,12.9,488.3,356.8,397.7,457.3
13_111_31,15904.5,120.8,127.5,38.5,7311.4,281.4,-45.4,326.8,38.3,174.8,212.3,23.8,1662.8,178.0,105.1,13.0,483.6,351.6,394.0,452.0
13_111_32,18154.5,124.6,131.6,39.8,7176.6,284.3,-42.1,326.4,43.4,178.1,214.7,29.2,1649.9,177.9,105.0,13.3,483.6,353.0,392.4,449.9
13_111_39,16934.5,119.3,127.1,38.3,7351.3,279.8,-47.2,327.0,35.9,173.1,211.1,21.4,1662.7,177.4,104.7,12.9,480.7,351.4,394.7,450.4
13_111_4,28424.5,117.9,124.3,38.3,7146.8,273.9,-45.7,319.6,36.8,170.7,207.6,22.9,1735.3,186.1,112.9,12.8,505.1,372.7,410.0,471.1
13_111_43,19154.5,129.2,132.9,40.0,7247.1,290.9,-37.8,328.7,47.3,183.0,220.2,32.7,1610.3,173.9,101.6,14.0,474.6,341.2,382.7,441.7
13_111_45,19194.5,135.2,133.2,39.0,7499.0,301.7,-34.6,336.3,50.9,190.4,229.3,35.4,1522.4,163.7,94.8,14.0,444.4,319.0,358.3,417.3
13_111_46,15944.5,125.7,129.2,39.2,7208.1,285.1,-40.1,325.2,44.3,178.9,216.3,29.9,1655.4,178.7,105.7,13.6,486.4,352.3,390.8,453.2
13_111_47,18724.5,126.3,133.5,40.0,7222.9,287.8,-41.3,329.1,44.3,179.8,217.0,30.3,1621.9,174.9,102.2,13.5,476.2,345.4,387.4,442.7
13_111_6,16004.5,120.3,125.6,38.0,7382.3,280.7,-46.2,326.9,36.3,174.3,212.5,22.1,1659.4,177.3,104.7,13.0,479.8,349.9,391.4,449.9
13_111_67,15984.5,126.8,132.8,40.0,7200.5,287.6,-41.1,328.7,44.8,179.8,216.8,30.8,1629.3,176.0,103.2,13.8,479.4,347.4,387.5,445.7
13_111_68,18634.5,126.1,132.3,39.9,7165.1,286.0,-40.8,326.8,44.6,178.8,216.1,30.9,1640.3,177.4,104.6,13.3,481.7,351.7,389.8,447.7
13_111_69,18774.5,116.6,127.6,39.2,7134.2,273.4,-48.5,321.9,35.4,169.4,205.9,21.9,1730.3,184.5,111.6,12.2,501.1,373.1,412.3,468.0
13_111_70,17914.5,123.4,131.4,39.8,7190.2,283.4,-43.9,327.3,41.9,176.4,213.4,27.8,1652.3,177.3,104.9,13.0,482.9,353.2,394.1,449.8
13_111_71,16024.5,128.6,136.1,40.4,7231.8,291.5,-40.2,331.7,46.6,177.2,219.0,32.4,1588.6,171.3,99.1,13.7,467.2,337.8,382.2,434.3
13_111_72,17284.5,121.6,131.4,39.8,7184.3,281.5,-44.9,326.4,40.4,174.8,211.6,26.4,1664.9,178.4,105.8,13.0,485.5,356.5,397.5,452.5
13_111_73,28644.5,128.7,132.7,40.0,7194.1,289.2,-38.9,328.1,46.8,181.8,218.9,32.8,1623.7,175.9,103.0,13.8,478.7,346.4,385.3,445.1
13_111_74,18784.5,128.3,132.6,40.0,7204.9,289.1,-38.8,327.9,46.5,181.3,218.8,32.5,1625.3,176.0,103.1,13.8,479.1,346.1,385.7,445.4
13_111_75,18694.5,121.2,127.9,39.0,7132.0,278.2,-43.9,322.1,40.2,173.9,211.1,26.8,1701.3,183.1,109.9,13.0,497.0,365.7,402.3,463.0
13_111_76,18754.5,126.6,130.9,39.9,7179.1,286.0,-39.7,325.7,45.2,179.5,216.7,31.0,1648.1,178.4,105.3,13.7,484.9,352.2,390.0,450.9
13_111_77,17294.5,120.8,127.3,39.0,7149.5,278.0,-44.3,322.3,39.7,173.6,210.2,25.6,1701.5,182.8,109.8,13.0,496.4,365.1,403.0,462.6
13_111_78,18704.5,119.4,125.6,38.8,7147.3,275.9,-44.8,320.7,38.4,172.2,209.3,24.4,1719.4,184.7,111.6,13.0,501.4,369.0,406.1,467.4
13_111_79,18794.5,119.2,125.7,38.8,7161.9,276.1,-44.8,320.9,38.2,172.1,209.4,24.3,1719.6,184.5,111.3,13.0,500.8,368.6,406.6,467.0
13_111_80,18764.5,114.5,122.1,37.9,7119.9,268.7,-48.4,317.1,33.7,167.0,203.6,19.8,1774.6,189.3,116.1,12.3,513.1,382.8,420.2,478.9
13_111_81,16074.5,123.4,131.2,39.9,7199.7,283.5,-43.1,326.6,41.8,176.4,213.6,27.6,1653.0,177.5,105.0,13.1,483.3,352.8,393.9,450.2
13_111_82,19104.5,128.6,134.2,40.0,7241.8,291.4,-38.7,330.1,47.1,182.6,219.6,32.6,1602.8,173.1,100.3,14.0,472.3,339.7,382.1,439.3
13_111_83,17314.5,129.9,133.2,40.0,7226.0,291.5,-37.8,329.3,48.1,183.1,220.7,33.9,1607.6,174.0,101.4,14.0,474.7,341.1,381.4,441.7
13_111_84,16434.5,127.3,130.5,39.6,7218.6,287.7,-38.6,326.3,45.9,180.9,218.1,31.3,1635.2,176.9,103.9,13.8,481.9,346.8,386.3,448.7
13_111_85,19124.5,124.3,129.3,39.3,7219.8,284.1,-41.5,325.6,43.0,177.9,215.0,28.5,1656.8,178.3,105.3,13.6,485.6,352.3,392.9,452.4
13_111_86,17324.5,118.3,124.6,38.3,7165.5,274.4,-45.9,320.3,36.7,171.0,208.2,23.1,1730.1,185.3,112.0,12.8,503.3,370.8,409.1,469.9
13_111_87,18854.5,124.3,130.9,38.9,7372.2,287.6,-43.2,330.8,41.1,178.5,216.5,26.3,1615.2,172.7,100.8,13.2,469.5,340.7,384.9,439.5
13_111_88,17354.5,124.9,130.3,39.1,7329.2,287.6,-41.9,329.5,42.1,178.9,216.9,27.9,1626.6,174.5,102.0,13.4,475.1,342.9,386.2,443.7
13_111_89,15704.5,119.0,125.8,38.2,7325.9,279.1,-46.7,325.8,36.0,173.1,210.8,21.9,1679.1,179.2,106.4,12.9,486.5,355.0,397.6,455.4
13_111_90,19144.5,119.2,125.7,38.0,7330.3,279.2,-46.7,325.9,35.9,173.2,210.8,21.8,1672.1,178.6,105.6,13.0,484.2,353.1,395.7,453.4
13_111_91,16854.5,121.2,128.5,38.7,7361.6,282.5,-45.7,328.2,37.7,175.2,213.1,23.2,1645.4,175.6,103.4,12.9,477.0,347.3,390.6,446.9
13_111_92,15734.5,120.8,127.1,38.3,7349.1,282.1,-45.4,327.5,37.5,174.7,212.9,23.3,1654.2,176.6,103.9,13.0,479.7,349.2,392.4,449.0
13_111_93,18604.5,118.9,126.2,38.1,7346.6,279.1,-47.5,326.6,35.0,172.4,210.6,21.0,1671.8,178.3,105.6,13.0,483.1,353.3,396.3,452.6
13_111_94,16724.5,121.0,126.8,38.3,7371.8,282.0,-45.3,327.3,37.3,175.1,212.9,23.0,1650.6,176.4,103.9,13.2,478.1,347.9,390.4,448.0
13_111_95,18004.5,128.4,130.4,38.8,7434.9,292.4,-40.0,332.4,44.5,183.1,221.4,29.7,1584.2,170.0,99.0,13.7,461.4,332.6,374.1,432.7
13_111_96,17614.5,128.7,131.6,39.1,7443.3,293.4,-39.9,333.3,44.6,183.3,221.9,29.8,1578.1,169.4,98.3,13.3,459.6,331.5,373.8,430.6
13_111_97,17744.5,131.9,131.8,39.0,7461.6,297.0,-37.2,334.2,47.9,186.9,225.2,32.7,1555.8,167.1,97.0,14.0,454.2,326.0,366.6,426.0
13_111_98,17624.5,120.2,125.1,37.7,7376.6,280.1,-46.4,326.5,36.4,173.9,211.9,21.7,1665.5,178.0,105.7,12.9,481.6,351.0,392.2,451.5
13_111_99,16734.5,120.0,126.0,38.0,7348.3,279.9,-45.9,325.8,36.3,174.0,211.8,22.2,1666.0,177.8,105.4,13.0,482.2,352.1,394.0,452.0
13_115_16,18654.5,143.7,132.0,38.6,7582.7,309.3,-28.3,337.6,59.0,199.4,238.7,43.1,1443.5,164.5,88.7,16.3,432.8,293.9,322.0,399.8
13_115_85,17714.5,145.2,132.6,38.9,7592.0,311.2,-27.3,338.5,60.4,200.6,240.3,44.0,1432.2,163.8,87.9,16.5,430.1,291.2,318.6,397.2
13_115_86,18354.5,148.6,135.1,39.5,7598.3,315.6,-23.3,338.9,64.2,204.5,244.2,48.0,1405.0,164.2,84.1,17.5,426.6,282.3,312.1,390.8
13_115_87,28694.5,142.2,131.6,38.6,7595.8,307.6,-29.3,336.9,57.5,198.1,237.7,41.3,1457.3,165.3,89.5,16.0,436.0,297.3,325.4,403.9
13_115_88,18224.5,148.0,135.0,39.7,7549.2,314.5,-23.0,337.5,64.2,203.8,243.0,48.3,1408.9,165.7,83.2,17.7,428.0,282.4,315.4,390.3
13_115_96,19324.5,153.2,133.8,40.0,7396.3,315.2,-16.0,331.2,70.3,207.2,245.3,55.2,1363.5,160.8,79.0,18.0,414.9,269.5,316.7,372.1
13_123_105,19514.5,118.7,124.1,38.4,7141.9,274.1,-45.3,319.4,37.7,171.0,208.2,23.9,1732.9,185.9,112.8,12.8,504.3,372.2,409.2,470.3
13_123_12,19164.5,125.3,129.2,39.0,7224.9,285.0,-40.5,325.5,43.6,178.2,216.0,29.1,1654.7,178.6,105.6,13.7,486.3,351.4,390.7,452.9
13_123_15,16424.5,120.3,125.7,38.7,7170.3,276.9,-44.1,321.0,39.1,173.2,210.3,24.9,1711.4,183.8,110.7,13.0,499.3,366.5,404.0,465.7
13_123_21,28434.5,125.2,127.8,38.6,7290.5,285.6,-40.6,326.2,42.7,178.7,217.0,28.7,1650.0,177.5,105.1,13.4,483.9,347.9,388.4,451.5
13_123_30,16334.5,131.3,129.1,38.5,7434.3,294.4,-37.0,331.4,47.4,185.8,224.5,32.7,1581.7,169.9,99.9,14.0,463.7,330.5,370.3,434.2
13_123_35,16404.5,116.6,124.9,38.3,7213.4,273.8,-47.8,321.6,35.0,169.7,206.9,20.8,1724.9,184.1,111.0,12.7,499.8,368.2,408.9,467.0
13_123_4,17864.5,128.0,129.1,38.8,7395.0,290.6,-39.4,330.0,44.5,182.3,220.6,30.0,1605.3,172.3,101.2,13.7,469.3,336.4,377.3,439.4
13_123_40,15504.5,120.3,127.5,39.0,7220.2,279.0,-44.8,323.8,38.3,173.4,210.9,24.7,1685.4,180.9,107.3,13.0,491.5,358.6,399.5,458.5
13_123_45,19524.5,119.0,123.5,38.3,7142.4,274.8,-43.9,318.7,38.3,171.6,208.9,24.0,1730.2,186.1,112.7,12.8,504.2,370.8,407.7,469.8
13_123_72,16644.5,111.7,120.8,37.2,7281.0,268.1,-52.6,320.7,28.7,164.9,202.5,14.7,1750.4,185.8,112.4,12.1,502.7,372.3,414.3,470.9
13_123_73,15604.5,116.7,124.1,38.1,7221.1,273.8,-47.4,321.2,34.7,170.1,207.5,20.9,1724.8,184.3,111.0,12.8,500.1,367.9,408.1,467.1
13_123_74,19044.5,129.8,129.4,39.0,7244.5,290.3,-36.0,326.3,48.0,183.4,221.1,33.8,1626.5,176.5,103.5,14.0,480.9,343.3,382.2,447.7
13_123_75,17304.5,120.4,124.8,38.3,7149.3,276.2,-43.7,319.9,39.4,172.9,209.8,25.2,1719.5,184.9,111.9,13.1,501.5,368.6,405.5,467.5
13_123_76,17924.5,127.2,127.8,39.0,7199.2,285.5,-38.3,323.8,45.7,179.9,217.5,31.4,1655.3,179.5,106.1,13.9,488.1,351.3,388.4,454.6
13_123_77,17214.5,125.0,125.3,38.5,7198.6,282.0,-39.5,321.5,43.4,177.8,215.5,29.1,1678.3,181.9,108.1,13.7,493.3,356.5,393.5,459.3
13_123_78,16994.5,127.2,126.8,39.0,7214.5,285.7,-37.8,323.5,45.5,180.5,218.0,31.3,1656.2,179.7,106.5,13.9,488.5,350.9,387.8,454.9
13_123_79,16914.5,123.9,129.4,39.0,7251.3,284.1,-42.4,326.5,41.6,177.2,214.3,27.3,1655.5,177.8,105.1,13.2,484.4,351.5,392.3,451.7
13_123_80,18044.5,123.1,129.4,39.2,7261.2,283.2,-43.3,326.5,40.6,176.5,213.7,26.5,1659.1,177.7,104.8,13.2,484.2,351.9,394.3,452.0
13_123_81,18094.5,112.3,122.3,37.9,7198.5,267.9,-51.0,318.9,30.5,165.1,202.4,16.9,1765.6,187.6,114.2,12.3,508.6,378.4,419.3,475.6
13_123_82,17754.5,112.9,121.9,37.4,7209.1,268.6,-50.6,319.2,31.0,166.1,203.3,17.4,1762.1,187.5,114.1,12.4,508.0,377.5,417.5,474.9
13_123_83,18814.5,123.0,128.0,38.8,7322.2,283.6,-43.5,327.1,39.9,176.6,214.2,25.5,1653.2,176.9,104.5,13.0,481.5,349.2,391.5,450.2
13_123_84,17334.5,119.2,125.4,38.0,7303.3,278.2,-46.5,324.7,36.7,172.8,210.3,22.2,1683.0,179.8,106.9,13.0,488.5,356.1,397.4,456.9
13_123_85,17014.5,112.2,120.9,37.1,7282.0,268.9,-52.3,321.2,29.5,165.3,203.3,15.1,1747.1,185.6,112.0,12.2,502.2,371.6,413.6,470.3
13_123_86,17934.5,122.4,126.7,38.3,7325.4,282.7,-43.9,326.6,39.5,176.6,214.2,25.1,1657.4,177.7,105.0,13.3,483.1,349.1,390.8,451.5
13_123_87,19134.5,129.4,129.8,39.0,7384.5,292.0,-38.0,330.0,45.5,183.4,221.7,31.1,1599.6,171.7,100.8,13.7,468.6,334.9,376.0,438.7
13_123_88,16844.5,119.9,125.0,38.1,7230.9,277.4,-45.0,322.4,37.9,173.3,210.3,23.9,1702.2,182.4,109.5,13.0,495.9,361.8,401.4,463.0
13_123_89,18104.5,124.6,127.4,38.8,7267.0,284.2,-41.0,325.2,42.4,178.0,215.7,28.0,1657.6,178.3,105.7,13.5,485.6,350.2,390.6,453.0
13_123_90,15684.5,124.5,127.8,38.5,7362.5,285.7,-42.4,328.1,41.0,178.6,216.4,26.5,1634.6,175.1,103.3,13.2,476.3,344.1,385.0,445.6
13_123_91,18744.5,128.4,128.1,38.3,7401.2,290.3,-39.2,329.5,44.8,182.5,221.1,29.8,1605.3,172.4,101.6,13.6,469.6,336.0,376.4,439.9
13_123_92,18054.5,125.4,125.2,37.8,7399.5,285.7,-41.4,327.1,41.7,179.4,217.9,26.9,1633.6,175.6,104.0,13.2,476.3,342.8,381.5,445.5
13_123_95,19474.5,135.3,129.3,38.3,7436.6,298.3,-33.2,331.5,51.5,189.9,228.4,36.5,1556.3,167.8,99.0,14.0,458.2,323.4,361.5,428.7
13_123_96,19504.5,136.4,129.5,38.5,7433.6,299.5,-31.9,331.4,52.4,191.0,229.5,37.4,1552.8,167.6,98.8,14.0,458.2,321.9,361.2,428.5
13_129_25,16084.5,148.4,134.4,39.0,7583.8,314.6,-24.5,339.1,63.4,204.0,243.7,47.4,1400.0,161.9,85.1,17.0,423.3,281.6,311.1,388.8
13_129_30,16124.5,145.5,132.2,38.6,7614.4,311.4,-27.2,338.6,60.1,201.5,241.1,44.1,1426.7,161.2,88.5,16.0,426.0,292.2,319.1,395.0
13_129_65,17814.5,144.8,132.2,38.9,7577.0,309.9,-27.6,337.5,60.1,200.7,239.8,44.1,1434.4,164.0,88.0,16.1,430.7,291.2,320.5,396.9
13_129_66,15574.5,142.6,131.2,38.6,7567.3,307.3,-29.1,336.4,58.1,198.3,237.4,41.9,1454.2,165.7,89.1,16.2,436.0,295.4,325.5,402.5
13_129_67,16834.5,148.7,134.4,39.1,7566.4,314.7,-23.7,338.4,64.5,204.3,243.3,47.8,1397.8,162.6,84.6,17.1,423.4,280.4,311.0,387.5
13_129_68,19584.5,145.4,129.5,38.4,7482.1,308.1,-25.1,333.2,61.0,200.1,239.0,45.5,1444.4,160.6,90.1,15.6,432.0,292.2,330.7,399.9
13_137_1,16564.5,135.8,133.8,41.0,6965.1,292.8,-30.1,322.9,57.2,151.5,222.9,42.9,1689.2,180.9,112.8,12.0,487.6,369.4,401.1,458.9
13_137_13,19174.5,134.2,133.9,41.0,6957.8,291.1,-31.8,322.9,55.7,154.6,221.4,41.2,1701.2,182.3,113.4,12.1,491.5,372.5,402.4,463.0
13_137_14,16594.5,141.9,129.5,40.0,7013.3,298.2,-21.8,320.0,62.9,148.8,229.6,48.8,1594.4,171.8,108.6,12.0,464.8,347.0,382.9,432.3
13_137_15,15784.5,134.9,132.9,41.0,6950.7,291.4,-30.2,321.6,56.0,146.0,222.1,42.6,1716.3,182.2,116.5,11.5,490.9,377.9,410.7,462.5
13_137_16,16604.5,142.7,132.1,40.1,7028.0,300.9,-22.3,323.2,63.2,149.5,230.2,49.0,1611.3,172.6,109.6,12.0,465.3,350.6,390.7,434.1
13_137_23,17904.5,145.9,131.5,40.0,7042.4,303.7,-19.0,322.7,66.0,152.2,233.7,52.0,1564.5,168.7,106.2,12.4,456.1,338.5,378.3,424.1
13_137_30,17104.5,147.7,130.0,40.0,7074.4,305.4,-16.7,322.1,68.3,153.8,236.1,53.3,1505.8,163.9,102.9,13.0,444.8,325.4,360.5,410.4
13_137_38,16534.5,143.9,131.9,40.0,7041.7,302.4,-21.3,323.7,64.7,150.8,232.2,50.6,1593.9,170.7,108.2,12.0,461.1,346.2,386.7,430.1
13_137_39,17484.5,144.1,131.7,40.0,7028.9,302.5,-20.9,323.4,64.7,150.8,231.8,50.7,1590.5,170.6,108.1,12.0,460.9,345.3,385.6,429.5
13_137_40,18584.5,143.1,131.0,40.0,7028.0,300.7,-21.2,321.9,64.0,149.7,231.5,49.8,1591.1,171.5,107.9,12.0,463.1,345.4,383.2,431.2
13_137_41,28754.5,143.5,128.9,40.0,7036.9,299.9,-19.8,319.7,64.4,150.2,231.5,50.2,1556.0,168.5,106.5,12.3,456.9,337.8,372.6,423.0
13_137_42,16744.5,145.4,129.3,40.0,7061.8,302.1,-18.9,321.0,66.0,151.6,233.4,51.1,1531.1,166.6,104.3,13.0,451.3,331.5,365.5,417.2
13_137_43,17664.5,128.0,131.0,40.7,6907.9,282.4,-36.4,318.8,49.9,174.7,214.2,35.8,1786.3,188.8,121.7,11.1,509.8,395.2,423.6,481.8
13_137_44,18464.5,125.3,131.1,40.4,6917.9,280.3,-39.1,319.4,46.8,176.3,211.7,33.0,1803.3,190.3,122.8,11.3,514.6,399.5,426.8,487.0
13_137_45,18384.5,128.8,133.2,41.0,6928.3,284.9,-36.5,321.4,50.7,180.0,215.8,36.5,1757.9,187.0,118.0,11.8,505.0,387.3,415.3,477.0
13_137_46,16134.5,124.2,134.1,41.0,6933.7,280.3,-41.9,322.2,45.5,175.6,210.8,31.5,1778.4,188.8,118.8,12.0,510.8,391.4,419.6,482.9
13_137_47,16784.5,137.5,132.6,40.6,6982.6,294.6,-27.6,322.2,58.5,144.2,224.8,44.7,1683.9,179.2,114.4,11.6,482.3,369.9,404.5,453.1
13_137_48,17254.5,136.0,135.1,41.0,6967.8,293.8,-30.1,323.9,56.9,143.0,223.3,43.0,1676.3,180.3,110.6,12.9,485.8,364.9,396.6,457.5
13_137_49,17344.5,134.0,133.3,41.0,6956.6,290.6,-31.7,322.3,55.8,163.0,221.3,41.0,1700.5,182.6,113.0,12.1,491.9,372.2,402.1,462.8
13_137_50,16804.5,113.4,127.4,39.6,6900.3,266.0,-49.5,315.5,34.7,164.7,199.4,20.7,1874.0,195.9,127.3,10.6,530.7,416.1,446.5,502.3
13_137_51,19084.5,119.5,130.4,40.5,6924.1,273.4,-45.5,318.9,40.6,170.6,205.7,26.5,1816.3,191.4,122.1,11.2,518.7,401.1,430.5,490.4
13_137_62,16614.5,143.1,130.7,40.0,7027.0,300.7,-21.3,322.0,63.7,149.1,231.0,49.7,1596.3,171.6,108.9,12.0,463.3,347.1,385.9,431.1
13_137_8,19454.5,135.2,132.7,40.8,6966.6,291.8,-29.9,321.7,56.2,146.6,222.3,42.2,1685.0,181.6,111.6,12.6,489.4,367.8,398.0,459.4
13_187_11,17584.5,133.1,129.2,39.2,7185.5,292.8,-31.1,323.9,52.5,186.1,224.0,38.4,1621.5,178.2,103.7,14.9,483.5,343.0,377.4,449.6
13_187_15,17114.5,116.2,126.4,39.3,7046.0,270.9,-47.9,318.8,36.0,168.1,203.9,22.2,1774.2,189.0,116.7,12.2,511.7,386.7,421.7,478.4
13_187_17,15554.5,120.9,129.3,39.8,7041.1,276.6,-43.9,320.5,41.0,173.1,208.9,26.9,1734.7,186.0,113.7,12.5,503.1,378.0,411.5,469.8
13_187_18,17574.5,132.5,131.5,40.0,7124.7,291.5,-33.5,325.0,52.0,175.1,222.1,38.0,1634.6,179.3,104.7,14.2,484.6,349.7,383.2,450.5
13_187_2,18554.5,129.8,128.6,39.0,7172.3,288.7,-34.7,323.4,48.8,182.8,220.5,34.8,1642.5,179.5,105.4,14.0,487.0,349.1,384.4,453.0
13_187_22,15964.5,133.3,130.7,40.0,7170.7,293.1,-32.1,325.2,52.5,186.1,223.6,38.3,1621.0,178.0,103.5,14.6,482.9,344.0,378.9,449.0
13_187_40,17194.5,124.6,130.9,40.1,7023.7,281.3,-40.7,322.0,45.2,172.1,212.8,31.1,1708.0,184.1,111.9,12.5,497.3,372.0,403.5,464.3
13_187_41,16984.5,120.7,129.7,39.9,7030.6,276.5,-44.3,320.8,41.0,172.8,208.6,26.9,1734.3,186.0,113.6,12.4,503.0,377.8,411.3,469.9
13_187_42,28734.5,134.4,133.0,40.7,7064.1,293.0,-31.5,324.5,54.6,149.5,223.4,40.4,1643.3,180.0,105.8,13.8,485.1,353.8,386.0,451.8
13_187_43,15654.5,118.7,127.2,39.4,7059.7,273.7,-45.6,319.3,38.3,170.7,206.9,24.5,1750.2,187.2,114.9,12.3,507.0,380.6,414.9,473.7
13_187_44,15664.5,131.6,131.9,39.9,7105.2,290.5,-33.6,324.1,51.6,165.2,221.2,37.4,1644.3,179.9,105.7,13.8,486.5,353.0,386.1,452.6
13_187_45,18574.5,125.5,129.9,39.7,7087.8,282.7,-39.8,322.5,45.1,177.7,214.6,31.1,1686.8,182.9,109.4,13.3,494.6,364.2,397.7,460.5
13_187_46,18234.5,124.1,129.0,39.4,7095.0,281.2,-41.1,322.3,43.8,176.4,213.2,29.6,1696.7,183.5,110.1,12.8,496.7,366.4,400.5,462.4
13_187_47,15724.5,115.2,126.1,39.0,7021.5,269.8,-48.4,318.2,35.9,167.2,203.1,21.8,1783.0,189.6,117.8,11.8,513.4,389.6,424.1,480.5
13_187_48,18144.5,121.9,127.4,39.0,7138.0,279.0,-42.4,321.4,40.9,174.6,211.8,26.9,1708.4,184.2,111.1,13.0,499.2,367.7,403.0,465.2
13_187_49,17604.5,128.5,129.6,39.7,7160.3,287.3,-36.9,324.2,47.6,181.2,218.3,33.4,1652.9,179.9,106.0,13.8,488.1,353.0,388.4,454.1
13_187_50,15674.5,136.9,132.1,40.0,7146.0,297.1,-28.0,325.1,56.5,188.8,227.3,42.3,1612.3,177.8,102.8,15.0,482.3,342.8,375.4,448.9
13_187_51,28714.5,125.3,128.3,39.5,7108.9,282.3,-39.5,321.8,44.6,177.5,214.5,30.7,1691.5,183.3,109.6,13.3,496.3,364.2,398.5,461.9
13_187_52,18284.5,136.1,131.3,40.0,7169.5,296.2,-28.8,325.0,55.4,188.7,226.8,41.4,1613.5,178.1,103.0,15.0,482.8,342.5,375.5,448.9
13_187_53,18924.5,136.2,131.0,40.0,7192.8,296.5,-29.2,325.7,55.5,188.9,227.0,41.2,1605.7,176.9,102.5,15.0,480.7,339.4,373.3,447.4
13_187_54,15564.5,131.7,130.2,39.7,7166.4,291.4,-33.5,324.9,50.7,184.7,222.1,36.7,1630.9,178.5,104.4,14.3,484.6,347.0,382.0,450.6
13_187_55,17994.5,136.4,130.3,40.0,7190.9,296.6,-28.2,324.8,55.6,189.2,227.6,41.4,1607.0,177.5,102.5,15.0,481.9,339.4,373.0,448.1
13_187_56,16064.5,131.2,128.6,39.0,7183.8,290.2,-33.7,323.9,50.2,184.1,221.9,36.1,1636.0,179.0,104.9,14.1,486.0,346.9,382.0,452.1
13_187_57,28744.5,126.9,127.8,39.1,7173.6,284.7,-37.8,322.5,45.8,179.7,217.3,31.7,1665.5,180.9,107.3,13.6,491.1,355.0,390.7,457.1
13_187_58,20254.5,128.1,127.9,38.9,7168.0,286.1,-36.2,322.3,47.1,181.0,218.3,33.1,1657.5,180.4,106.5,13.8,489.9,352.7,388.0,455.9
13_187_6,16034.5,119.4,126.3,39.1,7071.1,274.4,-44.7,319.1,38.8,171.6,207.7,24.9,1742.0,187.0,113.9,12.3,506.6,377.1,411.8,472.5
13_187_62,19534.5,118.8,128.0,39.6,7051.4,274.2,-45.8,320.0,38.6,170.8,206.7,24.7,1746.1,186.8,114.4,12.3,506.0,379.8,414.4,472.6
13_187_7,18964.5,126.7,131.1,40.0,7079.6,284.3,-39.2,323.5,46.5,178.9,215.4,32.3,1674.7,181.7,108.6,13.3,490.8,362.6,395.4,456.5
13_187_8,15874.5,138.1,131.1,39.9,7183.3,298.6,-27.0,325.6,57.4,190.8,228.9,43.2,1598.5,176.9,101.8,15.0,480.3,337.8,370.5,447.0
13_213_101,19544.5,148.8,133.1,39.0,7637.3,316.3,-23.8,340.1,63.6,204.6,244.6,47.2,1404.2,152.4,89.0,14.0,410.5,295.1,324.7,385.1
13_213_102,19484.5,118.7,123.1,37.4,7369.4,277.2,-47.0,324.2,34.9,172.9,210.6,20.4,1683.8,180.0,107.1,13.0,487.0,355.0,395.7,456.2
13_213_103,19384.5,131.9,129.4,38.0,7494.9,296.2,-36.9,333.1,47.3,186.7,225.8,32.0,1561.0,168.0,98.5,14.0,455.6,327.1,364.6,427.5
13_213_11,16464.5,138.5,131.6,39.0,7550.6,304.4,-31.7,336.1,53.8,193.6,233.2,38.1,1504.1,162.1,95.0,14.0,439.5,315.2,350.3,412.5
13_213_21,15914.5,124.8,124.8,37.7,7387.4,285.0,-41.8,326.8,41.5,178.9,217.5,26.8,1636.2,175.9,104.2,13.5,476.7,343.2,382.0,445.8
13_213_29,15624.5,139.0,129.9,38.7,7499.2,302.8,-30.6,333.4,54.5,194.3,232.9,39.6,1514.7,163.7,96.2,14.0,445.6,313.9,350.4,417.0
13_213_33,16944.5,133.5,131.7,39.0,7494.9,299.0,-35.7,334.7,49.3,188.6,227.5,33.9,1542.5,165.8,96.7,13.9,450.3,323.1,362.0,422.7
13_213_34,16574.5,129.9,127.9,38.0,7474.4,293.2,-38.3,331.5,45.9,184.7,223.3,30.4,1579.6,170.0,99.7,13.8,460.4,330.9,368.0,431.6
13_213_35,15954.5,114.3,120.9,37.0,7346.8,271.7,-50.3,322.0,30.5,168.2,206.1,16.4,1720.7,183.3,110.0,12.6,495.3,363.7,404.9,464.4
13_213_37,19204.5,122.4,125.4,37.7,7424.0,283.2,-44.8,328.0,38.4,176.5,215.2,23.4,1645.4,176.3,104.1,13.1,477.1,346.0,386.1,447.2
13_213_72,16684.5,137.2,131.2,39.0,7485.1,301.9,-32.1,334.0,52.7,192.2,230.7,37.5,1529.8,164.5,96.7,14.0,448.8,319.1,357.0,420.8
13_213_74,16304.5,136.4,133.5,39.0,7518.2,303.3,-33.8,337.1,52.1,191.5,230.7,36.2,1511.7,162.8,94.3,14.0,441.4,316.7,355.2,414.5
13_213_75,16234.5,133.1,131.4,39.0,7487.6,298.4,-36.0,334.4,48.9,188.0,226.9,33.5,1547.4,166.4,97.0,13.8,451.7,324.1,363.0,423.9
13_213_76,18494.5,131.4,130.0,38.6,7485.3,295.8,-37.4,333.2,46.8,186.3,225.1,31.7,1563.4,168.0,98.3,13.7,455.8,327.8,366.1,427.9
13_213_77,18844.5,135.7,131.3,38.8,7529.8,301.0,-34.5,335.5,50.7,190.9,229.9,35.5,1524.2,164.2,95.7,14.0,444.8,319.2,356.4,418.0
13_213_78,18304.5,141.2,134.0,39.0,7598.3,309.2,-30.4,339.6,55.9,196.9,236.7,40.2,1468.0,158.4,92.0,14.0,428.2,307.5,342.9,403.4
13_213_79,17374.5,120.8,124.3,37.7,7384.2,280.4,-45.5,325.9,37.1,174.8,213.3,22.6,1666.3,178.4,105.9,13.1,483.2,350.8,391.3,452.2
13_213_80,18124.5,131.5,128.5,38.4,7444.5,294.3,-36.6,330.9,47.1,185.9,224.7,32.5,1578.2,169.7,100.1,13.8,461.9,329.9,367.8,432.8
13_213_81,17764.5,116.1,121.5,37.0,7376.3,274.5,-49.1,323.6,32.6,169.8,208.0,17.8,1702.2,181.7,108.5,12.8,490.5,359.3,399.7,459.8
13_213_82,16244.5,125.4,126.1,37.7,7444.6,287.0,-42.1,329.1,41.3,179.7,218.5,26.4,1617.1,173.5,102.4,13.5,469.5,339.5,378.0,440.4
13_213_83,17634.5,136.3,131.0,38.9,7477.2,300.7,-33.0,333.7,51.9,191.0,229.6,36.7,1535.8,165.3,96.9,14.0,450.6,320.2,358.8,422.0
13_213_84,16204.5,122.4,124.8,37.7,7393.4,282.6,-44.4,327.0,38.4,176.5,214.8,23.6,1651.0,177.0,104.8,13.1,478.9,346.7,386.6,448.4
13_213_85,18884.5,136.5,130.2,38.4,7515.0,301.0,-33.2,334.2,51.7,191.6,230.5,36.4,1526.0,164.3,96.7,13.9,446.1,319.2,355.4,418.3
13_213_86,18434.5,137.7,130.7,38.5,7531.1,303.2,-32.3,335.5,53.0,192.6,231.9,37.5,1513.4,162.9,95.8,14.0,442.4,316.8,351.9,415.6
13_213_87,17364.5,133.1,128.0,38.0,7449.4,295.5,-35.3,330.8,48.9,187.9,226.8,34.3,1566.5,169.1,99.3,14.0,459.9,325.6,363.4,430.3
13_213_88,19074.5,133.5,128.2,37.9,7453.9,296.3,-34.9,331.2,49.5,188.4,226.9,34.5,1560.5,168.3,99.0,13.9,457.9,324.9,362.3,428.6
13_213_89,16324.5,141.8,130.9,38.4,7524.3,306.4,-29.0,335.4,57.1,196.9,235.9,41.7,1481.1,160.3,94.0,14.0,435.2,307.8,343.0,406.8
13_213_9,17594.5,140.0,132.2,38.9,7572.8,306.9,-31.0,337.9,54.9,195.4,235.2,39.4,1485.9,160.0,94.0,14.0,433.8,311.8,346.1,407.9
13_213_90,17204.5,140.1,132.8,39.0,7568.9,306.9,-30.9,337.8,55.0,195.5,234.9,39.1,1483.4,159.9,93.6,14.0,432.7,311.5,346.1,407.3
13_213_91,28684.5,138.3,131.6,38.9,7547.9,304.1,-31.8,335.9,53.4,193.2,233.0,38.2,1506.9,162.5,95.3,14.0,440.5,316.0,351.2,413.4
13_213_92,18424.5,142.5,132.8,39.0,7589.6,309.3,-28.9,338.2,57.0,197.9,237.7,41.6,1465.2,158.1,92.9,14.0,427.8,307.7,340.9,402.3
13_221_2,15974.5,164.9,130.0,39.4,7190.8,324.9,-0.6,325.5,84.8,170.0,255.1,69.6,1221.8,133.0,78.5,16.0,370.3,245.6,302.9,336.3
13_221_93,16254.5,166.1,130.8,39.7,7222.6,327.0,0.0,327.0,85.4,171.2,256.8,70.2,1210.9,132.2,77.7,16.0,368.0,242.9,299.9,334.0
13_241_1,28484.5,128.5,139.6,42.0,6921.2,287.2,-39.7,326.9,49.8,180.0,214.7,36.4,1751.3,184.3,119.4,11.0,498.1,389.3,412.9,475.1
13_241_100,18894.5,125.2,135.1,41.4,6895.6,282.3,-40.0,322.3,47.1,172.1,211.3,33.2,1828.8,190.1,128.2,9.9,510.9,412.0,437.7,487.0
13_241_101,16874.5,110.0,125.8,40.0,6832.2,261.7,-49.5,311.2,32.1,160.4,195.1,18.8,1994.5,202.9,142.5,8.5,545.6,455.1,485.2,520.4
13_241_102,18334.5,135.5,135.7,41.0,6997.6,294.8,-31.2,326.0,56.5,141.8,223.2,42.7,1725.5,180.1,122.0,10.0,480.6,386.5,422.4,454.5
13_241_103,17034.5,137.7,136.0,41.0,7005.2,297.2,-29.3,326.5,58.3,144.3,225.2,44.7,1691.2,177.3,117.7,10.1,474.2,375.1,414.3,447.5
13_241_104,16194.5,137.6,135.6,41.0,7006.9,297.2,-29.2,326.4,58.3,144.0,225.5,44.8,1691.1,177.3,117.1,10.6,474.8,374.7,413.7,447.9
13_241_105,17954.5,140.0,135.0,41.0,7028.4,299.6,-26.9,326.5,60.4,146.9,227.7,46.7,1657.0,174.7,114.1,11.0,467.4,364.4,407.3,438.8
13_241_106,17464.5,141.3,134.6,41.0,7029.0,300.7,-25.5,326.2,61.5,148.3,229.2,47.9,1636.9,173.2,111.7,11.0,465.1,358.2,401.1,436.2
13_241_107,16184.5,141.4,134.0,40.9,7020.0,300.3,-25.0,325.3,62.0,147.4,229.1,48.0,1637.4,173.9,111.4,11.1,467.3,357.7,399.4,438.0
13_241_108,17474.5,138.4,134.9,41.0,7001.6,297.1,-27.7,324.8,59.1,145.1,225.9,45.4,1681.5,177.7,114.4,11.0,477.6,369.5,407.4,449.8
13_241_109,18024.5,133.1,135.4,41.0,6929.5,290.7,-32.9,323.6,54.7,166.5,219.6,40.6,1746.0,184.2,118.5,11.1,496.6,386.1,416.1,470.7
13_241_11,19354.5,130.8,134.6,41.0,6928.5,287.6,-35.5,323.1,52.3,163.8,217.2,38.2,1746.5,185.5,117.4,11.8,500.9,384.6,413.3,473.8
13_241_110,15774.5,131.3,133.9,41.0,6924.4,287.5,-34.2,321.7,52.8,177.9,217.5,38.8,1761.1,186.0,119.9,11.1,502.2,389.9,417.6,475.9
13_241_111,28634.5,113.8,130.1,40.5,6868.3,266.9,-49.4,316.3,35.6,164.7,199.1,21.8,1906.1,197.6,132.3,10.2,532.9,427.5,455.9,507.4
13_241_112,18374.5,117.0,134.0,41.3,6886.9,272.1,-48.2,320.3,38.7,168.2,202.6,25.0,1848.0,192.4,126.6,10.4,521.1,412.4,438.7,496.7
13_241_113,16754.5,119.6,132.0,40.9,6860.1,274.3,-44.0,318.3,41.5,170.7,205.1,27.8,1892.6,195.8,133.0,9.8,527.2,427.3,453.0,502.7
13_241_114,17384.5,119.2,133.0,41.1,6862.6,274.4,-45.2,319.6,41.4,170.2,204.4,27.4,1876.2,194.7,130.8,10.0,524.8,421.9,447.2,500.6
13_241_115,16764.5,128.2,135.5,41.4,6909.4,285.6,-37.9,323.5,50.1,166.1,214.5,36.1,1800.7,187.7,124.9,10.5,505.4,402.9,430.6,481.5
13_241_116,17394.5,121.3,133.2,41.0,6878.9,276.8,-43.3,320.1,43.3,172.6,207.0,29.4,1869.5,194.1,130.6,10.0,523.0,420.4,445.7,498.7
13_241_117,18294.5,137.5,135.2,41.0,6976.3,296.6,-29.4,326.0,58.5,144.4,224.8,44.5,1692.1,178.4,115.2,11.0,479.2,372.6,409.8,452.2
13_241_118,17644.5,132.5,136.2,41.5,6931.5,290.1,-33.8,323.9,53.9,157.2,219.2,40.0,1756.6,184.6,119.5,11.0,498.1,388.7,418.4,473.4
13_241_119,18344.5,117.6,133.5,41.2,6880.6,272.8,-47.1,319.9,39.5,169.3,203.2,25.6,1855.4,193.6,127.2,10.6,523.9,413.7,439.9,499.0
13_241_12,15814.5,129.4,135.7,41.1,6931.2,287.7,-36.7,324.4,51.0,153.8,216.0,37.0,1788.5,186.1,126.4,10.0,497.1,404.0,432.5,472.6
13_241_120,16264.5,116.1,130.6,40.7,6875.6,270.3,-47.0,317.3,38.1,167.3,201.8,24.3,1898.8,197.1,131.8,10.1,532.9,425.5,451.7,507.6
13_241_121,17164.5,102.6,122.7,39.1,6864.3,253.5,-56.7,310.2,24.1,153.3,188.0,11.0,1977.6,202.1,137.6,9.0,545.5,445.8,480.8,518.0
13_241_122,17064.5,117.0,133.4,41.1,6889.5,272.0,-48.3,320.3,38.4,168.3,202.5,24.6,1843.7,192.5,125.5,10.6,521.6,410.0,437.2,496.6
13_241_123,16144.5,117.3,133.9,41.2,6889.7,272.4,-48.3,320.7,38.7,168.6,202.7,25.1,1831.7,191.9,123.9,11.1,520.0,405.8,433.8,494.5
13_241_124,17274.5,129.0,138.9,42.0,6929.2,287.3,-39.0,326.3,50.1,171.9,215.2,36.3,1737.5,183.7,115.7,12.0,498.3,381.9,409.4,474.3
13_241_125,17004.5,121.7,136.4,41.6,6913.9,278.4,-45.1,323.5,43.4,173.7,208.0,29.4,1787.5,188.1,119.8,11.3,511.2,394.4,421.1,486.3
13_241_126,16394.5,125.0,136.3,41.6,6917.1,282.1,-41.8,323.9,46.8,176.8,211.3,32.8,1766.0,186.7,118.0,11.7,506.4,389.0,416.0,480.9
13_241_127,17494.5,121.8,135.1,41.5,6916.3,277.8,-45.2,323.0,42.9,173.2,207.8,29.1,1783.8,188.5,118.8,11.7,511.1,392.5,421.1,484.8
13_241_128,17654.5,125.5,133.2,41.0,6902.7,281.3,-39.4,320.7,47.2,177.1,211.9,33.4,1816.1,190.8,124.3,11.0,515.3,403.5,429.7,489.9
13_241_129,16274.5,127.2,134.5,41.0,6903.9,283.6,-38.5,322.1,48.8,178.5,213.2,35.1,1794.4,188.8,121.9,11.0,510.9,397.5,424.0,485.7
13_241_130,17174.5,128.4,134.1,41.0,6938.9,284.8,-37.2,322.0,49.8,175.4,215.2,35.8,1765.3,187.0,118.8,11.5,506.1,389.0,416.6,479.2
13_241_131,16164.5,126.8,135.6,41.4,6932.4,283.0,-40.6,323.6,47.8,178.8,212.8,33.8,1752.6,186.2,116.6,12.0,503.4,384.8,413.4,476.8
13_241_132,17504.5,112.8,128.6,40.1,6908.3,266.1,-50.6,316.7,34.3,164.5,198.8,20.6,1870.0,195.4,126.6,10.8,529.6,414.4,445.4,501.7
13_241_135,16624.5,125.9,138.8,42.0,6893.7,283.5,-42.0,325.5,47.7,177.3,211.4,33.9,1775.4,186.3,121.3,11.0,504.2,395.1,417.8,481.4
13_241_139,19644.5,133.0,134.5,41.0,6940.4,290.0,-32.8,322.8,54.4,166.6,219.9,40.4,1728.2,183.6,116.1,11.9,495.6,380.4,409.9,468.4
13_241_140,19594.5,130.7,136.9,42.0,6943.1,288.5,-36.8,325.3,51.7,159.9,217.3,38.2,1719.2,182.8,113.7,12.0,494.9,376.3,406.1,468.9
13_241_142,19604.5,120.7,131.4,40.7,6898.7,276.4,-42.6,319.0,42.6,167.7,207.2,29.0,1938.6,197.8,142.3,8.5,525.2,447.6,472.4,501.3
13_241_143,20264.5,117.7,134.4,41.4,6906.8,273.2,-48.4,321.6,39.4,169.4,203.6,25.6,1816.9,190.5,122.0,11.0,517.4,401.6,430.2,492.0
13_241_144,19424.5,103.2,123.6,39.1,6872.4,254.1,-56.7,310.8,24.7,154.1,188.8,11.4,1962.4,201.0,136.3,9.2,542.9,441.7,475.8,515.2
13_241_145,18544.5,113.1,129.2,40.2,6910.5,266.6,-50.4,317.0,34.6,164.9,199.1,21.0,1864.9,194.8,126.2,10.7,528.5,413.2,444.0,500.7
13_241_147,19434.5,118.6,132.7,41.2,6862.9,273.6,-45.4,319.0,40.8,169.6,203.8,26.9,1881.9,195.1,131.3,10.1,526.0,423.4,449.1,501.7
13_241_16,16514.5,114.0,131.6,41.0,6858.8,267.9,-49.7,317.6,35.6,165.1,199.1,22.0,1881.6,195.4,129.3,10.2,528.5,420.3,448.5,503.3
13_241_18,15524.5,124.6,133.1,41.0,6907.8,281.3,-40.1,321.4,46.3,166.5,211.0,32.4,1876.1,193.2,136.1,9.1,513.4,429.8,455.4,489.2
13_241_19,17084.5,112.7,128.4,40.4,6849.9,265.7,-48.4,314.1,34.7,163.3,198.1,21.4,1962.8,200.4,139.8,8.6,538.2,447.5,476.3,513.4
13_241_21,18974.5,126.1,135.9,41.5,6920.9,283.6,-40.2,323.8,47.4,168.6,212.5,33.8,1817.1,188.6,128.6,10.0,504.5,412.1,437.5,480.5
13_241_24,17124.5,122.6,135.4,41.7,6919.3,278.7,-44.3,323.0,43.8,174.4,208.7,30.1,1778.4,188.1,118.6,11.9,509.8,391.6,419.8,483.5
13_241_25,19064.5,126.0,133.1,41.0,6923.2,281.2,-39.4,320.6,47.3,177.0,212.0,33.4,1810.1,190.6,123.3,10.9,514.6,401.4,428.2,488.5
13_241_3,16504.5,129.4,136.4,42.0,6908.9,286.6,-36.8,323.4,50.9,171.9,215.7,37.4,1792.9,187.6,123.6,11.0,505.5,400.1,426.6,481.5
13_241_30,18984.5,130.3,136.4,41.4,6940.8,288.3,-36.6,324.9,51.5,155.0,216.8,37.5,1779.9,185.4,124.4,10.0,497.4,400.0,428.3,473.2
13_241_31,19364.5,125.6,134.4,41.1,6904.3,281.7,-39.9,321.6,47.1,177.0,211.5,33.2,1797.0,189.2,121.7,11.3,512.0,397.7,424.8,486.4
13_241_32,16584.5,130.4,135.8,41.2,6927.1,287.5,-36.0,323.5,52.0,181.9,216.7,38.0,1767.4,186.1,119.8,11.0,502.9,391.2,418.6,478.0
13_241_33,17894.5,138.3,135.0,41.0,7000.3,296.8,-28.3,325.1,58.7,144.8,225.7,45.1,1685.2,178.1,114.8,11.0,478.8,370.6,407.9,451.0
13_241_36,17074.5,120.5,131.0,40.8,6889.0,275.7,-42.5,318.2,42.3,166.9,206.4,28.7,1944.0,198.2,143.0,8.3,525.5,449.0,474.1,501.9
13_241_37,17544.5,117.5,132.6,41.1,6875.8,272.3,-47.0,319.3,39.4,169.0,203.1,25.8,1867.8,194.1,128.9,10.2,525.3,417.9,443.9,500.8
13_241_38,19054.5,116.5,133.2,40.9,6909.0,271.3,-49.2,320.5,37.8,167.9,202.1,24.0,1834.1,191.8,123.7,10.9,521.1,406.3,434.5,495.5
13_241_39,18444.5,105.4,125.2,39.5,6878.7,257.7,-55.1,312.8,27.3,156.5,191.3,13.7,1943.6,200.0,134.2,9.4,540.2,436.2,469.5,512.7
13_241_40,17884.5,129.7,135.1,41.1,6913.9,287.0,-35.6,322.6,51.5,172.5,215.9,37.5,1794.7,187.1,125.2,10.1,502.8,402.5,430.5,478.7
13_241_41,16054.5,110.4,126.9,39.8,6911.4,262.8,-52.1,314.9,31.4,161.6,196.4,18.1,1890.8,197.0,128.6,10.4,533.6,419.8,451.6,505.1
13_241_42,17784.5,125.2,137.2,41.9,6915.9,282.0,-42.0,324.0,46.9,177.2,211.3,32.9,1761.2,186.1,117.4,11.9,505.3,387.2,414.5,480.3
13_241_43,17874.5,110.1,125.3,39.9,6836.5,261.8,-49.1,310.9,32.4,160.8,195.2,19.0,1998.9,203.3,142.9,8.5,546.8,456.1,486.1,521.4
13_241_44,17094.5,132.1,135.0,41.0,6973.2,290.4,-34.2,324.6,53.2,138.6,219.3,39.4,1779.7,184.8,127.4,9.8,492.2,402.8,434.2,467.2
13_241_5,16044.5,117.6,131.8,41.1,6858.8,272.6,-45.6,318.2,40.1,168.9,203.2,26.3,1895.6,196.1,132.6,10.0,529.1,426.9,452.6,504.8
13_241_6,15534.5,137.9,135.7,41.0,7018.1,297.2,-29.0,326.2,58.4,144.1,225.8,44.6,1693.8,177.5,119.0,10.0,473.5,376.9,416.1,446.6
13_241_7,15514.5,133.3,135.1,41.0,6930.1,290.6,-32.8,323.4,55.1,148.9,220.1,41.1,1748.6,183.9,119.6,11.0,495.7,387.2,418.3,470.4
13_241_8,16524.5,125.6,136.4,41.6,6896.9,282.5,-40.9,323.4,47.5,176.9,211.7,33.5,1786.1,188.3,120.3,11.4,510.3,394.7,420.6,485.6
13_241_88,18644.5,127.4,135.7,41.8,6907.3,284.3,-38.6,322.9,49.0,170.1,213.7,35.1,1810.5,188.5,126.3,10.0,507.4,406.7,432.5,483.8
13_241_89,18714.5,128.4,134.2,41.0,6942.7,285.9,-37.1,323.0,49.9,152.8,215.3,35.9,1832.8,189.0,133.0,9.0,502.1,418.8,447.5,477.9
13_241_9,19634.5,125.1,135.3,41.4,6925.5,281.3,-41.7,323.0,46.1,176.7,211.2,32.1,1765.2,186.9,117.7,11.7,506.5,388.3,416.5,480.1
13_241_90,18314.5,121.3,131.7,41.0,6894.4,277.0,-42.0,319.0,43.3,172.2,207.6,29.5,1923.2,196.7,140.3,9.0,522.6,443.0,467.8,498.8
13_241_91,18324.5,132.7,134.9,41.0,6970.5,291.1,-33.3,324.4,53.7,143.7,219.8,39.8,1773.1,183.8,127.6,9.5,489.4,401.6,434.1,464.4
13_241_92,17224.5,136.2,136.0,41.0,7012.2,295.9,-30.6,326.5,57.3,143.1,224.0,43.1,1713.5,178.8,121.5,10.0,476.5,383.8,421.0,450.5
13_241_93,17944.5,131.6,136.6,41.3,6968.1,290.4,-35.5,325.9,52.8,138.2,218.7,38.8,1761.8,183.0,124.9,9.9,488.6,397.2,428.8,464.2
13_241_94,17234.5,125.5,135.2,41.0,6926.2,282.9,-40.6,323.5,46.6,167.5,211.8,32.7,1833.4,189.7,131.2,9.2,505.5,418.2,443.9,481.1
13_241_95,15694.5,125.2,134.6,41.1,6902.3,281.9,-40.4,322.3,46.8,167.9,211.3,33.0,1840.8,190.6,131.1,9.6,509.8,417.9,443.3,485.8
13_241_96,19094.5,126.3,136.2,41.7,6918.2,283.6,-40.2,323.8,47.4,173.0,212.5,33.6,1814.6,188.5,128.0,10.0,504.6,411.0,436.2,480.6
13_241_97,18944.5,133.4,136.2,41.0,6976.8,292.6,-33.5,326.1,54.5,149.1,220.8,40.7,1745.5,182.0,122.9,10.0,486.3,391.6,424.3,461.2
13_241_98,17024.5,133.5,136.6,41.2,6961.0,292.3,-33.7,326.0,54.7,144.6,220.3,40.7,1739.7,181.8,121.5,10.1,486.7,388.8,422.1,461.4
13_241_99,15834.5,126.9,135.7,41.5,6910.7,284.3,-38.7,323.0,48.6,174.2,213.3,34.9,1812.4,188.6,127.2,10.0,506.5,408.5,434.0,482.5
13_257_1,18874.5,144.6,129.9,40.0,7050.6,301.9,-19.4,321.3,65.4,151.1,232.7,51.2,1570.4,169.4,107.6,12.0,457.9,340.9,379.8,424.9
13_257_13,16374.5,148.5,131.3,40.0,7061.3,307.7,-15.7,323.4,69.3,154.9,236.8,55.2,1527.3,164.7,104.7,12.1,445.8,328.9,373.4,413.4
13_257_16,18994.5,144.5,131.3,40.0,7044.4,302.9,-19.7,322.6,65.3,150.6,232.5,51.3,1582.4,169.8,108.5,12.0,458.4,343.7,384.8,426.3
13_257_18,15994.5,151.0,130.5,40.0,7103.2,310.3,-13.1,323.4,71.5,157.3,240.2,56.9,1457.0,159.2,100.5,13.0,432.1,313.5,349.5,397.2
13_257_21,15794.5,147.1,129.5,40.0,7068.6,305.0,-16.8,321.8,67.5,153.3,235.5,53.2,1526.8,165.6,104.5,12.9,448.8,330.0,368.1,414.9
13_257_23,18454.5,151.9,132.9,40.0,7120.3,312.7,-13.4,326.1,71.9,157.9,241.2,57.6,1481.3,160.6,101.6,12.6,434.6,317.5,362.4,401.7
13_257_24,17044.5,148.7,131.4,40.0,7076.7,308.0,-16.0,324.0,69.0,155.2,237.1,54.8,1528.7,164.9,104.9,12.1,446.1,329.7,373.3,413.5
13_257_25,16344.5,146.7,131.3,40.0,7064.3,305.9,-17.5,323.4,67.5,152.7,235.2,53.1,1552.9,167.2,106.4,12.2,452.3,335.9,377.8,420.0
13_257_26,17054.5,146.9,130.3,40.0,7064.4,305.7,-16.9,322.6,67.6,153.4,235.4,53.4,1541.3,166.5,105.5,12.2,450.8,333.1,373.7,417.9
13_257_27,18954.5,149.6,130.1,40.0,7100.3,308.4,-14.3,322.7,69.7,155.6,238.7,55.4,1488.6,161.9,102.5,12.7,439.3,320.9,359.2,404.9
13_257_28,18864.5,146.5,129.4,40.0,7069.4,304.3,-17.5,321.8,67.2,152.7,235.1,52.5,1526.9,165.7,104.6,13.0,449.6,330.1,366.9,415.6
13_257_29,16354.5,146.9,129.8,40.0,7071.5,304.4,-17.0,321.4,67.2,153.4,235.2,53.0,1524.4,165.6,104.1,12.9,448.6,329.4,366.3,414.7
13_257_3,18664.5,148.1,130.0,40.0,7083.1,306.3,-15.9,322.2,68.9,154.1,236.9,54.1,1502.2,163.4,103.0,12.9,443.5,324.4,360.7,409.2
13_257_30,16364.5,151.1,130.5,40.0,7110.3,310.2,-13.4,323.6,71.6,157.1,240.1,56.6,1459.8,159.4,100.4,13.0,433.0,314.0,350.2,398.4
13_281_1,19494.5,113.0,127.8,40.1,6909.0,266.0,-49.9,315.9,34.1,164.3,199.2,20.7,1870.9,195.7,126.8,10.6,530.4,414.7,445.5,501.7
13_281_10,16664.5,112.8,130.9,40.5,6936.8,267.3,-52.4,319.7,33.8,164.2,198.9,19.8,1832.5,191.5,122.5,10.8,520.0,404.3,437.7,492.9
13_281_11,19614.5,114.6,131.6,40.9,6897.3,269.1,-50.0,319.1,36.0,166.0,200.5,22.1,1846.9,193.1,124.7,10.9,523.8,409.0,439.2,497.1
13_281_15,17134.5,118.4,132.8,40.8,6978.2,274.5,-47.9,322.4,39.1,170.6,205.5,25.2,1763.5,186.8,116.0,11.7,507.0,386.1,419.4,477.6
13_281_16,16414.5,124.2,135.3,41.0,6968.9,281.2,-43.2,324.4,44.9,176.2,211.2,31.1,1728.5,184.2,113.6,12.0,499.3,378.5,409.2,470.3
13_281_2,16104.5,108.0,123.6,39.2,6914.9,259.0,-53.0,312.0,29.2,159.3,194.2,15.4,1917.1,199.4,131.0,10.3,539.6,426.0,459.2,509.8
13_281_24,18594.5,113.4,132.0,41.0,6899.6,267.9,-51.1,319.0,34.9,165.3,199.2,21.3,1848.7,192.7,124.9,10.5,522.6,409.9,440.6,496.7
13_281_25,16774.5,116.1,133.7,41.2,6909.5,271.4,-49.9,321.3,37.2,167.7,201.8,23.4,1818.6,190.6,122.0,11.2,517.6,401.6,431.9,491.5
13_281_26,28764.5,114.9,132.7,40.8,6911.7,270.0,-50.0,320.0,36.5,166.7,201.1,22.9,1834.3,191.9,123.2,10.8,520.8,405.5,435.9,494.3
13_281_27,18114.5,117.6,134.4,41.1,6941.1,273.7,-49.4,323.1,38.6,164.7,203.9,24.6,1783.7,187.6,118.2,11.3,510.1,391.9,424.0,483.5
13_281_28,17724.5,108.5,128.4,40.1,6933.0,262.5,-54.7,317.2,29.4,160.1,194.8,16.1,1864.4,193.9,125.3,10.3,525.9,412.6,447.2,498.4
13_281_29,17804.5,120.0,136.0,41.5,6961.4,276.8,-48.0,324.8,40.7,167.4,206.5,26.7,1748.5,184.6,114.7,11.7,502.5,382.5,415.4,475.5
13_281_3,16694.5,112.9,127.7,39.7,6952.7,266.2,-51.1,317.3,33.9,164.4,199.6,19.9,1841.3,193.7,123.1,10.9,524.5,406.0,439.0,494.3
13_281_30,17674.5,121.9,136.1,41.7,6955.9,279.3,-45.8,325.1,42.8,173.8,208.8,28.9,1749.9,185.4,115.1,11.8,503.4,383.4,414.4,476.3
13_281_31,16794.5,115.7,131.9,40.7,6918.9,270.6,-49.2,319.8,36.9,167.4,201.9,23.5,1832.4,192.2,123.1,10.9,521.4,404.9,435.4,494.0
13_281_32,18034.5,117.6,133.5,40.9,6930.4,273.1,-48.6,321.7,38.6,169.1,203.6,24.8,1806.3,190.0,120.4,11.0,515.9,397.9,428.2,488.9
13_281_33,16884.5,120.1,133.6,40.8,6937.9,275.5,-46.5,322.0,41.0,171.3,206.5,27.0,1782.4,188.2,118.4,11.8,511.1,392.0,422.2,483.1
13_281_34,17424.5,123.1,136.1,41.3,6966.7,280.0,-45.1,325.1,43.9,170.6,209.7,29.9,1733.8,184.2,113.4,12.0,500.2,379.0,410.9,472.4
13_281_35,18134.5,118.1,131.2,40.7,6935.4,272.7,-47.0,319.7,39.1,169.7,204.4,25.2,1808.9,190.9,120.8,11.2,517.6,398.3,428.7,489.3
13_281_36,17734.5,121.3,133.3,40.9,6954.1,277.4,-44.9,322.3,42.4,173.3,208.3,28.5,1760.1,187.2,116.3,11.9,506.8,386.1,416.9,477.1
13_281_37,18914.5,118.3,132.1,40.6,6976.7,274.2,-47.4,321.6,39.3,170.3,205.6,25.4,1770.6,187.8,116.9,11.9,509.1,388.2,420.2,479.2
13_281_38,18414.5,111.8,128.1,39.9,6969.7,265.8,-52.2,318.0,32.5,163.7,198.8,18.9,1830.1,192.3,122.0,11.2,521.4,402.5,436.7,491.3
13_281_39,16954.5,122.9,137.4,41.2,7053.8,281.7,-47.2,328.9,42.6,148.0,210.6,28.6,1667.6,177.5,106.8,12.6,483.1,359.9,400.6,453.6
13_281_40,18184.5,118.2,133.1,40.6,6994.2,274.4,-48.7,323.1,38.4,170.6,205.1,24.5,1751.1,185.5,114.8,11.7,503.6,383.0,417.5,473.9
13_281_41,18394.5,112.5,129.9,40.1,6975.8,267.5,-52.3,319.8,33.1,164.1,199.5,19.3,1810.7,190.5,119.7,11.4,517.1,397.5,432.3,487.1
13_281_42,17514.5,118.4,134.2,40.5,7070.2,276.5,-49.6,326.1,37.9,152.8,206.3,24.0,1700.1,180.6,109.6,12.4,491.2,368.5,407.9,460.5
13_281_43,16314.5,112.0,126.8,39.6,6955.8,265.2,-51.4,316.6,32.8,163.4,198.6,19.0,1848.7,194.4,124.0,11.1,526.1,408.0,441.3,495.4
13_281_44,16824.5,128.3,141.4,41.9,7110.9,290.2,-43.5,333.7,47.6,136.2,216.7,33.4,1574.5,168.7,98.4,13.0,460.1,334.4,382.9,429.2
13_281_48,19404.5,128.9,141.1,42.0,7114.1,290.4,-42.8,333.2,48.2,136.0,217.7,34.2,1583.6,169.8,99.3,13.0,462.2,336.7,383.6,432.0
13_281_49,19554.5,129.2,139.9,42.0,7012.3,288.3,-41.3,329.6,49.3,136.3,216.3,35.3,1659.2,177.5,106.8,13.0,481.7,358.8,394.7,453.9
13_281_50,19374.5,124.7,138.7,42.0,6979.9,283.0,-45.0,328.0,45.3,150.2,211.7,31.3,1695.8,180.2,110.0,12.1,490.3,369.0,402.6,463.3
13_281_53,18514.5,117.3,134.7,41.0,6911.6,272.6,-49.1,321.7,38.7,168.7,202.8,24.7,1815.6,190.3,122.2,11.0,516.6,401.6,429.8,491.4
13_281_54,20274.5,120.1,133.6,40.6,6973.3,276.5,-46.6,323.1,41.0,167.9,207.1,27.0,1759.3,186.7,115.8,11.8,505.9,385.5,417.7,476.8
13_291_1,15884.5,114.6,126.2,39.2,6998.0,268.3,-49.0,317.3,35.0,165.8,201.8,21.0,1808.7,191.6,120.1,11.4,519.0,396.2,430.1,486.7
13_291_100,16964.5,110.9,127.2,39.3,6992.7,264.7,-53.2,317.9,31.0,163.0,197.9,17.4,1825.0,191.6,121.0,11.2,519.9,400.5,436.5,489.7
13_291_101,18194.5,114.7,128.6,39.8,6981.3,269.4,-49.5,318.9,35.7,166.5,201.9,21.7,1802.0,190.4,119.6,11.6,515.8,395.7,429.3,485.1
13_291_102,18824.5,123.2,135.1,40.9,7038.5,281.0,-45.3,326.3,43.2,166.5,210.9,29.3,1687.0,180.6,109.2,12.2,489.3,367.3,402.5,457.5
13_291_103,15744.5,121.4,136.2,40.9,7060.0,279.7,-47.7,327.4,40.9,155.9,209.2,26.9,1670.3,178.4,107.0,12.6,484.5,361.9,401.0,452.9
13_291_104,28724.5,122.8,136.6,41.0,7069.5,281.5,-46.8,328.3,42.1,152.7,210.9,28.4,1652.9,176.7,105.8,12.4,480.0,357.8,397.1,448.2
13_291_105,17794.5,124.3,137.7,40.9,7128.2,285.0,-45.8,330.8,43.8,136.3,213.4,29.8,1613.9,172.9,102.4,12.9,469.9,346.9,390.0,437.4
13_291_106,18404.5,120.0,131.7,40.3,7001.7,276.2,-45.9,322.1,40.5,163.2,207.5,26.7,1741.2,185.5,114.3,12.1,502.5,380.7,414.2,471.1
13_291_107,18684.5,114.1,126.1,39.4,6974.3,267.3,-48.7,316.0,35.1,165.6,201.3,21.1,1824.7,193.0,122.1,11.4,522.4,401.2,433.9,490.5
13_291_108,17264.5,120.7,130.8,40.0,7021.1,277.2,-45.0,322.2,40.9,172.8,208.7,27.4,1724.4,184.8,112.8,12.0,500.0,376.0,408.9,467.1
13_291_109,16974.5,125.3,134.6,41.0,7085.1,283.9,-42.6,326.5,45.4,164.4,214.2,31.2,1654.4,178.5,106.8,13.0,482.8,359.2,394.0,448.9
13_291_11,19284.5,121.2,135.0,40.9,7060.5,279.4,-47.4,326.8,41.2,160.1,209.3,27.2,1685.0,179.8,108.7,12.2,488.1,366.1,403.0,456.6
13_291_110,18064.5,121.1,128.2,39.2,7092.4,277.7,-43.7,321.4,40.5,173.4,210.0,26.6,1714.7,184.4,111.5,12.7,499.6,370.7,405.8,465.7
13_291_111,18244.5,123.6,137.4,40.8,7126.4,284.1,-46.5,330.6,42.8,139.6,212.5,28.8,1625.9,174.0,103.2,12.8,473.0,349.2,393.0,440.8
13_291_112,18254.5,122.9,133.7,40.6,7098.1,281.7,-44.6,326.3,42.4,161.9,211.7,28.8,1663.2,178.6,107.1,12.8,484.1,360.5,397.6,450.5
13_291_113,15804.5,117.0,128.8,39.6,7043.3,272.5,-48.2,320.7,37.0,169.0,204.8,23.2,1754.3,186.9,114.9,11.9,506.3,382.2,417.6,473.5
13_291_114,19114.5,116.5,129.3,39.7,7057.9,272.6,-48.8,321.4,36.4,168.7,205.0,22.5,1745.4,185.8,113.8,12.1,504.0,380.0,416.1,471.2
13_291_115,18564.5,116.3,127.4,39.5,7054.8,271.3,-48.3,319.6,35.7,168.5,204.5,21.9,1769.5,188.3,116.1,12.0,510.5,385.3,420.6,477.6
13_291_116,18264.5,116.5,127.5,39.3,7053.6,271.4,-48.5,319.9,36.1,168.6,204.6,22.7,1758.9,187.3,115.2,12.0,508.0,382.8,418.1,475.0
13_291_117,18074.5,121.1,130.2,39.9,7093.9,278.3,-44.7,323.0,40.5,173.8,209.8,26.6,1700.0,182.4,110.1,12.6,495.1,368.1,404.0,461.5
13_291_118,18274.5,113.3,126.3,39.2,7055.4,268.1,-50.6,318.7,33.2,165.5,201.4,19.3,1782.7,189.1,116.9,11.9,512.6,387.9,424.8,480.0
13_291_119,18084.5,119.6,130.6,39.7,7093.8,277.3,-46.6,323.9,39.1,162.9,208.4,25.4,1703.0,182.1,110.1,12.3,494.2,368.9,406.4,461.0
13_291_12,19394.5,114.2,128.2,39.7,6968.1,267.9,-50.2,318.1,34.7,165.9,200.8,21.1,1818.5,191.8,121.0,11.3,520.1,399.6,433.3,489.5
13_291_120,18624.5,116.6,128.3,39.4,7104.6,272.9,-48.8,321.7,36.0,169.1,205.2,22.2,1734.6,184.8,112.4,12.3,501.4,375.4,413.8,468.3
13_291_121,17444.5,123.9,131.9,40.0,7121.3,282.4,-42.5,324.9,43.4,176.8,213.6,29.6,1665.4,179.7,107.1,13.0,487.6,359.3,395.5,453.6
13_291_122,16214.5,117.7,128.8,39.6,7111.1,274.6,-47.9,322.5,36.8,170.2,206.6,23.1,1724.4,184.1,111.4,12.3,499.7,372.7,410.9,466.5
13_291_123,16904.5,123.1,130.4,40.0,7098.8,280.9,-42.5,323.4,42.7,175.9,212.1,28.8,1684.9,181.6,109.0,13.0,492.2,364.3,399.6,458.0
13_291_124,17454.5,125.6,131.4,39.9,7137.3,284.7,-40.3,325.0,44.9,178.5,215.3,30.6,1653.8,179.1,105.8,13.3,485.4,355.1,392.3,451.1
13_291_125,15764.5,121.7,128.3,39.2,7128.8,279.2,-43.3,322.5,41.2,174.7,211.6,26.9,1700.1,183.2,110.2,13.0,496.6,366.1,402.3,462.6
13_291_126,16224.5,115.0,123.3,38.0,7100.9,270.1,-47.5,317.6,34.6,167.6,204.3,20.8,1766.4,188.5,115.4,12.0,511.2,381.3,418.6,477.2
13_291_127,19564.5,120.5,127.1,39.0,7095.1,276.5,-44.0,320.5,39.9,172.7,209.3,25.7,1725.9,185.5,112.5,12.8,502.5,373.1,408.1,468.5
13_291_128,18504.5,126.6,136.8,40.9,7111.6,286.9,-42.8,329.7,46.4,138.3,215.8,32.2,1602.7,173.0,102.3,13.0,468.4,345.7,385.1,434.3
13_291_129,16674.5,121.6,135.0,40.9,7056.6,279.7,-46.8,326.5,41.4,160.4,209.7,27.6,1681.3,179.5,108.6,12.3,487.1,365.3,402.1,455.6
13_291_13,16484.5,117.2,129.2,39.8,7080.1,274.3,-48.4,322.7,36.8,169.9,205.8,23.2,1731.0,184.8,112.4,12.3,500.9,375.6,412.6,467.7
13_291_130,20284.5,124.2,131.9,40.0,7136.2,283.7,-42.2,325.9,43.5,177.5,214.1,29.8,1656.0,178.5,106.2,13.0,484.9,356.6,393.7,450.9
13_291_136,19344.5,127.5,137.7,41.0,7238.7,290.6,-42.1,332.7,45.7,143.9,218.3,31.4,1577.0,169.6,97.8,13.5,462.4,335.2,382.7,429.4
13_291_138,19664.5,126.9,135.6,41.0,7031.6,284.8,-41.6,326.4,46.7,143.0,214.3,32.9,1662.7,179.0,107.8,12.9,483.6,361.8,395.8,451.1
13_291_14,19024.5,123.8,131.5,40.0,7139.3,283.0,-42.6,325.6,42.6,176.7,213.4,29.3,1663.9,179.5,106.8,13.0,487.1,358.4,395.3,453.0
13_291_19,19034.5,117.1,124.9,38.7,7108.3,272.7,-46.0,318.7,36.5,169.4,206.6,22.6,1747.2,187.0,114.0,12.4,506.9,376.9,413.8,472.9
13_291_2,17144.5,118.3,130.7,40.2,6979.3,273.5,-46.8,320.3,39.2,170.3,205.4,25.3,1774.0,188.4,117.2,11.8,510.4,388.8,421.4,479.6
13_291_20,28454.5,115.3,127.4,39.3,7053.9,270.3,-48.9,319.2,35.1,167.4,203.2,21.3,1767.8,188.0,115.8,12.0,509.5,384.5,420.6,476.8
13_291_23,16494.5,120.8,129.8,39.9,7086.6,277.6,-44.7,322.3,40.3,173.4,209.4,26.1,1708.3,183.3,110.7,12.6,497.3,369.9,405.6,463.6
13_291_26,17564.5,118.2,128.9,39.5,7115.8,275.3,-47.3,322.6,37.4,170.8,207.3,23.3,1719.1,183.8,111.3,12.5,498.4,371.8,409.4,465.0
13_291_27,28474.5,122.1,136.6,40.9,7077.5,281.5,-47.2,328.7,42.0,142.8,210.2,28.0,1650.4,176.3,105.2,12.7,479.3,356.3,397.4,447.5
13_291_34,20244.5,119.6,130.7,40.1,6998.1,275.5,-46.3,321.8,40.1,171.3,206.7,26.1,1751.4,186.8,115.3,12.0,505.6,383.2,416.1,473.7
13_291_35,19334.5,115.7,128.2,39.4,7044.4,270.8,-49.3,320.1,35.7,167.9,203.4,21.8,1763.9,187.6,115.7,11.9,508.3,384.5,420.4,475.3
13_291_38,16454.5,113.4,129.9,39.7,6989.4,268.6,-52.2,320.8,33.7,160.8,200.3,19.9,1794.0,189.1,118.5,11.6,512.7,393.0,429.1,482.4
13_291_40,16094.5,117.9,128.9,39.8,7089.5,274.2,-47.5,321.7,37.2,170.6,206.7,23.8,1727.2,184.4,112.0,12.2,500.4,374.2,411.5,467.1
13_291_5,19654.5,124.2,133.2,40.5,7046.4,282.1,-42.7,324.8,44.9,158.4,212.7,30.5,1676.8,180.7,108.7,12.6,488.4,364.6,398.4,455.0
13_291_6,15934.5,124.2,138.0,41.1,7131.6,285.0,-46.0,331.0,43.2,145.2,213.2,29.2,1608.9,172.1,101.5,13.0,468.7,344.7,389.8,436.8
13_291_7,16924.5,120.1,127.1,39.2,7086.7,275.9,-44.2,320.1,39.3,172.3,208.6,25.5,1728.3,185.6,112.6,12.6,502.8,374.0,409.1,468.9
13_291_8,15894.5,122.1,136.6,41.0,7111.4,281.9,-47.5,329.4,41.3,161.4,210.9,27.3,1644.8,175.3,104.2,12.3,477.5,353.8,397.2,446.1
13_291_9,16114.5,117.5,131.7,40.2,7013.6,273.2,-48.9,322.1,37.6,169.7,204.8,23.6,1754.7,186.4,114.9,11.8,505.2,383.6,418.5,474.1
13_291_94,15854.5,131.6,140.7,41.2,7254.3,296.6,-39.4,336.0,49.6,138.4,222.6,35.6,1529.4,164.4,93.6,14.0,449.6,321.3,374.4,417.5
13_291_95,19014.5,113.5,125.7,39.2,7017.2,267.2,-49.8,317.0,33.8,165.3,201.5,19.9,1806.2,191.4,119.7,11.5,518.3,395.2,429.7,485.7
13_291_99,17184.5,107.3,124.5,38.7,6969.2,259.6,-55.2,314.8,27.4,158.4,194.2,14.3,1876.0,196.3,125.8,10.7,531.4,413.5,449.1,500.4
13_295_114,18174.5,138.4,128.4,38.0,7617.0,303.1,-32.4,335.5,52.9,194.4,234.3,37.3,1491.4,166.3,93.5,15.2,441.1,307.8,335.4,411.2
13_295_115,17824.5,143.3,131.1,38.0,7700.1,310.5,-28.9,339.4,57.0,199.8,239.9,41.4,1443.6,162.0,90.4,16.0,429.5,298.7,320.9,402.0
13_295_116,15714.5,142.2,130.9,38.0,7670.8,309.1,-29.6,338.7,56.8,198.5,238.9,40.8,1454.2,163.4,90.5,16.0,432.7,299.5,323.4,404.6
13_295_117,18474.5,145.4,132.7,39.0,7627.4,312.1,-27.3,339.4,60.2,201.4,241.1,43.9,1429.1,162.3,88.4,16.0,427.9,292.5,318.1,397.0
13_295_118,18364.5,145.9,133.2,38.8,7646.4,312.4,-27.3,339.7,60.2,201.9,241.7,44.1,1427.4,162.0,88.5,16.1,427.6,292.8,316.9,397.4
13_295_119,18614.5,145.0,133.9,39.0,7646.8,312.3,-27.9,340.2,59.0,201.1,240.6,43.1,1433.8,162.9,88.2,16.7,429.1,293.7,317.0,400.4
13_295_120,15634.5,145.1,134.2,39.0,7634.3,312.2,-27.8,340.0,60.0,201.1,240.5,43.1,1438.4,163.8,87.9,16.7,431.4,293.4,318.6,401.8
13_295_28,17964.5,145.5,133.3,38.8,7680.2,313.6,-27.8,341.4,59.6,201.7,242.0,43.5,1427.2,161.7,88.3,16.3,426.9,293.4,316.0,398.6
13_295_51,15844.5,145.9,134.5,39.0,7639.6,313.6,-26.8,340.4,60.6,202.0,241.9,44.2,1427.4,163.0,87.5,16.7,428.6,291.0,316.3,398.1
13_311_12,15544.5,116.0,128.9,39.9,6951.9,270.5,-48.3,318.8,37.0,167.7,202.4,23.0,1818.8,191.9,121.6,11.2,519.9,400.7,432.2,489.9
13_311_14,16714.5,132.3,132.4,40.6,7014.1,289.4,-33.5,322.9,53.0,142.9,220.2,38.4,1674.3,182.6,108.9,13.0,490.8,362.8,394.1,458.0
13_311_2,16704.5,126.3,132.9,40.6,6993.5,283.1,-39.8,322.9,47.2,160.0,214.0,33.2,1711.6,184.2,112.0,12.6,496.8,373.7,404.8,465.1
13_311_3,20234.5,131.8,135.2,41.0,6973.0,289.9,-34.4,324.3,52.8,138.8,218.9,38.9,1695.0,182.5,111.4,13.0,491.9,369.6,399.7,463.0
13_311_33,17404.5,121.9,131.3,40.4,6955.9,277.4,-43.1,320.5,43.1,173.5,209.2,29.2,1770.5,188.5,117.9,11.8,509.6,389.3,418.8,479.3
13_311_34,17414.5,135.0,135.4,41.0,7011.4,293.5,-32.0,325.5,55.7,141.6,222.6,41.6,1659.0,180.5,107.4,13.0,484.9,358.9,391.2,454.1
13_311_35,16444.5,134.6,136.0,41.0,6987.1,292.9,-32.3,325.2,55.6,150.6,221.9,41.5,1679.1,180.8,109.8,12.8,487.6,365.0,396.2,459.3
13_311_36,16814.5,113.9,127.1,39.9,6922.8,266.5,-48.9,315.4,35.2,165.2,200.2,21.2,1858.3,195.0,125.9,10.9,528.7,411.1,442.2,499.0
13_311_37,17434.5,110.8,125.3,39.4,6933.3,262.9,-51.6,314.5,31.8,162.5,197.0,18.0,1875.5,196.5,126.8,10.7,531.8,415.1,447.5,501.5
13_311_38,18934.5,117.3,130.0,40.2,6960.5,272.0,-47.1,319.1,38.5,169.2,204.5,24.6,1796.9,190.3,119.4,11.6,515.3,395.0,426.6,485.0
13_311_39,17684.5,127.8,133.5,40.8,6990.7,284.7,-38.4,323.1,48.7,175.5,215.6,34.7,1711.6,184.2,112.1,12.8,497.0,373.8,404.1,466.2
13_311_40,16284.5,128.0,134.6,40.9,7002.6,285.3,-39.0,324.3,48.7,152.9,215.1,34.4,1693.9,182.3,110.7,12.6,492.2,369.4,400.5,461.2
13_311_41,18204.5,122.0,131.8,40.5,6995.2,278.0,-43.3,321.3,43.0,174.3,209.6,29.0,1738.5,186.0,114.2,12.2,503.1,380.2,412.1,471.3
13_311_42,17694.5,124.0,131.3,40.4,6983.8,279.7,-41.2,320.9,45.3,175.9,211.5,30.9,1734.5,185.9,114.4,12.4,502.5,380.0,409.9,471.0
13_311_43,16384.5,120.0,130.0,40.2,6985.1,275.5,-44.9,320.4,40.9,171.6,207.3,27.0,1766.2,188.3,117.0,12.1,509.7,387.1,418.4,478.1
13_311_44,16474.5,124.2,130.1,40.0,6986.0,279.7,-40.6,320.3,44.9,175.8,211.5,31.1,1735.6,186.4,114.6,12.2,503.5,379.8,410.0,471.2
13_311_45,18214.5,119.5,128.5,39.9,6990.1,273.7,-45.1,318.8,39.8,171.0,206.7,25.9,1774.5,189.2,117.8,12.0,511.7,389.1,420.2,479.7
13_311_46,18834.5,119.9,128.8,39.7,6996.4,274.8,-44.5,319.3,40.8,171.7,207.4,26.8,1761.0,188.3,116.1,12.2,509.1,385.1,417.3,476.4
13_311_47,17704.5,132.9,131.9,40.5,7018.0,290.2,-32.4,322.6,53.4,161.9,220.9,39.3,1667.2,181.8,108.4,13.4,489.5,361.2,391.7,456.7
13_311_48,18524.5,136.7,128.6,40.0,7059.8,293.0,-26.5,319.5,57.1,165.3,225.7,43.0,1636.8,180.3,107.5,14.0,485.3,353.5,382.1,450.8
13_311_49,17844.5,127.9,133.8,41.0,6959.0,284.5,-38.1,322.6,49.0,157.1,214.9,35.0,1730.2,185.1,114.5,12.5,500.1,378.8,408.4,471.0
13_311_53,16634.5,143.0,130.0,40.0,7049.4,300.2,-20.8,321.0,64.0,149.6,231.4,49.2,1572.7,173.1,104.2,14.0,466.5,339.3,368.7,432.9
13_311_56,19624.5,139.5,135.0,41.0,7002.0,297.7,-26.7,324.4,60.5,146.0,226.9,45.6,1645.8,178.8,107.2,13.1,480.7,356.0,387.2,451.7
13_311_57,19574.5,129.6,134.4,41.0,7003.0,287.0,-37.0,324.0,50.1,168.6,217.5,36.5,1688.3,182.4,110.3,13.0,491.4,368.2,398.1,460.4
13_311_7,15824.5,129.5,133.9,40.9,6976.2,286.5,-36.6,323.1,50.8,168.0,217.3,36.6,1709.9,184.0,112.1,12.8,496.2,373.2,403.2,466.3
13_311_9,17154.5,119.2,128.6,39.9,6986.1,273.5,-45.1,318.6,39.8,171.0,206.4,26.1,1778.0,189.5,118.0,11.9,512.5,389.8,421.3,480.5
13_313_12,17974.5,142.4,130.7,38.1,7630.3,307.9,-29.5,337.4,56.8,198.4,238.4,41.3,1455.4,163.5,90.5,15.7,433.1,299.1,326.5,402.8
13_313_27,28414.5,146.4,131.4,38.0,7726.6,314.4,-26.2,340.6,60.1,203.2,243.8,44.1,1412.9,158.9,88.2,16.0,421.1,292.6,313.2,395.2
13_313_39,16294.5,141.7,130.0,38.0,7628.0,306.7,-30.2,336.9,55.7,197.7,237.0,40.1,1465.2,163.6,91.8,15.3,434.8,302.8,328.9,405.1
13_313_40,18164.5,141.8,130.3,38.0,7613.7,306.9,-30.0,336.9,56.5,197.8,237.4,40.8,1461.4,164.0,91.0,15.6,434.5,300.7,328.0,404.1
13_313_41,16174.5,144.7,131.0,38.0,7716.6,312.1,-27.3,339.4,58.4,201.2,241.7,42.7,1427.7,160.3,89.1,16.0,424.8,295.7,317.1,398.5
13_313_9,18734.5,141.5,130.3,38.0,7608.9,306.3,-30.5,336.8,56.2,197.4,236.9,40.4,1465.6,164.3,91.4,15.5,435.4,302.0,329.1,404.8
13_55_19,17984.5,143.4,132.1,38.5,7613.1,309.4,-28.4,337.8,58.6,199.3,239.3,42.6,1445.2,164.4,88.9,16.5,433.3,295.0,322.0,401.3
13_55_21,19184.5,144.5,134.1,39.0,7595.9,311.3,-27.4,338.7,59.6,200.4,239.8,43.5,1444.2,165.8,86.6,17.0,435.1,291.8,321.8,402.6
13_55_35,17774.5,150.1,135.9,39.1,7640.6,318.1,-23.4,341.5,64.5,206.0,245.8,48.3,1394.5,161.9,84.5,17.0,422.5,282.0,308.2,389.7
13_55_37,19004.5,147.6,134.5,39.0,7638.5,315.0,-25.7,340.7,62.3,203.6,243.4,46.0,1411.6,161.8,86.8,16.9,425.2,287.6,311.9,394.1
13_55_5,18674.5,146.9,134.8,39.5,7563.6,313.2,-24.5,337.7,62.3,202.3,241.7,46.5,1429.9,165.8,84.1,17.4,433.3,286.2,319.8,399.6
13_55_55,18904.5,150.1,136.1,39.3,7627.8,318.0,-22.7,340.7,65.2,206.1,245.9,49.2,1392.5,162.7,83.6,17.5,423.1,280.2,308.3,389.0
13_55_56,17244.5,147.9,135.3,39.0,7655.6,316.1,-25.3,341.4,62.5,204.4,244.2,46.1,1407.9,161.7,86.2,17.0,424.4,286.4,311.3,393.4
13_55_57,15754.5,144.6,134.2,39.0,7621.0,311.5,-28.0,339.5,59.4,200.7,240.2,42.9,1441.1,164.6,87.6,16.9,432.8,292.7,319.6,402.0
13_55_58,17534.5,144.2,134.1,39.0,7612.0,311.2,-27.8,339.0,59.6,200.4,240.0,43.1,1442.2,164.6,87.8,16.7,433.2,293.3,319.7,402.5
13_55_59,17834.5,146.7,135.4,39.4,7618.3,314.5,-25.6,340.1,61.8,202.7,242.7,45.6,1422.5,163.9,85.6,17.0,429.5,287.7,315.1,397.9
13_55_60,15644.5,144.8,134.3,39.1,7604.2,311.8,-27.1,338.9,59.9,200.8,240.0,43.8,1439.4,165.1,86.9,17.0,433.3,291.2,319.4,402.1
13_55_61,28704.5,147.5,136.0,39.6,7589.0,315.1,-24.4,339.5,63.0,203.1,242.5,47.0,1416.3,164.0,84.5,17.1,429.1,285.4,314.5,396.6
13_55_62,16154.5,147.2,135.1,39.5,7566.4,313.7,-24.2,337.9,62.8,202.7,241.9,46.8,1424.8,165.4,84.1,17.3,432.1,285.5,318.0,398.6
13_55_63,16894.5,147.3,135.4,39.5,7553.0,313.9,-23.8,337.7,63.2,203.1,242.4,47.4,1423.9,165.3,83.4,17.5,432.4,283.8,317.9,399.0
13_55_70,18534.5,148.9,135.5,39.3,7616.8,316.4,-23.8,340.2,64.2,204.8,244.2,47.8,1403.3,163.2,84.5,17.3,425.3,283.0,310.8,391.8
13_55_71,19414.5,149.3,137.0,39.6,7631.6,317.9,-24.0,341.9,64.2,205.3,244.8,47.7,1404.0,162.2,84.1,17.2,425.0,283.2,310.2,394.8
13_85_45,18484.5,127.1,126.2,38.8,7188.8,284.6,-37.4,322.0,45.7,180.0,217.5,31.7,1666.0,181.2,107.4,13.8,492.0,353.9,389.9,457.9
13_85_46,18804.5,119.9,123.6,38.2,7167.3,275.6,-43.6,319.2,38.7,172.5,209.7,24.6,1723.6,185.4,112.0,12.9,502.8,368.9,405.8,468.6
13_85_52,28464.5,123.4,124.5,38.4,7169.4,279.8,-40.4,320.2,42.4,175.7,212.9,27.7,1695.2,183.3,109.8,13.2,497.2,361.5,397.8,462.9
21_11_22,15344.5,120.0,133.4,36.1,8312.6,300.2,-62.9,363.1,204.1,129.1,223.4,8.2,1198.4,133.3,73.1,16.0,356.8,253.5,340.0,270.9
21_125_41,15354.5,128.2,130.7,37.0,8007.0,300.2,-50.4,350.6,209.2,186.4,227.9,20.2,1269.0,125.9,78.0,12.0,354.6,273.6,331.0,307.7
21_125_43,15474.5,126.6,129.2,36.2,8030.3,297.6,-52.6,350.2,208.1,185.0,226.3,18.4,1268.0,126.8,77.9,12.0,355.7,273.3,331.7,305.6
21_131_3,15384.5,123.3,135.3,37.9,8013.6,297.1,-56.9,354.0,204.3,182.2,223.4,16.2,1267.1,130.7,80.8,12.0,361.0,274.0,343.4,305.0
21_131_4,15374.5,124.2,136.2,37.9,8005.2,298.2,-56.2,354.4,205.2,183.1,224.2,17.3,1260.1,130.2,80.3,12.0,359.0,272.5,341.7,303.3
21_131_5,15404.5,125.6,137.3,38.0,8011.0,300.4,-55.1,355.5,206.8,184.7,225.8,18.6,1253.1,129.8,79.8,12.0,357.0,270.5,339.4,301.9
21_131_60,15494.5,122.9,135.6,38.0,8012.5,296.6,-57.8,354.4,203.9,181.7,222.9,15.4,1261.7,130.5,80.5,12.0,360.1,274.4,342.4,301.6
21_147_2,15484.5,128.4,130.8,37.0,7973.4,300.0,-50.2,350.2,208.6,186.9,227.4,20.9,1286.7,125.6,79.8,11.8,357.7,279.8,334.1,313.6
21_147_27,15334.5,126.4,130.4,37.0,7906.3,296.3,-51.9,348.2,205.4,184.7,224.5,19.4,1330.9,128.5,83.3,11.0,366.3,289.0,343.5,328.4
21_147_34,15444.5,125.0,130.0,37.0,7925.6,296.0,-52.5,348.5,205.0,183.5,224.0,18.0,1316.8,127.9,82.4,11.0,364.8,286.4,340.9,321.8
21_147_39,15394.5,126.2,132.1,37.2,7886.2,296.7,-51.8,348.5,205.2,184.3,224.1,19.3,1326.5,128.7,84.0,11.0,366.2,288.8,343.3,326.3
21_147_4,15424.5,129.0,132.7,37.3,7939.4,301.1,-49.1,350.2,209.0,186.8,227.4,21.6,1279.1,125.6,78.6,12.0,356.0,275.4,333.1,312.8
21_147_40,15434.5,126.7,131.8,37.1,7922.2,298.2,-51.5,349.7,206.5,185.2,225.2,19.5,1306.3,126.7,81.7,11.0,361.4,284.4,338.4,320.1
21_189_10,15244.5,123.0,135.8,37.7,8060.8,297.4,-59.6,357.0,204.8,181.6,223.3,14.8,1246.6,129.7,79.1,12.0,356.9,273.6,340.4,295.4
21_197_6,15264.5,125.3,133.0,36.0,8315.7,304.3,-58.4,362.7,209.8,135.3,229.1,13.7,1199.4,129.1,71.6,15.0,348.2,257.7,332.8,275.0
21_205_15,15364.5,118.9,135.1,36.8,8292.8,299.1,-64.6,363.7,202.9,128.6,221.9,7.3,1186.2,133.0,73.8,16.0,354.6,251.6,338.5,267.2
21_205_24,15414.5,117.5,132.5,36.0,8359.6,297.6,-65.6,363.2,201.9,127.6,221.6,4.8,1165.2,129.2,73.1,16.0,348.9,247.2,333.1,258.5
21_205_30,15464.5,117.7,132.4,36.0,8371.6,297.7,-66.0,363.7,201.8,127.8,221.8,4.7,1146.2,127.0,72.4,16.0,343.7,244.2,328.7,251.9
21_205_5,15254.5,117.0,135.7,37.0,8299.8,297.1,-67.1,364.2,200.8,126.7,220.5,5.1,1166.3,131.0,74.4,16.0,350.1,248.8,334.9,260.0
21_235_10,15234.5,127.2,131.7,37.0,8008.2,299.3,-51.9,351.2,208.3,185.8,227.1,19.4,1256.8,127.1,77.0,12.4,353.5,269.0,330.4,303.2
21_51_15,15454.5,120.9,133.0,37.4,7979.2,292.6,-58.5,351.1,201.1,179.1,220.1,13.9,1293.3,132.4,82.4,12.0,367.3,278.2,348.3,313.0
37_75_49,28774.5,108.6,132.7,40.4,7055.2,266.0,-58.6,324.6,28.6,156.8,196.3,14.2,1696.5,176.4,108.5,11.4,478.4,367.3,416.5,452.3
47_107_18,24134.5,130.0,134.0,39.0,7541.9,296.8,-41.6,338.4,44.6,185.6,224.1,29.0,1518.0,163.2,91.9,14.0,438.1,314.7,364.9,414.1
47_107_2,24844.5,130.2,134.3,39.1,7535.5,297.2,-41.3,338.5,45.0,186.0,224.3,29.3,1515.8,163.0,91.6,14.1,437.5,314.0,364.3,413.8
47_107_3,26554.5,138.5,136.7,39.0,7640.7,308.1,-35.8,343.9,52.2,194.5,233.9,36.7,1457.8,157.8,88.6,14.7,422.8,301.6,345.8,400.6
47_123_1,14654.5,132.6,135.0,40.0,7401.6,295.6,-38.9,334.5,47.9,177.8,224.5,33.6,1473.1,155.4,86.5,14.1,421.6,301.2,372.0,398.0
47_123_10,26494.5,114.4,129.9,39.1,7292.7,274.5,-53.9,328.4,31.1,168.4,205.1,16.9,1650.9,174.1,102.1,12.5,471.5,348.9,403.1,444.0
47_123_101,14724.5,136.1,137.5,40.0,7495.5,303.1,-36.3,339.4,51.1,191.3,229.5,35.9,1467.5,157.6,87.2,14.5,425.8,301.9,360.6,401.0
47_123_106,14944.5,136.5,137.1,40.0,7552.0,304.8,-36.0,340.8,51.5,192.5,230.6,35.6,1477.1,159.4,89.0,14.0,429.2,306.3,355.3,404.7
47_123_109,26624.5,106.7,127.0,38.6,7209.9,263.4,-60.1,323.5,24.5,159.9,196.0,9.8,1704.9,177.6,107.2,11.4,479.9,364.0,419.1,453.1
47_123_11,26774.5,131.0,135.9,40.0,7471.8,297.4,-40.8,338.2,46.0,185.8,224.2,30.8,1514.6,162.5,91.2,14.0,439.3,314.5,367.7,413.5
47_123_110,25814.5,120.2,133.8,39.9,7330.2,281.7,-49.9,331.6,37.2,174.9,211.4,22.3,1565.2,164.6,94.1,13.3,446.7,326.0,389.4,422.0
47_123_111,24914.5,115.6,132.9,39.8,7254.8,276.4,-53.3,329.7,33.4,169.8,206.0,18.6,1632.3,171.6,100.3,12.8,467.2,344.4,401.2,440.4
47_123_112,24924.5,135.0,136.1,40.0,7482.6,300.8,-37.6,338.4,50.0,190.0,227.9,35.0,1470.7,157.2,87.2,14.3,424.6,302.1,364.4,400.2
47_123_115,27094.5,137.1,137.6,40.0,7559.6,305.7,-35.6,341.3,51.8,192.7,231.4,36.1,1466.9,158.2,88.2,14.3,426.4,303.5,354.9,402.0
47_123_118,24904.5,142.2,134.0,39.0,7566.9,308.1,-30.0,338.1,56.5,198.2,236.5,41.2,1391.5,148.8,81.1,15.0,399.7,280.8,350.5,377.6
47_123_119,24934.5,117.1,131.3,39.2,7320.3,278.5,-51.8,330.3,33.9,171.5,208.6,19.4,1624.3,171.7,99.7,12.8,465.0,342.0,397.4,437.6
47_123_12,26294.5,95.8,119.1,37.2,7152.6,248.6,-67.0,315.6,13.8,148.5,184.7,0.2,1832.8,188.9,119.6,10.3,509.1,398.5,448.8,480.2
47_123_120,25804.5,116.9,132.0,39.5,7298.2,277.5,-52.5,330.0,34.1,171.1,207.8,19.3,1589.5,166.5,96.5,12.6,451.5,332.5,394.9,426.6
47_123_122,24964.5,124.1,134.9,40.0,7326.3,286.0,-47.5,333.5,40.4,149.9,215.0,25.5,1529.5,160.7,90.8,13.7,436.7,316.0,383.9,412.7
47_123_123,24354.5,96.9,119.9,37.4,7168.1,250.3,-66.1,316.4,14.9,149.9,186.0,0.9,1810.9,187.0,117.4,10.6,503.6,392.5,443.8,474.9
47_123_125,24364.5,131.9,137.2,40.0,7428.9,297.9,-39.5,337.4,47.9,186.8,224.9,32.9,1492.5,159.3,88.7,14.0,431.8,308.3,369.8,406.3
47_123_129,24374.5,129.8,135.9,40.0,7484.7,296.8,-41.0,337.8,45.2,184.9,223.0,30.1,1523.4,163.2,92.0,14.0,441.1,317.5,369.4,415.1
47_123_13,26724.5,107.7,127.8,39.1,7203.2,265.3,-58.8,324.1,25.7,161.0,197.0,11.2,1706.9,178.1,107.3,12.1,482.6,364.3,418.4,455.5
47_123_134,23564.5,129.7,135.4,40.0,7413.3,294.3,-41.5,335.8,45.6,184.7,222.3,30.6,1500.8,159.6,88.8,14.1,432.3,309.1,373.5,407.5
47_123_135,14994.5,123.6,136.1,40.0,7330.3,287.2,-47.3,334.5,40.4,178.0,215.1,25.7,1563.9,165.9,94.3,13.5,451.4,327.1,385.7,424.4
47_123_14,26284.5,127.1,135.5,40.0,7335.7,289.3,-44.5,333.8,43.3,139.0,218.2,28.4,1508.2,158.7,89.0,13.9,431.0,310.0,380.1,406.9
47_123_15,26114.5,107.0,127.1,38.8,7231.4,264.7,-60.1,324.8,24.5,160.7,196.7,10.3,1691.6,176.1,106.0,11.7,476.1,360.4,416.5,449.7
47_123_16,23754.5,113.3,130.5,39.3,7257.8,272.2,-55.4,327.6,30.6,167.0,203.2,16.1,1631.1,170.4,100.3,12.1,461.8,344.0,404.2,436.2
47_123_17,26694.5,118.5,132.8,39.6,7319.7,279.5,-51.4,330.9,35.4,173.2,209.4,20.7,1579.3,165.7,95.4,13.0,449.6,329.4,392.4,424.9
47_123_18,25154.5,125.9,134.6,40.0,7381.1,289.1,-44.9,334.0,42.1,180.9,217.9,27.1,1523.4,161.0,90.6,13.8,436.6,314.9,380.5,412.0
47_123_19,26534.5,132.9,134.9,40.0,7435.3,297.1,-38.6,335.7,48.6,188.2,225.5,33.6,1473.0,156.4,86.7,14.3,423.3,301.5,369.4,399.6
47_123_2,27114.5,94.1,118.2,37.0,7157.6,246.3,-68.1,314.4,12.1,146.8,182.9,-1.9,1836.2,188.7,120.0,10.2,507.9,400.3,451.1,479.0
47_123_20,28564.5,135.6,135.0,40.0,7474.0,300.4,-36.4,336.8,50.6,190.5,228.4,35.6,1456.0,155.1,85.7,14.8,418.6,297.0,364.0,395.4
47_123_21,23624.5,115.5,132.2,39.7,7273.6,275.7,-53.9,329.6,32.9,169.3,206.0,18.0,1616.6,169.8,98.7,12.8,460.4,339.6,399.4,434.7
47_123_22,26734.5,124.0,134.7,40.0,7358.9,286.5,-46.8,333.3,40.3,179.0,215.3,25.3,1541.3,162.7,91.8,13.8,441.4,319.3,384.5,416.5
47_123_23,23764.5,97.2,120.6,37.6,7167.2,251.3,-65.7,317.0,15.2,150.3,186.5,1.4,1804.7,186.5,116.8,10.7,502.3,391.1,442.0,473.7
47_123_24,28614.5,110.4,129.1,38.9,7245.8,269.1,-57.4,326.5,27.8,164.0,200.4,13.5,1669.6,174.7,103.7,12.2,472.7,353.9,410.4,446.3
47_123_25,25214.5,116.6,131.4,39.5,7309.3,277.2,-52.4,329.6,33.5,170.7,207.9,19.0,1614.4,169.8,98.8,12.8,460.4,339.6,397.8,434.3
47_123_26,26604.5,127.2,135.6,40.0,7379.3,291.1,-43.7,334.8,43.4,181.8,219.1,28.4,1521.9,161.4,90.6,14.0,437.8,314.8,378.6,412.8
47_123_27,23724.5,119.1,134.4,40.0,7291.7,280.5,-50.9,331.4,36.0,173.6,209.8,21.8,1596.6,168.2,97.1,13.0,457.9,335.1,394.2,431.8
47_123_28,28624.5,111.4,129.3,38.9,7260.7,270.4,-56.7,327.1,28.5,165.5,201.7,14.3,1664.7,174.5,103.2,12.5,472.8,352.5,408.5,446.1
47_123_29,23734.5,106.9,127.1,38.7,7192.8,263.9,-59.6,323.5,25.0,160.3,196.5,10.5,1726.8,180.5,109.3,11.7,488.7,369.7,421.5,460.8
47_123_3,25924.5,136.4,134.5,39.9,7456.3,300.5,-35.1,335.6,51.8,191.6,229.3,36.5,1445.1,153.4,84.5,15.0,414.4,294.0,364.4,391.1
47_123_30,26754.5,118.3,133.8,40.0,7278.4,279.6,-51.1,330.7,36.0,168.0,209.1,21.2,1607.2,169.5,97.8,13.1,461.3,337.9,396.1,434.5
47_123_31,25224.5,120.2,134.5,40.0,7300.8,282.4,-49.8,332.2,37.1,174.5,211.0,22.7,1593.3,168.7,96.8,13.0,458.2,334.6,392.5,430.8
47_123_32,26544.5,124.4,135.9,40.0,7347.9,287.9,-46.5,334.4,40.7,178.7,215.9,26.4,1556.0,165.2,93.6,13.6,449.1,324.9,384.2,422.1
47_123_33,26044.5,130.3,136.1,40.0,7407.8,294.6,-41.2,335.8,45.9,185.3,222.4,30.9,1502.8,159.9,89.1,14.1,433.2,309.9,373.5,408.2
47_123_34,23964.5,134.2,136.2,40.0,7467.5,299.5,-38.4,337.9,49.2,189.3,227.1,34.3,1475.4,157.6,87.1,14.3,426.0,302.6,365.8,401.4
47_123_35,23974.5,136.5,136.8,40.0,7510.4,303.2,-36.5,339.7,51.5,192.0,230.5,36.4,1458.7,156.5,86.4,14.9,422.0,299.3,359.7,397.9
47_123_36,28664.5,111.2,129.8,39.3,7211.5,269.8,-56.5,326.3,28.9,164.6,201.0,14.6,1687.1,177.3,105.6,12.2,480.3,359.2,412.4,452.0
47_123_37,23804.5,103.4,123.9,38.2,7194.4,259.5,-61.2,320.7,21.4,157.0,193.1,7.4,1765.6,184.1,112.7,11.2,497.5,379.2,430.0,468.7
47_123_38,24784.5,117.5,132.9,39.8,7287.1,278.8,-51.6,330.4,34.6,171.5,208.0,19.9,1624.0,171.5,99.5,13.0,466.2,342.2,398.0,438.7
47_123_39,25514.5,123.0,135.0,39.9,7354.7,286.1,-47.4,333.5,39.4,177.3,214.8,24.6,1568.0,166.4,94.6,13.5,451.4,327.5,386.0,424.6
47_123_4,26474.5,133.0,135.5,40.0,7446.7,298.0,-38.8,336.8,48.7,188.2,225.8,33.6,1474.2,156.9,86.9,14.5,424.5,301.8,367.9,400.5
47_123_40,24694.5,116.5,130.7,39.0,7325.8,277.6,-51.9,329.5,32.9,170.6,207.7,18.6,1634.1,172.4,100.5,12.7,467.6,344.1,398.8,440.5
47_123_41,23914.5,130.9,138.1,40.1,7421.7,298.0,-40.2,338.2,46.9,186.1,223.8,32.2,1514.3,162.2,90.9,14.0,440.7,316.4,370.6,413.1
47_123_42,25334.5,130.3,136.5,40.0,7455.0,296.4,-41.3,337.7,45.7,185.2,223.2,30.7,1514.6,161.9,90.8,14.0,438.4,314.4,370.4,412.7
47_123_43,24704.5,135.9,136.2,40.0,7494.4,302.0,-36.8,338.8,50.9,191.0,228.9,35.7,1462.6,156.5,86.6,14.4,422.3,299.8,361.9,398.3
47_123_44,28544.5,133.3,137.6,40.0,7456.2,299.4,-38.8,338.2,48.3,188.3,225.7,33.3,1488.4,159.1,88.7,14.0,431.4,307.7,366.4,406.2
47_123_45,25414.5,133.4,136.8,40.0,7476.8,300.2,-38.6,338.8,48.6,188.8,226.4,33.4,1487.2,159.5,88.6,14.0,430.9,306.9,364.9,406.0
47_123_46,23744.5,130.8,134.8,39.1,7533.8,297.5,-41.0,338.5,45.5,186.4,224.6,30.0,1512.4,162.4,91.6,14.1,436.9,313.4,364.3,413.0
47_123_47,25234.5,131.8,135.0,39.1,7538.6,298.9,-40.2,339.1,46.8,187.1,225.6,30.9,1509.9,162.5,91.8,14.0,436.9,313.6,362.0,412.5
47_123_5,25934.5,128.6,135.3,40.0,7392.0,292.2,-42.6,334.8,44.6,183.4,220.5,29.7,1508.9,160.0,89.3,14.0,434.0,310.9,376.3,409.2
47_123_50,28184.5,128.3,133.1,39.0,7528.5,294.8,-42.6,337.4,43.1,184.0,222.4,27.8,1535.5,164.7,93.6,13.6,442.6,319.5,367.7,418.1
47_123_52,28154.5,117.5,132.7,39.8,7298.6,279.2,-51.6,330.8,34.2,171.8,208.3,20.2,1625.3,172.0,99.7,12.8,467.0,342.8,397.3,439.0
47_123_54,26654.5,141.4,134.1,39.0,7576.8,307.5,-31.0,338.5,55.4,197.3,235.5,40.4,1401.2,150.0,82.1,15.0,403.0,282.9,350.3,381.1
47_123_55,26614.5,88.2,113.6,36.2,7127.7,238.0,-72.1,310.1,6.2,140.3,176.4,-7.6,1914.3,195.4,127.7,9.2,525.6,421.1,470.0,495.4
47_123_57,26664.5,124.2,135.2,39.9,7369.2,287.7,-46.3,334.0,40.5,178.7,216.2,25.6,1557.7,165.5,93.8,13.6,448.8,325.0,383.5,422.1
47_123_58,28194.5,135.1,137.8,40.0,7438.1,301.1,-36.9,338.0,50.9,190.1,227.4,35.4,1474.3,157.7,87.3,14.1,427.5,303.9,364.4,402.2
47_123_59,28174.5,131.5,135.0,39.3,7549.7,298.7,-40.5,339.2,46.0,187.3,225.8,30.9,1508.8,162.2,91.5,14.1,436.2,313.4,362.7,411.8
47_123_6,26484.5,130.3,136.6,40.0,7406.7,294.5,-41.3,335.8,46.2,185.0,222.3,31.3,1505.8,160.2,89.3,14.0,434.8,311.1,373.7,409.4
47_123_60,28164.5,130.1,136.3,40.0,7457.1,296.5,-41.3,337.8,45.8,185.0,223.1,30.7,1515.4,162.0,90.9,14.0,438.6,314.7,370.7,412.6
47_123_61,28204.5,110.6,129.5,39.2,7224.4,269.2,-56.8,326.0,28.5,164.4,200.7,14.1,1679.0,176.0,104.6,12.2,477.3,356.8,411.1,450.4
47_123_62,28214.5,103.1,124.2,38.3,7169.0,258.3,-62.2,320.5,21.1,156.0,192.0,7.1,1769.7,184.0,113.6,11.2,497.6,381.2,431.9,469.4
47_123_63,24314.5,130.2,135.1,40.0,7433.3,295.0,-41.2,336.2,45.8,185.0,222.9,31.0,1494.4,158.7,88.3,14.1,429.7,307.0,372.6,405.5
47_123_64,26644.5,105.9,125.2,38.4,7213.8,262.8,-59.4,322.2,23.7,159.4,195.8,9.5,1740.0,181.8,110.1,11.8,492.1,372.1,424.0,463.7
47_123_65,28224.5,108.0,126.4,38.5,7229.8,265.9,-58.3,324.2,25.7,161.5,198.2,11.3,1719.6,180.3,108.4,12.0,487.8,367.2,418.3,459.6
47_123_67,26634.5,137.5,134.3,39.3,7467.3,301.9,-34.3,336.2,52.6,192.6,230.5,37.6,1440.3,153.4,84.5,15.0,414.2,292.7,362.0,390.5
47_123_68,14664.5,114.9,131.3,39.4,7278.8,275.2,-54.1,329.3,32.0,168.8,205.4,17.4,1624.1,170.4,99.4,12.4,462.3,341.5,400.5,436.5
47_123_69,14674.5,125.5,136.4,40.3,7349.1,289.0,-45.7,334.7,41.7,180.2,217.0,27.5,1544.5,164.1,92.4,13.8,446.3,321.4,382.2,419.5
47_123_7,25944.5,124.4,135.5,40.0,7352.4,287.7,-46.2,333.9,40.7,178.8,215.8,26.1,1551.9,164.3,93.1,13.7,446.7,323.2,384.2,420.6
47_123_72,24214.5,138.6,137.0,40.0,7541.4,305.8,-34.8,340.6,52.8,194.4,232.4,37.7,1443.0,155.3,85.9,14.9,417.8,295.3,354.2,394.4
47_123_74,24224.5,129.8,137.3,40.0,7429.0,296.4,-41.1,337.5,45.9,184.9,222.6,30.9,1523.6,163.1,91.5,14.0,442.9,318.1,371.8,415.7
47_123_79,14734.5,137.0,137.3,40.0,7511.2,304.2,-35.8,340.0,52.0,192.5,230.2,36.2,1460.6,157.0,87.0,14.7,423.6,300.6,357.7,399.5
47_123_8,26174.5,99.9,122.1,37.8,7154.2,253.8,-64.1,317.9,18.0,152.6,188.8,4.1,1801.3,186.5,116.5,10.9,503.9,389.8,439.8,475.3
47_123_80,14954.5,141.2,134.0,39.0,7569.4,307.0,-30.8,337.8,55.2,197.2,235.0,40.2,1402.3,150.1,82.1,15.0,403.0,282.9,351.3,381.0
47_123_81,14964.5,125.9,134.8,40.0,7364.2,288.6,-45.1,333.7,41.9,180.3,217.4,26.9,1529.0,161.7,90.7,14.0,438.5,316.1,381.9,413.5
47_123_82,14974.5,123.5,135.1,40.0,7357.8,286.7,-47.1,333.8,40.1,177.6,215.0,25.1,1558.5,165.0,93.8,13.5,448.0,325.0,385.4,422.0
47_123_9,25954.5,120.5,134.3,39.9,7328.4,283.3,-49.1,332.4,37.4,175.1,212.0,23.0,1592.8,168.7,96.8,13.0,458.7,334.3,390.8,431.4
47_123_92,15204.5,129.8,134.1,39.0,7532.5,296.5,-41.8,338.3,44.7,185.0,223.8,29.1,1525.5,163.8,92.6,14.0,440.7,316.8,365.7,416.3
47_123_93,14984.5,131.9,136.9,40.0,7478.0,298.9,-40.1,339.0,47.4,187.0,225.0,31.9,1504.5,161.6,90.3,14.0,436.6,312.3,367.0,410.3
47_123_95,14704.5,108.3,127.2,38.5,7240.9,266.0,-59.0,325.0,25.5,162.2,198.3,11.4,1695.7,176.9,106.2,12.0,479.3,361.1,415.8,452.5
47_123_96,14714.5,110.3,129.3,39.5,7201.5,268.8,-56.9,325.7,28.4,163.6,199.9,13.8,1696.3,178.0,106.3,12.3,482.7,361.7,414.3,454.5
47_139_10,26514.5,139.8,136.2,39.6,7584.3,308.3,-32.7,341.0,54.6,195.7,234.7,38.8,1465.9,158.5,90.5,14.0,426.7,306.2,345.4,402.5
47_139_100,14854.5,137.6,134.2,38.9,7590.9,305.2,-34.0,339.2,52.2,193.2,232.7,36.4,1484.4,160.4,92.1,14.0,430.9,310.2,348.3,406.7
47_139_102,15294.5,136.2,137.7,40.0,7532.6,305.0,-36.4,341.4,51.2,191.3,230.4,36.1,1480.2,159.6,89.3,14.0,431.0,307.7,356.0,405.5
47_139_103,15304.5,130.6,135.4,39.7,7447.6,297.3,-38.8,336.1,46.4,185.5,224.0,31.7,1542.5,165.6,94.1,13.7,449.7,323.2,370.1,421.6
47_139_104,15314.5,106.7,118.8,36.6,7297.9,262.3,-57.0,319.3,23.5,160.2,197.7,8.9,1774.8,187.2,114.1,11.8,504.7,378.5,422.4,474.0
47_139_106,25674.5,127.0,130.0,38.2,7503.2,291.0,-42.4,333.4,42.0,182.2,220.8,26.8,1571.4,168.6,97.6,13.4,454.2,329.0,370.6,428.2
47_139_107,15284.5,139.3,134.9,39.0,7565.6,307.3,-32.1,339.4,54.2,194.9,234.2,38.6,1477.1,159.4,92.0,14.0,430.3,309.5,346.6,405.4
47_139_108,15324.5,141.1,134.0,39.0,7580.0,308.6,-30.7,339.3,55.6,196.3,236.2,40.2,1469.9,158.6,92.1,14.0,428.4,308.4,343.9,403.5
47_139_11,25974.5,139.3,136.6,40.0,7558.9,308.0,-32.7,340.7,54.3,194.6,233.7,38.4,1473.0,159.1,90.6,14.0,429.6,307.6,348.1,404.6
47_139_110,24054.5,136.4,138.7,40.0,7496.5,305.5,-35.3,340.8,51.9,191.6,230.2,36.7,1482.6,159.8,89.2,14.0,432.6,308.9,357.6,406.1
47_139_111,24064.5,122.2,131.3,39.1,7369.7,285.5,-46.0,331.5,38.6,176.3,214.1,24.0,1610.7,171.9,99.3,13.3,465.7,339.6,386.8,436.7
47_139_112,24074.5,131.9,135.9,40.0,7416.1,299.0,-37.1,336.1,48.4,186.5,224.9,33.5,1545.4,165.8,94.4,14.0,452.3,324.6,370.2,423.0
47_139_113,24084.5,128.4,133.0,39.0,7531.4,295.0,-42.0,337.0,43.4,183.6,222.6,28.0,1540.6,165.6,94.2,13.8,444.6,321.2,367.2,419.6
47_139_114,24094.5,142.1,137.0,39.8,7590.7,311.6,-30.1,341.7,57.1,198.0,237.4,41.1,1448.7,156.9,89.5,14.0,422.7,302.2,341.1,398.4
47_139_115,24104.5,130.1,132.9,39.0,7526.3,296.7,-40.2,336.9,45.1,185.8,224.4,30.0,1537.1,165.4,94.8,13.9,445.0,321.4,364.1,419.4
47_139_116,24114.5,139.3,134.4,39.0,7555.3,306.6,-31.7,338.3,54.3,194.6,233.6,38.4,1485.9,160.1,92.7,14.0,433.6,311.4,349.2,407.9
47_139_12,26524.5,137.3,135.0,39.1,7544.6,304.8,-34.0,338.8,52.4,192.9,231.6,36.9,1494.3,161.1,92.6,14.0,435.7,313.0,352.9,409.7
47_139_13,25984.5,133.1,133.7,39.0,7498.7,299.8,-36.6,336.4,48.8,188.0,227.0,33.3,1531.7,164.8,94.5,13.9,446.7,320.9,362.6,419.3
47_139_14,26074.5,128.6,136.8,40.0,7408.9,294.7,-42.0,336.7,44.8,183.4,221.2,30.0,1534.9,164.5,92.4,14.0,446.2,320.7,374.1,418.3
47_139_15,25424.5,130.7,137.9,40.4,7428.1,297.9,-39.8,337.7,46.9,185.5,223.6,32.2,1520.2,162.8,91.3,14.0,442.5,317.8,370.6,415.0
47_139_16,25434.5,134.5,138.8,40.2,7465.6,303.0,-36.5,339.5,50.2,189.6,228.1,35.5,1496.8,160.9,90.1,14.0,436.9,312.7,362.6,409.5
47_139_17,23814.5,138.6,138.3,40.0,7545.6,308.3,-33.8,342.1,53.8,194.6,233.2,38.7,1463.1,158.2,88.5,14.1,426.9,304.1,350.6,401.8
47_139_18,24804.5,136.7,137.7,40.0,7538.4,305.7,-35.3,341.0,52.3,192.7,231.1,36.5,1477.3,159.4,89.6,14.0,430.1,307.5,354.0,405.3
47_139_19,25044.5,130.4,136.4,40.0,7442.7,297.9,-39.7,337.6,46.4,185.2,223.6,31.4,1531.3,164.3,92.8,13.7,445.6,320.9,369.6,418.1
47_139_2,15274.5,130.7,132.7,39.0,7528.9,296.7,-40.1,336.8,45.7,185.8,224.7,30.7,1539.7,165.7,95.1,13.9,445.9,321.9,363.6,420.3
47_139_20,28654.5,134.5,137.8,40.0,7490.9,303.0,-36.5,339.5,50.0,189.6,228.3,35.0,1496.9,161.1,90.4,14.0,436.3,312.4,360.5,409.8
47_139_21,23634.5,138.3,137.8,40.0,7542.4,307.2,-33.6,340.8,53.5,193.6,232.7,38.1,1471.4,158.9,89.7,14.0,429.2,307.1,350.6,404.0
47_139_22,28584.5,141.7,138.3,40.0,7589.7,311.8,-31.2,343.0,56.5,197.6,236.7,40.4,1442.3,156.2,88.2,14.3,420.4,299.9,342.5,396.6
47_139_23,25864.5,140.0,137.8,40.0,7595.7,309.2,-33.1,342.3,54.4,195.6,235.2,38.9,1455.3,157.7,88.7,14.1,424.0,302.5,345.9,400.2
47_139_24,26394.5,134.1,135.3,39.1,7572.2,302.6,-37.4,340.0,48.9,189.9,229.1,33.4,1497.3,161.6,91.3,14.1,434.1,311.4,355.7,409.8
47_139_25,24584.5,136.4,135.6,39.4,7591.8,305.2,-35.5,340.7,51.1,192.3,231.7,35.4,1481.3,160.1,90.7,13.9,429.7,307.9,350.2,406.2
47_139_26,25874.5,137.5,137.1,40.0,7546.0,306.6,-34.1,340.7,52.5,192.9,231.9,37.0,1481.6,160.0,90.3,14.0,431.8,309.2,352.8,406.3
47_139_27,28494.5,136.8,136.1,39.4,7564.8,305.5,-34.9,340.4,51.8,192.5,231.8,36.3,1484.4,160.6,91.2,14.0,432.0,309.4,350.6,407.1
47_139_28,23824.5,132.1,133.6,38.9,7552.8,299.1,-38.5,337.6,46.5,187.4,226.3,31.5,1525.7,164.3,93.6,13.9,442.7,318.3,361.1,417.6
47_139_29,26004.5,132.2,133.3,39.0,7554.3,299.0,-39.1,338.1,46.9,187.7,226.7,31.5,1519.7,163.7,93.7,13.9,439.7,317.4,359.3,414.9
47_139_3,27124.5,132.6,137.1,40.0,7428.8,300.7,-36.7,337.4,48.7,187.2,225.7,34.0,1529.6,164.3,92.7,13.9,447.8,320.8,368.4,418.6
47_139_30,23594.5,132.4,136.5,40.0,7468.5,300.4,-37.6,338.0,48.4,187.8,226.2,33.4,1519.6,163.6,92.4,14.0,443.1,318.0,364.5,415.3
47_139_31,25524.5,135.6,137.0,40.0,7515.2,304.1,-35.5,339.6,50.8,191.1,229.6,35.6,1496.6,161.4,91.2,14.0,436.2,312.7,357.8,409.8
47_139_32,25054.5,125.0,132.9,39.6,7392.2,289.2,-44.0,333.2,41.1,179.1,217.1,26.4,1592.2,170.4,97.6,13.6,462.1,335.1,382.8,432.8
47_139_33,26094.5,132.4,135.9,39.9,7464.2,299.8,-37.4,337.2,48.3,187.1,226.0,33.3,1526.3,164.1,93.0,13.9,445.2,319.6,365.8,417.4
47_139_34,23604.5,133.4,136.2,40.0,7479.1,301.3,-36.8,338.1,49.1,188.3,227.1,34.1,1519.0,163.5,92.5,14.0,443.5,318.0,363.4,415.9
47_139_35,25534.5,134.1,135.9,39.9,7499.6,302.2,-36.4,338.6,49.8,189.1,228.2,34.6,1511.0,162.5,92.3,14.0,440.3,316.1,359.9,413.7
47_139_36,23614.5,129.1,134.3,39.8,7428.6,295.5,-39.6,335.1,45.2,184.1,222.1,30.6,1560.3,167.5,95.8,13.6,455.0,327.8,373.2,426.1
47_139_37,26084.5,132.2,135.4,39.9,7461.3,299.9,-37.4,337.3,48.3,187.2,226.1,33.4,1532.9,164.7,93.6,13.8,446.9,321.4,366.5,418.8
47_139_38,24984.5,129.7,134.3,39.9,7411.7,295.3,-39.1,334.4,45.9,184.2,222.0,30.9,1565.1,168.1,96.2,13.9,457.6,328.8,373.8,427.7
47_139_39,25544.5,126.3,132.3,39.2,7398.9,290.9,-41.8,332.7,42.4,180.6,218.8,28.1,1589.6,170.2,98.3,13.5,462.2,334.5,379.4,433.0
47_139_4,26184.5,133.9,137.9,40.0,7483.3,301.5,-37.8,339.3,49.3,189.6,227.2,34.3,1499.2,161.2,90.1,14.0,436.4,312.5,362.8,409.8
47_139_40,24004.5,114.6,124.2,37.8,7363.1,273.7,-51.3,325.0,31.1,168.8,206.8,16.5,1697.9,180.4,107.5,12.5,487.5,359.8,403.6,457.4
47_139_41,28594.5,127.4,131.4,39.1,7437.8,291.8,-41.0,332.8,43.1,181.7,220.4,28.4,1582.9,169.6,98.3,13.2,459.9,332.4,375.5,431.4
47_139_42,25884.5,135.4,135.7,39.9,7503.0,303.5,-34.8,338.3,51.2,190.9,229.5,35.8,1507.5,162.4,92.5,14.0,440.3,315.6,358.0,413.4
47_139_43,26434.5,138.5,136.1,39.9,7547.8,307.0,-32.7,339.7,53.9,194.5,233.3,38.2,1479.6,159.7,91.3,14.0,431.3,309.3,349.6,406.0
47_139_44,24874.5,140.0,135.8,39.2,7578.4,308.7,-32.3,341.0,54.6,195.3,235.0,39.3,1470.8,158.9,91.2,14.0,429.1,307.5,345.9,404.4
47_139_45,25554.5,112.1,122.2,37.3,7328.3,270.0,-53.0,323.0,28.6,165.6,203.9,14.3,1724.9,183.0,110.0,12.5,494.1,366.0,409.4,463.9
47_139_46,26454.5,135.2,134.0,39.0,7504.4,301.8,-34.7,336.5,50.5,190.2,229.5,35.4,1519.9,163.6,94.6,14.0,443.8,318.2,358.0,416.9
47_139_47,23834.5,138.8,133.8,39.0,7571.9,306.6,-32.0,338.6,54.0,194.1,233.8,38.1,1486.3,160.2,93.0,14.0,432.9,311.3,348.2,407.7
47_139_48,28534.5,141.1,134.0,39.0,7594.4,308.9,-30.6,339.5,55.6,196.5,236.1,39.8,1469.9,158.6,92.2,14.0,428.2,308.2,343.7,403.6
47_139_49,24594.5,126.0,129.6,38.3,7492.9,290.3,-42.7,333.0,41.2,180.9,219.7,26.1,1581.5,169.6,98.2,13.2,457.2,331.2,373.1,430.6
47_139_5,26264.5,134.3,138.0,40.0,7467.1,302.2,-37.1,339.3,49.7,189.1,227.5,34.8,1498.6,161.2,90.2,14.0,436.9,312.6,362.9,409.9
47_139_50,23884.5,139.4,134.8,38.9,7618.3,307.4,-33.3,340.7,53.7,195.2,234.8,37.9,1466.8,158.6,91.0,13.9,425.6,306.1,343.3,402.6
47_139_51,24604.5,144.8,136.2,39.0,7640.6,314.1,-28.9,343.0,59.1,200.9,240.6,43.1,1427.1,154.9,88.9,14.0,415.5,298.1,333.6,392.5
47_139_52,24614.5,140.1,134.6,39.0,7587.2,308.1,-31.4,339.5,55.1,195.9,235.1,39.1,1469.5,158.8,91.5,14.0,428.0,307.5,344.2,403.6
47_139_53,25404.5,128.0,135.2,39.9,7384.3,293.0,-41.0,334.0,44.1,182.1,220.1,29.2,1565.4,167.9,95.8,13.9,456.0,329.7,377.4,426.0
47_139_54,26384.5,132.3,137.0,40.0,7479.3,299.9,-38.5,338.4,47.7,187.9,225.7,32.7,1507.0,162.2,90.8,14.0,438.4,314.1,364.7,411.7
47_139_55,24794.5,135.5,137.8,40.0,7530.2,304.3,-36.7,341.0,50.7,191.1,230.0,35.5,1484.1,159.9,89.5,14.0,432.0,308.6,357.5,406.6
47_139_57,25664.5,138.7,136.6,39.7,7571.1,307.6,-33.2,340.8,53.7,194.7,233.6,37.8,1470.3,159.1,90.5,14.0,428.3,306.8,347.2,403.8
47_139_58,25644.5,132.9,135.5,39.6,7494.0,300.5,-37.6,338.1,48.3,188.0,226.6,33.3,1521.0,163.7,92.8,14.0,442.9,318.4,363.2,415.8
47_139_59,25824.5,131.4,133.1,38.9,7543.4,298.2,-39.2,337.4,46.3,186.9,225.7,31.2,1528.1,164.6,94.0,14.0,442.8,319.2,361.5,417.5
47_139_6,24754.5,129.3,135.9,40.0,7421.9,296.4,-40.4,336.8,45.6,183.7,222.3,30.6,1544.4,165.5,93.5,13.9,449.4,324.0,372.9,421.2
47_139_60,25654.5,139.7,136.9,39.4,7603.3,309.4,-33.3,342.7,54.2,195.5,235.1,38.6,1455.8,157.9,89.0,14.3,423.3,302.0,343.7,400.1
47_139_61,25684.5,135.5,136.3,40.0,7519.0,303.9,-35.4,339.3,50.8,190.7,229.7,35.6,1499.6,161.7,91.7,14.0,437.2,313.5,356.8,410.8
47_139_62,24954.5,140.1,136.2,39.6,7572.4,308.5,-31.8,340.3,55.1,195.9,235.0,39.2,1466.4,158.6,90.8,14.0,427.5,306.7,345.0,402.7
47_139_64,25634.5,133.9,137.0,40.0,7448.2,301.4,-36.0,337.4,49.9,188.9,227.0,34.9,1519.7,163.2,92.2,14.0,444.1,318.3,364.6,416.1
47_139_65,24154.5,131.3,138.1,40.3,7416.1,299.1,-38.6,337.7,47.7,186.2,224.2,33.2,1521.5,163.3,91.4,14.0,444.0,318.8,370.2,415.2
47_139_66,24324.5,134.8,137.4,40.0,7450.2,302.4,-35.4,337.8,50.8,189.6,227.9,35.8,1513.6,162.6,91.8,14.0,442.6,316.9,363.5,414.4
47_139_68,15004.5,134.3,138.5,40.1,7458.6,302.5,-36.8,339.3,50.1,189.5,227.5,35.2,1496.8,161.0,89.8,14.0,436.8,312.2,363.4,409.3
47_139_7,26274.5,121.9,132.1,39.5,7361.4,284.9,-46.2,331.1,38.3,176.3,213.8,24.2,1614.2,172.1,99.5,13.2,466.8,340.4,388.9,437.5
47_139_70,15014.5,137.1,137.2,40.0,7565.8,306.4,-35.0,341.4,52.2,193.1,232.0,36.9,1474.1,159.0,89.7,14.0,428.9,307.0,352.6,404.2
47_139_71,15024.5,139.6,137.6,40.0,7578.8,308.6,-33.2,341.8,54.2,195.4,234.4,38.6,1460.2,158.2,89.2,14.0,425.4,303.7,345.4,401.4
47_139_72,14614.5,135.2,136.3,40.0,7498.5,303.4,-35.5,338.9,50.6,190.2,229.2,35.5,1505.0,162.1,91.8,14.0,439.3,314.6,358.9,412.6
47_139_73,14624.5,132.4,133.3,39.0,7476.1,298.8,-36.7,335.5,48.2,187.4,226.0,33.2,1539.8,165.5,95.5,13.9,449.3,322.8,364.6,421.4
47_139_78,14794.5,129.5,136.5,40.0,7446.9,296.0,-41.4,337.4,45.4,184.0,222.3,30.4,1530.4,164.1,92.3,13.8,443.9,319.6,372.3,416.9
47_139_79,14804.5,131.7,136.9,40.0,7454.9,298.9,-38.8,337.7,47.3,186.5,224.6,32.4,1525.7,163.8,92.4,13.9,444.3,319.5,367.7,416.7
47_139_8,25964.5,130.3,134.3,39.1,7541.7,297.7,-41.0,338.7,45.3,186.2,225.0,30.2,1521.9,163.6,92.6,14.0,440.0,316.7,363.5,415.4
47_139_82,14814.5,133.0,134.0,39.0,7505.2,300.1,-36.8,336.9,48.8,188.3,227.0,33.5,1529.6,164.4,94.3,14.0,445.5,320.7,362.9,418.4
47_139_88,14824.5,134.9,135.9,39.8,7518.5,302.9,-36.1,339.0,50.1,190.0,228.9,34.9,1506.5,162.1,92.0,14.0,438.9,315.0,358.3,412.7
47_139_89,14834.5,140.1,137.1,40.0,7572.7,309.4,-32.1,341.5,55.1,196.0,234.8,39.3,1461.9,158.4,89.7,14.0,426.6,304.9,345.7,401.7
47_139_9,26504.5,126.7,131.6,38.6,7499.7,291.7,-43.1,334.8,41.7,181.7,220.4,26.6,1563.8,167.6,96.2,13.5,451.2,327.1,372.2,425.6
47_139_93,14684.5,133.0,136.8,40.0,7475.1,301.2,-37.1,338.3,48.9,188.1,226.6,33.9,1515.8,163.1,92.0,14.0,442.0,316.9,364.0,414.5
47_139_94,14694.5,138.4,138.1,40.0,7548.1,308.1,-33.8,341.9,53.6,193.9,233.1,38.3,1467.8,158.8,89.0,14.1,428.6,305.3,350.2,403.2
47_139_95,15144.5,130.6,134.2,39.7,7456.6,297.2,-38.7,335.9,46.5,185.7,224.2,31.7,1547.1,166.1,94.8,13.7,450.7,324.2,368.7,422.7
47_139_98,25694.5,142.2,134.8,39.0,7605.8,310.4,-30.2,340.6,56.6,197.8,237.4,40.8,1452.6,157.3,91.1,14.0,422.8,304.4,339.1,398.9
47_139_99,14844.5,133.4,136.2,40.0,7494.5,302.0,-36.9,338.9,49.2,189.1,227.2,34.1,1512.0,162.9,91.9,14.0,440.8,316.6,361.6,413.8
47_155_10,25774.5,132.8,138.5,40.0,7506.8,298.5,-41.8,340.3,207.8,139.9,226.4,32.2,1262.3,128.3,71.6,14.0,355.4,256.0,341.2,318.5
47_155_11,25744.5,98.0,125.8,39.0,7081.4,253.5,-65.7,319.2,64.4,105.3,186.4,3.6,1622.7,165.0,106.3,9.8,440.9,357.7,414.9,409.5
47_155_12,24634.5,94.1,121.6,37.7,7110.8,247.6,-69.2,316.8,12.6,146.4,182.3,-1.2,1734.9,176.0,113.9,9.6,471.5,383.2,437.0,443.6
47_155_15,25834.5,95.2,123.0,38.3,7067.1,248.9,-67.7,316.6,14.3,142.9,182.7,0.4,1728.1,175.6,113.6,9.4,470.2,382.5,435.0,442.1
47_155_18,24014.5,112.6,135.9,40.5,7184.0,273.8,-57.1,330.9,62.8,119.7,202.1,16.3,1426.4,147.4,87.3,12.0,392.3,301.3,369.5,363.4
47_155_22,15034.5,95.0,122.8,38.2,7092.5,248.4,-68.4,316.8,13.7,142.7,183.2,0.0,1714.0,174.0,112.6,9.8,465.5,379.0,432.4,437.7
47_155_28,25754.5,126.7,139.5,41.0,7375.5,291.5,-46.8,338.3,170.2,133.8,218.5,28.2,1290.9,131.8,74.1,13.6,360.3,262.5,347.0,323.9
47_155_30,25614.5,98.3,125.6,38.7,7087.1,253.4,-66.1,319.5,56.8,109.7,186.6,3.6,1625.0,165.2,106.0,10.1,442.3,357.5,415.1,411.0
47_155_33,24974.5,114.7,136.0,40.6,7226.5,276.1,-55.8,331.9,32.7,122.4,204.7,17.9,1475.3,152.9,89.0,12.1,409.6,309.5,377.2,384.3
47_155_39,25724.5,111.8,134.7,40.2,7203.4,273.2,-57.7,330.9,109.3,118.8,201.3,15.3,1396.3,144.0,85.4,12.0,384.0,295.2,364.9,352.2
47_155_4,24644.5,89.8,118.7,37.4,7083.0,241.7,-71.5,313.2,32.5,142.4,177.7,-4.9,1791.5,181.0,119.5,9.2,484.8,399.2,450.8,455.4
47_155_41,25624.5,131.5,138.2,40.2,7464.5,296.6,-42.6,339.2,206.3,138.6,224.4,31.5,1292.3,130.7,73.5,14.0,361.8,262.1,347.8,328.0
47_155_42,24624.5,115.3,136.4,40.4,7211.1,276.2,-55.9,332.1,33.1,122.3,204.5,18.3,1462.0,151.3,88.4,12.2,404.3,307.2,375.4,378.2
47_155_43,25714.5,81.1,112.0,35.9,7045.3,229.3,-77.1,306.4,71.2,132.8,168.8,-12.9,1887.7,188.1,130.5,8.0,507.4,429.0,478.0,470.5
47_155_52,25734.5,87.6,117.4,37.2,7055.5,238.6,-72.9,311.5,85.4,94.7,175.3,-6.8,1725.5,172.3,118.1,8.6,465.6,390.5,444.1,425.3
47_155_55,25784.5,116.4,137.2,40.6,7243.5,278.5,-54.8,333.3,66.7,123.9,206.7,19.6,1413.7,145.9,84.4,12.5,389.6,295.0,366.9,362.9
47_155_57,24534.5,99.7,126.4,38.8,7110.8,255.4,-65.6,321.0,42.2,120.5,188.0,4.4,1647.2,168.1,106.8,9.8,449.4,361.6,417.5,421.1
47_155_6,25764.5,131.7,138.5,40.0,7483.1,297.2,-42.5,339.7,206.8,138.9,225.0,31.5,1274.3,129.2,72.2,14.0,358.4,258.4,344.5,321.4
47_155_67,24024.5,123.3,140.1,41.0,7297.5,287.1,-50.4,337.5,136.6,130.5,213.8,25.6,1339.3,137.8,78.2,13.2,370.6,275.0,353.3,340.7
47_155_68,24034.5,92.7,121.1,37.8,7096.5,245.9,-69.7,315.6,59.0,113.2,180.9,-2.3,1703.8,172.1,112.9,9.4,461.6,379.1,433.7,429.5
47_155_73,24044.5,117.1,135.9,40.7,7270.6,278.3,-54.1,332.4,34.3,124.4,207.6,19.6,1464.8,151.7,87.4,12.6,407.1,305.6,375.5,382.2
47_155_76,26674.5,93.6,121.5,38.0,7093.4,246.5,-69.2,315.7,12.1,145.8,181.6,-1.3,1742.5,177.1,114.9,9.9,473.4,385.6,438.7,444.8
47_163_1,24814.5,113.8,130.0,38.6,7436.2,277.5,-54.7,332.2,189.1,69.9,206.7,14.7,1201.4,121.7,87.4,11.1,344.3,263.9,334.5,269.3
47_163_10,28604.5,124.0,133.4,39.0,7568.8,291.7,-46.7,338.4,201.0,78.3,218.9,23.3,1156.8,118.7,80.1,12.0,332.2,250.7,322.9,264.5
47_163_11,26424.5,121.4,131.7,39.0,7521.9,287.3,-48.7,336.0,197.6,76.1,215.5,21.3,1170.7,120.7,79.9,12.0,336.3,253.2,326.9,269.3
47_163_12,25504.5,121.9,131.7,39.0,7524.0,287.5,-48.2,335.7,198.0,76.3,215.8,21.7,1168.4,120.6,79.6,12.0,335.7,252.6,326.2,268.5
47_163_13,24854.5,124.1,132.3,39.0,7548.5,290.3,-46.2,336.5,200.4,83.6,218.4,23.8,1157.4,120.4,76.8,12.0,332.7,248.9,323.3,269.0
47_163_15,24664.5,121.3,131.6,39.0,7518.4,287.0,-48.6,335.6,197.5,76.1,215.3,21.3,1171.5,120.7,80.1,11.9,336.4,253.5,327.3,269.1
47_163_16,24294.5,108.9,126.6,38.2,7314.1,268.7,-57.7,326.4,182.6,66.3,200.2,11.4,1252.1,127.2,88.5,11.2,356.6,273.2,348.8,283.4
47_163_17,24654.5,123.1,133.6,39.0,7563.8,290.5,-47.6,338.1,199.7,77.4,217.9,22.4,1159.1,118.4,81.1,11.7,333.1,251.5,323.4,264.0
47_163_2,26594.5,112.6,128.3,38.7,7374.7,274.1,-55.1,329.2,187.3,69.0,205.1,14.1,1226.0,124.9,85.8,11.6,350.1,266.9,341.6,278.7
47_163_22,24514.5,122.2,131.4,39.0,7528.6,287.7,-47.9,335.6,198.5,76.5,216.4,22.1,1167.5,120.6,78.8,12.0,335.3,252.2,326.0,269.3
47_163_24,24504.5,114.1,130.2,38.7,7442.0,278.1,-54.6,332.7,189.8,66.3,207.2,15.0,1199.3,121.6,87.2,11.0,343.6,263.2,333.8,268.9
47_163_25,24304.5,123.6,131.9,39.0,7537.6,289.6,-46.7,336.3,200.1,88.8,217.8,23.3,1159.8,120.6,77.0,12.2,333.4,249.4,324.2,269.6
47_163_3,23684.5,119.9,132.8,39.0,7529.7,286.7,-50.5,337.2,196.2,74.9,214.1,19.4,1170.4,119.5,83.7,11.3,336.3,255.4,326.9,264.3
47_163_32,24184.5,107.3,125.6,38.2,7322.4,266.8,-58.7,325.5,181.2,60.8,198.4,9.5,1259.5,127.4,90.1,11.1,358.7,275.8,351.1,282.9
47_163_4,25564.5,123.4,134.1,39.0,7582.8,291.5,-48.0,339.5,200.0,77.6,218.3,22.0,1150.1,118.1,80.9,11.8,331.3,249.8,321.6,261.4
47_163_47,14864.5,108.6,126.4,38.2,7338.9,269.3,-58.1,327.4,182.9,65.6,200.3,10.5,1249.9,126.6,89.4,11.2,356.8,273.8,348.6,279.9
47_163_5,26204.5,109.2,127.1,38.1,7368.1,271.0,-57.7,328.7,184.0,62.1,201.1,11.0,1236.0,124.9,89.7,11.0,353.1,272.4,344.0,276.2
47_163_56,15084.5,118.2,131.3,39.0,7488.1,283.4,-51.5,334.9,194.0,73.3,211.8,18.3,1186.0,120.7,84.8,11.2,340.0,259.1,330.7,268.0
47_163_6,26154.5,118.6,131.7,38.9,7500.9,284.0,-51.2,335.2,194.7,73.5,212.3,18.5,1182.6,120.6,84.7,11.2,339.1,258.8,329.8,267.2
47_163_7,23694.5,122.4,133.0,39.0,7557.6,289.6,-48.4,338.0,198.6,76.6,217.0,21.6,1161.2,119.0,81.6,11.4,333.8,252.6,324.4,264.0
47_163_72,24234.5,112.3,128.8,38.6,7416.2,275.4,-55.1,330.5,187.7,60.8,205.0,13.4,1216.7,123.3,88.1,11.0,348.3,267.0,339.0,272.7
47_163_73,15174.5,94.7,118.4,37.2,7163.6,248.7,-67.4,316.1,167.2,30.7,183.7,-1.4,1351.9,134.7,96.2,11.0,383.1,296.5,376.9,299.4
47_163_8,23654.5,109.2,127.0,38.4,7352.1,270.4,-57.7,328.1,183.5,62.0,200.7,11.0,1244.1,125.7,89.8,11.0,355.1,273.2,346.8,278.6
47_163_9,23774.5,106.1,125.1,38.1,7303.5,265.7,-59.7,325.4,179.8,59.5,197.4,8.7,1265.8,128.0,90.7,11.1,360.9,277.4,353.1,282.8
47_171_10,26014.5,90.6,117.4,37.3,7026.8,241.1,-70.5,311.6,161.3,17.0,178.0,-3.4,1447.6,139.0,102.4,10.0,402.5,318.9,399.0,320.8
47_171_11,23844.5,118.6,133.8,39.9,7342.0,281.1,-51.9,333.0,191.9,74.8,210.2,20.5,1212.4,125.0,82.0,12.6,346.9,260.4,339.2,276.8
47_171_12,24684.5,114.4,132.1,39.5,7286.4,275.7,-54.6,330.3,187.9,71.1,205.5,17.0,1234.6,125.7,84.7,12.1,350.5,266.8,343.4,281.7
47_171_13,26054.5,95.0,121.1,38.1,7052.0,247.7,-67.8,315.5,166.2,32.3,182.9,0.6,1403.3,135.3,100.2,10.2,389.7,310.5,385.5,313.9
47_171_14,23854.5,112.9,131.6,39.5,7268.4,273.8,-55.8,329.6,185.9,70.1,203.8,15.7,1241.1,125.8,85.4,11.9,351.2,268.5,344.8,283.0
47_171_15,26334.5,122.7,135.5,39.8,7416.8,287.3,-49.1,336.4,196.9,78.0,215.2,23.6,1173.6,125.6,75.2,13.8,342.0,246.4,334.1,268.8
47_171_16,23994.5,107.3,128.8,39.1,7194.8,266.0,-59.5,325.5,179.8,65.2,197.2,11.4,1269.7,127.4,87.0,11.5,357.1,274.9,351.7,290.3
47_171_17,25364.5,112.1,131.6,39.7,7238.3,272.6,-56.4,329.0,184.9,69.2,202.5,15.2,1246.0,125.7,85.9,12.0,351.8,269.6,345.8,283.3
47_171_18,25284.5,113.6,132.6,39.7,7248.0,274.4,-55.3,329.7,186.4,70.8,204.0,16.8,1228.0,124.8,83.6,12.4,347.7,263.5,342.1,279.7
47_171_19,25384.5,88.7,116.6,37.1,6998.4,238.2,-71.3,309.5,159.5,20.9,175.9,-4.7,1499.2,144.0,107.7,9.4,411.9,335.2,407.9,337.3
47_171_2,26374.5,112.2,130.5,39.0,7276.3,272.4,-56.4,328.8,185.1,69.2,202.8,15.0,1236.5,126.1,83.6,12.0,351.1,266.1,344.3,282.9
47_171_20,26194.5,111.6,131.6,39.4,7227.6,271.8,-56.7,328.5,184.3,68.8,201.7,14.9,1242.2,125.4,85.1,12.0,350.4,267.7,344.9,283.0
47_171_21,26124.5,115.3,132.1,39.3,7323.0,277.6,-53.4,331.0,189.1,71.8,206.9,17.8,1192.9,124.2,77.2,13.0,340.7,252.5,334.7,274.9
47_171_23,25094.5,119.0,134.7,40.0,7335.9,282.0,-51.7,333.7,192.4,75.2,210.4,21.1,1194.5,124.4,79.0,13.0,343.1,253.7,336.0,272.6
47_171_28,23574.5,115.5,133.3,39.6,7279.3,277.3,-53.8,331.1,188.5,72.3,206.0,18.1,1221.2,125.2,82.4,12.4,347.6,261.5,341.4,278.4
47_171_3,24744.5,120.4,134.6,39.8,7377.1,284.3,-50.5,334.8,194.4,76.3,212.4,21.9,1184.9,125.0,76.9,13.3,342.3,250.0,335.2,271.3
47_171_30,23584.5,100.9,125.0,38.4,7093.9,256.4,-63.8,320.2,172.3,37.6,189.3,5.9,1352.9,132.2,97.0,11.0,377.1,298.2,372.8,302.8
47_171_31,14914.5,100.5,125.2,38.8,7093.1,255.7,-64.0,319.7,172.0,52.2,189.2,5.6,1355.5,132.2,97.1,10.4,377.3,299.8,373.1,303.7
47_171_34,14924.5,113.2,132.7,39.9,7228.0,274.0,-55.8,329.8,185.3,70.2,203.2,16.7,1221.8,124.0,82.8,12.1,345.5,261.8,339.6,278.6
47_171_36,14934.5,111.4,130.4,39.1,7257.9,271.5,-56.5,328.0,184.2,68.5,201.8,14.4,1242.5,126.5,84.6,12.2,352.4,268.4,345.8,284.0
47_171_37,14874.5,118.3,133.6,39.9,7341.3,280.4,-51.6,332.0,191.5,74.4,209.4,20.2,1209.9,125.0,81.3,12.2,346.7,259.8,338.7,276.7
47_171_38,14884.5,108.6,128.9,38.9,7231.2,267.8,-58.3,326.1,181.4,65.9,198.8,12.0,1255.8,126.5,84.9,11.8,353.5,270.3,348.3,288.1
47_171_39,14894.5,108.5,129.9,39.7,7169.9,266.9,-58.8,325.7,180.0,65.8,197.3,12.0,1280.1,127.1,90.1,11.3,359.2,279.7,352.9,290.5
47_171_4,25574.5,107.4,129.4,39.3,7162.3,264.7,-59.7,324.4,179.0,64.9,196.1,11.0,1282.6,126.8,89.9,11.4,358.1,279.3,353.2,292.1
47_171_41,25064.5,112.2,130.5,39.0,7266.5,272.4,-56.0,328.4,185.2,69.1,202.6,14.9,1249.9,126.2,87.1,11.3,353.7,272.0,346.8,284.8
47_171_42,25074.5,103.0,126.1,38.6,7127.7,259.4,-62.3,321.7,174.7,57.8,192.0,7.5,1329.1,130.6,94.7,10.7,371.6,292.4,366.4,299.2
47_171_43,25084.5,119.2,133.8,39.6,7391.0,282.8,-51.3,334.1,193.5,75.2,211.7,20.9,1179.8,124.9,75.9,13.3,341.0,248.8,333.6,271.3
47_171_48,24334.5,123.7,136.2,40.0,7424.8,288.8,-48.4,337.2,198.3,79.1,216.3,24.4,1163.8,124.7,74.3,14.0,339.2,243.2,331.6,265.6
47_171_5,26164.5,92.8,119.7,38.0,7020.0,243.9,-68.8,312.7,163.8,52.2,180.3,-0.8,1460.2,141.2,105.4,9.9,400.6,326.6,397.0,330.5
47_171_6,23934.5,117.6,132.4,39.3,7367.5,280.4,-52.1,332.5,191.8,73.9,209.4,19.1,1212.2,124.7,82.0,12.2,346.6,261.4,338.7,278.0
47_171_7,24864.5,109.5,129.7,39.2,7221.1,269.4,-57.4,326.8,182.3,67.3,199.6,13.0,1270.0,127.6,89.8,11.2,358.0,277.4,351.8,288.2
47_171_8,28574.5,113.2,130.8,39.3,7287.1,273.8,-55.3,329.1,186.4,70.0,203.9,15.6,1233.2,126.2,83.8,12.2,351.0,266.2,343.3,282.4
47_171_9,26574.5,105.4,128.1,38.9,7128.9,262.9,-60.6,323.5,177.1,60.5,194.1,10.3,1315.8,129.3,94.6,10.7,367.1,290.0,361.8,296.4
47_179_1,27134.5,121.7,134.1,39.6,7425.5,285.9,-49.3,335.2,196.5,87.8,214.5,22.6,1175.1,125.1,75.1,13.7,341.5,247.9,332.6,271.3
47_179_13,23794.5,111.8,129.7,39.0,7295.1,272.3,-56.4,328.7,185.2,68.6,202.4,14.3,1237.7,126.7,84.0,12.0,352.2,267.0,345.0,283.4
47_179_17,23784.5,120.9,134.0,39.3,7432.2,285.4,-50.1,335.5,195.8,76.4,213.7,21.8,1165.2,124.1,73.4,13.7,337.4,244.1,329.8,269.5
47_179_18,15044.5,114.3,131.3,39.1,7318.3,276.4,-54.4,330.8,187.9,70.6,205.6,16.5,1199.9,124.3,78.0,12.9,341.7,254.3,336.0,276.5
47_179_2,26464.5,125.5,134.7,39.2,7507.2,291.6,-46.2,337.8,201.0,85.3,219.0,25.2,1131.6,122.7,69.6,14.6,328.8,234.7,321.6,262.9
47_179_3,25904.5,118.0,132.7,39.2,7390.1,281.7,-51.9,333.6,192.2,73.8,210.3,19.3,1174.1,123.6,74.9,13.3,336.9,246.7,330.6,271.1
47_179_30,14904.5,127.0,135.3,40.0,7518.9,292.9,-45.2,338.1,202.7,119.2,220.7,26.7,1143.8,123.6,71.2,14.0,333.6,239.2,325.0,266.2
47_179_4,25274.5,111.5,129.6,39.0,7286.8,271.9,-56.5,328.4,184.9,68.5,202.1,14.1,1240.1,126.8,84.4,11.9,352.6,267.6,345.5,283.7
47_179_43,24344.5,120.4,133.7,39.5,7403.8,283.7,-50.7,334.4,194.6,75.9,212.6,21.3,1180.7,125.0,75.9,13.6,342.3,249.2,333.6,272.3
47_179_5,26344.5,113.7,129.9,39.0,7333.3,274.5,-54.7,329.2,187.4,70.1,205.0,15.5,1224.9,126.1,82.0,12.2,349.5,263.4,342.0,281.9
47_179_6,25014.5,118.4,132.2,39.3,7395.2,281.3,-51.4,332.7,192.8,79.4,210.4,19.6,1193.0,125.1,77.5,12.9,343.6,253.7,335.3,275.7
47_179_7,24714.5,122.7,134.5,39.7,7441.6,287.3,-48.5,335.8,197.2,77.7,215.2,23.3,1166.3,124.6,74.1,13.6,338.7,245.0,330.5,269.6
47_179_8,23644.5,121.3,133.8,39.6,7424.5,284.8,-49.8,334.6,195.6,82.1,213.6,21.9,1170.2,124.6,74.2,13.7,338.8,246.0,330.9,271.0
47_179_9,25164.5,116.3,132.1,39.3,7342.1,278.4,-53.1,331.5,189.9,72.2,207.9,18.0,1190.9,124.2,77.3,13.3,340.6,252.1,334.4,274.1
47_19_10,26104.5,106.6,126.1,38.3,7267.7,265.8,-59.6,325.4,179.9,48.7,197.3,9.2,1283.9,128.7,91.9,11.0,363.9,281.6,357.3,286.4
47_19_11,24834.5,104.5,124.3,37.9,7262.4,263.0,-60.7,323.7,178.0,58.4,195.1,7.2,1283.3,129.5,92.2,11.0,364.8,281.3,357.7,287.8
47_19_12,25894.5,100.8,122.5,37.6,7220.4,257.7,-63.6,321.3,173.7,47.4,190.7,4.0,1307.5,131.4,94.3,11.0,371.1,287.2,364.3,291.3
47_19_13,26224.5,120.1,133.1,39.2,7421.5,285.1,-49.5,334.6,195.2,75.5,212.9,21.5,1216.1,121.9,87.6,11.0,344.8,266.6,337.2,274.7
47_19_14,25244.5,115.1,131.0,39.0,7342.3,278.1,-53.1,331.2,189.3,63.8,206.7,17.2,1248.6,124.6,90.3,11.0,352.8,274.6,345.9,280.5
47_19_15,25444.5,106.7,127.1,38.9,7181.2,265.6,-58.9,324.5,179.1,26.6,196.2,10.5,1324.8,129.9,94.5,10.9,370.8,290.5,366.2,293.7
47_19_16,23984.5,105.7,126.1,38.3,7223.1,264.7,-60.1,324.8,178.9,59.8,195.8,9.1,1292.6,129.7,92.8,11.0,365.9,284.0,359.8,288.3
47_19_17,25004.5,111.2,129.8,39.0,7277.7,272.6,-56.1,328.7,184.8,56.9,202.1,14.0,1271.0,126.9,92.1,11.0,358.7,280.0,352.1,284.5
47_19_18,25254.5,100.7,124.7,38.1,7122.6,257.6,-63.6,321.2,172.5,22.3,189.4,5.5,1354.5,133.7,96.5,11.0,379.2,296.7,376.2,299.4
47_19_19,23704.5,100.2,123.8,38.3,7133.4,256.3,-63.8,320.1,172.1,36.5,188.8,4.7,1346.0,133.2,95.8,11.0,378.5,295.4,374.1,298.4
47_19_2,26964.5,107.6,128.0,38.9,7188.9,267.4,-58.4,325.8,180.4,27.9,197.5,11.5,1325.0,129.4,94.9,10.1,369.8,291.2,364.9,293.5
47_19_20,26304.5,104.9,126.8,38.4,7171.3,263.0,-61.0,324.0,177.0,44.5,194.2,8.8,1326.5,130.9,95.3,11.0,371.7,291.9,367.0,295.8
47_19_21,28674.5,100.7,124.5,38.2,7130.4,257.3,-63.4,320.7,172.9,29.6,189.7,5.6,1344.3,133.1,96.0,11.0,377.3,295.2,373.2,298.4
47_19_22,23664.5,92.1,118.2,37.4,7038.8,243.8,-69.0,312.8,163.2,18.6,179.8,-1.9,1425.9,138.0,100.4,10.5,398.4,311.8,395.2,313.9
47_19_23,26314.5,91.2,117.6,37.4,7016.7,242.1,-69.2,311.3,162.0,14.0,178.4,-2.2,1446.7,139.3,101.4,10.3,403.0,315.9,400.7,317.3
47_19_24,26404.5,112.4,130.6,39.0,7261.8,273.3,-55.7,329.0,185.6,69.6,202.8,15.0,1257.3,126.3,88.9,11.0,355.0,274.6,348.2,285.1
47_19_25,28504.5,108.5,128.9,38.9,7209.6,267.8,-58.2,326.0,181.3,66.2,198.5,12.1,1278.7,128.0,91.1,11.2,359.9,280.2,353.6,289.6
47_19_26,25264.5,82.4,109.3,35.6,6974.1,227.7,-75.1,302.8,152.8,-5.6,169.2,-10.5,1546.1,145.4,105.8,10.4,429.9,333.0,427.7,333.3
47_19_27,26324.5,75.4,103.3,34.4,6971.2,217.5,-79.9,297.4,146.4,-17.6,162.4,-17.6,1615.5,150.6,110.2,10.0,449.0,347.7,445.2,347.7
47_19_28,24144.5,118.0,132.1,39.0,7380.6,281.8,-51.0,332.8,192.5,73.9,210.2,19.7,1221.9,123.7,86.2,11.0,347.3,266.4,339.6,277.8
47_19_3,26134.5,94.7,118.6,37.1,7159.6,248.7,-67.7,316.4,166.8,15.5,183.4,-1.6,1360.9,135.0,96.0,11.0,385.3,297.2,379.3,298.3
47_19_30,28144.5,112.9,130.3,39.0,7293.2,274.3,-54.9,329.2,186.3,70.0,203.7,15.8,1253.9,126.2,90.0,11.0,354.7,274.6,347.9,283.6
47_19_31,27934.5,118.9,131.7,39.0,7456.9,283.8,-50.9,334.7,194.2,74.3,212.0,19.5,1197.2,121.6,84.6,11.2,342.0,261.0,333.1,271.6
47_19_32,24164.5,116.5,131.8,39.5,7335.2,278.5,-52.8,331.3,189.8,72.4,207.5,18.1,1234.6,124.7,86.2,11.5,350.0,268.7,342.9,281.1
47_19_33,27924.5,99.6,121.5,37.4,7216.7,255.9,-64.1,320.0,172.4,46.5,189.5,3.2,1315.3,131.9,94.3,11.0,373.5,288.6,366.9,292.3
47_19_34,28134.5,103.3,125.5,38.3,7173.1,260.9,-61.9,322.8,175.6,39.0,192.7,7.1,1321.0,131.2,94.8,11.0,371.7,290.4,366.5,294.5
47_19_37,24124.5,100.8,124.5,38.3,7112.0,257.1,-63.3,320.4,172.1,22.1,189.3,5.7,1356.9,133.6,96.5,11.0,379.7,297.3,376.4,300.0
47_19_38,14604.5,117.5,130.5,38.8,7430.5,281.0,-51.5,332.5,192.2,73.3,210.3,18.5,1206.9,122.8,84.7,11.3,344.4,262.7,335.7,274.7
47_19_4,26144.5,101.9,124.6,37.9,7159.9,259.2,-62.9,322.1,173.8,22.9,191.2,5.9,1334.5,132.5,95.5,11.0,375.0,292.9,370.9,295.9
47_19_42,24894.5,107.7,126.4,38.2,7305.3,267.9,-58.6,326.5,181.8,46.0,198.9,10.2,1265.7,127.1,90.9,11.0,359.5,277.7,352.1,282.2
47_19_44,15184.5,100.0,123.7,38.1,7126.9,256.4,-64.1,320.5,171.7,21.4,188.9,4.5,1350.5,133.8,96.0,11.0,379.6,295.4,376.1,298.1
47_19_45,27144.5,96.0,119.4,37.1,7176.1,250.4,-66.6,317.0,168.4,28.0,185.4,-0.1,1341.2,134.0,95.8,11.0,380.5,294.2,374.0,296.9
47_19_48,15194.5,113.8,130.2,39.0,7304.6,274.9,-54.7,329.6,187.0,70.3,204.5,15.8,1242.2,125.9,87.0,11.4,352.6,270.6,345.1,282.3
47_19_5,24824.5,107.4,129.0,39.2,7165.0,266.3,-59.0,325.3,179.4,42.7,196.7,11.6,1315.1,129.3,94.7,10.8,367.4,290.2,362.4,294.1
47_19_51,25844.5,98.9,123.5,38.1,7083.5,255.0,-64.5,319.5,170.5,21.4,187.5,4.5,1379.8,135.5,97.6,11.0,385.4,301.1,383.9,303.2
47_19_52,14634.5,112.0,128.8,38.6,7337.5,274.0,-55.4,329.4,186.2,68.8,203.6,13.9,1245.7,125.4,89.5,11.0,353.9,273.4,346.2,280.0
47_19_54,14644.5,92.0,118.4,37.4,7043.2,243.9,-69.0,312.9,163.2,15.0,179.8,-2.0,1427.9,138.2,100.5,10.5,398.7,312.4,396.0,314.1
47_19_58,28024.5,103.3,125.6,38.5,7143.2,261.2,-61.2,322.4,175.3,24.0,192.3,7.9,1344.9,132.0,95.6,10.9,376.3,294.3,372.4,297.1
47_19_6,25184.5,115.5,131.5,39.3,7329.2,277.6,-53.4,331.0,189.2,71.4,206.6,17.4,1237.0,125.1,86.6,11.4,350.8,269.3,343.6,281.4
47_19_60,26684.5,110.7,128.6,38.8,7294.2,271.2,-56.5,327.7,183.9,59.9,201.5,12.8,1263.3,126.8,91.3,11.0,358.1,277.5,351.0,283.2
47_19_65,24884.5,116.7,131.4,39.0,7353.2,279.7,-52.0,331.7,190.9,72.6,208.4,18.5,1233.3,124.4,87.4,11.0,349.7,269.5,342.3,279.5
47_19_66,23494.5,98.0,120.3,37.1,7203.2,253.5,-65.0,318.5,170.4,18.2,187.3,1.2,1322.4,132.0,94.0,11.0,375.8,289.9,368.0,291.8
47_19_68,23504.5,99.2,123.5,38.1,7101.8,254.9,-64.5,319.4,170.7,24.9,187.7,4.3,1359.2,134.2,96.7,11.0,381.0,298.2,377.6,300.9
47_19_69,25994.5,114.2,130.8,39.0,7310.9,276.0,-54.2,330.2,188.1,71.2,205.7,16.7,1235.6,125.5,85.7,11.9,350.8,268.3,343.7,281.6
47_19_7,25194.5,105.7,125.3,38.0,7274.2,264.5,-60.1,324.6,179.4,63.3,196.4,8.5,1275.6,128.9,91.3,11.0,362.4,279.4,355.3,286.8
47_19_70,23514.5,105.9,125.4,38.0,7265.9,264.8,-59.8,324.6,179.3,63.6,196.6,8.9,1271.0,128.6,90.8,11.0,361.4,278.0,354.1,286.2
47_19_8,26744.5,98.7,120.9,37.3,7212.9,255.1,-64.7,319.8,171.8,23.1,188.5,2.3,1315.9,131.4,93.9,11.0,373.6,288.7,366.4,291.0
47_19_9,24734.5,99.5,121.4,37.3,7213.0,255.8,-64.2,320.0,172.0,31.3,189.0,2.9,1315.6,131.6,94.2,11.0,373.3,289.0,366.6,292.0
47_29_10,28514.5,133.6,134.9,39.0,7602.8,303.3,-38.0,341.3,211.2,86.6,229.4,33.0,1111.0,121.9,65.6,15.9,323.0,225.1,316.7,257.4
47_29_11,24774.5,124.9,133.7,39.0,7474.0,291.6,-45.3,336.9,200.6,89.7,218.7,25.4,1145.9,121.4,68.1,14.7,327.5,235.4,322.0,269.2
47_29_12,25134.5,133.0,134.7,39.0,7585.3,301.9,-38.8,340.7,209.9,91.6,228.1,32.4,1122.9,121.7,65.6,15.7,325.7,227.8,319.0,262.0
47_29_13,23874.5,131.3,134.4,39.0,7604.3,300.6,-39.9,340.5,209.1,137.8,227.5,31.1,1141.0,122.0,65.9,15.1,329.9,231.7,320.8,270.7
47_29_14,25474.5,128.9,134.2,39.0,7544.6,296.9,-41.9,338.8,205.8,135.4,223.8,29.3,1158.9,122.2,66.7,15.1,333.0,235.1,324.5,276.3
47_29_16,25144.5,108.4,129.7,39.6,7177.9,268.0,-58.0,326.0,121.6,109.5,198.1,12.8,1326.5,133.9,85.3,11.5,364.2,286.8,357.9,318.3
47_29_17,26564.5,126.6,134.4,39.4,7440.0,293.0,-44.1,337.1,202.2,127.6,220.1,27.9,1160.6,121.1,68.3,14.7,330.3,238.0,325.3,274.0
47_29_18,23714.5,100.8,126.0,38.6,7078.3,257.4,-62.9,320.3,98.7,107.7,189.5,6.7,1431.6,144.0,95.8,10.4,389.7,317.0,381.4,343.5
47_29_19,23924.5,127.3,134.5,39.4,7455.2,293.4,-43.7,337.1,202.7,133.4,220.4,28.3,1175.1,122.1,67.9,15.0,335.0,239.6,327.9,280.2
47_29_20,24674.5,125.9,134.1,39.1,7482.6,292.2,-45.1,337.3,201.6,132.0,219.9,26.8,1186.5,123.1,68.6,14.6,337.7,241.6,329.5,284.8
47_29_21,25314.5,120.3,134.5,40.0,7368.5,284.9,-49.5,334.4,172.4,126.9,212.8,22.4,1226.9,124.7,72.1,13.6,343.1,252.6,335.9,298.0
47_29_22,25484.5,131.9,135.4,39.2,7510.6,299.2,-40.0,339.2,208.0,138.0,226.4,32.6,1186.3,123.8,67.7,14.9,340.7,239.2,331.1,284.9
47_29_23,25324.5,120.9,135.1,40.0,7361.4,285.3,-49.5,334.8,164.6,127.1,213.2,22.9,1243.3,127.1,73.0,13.9,347.2,255.7,338.5,303.9
47_29_25,25604.5,109.2,131.1,39.7,7159.7,269.1,-57.7,326.8,106.7,115.4,198.9,13.8,1310.0,133.1,83.8,11.6,359.5,281.9,352.9,315.7
47_29_26,24484.5,132.1,135.2,39.0,7589.7,301.0,-39.9,340.9,209.3,137.8,227.5,31.5,1162.8,122.4,65.7,14.9,335.3,233.6,325.1,279.7
47_29_29,24474.5,128.9,135.0,39.1,7506.8,296.0,-42.5,338.5,205.2,135.2,223.1,29.5,1176.4,123.0,67.4,14.9,337.0,238.4,328.4,281.5
47_29_31,14764.5,106.4,128.7,39.4,7163.4,265.1,-59.3,324.4,111.6,112.7,195.9,10.9,1335.9,134.5,86.8,11.4,366.1,290.4,360.7,318.9
47_29_32,15064.5,129.7,134.2,39.0,7548.9,298.0,-41.3,339.3,206.4,93.9,224.6,29.7,1132.2,121.6,66.3,15.5,326.7,230.8,320.3,264.8
47_29_4,14774.5,126.4,135.1,39.3,7423.7,292.3,-45.2,337.5,201.6,132.4,219.4,27.8,1197.2,123.0,69.4,14.7,339.6,243.9,331.8,288.0
47_29_40,25594.5,117.2,134.0,39.7,7333.5,281.1,-52.6,333.7,122.1,124.0,208.8,19.3,1266.3,128.9,75.1,12.9,351.6,262.6,342.6,309.9
47_29_41,15154.5,117.9,131.9,39.0,7396.2,282.1,-51.4,333.5,192.4,119.6,210.4,19.6,1192.8,122.4,72.0,13.7,335.5,248.7,330.8,283.5
47_29_48,24494.5,109.0,132.6,39.9,7160.9,269.3,-58.5,327.8,106.9,115.8,198.7,13.4,1402.5,144.1,87.4,11.3,385.4,298.9,367.7,350.5
47_29_5,25914.5,119.4,132.7,39.0,7405.5,284.5,-49.7,334.2,194.3,120.5,212.2,20.9,1185.3,122.0,71.0,13.7,334.2,246.0,328.7,281.9
47_29_50,15164.5,120.2,134.3,39.9,7381.5,284.8,-50.0,334.8,187.7,126.4,212.6,21.9,1228.7,125.3,72.1,13.6,344.0,252.8,336.3,298.4
47_29_52,15094.5,124.0,133.5,39.3,7423.1,289.8,-46.0,335.8,199.3,93.6,217.2,25.6,1164.4,121.8,69.9,14.5,330.5,240.2,325.8,273.6
47_29_54,15104.5,130.6,134.4,39.0,7525.6,297.8,-40.9,338.7,207.4,137.0,225.2,31.1,1158.3,122.7,66.8,15.2,333.8,235.1,325.6,274.5
47_29_6,26244.5,124.8,135.1,39.6,7449.0,291.0,-46.4,337.4,177.1,131.3,218.2,25.9,1215.0,125.2,70.3,14.2,343.6,247.8,334.0,294.8
47_29_61,15114.5,97.3,123.6,38.2,7067.1,251.7,-65.6,317.3,94.6,104.0,185.3,3.0,1488.8,148.7,101.5,9.7,403.9,333.3,395.4,356.2
47_29_65,24524.5,129.1,134.3,39.0,7549.9,297.4,-41.9,339.3,206.1,135.6,224.2,29.5,1160.7,122.4,66.7,15.1,333.4,235.5,324.6,277.1
47_29_7,26764.5,127.3,136.0,40.0,7440.7,293.4,-44.5,337.9,187.2,133.5,220.6,28.6,1224.2,125.5,70.1,14.4,346.3,248.2,336.1,298.8
47_29_71,25854.5,102.7,127.1,38.9,7115.8,260.4,-61.8,322.2,100.3,84.9,191.6,7.8,1377.3,138.3,91.5,10.7,376.1,302.2,370.3,328.2
47_29_8,26254.5,130.4,136.4,40.0,7454.7,296.7,-42.3,339.0,205.7,136.5,223.8,31.6,1210.8,124.6,69.2,14.8,344.9,244.7,334.8,293.5
47_29_80,23524.5,81.9,113.0,36.2,7049.9,230.8,-76.8,307.6,79.5,97.7,169.8,-12.1,1777.4,175.7,124.3,8.1,478.1,407.0,459.3,433.0
47_29_9,26704.5,116.1,132.4,39.3,7284.8,279.6,-52.3,331.9,174.6,71.8,207.4,19.1,1196.0,121.7,74.4,13.2,333.2,250.7,331.2,281.5
47_59_10,25304.5,109.0,128.3,38.8,7261.0,268.8,-57.6,326.4,182.0,65.6,199.7,11.9,1255.5,127.1,81.9,12.3,351.4,268.5,347.2,291.9
47_59_11,25374.5,125.7,133.8,39.0,7520.4,293.0,-45.0,338.0,201.8,80.0,220.3,25.7,1120.1,121.3,68.0,15.0,322.9,230.0,318.0,259.3
47_59_12,26214.5,116.8,132.2,39.0,7326.6,281.1,-51.5,332.6,191.1,72.6,208.5,19.2,1169.7,120.3,73.2,13.6,329.3,243.9,327.2,272.2
47_59_13,24764.5,122.2,133.5,39.0,7445.3,288.7,-47.4,336.1,197.4,76.8,215.6,23.3,1136.0,120.3,69.1,14.5,324.2,233.9,320.5,264.1
47_59_14,26714.5,119.6,132.1,39.0,7425.5,284.6,-49.7,334.3,194.5,84.6,212.6,20.9,1167.7,121.6,70.8,14.0,331.2,242.5,326.4,274.7
47_59_15,25124.5,117.7,132.0,39.0,7397.9,281.8,-51.2,333.0,192.6,114.2,210.6,19.6,1185.9,122.3,72.0,13.7,335.0,247.2,329.8,280.8
47_59_2,24544.5,111.8,130.3,39.0,7283.7,272.8,-55.9,328.7,185.1,68.2,202.8,14.4,1213.1,123.6,78.2,12.6,342.2,257.1,337.4,281.4
47_59_20,26794.5,118.3,131.9,39.0,7398.5,282.4,-50.8,333.2,192.5,78.4,211.2,20.0,1173.0,121.3,71.2,13.9,331.4,244.3,327.2,276.3
47_59_25,15054.5,110.8,129.8,39.0,7263.2,271.4,-56.6,328.0,183.9,67.0,201.5,13.8,1223.8,123.5,78.9,12.4,342.9,259.9,339.5,285.0
47_59_5,26234.5,123.7,133.6,39.0,7490.7,290.1,-46.9,337.0,199.1,78.1,217.4,24.1,1128.9,121.2,68.8,14.5,324.2,232.5,319.3,262.2
47_59_54,15124.5,115.2,131.8,39.2,7321.4,278.3,-52.7,331.0,189.4,71.2,207.2,18.0,1183.2,121.1,74.3,13.5,333.0,247.4,330.1,275.9
47_59_6,26444.5,107.7,128.4,38.8,7226.7,266.8,-58.7,325.5,180.4,64.9,198.1,11.1,1258.2,126.3,84.3,11.9,353.1,270.7,348.1,289.8
47_59_63,26784.5,113.5,130.6,39.0,7320.4,275.4,-54.8,330.2,187.0,69.4,204.7,15.8,1203.9,123.6,77.1,13.1,340.6,254.0,335.5,279.4
47_59_66,25584.5,106.7,127.8,38.9,7232.8,265.8,-59.8,325.6,179.8,63.5,197.3,10.5,1265.9,126.4,83.8,11.9,353.8,272.3,349.4,293.5
47_59_7,23864.5,115.0,131.8,39.0,7342.7,278.0,-53.6,331.6,189.1,71.1,206.9,17.4,1183.9,123.0,75.7,13.3,336.7,249.3,331.7,274.4
47_59_78,23534.5,113.8,131.0,39.0,7331.0,276.4,-54.7,331.1,187.7,70.3,205.3,16.3,1193.8,123.5,76.7,13.2,339.1,252.3,334.1,276.8
47_59_8,28554.5,103.8,126.6,38.9,7189.3,261.4,-61.6,323.0,176.6,61.4,193.7,8.3,1297.1,127.8,87.0,11.4,360.5,281.0,356.3,300.6
47_59_83,23544.5,123.2,133.6,39.0,7477.1,289.5,-46.7,336.2,198.6,77.7,217.3,23.8,1129.6,121.0,68.8,14.7,323.9,232.6,319.8,262.2
47_59_84,23554.5,125.9,133.7,39.0,7505.9,293.1,-44.8,337.9,201.7,79.9,220.0,26.2,1126.3,121.0,67.9,15.0,323.5,230.7,318.9,261.6
47_59_9,23894.5,118.2,132.4,39.0,7397.5,282.5,-51.1,333.6,192.7,73.6,210.7,19.9,1161.8,122.3,72.6,13.8,332.1,242.4,327.0,270.0
47_91_1,26584.5,99.2,121.6,37.2,7249.3,256.6,-64.7,321.3,172.4,19.1,189.6,2.1,1297.3,127.9,92.0,10.7,368.3,283.9,357.6,284.6
47_91_10,23944.5,99.3,121.1,37.2,7241.6,256.1,-64.6,320.7,172.5,19.5,189.3,2.2,1310.8,129.2,93.0,11.0,371.5,286.6,361.8,287.4
47_91_11,25454.5,98.8,121.0,37.3,7218.0,255.5,-64.7,320.2,171.8,15.7,189.0,2.1,1320.5,130.2,93.6,10.9,374.1,288.3,365.3,289.3
47_91_12,23904.5,95.6,118.7,36.8,7206.1,250.6,-67.2,317.8,168.3,12.9,185.2,-1.2,1340.3,132.1,94.7,11.0,380.0,292.5,371.0,293.2
47_91_13,26064.5,103.2,124.6,37.9,7184.4,261.7,-61.1,322.8,175.7,24.0,193.1,7.4,1342.2,131.7,95.1,10.5,376.3,293.1,371.4,294.6
47_91_14,26024.5,107.2,127.0,38.3,7346.9,268.4,-59.3,327.7,181.5,25.6,199.2,8.9,1245.0,124.2,89.2,11.0,354.9,272.7,344.9,275.2
47_91_15,23954.5,99.6,121.5,37.3,7265.9,257.1,-64.9,322.0,172.9,19.3,189.9,2.3,1290.7,128.2,92.1,11.0,367.4,282.8,357.4,284.1
47_91_16,25464.5,102.2,123.3,37.8,7287.1,260.6,-62.7,323.3,175.8,21.2,192.8,4.3,1275.4,127.1,91.2,11.0,363.2,279.7,353.2,281.6
47_91_17,26034.5,106.4,126.1,38.0,7332.6,267.1,-59.7,326.8,180.6,25.0,198.1,8.1,1254.3,125.1,90.0,10.9,357.3,275.2,347.5,277.4
47_91_18,25394.5,106.9,126.4,38.0,7334.4,268.1,-59.2,327.3,181.1,25.6,198.9,9.1,1249.1,125.1,89.7,11.0,356.3,274.0,346.4,276.7
47_91_19,25344.5,105.0,124.9,37.9,7305.5,264.6,-60.9,325.5,178.7,24.0,196.1,7.1,1269.1,127.1,91.2,11.0,361.4,278.9,352.4,281.3
47_91_2,26354.5,101.1,122.4,37.6,7263.0,259.1,-63.2,322.3,174.5,20.8,191.9,3.8,1288.5,128.6,92.0,11.0,366.8,282.6,357.5,284.7
47_91_20,25294.5,100.4,122.3,37.7,7234.7,257.8,-63.6,321.4,173.5,20.7,190.7,3.6,1310.1,130.3,93.1,11.0,371.6,286.7,363.7,288.4
47_91_21,25354.5,101.0,122.7,37.4,7221.0,258.2,-63.1,321.3,174.0,21.3,190.6,4.3,1310.6,130.5,93.2,11.0,371.7,287.0,364.5,289.1
47_91_22,24994.5,100.3,123.2,38.1,7179.0,257.2,-63.6,320.8,172.7,24.8,189.8,4.7,1324.1,132.5,94.4,11.0,374.7,290.2,369.3,292.6
47_91_23,25494.5,112.8,129.4,38.8,7335.1,275.0,-55.1,330.1,186.8,38.4,204.0,14.4,1256.6,125.3,90.8,11.0,355.4,276.5,348.2,280.5
47_91_24,24174.5,112.8,129.4,39.0,7354.4,275.1,-54.9,330.0,186.8,46.3,204.4,14.1,1240.9,123.8,89.8,11.0,352.1,273.7,343.5,277.4
47_91_25,24944.5,105.0,124.7,37.9,7300.6,264.3,-60.6,324.9,178.7,23.9,195.7,7.1,1271.6,127.4,91.4,11.0,361.8,279.6,353.3,282.1
47_91_26,25034.5,95.9,119.0,37.0,7196.8,251.1,-66.8,317.9,168.6,13.2,185.5,-0.8,1337.2,131.8,94.5,10.9,379.0,292.0,370.1,292.6
47_91_3,27104.5,94.8,118.3,37.2,7198.8,249.2,-67.7,316.9,167.3,15.8,184.3,-1.9,1344.0,133.4,95.2,11.0,381.3,293.9,374.0,295.2
47_91_31,25794.5,106.8,126.5,38.1,7332.3,267.5,-59.8,327.3,180.8,25.1,197.8,8.2,1248.3,123.7,89.2,11.0,355.2,273.3,344.2,275.2
47_91_32,15074.5,101.4,122.9,37.7,7260.2,260.0,-62.9,322.9,175.1,16.2,192.5,4.3,1296.5,126.3,91.7,10.0,366.3,283.0,355.3,283.5
47_91_35,14784.5,97.4,120.5,37.3,7194.4,253.4,-65.7,319.1,170.4,18.2,187.0,1.2,1334.8,132.5,94.3,11.0,378.3,291.5,371.1,292.9
47_91_4,25174.5,99.0,122.0,37.9,7157.0,255.5,-63.9,319.4,171.3,18.7,188.3,3.4,1366.2,133.7,96.0,10.8,383.3,297.0,378.4,297.3
47_91_41,15134.5,100.1,122.1,37.2,7265.1,258.4,-64.1,322.5,173.7,20.1,190.8,3.0,1291.6,128.9,92.0,11.0,367.9,282.9,358.2,284.7
47_91_47,15214.5,109.7,128.4,38.3,7383.0,272.4,-57.6,330.0,184.5,27.8,202.4,11.2,1227.6,122.8,88.2,11.0,350.6,269.3,340.5,272.2
47_91_48,15224.5,95.5,118.8,37.0,7196.4,250.3,-67.1,317.4,168.2,16.4,185.1,-1.1,1346.3,132.6,95.0,11.0,381.1,293.8,372.9,294.2
47_91_5,26364.5,110.0,128.1,38.7,7310.7,271.2,-57.1,328.3,183.9,44.0,201.3,12.3,1262.8,126.2,91.4,11.0,357.9,277.9,350.4,281.8
47_91_52,24554.5,98.9,121.0,37.1,7233.2,255.6,-64.5,320.1,171.9,19.2,188.7,2.1,1312.5,129.5,93.1,10.7,371.9,287.1,362.6,288.1
47_91_55,24564.5,109.2,128.5,38.8,7239.2,269.7,-57.7,327.4,182.1,28.7,199.5,12.1,1306.8,128.3,93.6,10.4,366.3,286.8,360.9,289.4
47_91_56,25024.5,107.4,127.2,38.1,7359.3,268.8,-59.5,328.3,181.6,25.8,199.3,8.9,1241.5,124.0,88.9,11.0,354.3,272.0,343.8,274.9
47_91_59,23464.5,100.1,122.5,37.7,7158.1,257.2,-63.0,320.2,172.6,21.5,189.6,4.6,1360.7,133.4,96.0,10.8,382.2,296.5,376.8,297.1
47_91_6,24724.5,86.4,112.0,35.3,7165.2,237.2,-73.6,310.8,158.7,-9.8,175.4,-9.8,1391.1,134.3,96.6,10.0,392.7,300.0,380.4,300.0
47_91_61,23474.5,108.1,127.0,38.4,7284.1,268.4,-58.4,326.8,181.6,38.5,198.9,10.8,1273.0,127.3,91.8,11.0,360.8,279.9,353.5,283.6
47_91_62,23484.5,88.9,113.5,36.0,7172.0,240.8,-71.6,312.4,161.3,-7.7,178.0,-7.7,1378.4,132.9,95.8,10.2,388.8,297.8,376.9,297.8
47_91_7,25204.5,105.3,126.3,38.0,7324.0,266.1,-60.7,326.8,179.3,24.1,197.1,7.3,1250.4,123.2,89.2,10.5,355.6,273.6,343.7,275.4
47_91_8,26414.5,108.6,128.4,38.6,7360.3,270.6,-58.8,329.4,182.7,26.8,200.4,9.8,1228.1,121.8,88.2,11.0,350.2,269.2,338.6,271.8
47_91_9,23674.5,101.1,122.7,37.6,7262.5,259.3,-63.7,323.0,174.6,14.1,191.8,3.9,1297.7,126.4,91.7,10.0,366.9,283.3,355.6,283.3
47_9_10,24414.5,125.3,134.2,40.0,7358.9,287.2,-46.5,333.7,41.4,136.8,216.6,26.3,1460.8,152.0,85.7,13.5,411.2,300.4,373.5,388.2
47_9_13,24444.5,124.0,134.0,40.0,7358.9,285.8,-47.2,333.0,40.1,169.2,215.3,25.1,1486.4,155.1,87.7,13.2,419.9,306.7,377.4,396.8
47_9_14,14744.5,122.3,136.5,40.1,7299.3,284.1,-49.9,334.0,39.4,129.7,212.9,24.4,1457.8,151.2,86.0,13.1,408.4,301.1,373.5,384.7
47_9_17,20304.5,105.5,127.3,38.8,7202.8,262.5,-61.4,323.9,23.3,158.8,195.1,8.9,1664.7,172.5,104.2,11.6,464.9,355.6,413.9,438.8
47_9_25,24394.5,131.0,135.7,40.0,7405.1,293.9,-41.8,335.7,47.1,138.1,222.8,31.9,1373.3,141.7,79.5,13.9,382.3,279.4,358.7,359.8
47_9_29,24424.5,133.2,131.5,38.9,7486.7,296.2,-38.1,334.3,48.2,159.2,226.2,32.6,1398.3,145.8,81.1,14.1,393.7,284.3,360.0,372.1
47_9_3,14754.5,116.5,133.0,39.9,7279.0,276.7,-53.7,330.4,33.4,170.7,206.6,18.8,1555.6,162.4,93.9,12.8,438.9,325.5,390.5,414.4
47_9_30,24434.5,128.4,133.0,39.0,7401.8,290.4,-43.1,333.5,44.4,145.3,220.3,29.3,1446.8,151.0,84.5,14.0,408.5,296.0,369.9,386.0
47_9_31,24454.5,121.4,133.7,40.0,7324.1,282.5,-49.4,331.9,37.7,170.7,212.4,23.3,1531.6,160.3,91.3,13.1,434.5,317.5,385.5,410.7
47_9_39,25704.5,118.0,134.9,40.0,7255.9,278.8,-52.9,331.7,35.4,134.6,208.1,20.5,1506.3,156.3,90.4,12.6,422.2,314.5,382.4,398.3
47_9_40,24574.5,127.8,133.4,39.4,7390.1,289.8,-43.4,333.2,43.8,149.7,219.7,28.8,1456.6,151.9,85.2,13.8,411.4,298.1,372.0,389.0
47_9_41,25104.5,123.2,136.7,40.1,7321.2,285.5,-49.2,334.7,40.2,130.3,213.9,24.9,1425.5,147.2,83.5,13.4,396.8,293.2,368.8,373.2
47_9_42,25114.5,88.6,117.3,37.0,7096.2,240.4,-72.7,313.1,7.6,141.0,176.8,-6.3,1811.7,183.2,120.9,9.2,490.6,402.3,454.2,461.7
47_9_44,24404.5,117.9,133.4,39.9,7267.6,278.0,-52.4,330.4,34.9,143.8,207.8,20.2,1533.3,159.4,92.3,12.7,431.6,320.0,386.8,407.7
47_9_47,24464.5,138.1,132.3,39.0,7478.0,301.3,-33.1,334.4,53.0,164.3,230.7,38.1,1408.4,148.6,81.7,14.9,401.0,284.8,360.3,378.3
47_9_5,28524.5,124.4,133.1,39.3,7372.0,286.4,-46.7,333.1,40.9,174.5,216.2,25.6,1462.4,152.3,85.8,13.2,411.4,301.2,373.3,388.7
47_9_52,24244.5,119.1,136.2,40.3,7255.8,280.3,-52.8,333.1,36.5,126.3,209.0,21.7,1478.5,153.6,88.2,12.6,413.7,307.9,376.9,389.2
47_9_54,24254.5,116.6,133.2,39.8,7270.7,277.0,-53.6,330.6,33.7,147.3,206.9,19.2,1523.0,157.9,91.6,12.5,426.4,318.5,386.0,402.5
47_9_55,24264.5,100.0,124.7,38.1,7156.6,255.5,-65.2,320.7,18.4,153.0,189.1,4.4,1715.0,176.3,109.5,10.9,474.9,370.7,426.3,448.5
47_9_58,24274.5,133.6,132.1,39.0,7445.5,296.6,-37.8,334.4,48.9,159.2,226.0,33.9,1415.4,148.3,81.9,14.1,400.9,286.9,363.1,378.9
47_9_61,24284.5,136.5,133.3,39.3,7420.0,299.2,-34.7,333.9,51.8,143.2,228.5,37.2,1430.2,150.7,83.1,14.7,407.4,289.3,365.4,384.4
47_9_67,24194.5,106.3,129.1,39.2,7190.3,264.1,-61.1,325.2,24.3,159.5,195.7,10.1,1628.2,168.3,101.8,11.4,453.3,348.4,407.5,427.6
47_9_7,24384.5,98.7,124.0,38.2,7145.7,253.9,-66.2,320.1,17.0,151.5,187.6,3.0,1708.1,174.9,109.9,10.5,469.7,371.7,427.6,442.6
47_9_70,24204.5,126.5,133.2,39.2,7392.5,289.0,-44.5,333.5,42.5,181.8,218.3,27.5,1477.9,154.7,86.7,13.9,418.9,303.4,374.9,395.9
51_105_37,22804.5,117.7,126.4,37.2,7718.9,284.3,-51.3,335.6,196.2,125.0,214.2,14.6,1209.6,122.6,74.0,12.4,338.7,253.3,325.7,300.7
51_105_66,22474.5,109.8,122.9,36.6,7670.5,273.4,-58.7,332.1,187.5,117.5,205.4,7.0,1261.3,127.1,79.1,12.0,354.1,268.3,340.7,308.3
51_105_74,22774.5,115.2,124.8,37.0,7721.8,280.5,-54.3,334.8,193.3,122.9,211.3,11.7,1222.4,124.2,76.4,12.0,343.8,259.2,330.8,299.5
51_105_80,27854.5,117.8,126.9,37.1,7752.6,284.9,-52.3,337.2,196.4,125.3,214.3,13.9,1214.4,122.9,74.9,12.0,340.3,255.6,327.3,300.7
51_105_81,28394.5,116.4,125.8,37.1,7695.4,282.3,-52.7,335.0,194.3,124.0,211.9,13.3,1222.6,124.0,74.5,12.2,342.4,255.9,329.4,303.9
51_113_10,14584.5,94.6,113.8,33.0,8051.8,261.5,-78.7,340.2,148.7,-13.5,195.0,-13.5,1173.0,113.6,76.5,13.2,328.2,235.9,317.7,235.9
51_113_13,14574.5,83.3,107.0,31.6,8035.8,245.7,-87.1,332.8,102.4,-24.8,183.1,-24.8,1234.3,120.2,80.0,13.4,349.2,248.0,329.1,248.0
51_113_2,20734.5,109.6,123.7,34.8,8126.8,283.5,-68.2,351.7,194.7,0.5,210.9,0.5,1098.4,107.1,71.5,13.9,309.6,220.9,305.8,220.9
51_113_20,22304.5,93.7,113.6,32.6,8087.9,260.7,-80.2,340.9,133.4,-15.1,194.4,-15.1,1161.1,112.6,74.8,13.8,324.5,231.8,316.1,231.8
51_113_32,21134.5,96.7,115.0,33.0,8093.6,265.1,-77.7,342.8,178.9,-11.9,197.6,-11.9,1150.4,111.7,74.5,14.0,321.0,229.9,314.5,229.9
51_121_20,21524.5,106.6,130.7,37.7,7653.2,277.2,-63.8,341.0,184.5,4.1,202.1,4.1,989.1,100.6,66.5,12.6,283.9,204.8,272.7,204.8
51_121_26,22484.5,106.5,130.7,38.0,7644.4,276.8,-62.8,339.6,184.2,4.0,202.2,4.0,997.8,100.4,67.2,12.4,285.2,206.1,274.3,206.1
51_121_33,20634.5,105.3,129.9,37.8,7647.4,275.2,-64.8,340.0,183.0,2.9,200.9,2.9,993.7,100.9,66.6,12.5,285.3,205.5,273.7,205.5
51_121_46,21944.5,107.1,130.2,37.7,7686.1,278.4,-62.2,340.6,185.4,4.3,203.6,4.3,1007.9,100.8,68.9,12.0,285.6,209.3,276.5,209.3
51_121_75,23024.5,105.0,129.7,37.9,7656.6,275.2,-64.1,339.3,183.2,2.4,201.1,2.4,1014.8,101.3,68.5,12.0,287.9,209.3,278.1,209.3
51_121_80,27594.5,115.2,133.1,38.0,7765.7,289.3,-56.0,345.3,194.2,11.3,212.7,11.3,973.6,97.9,67.4,12.0,276.6,203.8,269.3,203.8
51_125_12,19934.5,117.1,129.3,36.7,7903.4,291.0,-55.4,346.4,193.0,12.3,217.0,12.3,1109.4,108.6,76.2,11.6,303.4,235.6,292.7,235.6
51_125_37,22184.5,93.8,115.6,34.1,7827.8,259.5,-74.8,334.3,102.7,-10.8,192.0,-10.8,1266.2,124.3,87.7,10.6,348.6,271.5,321.7,271.5
51_125_5,19924.5,102.1,120.8,35.2,7826.0,270.5,-67.5,338.0,110.3,-2.0,200.5,-2.0,1210.8,118.4,83.6,10.7,329.5,260.3,308.8,260.3
51_125_63,22414.5,91.5,115.3,34.2,7806.0,256.3,-76.3,332.6,100.7,-13.0,189.1,-13.0,1276.7,125.2,88.9,10.1,350.4,275.5,322.5,275.5
51_125_86,21884.5,103.2,122.3,35.7,7852.9,272.8,-66.7,339.5,112.2,-0.8,202.2,-0.8,1195.0,117.1,82.3,11.0,326.3,256.1,305.1,256.1
51_125_89,27904.5,96.2,117.8,34.7,7817.3,262.6,-72.6,335.2,104.9,-7.9,194.1,-7.9,1245.4,122.2,86.1,10.6,341.8,267.6,315.6,267.6
51_139_17,19224.5,101.6,122.0,34.6,8083.9,274.7,-74.2,348.9,186.3,-6.8,202.4,-6.8,1082.6,105.5,70.0,14.1,305.7,215.6,301.1,215.6
51_139_18,20044.5,101.0,124.8,34.9,8133.2,276.1,-77.2,353.3,183.8,-8.1,202.8,-8.1,1040.1,102.6,66.1,14.5,297.3,204.0,293.4,204.0
51_139_20,14534.5,115.1,137.6,36.9,8258.6,299.0,-69.6,368.6,199.5,4.3,218.7,4.3,963.9,95.5,62.3,14.9,279.8,189.9,277.7,189.9
51_139_23,20154.5,108.2,129.9,35.5,8207.6,286.4,-73.7,360.1,191.6,-2.1,210.7,-2.1,1025.0,101.2,65.8,14.1,293.7,202.3,290.1,202.3
51_139_25,19784.5,92.6,114.1,32.8,8045.7,259.8,-80.6,340.4,146.7,-15.5,192.9,-15.5,1163.6,112.8,75.4,13.6,326.9,232.8,315.9,232.8
51_139_30,19214.5,85.1,108.2,31.9,8040.8,248.6,-86.1,334.7,111.1,-22.8,185.2,-22.8,1216.4,118.2,78.5,13.7,343.4,243.7,325.9,243.7
51_139_37,22434.5,107.5,131.2,35.8,8205.1,287.1,-74.1,361.2,191.2,-2.6,210.3,-2.6,991.1,98.3,63.0,15.0,286.6,193.4,283.9,193.4
51_139_38,22444.5,90.8,112.3,32.9,8028.7,256.3,-81.8,338.1,116.3,-17.2,190.4,-17.2,1177.5,113.5,76.2,13.2,329.2,235.8,318.1,235.8
51_139_50,22554.5,93.8,119.3,34.1,8051.8,264.8,-80.8,345.6,175.7,-14.3,194.3,-14.3,1091.4,106.6,69.8,14.1,308.1,215.5,302.2,215.5
51_139_53,21934.5,107.0,125.5,34.8,8150.2,282.4,-72.6,355.0,190.1,-2.4,209.0,-2.4,1061.1,104.0,68.5,14.0,301.2,210.8,297.7,210.8
51_139_55,27804.5,114.7,136.9,36.7,8246.4,297.8,-69.9,367.7,198.5,3.8,217.9,3.8,966.6,95.6,62.4,14.9,279.7,190.6,278.2,190.6
51_139_59,27814.5,107.9,129.7,35.7,8167.8,287.0,-72.2,359.2,193.6,-1.4,210.3,-1.4,991.7,98.4,62.8,15.0,286.4,193.6,284.2,193.6
51_139_62,23334.5,102.8,125.1,35.0,8104.6,278.0,-73.8,351.8,186.3,-5.9,204.0,-5.9,1032.9,101.7,65.6,14.7,295.4,202.5,292.0,202.5
51_139_8,19974.5,98.7,118.6,33.5,8101.8,269.1,-77.0,346.1,159.9,-10.2,199.7,-10.2,1116.9,108.4,72.0,14.0,313.8,222.1,307.9,222.1
51_139_9,19774.5,118.4,133.8,36.5,8194.1,300.4,-62.2,362.6,212.8,9.4,221.4,9.4,977.5,98.7,62.8,15.0,285.4,193.3,282.4,193.3
51_155_14,22684.5,108.9,133.0,38.0,7662.3,279.5,-63.5,343.0,186.5,9.3,204.7,5.7,976.1,100.8,65.0,13.2,285.4,204.3,271.5,204.3
51_155_25,21294.5,107.8,133.8,38.6,7644.1,278.5,-64.2,342.7,185.5,16.0,203.6,5.2,989.0,101.7,66.3,13.0,288.9,207.8,274.2,207.8
51_155_39,21624.5,110.1,134.6,38.8,7668.7,281.9,-62.8,344.7,188.1,23.2,206.2,7.3,969.7,100.5,64.9,13.0,284.6,203.1,270.7,203.4
51_155_59,21754.5,107.0,132.0,38.1,7641.8,276.9,-64.9,341.8,184.3,9.8,202.4,4.4,981.4,101.4,66.3,12.9,286.3,206.5,272.8,206.7
51_155_72,21904.5,109.6,134.0,38.5,7667.9,281.1,-62.8,343.9,187.6,22.7,205.3,6.5,969.7,100.7,65.7,13.0,283.8,204.6,270.5,204.9
51_155_74,23274.5,108.4,133.9,38.6,7646.7,279.4,-63.7,343.1,186.4,18.2,204.0,5.8,984.8,101.3,65.8,13.0,287.5,206.5,273.3,206.5
51_157_11,21474.5,95.8,116.5,33.2,8182.2,266.6,-80.6,347.2,178.9,-13.9,197.9,-13.9,1109.0,109.4,70.6,14.0,314.2,218.4,306.7,218.4
51_157_12,14564.5,92.4,112.4,32.4,8117.3,258.9,-81.6,340.5,167.4,-16.9,193.2,-16.9,1161.4,113.1,74.7,14.0,325.1,230.9,316.4,230.9
51_157_24,22064.5,101.1,118.9,33.7,8158.2,272.6,-75.8,348.4,183.9,-8.5,203.1,-8.5,1113.4,109.2,71.6,14.0,314.1,221.1,308.0,221.1
51_157_49,21974.5,108.8,127.3,35.0,8213.4,285.5,-73.0,358.5,192.0,-1.9,211.0,-1.9,1056.5,104.6,68.0,14.0,301.3,209.2,297.1,209.2
51_157_5,21004.5,96.0,113.3,32.3,8257.8,265.5,-80.5,346.0,179.3,-15.3,198.8,-15.3,1118.7,111.4,71.4,14.1,318.3,219.9,309.5,219.9
51_157_7,14554.5,104.4,123.4,34.2,8226.0,278.7,-75.6,354.3,187.6,-6.6,206.9,-6.6,1068.1,105.9,68.1,14.0,305.4,210.2,299.8,210.2
51_15_105,28094.5,113.5,134.7,38.0,7896.7,290.6,-60.7,351.3,194.3,8.9,213.4,8.9,1027.7,102.8,68.8,12.0,287.7,213.0,278.8,213.0
51_15_109,20714.5,97.3,127.3,36.4,7884.1,270.5,-75.7,346.2,177.8,-7.8,196.1,-7.8,1055.5,103.7,70.0,12.2,294.5,215.1,288.0,215.1
51_15_115,21674.5,108.2,134.6,37.9,7908.4,285.7,-66.4,352.1,188.8,2.7,207.8,2.7,1007.9,102.0,66.8,13.0,285.1,205.4,278.2,205.4
51_15_133,22514.5,88.3,121.9,35.4,7884.0,258.2,-83.8,342.0,168.6,-17.3,186.5,-17.3,1110.1,107.4,74.6,11.5,307.8,229.0,300.6,229.0
51_15_148,22574.5,103.6,130.8,37.0,7889.7,279.1,-69.7,348.8,184.3,-1.4,203.0,-1.4,1050.7,104.0,70.6,12.0,292.0,217.5,283.8,217.5
51_15_153,22144.5,106.5,123.6,35.4,7899.3,277.9,-64.9,342.8,157.0,1.6,205.9,1.6,1159.5,112.7,79.5,11.4,318.2,244.6,303.9,244.6
51_15_155,22384.5,102.1,130.8,37.0,7916.0,277.7,-72.3,350.0,182.9,-3.3,201.3,-3.3,1006.0,101.1,65.6,13.1,285.2,201.9,280.3,201.9
51_15_156,22964.5,104.9,132.3,37.1,7920.4,281.1,-69.8,350.9,185.2,-0.8,204.1,-0.8,1008.8,101.4,66.1,12.9,285.2,203.9,279.4,203.9
51_15_158,22814.5,99.4,127.5,36.3,7876.8,272.3,-73.2,345.5,179.9,-5.6,198.0,-5.6,1094.2,105.9,74.4,11.1,299.4,228.7,290.6,228.7
51_15_16,21434.5,107.2,123.7,35.3,7963.5,280.3,-65.3,345.6,193.3,1.1,207.7,1.1,1118.5,108.8,75.2,12.6,312.1,230.0,303.3,230.0
51_15_162,21184.5,103.3,122.8,35.6,7860.9,273.5,-67.2,340.7,127.9,-1.4,202.4,-1.4,1174.1,113.8,80.5,11.0,319.9,249.1,303.8,249.1
51_15_17,20064.5,98.3,128.3,36.2,7902.5,272.2,-75.6,347.8,178.8,-7.1,197.3,-7.1,1043.7,103.1,68.8,12.4,292.2,211.9,286.2,211.9
51_15_171,22904.5,100.1,129.4,36.6,7918.8,275.1,-73.6,348.7,180.9,-5.6,199.4,-5.6,1020.2,101.9,67.0,13.0,288.0,205.3,283.0,205.3
51_15_177,22854.5,95.3,118.9,34.8,7845.0,263.1,-73.8,336.9,104.4,-9.1,193.9,-9.1,1221.6,119.4,84.1,10.8,335.7,260.5,311.7,260.5
51_15_18,20684.5,111.2,135.5,37.9,7989.8,291.6,-64.4,356.0,204.9,5.2,212.6,5.2,947.5,97.6,60.4,15.0,276.3,186.0,272.5,186.0
51_15_182,28064.5,100.1,129.5,36.3,7934.3,276.1,-73.9,350.0,181.1,-5.4,199.8,-5.4,1003.7,100.7,65.2,13.4,286.0,199.4,281.5,199.4
51_15_184,26834.5,108.0,133.9,37.3,7962.0,286.9,-67.2,354.1,197.5,2.0,208.5,2.0,961.5,98.5,61.3,14.6,278.3,188.7,274.7,188.7
51_15_188,23404.5,85.3,119.8,34.8,7899.5,253.6,-87.0,340.6,164.8,-21.2,183.2,-21.2,1134.8,109.2,76.6,10.8,314.2,235.8,306.6,235.8
51_15_190,21254.5,79.5,116.0,34.1,7865.1,245.8,-91.0,336.8,159.4,-25.9,177.4,-25.9,1202.6,114.0,82.6,10.0,328.8,254.2,319.8,254.2
51_15_191,23364.5,95.0,126.7,35.9,7899.6,268.0,-78.6,346.6,175.7,-10.6,193.7,-10.6,1055.7,104.1,69.9,11.9,295.3,215.4,288.8,215.4
51_15_193,26844.5,86.3,120.9,34.9,7873.0,255.6,-86.0,341.6,166.5,-19.5,184.3,-19.5,1133.4,109.0,76.9,10.6,312.6,236.9,304.8,236.9
51_15_194,21894.5,94.3,126.4,36.1,7898.3,267.1,-78.8,345.9,175.0,-11.0,193.2,-11.0,1071.8,105.2,71.6,11.4,298.5,220.5,291.3,220.5
51_15_196,27464.5,99.7,129.4,36.8,7886.7,274.2,-73.7,347.9,180.0,-5.8,198.5,-5.8,1037.8,102.8,68.7,12.3,290.8,211.6,284.2,211.6
51_15_198,27554.5,97.9,128.9,36.4,7896.8,271.9,-76.1,348.0,178.5,-7.5,197.0,-7.5,1050.3,103.9,70.0,12.0,293.6,215.7,286.6,215.7
51_15_200,28084.5,101.1,129.7,36.6,7902.4,275.9,-72.7,348.6,181.5,-4.2,200.4,-4.2,1038.0,102.8,68.7,12.3,290.7,211.2,284.4,211.2
51_15_205,22934.5,100.3,128.1,36.5,7887.7,273.7,-72.8,346.5,180.7,-5.3,199.1,-5.3,1065.7,104.2,71.5,11.7,294.6,220.0,287.2,220.0
51_15_208,14444.5,82.8,116.4,34.2,7834.4,249.1,-86.8,335.9,162.7,-21.9,180.5,-21.9,1228.9,115.0,85.1,9.7,330.4,262.9,319.8,262.9
51_15_211,27954.5,106.3,133.4,37.6,7909.3,283.1,-68.3,351.4,187.1,0.8,205.7,0.8,1015.3,102.4,67.4,12.7,286.8,207.2,279.9,207.2
51_15_213,22884.5,87.5,122.1,35.4,7861.3,257.1,-84.1,341.2,167.5,-17.7,185.4,-17.7,1147.8,110.2,78.8,10.1,313.7,243.3,304.7,243.3
51_15_214,27164.5,106.7,133.6,37.7,7905.7,283.5,-68.1,351.6,187.3,1.1,205.7,1.1,1024.5,103.2,68.4,12.0,288.6,210.6,281.3,210.6
51_15_215,21064.5,107.8,133.5,37.4,7910.4,284.6,-66.8,351.4,188.1,2.2,207.1,2.2,1023.5,102.7,68.3,12.3,287.9,210.3,280.0,210.3
51_15_217,27724.5,99.6,128.0,36.6,7868.0,272.8,-73.1,345.9,180.1,-5.4,198.2,-5.4,1091.3,106.3,74.3,10.8,299.7,228.9,290.8,228.9
51_15_218,27884.5,106.5,132.7,37.3,7887.7,282.7,-67.8,350.5,186.8,1.5,205.5,1.5,1043.6,104.2,70.3,11.9,291.9,216.4,283.3,216.4
51_15_219,21094.5,104.9,130.9,37.1,7891.1,279.7,-69.0,348.7,185.4,-0.2,203.7,-0.2,1064.8,105.2,72.4,11.5,295.5,222.5,286.1,222.5
51_15_222,28364.5,102.6,131.4,36.9,7901.8,278.4,-71.4,349.8,183.3,-2.4,201.8,-2.4,1043.4,104.2,70.1,11.7,292.1,215.8,284.2,215.8
51_15_23,14464.5,98.5,127.7,36.3,7889.7,272.5,-75.0,347.5,179.5,-6.5,197.6,-6.5,1060.4,104.1,70.6,12.2,295.1,217.2,287.8,217.2
51_15_26,22224.5,107.7,132.9,37.6,7903.6,283.8,-66.5,350.3,188.4,2.4,206.9,2.4,1043.7,104.2,70.4,12.1,291.9,216.4,282.9,216.4
51_15_28,20484.5,92.7,124.6,35.7,7919.1,265.3,-80.7,346.0,173.4,-13.1,192.0,-13.1,1060.8,104.3,70.1,12.3,298.0,214.6,292.1,214.6
51_15_29,14474.5,105.1,131.1,37.0,7889.0,281.0,-68.2,349.2,185.8,0.1,204.6,0.1,1039.8,103.0,69.6,12.1,289.9,213.8,282.5,213.8
51_15_33,20434.5,94.6,125.8,35.8,7859.4,266.3,-77.9,344.2,174.6,-10.5,192.9,-10.5,1122.6,108.8,77.2,10.4,307.0,237.8,297.4,237.8
51_15_39,28104.5,107.0,133.2,37.0,7912.5,284.5,-67.4,351.9,187.6,1.5,206.6,1.5,994.9,100.5,65.1,13.4,282.5,199.7,277.8,199.7
51_15_42,20384.5,90.2,122.8,35.4,7889.4,260.8,-82.5,343.3,170.4,-15.6,188.2,-15.6,1097.3,106.5,73.3,11.6,304.7,225.5,297.8,225.5
51_15_44,14514.5,111.2,127.5,36.4,7904.5,284.8,-60.7,345.5,200.1,6.6,211.5,6.6,1117.1,108.1,76.3,11.6,305.2,235.0,295.5,235.0
51_15_50,20724.5,80.7,116.5,34.0,7870.6,247.3,-90.6,337.9,160.9,-25.3,178.5,-25.3,1197.0,113.5,82.6,9.7,327.1,254.3,317.9,254.3
51_15_55,22394.5,111.2,133.9,37.9,7901.9,288.1,-62.7,350.8,191.8,6.3,210.8,6.3,1030.6,103.3,69.2,12.0,289.1,213.2,280.2,213.2
51_15_61,20454.5,99.8,128.2,36.7,7880.9,273.3,-73.5,346.8,180.1,-5.3,198.6,-5.3,1068.4,104.5,71.6,11.7,295.2,220.7,287.6,220.7
51_15_65,22374.5,114.3,128.8,36.8,7926.9,288.8,-58.5,347.3,207.1,9.2,214.6,9.2,1098.3,107.5,75.1,11.9,304.8,229.3,295.2,229.3
51_15_66,27284.5,112.4,129.7,37.0,7896.4,286.4,-60.0,346.4,193.2,7.5,212.1,7.5,1091.9,105.8,74.6,11.0,297.0,230.8,287.8,230.8
51_15_73,20444.5,94.2,126.4,36.0,7877.8,267.0,-78.8,345.8,174.4,-11.0,193.0,-11.0,1077.4,105.6,72.2,11.6,299.6,222.7,291.9,222.7
51_15_8,21404.5,88.8,120.9,34.9,7853.8,257.5,-82.4,339.9,168.7,-16.3,186.7,-16.3,1169.3,110.9,80.2,10.1,316.5,247.7,306.9,247.7
51_15_87,20474.5,99.7,129.7,36.7,7901.3,274.5,-74.2,348.7,180.1,-5.7,198.8,-5.7,1026.6,102.3,67.9,12.5,288.8,208.0,283.0,208.0
51_15_89,20674.5,111.9,134.1,37.9,7899.7,288.5,-62.1,350.6,192.5,6.9,211.5,6.9,1042.5,104.0,70.4,12.0,291.0,217.0,281.0,217.0
51_15_9,28324.5,99.4,120.3,35.0,7851.5,268.1,-70.5,338.6,108.1,-5.2,198.0,-5.2,1213.4,119.3,83.6,11.0,333.2,259.5,309.2,259.5
51_15_91,22614.5,110.5,133.6,37.8,7903.3,287.3,-63.4,350.7,191.3,5.5,210.2,5.5,1035.1,103.9,69.5,12.2,290.2,214.4,281.2,214.4
51_15_93,21414.5,109.1,127.8,36.4,7886.9,281.8,-63.7,345.5,183.1,4.1,208.1,4.1,1109.7,106.7,75.7,11.0,300.7,234.1,291.8,234.1
51_15_94,20014.5,101.1,129.8,36.7,7886.8,275.8,-72.8,348.6,181.6,-4.0,199.9,-4.0,1049.7,103.8,70.3,11.9,292.3,216.0,285.1,216.0
51_15_97,21424.5,97.1,128.0,36.1,7923.6,271.2,-77.5,348.7,178.1,-8.8,196.1,-8.8,1025.9,102.0,67.1,13.0,290.1,205.4,284.4,205.4
51_15_99,20464.5,111.6,129.5,36.8,7891.9,285.7,-61.4,347.1,198.9,6.8,211.2,6.8,1088.3,105.9,74.2,11.3,298.2,228.2,289.5,228.2
51_161_68,27254.5,111.5,129.9,37.3,7775.4,284.3,-58.2,342.5,191.3,7.7,209.2,7.7,1024.9,100.8,70.9,11.0,286.5,213.9,279.8,213.9
51_163_1,14524.5,104.7,120.2,35.6,7766.6,271.9,-62.5,334.4,149.0,1.7,202.5,1.7,1185.9,113.0,82.7,9.8,317.8,255.6,306.9,255.6
51_163_109,22994.5,106.4,129.1,36.9,7853.5,279.8,-65.2,345.0,186.8,1.8,205.0,1.8,1103.3,107.3,77.0,10.6,302.1,234.5,292.2,234.5
51_163_113,23354.5,99.7,121.6,35.4,7836.9,268.8,-70.0,338.8,122.7,-4.6,198.4,-4.6,1203.2,117.7,83.1,10.8,329.0,258.3,305.8,258.3
51_163_114,21104.5,112.7,129.1,37.1,7866.2,286.1,-59.2,345.3,192.9,8.4,212.0,8.4,1101.5,106.6,75.4,11.1,299.0,234.1,288.5,234.1
51_163_117,27994.5,107.4,125.7,36.1,7849.3,278.8,-63.8,342.6,129.9,3.4,206.3,3.4,1146.4,111.0,79.0,10.3,309.7,245.4,295.3,245.4
51_163_119,27844.5,107.2,124.3,36.1,7823.8,277.6,-63.1,340.7,144.0,3.2,205.6,3.2,1157.8,111.6,80.0,10.3,311.9,248.8,297.9,248.8
51_163_121,27834.5,110.1,124.4,36.2,7811.8,279.8,-59.9,339.7,168.1,6.1,208.4,6.1,1148.4,109.8,79.4,10.0,308.1,247.4,296.5,247.4
51_163_123,22914.5,113.4,125.0,36.2,7820.1,283.3,-56.4,339.7,193.8,9.5,211.9,9.5,1129.9,108.1,78.1,10.0,304.1,243.7,293.6,243.7
51_163_126,26814.5,125.2,129.6,37.2,7845.2,297.3,-46.3,343.6,205.3,20.9,224.1,20.9,1060.2,104.2,72.2,10.5,291.6,228.4,283.2,228.4
51_163_136,27084.5,109.1,130.1,37.0,7857.5,283.7,-62.3,346.0,189.8,4.8,208.0,4.8,1090.6,106.1,75.3,10.8,298.5,231.0,288.5,231.0
51_163_14,28244.5,115.9,126.7,36.8,7831.3,286.5,-54.6,341.1,195.9,12.1,214.1,12.1,1112.0,107.2,76.6,10.0,300.5,239.6,290.4,239.6
51_163_21,28254.5,108.2,125.5,36.1,7857.9,279.6,-62.5,342.1,159.7,3.7,207.0,3.7,1147.5,110.3,79.0,10.7,308.5,245.9,295.6,245.9
51_163_22,21014.5,114.3,134.8,37.8,7888.7,290.8,-59.9,350.7,194.8,9.1,213.4,9.1,1048.8,103.8,71.1,11.7,291.1,219.6,281.1,219.6
51_163_41,20664.5,128.9,130.6,37.3,7862.1,301.3,-42.9,344.2,209.0,24.6,227.9,24.6,1044.7,103.5,70.7,10.8,289.1,225.2,281.5,225.2
51_163_45,21494.5,122.4,129.6,37.1,7860.9,294.5,-49.5,344.0,202.9,18.1,221.4,18.1,1066.9,104.1,72.6,10.1,291.5,230.0,282.2,230.0
51_163_57,21484.5,121.8,127.7,37.0,7819.0,292.9,-48.2,341.1,202.2,18.2,220.4,18.2,1082.1,105.3,74.0,10.0,295.6,233.2,286.9,233.2
51_163_63,20574.5,126.4,131.6,37.8,7867.8,300.1,-45.6,345.7,207.4,22.3,225.9,22.3,1039.8,102.7,70.4,10.5,286.8,224.1,277.7,224.1
51_163_9,22104.5,121.6,131.1,37.5,7864.2,294.9,-51.1,346.0,201.9,17.6,220.8,17.6,1059.5,103.7,72.1,10.7,290.2,227.5,280.0,227.5
51_163_93,21964.5,128.6,131.5,37.6,7863.6,301.7,-43.5,345.2,209.2,24.1,227.9,24.1,1039.5,103.2,70.6,11.0,288.1,223.7,280.7,223.7
51_165_104,22464.5,98.1,117.1,33.6,8041.6,267.6,-75.5,343.1,158.0,-9.8,198.5,-9.8,1145.7,110.8,74.5,13.5,320.7,230.2,312.8,230.2
51_165_12,19914.5,90.9,123.5,35.4,7915.2,262.1,-82.4,344.5,171.5,-15.3,189.6,-15.3,1070.5,104.8,70.5,12.4,301.1,216.4,295.2,216.4
51_165_120,28304.5,112.2,130.5,36.0,8148.2,292.3,-66.0,358.3,206.7,3.8,214.7,3.8,982.8,99.0,63.0,15.2,287.3,192.5,283.4,192.5
51_165_129,21594.5,90.1,122.6,34.9,8026.6,263.4,-84.5,347.9,172.0,-17.2,190.1,-17.2,1054.3,103.7,67.3,13.7,303.0,207.3,297.2,207.3
51_165_13,22454.5,94.9,125.9,35.9,7914.2,268.0,-78.8,346.8,175.2,-11.1,193.9,-11.1,1041.0,103.0,68.1,13.1,294.2,208.4,289.0,208.4
51_165_14,19824.5,106.1,121.9,34.6,8067.6,278.8,-68.9,347.7,198.4,-1.9,207.1,-1.9,1102.1,107.1,71.9,13.8,310.4,221.5,305.1,221.5
51_165_140,22544.5,90.8,124.0,35.3,7924.7,262.8,-82.9,345.7,171.6,-15.2,189.6,-15.2,1058.0,104.4,69.4,13.0,300.1,212.6,294.3,212.6
51_165_149,22014.5,96.6,127.9,36.0,7977.7,271.9,-79.0,350.9,178.0,-10.4,196.1,-10.4,999.4,100.8,63.5,14.5,289.9,194.8,286.2,194.8
51_165_150,22404.5,110.0,128.2,35.7,8133.0,288.2,-67.4,355.6,202.3,1.8,212.5,1.8,1016.8,101.3,65.5,14.8,293.7,200.9,289.6,200.9
51_165_151,23214.5,97.1,128.8,36.0,8011.1,273.8,-79.2,353.0,179.0,-9.9,197.4,-9.9,986.9,100.2,62.4,15.3,288.7,191.5,285.1,191.5
51_165_153,27824.5,101.6,123.5,34.8,8070.0,275.8,-74.0,349.8,188.4,-6.5,202.5,-6.5,1054.2,103.3,67.9,14.1,299.7,208.6,295.3,208.6
51_165_155,23344.5,101.7,123.0,35.0,8038.5,275.4,-72.9,348.3,192.3,-6.0,202.3,-6.0,1067.0,104.1,69.0,14.0,302.3,211.8,297.6,211.8
51_165_157,27864.5,95.6,126.3,35.4,8040.4,271.0,-80.2,351.2,177.5,-12.4,195.6,-12.4,1008.7,100.5,63.4,14.7,292.7,195.9,288.2,195.9
51_165_159,23094.5,105.5,133.2,36.8,8096.0,286.1,-72.6,358.7,188.2,-2.7,206.9,-2.7,932.3,95.9,57.4,16.8,276.1,176.9,274.4,176.9
51_165_162,28004.5,107.2,135.1,36.9,8104.2,289.0,-71.5,360.5,190.3,-0.7,208.5,-0.7,918.0,95.0,56.1,16.8,273.7,173.3,272.1,173.3
51_165_165,23104.5,103.6,131.5,36.4,8054.5,282.8,-73.0,355.8,186.1,-3.8,204.8,-3.8,948.1,97.3,58.9,16.1,278.7,181.3,276.6,181.3
51_165_167,27794.5,104.9,131.5,36.3,8062.3,284.6,-71.6,356.2,187.4,-2.5,206.3,-2.5,947.3,97.3,59.4,16.0,278.3,181.4,276.9,181.4
51_165_17,23034.5,98.2,127.9,36.0,7959.3,273.6,-76.5,350.1,179.6,-8.2,197.9,-8.2,1000.1,100.7,64.3,14.3,287.4,196.4,284.1,196.4
51_165_170,21794.5,87.1,119.9,34.4,7944.7,256.9,-85.6,342.5,167.9,-19.6,185.9,-19.6,1107.6,106.9,72.8,12.4,310.7,223.9,304.2,223.9
51_165_175,22894.5,89.3,122.4,35.3,7930.2,260.2,-84.2,344.4,169.8,-17.2,188.0,-17.2,1075.3,105.2,70.1,12.8,304.0,215.6,298.3,215.6
51_165_177,28014.5,104.3,131.5,36.7,8002.0,282.4,-71.5,353.9,189.4,-2.4,204.9,-2.4,958.3,98.2,60.4,15.3,279.6,185.1,277.4,185.1
51_165_18,22274.5,91.2,124.3,35.5,7942.7,263.5,-82.5,346.0,172.0,-15.3,190.3,-15.3,1050.1,104.1,68.3,13.0,299.5,209.7,294.4,209.7
51_165_182,27404.5,97.0,128.6,36.0,8016.3,273.7,-78.9,352.6,179.2,-10.1,197.2,-10.1,988.6,99.7,62.2,15.2,288.6,191.5,284.7,191.5
51_165_183,26824.5,101.2,130.5,36.3,8036.5,279.1,-75.4,354.5,183.3,-6.1,201.9,-6.1,964.3,98.3,60.4,15.7,282.7,185.2,280.2,185.2
51_165_187,28044.5,96.6,128.1,36.0,7978.4,272.1,-78.4,350.5,177.8,-10.4,196.4,-10.4,999.1,100.7,63.5,14.5,289.6,195.0,286.1,195.0
51_165_189,27154.5,99.1,128.9,36.0,7973.0,275.3,-75.9,351.2,180.4,-7.6,198.9,-7.6,982.0,99.6,62.2,15.2,285.4,190.2,282.3,190.2
51_165_193,27454.5,83.3,118.3,34.4,7905.7,251.2,-88.8,340.0,163.4,-23.3,181.2,-23.3,1144.6,109.8,77.1,10.9,318.0,236.7,310.3,236.7
51_165_194,28054.5,91.0,123.5,35.4,7915.6,262.7,-82.4,345.1,171.6,-15.2,189.7,-15.2,1065.6,104.5,69.8,12.5,300.4,214.5,294.8,214.5
51_165_196,27544.5,104.0,131.2,36.4,7966.9,281.9,-71.4,353.3,186.7,-2.0,204.5,-2.0,966.4,98.3,61.8,15.0,279.5,188.5,276.7,188.5
51_165_32,20394.5,108.7,134.0,37.0,8086.2,289.9,-69.4,359.3,191.3,0.6,210.0,0.6,920.6,95.4,57.2,16.7,272.7,174.9,272.4,174.9
51_165_36,19844.5,117.1,127.9,35.5,8141.9,294.8,-60.7,355.5,211.3,8.2,219.5,8.2,1051.2,105.2,68.6,14.0,302.9,211.1,297.2,211.1
51_165_42,23244.5,95.2,127.2,36.0,7936.6,269.4,-79.3,348.7,175.9,-11.3,194.2,-11.3,1011.1,101.5,65.1,13.7,290.6,199.3,286.3,199.3
51_165_46,28294.5,86.1,120.8,34.9,7921.7,256.6,-86.3,342.9,166.9,-20.2,184.9,-20.2,1099.1,107.1,72.3,12.0,310.4,222.5,304.3,222.5
51_165_51,19834.5,86.1,120.5,34.9,7913.5,255.8,-86.9,342.7,166.5,-20.6,184.2,-20.6,1106.7,107.8,73.7,11.9,312.0,225.5,305.1,225.5
51_165_57,22284.5,92.1,124.5,35.7,7910.6,264.3,-81.2,345.5,172.8,-13.8,191.2,-13.8,1056.3,103.9,69.3,12.5,297.7,212.8,292.2,212.8
51_165_67,19854.5,116.5,128.9,35.9,8104.0,295.1,-59.8,354.9,210.8,9.0,218.8,9.0,1033.1,104.5,67.7,14.0,299.7,207.1,293.1,207.1
51_165_69,19794.5,94.3,127.1,35.7,7976.1,268.9,-80.9,349.8,175.5,-12.7,194.0,-12.7,1012.9,101.6,64.7,14.2,293.4,198.9,289.1,198.9
51_165_7,19804.5,90.5,123.5,35.4,7918.9,262.4,-83.0,345.4,171.1,-15.6,189.3,-15.6,1061.4,104.2,69.4,12.5,300.8,213.2,295.2,213.2
51_165_72,19814.5,102.1,119.8,34.4,8056.1,273.7,-72.0,345.7,183.4,-5.6,203.0,-5.6,1118.8,108.0,73.0,13.4,312.8,224.6,307.7,224.6
51_165_73,28334.5,84.3,118.8,34.4,7919.2,253.2,-87.7,340.9,165.1,-22.1,182.7,-22.1,1125.2,108.4,74.8,11.9,315.3,229.2,308.3,229.2
51_165_77,22114.5,95.9,127.8,35.9,7983.1,271.1,-79.7,350.8,177.1,-11.1,195.5,-11.1,1000.1,100.8,63.4,14.6,290.6,194.9,286.9,194.9
51_165_79,22024.5,102.3,129.3,36.1,8045.2,280.3,-73.9,354.2,187.0,-5.1,203.4,-5.1,976.3,98.7,61.6,15.6,284.0,188.7,281.3,188.7
51_165_80,21564.5,87.1,120.9,34.8,7930.4,257.3,-85.8,343.1,168.0,-19.5,185.9,-19.5,1096.2,106.5,72.0,12.4,308.7,221.2,302.4,221.2
51_165_83,20024.5,113.6,135.6,37.0,8152.9,296.9,-65.4,362.3,211.8,5.3,216.6,5.3,906.6,94.4,56.4,17.0,270.5,172.4,269.9,172.4
51_165_90,22324.5,121.0,132.1,36.0,8177.0,301.9,-58.2,360.1,216.0,12.0,223.9,12.0,1003.7,102.0,65.0,15.0,293.0,200.0,288.6,200.0
51_169_10,27434.5,107.9,119.5,36.0,7535.8,267.4,-59.1,326.5,184.8,69.5,201.4,6.6,1220.8,126.4,81.6,12.0,350.4,267.1,338.2,281.3
51_169_102,23164.5,104.9,118.7,36.0,7548.2,263.6,-61.9,325.5,181.4,112.5,198.4,3.0,1273.0,129.3,82.4,11.8,360.8,275.8,347.8,302.0
51_169_22,20054.5,122.4,127.9,37.3,7723.7,288.6,-48.3,336.9,200.5,92.4,218.1,19.0,1139.3,119.0,74.4,12.0,327.9,246.6,315.9,265.5
51_169_29,20424.5,120.5,125.8,37.0,7710.2,285.8,-49.6,335.4,198.6,128.1,216.1,16.8,1159.5,120.3,73.7,12.0,330.9,248.3,318.5,276.2
51_169_31,21914.5,107.8,119.6,36.0,7560.5,267.3,-59.6,326.9,184.5,115.2,201.5,6.0,1242.7,127.6,80.9,11.8,353.8,269.9,341.3,292.7
51_169_64,22124.5,106.0,118.5,35.9,7546.6,264.6,-61.2,325.8,182.6,114.3,199.4,4.4,1249.7,128.3,82.4,11.9,356.7,273.3,344.4,291.4
51_169_73,22694.5,111.5,122.3,36.4,7608.1,273.5,-56.3,329.8,188.6,119.1,206.0,9.4,1234.8,125.9,77.6,12.0,348.4,262.7,335.9,299.5
51_169_95,27714.5,120.4,126.1,37.2,7698.7,285.6,-50.0,335.6,198.3,122.6,216.1,16.9,1159.2,120.3,74.4,12.0,331.5,249.8,319.4,273.7
51_169_96,21224.5,107.2,118.5,36.0,7532.9,265.7,-59.3,325.0,183.7,89.2,200.2,5.7,1231.4,127.5,81.8,12.0,353.3,269.8,340.5,284.5
51_169_99,27074.5,114.9,122.9,36.6,7633.7,277.3,-54.0,331.3,192.2,122.5,209.3,12.1,1195.7,123.3,76.8,12.0,340.4,257.6,328.0,283.9
51_171_100,23084.5,97.4,127.1,35.2,8198.3,275.3,-81.7,357.0,180.8,-12.7,199.6,-12.7,987.2,99.8,61.2,15.3,289.8,189.1,284.1,189.1
51_171_14,20074.5,105.3,132.6,35.8,8253.0,287.2,-77.0,364.2,189.2,-5.4,208.5,-5.4,943.3,95.5,58.6,15.9,278.7,179.5,275.0,179.5
51_171_15,20194.5,98.1,126.3,34.7,8308.5,277.3,-82.2,359.5,183.0,-13.2,202.3,-13.2,981.7,99.4,61.2,15.3,289.3,187.8,282.5,187.8
51_171_2,21504.5,100.0,127.0,35.0,8264.8,279.0,-80.5,359.5,184.2,-10.8,203.0,-10.8,985.5,99.4,61.4,15.4,289.2,189.0,283.5,189.0
51_171_21,20164.5,102.8,131.7,36.2,8128.6,282.6,-76.5,359.1,185.6,-6.3,204.1,-6.3,950.7,96.4,58.1,16.5,280.6,180.8,277.7,180.8
51_171_23,20034.5,110.7,131.7,35.4,8357.9,293.3,-73.0,366.3,195.5,-1.2,215.5,-1.2,969.4,97.4,61.6,15.0,284.7,187.8,280.2,187.8
51_171_29,22054.5,100.8,126.2,35.0,8187.8,277.2,-78.5,355.7,184.3,-9.2,203.2,-9.2,1015.0,101.0,64.2,14.8,293.5,197.1,288.6,197.1
51_171_3,20204.5,110.3,132.8,35.8,8334.6,292.7,-74.4,367.1,194.5,-1.6,214.3,-1.6,963.6,97.1,61.1,15.0,283.6,186.2,278.8,186.2
51_171_31,19984.5,105.9,129.7,35.5,8286.2,285.7,-76.6,362.3,189.8,-5.1,209.5,-5.1,983.5,98.9,61.7,15.0,287.5,189.8,282.7,189.8
51_171_34,20174.5,104.0,131.8,35.9,8230.0,285.4,-77.5,362.9,188.1,-6.3,206.8,-6.3,948.4,96.0,58.5,16.0,280.2,180.3,276.4,180.3
51_171_37,20184.5,96.4,125.3,34.9,8202.4,273.4,-82.5,355.9,180.1,-13.7,198.5,-13.7,999.9,100.8,62.2,15.0,292.5,191.9,286.5,191.9
51_171_40,20904.5,90.9,122.8,34.4,8129.1,264.8,-85.5,350.3,173.2,-18.4,191.8,-18.4,1039.1,103.6,65.2,14.6,301.6,202.4,295.0,202.4
51_171_79,27444.5,106.2,130.9,35.4,8258.5,287.1,-76.2,363.3,190.3,-4.8,209.3,-4.8,976.3,97.9,61.6,15.1,285.4,188.7,281.2,188.7
51_171_81,22044.5,95.0,126.0,35.2,8111.8,271.2,-82.3,353.5,177.7,-14.0,195.7,-14.0,1008.9,101.2,62.8,15.3,294.3,195.2,288.9,195.2
51_171_82,22034.5,89.6,119.6,33.5,8215.5,263.5,-87.5,351.0,173.4,-20.9,191.9,-20.9,1051.3,105.4,66.4,14.2,304.9,204.4,296.5,204.4
51_171_9,20084.5,99.4,124.9,34.8,8158.9,274.9,-79.2,354.1,182.4,-10.2,201.4,-10.2,1028.3,102.2,64.8,14.8,296.1,199.8,291.3,199.8
51_171_93,23324.5,100.4,125.4,34.9,8196.5,276.5,-79.3,355.8,183.7,-10.1,202.5,-10.1,1018.8,101.8,64.0,15.1,294.7,197.4,289.5,197.4
51_173_19,20144.5,103.7,126.8,38.4,7350.0,264.7,-62.9,327.6,178.0,21.9,195.1,4.8,1215.3,120.4,86.9,10.8,347.5,265.7,333.7,268.4
51_173_28,20924.5,103.0,129.1,38.7,7414.1,266.5,-64.9,331.4,177.8,20.4,195.4,3.3,1146.7,114.9,81.2,11.0,327.4,248.7,311.1,251.1
51_173_30,22604.5,99.9,124.5,37.9,7348.4,260.0,-66.0,326.0,173.9,18.0,191.2,1.0,1202.0,119.4,86.2,10.9,343.5,263.3,328.3,266.2
51_173_31,14594.5,103.2,128.1,38.6,7394.0,265.9,-63.9,329.8,177.8,21.1,195.2,3.9,1169.4,116.6,84.1,11.0,335.5,255.6,320.3,259.6
51_173_33,20214.5,100.7,126.4,38.0,7348.8,262.0,-65.3,327.3,174.6,19.3,192.2,1.6,1186.3,118.0,84.0,10.5,337.4,258.3,321.3,260.5
51_173_35,22664.5,98.0,123.2,37.7,7292.2,256.8,-66.6,323.4,171.4,17.2,188.6,-0.1,1237.7,122.0,87.6,10.1,350.6,270.7,335.1,271.4
51_173_49,20914.5,103.0,127.5,38.0,7492.4,267.2,-64.6,331.8,178.8,58.9,196.3,2.4,1126.6,115.4,81.4,12.0,327.8,247.3,314.1,252.9
51_173_6,22194.5,99.1,125.5,37.8,7361.5,260.6,-67.1,327.7,173.5,17.3,190.9,0.2,1175.9,117.3,84.0,11.0,335.9,257.0,319.9,259.7
51_173_65,22134.5,108.1,132.2,38.8,7505.1,274.4,-61.4,335.8,183.9,24.6,201.8,7.3,1116.7,114.5,80.2,11.8,325.1,243.7,311.6,248.8
51_173_69,20224.5,78.3,106.5,34.5,7179.4,226.4,-80.0,306.4,151.2,-18.4,167.4,-18.4,1431.7,138.8,99.1,10.0,403.5,307.7,388.7,307.7
51_173_8,14454.5,99.2,123.5,37.4,7311.4,258.4,-66.0,324.4,173.1,16.4,190.2,1.1,1236.1,121.8,87.8,10.6,351.9,270.4,337.0,271.9
51_173_83,27774.5,97.4,124.0,37.7,7313.3,257.3,-67.2,324.5,171.3,14.5,188.8,-1.1,1208.5,120.3,85.4,10.4,342.4,263.6,325.5,263.9
51_173_85,27694.5,97.8,125.1,37.8,7373.0,259.4,-67.9,327.3,172.5,16.2,189.8,-0.9,1167.8,116.7,83.3,10.8,333.4,255.0,316.9,256.9
51_173_87,27704.5,105.7,130.5,38.7,7476.6,271.3,-62.7,334.0,181.1,22.4,199.0,5.4,1118.8,114.1,80.7,11.8,325.1,244.7,310.9,249.5
51_173_91,21714.5,100.6,125.9,38.1,7350.2,261.5,-65.4,326.9,174.8,19.1,192.1,1.8,1194.9,118.6,85.7,10.7,341.5,261.3,326.5,264.5
51_173_92,27534.5,103.3,127.6,38.2,7368.4,265.8,-63.5,329.3,177.8,21.5,195.4,4.5,1187.2,117.8,84.6,10.8,338.9,258.9,323.8,261.6
51_173_94,21724.5,91.9,117.8,36.8,7260.2,247.4,-70.3,317.7,165.6,-1.9,182.6,-5.3,1294.5,127.0,91.2,10.0,366.6,282.2,351.2,282.5
51_173_98,27354.5,103.8,127.1,38.4,7354.1,265.1,-62.8,327.9,178.2,22.1,195.4,5.1,1210.4,119.9,86.7,10.9,346.2,264.7,332.4,267.5
51_17_103,23424.5,109.8,131.6,37.4,7879.3,284.8,-62.6,347.4,190.6,5.1,208.6,5.1,1077.8,105.8,75.0,10.8,297.1,228.4,287.7,228.4
51_17_108,23134.5,106.1,133.1,37.6,7906.5,282.0,-68.5,350.5,186.7,0.5,205.2,0.5,1059.3,105.9,72.5,11.5,296.0,222.0,287.1,222.0
51_17_109,26984.5,102.7,131.7,37.1,7912.2,278.1,-71.7,349.8,183.5,-2.7,201.8,-2.7,1078.5,107.6,74.5,11.0,300.7,228.4,291.8,228.4
51_17_11,20364.5,109.2,134.0,38.0,7916.0,285.6,-65.5,351.1,189.9,3.3,208.2,3.3,1048.1,104.8,71.7,11.6,292.9,219.2,284.1,219.2
51_17_110,21174.5,92.2,125.6,35.9,7869.8,262.8,-80.5,343.3,172.4,-13.3,189.9,-13.3,1168.7,115.0,83.0,9.5,321.7,254.0,312.3,254.0
51_17_111,26994.5,88.8,124.1,35.7,7878.4,257.9,-85.0,342.9,168.8,-17.6,186.1,-17.6,1201.3,118.6,85.4,9.3,331.6,263.7,322.5,263.7
51_17_119,23434.5,94.2,126.2,36.2,7866.6,265.4,-77.8,343.2,174.3,-10.9,192.2,-10.9,1151.5,113.0,82.0,9.2,316.1,250.0,307.1,250.0
51_17_123,27184.5,102.9,133.3,37.3,7940.1,278.6,-72.8,351.4,183.4,-3.6,201.6,-3.6,1089.4,110.7,75.3,11.0,306.1,232.7,298.5,232.7
51_17_127,21164.5,114.6,135.7,38.0,7902.8,292.2,-59.4,351.6,195.6,9.6,214.2,9.6,1045.9,104.2,71.5,11.7,291.5,219.7,282.5,219.7
51_17_128,27194.5,115.2,136.8,38.2,7928.7,293.4,-59.4,352.8,196.4,10.1,214.6,10.1,1035.8,104.5,71.1,12.0,290.7,217.2,283.0,217.2
51_17_131,21834.5,118.4,136.1,38.0,7914.9,295.6,-55.9,351.5,198.9,13.0,217.7,13.0,1035.5,103.3,70.5,11.4,288.8,217.7,280.7,217.7
51_17_134,27564.5,102.6,130.3,37.1,7901.4,277.1,-70.1,347.2,183.4,-2.7,201.4,-2.7,1099.8,109.0,77.5,10.4,304.9,235.3,296.4,235.3
51_17_14,20844.5,103.7,134.5,37.5,7969.2,279.7,-73.2,352.9,184.4,-3.3,202.7,-3.3,1088.9,111.8,75.1,11.0,307.4,233.1,300.4,233.1
51_17_140,27204.5,105.5,133.1,37.6,7930.4,281.2,-68.6,349.8,186.2,-0.4,204.5,-0.4,1077.4,108.4,75.9,10.7,301.5,231.0,294.3,231.0
51_17_143,23254.5,112.9,135.2,37.9,7936.4,290.4,-61.2,351.6,194.1,7.6,212.3,7.6,1043.0,104.7,72.5,11.2,292.3,220.0,284.9,220.0
51_17_144,21844.5,97.1,126.3,36.5,7856.1,267.9,-74.6,342.5,177.5,-8.0,194.8,-8.0,1146.5,112.5,82.3,9.7,315.6,248.3,307.2,248.3
51_17_145,21144.5,94.1,129.0,36.6,7924.9,266.4,-81.8,348.2,174.9,-12.9,192.3,-12.9,1169.3,118.4,82.4,10.2,326.4,256.2,318.4,256.2
51_17_147,26874.5,91.5,127.2,36.3,7915.4,261.7,-83.8,345.5,172.0,-15.5,189.2,-15.5,1204.9,121.9,86.1,9.6,335.8,267.3,327.4,267.3
51_17_148,21154.5,96.4,130.4,36.9,7922.7,269.2,-78.9,348.1,176.8,-10.3,194.4,-10.3,1152.8,116.7,81.6,10.2,322.1,252.3,314.4,252.3
51_17_15,22584.5,104.7,132.6,37.5,7915.5,280.1,-69.5,349.6,185.3,-1.0,203.5,-1.0,1080.1,108.3,74.9,10.6,301.5,229.6,293.3,229.6
51_17_150,27604.5,104.7,135.1,37.7,7966.3,281.3,-72.2,353.5,185.6,-2.3,203.9,-2.3,1084.1,110.8,75.3,11.1,305.5,232.9,299.0,232.9
51_17_17,20344.5,120.9,138.8,38.8,7948.0,299.9,-55.4,355.3,201.9,15.2,220.9,15.2,1011.8,102.2,68.5,12.0,285.0,211.9,278.4,211.9
51_17_18,23194.5,111.6,134.7,38.0,7937.0,288.2,-63.4,351.6,192.6,5.7,210.6,5.7,1051.3,105.5,73.3,11.2,294.3,221.8,286.4,221.8
51_17_19,20404.5,110.1,131.6,37.4,7868.2,285.1,-61.7,346.8,191.0,5.4,209.0,5.4,1078.6,105.8,74.7,10.9,297.2,228.1,287.6,228.1
51_17_20,22624.5,90.5,125.5,35.8,7886.7,260.3,-83.1,343.4,170.9,-15.7,188.0,-15.7,1200.9,119.2,86.2,9.2,331.8,264.9,322.8,264.9
51_17_21,21454.5,98.9,129.0,36.6,7893.4,272.3,-73.7,346.0,179.4,-6.6,197.2,-6.6,1125.4,111.6,80.2,10.2,311.7,243.7,303.4,243.7
51_17_24,23374.5,112.2,137.5,38.0,7928.9,290.4,-64.2,354.6,192.5,6.3,211.7,6.3,1018.5,104.1,68.3,12.8,289.0,210.1,281.4,210.1
51_17_25,19904.5,112.1,136.1,38.0,7928.9,290.1,-63.3,353.4,193.2,6.5,211.4,6.5,1043.7,105.2,72.0,11.4,293.2,218.9,284.8,218.9
51_17_28,28114.5,100.7,131.2,37.3,7919.7,275.4,-73.4,348.8,181.6,-5.3,199.6,-5.3,1106.1,111.1,77.6,10.3,308.5,238.0,300.6,238.0
51_17_29,20324.5,83.6,120.7,35.0,7863.4,250.3,-89.4,339.7,163.7,-22.8,180.4,-22.8,1263.8,124.3,91.0,8.9,347.8,281.2,338.0,281.2
51_17_3,21354.5,112.9,137.2,38.0,7941.9,291.2,-62.8,354.0,194.1,7.3,212.5,7.3,1032.9,104.5,70.3,12.0,291.3,215.5,283.2,215.5
51_17_31,20494.5,100.1,129.5,37.0,7897.3,273.4,-73.6,347.0,180.4,-5.8,198.3,-5.8,1114.9,110.8,78.7,10.2,309.0,239.7,300.2,239.7
51_17_35,22254.5,101.1,130.0,37.2,7900.0,275.1,-72.2,347.3,181.4,-4.9,199.4,-4.9,1106.8,110.0,78.1,10.4,306.6,237.6,298.4,237.6
51_17_38,23204.5,110.9,134.0,38.0,7927.4,287.2,-63.5,350.7,191.9,5.2,209.9,5.2,1055.9,105.8,73.8,11.0,295.1,223.6,287.1,223.6
51_17_4,28124.5,102.1,132.7,37.5,7939.4,277.1,-73.3,350.4,182.8,-4.5,200.8,-4.5,1099.4,111.5,76.5,10.7,308.3,235.9,300.7,235.9
51_17_40,22154.5,100.2,129.1,36.6,7874.8,274.2,-73.0,347.2,180.4,-5.0,198.8,-5.0,1087.1,106.7,74.3,10.8,299.8,228.5,290.6,228.5
51_17_42,20694.5,102.4,134.0,37.6,7958.6,277.9,-73.8,351.7,183.0,-4.4,201.2,-4.4,1101.3,112.5,76.6,10.9,309.7,237.4,303.0,237.4
51_17_44,20804.5,107.6,133.1,37.5,7927.0,283.5,-66.5,350.0,188.7,1.9,206.7,1.9,1069.3,107.3,74.4,11.0,298.5,226.7,290.4,226.7
51_17_45,21924.5,113.4,133.9,37.8,7908.9,289.8,-60.2,350.0,194.4,8.3,212.7,8.3,1057.5,104.8,72.9,11.0,293.5,222.8,284.5,222.8
51_17_51,20704.5,105.6,134.1,37.7,7949.4,281.9,-70.0,351.9,186.6,-0.8,204.6,-0.8,1075.6,109.5,74.5,10.9,302.4,229.3,295.2,229.3
51_17_52,21324.5,110.8,134.2,38.0,7921.4,287.3,-63.3,350.6,191.6,5.4,210.1,5.4,1054.1,105.5,73.6,11.0,294.5,223.0,287.1,223.0
51_17_54,20934.5,96.7,127.5,36.4,7870.7,268.6,-75.6,344.2,177.3,-8.5,194.8,-8.5,1141.2,112.8,81.7,9.9,315.4,248.2,307.3,248.2
51_17_55,20374.5,105.2,132.5,37.7,7910.3,280.8,-68.6,349.4,186.1,-0.6,204.0,-0.6,1082.9,108.4,75.7,10.9,301.8,230.5,293.6,230.5
51_17_59,20354.5,104.6,131.9,37.4,7915.3,279.8,-69.3,349.1,185.3,-1.4,203.3,-1.4,1085.2,108.7,76.0,10.8,302.3,231.3,294.1,231.3
51_17_60,21444.5,111.7,139.5,39.0,7979.6,290.4,-66.6,357.0,192.3,4.5,210.9,4.5,1033.9,107.2,71.3,12.0,294.8,219.4,289.0,219.4
51_17_69,22534.5,113.2,136.3,38.0,7942.0,291.0,-61.6,352.6,194.4,7.9,212.8,7.9,1040.8,104.7,71.6,11.9,292.1,218.0,283.8,218.0
51_17_7,20504.5,104.2,129.9,37.1,7875.4,278.4,-68.4,346.8,184.9,-0.7,203.0,-0.7,1089.7,106.8,75.3,11.0,299.8,230.8,289.8,230.8
51_17_73,21644.5,113.7,136.7,38.0,7932.4,291.9,-61.7,353.6,194.6,8.7,213.5,8.7,1031.9,104.0,70.2,12.0,290.1,214.9,281.4,214.9
51_17_74,22084.5,99.4,132.9,37.1,7951.0,274.0,-77.4,351.4,180.0,-7.8,198.1,-7.8,1126.5,115.2,78.8,10.7,317.0,244.7,309.5,244.7
51_17_75,22074.5,91.6,123.1,35.8,7826.6,260.4,-79.2,339.6,171.8,-13.0,188.9,-13.0,1191.8,115.8,86.0,9.0,326.2,260.0,316.8,260.0
51_17_77,21364.5,90.1,124.9,36.0,7864.0,260.5,-82.9,343.4,170.1,-15.7,187.9,-15.7,1168.9,114.5,83.1,9.2,321.3,254.6,311.8,254.6
51_17_8,20334.5,101.7,129.6,36.9,7898.3,275.9,-71.1,347.0,182.5,-4.0,200.5,-4.0,1110.1,109.9,78.6,10.3,307.4,238.2,298.9,238.2
51_17_86,22784.5,110.5,131.4,37.4,7874.6,285.1,-61.6,346.7,191.3,5.6,209.3,5.6,1079.6,105.7,75.5,10.7,297.2,229.3,288.3,229.3
51_17_90,21124.5,113.6,134.9,37.9,7914.8,290.3,-60.3,350.6,194.5,8.1,212.7,8.1,1045.6,104.7,72.7,11.1,292.3,220.8,284.5,220.8
51_17_92,27424.5,98.4,127.9,36.7,7876.9,271.1,-74.4,345.5,178.5,-7.3,196.5,-7.3,1107.0,108.2,76.0,10.7,304.6,233.8,294.9,233.8
51_17_94,27474.5,99.8,129.3,36.7,7883.7,273.5,-73.5,347.0,180.1,-5.6,198.4,-5.6,1093.9,107.5,75.5,10.6,302.3,231.3,293.0,231.3
51_17_98,23304.5,107.8,133.5,37.8,7900.7,284.2,-66.3,350.5,188.6,2.6,207.2,2.6,1057.9,105.5,72.5,11.4,294.8,221.7,285.8,221.7
51_185_39,14404.5,107.0,131.0,38.3,7578.0,273.8,-62.7,336.5,183.5,62.3,201.7,5.4,1090.4,113.5,77.9,12.3,318.9,237.6,306.1,243.6
51_185_47,20824.5,87.8,115.3,35.5,7405.9,244.4,-74.7,319.1,163.3,41.1,180.0,-11.5,1212.0,121.5,88.3,11.0,349.4,267.4,333.1,271.9
51_185_95,27684.5,88.3,115.6,35.7,7404.0,245.3,-74.6,319.9,163.5,37.4,180.5,-10.9,1204.7,120.7,87.7,11.0,347.2,265.7,331.1,270.5
51_185_97,27324.5,102.8,127.6,37.9,7509.6,267.5,-65.0,332.5,178.6,58.7,196.4,1.9,1102.9,113.9,79.2,12.0,321.7,240.6,308.4,247.8
51_185_99,28404.5,105.7,130.3,38.6,7518.9,271.8,-63.0,334.8,181.7,45.8,199.4,4.8,1105.1,113.9,79.4,12.0,322.2,242.2,308.6,247.2
51_187_20,20744.5,112.9,133.9,36.0,8321.5,295.6,-71.7,367.3,197.4,1.4,217.0,1.4,973.3,97.4,62.1,15.0,284.6,189.5,280.9,189.5
51_187_3,20754.5,99.3,117.6,33.0,8275.3,271.8,-78.5,350.3,183.4,-11.7,202.8,-11.7,1087.5,108.5,69.2,14.4,311.5,213.1,303.6,213.1
51_187_31,21744.5,105.5,126.3,34.8,8272.3,283.1,-75.6,358.7,189.7,-5.5,209.2,-5.5,1030.5,103.1,65.6,14.9,297.6,201.6,292.0,201.6
51_187_39,14544.5,98.4,116.7,33.1,8242.1,269.7,-79.2,348.9,181.8,-12.7,201.3,-12.7,1094.0,108.8,69.6,14.3,312.5,214.4,304.7,214.4
51_187_48,27764.5,109.2,130.6,35.3,8316.2,289.8,-74.4,364.2,193.7,-2.7,213.1,-2.7,987.4,99.1,62.8,15.0,288.4,192.0,283.7,192.0
51_187_50,23074.5,114.2,136.0,36.3,8300.2,297.7,-70.9,368.6,198.4,3.0,218.0,3.0,965.8,96.4,62.0,15.0,282.1,189.1,279.0,189.1
51_191_109,22834.5,100.7,123.1,37.8,7279.2,258.9,-64.2,323.1,173.9,19.9,190.9,2.9,1265.0,123.9,90.0,10.0,359.1,277.1,346.0,278.0
51_191_110,27364.5,92.4,117.3,36.4,7221.7,246.6,-70.0,316.6,164.9,-1.3,181.9,-4.7,1323.1,128.7,92.9,10.0,374.3,287.6,360.3,287.6
51_191_111,23294.5,97.4,120.9,37.2,7281.8,254.5,-66.5,321.0,170.8,16.5,187.9,-0.5,1281.0,125.6,90.9,10.3,363.9,280.5,350.7,281.1
51_191_114,22744.5,110.3,129.6,38.6,7401.5,273.8,-57.9,331.7,185.2,27.9,202.8,10.9,1207.4,120.4,86.9,11.0,345.3,264.4,333.9,267.8
51_191_15,20764.5,104.0,125.7,37.9,7325.8,264.1,-62.2,326.3,177.9,22.6,194.9,5.6,1243.2,123.0,88.9,11.0,354.3,272.3,342.3,273.8
51_191_22,21574.5,103.9,125.4,38.0,7313.6,263.6,-62.3,325.9,177.5,22.6,194.6,5.6,1247.3,123.1,89.1,10.5,355.3,272.9,342.7,274.8
51_191_55,20774.5,98.7,121.8,37.5,7289.9,256.7,-65.1,321.8,172.6,17.9,189.7,0.9,1270.7,124.9,90.3,10.6,361.6,278.3,348.8,279.2
51_191_72,14494.5,113.1,131.4,39.0,7438.5,278.5,-55.6,334.1,188.9,30.2,206.3,13.7,1194.4,119.6,86.1,11.0,342.2,261.3,331.0,265.1
51_191_75,21554.5,116.0,131.8,39.0,7488.6,281.5,-53.5,335.0,191.8,48.2,210.0,16.0,1181.9,119.7,85.8,11.0,339.5,259.5,329.5,264.0
51_195_1,20554.5,102.6,116.7,35.9,7510.2,259.8,-63.7,323.5,178.9,59.0,195.6,1.2,1259.3,129.6,84.7,12.0,361.2,276.9,348.6,289.3
51_195_2,22764.5,115.7,123.3,36.7,7662.7,278.7,-53.8,332.5,193.3,107.9,210.8,12.5,1181.2,122.2,77.8,12.0,338.4,258.0,325.8,274.5
51_195_76,27944.5,108.8,119.1,36.0,7567.2,268.2,-58.7,326.9,185.3,75.4,202.5,6.7,1218.7,126.4,81.4,12.0,349.7,267.3,337.5,280.9
51_195_78,27174.5,93.8,113.2,35.0,7482.7,248.9,-70.6,319.5,169.8,50.8,186.6,-7.1,1332.9,134.7,90.5,11.0,380.6,294.8,367.6,305.4
51_195_82,27374.5,116.5,126.5,36.9,7801.8,283.6,-56.1,339.7,195.8,102.7,213.3,11.9,1180.0,121.0,78.8,11.6,338.9,259.5,325.9,272.0
51_197_100,27334.5,102.3,129.2,38.3,7491.9,268.2,-65.5,333.7,178.7,19.3,196.0,2.2,1095.7,111.5,79.0,11.6,317.8,238.7,303.5,242.8
51_197_2,19944.5,100.8,127.3,37.8,7471.6,264.9,-66.5,331.4,176.2,17.6,194.0,0.6,1111.8,112.9,80.4,11.7,321.7,243.7,307.2,248.0
51_197_22,14394.5,101.4,130.3,38.1,7539.1,268.7,-68.0,336.7,178.2,14.9,195.8,0.5,1065.3,107.7,73.5,11.8,307.2,227.7,291.0,227.8
51_197_33,20314.5,106.3,133.0,38.8,7613.7,276.5,-64.8,341.3,184.3,4.3,201.6,4.3,1008.2,102.5,67.0,13.0,292.9,210.7,277.3,210.7
51_197_43,20134.5,108.9,135.9,39.0,7581.3,280.1,-63.4,343.5,185.8,24.9,203.8,7.2,1037.4,105.2,69.3,12.3,300.4,218.3,285.2,219.0
51_197_6,20794.5,107.1,133.1,38.9,7571.2,276.2,-63.1,339.3,183.8,23.0,202.0,5.9,1045.6,108.0,75.0,12.0,304.7,226.4,291.7,230.4
51_197_68,21584.5,97.0,124.9,37.2,7466.2,260.3,-69.3,329.6,173.1,14.1,190.3,-3.1,1102.0,111.1,80.0,11.4,318.3,241.3,302.4,243.8
51_197_78,22674.5,98.6,126.1,37.6,7523.9,263.5,-68.8,332.3,175.2,15.4,192.6,-2.3,1078.2,109.4,77.2,11.7,312.1,234.1,296.5,236.3
51_197_79,23044.5,105.4,133.1,38.3,7624.8,276.2,-65.9,342.1,183.5,21.1,201.2,3.1,1008.2,103.2,69.0,12.3,293.2,213.8,279.0,214.9
51_197_81,26914.5,106.8,133.1,38.0,7647.5,277.8,-65.4,343.2,184.9,22.7,202.8,4.7,986.2,101.6,66.8,12.9,287.6,208.4,273.8,209.0
51_197_82,27054.5,106.7,133.8,38.6,7652.0,277.9,-65.3,343.2,184.7,22.1,202.8,4.2,997.3,102.6,67.8,12.9,290.5,210.9,276.6,211.7
51_197_85,27664.5,110.3,137.0,39.4,7595.7,282.0,-62.5,344.5,187.2,26.2,205.8,8.4,1028.5,105.1,68.9,12.8,298.4,215.9,283.6,216.7
51_197_87,27414.5,105.9,133.4,38.8,7516.1,274.9,-64.7,339.6,182.5,19.3,200.2,5.2,1068.7,108.1,71.7,11.9,307.8,225.5,291.6,225.9
51_197_89,27304.5,103.5,130.5,38.1,7604.8,271.9,-66.8,338.7,180.6,19.1,198.2,1.3,1033.4,105.9,73.4,12.1,300.5,222.5,285.8,225.0
51_197_92,22734.5,100.8,128.1,37.7,7522.8,266.5,-67.2,333.7,177.5,17.5,195.0,0.1,1070.9,109.3,77.5,11.6,310.9,233.3,296.1,236.2
51_197_95,26934.5,107.8,133.7,39.0,7584.3,277.1,-63.5,340.6,184.7,23.7,202.8,6.1,1038.9,107.7,74.6,12.0,303.0,224.1,290.3,228.1
51_197_96,22754.5,100.4,128.2,38.5,7426.0,264.2,-66.6,330.8,176.0,1.0,193.6,1.0,1135.9,114.4,77.8,11.0,323.7,242.8,305.9,242.8
51_19_108,22524.5,112.1,121.9,35.8,7769.5,280.0,-56.2,336.2,191.8,8.4,209.6,8.4,1146.4,109.3,79.7,10.0,308.7,246.6,300.3,246.6
51_19_133,28034.5,118.9,124.5,36.3,7814.6,288.0,-50.2,338.2,199.1,15.1,217.2,15.1,1112.6,107.6,76.9,10.0,302.0,240.5,293.6,240.5
51_19_57,21384.5,88.0,113.0,34.0,7703.6,249.8,-77.2,327.0,96.7,-14.9,184.2,-14.9,1296.9,122.7,91.0,9.3,346.9,278.6,333.0,278.6
51_19_82,21374.5,131.9,126.0,37.0,7775.2,300.7,-37.6,338.3,211.7,28.5,229.7,28.5,1074.6,105.8,75.0,10.0,295.4,236.0,288.4,236.0
51_21_10,21774.5,101.9,126.0,37.4,7593.4,267.2,-66.1,333.3,179.3,57.6,196.8,0.2,1059.4,110.2,75.1,12.4,309.6,230.2,295.8,237.1
51_21_17,22264.5,92.9,120.7,36.4,7506.6,254.3,-73.3,327.6,169.3,-2.6,186.3,-8.0,1115.5,112.3,79.0,11.3,320.9,242.0,303.8,242.3
51_21_20,20604.5,98.5,123.9,37.1,7542.7,262.2,-68.0,330.2,175.5,54.6,192.7,-2.8,1077.9,111.1,77.4,12.3,314.0,235.1,299.4,241.0
51_21_21,19954.5,100.7,124.9,36.9,7595.2,265.3,-67.8,333.1,177.9,20.7,195.7,-1.2,1045.1,108.2,75.4,12.6,304.8,227.8,290.3,229.8
51_21_26,20814.5,102.5,127.5,37.9,7504.8,267.2,-65.1,332.3,178.6,58.6,196.1,1.8,1105.8,114.0,79.4,12.1,322.3,241.5,309.0,248.3
51_21_29,21394.5,104.3,127.3,37.6,7627.9,270.5,-65.3,335.8,181.9,59.7,199.4,1.8,1033.3,108.3,73.5,12.8,303.3,224.1,289.6,228.9
51_21_3,21344.5,103.6,127.9,37.2,7643.9,271.1,-66.9,338.0,181.8,19.4,199.0,1.4,1008.8,105.5,72.0,12.6,295.3,217.7,281.0,219.3
51_21_31,21464.5,105.6,132.6,38.1,7641.1,275.6,-65.9,341.5,183.3,21.2,201.2,3.2,1005.9,103.8,70.4,12.5,292.9,214.6,279.1,216.9
51_21_34,22824.5,95.2,122.9,36.9,7501.8,257.8,-71.5,329.3,171.6,10.3,188.9,-5.4,1103.9,111.4,79.1,11.2,318.1,240.4,301.7,241.3
51_21_38,20614.5,101.4,126.5,37.2,7579.0,267.3,-67.5,334.8,178.5,17.5,195.8,-0.3,1043.8,107.9,75.4,12.1,304.4,227.3,289.8,229.9
51_21_40,21334.5,107.6,130.8,37.8,7663.6,276.9,-63.9,340.8,185.4,22.4,203.3,4.4,1003.3,105.1,71.3,12.9,293.8,216.8,281.3,219.7
51_21_41,20644.5,96.8,123.5,37.2,7470.0,259.2,-68.8,328.0,172.2,53.2,190.0,-3.5,1115.8,113.8,80.4,11.8,323.8,244.5,308.9,251.4
51_21_47,21994.5,106.9,129.7,37.7,7686.6,276.2,-64.5,340.7,185.6,21.9,203.2,3.9,980.0,103.4,69.4,12.8,287.0,210.8,274.6,211.7
51_21_51,21654.5,109.7,131.9,38.0,7704.5,279.6,-62.9,342.5,188.2,24.4,206.0,6.4,982.3,103.8,69.7,13.0,288.8,212.0,276.4,214.3
51_21_65,27524.5,103.4,126.8,37.2,7657.7,270.4,-67.7,338.1,181.6,18.8,198.7,0.8,1003.0,105.1,71.1,12.5,293.3,216.3,279.0,216.9
51_21_68,23154.5,101.7,125.6,36.7,7613.9,267.3,-67.4,334.7,179.2,17.7,197.0,-0.3,1038.8,107.7,74.9,12.4,303.2,226.4,289.0,228.6
51_21_70,26924.5,105.3,130.3,37.8,7651.4,274.4,-65.8,340.2,183.1,20.8,200.9,2.8,1000.7,103.8,70.7,12.4,292.0,214.8,278.3,216.4
51_21_72,27674.5,95.7,123.4,36.9,7527.4,258.7,-71.3,330.0,172.3,5.5,189.6,-5.2,1095.2,110.9,78.1,11.5,316.1,238.0,299.9,238.6
51_21_73,23284.5,102.3,127.3,37.1,7601.6,268.6,-66.9,335.5,179.6,18.3,197.5,0.3,1031.6,106.9,74.6,12.1,301.3,224.0,286.5,226.2
51_21_76,21284.5,102.8,128.6,37.8,7602.2,269.7,-66.4,336.1,180.4,18.8,197.9,0.9,1036.6,107.2,74.6,12.0,302.5,225.4,288.2,228.4
51_21_78,26944.5,102.0,126.7,37.3,7589.5,268.0,-66.6,334.6,179.3,37.6,197.0,0.1,1047.1,108.6,75.1,12.5,305.8,228.0,291.8,232.0
51_21_79,27314.5,95.7,121.9,36.6,7508.7,257.9,-70.3,328.2,172.1,28.2,189.4,-5.2,1108.8,113.2,80.2,11.9,321.8,243.5,306.2,247.1
51_21_81,21704.5,102.7,128.3,37.9,7501.2,267.4,-65.1,332.5,178.6,54.3,196.0,2.0,1092.2,112.2,78.5,11.9,317.6,239.9,303.7,245.1
51_21_84,28374.5,105.8,130.1,37.9,7641.0,274.4,-64.6,339.0,183.6,29.2,201.7,3.4,1019.5,106.7,72.8,12.8,298.5,221.0,285.7,224.3
51_23_10,19264.5,120.4,133.6,37.8,7899.9,297.1,-51.9,349.0,201.4,15.8,219.5,15.8,1012.3,101.1,69.4,11.5,283.8,213.8,279.1,213.8
51_23_101,22944.5,123.2,133.6,38.0,7908.5,299.7,-49.3,349.0,204.6,18.6,222.7,18.6,1006.8,100.6,68.6,11.5,282.4,212.6,278.2,212.6
51_23_103,27484.5,124.3,127.8,37.0,7812.0,295.9,-45.1,341.0,204.8,20.4,222.4,20.4,1062.0,104.4,73.4,10.6,292.5,227.7,287.8,227.7
51_23_108,27214.5,128.2,137.6,38.6,7937.6,306.2,-46.4,352.6,209.2,22.9,227.8,22.9,984.3,100.0,66.2,12.1,279.1,206.3,275.1,206.3
51_23_111,27914.5,108.9,130.4,37.2,7867.5,282.8,-62.7,345.5,189.9,4.2,207.2,4.2,1064.1,105.1,74.6,11.0,295.8,225.9,289.2,225.9
51_23_116,26884.5,109.0,130.7,37.3,7836.5,282.5,-63.0,345.5,188.9,4.3,206.6,4.3,1055.9,104.7,74.0,10.7,294.8,223.9,288.8,223.9
51_23_121,28234.5,117.4,125.7,36.5,7800.7,287.5,-51.3,338.8,197.7,14.0,215.7,14.0,1100.7,106.4,76.0,10.0,299.6,236.3,291.6,236.3
51_23_26,20414.5,118.9,125.7,36.5,7808.4,289.6,-50.0,339.6,199.6,15.4,217.6,15.4,1094.3,105.9,75.5,10.0,298.2,235.0,290.9,235.0
51_23_28,22344.5,114.9,123.9,36.2,7774.8,283.8,-53.0,336.8,194.7,11.7,213.0,11.7,1121.9,107.7,78.0,10.0,303.9,240.8,296.6,240.8
51_23_30,19254.5,100.7,118.8,35.3,7736.4,266.7,-65.9,332.6,180.6,-2.3,197.8,-2.3,1204.6,113.7,84.1,10.0,322.1,257.6,313.0,257.6
51_23_34,28274.5,127.2,129.4,37.3,7841.7,299.0,-43.2,342.2,207.9,23.1,226.1,23.1,1052.5,104.1,71.7,10.8,291.5,225.9,285.6,225.9
51_23_36,22634.5,122.1,127.1,37.0,7813.5,293.1,-47.1,340.2,202.3,18.3,220.4,18.3,1075.7,105.0,73.9,10.1,294.8,231.1,288.8,231.1
51_23_4,19234.5,127.6,137.3,38.4,7943.9,306.4,-46.4,352.8,209.5,22.6,227.6,22.6,983.0,100.0,66.0,12.0,279.3,206.2,275.3,206.2
51_23_41,22334.5,100.8,126.1,36.4,7791.5,270.7,-69.9,340.6,180.4,-3.4,197.6,-3.4,1105.8,108.4,78.0,10.3,306.7,235.6,299.3,235.6
51_23_42,20114.5,126.7,137.4,38.1,7932.2,305.8,-47.4,353.2,208.2,21.6,227.0,21.6,979.9,99.5,65.7,12.0,278.2,205.2,274.2,205.2
51_23_45,20624.5,122.6,137.4,38.3,7930.9,300.7,-52.1,352.8,203.9,17.5,222.0,17.5,1004.9,101.4,68.0,12.0,283.6,210.3,278.0,210.3
51_23_46,19244.5,119.3,126.5,37.0,7815.7,291.4,-49.1,340.5,199.8,15.9,218.0,15.9,1068.1,103.7,74.3,10.0,292.7,227.8,288.4,227.8
51_23_53,20104.5,120.6,135.9,38.0,7912.2,297.8,-53.7,351.5,201.6,15.4,219.7,15.4,1012.2,101.8,68.9,11.9,284.9,212.3,279.3,212.3
51_23_65,20564.5,124.1,128.2,37.0,7829.0,295.5,-45.8,341.3,204.7,20.1,222.6,20.1,1067.4,104.6,72.9,10.6,293.7,229.1,287.1,229.1
51_23_7,28264.5,116.0,134.1,37.8,7886.4,292.1,-57.0,349.1,196.7,11.0,214.8,11.0,1026.8,102.6,70.6,11.3,288.2,216.0,282.3,216.0
51_23_71,21664.5,126.6,136.1,38.0,7913.3,304.3,-47.0,351.3,207.7,21.7,226.3,21.7,991.1,100.0,66.9,12.0,279.8,208.9,275.9,208.9
51_23_75,21734.5,127.0,128.8,37.0,7853.0,300.0,-42.6,342.6,208.0,23.0,226.0,23.0,1045.8,103.4,72.2,11.0,289.6,224.4,285.6,224.4
51_23_85,22974.5,112.9,130.0,37.0,7856.1,286.3,-58.7,345.0,193.2,8.2,211.4,8.2,1078.5,105.4,74.7,10.7,296.7,228.9,288.4,228.9
51_23_87,21694.5,112.9,129.5,37.0,7821.5,286.3,-57.1,343.4,193.6,8.7,210.8,8.7,1045.9,102.6,72.7,11.0,290.4,221.0,284.5,221.0
51_23_9,28284.5,124.6,134.8,38.0,7917.0,301.9,-48.3,350.2,205.7,19.6,224.0,19.6,988.3,99.5,67.8,11.8,278.6,209.2,274.9,209.2
51_23_90,23394.5,106.2,120.9,35.8,7761.5,273.5,-61.1,334.6,179.0,3.0,203.5,3.0,1173.1,111.1,82.0,9.9,314.5,252.4,304.8,252.4
51_23_92,21084.5,105.2,120.5,35.6,7755.5,272.0,-61.8,333.8,185.2,2.2,202.5,2.2,1177.1,111.5,82.2,10.0,315.6,252.2,306.8,252.2
51_23_93,27894.5,117.3,133.0,37.8,7873.9,292.8,-55.2,348.0,198.1,12.6,216.2,12.6,1048.4,103.5,71.9,11.0,290.8,221.3,283.3,221.3
51_23_94,26854.5,117.7,125.4,36.6,7805.7,287.5,-51.4,338.9,197.9,14.0,215.9,14.0,1102.1,106.6,76.2,10.0,300.0,236.8,292.0,236.8
51_23_99,26864.5,128.3,136.9,38.2,7924.9,306.2,-45.5,351.7,209.8,23.3,228.2,23.3,988.3,100.1,66.4,12.0,279.5,208.1,275.9,208.1
51_35_37,20094.5,107.1,133.6,39.0,7539.7,276.0,-64.0,340.0,183.4,6.1,201.5,6.1,1060.2,107.5,69.6,12.5,305.6,222.0,287.6,222.0
51_3_53,20874.5,95.7,116.4,33.6,7966.0,264.2,-75.6,339.8,143.8,-10.5,195.8,-10.5,1172.1,112.4,77.7,12.6,325.1,239.2,314.6,239.2
51_45_10,21054.5,114.3,132.9,37.8,7865.3,289.7,-58.1,347.8,194.6,9.6,213.2,9.6,1001.0,100.3,69.8,11.6,282.3,211.6,277.3,211.6
51_45_11,23054.5,110.5,128.6,37.0,7801.0,283.3,-59.3,342.6,190.7,6.7,208.6,6.7,1049.2,102.6,72.8,11.0,291.1,221.0,285.3,221.0
51_45_14,20954.5,99.2,126.9,37.2,7666.9,267.2,-70.6,337.8,177.2,-3.7,194.6,-3.7,1038.1,105.1,71.2,12.1,296.7,217.1,286.0,217.1
51_45_16,21304.5,119.9,132.0,37.4,7854.3,295.9,-51.0,346.9,200.6,15.4,219.0,15.4,989.3,98.2,69.2,11.0,277.5,209.3,272.6,209.3
51_45_17,20864.5,109.6,131.3,37.5,7826.0,282.9,-62.4,345.3,189.1,5.1,207.3,5.1,1033.4,102.7,72.2,11.1,289.5,218.9,283.5,218.9
51_45_19,21034.5,114.9,134.1,38.0,7850.3,290.2,-58.0,348.2,194.5,9.9,213.4,9.9,971.7,98.5,67.5,12.0,276.4,204.5,270.5,204.5
51_45_22,21024.5,110.7,133.5,38.0,7781.4,285.0,-61.4,346.4,190.0,6.7,208.3,6.7,964.7,98.8,66.1,12.8,277.2,201.4,269.7,201.4
51_45_24,20974.5,121.7,133.0,37.9,7868.8,298.5,-49.2,347.7,202.5,17.3,221.4,17.3,982.4,97.9,69.0,11.1,275.8,208.8,271.7,208.8
51_45_25,20994.5,112.2,133.3,38.0,7845.6,286.9,-60.7,347.6,192.1,7.4,210.4,7.4,990.3,100.1,69.1,12.0,280.8,209.2,275.0,209.2
51_45_3,20854.5,94.5,124.2,36.8,7638.0,260.6,-73.8,334.4,172.2,-7.9,189.4,-7.9,1075.6,107.8,73.9,11.8,305.6,225.5,294.3,225.5
51_45_31,20964.5,94.7,124.6,36.5,7707.6,261.5,-75.1,336.6,173.3,-8.7,190.3,-8.7,1098.6,108.9,76.9,10.7,308.8,232.3,299.9,232.3
51_45_39,22214.5,121.2,133.7,37.8,7893.3,298.0,-51.1,349.1,202.1,16.3,220.4,16.3,982.0,98.2,68.2,11.2,276.4,208.4,272.3,208.4
51_45_41,22204.5,114.2,132.9,37.8,7875.1,289.7,-58.2,347.9,194.9,9.6,213.1,9.6,1008.6,101.1,70.3,11.5,284.0,213.3,278.7,213.3
51_45_46,28314.5,105.8,130.5,37.5,7797.1,277.6,-65.9,343.5,185.2,1.4,203.1,1.4,1031.0,103.2,72.1,11.5,290.9,217.7,284.0,217.7
51_45_5,20984.5,108.8,131.7,37.6,7855.6,283.1,-63.5,346.6,189.1,4.1,207.0,4.1,1035.0,103.3,72.5,11.0,290.0,219.4,284.7,219.4
51_45_50,21684.5,104.1,129.4,37.3,7814.7,276.1,-67.4,343.5,184.1,-0.1,201.9,-0.1,1056.9,105.1,74.3,10.8,296.3,224.2,290.1,224.2
51_45_51,22294.5,99.4,125.3,36.9,7690.9,267.3,-69.1,336.4,178.0,-3.5,195.3,-3.5,1088.2,106.5,75.0,11.0,303.3,227.0,295.0,227.0
51_45_52,23064.5,116.8,131.8,37.9,7810.8,291.6,-53.6,345.2,196.8,12.7,215.2,12.7,994.3,98.6,69.4,11.5,279.3,209.3,273.3,209.3
51_45_54,21194.5,119.2,132.2,37.8,7880.8,295.0,-52.1,347.1,200.3,14.6,218.4,14.6,1005.2,99.9,69.6,11.4,281.5,212.8,277.4,212.8
51_45_55,27234.5,104.8,128.9,36.9,7820.5,277.1,-66.4,343.5,184.7,0.6,202.6,0.6,1067.2,105.3,75.1,10.7,297.3,226.5,290.8,226.5
51_45_57,26894.5,125.2,135.5,38.0,7931.2,303.0,-48.2,351.2,206.7,20.0,224.9,20.0,977.4,99.1,67.4,12.0,276.4,207.5,272.9,207.5
51_45_61,27384.5,118.9,133.5,37.8,7894.4,295.7,-53.6,349.3,200.1,14.1,218.3,14.1,992.1,99.3,69.0,11.2,278.9,210.4,274.6,210.4
51_45_63,27744.5,122.1,133.0,38.0,7901.9,299.3,-49.8,349.1,203.4,17.6,222.0,17.6,987.2,98.4,69.0,11.2,277.0,210.1,273.3,210.1
51_45_67,27494.5,112.1,129.3,37.0,7807.4,285.0,-58.1,343.1,192.2,8.3,210.2,8.3,1042.0,101.9,72.4,11.0,289.3,219.4,283.9,219.4
51_45_69,21264.5,118.7,131.1,37.2,7856.0,293.9,-51.6,345.5,199.6,14.4,217.8,14.4,1010.2,99.7,70.7,11.0,281.5,214.5,277.3,214.5
51_45_7,21044.5,90.8,122.1,36.1,7698.5,256.4,-77.9,334.3,169.3,-12.9,186.3,-12.9,1154.7,112.9,81.5,10.1,320.8,246.3,311.8,246.3
51_45_71,27244.5,106.3,128.0,36.9,7764.5,277.6,-63.7,341.3,185.8,2.9,203.5,2.9,1057.0,103.8,73.1,11.0,294.6,221.8,287.9,221.8
51_45_72,27754.5,116.1,130.5,37.3,7822.6,290.4,-53.8,344.2,196.4,12.1,214.8,12.1,1012.4,99.7,70.4,11.0,282.8,213.2,277.4,213.2
51_45_75,27264.5,112.1,135.3,37.9,7892.0,288.8,-62.2,351.0,192.8,6.8,210.9,6.8,989.8,101.1,69.2,11.9,281.9,210.0,276.8,210.0
51_45_76,27274.5,106.5,132.6,37.7,7840.1,280.3,-66.9,347.2,186.3,1.5,204.3,1.5,1015.0,102.9,71.2,11.5,288.3,215.6,282.6,215.6
51_45_78,21864.5,117.7,134.9,38.0,7884.2,294.2,-55.1,349.3,198.2,12.7,217.0,12.7,973.2,98.2,67.9,12.0,276.1,205.8,271.1,205.8
51_45_85,27394.5,112.6,133.6,38.0,7821.4,288.1,-59.1,347.2,192.7,8.5,211.1,8.5,972.1,98.6,67.4,12.0,277.1,204.2,270.6,204.2
51_45_89,23124.5,105.9,130.4,37.4,7738.6,277.3,-65.2,342.5,184.4,2.2,202.6,2.2,1012.0,101.7,69.7,12.0,287.5,211.1,279.4,211.1
51_45_94,27974.5,104.4,130.0,37.6,7723.7,275.0,-66.9,341.9,182.9,0.7,200.8,0.7,998.5,102.0,68.1,12.5,286.5,208.0,277.1,208.0
51_45_95,21274.5,96.7,125.4,37.0,7638.1,263.7,-71.9,335.6,174.8,-5.5,192.4,-5.5,1062.1,106.1,72.6,11.5,301.3,221.4,290.4,221.4
51_45_97,28384.5,96.6,126.3,36.8,7748.7,265.1,-74.0,339.1,175.7,-7.4,192.9,-7.4,1087.0,108.7,76.8,10.8,306.6,231.7,298.4,231.7
51_51_38,21314.5,114.3,126.2,36.6,7805.4,281.1,-58.2,339.3,193.5,68.2,211.2,9.0,1186.9,122.4,80.5,12.0,343.5,260.5,330.4,268.4
51_51_45,22704.5,110.8,124.0,36.4,7763.8,275.7,-61.2,336.9,189.4,65.1,206.8,6.1,1202.2,124.8,81.8,12.0,349.4,264.1,335.7,270.8
51_51_59,22654.5,117.6,130.8,37.5,7878.3,288.1,-56.9,345.0,197.3,71.2,215.7,11.7,1166.4,122.0,79.7,12.0,340.7,254.6,328.2,260.0
51_51_61,26954.5,111.6,125.2,36.3,7787.3,277.5,-60.7,338.2,190.8,65.8,208.1,6.6,1197.3,124.2,81.6,12.0,347.9,262.9,334.6,269.3
51_5_10,20654.5,104.9,132.7,37.3,7925.0,280.2,-69.4,349.6,185.9,-1.1,203.7,-1.1,1077.3,108.5,76.3,10.8,301.3,231.3,295.0,231.3
51_5_101,21854.5,103.0,135.3,38.0,7951.7,278.6,-73.8,352.4,183.6,-4.0,201.7,-4.0,1071.6,109.9,75.8,11.1,303.2,233.0,297.8,233.0
51_5_102,27014.5,113.0,139.6,39.0,7972.0,292.2,-64.5,356.7,194.1,6.0,212.3,6.0,1004.9,104.1,69.7,12.1,287.4,212.8,283.0,212.8
51_5_107,27514.5,104.5,135.2,37.9,7920.2,279.8,-71.5,351.3,185.1,-1.8,203.0,-1.8,1034.4,106.4,73.5,11.6,294.6,223.8,289.7,223.8
51_5_108,23174.5,110.5,136.5,38.1,7932.7,288.0,-64.7,352.7,191.7,4.4,209.8,4.4,1016.2,104.1,71.3,11.8,288.5,216.0,283.8,216.0
51_5_109,26904.5,93.4,125.2,36.4,7789.8,261.8,-78.1,339.9,172.5,-11.2,190.0,-11.2,1138.0,112.9,81.8,10.2,317.2,246.3,309.5,246.3
51_5_110,23444.5,103.2,129.7,37.3,7820.8,275.2,-68.4,343.6,182.9,-1.6,200.5,-1.6,1061.2,105.8,75.0,10.9,297.5,225.8,291.2,225.8
51_5_112,23264.5,108.6,136.2,38.1,7915.9,284.9,-67.7,352.6,188.9,2.8,207.4,2.8,1003.4,103.6,70.8,11.8,286.9,214.4,282.5,214.4
51_5_115,28344.5,106.8,133.3,37.8,7856.5,281.3,-66.6,347.9,187.1,1.9,205.1,1.9,1017.8,103.3,71.6,11.6,288.9,216.7,283.4,216.7
51_5_116,28354.5,111.4,134.3,37.7,7899.0,288.0,-62.2,350.2,192.6,6.1,210.6,6.1,1027.2,103.4,71.6,11.4,289.3,217.3,283.9,217.3
51_5_117,21634.5,105.3,128.0,36.8,7843.1,277.9,-65.7,343.6,185.4,0.5,203.4,0.5,1111.1,107.9,78.6,10.0,303.7,237.6,295.0,237.6
51_5_13,22564.5,106.6,131.7,37.2,7886.4,281.3,-66.6,347.9,187.1,1.3,204.9,1.3,1075.0,107.1,76.2,10.8,299.4,229.2,292.2,229.2
51_5_14,19894.5,113.8,135.0,38.0,7914.7,290.5,-60.2,350.7,194.6,8.2,212.8,8.2,1007.9,101.8,70.2,11.5,284.8,213.2,280.1,213.2
51_5_18,22984.5,111.3,130.0,37.3,7858.5,285.2,-60.4,345.6,192.2,6.9,210.1,6.9,1085.9,106.1,75.0,10.4,298.3,230.7,289.7,230.7
51_5_21,20894.5,115.8,137.0,38.4,7938.2,293.6,-59.8,353.4,196.6,9.5,215.0,9.5,995.4,101.7,69.0,11.9,283.3,210.4,278.6,210.4
51_5_24,19994.5,106.4,127.1,36.8,7846.4,278.6,-64.4,343.0,187.1,1.8,204.8,1.8,1115.9,108.1,78.0,10.3,304.6,238.2,295.5,238.2
51_5_29,20124.5,110.0,133.6,38.0,7895.2,285.5,-63.5,349.0,190.7,4.7,208.6,4.7,1051.5,105.1,74.0,11.2,293.9,223.2,287.9,223.2
51_5_36,20884.5,110.6,135.4,38.0,7912.6,287.2,-64.3,351.5,191.7,4.7,209.8,4.7,997.4,101.9,70.2,11.7,283.7,212.3,278.6,212.3
51_5_37,19864.5,102.7,132.1,37.7,7866.3,276.0,-71.6,347.6,182.6,-2.7,200.6,-2.7,1057.1,107.0,75.5,11.1,298.8,227.6,292.9,227.6
51_5_40,19674.5,101.1,134.1,38.0,7901.7,275.3,-74.4,349.7,181.6,-5.0,199.3,-5.0,1056.2,108.5,75.3,11.2,300.7,229.6,295.5,229.6
51_5_41,20514.5,88.7,121.3,35.5,7807.9,255.7,-81.4,337.1,168.7,-16.1,185.8,-16.1,1211.6,117.6,87.5,9.1,332.4,264.6,322.5,264.6
51_5_44,19874.5,116.5,136.5,38.0,7931.9,294.7,-58.0,352.7,197.7,10.9,216.2,10.9,990.5,100.7,68.6,11.9,281.3,209.1,276.7,209.1
51_5_46,20524.5,122.3,138.7,38.6,7936.9,301.2,-53.1,354.3,203.9,16.7,222.0,16.7,995.5,101.6,67.0,12.0,282.5,207.4,277.2,207.4
51_5_47,21954.5,99.5,132.4,37.5,7932.3,273.5,-76.0,349.5,179.9,-7.2,197.7,-7.2,1113.2,112.8,79.3,10.5,312.1,243.5,305.6,243.5
51_5_5,19884.5,117.4,139.3,38.8,7961.9,296.7,-59.1,355.8,198.8,10.8,217.1,10.8,986.6,101.5,67.4,12.3,282.1,206.6,277.7,206.6
51_5_50,22714.5,107.9,135.6,37.9,7906.3,283.6,-68.1,351.7,188.3,2.1,206.4,2.1,1010.6,104.0,71.3,11.7,288.5,215.8,283.8,215.8
51_5_55,22244.5,96.1,124.0,35.9,7776.8,264.8,-73.4,338.2,175.8,-8.2,192.9,-8.2,1147.0,111.2,81.7,9.7,315.2,246.3,306.8,246.3
51_5_56,22174.5,99.3,132.9,37.6,7925.2,273.3,-76.3,349.6,179.8,-7.3,197.6,-7.3,1101.7,112.5,78.6,10.7,310.6,240.9,304.5,240.9
51_5_57,22164.5,106.2,135.7,38.0,7959.4,283.0,-70.3,353.3,186.8,-0.8,205.2,-0.8,1062.9,108.4,75.0,11.0,299.9,228.7,294.2,228.7
51_5_58,22234.5,104.0,134.8,37.9,7937.3,279.4,-72.3,351.7,184.4,-2.7,202.6,-2.7,1068.0,109.2,75.7,11.2,302.1,230.9,296.3,230.9
51_5_59,20534.5,110.1,131.3,37.1,7862.5,284.8,-62.0,346.8,190.7,5.3,208.4,5.3,1056.7,104.7,73.9,10.9,294.1,224.3,287.7,224.3
51_5_62,21984.5,119.4,139.0,38.7,7950.6,298.7,-57.0,355.7,200.8,13.0,219.1,13.0,978.4,100.6,66.6,12.3,279.7,204.8,275.5,204.8
51_5_64,23384.5,98.6,132.1,37.4,7888.3,271.5,-75.9,347.4,179.3,-7.1,196.6,-7.1,1084.4,110.4,77.6,10.8,306.4,236.6,301.0,236.6
51_5_69,21614.5,117.8,137.1,38.1,7931.8,295.9,-57.4,353.3,198.9,12.1,217.3,12.1,1019.3,103.0,69.8,11.8,287.3,213.8,281.1,213.8
51_5_71,21234.5,104.2,134.7,37.9,7920.4,279.3,-71.4,350.7,184.9,-2.1,202.7,-2.1,1042.7,106.8,74.3,11.3,296.2,225.4,291.0,225.4
51_5_73,27734.5,106.7,128.6,36.9,7853.9,279.9,-64.4,344.3,187.3,1.9,204.9,1.9,1102.8,107.5,77.6,10.2,302.0,235.3,293.2,235.3
51_5_77,21244.5,120.9,135.6,37.8,7913.5,297.8,-53.4,351.2,201.9,15.7,220.1,15.7,1028.9,102.6,69.9,11.6,287.4,216.4,280.2,216.4
51_5_79,27574.5,117.9,137.3,38.5,7927.1,295.9,-57.1,353.0,199.0,12.5,217.6,12.5,1015.6,102.5,69.6,11.9,286.5,212.7,280.2,212.7
51_5_82,23114.5,111.1,133.9,37.7,7902.5,287.5,-62.4,349.9,192.5,6.0,210.4,6.0,1048.5,104.8,73.2,11.2,293.3,222.2,287.2,222.2
51_5_87,27224.5,89.9,122.1,35.7,7795.2,256.9,-80.6,337.5,169.6,-14.9,186.4,-14.9,1203.1,117.0,87.1,9.2,330.2,262.5,321.0,262.5
51_5_88,27584.5,107.7,132.2,37.5,7887.8,282.4,-65.6,348.0,188.2,2.6,206.1,2.6,1062.4,106.2,75.0,11.2,296.6,226.1,290.3,226.1
51_5_92,27004.5,104.0,129.4,37.3,7837.9,276.6,-67.7,344.3,184.1,-0.6,201.9,-0.6,1076.8,106.6,76.4,10.6,299.8,229.9,293.4,229.9
51_5_98,27964.5,106.9,136.7,38.0,7964.7,283.9,-70.1,354.0,187.5,-0.1,205.9,-0.1,1056.7,108.2,74.2,11.3,298.8,227.0,293.3,227.0
51_69_22,20944.5,108.1,133.1,35.5,8374.2,292.6,-75.7,368.3,193.7,-3.7,213.4,-3.7,929.8,94.1,58.1,16.0,277.0,176.7,272.4,176.7
51_69_67,22844.5,101.2,128.4,35.0,8337.6,282.4,-80.6,363.0,186.2,-10.0,206.2,-10.0,958.3,97.2,59.2,16.0,284.2,181.6,278.2,181.6
51_69_68,26804.5,95.2,122.9,34.0,8327.2,273.0,-84.1,357.1,180.2,-16.8,199.2,-16.8,1002.2,101.5,62.7,15.0,294.4,192.7,285.8,192.7
51_71_13,19734.5,105.1,129.3,37.7,7659.4,274.0,-66.1,340.1,183.2,8.0,200.7,2.6,982.4,102.5,67.4,12.8,286.6,208.3,273.5,208.3
51_71_16,19744.5,110.4,132.1,37.7,7730.3,282.5,-62.5,345.0,188.7,19.5,207.1,6.6,947.0,101.6,64.1,13.5,278.4,199.3,268.3,199.3
51_71_20,27294.5,110.5,131.6,37.7,7761.6,282.2,-62.8,345.0,189.5,13.5,207.6,6.3,949.5,102.2,64.9,13.4,278.8,200.5,269.3,200.5
51_71_29,21514.5,101.2,125.9,37.1,7635.9,267.6,-68.6,336.2,179.1,-1.0,196.5,-1.0,1008.9,104.9,70.3,12.2,294.1,215.9,279.2,215.9
51_71_3,14504.5,98.9,126.2,36.7,7664.7,266.2,-71.4,337.6,176.8,-3.9,194.3,-3.9,1025.2,105.3,70.3,12.3,295.3,215.5,284.1,215.5
51_71_30,22354.5,94.7,121.5,36.1,7614.2,257.6,-74.0,331.6,172.0,-8.0,189.7,-8.0,1064.9,108.6,74.3,11.8,306.6,227.3,291.7,227.3
51_71_35,19964.5,94.3,123.9,36.6,7648.3,259.8,-74.8,334.6,172.2,-8.6,189.3,-8.6,1066.8,107.9,73.7,11.6,304.5,225.2,292.9,225.2
51_71_36,19754.5,113.0,134.9,38.1,7731.6,286.6,-60.2,346.8,191.7,27.1,209.9,9.8,940.9,100.0,63.1,13.2,276.3,197.4,266.2,198.1
51_71_42,23014.5,100.0,126.3,36.6,7682.9,267.5,-70.8,338.3,177.8,-3.4,195.7,-3.4,1016.1,105.6,69.7,12.3,294.2,214.1,282.9,214.1
51_71_43,22364.5,98.1,126.4,36.8,7665.5,265.2,-72.5,337.7,175.9,-5.3,193.3,-5.3,1031.2,105.6,70.9,12.0,296.4,217.0,285.7,217.0
51_71_50,22094.5,97.6,123.2,36.5,7631.0,262.1,-71.4,333.5,175.5,-3.0,192.7,-4.8,1043.3,107.5,72.6,12.0,302.3,223.1,287.4,223.1
51_71_60,22644.5,105.7,129.3,37.2,7717.8,275.4,-66.2,341.6,183.9,1.9,201.9,1.9,973.6,102.9,66.3,12.9,284.4,205.0,272.9,205.0
51_71_66,23004.5,88.0,119.1,35.8,7596.6,249.4,-79.4,328.8,165.5,-14.2,182.0,-14.2,1139.8,113.0,79.0,11.0,322.2,241.5,309.0,241.5
51_71_67,21114.5,101.9,126.5,37.0,7671.7,269.1,-69.4,338.5,179.8,-2.0,197.2,-2.0,1001.8,104.4,68.7,12.4,290.4,211.4,278.8,211.4
51_71_68,27024.5,101.5,128.2,37.3,7680.7,270.4,-69.0,339.4,179.5,-1.8,197.4,-1.8,1017.4,103.4,69.4,12.3,291.5,212.2,280.9,212.2
51_71_73,23454.5,94.8,123.9,36.4,7651.4,259.7,-75.1,334.8,172.4,-8.3,189.5,-8.3,1061.5,108.2,73.6,11.6,304.1,224.8,292.7,224.8
51_71_74,27614.5,87.4,118.1,35.7,7589.8,248.2,-80.0,328.2,164.7,-15.0,181.1,-15.0,1146.8,113.7,79.6,10.8,324.4,243.2,310.8,243.2
51_71_76,23144.5,94.7,123.1,36.6,7634.1,259.8,-73.9,333.7,172.4,-8.0,189.5,-8.0,1064.5,107.9,73.1,11.8,304.6,224.0,292.1,224.0
51_71_77,27624.5,96.6,124.6,36.7,7667.9,262.5,-73.4,335.9,174.7,-6.6,192.0,-6.6,1044.9,107.2,72.4,11.8,300.6,221.0,288.4,221.0
51_71_78,27034.5,103.0,128.4,37.1,7684.4,271.5,-68.1,339.6,181.1,-0.7,198.6,-0.7,987.3,103.0,67.5,12.5,286.6,207.5,275.7,207.5
51_71_80,27634.5,107.7,129.8,37.3,7733.2,277.9,-64.8,342.7,186.1,7.5,204.1,3.8,964.6,103.2,66.1,13.2,282.6,203.8,272.0,203.8
51_71_81,21204.5,91.9,119.5,35.6,7592.1,253.7,-75.6,329.3,169.6,-10.1,186.6,-10.1,1089.3,110.6,76.3,11.3,312.7,233.2,297.0,233.2
51_71_82,27644.5,95.3,121.8,36.3,7600.5,258.7,-72.8,331.5,172.6,-6.8,189.8,-6.8,1058.4,108.2,73.9,11.6,305.5,226.4,290.0,226.4
51_71_83,21214.5,101.0,126.4,37.1,7630.8,268.0,-68.9,336.9,179.1,-1.2,196.1,-1.2,1010.2,104.5,69.2,12.6,293.6,213.8,279.1,213.8
51_71_84,27654.5,105.8,129.6,37.9,7661.3,275.1,-65.1,340.2,184.0,5.2,201.7,3.4,974.6,101.9,66.7,13.0,284.4,206.2,271.6,206.2
51_71_86,27044.5,97.1,122.6,36.5,7612.4,260.9,-71.5,332.4,174.6,-5.2,191.8,-5.2,1045.6,107.5,73.3,11.8,303.0,224.5,287.3,224.5
51_77_14,19274.5,87.7,114.1,35.8,7221.9,241.0,-73.1,314.1,161.0,-9.3,177.7,-9.3,1338.0,130.9,93.5,10.0,376.9,289.7,361.1,289.7
51_77_25,22424.5,83.4,110.9,35.3,7196.3,234.0,-76.5,310.5,155.9,-13.4,172.8,-13.4,1378.8,134.6,95.4,10.0,387.5,296.2,371.4,296.2
51_77_42,14484.5,82.7,109.4,34.9,7184.3,232.2,-76.7,308.9,155.2,-14.1,171.7,-14.1,1402.1,136.1,97.1,10.0,395.0,301.8,380.8,301.8
51_77_49,20784.5,81.1,108.6,34.8,7182.4,230.5,-77.5,308.0,154.0,-15.4,170.2,-15.4,1413.4,137.2,97.8,10.0,397.7,303.8,383.2,303.8
51_77_82,21784.5,107.9,134.8,39.0,7539.2,277.2,-63.4,340.6,184.6,13.8,202.3,7.0,1061.9,107.8,70.5,12.4,306.5,223.1,289.2,223.1
51_77_83,27344.5,94.2,120.6,37.2,7267.5,251.3,-69.3,320.6,167.7,1.8,184.9,-3.3,1261.3,124.4,88.7,10.0,355.8,275.1,339.4,275.1
51_77_86,27064.5,86.9,113.5,35.9,7196.6,239.3,-73.2,312.5,159.9,-9.8,176.5,-9.8,1357.5,132.5,94.1,10.0,381.3,291.9,365.4,291.9
51_77_89,27784.5,74.2,103.2,33.5,7164.5,220.2,-82.7,302.9,147.1,-21.9,163.1,-21.9,1467.7,142.2,100.8,10.0,412.6,313.7,397.8,313.7
51_77_90,21874.5,81.4,108.7,34.7,7186.3,230.8,-77.4,308.2,153.9,-15.4,170.4,-15.4,1414.1,137.2,97.8,10.0,398.0,303.8,383.6,303.8
51_79_19,21544.5,100.4,118.7,34.0,8008.5,270.8,-72.2,343.0,179.8,-6.2,201.1,-6.2,1140.8,109.5,75.4,13.0,317.0,231.3,310.3,231.3
51_79_3,14434.5,90.9,112.1,32.6,7997.0,256.7,-80.4,337.1,116.7,-16.2,190.9,-16.2,1196.0,115.8,78.0,13.1,335.0,241.2,321.0,241.2
51_91_1,23224.5,100.1,130.9,37.0,7906.0,275.2,-74.5,349.7,180.6,-5.7,199.2,-5.7,1043.4,104.4,70.1,11.7,293.0,215.6,285.6,215.6
51_91_18,14414.5,93.6,129.3,36.5,7910.1,265.9,-82.7,348.6,173.6,-13.1,191.5,-13.1,1143.0,115.9,79.2,10.2,320.8,247.4,313.0,247.4
51_91_27,20004.5,94.4,127.8,36.5,7894.1,267.4,-79.6,347.0,174.5,-11.1,192.9,-11.1,1055.3,104.5,70.5,11.5,295.5,217.2,289.0,217.2
51_91_29,14424.5,77.9,116.7,34.2,7880.8,242.4,-94.8,337.2,157.9,-28.5,174.8,-28.5,1291.7,125.7,92.6,8.4,355.6,287.5,345.7,287.5
51_91_30,23234.5,97.1,128.7,36.5,7883.5,270.4,-76.6,347.0,177.6,-8.2,195.4,-8.2,1087.7,106.9,74.3,10.7,301.3,228.9,292.5,228.9
51_91_31,19694.5,79.4,117.4,34.1,7903.2,244.7,-94.1,338.8,159.6,-27.7,176.6,-27.7,1252.2,122.7,88.6,8.8,347.6,276.0,338.6,276.0
51_91_32,19684.5,89.9,126.5,36.0,7907.6,260.7,-85.2,345.9,170.0,-17.0,187.5,-17.0,1170.3,117.2,82.0,9.9,326.3,255.3,317.9,255.3
51_91_4,21534.5,92.4,125.5,35.7,7871.1,264.2,-80.4,344.6,172.4,-12.9,190.6,-12.9,1114.6,107.9,76.4,10.5,306.2,235.4,297.2,235.4
51_91_46,19704.5,94.1,127.7,36.0,7897.5,267.2,-80.4,347.6,174.2,-11.9,192.5,-11.9,1054.2,104.5,70.3,11.5,296.0,217.0,289.1,217.0
51_91_60,22794.5,93.1,126.5,35.9,7898.0,265.8,-80.8,346.6,173.3,-12.8,191.5,-12.8,1063.1,104.9,71.0,11.6,297.5,218.7,290.7,218.7
51_91_62,22004.5,83.0,120.4,34.8,7874.3,249.0,-90.6,339.6,163.1,-23.7,179.5,-23.7,1277.5,126.4,91.8,8.7,352.7,285.4,343.3,285.4
51_91_66,21604.5,104.4,133.4,37.2,7915.7,281.1,-70.8,351.9,185.2,-0.9,203.7,-0.9,1029.0,104.0,68.8,12.1,290.8,212.1,283.3,212.1
51_91_68,21764.5,78.3,116.2,34.0,7893.4,242.9,-94.6,337.5,158.6,-28.7,175.2,-28.7,1266.6,124.3,89.3,9.1,352.8,279.5,344.0,279.5
51_91_7,19764.5,105.4,134.1,37.9,7906.4,282.2,-69.6,351.8,185.9,-0.2,204.5,-0.2,1028.4,104.1,68.5,12.1,290.6,211.9,283.1,211.9
51_91_71,23184.5,80.4,118.2,34.5,7886.3,246.1,-93.0,339.1,160.3,-26.5,177.4,-26.5,1256.1,122.9,89.3,8.7,347.2,277.9,338.0,277.9
51_91_73,28074.5,92.8,126.4,36.0,7892.3,266.0,-81.2,347.2,172.8,-13.2,191.3,-13.2,1058.5,104.6,70.5,12.0,296.8,217.0,289.9,217.0
51_91_74,22924.5,83.8,119.3,34.6,7872.4,251.8,-87.8,339.6,163.8,-22.0,181.7,-22.0,1165.1,111.3,79.9,9.7,319.4,246.5,310.5,246.5
51_91_79,23414.5,102.3,132.2,37.2,7900.9,278.3,-72.1,350.4,183.0,-2.9,201.3,-2.9,1045.7,104.9,70.5,11.8,293.4,217.1,285.4,217.1
51_91_82,26974.5,81.4,118.8,34.2,7918.8,247.4,-92.5,339.9,161.3,-25.6,178.9,-25.6,1219.2,120.3,85.3,9.2,340.9,266.3,333.4,266.3
51_91_83,22954.5,80.3,118.1,34.2,7900.1,245.8,-93.3,339.1,160.3,-26.7,177.4,-26.7,1233.2,120.7,86.8,9.1,342.8,270.2,334.0,270.2
51_91_88,21824.5,106.1,134.1,37.7,7908.2,282.5,-69.3,351.8,186.3,0.4,205.1,0.4,1038.4,104.8,69.9,12.0,292.4,215.5,284.4,215.5
51_91_92,23314.5,78.1,116.1,33.9,7889.2,242.3,-95.0,337.3,157.9,-28.9,174.7,-28.9,1274.4,124.6,90.3,8.6,353.6,282.1,344.6,282.1
51_91_93,27504.5,89.6,126.0,35.9,7900.9,259.8,-85.8,345.6,169.7,-16.8,187.3,-16.8,1185.3,118.9,83.4,9.5,330.3,259.9,322.0,259.9
51_9_100,27874.5,127.1,129.5,37.0,7890.6,299.4,-44.8,344.2,208.1,22.9,227.1,22.9,1064.9,105.0,72.7,10.5,292.0,231.2,282.0,231.2
51_9_103,27984.5,123.2,128.6,36.9,7852.5,294.6,-48.2,342.8,203.7,18.9,222.0,18.9,1077.3,105.1,73.7,10.3,294.3,232.7,284.4,232.7
51_9_104,21074.5,130.7,130.7,37.2,7872.3,303.8,-41.6,345.4,211.7,26.6,230.5,26.6,1048.4,103.8,71.1,10.7,289.4,227.7,280.3,227.7
51_9_18,20544.5,117.6,126.4,36.9,7833.7,288.0,-53.0,341.0,190.4,13.6,216.5,13.6,1110.4,106.9,76.6,10.0,300.2,240.0,289.2,240.0
51_9_21,22594.5,115.0,126.7,36.3,7884.4,286.9,-56.6,343.5,166.5,10.7,215.0,10.7,1136.0,110.2,78.3,11.0,306.6,243.7,295.4,243.7
51_9_24,22724.5,94.4,116.9,34.7,7790.0,260.3,-73.8,334.1,103.0,-9.5,192.1,-9.5,1262.0,123.6,87.9,10.0,345.2,272.6,318.6,272.6
51_9_36,20594.5,97.1,117.7,34.6,7795.8,263.1,-70.8,333.9,105.6,-6.8,194.7,-6.8,1244.4,121.4,86.7,10.0,338.5,269.0,315.2,269.0
51_9_38,19724.5,110.7,125.3,36.4,7836.3,281.4,-59.5,340.9,161.8,6.7,209.4,6.7,1140.0,109.6,78.5,10.1,306.5,245.3,294.3,245.3
51_9_39,20834.5,117.8,126.3,36.7,7836.5,288.2,-52.3,340.5,198.3,14.0,216.6,14.0,1106.4,106.9,76.2,10.1,299.8,238.9,290.0,238.9
51_9_4,22504.5,114.7,126.0,36.6,7835.2,285.4,-55.4,340.8,180.8,10.8,213.6,10.8,1121.8,108.1,77.4,10.1,302.5,242.0,291.7,242.0
51_9_40,19714.5,131.8,131.9,37.6,7884.2,305.0,-41.2,346.2,212.7,27.3,231.7,27.3,1040.6,103.4,70.6,10.7,287.7,225.7,279.0,225.7
51_9_47,20584.5,125.1,129.7,37.0,7880.8,297.8,-47.2,345.0,205.8,20.8,224.4,20.8,1067.1,104.9,72.8,10.7,291.8,231.0,281.7,231.0
51_9_57,22494.5,90.1,114.4,34.1,7777.1,253.9,-77.0,330.9,99.1,-13.8,187.4,-13.8,1289.0,125.7,90.1,10.0,352.1,278.7,325.9,278.7
51_9_63,22314.5,124.0,128.8,37.0,7875.1,296.2,-47.7,343.9,204.8,19.8,223.6,19.8,1074.8,105.2,73.5,10.2,293.5,232.7,283.5,232.7
51_9_92,22864.5,98.8,119.6,35.0,7824.0,266.4,-70.1,336.5,107.8,-5.2,197.3,-5.2,1234.6,121.1,85.7,10.4,337.5,266.5,312.3,266.5
51_9_94,22874.5,99.1,118.9,34.9,7803.9,266.1,-68.4,334.5,107.9,-4.1,197.6,-4.1,1235.1,120.8,86.0,10.0,336.6,267.0,312.4,267.0
51_9_97,21804.5,116.1,127.5,36.5,7841.4,287.8,-55.2,343.0,196.3,12.1,214.7,12.1,1108.4,106.9,76.0,10.4,299.7,238.4,289.2,238.4
51_9_98,21814.5,117.7,126.8,36.8,7845.8,289.0,-52.7,341.7,198.5,13.7,216.9,13.7,1107.0,107.1,76.3,10.0,299.5,239.1,289.1,239.1
