bio01,bio02,bio03,bio04,bio05,bio06,bio07,bio08,bio09,bio10,bio11,bio12,bio13,bio14,bio15,bio16,bio17,bio18,bio19,plot_ID
103,131,39,7460,269,-65,334,179,4,197,4,1109,112,76,11,317,237,300,237,51_197_96
117,126,37,7837,287,-53,340,197,13,216,13,1115,107,77,10,301,241,290,241,51_9_98
104,120,35,7736,271,-63,334,183,1,201,1,1187,112,83,10,317,255,308,255,51_23_90
106,132,38,7636,276,-66,342,184,4,201,4,988,102,67,13,288,208,274,208,51_155_72
118,139,39,7938,298,-58,356,200,12,218,12,981,101,67,12,281,206,276,206,51_5_62
113,135,38,7898,289,-60,349,194,8,212,8,1005,102,70,12,284,213,279,213,51_5_44
99,125,37,7681,266,-70,336,177,-4,194,-4,1090,107,75,11,304,227,296,227,51_45_51
111,134,38,7791,286,-61,347,191,7,209,7,963,99,66,13,277,201,269,201,51_45_22
120,138,39,7907,298,-55,353,201,14,219,14,1006,102,68,12,285,210,279,210,51_5_46
110,131,37,7876,284,-63,347,190,5,208,5,1058,105,74,11,294,225,288,225,51_5_59
93,121,37,7458,254,-71,325,169,11,186,-7,1128,113,81,11,325,247,308,248,51_197_78
102,132,37,7935,278,-73,351,183,-4,202,-4,1031,104,69,12,291,212,284,212,51_91_1
99,130,37,7905,274,-75,349,180,-6,198,-6,1071,106,73,11,298,224,290,224,51_91_30
91,117,36,7497,249,-74,323,167,8,184,-10,1134,115,83,12,328,250,311,251,51_21_68
104,129,38,7518,269,-64,333,180,59,197,3,1086,112,78,12,316,239,302,244,51_21_81
124,129,37,7860,292,-54,346,202,182,221,17,1358,131,86,11,374,295,351,334,21_147_13
124,137,38,8058,299,-58,357,206,183,225,16,1235,128,79,12,354,272,339,293,21_131_19
122,134,38,7979,294,-58,352,202,180,221,15,1274,131,81,12,363,276,346,307,21_131_4
118,131,37,7911,289,-58,347,198,176,217,12,1303,131,82,12,366,277,350,323,21_131_7
123,135,38,8021,297,-57,354,204,182,223,16,1278,131,81,12,363,274,346,311,21_51_7
122,134,37,8012,295,-59,354,203,180,222,14,1265,131,81,12,362,276,344,301,21_51_3
121,133,37,8014,294,-59,353,202,180,222,14,1291,132,82,12,367,278,347,311,21_51_53
121,124,35,8242,294,-60,354,205,130,223,10,1251,130,75,14,360,273,341,290,21_65_11
113,128,35,8391,291,-69,360,198,123,217,0,1163,126,74,16,347,250,331,254,21_205_21
123,125,35,8187,294,-58,352,206,182,224,12,1258,129,76,13,359,274,338,294,21_109_12
123,135,38,8007,297,-57,354,205,181,223,16,1283,132,82,12,365,276,345,309,21_51_15
118,128,37,7851,287,-57,344,197,175,216,12,1385,135,87,12,383,297,360,341,21_147_10
126,138,38,8103,302,-58,360,208,185,227,17,1228,128,78,12,351,270,335,291,21_189_10
118,132,36,8358,298,-65,363,203,128,222,6,1190,132,74,16,355,253,339,267,21_205_15
122,134,37,8009,295,-60,355,203,180,222,14,1270,131,81,12,363,276,344,303,21_51_2
114,129,35,8400,293,-69,362,199,125,218,1,1168,127,74,16,349,250,333,256,21_205_3
118,137,37,8304,299,-66,365,202,128,222,6,1158,131,74,16,348,247,333,258,21_205_5
124,126,35,8185,296,-56,352,207,184,226,14,1255,128,76,13,357,273,335,295,21_109_1
129,131,37,8039,302,-51,353,210,188,229,21,1253,125,77,12,351,271,328,302,21_125_41
127,132,37,8009,299,-52,351,208,186,227,19,1257,127,77,13,354,269,331,303,21_235_10
128,129,36,7972,299,-51,350,208,186,226,20,1290,126,80,12,359,281,335,314,21_199_28
126,130,37,7959,297,-52,349,206,185,225,19,1304,127,81,11,362,284,338,318,21_147_39
123,135,40,7351,285,-47,332,40,178,215,25,1543,163,92,14,442,320,385,417,47_123_110
106,126,38,7233,263,-61,324,23,160,196,9,1717,179,108,12,484,366,420,457,47_123_95
122,135,40,7336,285,-49,334,39,177,213,24,1573,167,95,13,453,329,388,426,47_123_69
141,134,39,7577,307,-31,338,55,197,235,40,1402,150,82,15,403,283,351,381,47_123_118
117,132,39,7377,281,-52,333,191,72,209,19,1166,122,73,14,332,243,327,271,47_59_63
96,122,38,7051,250,-67,317,167,56,184,2,1383,134,99,10,385,306,381,310,47_171_42
109,130,39,7199,268,-59,327,181,66,199,13,1259,125,87,12,352,273,347,287,47_171_34
108,130,39,7150,267,-59,326,180,66,197,12,1284,127,91,11,359,281,353,291,47_171_39
138,138,40,7553,308,-34,342,54,194,233,38,1471,159,89,14,429,306,351,404,47_139_94
138,136,39,7572,307,-34,341,53,193,233,37,1478,160,91,14,430,308,349,405,47_139_57
133,138,40,7453,301,-38,339,49,188,226,34,1506,162,90,14,439,314,366,411,47_139_68
98,124,38,7080,252,-66,318,96,105,186,3,1463,146,99,10,398,326,390,349,47_29_31
142,137,40,7574,311,-30,341,57,198,237,41,1449,157,90,14,423,303,341,398,47_139_62
108,128,39,7235,266,-59,325,180,65,198,11,1266,128,87,12,358,275,352,289,47_179_13
116,132,39,7356,278,-54,332,190,72,208,18,1203,125,79,13,345,256,337,277,47_179_43
130,136,40,7555,297,-43,340,206,138,224,29,1131,123,70,14,331,236,322,264,47_179_30
121,134,39,7446,287,-50,337,196,76,214,22,1149,123,72,14,332,239,326,265,47_179_18
110,134,38,7911,287,-64,351,191,5,210,5,1034,104,69,12,290,214,281,214,51_15_55
92,116,34,7806,258,-76,334,101,-12,190,-12,1276,125,89,10,349,275,322,275,51_9_24
109,122,36,7735,272,-62,334,187,63,204,4,1220,126,83,12,353,269,340,276,51_51_38
108,133,38,7918,284,-65,349,189,3,207,3,1070,107,75,11,299,227,291,227,51_17_52
97,128,36,7889,271,-76,347,178,-8,196,-8,1098,108,76,11,303,232,294,232,51_17_35
101,119,34,8119,271,-75,346,183,-8,202,-8,1114,109,72,14,313,222,307,222,51_113_20
105,129,37,7685,275,-66,341,183,2,201,2,973,102,66,13,284,204,272,204,51_71_30
82,114,35,7545,240,-83,323,160,-19,176,-19,1195,118,84,10,337,257,322,257,51_71_17
103,129,37,7692,273,-68,341,181,0,199,0,984,102,67,13,285,206,275,206,51_71_3
96,128,36,7967,271,-79,350,178,-10,196,-10,1000,101,64,14,289,196,285,196,51_165_18
111,123,36,7779,281,-56,337,191,8,209,8,1130,108,79,10,305,242,298,242,51_23_36
95,126,36,7961,270,-79,349,177,-11,195,-11,1018,102,65,14,292,200,288,200,51_165_70
101,119,34,8009,271,-72,343,194,-6,201,-6,1140,109,75,13,317,231,310,231,51_79_19
107,119,36,7539,266,-59,325,184,115,201,6,1244,128,81,12,355,270,342,293,51_169_31
125,134,39,7461,292,-45,337,201,79,219,26,1147,120,68,15,327,235,322,269,47_29_52
127,134,39,7502,294,-44,338,203,81,221,27,1140,121,67,15,327,233,321,267,47_29_32
124,133,39,7468,291,-46,337,200,131,218,25,1150,122,68,15,329,236,323,272,47_29_41
129,134,39,7526,296,-42,338,205,135,223,29,1163,123,67,15,335,236,326,277,47_29_65
137,137,40,7587,306,-36,342,52,194,232,36,1468,159,89,14,427,304,350,403,47_139_58
123,134,40,7345,285,-49,334,39,177,214,24,1499,156,89,13,423,311,380,400,47_9_13
103,126,39,7142,261,-61,322,175,24,192,8,1343,132,96,11,375,295,371,297,47_19_58
120,134,40,7330,283,-49,332,37,175,212,23,1595,169,97,13,459,335,391,432,47_123_52
96,119,37,7188,251,-67,318,169,17,185,-1,1335,133,95,11,379,292,372,294,47_19_66
104,125,38,7236,263,-61,324,177,24,194,7,1289,129,93,11,365,284,358,287,47_19_42
126,136,40,7390,290,-45,335,42,180,218,27,1548,165,93,14,447,323,381,420,47_123_119
112,129,39,7241,271,-56,327,29,165,202,15,1678,177,105,12,479,357,408,451,47_123_65
133,134,39,7547,301,-37,338,48,189,228,33,1513,163,93,14,439,316,358,414,47_139_59
142,136,39,7600,312,-30,342,57,198,238,41,1445,157,90,14,421,302,339,397,47_139_61
134,138,40,7475,303,-35,338,50,189,228,35,1519,163,92,14,444,318,365,416,47_139_64
112,131,39,7253,272,-56,328,185,69,202,15,1252,126,87,11,354,272,347,285,47_171_41
134,136,40,7440,299,-38,337,50,190,227,35,1464,156,86,15,422,299,366,398,47_123_63
115,132,40,7247,275,-54,329,32,169,205,18,1648,174,102,13,472,349,403,444,47_123_64
95,118,37,7161,247,-67,314,13,148,184,-1,1834,189,120,10,508,399,450,479,47_123_123
112,131,39,7243,271,-57,328,30,166,202,15,1648,173,102,12,468,348,406,441,47_123_109
132,135,40,7407,295,-40,335,47,186,224,33,1478,156,87,14,423,303,373,399,47_123_1
142,134,39,7557,308,-31,339,56,198,236,41,1397,149,82,15,401,282,352,379,47_123_80
140,135,40,7478,305,-31,336,55,196,233,40,1418,151,83,15,407,288,358,384,47_123_67
129,135,40,7417,293,-42,335,45,184,222,30,1499,159,89,14,431,309,375,406,47_123_81
120,134,40,7334,283,-50,333,37,174,211,22,1575,166,95,13,451,328,390,426,47_123_68
110,129,39,7240,268,-57,325,28,164,200,13,1688,177,105,12,480,358,413,453,47_123_111
109,129,39,7180,267,-58,325,27,162,198,13,1707,179,107,12,485,364,417,457,47_123_96
119,134,40,7324,281,-51,332,36,173,210,21,1594,168,97,13,456,334,393,430,47_123_82
135,136,40,7490,301,-38,339,50,190,228,35,1470,157,87,14,424,302,364,400,47_123_112
132,137,40,7422,298,-39,337,48,188,225,33,1490,159,88,14,431,307,369,406,47_123_125
139,137,40,7529,306,-35,341,53,195,232,38,1441,155,86,15,417,295,353,394,47_123_72
128,137,40,7403,294,-43,337,44,183,220,29,1544,165,93,14,448,323,377,420,47_123_74
130,136,40,7490,297,-41,338,45,185,223,30,1523,163,92,14,441,318,369,415,47_123_129
138,138,40,7587,307,-35,342,53,194,233,37,1459,158,88,15,424,302,352,400,47_123_115
136,137,40,7547,304,-36,340,51,192,230,35,1481,160,89,14,430,307,357,405,47_123_106
114,130,39,7316,275,-54,329,188,70,205,16,1239,125,88,11,351,271,344,281,47_19_28
124,134,39,7484,290,-46,336,199,78,218,24,1124,121,68,15,323,231,319,261,47_59_83
110,130,39,7241,272,-56,328,184,67,201,14,1231,123,79,13,343,261,340,288,47_59_54
128,134,39,7529,296,-43,339,204,82,223,28,1111,121,67,15,321,226,316,256,47_59_84
142,134,39,7567,308,-31,339,56,198,236,41,1399,150,82,15,403,283,349,381,47_123_54
96,119,37,7150,248,-66,314,14,149,185,0,1834,189,120,10,510,399,449,481,47_123_55
139,138,40,7636,308,-35,343,53,196,235,38,1450,157,88,15,422,300,346,399,47_123_59
130,136,40,7471,297,-41,338,46,185,223,31,1517,162,91,14,439,315,371,413,47_123_60
102,123,38,7172,257,-63,320,20,154,191,6,1778,185,114,11,500,383,433,471,47_123_62
128,135,40,7411,292,-44,336,43,182,220,29,1516,161,90,14,435,313,378,410,47_123_134
133,137,40,7473,300,-39,339,48,188,226,33,1491,160,89,14,432,308,366,407,47_123_79
130,134,39,7557,297,-42,339,44,185,224,29,1527,164,93,14,441,318,366,416,47_123_92
99,121,37,7241,256,-65,321,172,19,189,2,1299,128,92,11,369,284,358,285,47_91_31
117,132,39,7481,283,-52,335,193,73,211,18,1186,121,86,11,341,260,331,267,47_163_72
118,131,39,7468,283,-51,334,194,74,212,19,1190,122,83,12,342,258,333,271,47_163_32
94,118,37,7172,248,-68,316,167,15,183,-2,1351,135,96,11,384,296,378,298,47_19_45
122,133,39,7495,288,-48,336,198,77,216,23,1180,121,82,12,338,256,330,270,47_19_38
102,125,38,7133,260,-63,323,174,23,191,7,1344,133,96,11,376,295,373,297,47_19_37
98,123,38,7116,254,-65,319,170,20,187,3,1360,135,96,11,383,296,380,299,47_19_44
115,131,39,7347,278,-54,332,189,71,207,17,1235,124,89,11,350,271,342,278,47_19_60
112,129,39,7337,274,-56,330,186,69,204,14,1247,126,90,11,354,274,347,280,47_19_52
127,133,38,7893,299,-50,349,207,185,226,21,1299,127,81,11,361,281,338,318,21_147_44
125,133,38,7890,297,-52,349,205,183,224,19,1322,129,83,11,366,286,343,325,21_147_19
118,132,36,8325,298,-64,362,203,128,222,7,1220,134,74,16,361,259,343,277,21_165_16
121,134,36,8262,300,-63,363,205,130,224,10,1232,134,75,15,361,264,344,284,21_165_14
121,133,36,8242,298,-63,361,205,130,223,10,1239,133,75,15,361,267,344,287,21_237_22
122,128,36,8183,295,-60,355,205,182,224,12,1248,130,76,13,358,273,339,291,21_109_27
122,128,36,8171,295,-60,355,205,182,224,12,1253,130,77,13,358,274,338,293,21_109_33
128,131,37,8006,300,-50,350,209,187,228,20,1272,126,78,12,355,274,331,309,21_125_22
130,133,37,7967,302,-49,351,210,188,229,22,1274,125,78,12,355,274,332,311,21_147_40
123,132,38,7858,293,-52,345,202,181,221,17,1340,131,84,12,372,287,350,330,21_235_31
128,134,38,7881,300,-49,349,207,186,226,22,1299,127,81,12,360,280,337,320,21_147_6
127,131,37,7926,297,-52,349,206,185,225,19,1309,127,82,11,362,286,339,320,21_147_4
129,130,37,8032,301,-50,351,210,187,229,21,1266,126,78,12,354,274,331,306,21_125_14
128,131,37,7989,300,-50,350,209,187,228,21,1277,126,79,12,356,276,333,311,21_147_14
140,137,40,7577,310,-32,342,55,196,235,39,1463,158,90,14,426,305,346,402,47_139_89
132,136,40,7488,300,-38,338,48,188,226,33,1527,164,93,14,445,320,365,418,47_139_99
121,140,41,7261,284,-53,337,38,128,211,23,1406,146,83,13,390,291,364,364,47_155_42
102,129,39,7116,259,-64,323,21,109,191,7,1617,166,103,11,444,352,409,417,47_155_57
88,115,37,7003,236,-72,308,158,11,175,-6,1482,142,103,10,413,323,410,323,47_19_30
109,129,39,7228,269,-58,327,182,66,199,12,1277,128,91,11,360,279,354,288,47_19_32
103,124,38,7265,261,-62,323,176,61,193,6,1291,130,93,11,367,283,361,288,47_19_33
97,122,38,7127,253,-66,319,169,19,186,2,1363,135,97,11,383,299,380,302,47_19_34
91,119,38,7071,243,-70,313,10,143,179,-3,1778,180,119,9,480,398,449,450,47_155_43
94,122,38,7079,247,-69,316,13,146,182,-1,1725,175,114,10,468,382,435,440,47_155_22
114,136,41,7194,275,-56,331,33,122,204,18,1476,153,89,12,410,310,377,385,47_155_33
123,137,41,7276,284,-49,333,40,130,213,25,1432,148,84,13,399,295,370,375,47_9_41
116,135,40,7229,276,-55,331,33,123,205,19,1502,156,91,12,420,315,381,395,47_9_52
89,117,37,7134,240,-73,313,7,141,177,-7,1819,184,121,9,493,404,456,464,47_9_42
125,137,40,7305,287,-48,335,42,132,216,27,1438,149,84,13,403,295,370,380,47_9_14
113,136,40,7201,276,-56,332,111,120,204,17,1376,142,83,12,379,289,360,348,47_155_39
94,123,38,7067,248,-68,316,92,101,182,0,1645,166,110,9,445,367,423,410,47_155_52
117,139,41,7217,280,-54,334,35,124,207,20,1377,143,82,13,380,286,358,353,47_155_18
130,140,41,7424,296,-44,340,204,137,223,31,1268,129,72,14,357,256,345,316,47_155_28
121,140,41,7263,285,-52,337,119,129,211,24,1354,140,79,13,375,278,355,346,47_155_67
102,128,39,7089,258,-64,322,21,109,190,7,1587,162,102,10,432,346,405,404,47_155_30
120,139,41,7294,283,-52,335,119,127,211,23,1373,142,81,13,379,283,359,352,47_155_55
125,139,41,7373,289,-48,337,199,133,217,27,1324,135,76,14,366,270,353,336,47_155_41
120,137,41,7299,282,-52,334,37,127,211,22,1439,149,85,13,400,298,370,376,47_155_73
129,136,40,7380,291,-44,335,45,136,220,30,1393,144,81,14,388,284,363,365,47_9_25
113,132,40,7271,273,-57,330,30,167,203,16,1553,161,94,12,435,327,391,411,47_9_54
101,126,39,7163,258,-64,322,19,154,190,5,1683,173,107,11,466,363,420,440,47_9_67
96,121,38,7152,250,-68,318,14,149,185,0,1770,181,115,10,487,386,440,459,47_9_55
125,135,40,7300,287,-46,333,42,133,216,27,1469,153,86,14,415,301,375,392,47_9_44
135,131,39,7492,298,-36,334,50,142,228,34,1387,145,80,14,391,281,358,369,47_9_29
129,133,39,7416,291,-43,334,45,136,221,30,1443,151,84,14,408,295,369,385,47_9_30
95,120,37,7164,248,-69,317,13,148,184,-1,1776,182,115,10,488,387,441,460,47_9_17
125,135,40,7418,291,-46,337,200,131,218,27,1203,123,70,14,340,246,332,290,47_29_4
113,136,40,7202,276,-56,332,111,120,204,17,1342,138,82,12,370,282,355,335,47_29_48
124,135,39,7491,290,-48,338,199,79,218,24,1148,124,71,14,335,239,327,266,47_179_17
118,134,40,7350,282,-52,334,193,124,210,20,1240,126,73,13,345,256,338,302,47_29_50
119,135,40,7358,284,-51,335,116,126,211,21,1248,127,73,13,347,257,339,305,47_29_40
114,130,39,7382,277,-54,331,188,70,206,15,1233,123,89,11,350,272,341,276,47_91_24
100,122,38,7230,257,-64,321,173,20,190,3,1297,130,93,11,370,285,361,287,47_91_25
109,127,38,7311,269,-57,326,183,67,201,12,1247,127,88,11,355,272,347,283,47_163_16
127,134,40,7366,289,-45,334,43,133,219,28,1452,151,85,14,409,298,372,386,47_9_10
94,122,38,7050,247,-68,315,13,146,181,-1,1745,177,115,9,474,387,439,446,47_155_15
91,120,38,7032,244,-69,313,89,98,179,-2,1631,163,111,9,441,367,424,399,47_29_26
91,119,37,7105,243,-71,314,9,143,179,-4,1789,181,119,9,484,398,450,455,47_155_4
111,129,38,7407,274,-57,331,186,29,204,12,1221,122,88,11,349,268,339,271,47_91_47
107,127,39,7233,267,-58,325,180,27,198,11,1315,129,94,10,369,288,362,290,47_91_59
98,121,37,7243,255,-66,321,171,18,188,1,1304,130,93,11,371,286,362,287,47_91_41
108,128,39,7218,268,-59,327,181,28,198,11,1315,129,94,10,368,289,363,291,47_91_55
108,127,38,7282,269,-59,328,182,27,199,11,1272,127,92,11,361,280,353,283,47_91_61
96,119,37,7192,251,-67,318,169,17,186,0,1346,133,95,11,381,293,374,294,47_91_35
88,115,37,7008,238,-71,309,159,12,176,-5,1458,140,102,10,407,318,404,320,47_19_54
136,136,39,7581,305,-36,341,51,192,231,35,1485,160,91,14,431,310,352,407,47_139_88
110,128,38,7334,272,-57,329,184,67,202,13,1245,126,90,11,354,273,346,280,47_19_31
114,131,39,7353,277,-54,331,188,69,206,16,1209,122,75,13,338,254,334,286,47_59_20
118,134,40,7351,281,-53,334,192,74,210,20,1199,124,80,13,343,255,337,273,47_171_23
125,135,40,7449,291,-46,337,200,131,218,26,1200,123,69,14,340,244,332,290,47_29_29
93,116,36,7180,246,-69,315,165,14,182,-4,1360,133,95,11,385,296,376,296,47_91_52
101,126,39,7104,258,-63,321,99,108,190,7,1415,142,94,10,385,312,377,341,47_29_25
103,124,38,7275,262,-62,324,177,23,194,6,1285,125,91,10,363,281,352,281,47_91_32
116,132,40,7291,276,-54,330,33,170,206,18,1575,164,95,13,445,329,394,421,47_9_31
124,134,40,7365,286,-47,333,40,179,215,25,1498,157,89,14,424,309,378,401,47_9_70
131,132,39,7435,294,-40,334,47,186,224,32,1431,150,83,14,405,291,366,383,47_9_58
140,132,39,7484,303,-31,334,55,147,233,40,1399,148,81,15,399,282,358,376,47_9_47
137,134,40,7397,299,-34,333,52,144,228,38,1432,151,83,15,408,289,366,385,47_9_61
88,116,37,7090,238,-73,311,6,140,176,-7,1827,185,122,9,495,406,458,465,47_9_7
77,109,35,7016,224,-79,303,75,128,164,-17,1901,188,134,8,510,438,485,467,47_155_6
86,116,37,7029,235,-74,309,83,137,173,-8,1820,182,125,8,489,414,463,454,47_155_10
80,111,36,7031,228,-78,306,78,131,167,-14,1848,183,129,8,496,425,473,454,47_155_11
122,136,40,7301,285,-49,334,38,175,213,24,1578,167,95,13,455,331,390,428,47_123_61
126,127,35,8195,298,-56,354,209,186,227,15,1253,127,76,13,355,272,332,296,21_203_11
128,128,36,8141,299,-54,353,210,187,228,17,1249,126,76,13,352,271,329,297,21_125_43
126,127,36,8095,297,-55,352,208,185,226,16,1267,127,78,12,356,275,332,302,21_125_44
93,117,37,7175,246,-69,315,165,14,182,-4,1364,134,96,11,386,297,378,297,47_91_48
113,131,39,7432,278,-55,333,189,31,206,14,1205,121,87,11,345,264,334,268,47_91_56
110,130,39,7244,270,-57,327,183,66,201,13,1233,124,80,12,345,263,342,287,47_59_25
133,137,40,7492,302,-37,339,49,189,227,34,1509,163,92,14,440,316,362,412,47_139_93
139,138,40,7596,309,-34,343,54,195,235,38,1460,158,89,14,425,303,347,401,47_139_70
97,120,37,7233,254,-66,320,170,18,188,1,1325,131,94,11,376,290,366,291,47_91_26
120,131,39,7496,285,-49,334,196,75,214,21,1175,121,80,12,337,254,328,270,47_163_22
112,130,39,7312,274,-56,330,186,68,204,15,1207,123,78,13,340,256,336,281,47_59_66
124,132,39,7567,290,-47,337,200,78,219,23,1156,120,78,12,333,249,324,267,47_163_15
79,110,35,7046,227,-79,306,77,131,166,-15,1867,185,130,8,502,427,476,461,47_155_68
127,128,36,8046,298,-53,351,208,185,226,18,1269,127,78,12,356,275,332,304,21_125_13
128,130,37,7989,299,-51,350,208,187,227,20,1291,126,80,12,359,281,335,315,21_199_53
128,131,37,7946,299,-50,349,208,187,227,21,1297,126,81,11,359,283,336,317,21_147_16
127,132,37,7905,299,-51,350,206,186,225,20,1318,128,83,11,364,287,341,325,21_147_21
124,131,39,7502,289,-45,334,39,180,218,24,1574,169,97,13,453,329,376,427,47_139_113
140,138,40,7579,309,-33,342,55,196,235,39,1455,158,89,14,424,303,344,400,47_139_71
136,137,40,7487,304,-35,339,51,191,229,36,1501,162,92,14,438,314,358,411,47_139_72
101,115,36,7266,254,-61,315,18,154,191,3,1833,192,119,11,517,393,438,486,47_139_104
132,133,39,7453,298,-37,335,48,187,225,33,1545,166,96,14,451,324,366,423,47_139_73
133,134,39,7509,300,-37,337,49,188,227,33,1530,165,94,14,446,320,363,418,47_139_82
138,136,40,7543,307,-33,340,54,194,233,38,1482,160,91,14,432,309,350,407,47_139_114
125,130,38,7498,290,-44,334,40,180,219,25,1580,169,98,13,455,331,375,429,47_139_115
126,129,38,7479,289,-43,332,41,181,219,26,1582,170,98,14,458,331,373,431,47_139_106
119,132,39,7493,284,-51,335,194,74,213,19,1183,121,84,11,339,258,330,268,47_163_17
103,127,39,7105,259,-62,321,174,62,192,8,1334,131,96,11,372,295,367,300,47_171_31
116,133,40,7308,278,-53,331,189,73,207,18,1225,125,83,12,349,264,341,280,47_171_37
121,136,40,7373,285,-50,335,195,77,213,23,1183,125,77,14,342,249,335,270,47_171_28
116,133,40,7315,278,-54,332,189,73,207,18,1197,125,78,13,343,254,336,275,47_171_43
104,128,39,7105,261,-61,322,176,62,192,9,1314,128,94,11,365,289,360,299,47_171_48
112,131,39,7296,274,-55,329,186,69,204,15,1217,124,81,12,344,260,339,280,47_171_38
116,133,40,7331,278,-54,332,190,73,208,18,1211,125,81,13,347,259,339,277,47_171_36
130,137,40,7453,297,-41,338,46,184,223,31,1527,164,92,14,443,319,372,416,47_139_78
136,138,40,7541,305,-37,342,51,191,230,36,1484,160,90,14,432,309,357,406,47_139_102
130,136,40,7422,297,-40,337,46,184,223,31,1540,165,93,14,448,323,372,420,47_139_79
118,129,39,7343,279,-50,329,34,171,209,20,1653,176,103,13,477,349,397,447,47_139_111
139,135,39,7568,307,-32,339,54,195,234,38,1480,160,92,14,432,310,347,407,47_139_107
141,134,39,7577,308,-31,339,55,196,236,40,1473,159,92,14,429,309,345,404,47_139_108
142,135,39,7597,310,-30,340,57,198,237,41,1454,157,91,14,423,304,339,400,47_139_98
118,131,39,7493,283,-52,335,194,73,211,18,1187,121,85,12,341,259,332,267,47_163_56
130,136,40,7443,297,-39,336,46,185,223,31,1545,166,94,14,450,324,371,421,47_139_103
130,134,40,7445,296,-39,335,46,185,223,31,1559,167,96,14,454,327,372,426,47_139_95
98,123,38,7089,253,-66,319,169,20,186,3,1369,135,97,11,384,300,381,302,47_19_68
128,133,39,7515,294,-43,337,43,183,222,27,1531,164,93,14,441,318,369,417,47_107_18
126,132,39,7493,292,-44,336,41,182,220,26,1551,166,95,13,446,324,372,421,47_123_50
112,130,39,7305,274,-56,330,186,69,203,15,1207,124,78,13,342,256,337,280,47_59_78
110,127,38,7332,270,-57,327,184,66,201,12,1249,127,88,11,355,273,348,283,47_19_70
114,130,39,7296,274,-55,329,187,70,204,16,1241,126,87,11,352,270,345,282,47_19_48
112,131,39,7420,276,-56,332,187,30,205,13,1207,120,87,11,344,265,333,268,47_91_8
121,132,39,7510,287,-49,336,197,76,215,21,1173,121,80,12,337,254,327,270,47_163_11
132,135,40,7425,296,-40,336,48,188,225,33,1480,157,87,14,425,303,372,401,47_123_19
123,135,40,7325,285,-48,333,39,177,214,25,1567,166,95,13,452,328,386,425,47_123_32
142,138,39,7701,313,-33,346,56,199,239,40,1429,155,87,15,415,295,338,394,47_107_3
109,130,39,7167,268,-58,326,181,67,198,13,1286,127,92,11,360,282,354,291,47_171_9
109,129,39,7247,269,-58,327,182,66,200,12,1242,125,83,12,349,267,344,286,47_59_6
136,135,40,7509,303,-34,337,51,191,230,36,1510,162,94,14,441,316,356,415,47_139_46
137,136,40,7549,305,-34,339,52,193,232,37,1494,161,92,14,435,313,354,409,47_139_43
115,131,39,7445,279,-54,333,191,71,208,16,1194,121,87,11,342,262,332,268,47_163_24
90,117,37,6997,241,-70,311,161,13,177,-3,1455,140,102,10,405,318,403,319,47_19_23
137,136,39,7662,308,-35,343,215,89,234,36,1102,122,65,16,322,223,315,255,47_29_10
105,126,38,7230,262,-62,324,22,158,194,8,1707,177,108,11,478,365,420,452,47_123_16
95,118,37,7161,247,-67,314,13,148,184,-1,1834,189,120,10,508,399,450,479,47_123_23
100,121,38,7204,255,-63,318,18,153,190,4,1802,187,116,11,505,389,439,476,47_123_37
136,138,40,7526,306,-36,342,52,192,231,37,1479,160,89,14,432,308,355,406,47_139_17
133,137,40,7467,301,-37,338,49,188,227,34,1517,163,92,14,442,317,365,415,47_139_30
134,137,40,7453,302,-36,338,50,189,227,35,1513,163,92,14,442,317,362,414,47_139_34
127,133,39,7390,292,-41,333,44,181,220,29,1579,169,97,14,460,331,378,431,47_139_36
120,132,39,7508,285,-50,335,196,75,214,20,1182,121,83,12,339,257,330,268,47_163_47
67,97,33,6981,206,-86,292,138,-26,154,-26,1708,159,116,10,473,367,468,367,47_19_27
123,136,40,7439,288,-49,337,198,78,216,24,1169,126,74,14,342,244,334,268,47_171_15
107,126,38,7323,267,-59,326,181,64,198,9,1253,126,91,11,357,276,348,280,47_163_5
113,131,39,7264,275,-54,329,186,69,204,16,1202,121,76,13,336,253,334,281,47_59_12
126,134,39,7422,293,-44,337,202,133,220,28,1158,121,68,15,330,237,325,273,47_29_17
128,136,40,7382,292,-43,335,45,183,220,30,1513,160,90,14,436,312,377,411,47_123_26
136,136,39,7592,305,-36,341,51,192,231,35,1482,160,90,14,430,308,352,406,47_139_24
108,128,39,7198,266,-59,325,180,66,197,11,1287,128,92,11,362,282,356,291,47_19_24
139,139,40,7533,308,-34,342,54,194,233,38,1468,158,89,14,428,306,353,403,47_139_110
118,133,40,7338,280,-52,332,35,172,210,20,1610,170,98,13,462,338,395,435,47_123_57
144,138,40,7622,314,-30,344,59,200,240,42,1423,155,87,15,415,295,336,392,47_139_60
95,118,37,7178,249,-67,316,167,-2,184,-2,1346,130,94,10,379,292,368,292,47_91_9
119,133,39,7512,286,-51,337,196,74,213,19,1172,120,84,12,337,256,327,264,47_163_3
122,133,39,7545,289,-49,338,198,76,216,21,1164,119,82,11,335,253,325,264,47_163_7
116,132,40,7275,276,-54,330,33,169,206,18,1612,169,98,13,459,338,398,434,47_123_21
137,138,40,7525,306,-35,341,52,192,231,37,1482,160,90,14,433,309,354,407,47_139_21
120,133,39,7412,283,-51,334,194,76,212,21,1175,125,75,14,340,247,332,272,47_179_8
112,128,38,7400,274,-56,330,186,68,204,13,1228,124,89,11,350,270,342,276,47_163_8
110,127,38,7351,271,-57,328,184,66,202,12,1240,126,89,11,354,271,346,278,47_163_9
104,127,39,7148,261,-62,323,176,63,193,9,1295,128,90,11,362,282,357,295,47_171_16
120,128,39,7394,281,-47,328,36,174,213,22,1646,176,103,13,476,347,391,446,47_139_40
105,129,39,7119,263,-61,324,103,111,194,10,1371,139,90,11,375,300,366,330,47_29_18
122,136,40,7291,285,-48,333,39,176,213,25,1572,166,95,13,453,329,389,427,47_123_27
113,131,39,7235,272,-56,328,30,166,203,16,1664,175,103,12,475,353,407,448,47_123_29
128,134,39,7521,294,-43,337,43,183,222,27,1537,165,93,14,443,319,370,418,47_123_46
102,124,38,7150,259,-62,321,174,61,191,6,1318,132,94,11,373,289,368,292,47_19_16
105,127,39,7165,263,-61,324,177,63,194,9,1311,130,94,11,368,289,363,293,47_19_19
96,122,38,7071,251,-66,317,168,19,185,2,1392,136,99,11,388,306,386,308,47_19_22
127,135,40,7449,293,-44,337,202,133,220,28,1178,122,68,15,335,240,328,282,47_29_19
136,136,40,7495,302,-37,339,51,191,229,36,1466,157,87,15,424,301,364,399,47_123_34
133,136,40,7495,299,-40,339,48,188,226,33,1487,159,88,14,430,306,367,405,47_123_35
132,134,39,7534,299,-39,338,47,188,226,32,1525,164,94,14,442,318,360,417,47_139_28
139,134,39,7582,307,-32,339,54,194,234,38,1486,160,93,14,433,311,348,408,47_139_47
118,134,40,7329,280,-53,333,191,74,209,20,1217,125,83,12,347,262,340,277,47_171_11
116,133,40,7303,278,-54,332,189,73,207,19,1218,125,83,12,347,262,340,278,47_171_14
118,133,39,7379,282,-51,333,192,74,210,20,1161,122,73,14,332,243,326,269,47_59_7
92,116,36,7199,245,-70,315,164,13,181,-5,1371,134,96,11,388,298,379,298,47_91_12
129,134,39,7543,297,-42,339,206,136,224,29,1146,122,66,15,330,233,322,271,47_29_13
140,136,39,7646,309,-33,342,54,196,236,38,1459,158,90,14,424,304,341,401,47_139_50
112,130,39,7269,272,-56,328,185,69,203,15,1249,126,87,11,354,272,347,285,47_171_6
95,119,37,7224,251,-67,318,168,16,186,-1,1333,131,94,11,378,291,368,291,47_91_10
100,122,37,7279,259,-64,323,174,20,191,3,1284,128,92,11,366,282,355,283,47_91_15
130,138,40,7416,297,-40,337,46,186,223,32,1519,163,91,14,442,317,372,414,47_123_41
112,130,39,7301,274,-56,330,186,68,203,15,1207,123,77,13,341,255,336,281,47_59_9
87,112,36,7121,236,-73,309,5,139,175,-9,1924,196,129,9,527,424,473,497,47_123_12
131,137,40,7478,299,-39,338,47,187,225,32,1512,163,91,14,440,315,366,413,47_139_54
131,137,40,7441,298,-39,337,47,185,224,32,1528,164,92,14,445,320,369,417,47_139_19
127,134,40,7411,292,-43,335,43,181,219,28,1576,169,96,14,458,331,379,429,47_139_32
131,135,40,7408,297,-38,335,47,185,223,32,1553,167,95,14,455,326,371,425,47_139_38
114,131,39,7325,277,-54,331,188,71,206,16,1250,125,91,11,353,275,346,281,47_19_17
114,131,39,7325,276,-55,331,188,71,205,16,1217,126,81,12,348,261,340,280,47_179_6
110,130,39,7210,269,-58,327,182,67,200,13,1252,125,86,12,352,271,346,286,47_171_20
122,134,39,7446,288,-48,336,198,77,215,23,1207,121,87,11,342,265,335,273,47_19_13
114,130,39,7328,276,-54,330,188,70,205,15,1243,125,90,11,353,273,345,280,47_91_22
113,130,39,7324,274,-56,330,187,70,204,15,1228,126,83,12,350,265,342,282,47_179_5
125,135,40,7337,287,-47,334,41,132,216,26,1523,160,90,14,435,314,383,411,47_123_14
100,124,38,7107,256,-64,320,171,22,189,5,1361,134,97,11,381,299,377,302,47_19_20
94,121,38,7102,248,-69,317,13,146,182,-1,1731,176,113,10,471,381,436,443,47_155_12
130,138,40,7407,298,-40,338,47,185,223,32,1528,164,92,14,446,320,371,417,47_139_65
120,131,39,7490,284,-50,334,196,75,214,20,1181,122,79,12,339,255,330,273,47_163_25
135,138,40,7441,301,-37,338,50,190,227,35,1478,158,88,14,428,305,365,403,47_123_58
91,120,38,7070,243,-71,314,10,143,178,-4,1775,179,118,9,480,395,447,452,47_155_76
91,116,37,7118,243,-70,313,163,12,179,-5,1384,137,98,11,392,303,386,305,47_163_73
116,135,40,7266,277,-54,331,34,124,207,19,1523,158,92,12,427,319,385,403,47_9_39
126,134,40,7392,288,-45,333,42,182,218,27,1469,153,86,14,414,302,374,392,47_9_40
125,136,40,7334,288,-47,335,41,179,216,26,1555,165,94,14,449,325,384,422,47_123_135
129,136,40,7471,295,-43,338,44,184,222,29,1527,163,92,14,442,318,373,416,47_123_93
121,128,39,7305,282,-45,327,38,175,212,24,1659,178,105,13,483,351,393,451,13_111_31
127,130,39,7221,287,-39,326,46,180,218,31,1643,178,105,14,484,350,388,450,13_111_46
123,127,38,7404,284,-45,329,39,177,215,24,1633,175,103,13,474,344,384,444,13_111_6
125,132,40,7179,284,-43,327,43,178,214,29,1648,178,105,13,483,352,392,449,13_111_67
143,132,39,7565,309,-29,338,59,199,238,43,1449,165,89,16,434,295,323,401,13_115_16
154,132,40,7123,314,-11,325,74,160,243,59,1428,156,98,13,425,306,343,391,13_257_18
146,129,40,7051,304,-17,321,67,153,235,53,1534,166,105,13,450,332,370,417,13_257_21
117,125,38,7222,275,-47,322,35,171,208,21,1715,183,110,13,497,366,407,464,13_123_35
117,130,40,6943,272,-48,320,38,169,203,24,1807,191,121,11,517,398,429,487,13_311_12
123,135,41,6975,280,-44,324,44,175,210,30,1738,185,114,12,502,380,412,473,13_281_16
130,127,38,7439,293,-38,331,47,185,224,32,1590,171,101,14,465,332,371,435,13_213_21
118,129,40,6982,273,-46,319,39,170,205,25,1775,189,117,12,512,388,421,480,13_311_48
131,130,40,7170,290,-34,324,50,184,221,36,1637,179,105,14,486,348,383,452,13_187_22
117,127,39,7014,272,-47,319,37,169,205,23,1776,189,117,12,513,388,422,480,13_187_17
128,140,42,7133,289,-43,332,47,135,217,33,1568,168,98,13,458,333,382,426,13_291_6
115,121,37,7357,272,-50,322,31,169,207,17,1717,183,110,13,495,363,404,464,13_213_35
147,135,39,7635,315,-26,341,62,203,243,45,1421,163,87,17,427,290,315,396,13_295_51
118,132,40,7024,274,-49,323,38,170,205,24,1748,186,114,12,504,381,417,473,13_291_9
122,128,39,7368,283,-45,328,38,176,214,24,1645,176,104,13,478,347,388,448,13_111_2
145,134,39,7583,312,-26,338,61,201,240,45,1430,165,86,17,431,289,318,398,13_55_70
117,125,38,7207,275,-47,322,35,171,208,22,1716,184,110,13,498,366,406,465,13_123_73
114,130,40,6924,268,-50,318,35,166,200,22,1854,194,125,11,527,410,440,499,13_241_145
118,135,41,6914,273,-49,322,39,169,203,25,1813,190,122,11,516,401,429,491,13_281_53
127,137,41,7119,288,-42,330,47,134,217,33,1595,173,102,13,467,344,383,432,13_291_128
127,133,40,7147,286,-40,326,46,179,216,31,1643,178,105,13,483,353,390,449,13_291_129
116,130,41,6868,270,-47,317,38,167,201,24,1920,198,135,10,534,433,460,509,13_241_5
126,141,42,7154,288,-47,335,45,134,215,30,1490,156,89,13,424,308,376,400,37_75_32
116,138,41,7096,276,-54,330,36,170,205,21,1660,174,104,12,476,355,404,451,37_39_11
97,121,38,7092,250,-65,315,16,150,185,2,1838,190,120,10,513,400,448,484,37_39_53
115,129,39,7255,276,-52,328,189,34,206,19,1373,131,97,9,374,301,369,301,37_27_13
106,129,40,7030,262,-59,321,26,159,194,12,1797,187,117,11,508,393,436,480,37_39_47
98,119,38,6831,248,-58,306,21,149,184,7,2040,204,148,7,546,472,508,518,37_113_31
109,134,40,7103,268,-59,327,29,162,198,14,1615,168,101,11,453,347,402,427,37_173_83
110,132,40,7178,268,-59,327,28,164,199,14,1628,169,101,12,458,346,404,433,37_173_84
97,122,38,7033,250,-65,315,17,149,185,3,1856,191,123,10,515,409,455,486,37_39_43
100,126,40,6927,253,-62,315,21,106,186,7,1772,179,123,8,476,402,448,447,37_99_28
111,129,40,6844,264,-51,315,33,162,196,19,1915,197,133,10,532,431,461,507,37_113_23
114,130,41,6834,268,-48,316,36,164,199,23,1936,198,138,9,531,441,469,507,37_113_8
122,136,40,7296,287,-49,336,119,128,214,25,1211,124,73,13,336,251,332,292,37_87_4
117,137,42,6911,274,-50,324,39,169,203,25,1787,187,121,11,506,397,425,481,37_113_14
98,121,39,6889,249,-61,310,96,104,184,6,1827,181,136,7,486,429,469,443,37_87_70
107,129,40,6920,261,-56,317,28,159,193,15,1860,193,125,10,523,412,448,496,37_43_9
112,131,39,7245,273,-56,329,185,69,203,15,1206,122,79,13,339,255,336,278,37_115_35
122,126,35,8167,294,-59,353,205,182,224,12,1259,129,77,13,359,275,338,295,21_109_11
126,129,36,8076,298,-54,352,208,185,227,17,1264,127,78,12,355,273,331,303,21_125_1
129,131,37,7986,302,-49,351,210,188,228,22,1280,125,79,12,356,278,332,312,21_147_2
124,129,37,7922,294,-54,348,204,182,222,17,1325,128,83,11,367,289,343,323,21_147_34
122,135,37,8052,297,-60,357,204,181,223,14,1253,130,80,12,359,275,343,298,21_131_1
121,132,36,8344,301,-62,363,205,131,224,8,1192,132,73,16,354,252,337,269,21_11_22
124,136,38,8029,298,-58,356,205,183,224,16,1249,129,80,12,357,273,340,298,21_131_3
124,133,38,7850,295,-52,347,203,182,222,18,1341,131,85,11,371,289,348,330,21_147_43
122,134,36,8275,301,-62,363,206,131,225,11,1231,134,74,15,359,264,343,284,21_197_13
116,132,36,8386,295,-68,363,201,126,220,3,1151,127,73,16,345,245,330,252,21_205_28
116,132,36,8355,295,-67,362,200,125,220,3,1168,129,74,16,350,249,334,258,21_205_13
115,131,39,7481,280,-54,334,191,32,209,15,1187,120,86,11,341,260,331,265,51_191_75
94,127,36,7862,267,-79,346,174,-11,192,-11,1077,106,73,11,299,224,291,224,51_91_15
96,128,36,7881,270,-77,347,176,-9,195,-9,1082,106,74,11,300,227,291,227,51_91_4
98,119,34,8206,271,-79,350,182,-12,201,-12,1072,107,68,15,308,209,300,209,51_187_31
99,120,34,8206,272,-79,351,183,-11,202,-11,1083,107,69,14,309,212,303,212,51_157_11
101,121,34,8114,274,-75,349,184,-7,203,-7,1092,107,70,14,308,216,303,216,51_139_53
90,112,33,8019,256,-82,338,102,-18,190,-18,1184,114,77,14,331,237,319,237,51_139_38
112,131,39,7440,277,-57,334,187,30,205,13,1195,120,86,11,343,261,331,265,51_191_114
104,131,37,7901,280,-70,350,185,-1,203,-1,1015,102,67,13,286,206,280,206,51_15_156
79,114,34,7821,243,-90,333,158,-26,176,-26,1261,117,88,9,338,271,327,271,51_15_8
101,123,38,7280,259,-64,323,174,20,191,3,1264,124,90,10,359,277,346,278,51_191_109
115,129,35,8438,295,-68,363,201,126,220,2,1159,126,73,16,347,247,330,253,21_205_27
125,130,37,7889,295,-53,348,204,183,223,18,1338,129,84,11,368,291,345,330,21_147_27
124,134,36,8341,304,-60,364,208,133,227,12,1206,133,72,16,354,255,338,276,21_165_12
118,133,36,8260,297,-64,361,202,128,221,7,1228,135,75,16,363,262,345,280,21_165_5
128,134,38,7877,300,-48,348,207,186,226,22,1314,129,82,12,364,280,343,325,21_147_22
121,134,37,7994,294,-59,353,202,180,221,14,1271,131,81,12,363,276,346,305,21_131_31
121,134,37,7987,294,-59,353,202,179,220,14,1267,130,81,12,361,276,345,304,21_131_8
89,119,36,7574,250,-78,328,166,-13,182,-13,1132,112,78,11,320,239,307,239,51_71_66
96,123,36,7621,260,-73,333,173,-7,190,-7,1044,108,72,12,302,221,289,221,51_71_67
103,117,36,7519,260,-63,323,179,59,196,2,1262,130,85,12,362,278,349,290,51_169_96
105,119,36,7552,264,-62,326,182,113,199,3,1271,129,82,12,360,275,347,302,51_169_102
112,137,38,7959,291,-63,354,194,6,212,6,1007,103,70,12,286,213,282,213,51_5_108
118,135,38,7903,295,-56,351,198,13,217,13,1041,104,71,11,290,219,282,219,51_17_131
114,136,38,7947,292,-60,352,195,9,214,9,1036,104,72,11,291,218,283,218,51_17_143
109,133,38,7889,285,-64,349,190,4,208,4,1056,105,75,11,294,225,288,225,51_5_82
94,129,37,7898,266,-80,346,174,-12,192,-12,1170,118,83,10,326,257,318,257,51_17_148
101,132,38,7867,274,-72,346,181,-4,199,-4,1047,107,75,11,297,226,292,226,51_5_112
108,134,39,7651,279,-64,343,185,5,204,5,990,102,66,13,290,207,275,207,51_155_74
105,123,36,7856,275,-65,340,114,1,204,1,1185,116,82,11,323,254,303,254,51_125_86
103,128,38,7613,270,-66,336,181,19,198,1,1025,106,74,12,299,222,284,224,51_21_73
101,127,37,7590,267,-68,335,178,17,196,-1,1052,108,76,12,306,230,292,233,51_21_76
102,127,38,7351,263,-65,328,175,20,193,3,1187,118,85,11,340,259,325,263,51_173_91
95,119,37,7261,251,-68,319,168,14,185,-3,1297,127,92,10,368,284,355,284,51_191_111
110,134,38,7925,287,-64,351,191,4,210,4,1050,105,72,11,293,220,284,220,51_17_98
78,116,34,7883,242,-95,337,158,-29,174,-29,1278,125,91,9,355,283,346,283,51_91_92
106,131,36,8238,286,-76,362,190,-5,209,-5,979,98,62,15,285,190,281,190,51_171_93
122,133,36,8221,299,-62,361,205,131,224,11,1236,132,75,14,357,269,341,287,21_129_13
124,132,36,8217,298,-60,358,206,133,226,13,1226,130,74,14,353,267,336,285,21_129_6
122,135,38,7998,296,-58,354,203,180,222,15,1267,130,81,12,361,276,345,305,21_131_17
121,133,38,7933,293,-56,349,201,179,220,14,1279,130,81,12,361,273,345,316,21_131_21
119,137,37,8263,298,-65,363,202,128,221,7,1174,132,74,16,352,250,336,264,21_175_4
101,120,35,7820,270,-67,337,109,-2,200,-2,1220,119,85,10,332,264,309,264,51_9_36
97,125,37,7653,263,-72,335,175,-6,192,-6,1029,106,71,12,297,218,285,218,51_71_42
130,132,37,7976,303,-49,352,211,189,229,23,1266,124,78,12,352,274,329,309,21_147_28
127,132,37,7907,299,-51,350,207,185,226,20,1299,127,81,11,361,282,338,317,21_147_24
128,132,37,7951,300,-50,350,208,187,227,21,1300,126,81,11,359,284,336,319,21_147_17
120,132,36,8320,301,-62,363,205,130,224,9,1190,132,72,16,354,251,337,268,21_11_22
128,129,36,8049,299,-52,351,209,187,228,19,1271,126,78,12,355,275,331,307,21_199_1
104,122,35,7883,274,-67,341,112,-1,203,-1,1178,114,81,11,321,249,306,249,51_15_153
95,116,34,7814,260,-74,334,104,-10,193,-10,1261,124,87,11,348,270,320,270,51_125_37
108,127,36,7891,280,-65,345,188,3,207,3,1119,107,76,11,302,236,293,236,51_15_93
98,129,36,7971,274,-77,351,180,-8,198,-8,983,100,62,15,285,191,282,191,51_165_42
102,131,37,7910,278,-72,350,183,-3,201,-3,1003,101,65,13,285,201,280,201,51_15_155
118,132,36,8358,298,-65,363,203,128,222,6,1190,132,74,16,355,253,339,267,21_205_15
122,134,38,7979,294,-58,352,202,180,221,15,1274,131,81,12,363,276,346,307,21_131_4
105,130,35,8241,285,-77,362,189,-6,208,-6,982,98,62,15,286,190,282,190,51_171_79
111,132,36,8227,290,-72,362,194,0,213,0,1011,100,65,14,290,200,287,200,51_139_23
101,126,35,8176,277,-79,356,184,-9,203,-9,1012,101,64,15,293,196,288,196,51_171_29
111,129,36,8144,290,-67,357,206,3,214,3,1007,101,65,15,292,199,288,199,51_165_150
87,118,33,8193,260,-89,349,171,-23,189,-23,1070,107,68,14,309,209,300,209,51_171_82
97,131,37,7959,271,-79,350,178,-10,196,-10,1141,117,80,11,321,248,313,248,51_17_145
101,130,37,7836,273,-72,345,180,-4,198,-4,1073,108,77,11,301,231,295,231,51_5_109
94,124,37,7630,260,-74,334,172,-8,190,-8,1081,108,74,11,306,226,295,226,51_45_95
104,131,38,7602,273,-66,339,181,20,199,2,1005,103,68,13,293,213,278,213,51_197_81
102,128,38,7605,269,-67,336,179,18,197,0,1018,105,72,12,297,219,282,220,51_21_70
103,130,38,7567,271,-66,337,180,20,198,2,1051,108,76,12,306,228,292,231,51_197_92
107,133,39,7576,276,-64,340,184,23,202,6,1042,108,75,12,304,225,291,229,51_197_95
105,129,38,7635,273,-65,338,183,21,201,3,1020,107,73,13,299,221,286,224,51_21_78
110,124,36,7762,275,-62,337,189,64,206,5,1205,125,82,12,350,265,337,271,51_51_61
130,133,37,7967,302,-49,351,210,188,229,22,1274,125,78,12,355,274,332,311,21_147_40
127,126,35,8151,299,-54,353,209,186,228,17,1263,126,77,13,356,273,331,302,21_203_20
127,127,36,8107,298,-53,351,208,186,227,17,1274,127,78,12,358,276,333,305,21_203_22
118,134,36,8301,298,-65,363,202,127,221,6,1180,132,74,16,353,251,337,264,21_205_17
113,133,38,7723,287,-57,344,192,10,210,10,969,98,67,12,276,203,268,203,51_121_75
109,136,38,7933,286,-66,352,190,3,208,3,1046,106,73,11,295,222,289,222,51_5_10
119,135,38,7907,296,-55,351,200,14,218,14,1020,102,70,12,286,214,280,214,51_23_53
121,133,36,8335,301,-61,362,206,131,225,9,1211,134,73,16,358,256,341,275,21_11_31
116,129,37,7849,285,-58,343,195,70,214,10,1173,123,80,13,343,256,330,262,51_51_59
82,119,35,7900,248,-92,340,162,-25,179,-25,1240,122,88,9,343,274,334,274,51_91_71
126,131,37,7917,297,-51,348,206,184,224,19,1293,127,80,12,360,278,337,316,21_235_37
128,134,38,7897,300,-49,349,208,186,227,22,1289,126,79,12,358,276,335,318,21_235_18
119,129,37,7835,287,-56,343,198,176,216,13,1373,134,86,12,379,293,357,339,21_235_20
122,135,37,8240,300,-63,363,205,130,224,11,1228,133,75,15,359,265,342,284,21_237_11
127,130,37,8018,299,-52,351,208,186,227,19,1258,127,77,12,353,271,330,303,21_125_31
125,135,37,8210,302,-60,362,208,134,227,14,1216,130,74,14,351,265,335,282,21_129_15
124,131,36,8216,298,-60,358,207,184,226,13,1232,130,75,14,354,270,336,287,21_109_23
127,127,36,8116,298,-53,351,208,186,227,17,1263,127,77,13,356,273,331,302,21_125_8
123,136,38,7986,297,-56,353,204,182,223,16,1271,131,81,12,362,274,344,307,21_131_5
119,132,36,8309,298,-64,362,203,128,222,7,1211,134,74,16,360,257,343,273,21_11_25
127,129,36,8003,298,-51,349,208,186,226,19,1289,126,80,12,359,281,335,313,21_199_9
127,129,36,7962,298,-51,349,207,186,226,20,1302,126,81,11,361,284,337,318,21_199_20
100,130,37,7896,275,-74,349,180,-5,199,-5,1013,102,66,13,288,203,282,203,51_15_191
104,130,39,7438,268,-64,332,179,21,197,4,1138,114,81,11,325,247,309,250,51_173_28
107,130,38,7631,274,-64,338,184,62,202,4,1031,108,73,13,302,224,289,229,51_21_10
104,130,38,7551,271,-65,336,180,60,199,3,1058,110,75,13,310,230,296,235,51_21_41
103,127,38,7498,267,-65,332,179,59,196,2,1125,115,81,12,327,247,313,253,51_173_49
101,126,38,7373,263,-65,328,176,19,193,2,1189,118,85,11,340,261,325,264,51_173_30
104,129,38,7617,273,-66,339,181,2,199,2,1001,101,67,12,287,207,275,207,51_121_20
107,135,38,7948,284,-68,352,188,1,206,1,1065,109,74,11,300,227,293,227,51_17_51
116,125,37,7724,281,-54,335,194,124,211,12,1220,124,76,12,343,258,330,300,51_105_74
106,130,37,7839,278,-67,345,186,1,204,1,1042,104,73,11,293,220,287,220,51_45_50
109,128,37,7782,281,-61,342,189,5,207,5,1056,103,73,11,293,222,287,222,51_45_11
87,124,36,7903,255,-88,343,167,-20,184,-20,1203,120,85,9,334,264,326,264,51_91_32
101,133,37,7962,276,-75,351,182,-6,200,-6,1107,113,77,11,311,238,304,238,51_17_14
94,128,36,7910,266,-80,346,175,-12,192,-12,1168,117,83,10,325,256,316,256,51_17_20
98,131,37,7859,270,-76,346,177,-8,195,-8,1092,111,78,11,308,238,302,238,51_5_64
93,127,36,7894,265,-81,346,173,-13,191,-13,1065,105,71,11,298,220,291,220,51_91_46
110,134,38,7663,282,-62,344,188,25,206,7,960,100,65,13,281,202,269,203,51_155_59
102,120,34,8248,275,-77,352,185,-9,205,-9,1069,107,68,14,307,209,300,209,51_187_39
93,113,33,8107,260,-81,341,175,-16,194,-16,1153,113,74,14,323,229,315,229,51_157_12
80,105,31,8028,241,-89,330,92,-28,180,-28,1260,123,82,13,357,254,334,254,51_113_13
102,129,37,7685,272,-70,342,180,-1,198,-1,995,103,68,13,288,208,278,208,51_71_43
104,128,37,7707,274,-67,341,183,1,200,1,976,103,67,13,285,206,273,206,51_71_60
103,129,37,7692,273,-68,341,181,0,199,0,984,102,67,13,285,206,275,206,51_71_3
97,127,35,8123,274,-81,355,180,-12,198,-12,991,100,61,16,291,190,286,190,51_171_81
100,118,34,8147,271,-76,347,183,-9,202,-9,1118,110,72,14,315,222,308,222,51_157_24
101,125,38,7316,261,-64,325,175,20,192,2,1214,120,86,10,345,265,330,267,51_173_35
95,123,37,7360,256,-70,326,170,-4,187,-4,1179,118,81,11,334,252,315,252,51_197_1
78,116,34,7883,242,-95,337,158,-29,174,-29,1274,125,90,9,355,282,346,282,51_91_68
101,126,35,8161,277,-77,354,184,-8,203,-8,1017,101,64,15,293,198,289,198,51_171_9
97,121,34,8061,270,-79,349,179,-11,198,-11,1068,105,68,14,303,210,298,210,51_139_50
105,128,40,6970,260,-59,319,102,28,193,12,1443,142,103,9,390,323,383,323,37_199_26
122,143,42,7124,285,-51,336,42,130,211,27,1479,155,90,12,418,310,372,393,37_173_65
107,132,40,6992,263,-59,322,27,159,194,13,1747,181,114,11,489,383,428,463,37_173_75
92,121,38,7029,245,-69,314,90,99,180,-1,1714,172,117,9,462,387,440,425,37_173_29
114,129,40,6982,270,-49,319,111,120,202,21,1691,168,129,8,448,400,437,406,37_175_13
123,133,37,8163,297,-61,358,205,183,224,13,1236,130,76,13,354,271,336,289,21_189_6
79,106,35,6879,222,-74,296,76,38,165,-13,2021,196,155,6,533,483,519,484,37_87_43
133,136,39,7514,303,-39,342,210,48,228,33,1271,121,91,10,348,276,344,282,37_27_44
114,127,40,6896,267,-47,314,111,164,200,22,2033,204,154,8,539,479,503,510,37_175_25
90,119,38,7022,242,-70,312,88,97,178,-3,1670,166,116,8,449,380,434,407,37_87_80
94,122,38,7008,247,-67,314,92,102,182,1,1677,168,115,9,452,378,432,415,37_173_51
114,132,40,7224,274,-54,328,32,168,204,17,1661,175,103,12,476,352,405,448,37_39_1
110,135,41,6942,266,-57,323,31,117,196,17,1715,178,114,10,478,380,421,451,37_113_77
132,142,42,7307,298,-39,337,49,139,223,35,1511,162,91,14,443,315,373,412,37_39_57
113,129,39,7161,272,-54,326,109,33,202,17,1412,137,101,9,381,313,376,313,37_23_58
97,120,38,6895,247,-62,309,95,103,183,5,1791,177,134,7,476,422,463,430,37_87_48
115,132,40,7057,274,-51,325,113,72,204,22,1405,141,105,9,376,321,376,327,37_21_2
124,135,40,7222,288,-45,333,122,43,215,28,1341,132,97,9,364,299,355,303,37_111_28
128,131,37,7950,299,-50,349,208,186,226,20,1287,126,80,12,358,279,335,314,21_147_31
126,131,37,7897,296,-52,348,205,184,224,19,1313,128,82,11,364,285,341,322,21_147_25
131,135,38,7934,304,-48,352,211,190,230,24,1284,125,80,11,354,278,331,317,21_147_9
124,129,37,7884,293,-54,347,203,181,222,17,1346,130,85,11,371,293,348,331,21_147_20
116,133,36,8324,295,-68,363,200,125,219,4,1182,132,75,16,355,252,339,263,21_205_57
127,129,36,8019,298,-52,350,208,186,227,19,1281,126,79,12,357,278,333,310,21_199_65
111,132,41,6896,266,-53,319,33,117,197,19,1809,185,128,9,491,414,448,464,37_99_17
114,134,40,7177,273,-55,328,32,167,203,17,1634,171,101,12,465,346,403,439,37_75_12
95,120,38,6992,245,-65,310,15,147,182,2,1922,197,130,9,531,427,471,501,37_113_20
98,125,39,6975,252,-64,316,96,106,185,5,1634,165,112,9,441,368,421,404,37_87_18
99,123,38,7125,253,-64,317,18,152,188,4,1810,187,118,11,506,393,442,478,37_75_24
121,133,41,6956,278,-44,322,119,127,208,29,1794,179,134,8,473,424,456,441,37_175_29
113,136,41,7158,273,-57,330,32,121,202,17,1561,163,96,12,439,331,391,413,37_173_39
110,132,40,7059,267,-56,323,30,163,198,16,1757,184,113,11,501,381,425,473,37_43_28
103,125,39,6899,255,-58,313,25,155,189,11,1911,197,130,10,532,426,463,504,37_43_4
101,123,39,6885,252,-59,311,22,152,187,9,1948,199,134,9,538,437,474,511,37_113_16
103,123,40,6788,253,-54,307,26,154,187,12,2029,204,146,8,548,466,501,522,37_113_36
111,133,40,7171,271,-57,328,184,69,201,15,1265,125,90,11,354,277,348,286,37_199_10
128,135,40,7327,294,-42,336,125,45,220,31,1322,128,96,9,357,292,353,298,37_23_2
124,138,41,7217,286,-48,334,42,132,214,27,1498,156,89,13,425,309,379,402,37_173_52
80,111,36,7031,228,-78,306,78,131,167,-14,1848,183,129,8,496,425,473,454,37_173_85
73,106,35,7034,218,-83,301,70,124,160,-21,1941,191,138,7,520,449,496,474,37_173_86
104,131,40,7058,261,-62,323,24,111,192,10,1626,167,106,10,446,357,410,418,37_173_12
103,130,40,7060,259,-63,322,22,156,191,8,1661,171,107,10,459,363,415,432,37_173_21
100,127,39,7019,254,-64,318,20,107,187,6,1722,176,114,10,471,382,432,443,37_173_14
111,129,39,7078,268,-55,323,108,32,200,17,1438,140,103,9,388,320,380,320,37_111_18
122,136,37,8289,303,-62,365,206,132,225,10,1192,134,73,16,355,253,339,270,21_165_7
122,133,36,8276,301,-62,363,206,132,225,11,1233,134,74,15,360,263,343,284,21_165_9
84,109,36,6913,228,-73,301,154,-8,170,-8,1701,162,121,9,459,378,456,378,37_111_63
102,127,40,6953,255,-61,316,22,153,188,9,1835,188,123,10,508,408,451,481,37_113_10
121,139,42,6901,280,-46,326,43,173,207,29,1754,183,121,10,493,395,419,469,37_113_40
101,126,39,7098,256,-64,320,20,153,189,6,1768,182,115,10,492,386,435,465,37_75_22
120,133,41,6988,277,-46,323,117,126,207,27,1681,168,126,8,444,396,433,408,37_175_7
105,129,40,7021,260,-61,321,25,157,192,11,1768,183,116,10,494,389,433,467,37_173_36
97,124,38,7123,252,-66,318,16,150,186,2,1741,178,113,10,479,380,434,452,37_173_31
136,137,40,7513,307,-35,342,213,52,231,37,1265,121,92,9,345,277,341,286,37_23_52
117,131,39,7257,280,-51,331,191,36,208,21,1354,130,97,9,369,298,363,299,37_11_2
120,132,39,7285,284,-48,332,194,38,211,23,1348,130,97,9,366,297,361,299,37_11_9
97,121,38,7168,251,-66,317,15,150,186,1,1803,186,117,10,501,392,443,472,37_75_7
103,122,39,6909,254,-57,311,100,109,190,11,1880,186,143,7,497,446,479,458,37_175_23
77,105,35,6888,219,-76,295,75,-15,163,-15,2013,195,155,6,532,478,519,478,37_87_54
130,140,41,7222,292,-43,335,48,138,220,33,1474,154,87,14,421,301,374,397,37_75_37
130,144,42,7171,294,-44,338,49,138,219,34,1443,151,86,13,409,298,367,384,37_75_46
127,138,41,7256,289,-44,333,45,135,217,30,1509,158,89,14,432,309,381,409,37_75_47
113,137,41,7045,271,-57,328,33,121,200,18,1645,172,104,11,465,355,404,439,37_75_48
100,127,39,6996,255,-64,319,20,107,187,6,1672,171,111,9,454,372,424,424,37_173_48
110,131,40,7147,268,-58,326,29,163,199,14,1676,175,105,12,475,358,412,449,37_75_18
108,132,40,7098,268,-58,326,106,115,198,14,1332,136,86,11,365,288,356,323,37_87_16
106,129,40,6989,261,-59,320,26,158,193,12,1804,187,119,10,507,397,438,480,37_113_32
133,136,40,7433,302,-38,340,209,49,227,34,1285,124,93,9,350,282,346,289,37_23_5
105,129,39,7105,262,-61,323,177,64,194,10,1315,128,95,11,365,290,360,298,37_199_49
105,128,40,6950,259,-60,319,102,28,191,12,1434,141,102,9,388,320,381,320,37_199_11
126,137,41,7169,289,-44,333,124,46,216,31,1289,128,92,10,351,285,345,289,37_111_14
77,103,34,6972,219,-78,297,148,-16,164,-16,1588,149,106,11,444,337,440,337,37_11_8
115,138,42,6939,273,-53,326,36,122,201,22,1690,177,111,11,478,371,410,452,37_113_3
84,115,37,7028,234,-74,308,82,91,172,-10,1822,181,127,8,489,417,465,451,37_173_25
120,140,42,6969,279,-50,329,41,172,207,27,1704,179,112,11,487,375,405,463,37_113_63
126,134,40,7185,289,-42,331,217,46,217,31,1193,120,86,11,328,263,328,270,37_21_90
95,116,38,6821,243,-60,303,17,146,180,4,2067,207,150,7,555,477,512,526,37_113_11
105,128,40,6913,258,-58,316,26,157,191,13,1868,193,126,10,521,416,453,494,37_113_48
104,125,40,6835,256,-56,312,26,155,189,13,1962,200,137,9,541,443,476,515,37_113_79
122,135,40,7387,289,-47,336,197,77,215,24,1122,117,69,15,318,229,318,259,37_115_48
89,114,37,6882,236,-66,302,87,96,175,-2,1957,193,146,7,518,463,499,477,37_99_10
131,138,40,7411,297,-40,337,47,186,223,32,1517,162,91,14,441,317,373,414,37_39_59
109,129,40,6906,263,-55,318,30,160,195,17,1872,194,127,10,526,416,450,499,37_43_14
88,114,37,6948,235,-71,306,159,-5,175,-5,1601,153,114,9,435,357,432,357,37_21_56
114,129,39,7190,274,-53,327,111,34,204,18,1396,135,100,9,377,309,372,310,37_23_7
98,124,39,7058,252,-65,317,170,57,187,4,1390,136,100,10,382,308,378,317,37_115_4
107,125,39,6968,260,-56,316,105,29,193,14,1596,158,122,8,425,372,421,372,37_89_23
100,125,39,7062,255,-64,319,97,58,188,6,1459,146,100,10,396,326,388,348,37_115_32
101,128,40,6988,257,-62,319,99,108,189,8,1632,166,111,9,440,366,418,408,37_173_27
125,137,40,7351,291,-46,337,200,131,218,28,1214,124,71,14,340,249,334,294,37_87_78
125,132,39,7388,290,-44,334,200,42,218,27,1333,127,95,9,362,291,357,294,37_27_8
100,124,39,6963,253,-62,315,171,23,188,8,1485,145,107,9,401,334,398,334,37_21_33
130,141,41,7331,296,-41,337,47,137,222,33,1524,163,92,14,446,319,375,416,37_39_54
108,125,38,7176,266,-56,322,181,12,198,12,1400,133,99,10,383,305,377,305,37_27_29
124,140,41,7221,286,-49,335,42,132,213,27,1496,156,89,13,425,309,378,401,37_173_34
125,141,42,7205,286,-48,334,43,132,214,28,1497,157,89,13,426,310,377,401,37_173_64
98,126,39,6988,253,-63,316,96,105,186,5,1611,163,109,9,435,360,416,400,37_173_51
126,136,40,7141,289,-43,332,199,46,216,31,1295,128,92,10,352,286,348,289,37_111_60
115,138,42,6939,273,-53,326,36,122,201,22,1690,177,111,11,478,371,410,452,37_113_3
122,141,42,7016,282,-49,331,42,130,209,28,1663,176,106,12,481,358,398,456,37_43_23
128,135,40,7353,294,-41,335,126,45,221,31,1322,128,96,9,357,292,353,297,37_23_59
101,126,39,7131,257,-64,321,20,154,190,6,1702,175,108,11,471,368,424,445,37_173_47
123,134,37,8255,301,-61,362,207,132,226,12,1225,132,74,15,356,265,340,283,21_197_1
121,134,37,8019,294,-59,353,203,180,221,14,1272,131,81,12,363,276,344,304,21_51_2
119,135,37,8269,299,-65,364,203,128,222,8,1200,134,74,16,357,256,341,272,21_165_1
128,130,37,7994,300,-50,350,209,187,228,20,1276,126,79,12,356,277,333,309,21_199_70
127,133,38,7880,299,-49,348,207,185,225,21,1300,127,80,12,361,278,338,320,21_235_41
128,128,36,8081,299,-53,352,209,187,228,18,1264,126,78,12,355,274,330,303,21_125_32
123,135,38,8007,297,-57,354,205,181,223,16,1283,132,82,12,365,276,345,309,21_51_15
122,136,37,8289,303,-62,365,206,132,225,10,1192,134,73,16,355,253,339,270,21_165_7
128,131,37,7989,300,-50,350,209,187,228,21,1277,126,79,12,356,276,333,311,21_147_14
119,132,37,7941,291,-58,349,199,126,218,12,1279,130,81,12,362,275,346,313,21_131_22
119,135,37,8291,299,-65,364,203,128,222,7,1183,133,74,16,354,251,338,266,21_205_24
123,135,37,8055,297,-60,357,204,181,223,14,1249,130,79,12,357,274,341,296,21_51_38
121,134,38,7976,294,-57,351,202,180,221,15,1294,132,82,12,367,277,349,315,21_51_22
123,136,38,8020,297,-59,356,204,182,223,15,1258,131,80,12,359,274,340,300,21_51_52
128,131,37,7903,299,-50,349,207,187,227,21,1323,128,82,11,364,286,342,328,21_147_32
122,131,36,8313,300,-62,362,206,131,225,10,1229,133,73,15,359,262,342,282,21_197_6
127,133,38,7876,299,-50,349,206,185,225,21,1301,127,81,12,361,280,338,320,21_147_30
128,132,37,7960,301,-50,351,209,186,228,21,1274,126,78,12,356,274,333,311,21_235_44
116,130,35,8383,296,-66,362,201,126,221,3,1163,128,73,16,348,247,332,256,21_205_30
125,130,37,7917,296,-52,348,205,183,224,18,1310,128,82,11,364,285,341,319,21_147_45
118,131,37,7911,289,-58,347,198,176,217,12,1303,131,82,12,366,277,350,323,21_131_7
123,136,38,7983,297,-56,353,204,182,223,16,1265,130,81,12,360,273,343,306,21_131_26
122,135,38,7994,295,-58,353,203,181,222,15,1267,131,81,12,362,275,344,303,21_131_60
121,135,37,8077,296,-60,356,204,180,222,13,1250,131,79,13,359,275,342,295,21_189_5
121,127,37,7862,292,-50,342,202,17,220,17,1092,106,75,10,297,236,287,236,51_9_63
100,118,33,8286,273,-78,351,184,-11,204,-11,1081,108,69,14,310,212,302,212,51_187_3
113,130,37,7792,286,-57,343,193,9,211,9,1027,101,71,11,287,215,281,215,51_45_72
79,115,34,7889,244,-92,336,159,-27,176,-27,1206,114,83,10,331,255,321,255,51_15_188
78,115,34,7864,244,-92,336,158,-27,176,-27,1217,115,84,10,332,258,323,258,51_15_190
103,133,37,7894,279,-72,351,183,-2,202,-2,1040,105,70,12,293,215,285,215,51_91_79
107,133,37,7917,283,-68,351,187,1,206,1,1029,103,69,12,289,212,281,212,51_15_215
112,133,38,7870,288,-60,348,193,7,211,7,1067,105,74,11,294,226,285,226,51_17_103
94,126,36,7865,265,-78,343,174,-11,192,-11,1152,113,82,9,316,250,307,250,51_17_119
113,135,38,7914,290,-61,351,194,8,212,8,1054,105,73,11,293,222,284,222,51_17_127
101,129,37,7799,272,-70,342,181,-3,198,-3,1075,107,76,11,301,229,294,229,51_5_110
94,123,36,7631,258,-75,333,171,-9,188,-9,1073,109,74,12,307,227,295,227,51_71_73
91,119,36,7579,252,-76,328,168,-11,185,-11,1102,111,77,11,316,236,300,236,51_71_81
138,134,39,7588,306,-34,340,52,193,233,37,1481,160,92,14,430,310,347,406,47_139_100
102,129,37,7685,272,-70,342,180,-1,198,-1,995,103,68,13,288,208,278,208,51_71_43
118,129,36,8158,296,-60,356,213,9,220,9,1044,105,68,14,302,209,296,209,51_165_36
104,119,35,7738,270,-63,333,183,1,201,1,1192,112,83,10,318,256,309,256,51_19_108
111,133,40,7171,271,-57,328,184,69,201,15,1265,125,90,11,354,277,348,286,37_199_10
120,134,41,6966,278,-45,323,118,126,207,28,1839,185,139,8,488,432,462,457,37_175_11
123,136,41,7134,286,-45,331,121,44,213,29,1294,128,92,10,353,286,346,289,37_111_25
103,123,40,6788,253,-54,307,26,154,187,12,2029,204,146,8,548,466,501,522,37_113_36
123,133,39,7314,288,-45,333,198,41,215,26,1336,128,96,9,363,293,358,297,37_27_39
134,137,40,7485,301,-38,339,49,189,228,34,1482,159,88,14,430,305,364,405,47_123_101
121,134,36,8276,300,-63,363,205,130,224,10,1234,134,75,15,361,265,344,285,21_237_18
128,132,37,7878,298,-51,349,206,186,225,21,1321,128,83,11,364,287,341,325,21_147_37
113,137,41,7045,271,-57,328,33,121,200,18,1645,172,104,11,465,355,404,439,37_75_48
105,128,40,6913,258,-58,316,26,157,191,13,1868,193,126,10,521,416,453,494,37_113_48
101,123,39,6885,252,-59,311,22,152,187,9,1948,199,134,9,538,437,474,511,37_113_16
106,129,40,7030,262,-59,321,26,159,194,12,1797,187,117,11,508,393,436,480,37_39_47
129,143,42,7050,290,-43,333,49,137,216,34,1612,172,101,13,470,342,388,443,37_43_15
111,135,41,7003,269,-57,326,31,164,198,17,1726,180,112,11,489,377,419,463,37_113_68
106,133,41,7031,264,-60,324,26,113,194,12,1595,165,104,10,438,350,403,409,37_173_48
92,119,38,7003,243,-69,312,162,15,179,-1,1439,139,101,10,401,315,398,317,37_121_18
103,127,39,7089,260,-62,322,100,109,192,8,1389,140,92,11,379,305,372,333,47_29_61
79,117,34,7924,244,-95,339,159,-29,176,-29,1263,123,89,9,350,278,341,278,51_91_31
80,118,34,7854,245,-93,338,159,-26,177,-26,1279,125,92,8,352,285,343,285,51_91_29
105,133,38,7907,281,-69,350,186,-1,204,-1,1070,107,74,11,299,226,290,226,51_17_3
112,136,38,7945,290,-64,354,193,6,211,6,1044,105,72,11,293,219,285,219,51_17_25
105,136,38,7991,282,-72,354,186,-2,204,-2,1082,111,75,11,305,232,299,232,51_17_42
110,134,38,7938,286,-65,351,191,4,209,4,1059,106,74,11,296,224,288,224,51_17_18
111,134,38,7935,287,-64,351,192,5,210,5,1056,106,74,11,295,224,287,224,51_17_38
100,131,36,8037,278,-77,355,182,-7,201,-7,962,99,60,16,284,185,281,185,51_165_151
96,129,37,7880,270,-78,348,176,-9,195,-9,1041,104,69,12,293,213,287,213,51_91_27
99,130,37,7905,274,-75,349,180,-6,198,-6,1071,106,73,11,298,224,290,224,51_91_30
84,111,33,7755,246,-82,328,94,-20,181,-20,1320,129,92,10,362,285,334,285,51_125_63
90,114,34,7781,254,-77,331,99,-14,187,-14,1292,126,90,10,353,279,327,279,51_9_57
112,136,38,7935,289,-62,351,193,7,212,7,1045,105,72,12,293,219,284,219,51_17_69
118,138,38,7929,297,-57,354,199,13,218,13,1025,103,70,12,288,214,281,214,51_17_17
97,128,36,7885,270,-76,346,177,-9,195,-9,1144,113,82,10,316,249,307,249,51_17_21
97,128,37,7881,269,-75,344,177,-8,195,-8,1141,113,82,10,316,248,308,248,51_17_54
97,122,36,7790,266,-72,338,177,-7,194,-7,1173,112,83,10,317,252,307,252,51_5_24
125,129,37,7846,296,-45,341,205,21,224,21,1062,104,73,10,292,228,286,228,51_23_65
105,129,38,7658,275,-64,339,183,2,201,2,1021,101,69,12,289,210,279,210,51_121_81
126,129,37,7850,298,-45,343,206,22,225,22,1059,104,72,10,291,229,282,229,51_19_130
118,124,36,7804,287,-50,337,198,14,216,14,1114,107,77,10,301,241,293,241,51_19_133
97,128,36,7956,273,-78,351,178,-9,196,-9,989,100,63,15,288,192,284,192,51_165_187
89,122,35,7921,260,-84,344,170,-17,188,-17,1084,106,71,12,305,219,298,219,51_165_194
97,127,36,7907,271,-76,347,177,-8,196,-8,1024,102,67,13,290,205,285,205,51_15_182
93,127,36,7894,265,-81,346,173,-13,191,-13,1061,105,71,12,297,218,291,218,51_91_73
107,133,37,7914,284,-68,352,187,1,206,1,996,101,65,13,283,200,278,200,51_15_200
118,129,36,8158,296,-60,356,213,9,220,9,1044,105,68,14,302,209,296,209,51_165_36
108,133,38,7650,279,-64,343,185,23,204,5,984,101,66,13,287,207,273,207,51_155_39
88,117,36,7469,247,-76,323,164,-12,181,-12,1160,116,83,11,332,253,314,253,51_21_17
110,129,37,7782,282,-60,342,190,6,208,6,1054,103,73,11,292,221,286,221,51_45_67
91,127,36,7899,262,-85,347,171,-15,189,-15,1171,118,82,10,327,256,319,256,51_91_93
98,131,37,7873,271,-75,346,179,-7,196,-7,1082,110,78,11,306,236,300,236,51_5_107
106,130,39,7395,270,-62,332,181,24,199,7,1172,116,84,11,335,256,321,259,51_173_92
100,129,37,7891,274,-72,346,181,-5,199,-5,1114,110,79,10,308,239,299,239,51_17_134
120,138,38,7940,299,-56,355,201,14,220,14,1005,102,68,12,284,210,278,210,51_5_79
98,130,37,7928,271,-78,349,178,-9,196,-9,1134,114,80,10,316,247,309,247,51_17_150
84,115,35,7581,243,-83,326,161,-19,177,-19,1189,117,83,10,335,253,321,253,51_71_74
111,121,36,7548,271,-57,328,188,119,204,9,1205,125,79,12,345,263,333,280,51_169_95
102,129,37,7883,276,-72,348,182,-3,200,-3,1073,105,73,11,296,224,287,224,51_15_217
104,127,37,7852,276,-67,343,185,-1,202,-1,1119,108,79,10,305,239,296,239,51_5_73
107,129,35,8306,287,-76,363,192,-5,211,-5,994,100,63,15,290,193,285,193,51_187_48
70,100,33,7175,214,-87,301,143,-26,159,-26,1511,146,103,10,424,322,409,322,51_77_89
105,131,36,8051,284,-72,356,187,-3,206,-3,947,97,59,16,278,181,277,181,51_165_167
103,126,35,8142,280,-76,356,186,-6,205,-6,1017,101,64,15,293,198,289,198,51_139_59
100,123,35,8088,274,-76,350,182,-8,201,-8,1051,103,67,14,299,207,295,207,51_139_62
92,117,34,7991,261,-80,341,173,-15,192,-15,1124,108,73,13,313,225,307,225,51_165_153
102,123,35,8020,276,-73,349,194,-6,202,-6,1064,104,69,14,302,211,297,211,51_165_155
103,131,37,7885,278,-70,348,183,-2,202,-2,1064,105,72,11,295,222,286,222,51_17_40
115,135,38,7887,292,-59,351,196,10,214,10,1047,104,71,12,291,219,281,219,51_163_22
121,128,37,7853,292,-50,342,202,17,220,17,1089,106,75,10,297,235,287,235,51_9_39
127,129,37,7876,299,-44,343,208,23,226,23,1064,105,72,11,293,230,284,230,51_19_48
122,131,37,7860,295,-51,346,202,18,221,18,1058,104,72,11,290,227,280,227,51_163_9
123,130,37,7834,295,-49,344,203,19,222,19,1064,104,72,10,292,229,282,229,51_163_45
99,127,35,8313,278,-82,360,184,-13,203,-13,977,99,61,15,288,187,281,187,51_171_15
106,127,38,7345,267,-60,327,180,24,197,7,1230,122,88,11,351,269,339,271,51_191_15
94,122,37,7451,256,-71,327,170,12,187,-6,1116,113,81,12,323,245,307,248,51_197_4
101,131,37,7901,276,-73,349,182,-4,200,-4,1028,103,68,13,290,209,283,209,51_15_73
93,113,35,7475,248,-71,319,169,50,186,-8,1338,135,91,11,382,296,369,306,51_195_78
103,133,37,7939,279,-72,351,184,-3,202,-3,1085,110,75,11,305,231,297,231,51_17_123
116,137,38,7948,294,-60,354,197,10,215,10,1035,104,71,12,290,217,282,217,51_17_128
108,135,38,7950,285,-68,353,189,1,207,1,1062,108,74,11,299,226,292,226,51_17_140
104,130,38,7551,271,-65,336,180,60,199,3,1058,110,75,13,310,230,296,235,51_21_41
110,135,38,7905,287,-65,352,190,4,209,4,1002,102,66,13,285,203,278,203,51_15_115
102,129,37,7883,275,-72,347,182,-3,200,-3,1084,106,74,11,299,228,289,228,51_15_26
111,134,38,7905,287,-64,351,191,6,210,6,1044,104,71,12,291,218,281,218,51_15_89
93,125,36,7862,265,-78,343,174,-12,192,-12,1140,110,79,10,310,243,300,243,51_17_92
111,132,38,7856,286,-60,346,192,7,210,7,1079,106,74,11,297,228,287,228,51_163_136
79,117,34,7900,243,-95,338,159,-28,176,-28,1250,122,88,9,348,275,339,275,51_91_82
105,133,38,7918,281,-69,350,186,-1,204,-1,1062,107,73,11,297,224,289,224,51_17_109
83,120,35,7879,250,-89,339,163,-23,180,-23,1257,122,91,8,344,279,334,279,51_17_111
108,132,38,7853,283,-64,347,189,4,207,4,1044,104,74,11,292,222,286,222,51_5_92
110,138,38,7971,288,-67,355,191,3,209,3,1021,105,72,12,291,219,286,219,51_5_102
92,122,36,7636,256,-77,333,169,-11,187,-11,1104,110,76,11,312,232,300,232,51_71_68
102,128,37,7674,270,-69,339,180,-1,197,-1,994,103,68,12,288,209,277,209,51_71_78
96,122,36,7582,259,-73,332,173,-6,190,-6,1057,108,74,12,306,227,289,227,51_71_86
104,132,38,7608,274,-66,340,182,20,199,2,1014,104,69,13,295,215,280,215,51_197_82
87,113,36,7202,239,-73,312,160,-10,176,-10,1358,133,94,10,381,292,365,292,51_77_86
114,122,36,7617,275,-55,330,191,121,208,11,1202,124,77,12,343,259,330,285,51_169_99
103,132,37,7908,279,-72,351,184,-2,202,-2,1046,104,70,12,292,216,284,216,51_15_214
100,122,35,7836,270,-70,340,109,-4,199,-4,1204,118,83,11,330,259,305,259,51_163_113
106,129,37,7848,279,-65,344,187,2,205,2,1078,106,76,11,299,229,292,229,51_23_111
111,122,36,7670,274,-58,332,189,118,207,8,1251,127,79,12,353,267,339,304,51_105_80
95,126,36,8033,270,-80,350,177,-13,195,-13,1011,101,64,15,293,197,289,197,51_165_157
127,130,37,7881,300,-45,345,208,23,227,23,1062,105,72,11,292,230,282,230,51_9_100
118,133,38,7894,294,-54,348,199,13,218,13,1048,103,72,11,290,222,283,222,51_23_93
101,133,38,7926,275,-75,350,181,-6,199,-6,1090,111,78,11,307,237,301,237,51_5_58
103,133,38,7858,277,-71,348,183,-2,201,-2,1049,106,75,11,296,226,291,226,51_5_37
113,136,38,7943,291,-62,353,195,7,213,7,987,101,69,12,281,210,276,210,51_5_36
116,134,38,7851,292,-57,349,195,11,214,11,966,98,67,12,275,203,270,203,51_45_19
110,132,38,7706,283,-60,343,189,7,207,7,986,99,67,12,281,204,272,204,51_121_46
90,121,36,7583,253,-77,330,167,-12,184,-12,1116,111,77,11,316,235,304,235,51_71_45
109,134,39,7645,280,-63,343,187,6,204,6,983,101,65,13,287,205,273,205,51_155_26
101,125,35,8259,277,-80,357,184,-10,204,-10,1014,102,63,15,295,195,289,195,51_171_31
106,130,36,8217,285,-75,360,190,-4,209,-4,998,99,63,15,289,194,286,194,51_139_37
126,130,37,7854,298,-46,344,206,21,225,21,1055,104,72,11,291,227,283,227,51_163_93
94,125,35,7962,268,-80,348,176,-12,194,-12,1029,102,66,14,294,203,290,203,51_165_116
105,132,37,7960,283,-71,354,186,-1,205,-1,963,98,61,15,278,188,276,188,51_165_24
127,137,39,7922,304,-47,351,208,22,226,22,992,100,67,12,280,208,276,208,51_23_108
95,125,36,7837,265,-77,342,175,-10,192,-10,1158,113,84,9,318,252,310,252,51_5_87
96,124,36,7755,265,-73,338,176,-7,193,-7,1130,110,80,10,312,241,304,241,51_45_55
102,127,37,7727,272,-67,339,181,-1,199,-1,1077,105,74,11,299,225,292,225,51_45_71
115,131,38,7791,289,-55,344,195,11,213,11,1005,99,70,11,281,211,275,211,51_161_68
105,132,38,7834,277,-68,345,184,0,202,0,1028,104,73,11,291,219,285,219,51_45_75
101,130,38,7791,272,-70,342,180,-3,198,-3,1042,105,73,11,295,221,289,221,51_45_76
114,134,38,7822,290,-58,348,194,10,213,10,968,98,67,12,276,203,270,203,51_45_85
96,128,36,8009,272,-80,352,178,-11,196,-11,997,100,63,15,290,194,286,194,51_165_182
107,134,39,7550,277,-64,341,184,23,202,6,1060,107,71,12,305,224,289,224,51_197_87
112,123,37,7598,274,-56,330,189,119,206,10,1233,126,77,12,348,262,336,299,51_169_73
116,126,37,7738,282,-54,336,194,123,212,12,1231,124,76,12,344,259,331,305,51_105_66
102,130,36,7987,279,-74,353,184,-5,202,-5,971,99,62,15,281,189,279,189,51_165_17
123,135,38,8010,296,-57,353,204,182,223,16,1273,131,81,12,363,275,344,306,21_51_1
121,133,37,7953,294,-58,352,202,179,221,15,1295,132,82,12,368,277,348,314,21_51_19
122,135,38,7994,295,-58,353,203,181,222,15,1267,131,81,12,362,275,344,303,21_51_43
143,133,39,7558,309,-27,336,59,199,238,43,1457,167,86,17,439,292,327,406,13_55_5
134,133,41,7009,291,-32,323,55,140,222,40,1663,182,108,13,488,360,391,455,13_311_14
123,134,41,6910,278,-42,320,44,174,209,30,1867,194,132,10,520,422,446,496,13_241_142
142,135,41,7052,302,-25,327,62,149,230,48,1625,172,111,11,462,355,399,433,13_241_143
114,130,40,6924,268,-50,318,35,166,200,22,1854,194,125,11,527,410,440,499,13_241_41
126,131,39,7365,289,-42,331,42,180,218,28,1605,172,100,13,467,338,381,437,13_111_39
124,130,40,7007,280,-41,321,44,176,211,30,1731,186,114,12,502,379,409,470,13_311_49
135,136,41,6972,292,-32,324,56,142,222,42,1677,181,110,13,487,365,396,458,13_311_56
127,133,40,7175,287,-41,328,45,179,217,31,1633,176,104,13,479,350,388,446,13_111_32
120,127,39,7237,278,-46,324,38,173,211,24,1696,182,108,13,494,361,402,461,13_123_40
114,128,40,6849,267,-48,315,36,164,199,22,1968,201,140,9,541,448,475,517,13_241_43
149,131,40,7085,308,-16,324,69,155,237,55,1527,165,105,12,446,330,373,413,13_257_13
121,131,40,7027,277,-45,322,42,173,209,27,1718,184,112,12,499,374,408,466,13_291_5
136,135,41,6987,294,-31,325,56,142,223,43,1726,182,118,11,489,382,415,462,13_241_33
148,130,40,7080,306,-16,322,69,154,237,54,1502,163,103,13,443,325,361,409,13_257_3
132,129,39,7188,291,-33,324,51,185,222,37,1631,179,104,14,485,345,381,451,13_187_2
133,132,39,7482,299,-36,335,49,188,227,34,1541,166,96,14,450,323,362,422,13_111_45
124,131,40,7172,283,-42,325,42,176,214,28,1662,179,106,13,486,356,395,452,13_111_26
115,127,37,7848,287,-56,343,195,11,214,11,1111,107,76,11,301,238,290,238,51_163_26
105,123,35,7860,275,-67,342,113,0,204,0,1170,114,80,11,318,248,303,248,51_15_104
109,132,38,7804,282,-63,345,188,4,207,4,999,100,69,12,283,209,276,209,51_45_9
111,134,38,7922,288,-64,352,192,6,211,6,1035,104,70,12,290,215,281,215,51_15_86
103,131,37,7965,280,-72,352,184,-3,203,-3,972,99,62,15,281,189,279,189,51_165_64
122,128,37,7816,293,-48,341,202,18,220,18,1078,105,74,10,296,231,288,231,51_23_55
85,119,35,7864,252,-87,339,164,-21,182,-21,1152,110,78,11,317,240,309,240,51_15_133
107,130,37,7800,280,-64,344,186,3,205,3,1042,103,73,11,291,220,285,220,51_45_10
89,119,36,7574,250,-78,328,166,-13,182,-13,1132,112,78,11,320,239,307,239,51_71_66
111,129,36,8144,290,-67,357,206,3,214,3,1007,101,65,15,292,199,288,199,51_165_150
101,127,38,7474,265,-66,331,176,18,194,1,1110,112,81,11,320,244,306,248,51_197_2
120,134,38,7848,296,-52,348,200,15,219,15,970,97,68,12,274,205,268,205,51_45_23
119,131,37,7867,295,-52,347,200,15,219,15,1006,99,70,11,281,213,276,213,51_45_33
99,127,37,7753,268,-72,340,178,-5,195,-5,1073,107,75,11,302,226,294,226,51_45_46
119,134,38,7916,296,-54,350,200,14,219,14,995,100,69,12,280,211,276,211,51_45_45
105,133,37,8072,285,-73,358,187,-3,206,-3,933,96,58,17,276,177,274,177,51_165_38
103,130,38,7811,274,-68,342,182,-2,200,-2,1058,105,75,11,296,225,290,225,51_5_17
93,129,37,7870,265,-81,346,174,-13,191,-13,1156,117,83,10,324,255,317,255,51_5_56
107,131,38,7590,274,-63,337,184,62,202,5,1087,113,78,12,318,237,305,243,51_185_39
117,133,38,7900,293,-55,348,198,12,217,12,1057,104,72,11,292,223,284,223,51_5_18
96,123,36,7621,260,-73,333,173,-7,190,-7,1044,108,72,12,302,221,289,221,51_71_67
110,132,38,7857,285,-62,347,191,6,209,6,1080,106,75,11,297,229,287,229,51_163_109
97,126,35,8020,273,-78,351,179,-10,198,-10,1014,101,65,14,291,198,288,198,51_165_79
99,126,37,7496,264,-68,332,175,16,192,-2,1085,110,78,12,314,237,299,239,51_197_68
113,132,36,8208,292,-71,363,196,2,215,2,1038,103,67,14,297,206,293,206,51_157_49
103,131,36,8055,281,-74,355,185,-5,204,-5,955,98,60,16,280,183,278,183,51_165_32
108,133,38,7909,284,-65,349,189,3,207,3,1062,106,75,11,296,227,289,227,51_5_13
106,134,38,7915,283,-69,352,187,0,205,0,1026,104,68,12,290,211,283,211,51_91_7
100,133,37,7961,275,-76,351,181,-7,199,-7,1120,115,78,11,315,243,308,243,51_17_74
110,131,37,7854,284,-62,346,190,5,208,5,1044,104,73,11,292,221,286,221,51_23_41
97,115,33,8063,265,-77,342,179,-11,198,-11,1152,111,75,13,320,231,314,231,51_113_10
105,135,38,7934,280,-71,351,185,-2,203,-2,1034,106,74,11,294,224,289,224,51_5_71
114,131,38,7786,288,-56,344,194,10,212,10,1005,99,70,11,281,211,275,211,51_45_52
102,126,37,7631,268,-68,336,180,18,197,0,1020,106,73,12,298,221,283,222,51_21_3
112,129,37,7863,285,-59,344,192,7,210,7,1083,106,75,11,298,230,289,230,51_23_85
109,127,35,8098,287,-68,355,203,1,211,1,1021,102,66,15,295,202,290,202,51_165_90
108,133,37,7937,285,-66,351,190,3,208,3,1064,107,74,11,298,225,289,225,51_17_44
99,118,33,8193,270,-78,348,182,-12,201,-12,1100,109,70,14,313,217,306,217,51_157_7
109,128,37,7782,281,-61,342,189,5,207,5,1056,103,73,11,293,222,287,222,51_45_11
115,136,38,7910,292,-59,351,196,9,214,9,1039,104,72,11,291,219,283,219,51_17_90
109,133,39,7509,275,-61,336,185,25,202,8,1112,114,80,12,324,243,310,248,51_173_65
100,124,38,7359,260,-66,326,174,18,192,1,1210,120,87,11,346,265,331,268,51_173_64
85,121,35,7830,252,-87,339,164,-21,181,-21,1222,118,88,9,333,269,323,269,51_17_77
90,124,35,7944,263,-84,347,171,-17,189,-17,1052,104,68,13,301,210,296,210,51_165_69
105,132,37,7886,282,-69,351,186,0,204,0,1019,102,68,13,287,208,280,208,51_15_94
99,127,36,7864,271,-74,345,178,-6,197,-6,1086,106,73,11,299,225,291,225,51_15_29
113,136,37,8239,295,-71,366,197,2,216,2,970,96,63,15,281,192,279,192,51_139_20
104,132,36,8232,285,-78,363,188,-7,207,-7,942,96,58,16,279,178,275,178,51_171_13
118,129,36,8158,296,-60,356,213,9,220,9,1044,105,68,14,302,209,296,209,51_165_36
122,135,38,7997,295,-59,354,203,180,222,14,1270,131,81,12,362,276,344,304,21_51_37
122,125,35,8194,294,-58,352,205,182,224,12,1255,129,76,13,359,275,339,293,21_109_8
94,116,34,7904,262,-76,338,104,-11,193,-11,1185,114,79,12,327,244,315,244,51_3_7
83,106,31,8148,247,-89,336,166,-27,184,-27,1207,118,78,13,337,241,326,241,51_157_21
105,133,37,8033,284,-72,356,187,-2,205,-2,936,97,58,17,277,177,275,177,51_165_108
99,123,37,7311,258,-66,324,173,18,190,1,1238,122,88,10,352,271,337,272,51_173_8
102,118,33,8307,275,-77,352,186,-10,205,-10,1069,107,68,14,307,209,300,209,51_187_2
108,135,39,7535,277,-63,340,184,7,202,7,1064,108,71,12,306,224,289,224,51_77_28
91,124,36,7875,263,-81,344,171,-14,189,-14,1095,107,74,11,303,228,295,228,51_15_116
107,133,37,7931,285,-68,353,187,1,206,1,984,100,64,14,281,196,277,196,51_15_22
104,132,36,8071,284,-73,357,187,-4,205,-4,941,96,58,16,278,179,276,179,51_165_43
105,130,38,7654,275,-64,339,183,3,201,3,1020,101,69,12,288,210,279,210,51_121_17
79,107,34,7208,228,-80,308,152,-18,169,-18,1420,138,98,10,399,304,383,304,51_77_25
100,126,38,7367,262,-67,329,174,18,192,1,1170,117,84,11,334,256,318,259,51_173_6
110,136,38,7959,287,-66,353,191,3,209,3,1020,104,72,11,289,218,284,218,51_5_30
110,135,38,7898,286,-65,351,191,4,208,4,1007,103,71,12,286,214,281,214,51_5_54
101,130,37,7935,277,-73,350,182,-5,201,-5,997,100,65,14,284,198,280,198,51_15_122
122,138,39,7923,300,-53,353,203,16,221,16,1016,102,69,12,285,213,278,213,51_17_12
82,109,35,7192,232,-77,309,155,-15,171,-15,1394,136,97,10,392,300,376,300,51_77_14
126,131,38,7824,297,-46,343,205,133,224,22,1163,119,69,13,325,240,312,294,51_169_50
118,125,37,7636,281,-52,333,195,72,212,15,1161,121,77,12,334,253,322,269,51_169_44
109,134,38,7671,281,-63,344,188,24,205,6,971,101,66,13,285,205,271,206,51_21_46
100,120,35,7826,268,-69,337,108,-4,199,-4,1230,121,85,11,337,265,311,265,51_125_5
112,123,36,7787,281,-55,336,192,9,211,9,1135,108,79,10,306,244,298,244,51_23_28
97,117,33,8078,267,-78,345,179,-11,198,-11,1129,109,73,14,315,225,310,225,51_139_25
86,115,35,7527,244,-79,323,163,-15,180,-15,1158,115,82,11,331,250,313,250,51_71_25
92,123,36,7704,259,-77,336,171,-11,188,-11,1137,112,80,10,317,243,308,243,51_45_38
97,124,38,7336,258,-68,326,171,16,189,-1,1202,120,85,10,341,263,324,263,51_173_21
107,124,34,8280,283,-73,356,191,-4,211,-4,1057,106,67,15,304,207,298,207,51_157_30
104,131,38,7589,273,-67,340,181,20,199,2,1012,104,70,12,294,216,280,217,51_197_22
107,129,35,8342,288,-75,363,192,-5,212,-5,983,99,62,15,288,190,283,190,51_171_23
75,112,33,7885,239,-96,335,155,-31,172,-31,1238,116,85,10,340,261,330,261,51_165_29
107,135,37,8114,288,-73,361,190,-2,209,-2,917,95,56,17,274,173,272,173,51_165_88
106,126,35,8067,281,-70,351,199,-2,207,-2,1037,102,67,14,297,205,292,205,51_165_96
95,126,36,7918,269,-79,348,176,-11,194,-11,1030,102,67,13,292,205,288,205,51_165_93
101,119,34,8019,272,-72,344,194,-6,202,-6,1135,109,75,13,316,230,310,230,51_165_62
101,121,35,7860,269,-70,339,109,-4,200,-4,1217,120,84,11,334,261,310,261,51_125_48
96,118,35,7790,262,-73,335,105,-8,194,-8,1254,124,87,11,345,270,316,270,51_125_22
96,127,36,7930,270,-78,348,176,-10,195,-10,1020,102,66,14,292,201,288,201,51_165_17
121,128,37,7853,292,-50,342,202,17,220,17,1089,106,75,10,297,235,287,235,51_9_39
109,136,39,7584,280,-64,344,186,25,204,7,1037,105,69,12,300,218,285,219,51_197_43
92,114,33,8103,260,-82,342,175,-17,193,-17,1149,112,74,14,321,229,313,229,51_139_46
112,126,35,8054,288,-63,351,206,5,213,5,1059,105,69,14,304,213,297,213,51_165_118
101,131,36,8046,280,-77,357,183,-7,201,-7,953,97,59,16,281,182,278,182,51_165_82
103,118,36,7513,260,-63,323,179,111,196,1,1286,131,84,11,365,280,353,303,51_169_40
121,127,37,7696,286,-49,335,199,75,216,18,1145,120,75,12,330,248,318,266,51_169_22
103,131,37,7885,278,-70,348,183,-2,202,-2,1064,105,72,11,295,222,286,222,51_17_40
95,123,36,7811,265,-74,339,176,-9,193,-9,1174,112,84,9,317,254,307,254,51_5_117
117,137,38,7909,295,-58,353,197,11,216,11,1032,103,70,12,289,216,280,216,51_17_73
85,111,35,7194,236,-75,311,157,-12,174,-12,1381,134,96,10,388,298,374,298,51_77_49
126,130,37,7959,297,-52,349,206,185,225,19,1304,127,81,11,362,284,338,318,21_147_39
123,136,38,7986,297,-56,353,204,182,223,16,1271,131,81,12,362,274,344,307,21_131_5
128,134,38,7897,300,-49,349,208,186,227,22,1289,126,79,12,358,276,335,318,21_235_18
128,128,36,8141,299,-54,353,210,187,228,17,1249,126,76,13,352,271,329,297,21_125_43
119,135,37,8291,299,-65,364,203,128,222,7,1183,133,74,16,354,251,338,266,21_205_24
127,131,37,7926,297,-52,349,206,185,225,19,1309,127,82,11,362,286,339,320,21_147_4
78,110,36,7038,225,-80,305,76,85,165,-16,1837,181,130,8,493,425,474,445,47_29_80
105,129,39,7143,264,-60,324,103,62,195,10,1331,134,87,11,364,289,360,317,47_29_71
115,131,39,7302,277,-53,330,188,71,206,17,1242,125,89,11,352,272,345,281,47_19_65
116,124,38,7135,272,-47,319,36,169,206,22,1754,188,114,12,509,378,415,475,13_111_119
128,137,41,7170,289,-41,330,47,135,218,33,1596,173,101,13,468,343,383,433,13_291_130
119,124,38,7368,279,-47,326,36,173,212,21,1674,179,106,13,485,353,394,454,13_111_3
113,121,38,7107,267,-50,317,33,166,202,19,1786,190,117,12,515,386,424,481,13_111_19
142,131,38,7618,308,-29,337,57,198,238,41,1457,165,90,16,435,298,326,403,13_55_19
122,131,40,7142,281,-44,325,41,175,212,27,1670,180,107,13,488,359,397,454,13_291_26
114,140,42,7066,276,-55,331,34,122,202,20,1452,152,91,11,404,309,369,376,37_173_79
80,111,36,7028,228,-77,305,78,131,167,-14,1901,189,133,8,510,435,482,472,37_173_80
89,118,37,7047,240,-72,312,8,141,176,-6,1808,183,121,9,490,403,454,460,37_173_82
125,139,41,7301,289,-46,335,42,132,216,28,1566,167,95,14,456,329,386,426,37_39_28
121,131,39,7289,285,-47,332,195,39,213,24,1363,131,98,9,369,300,364,303,37_27_19
130,136,39,7484,300,-41,341,206,45,224,31,1269,120,91,10,349,276,345,280,37_27_32
120,131,39,7299,285,-47,332,195,38,212,23,1346,129,96,9,367,295,361,296,37_27_45
100,126,39,6951,254,-63,317,171,24,187,8,1428,139,102,10,388,318,384,320,37_199_50
132,136,40,7420,299,-37,336,48,186,225,33,1543,166,94,14,452,324,370,422,47_139_112
139,134,39,7557,306,-32,338,54,194,233,38,1488,160,93,14,434,312,349,409,47_139_116
122,128,39,7142,279,-44,323,41,175,211,27,1693,182,109,13,495,364,401,461,13_111_116
125,132,40,7166,285,-41,326,44,178,216,30,1655,179,106,13,486,356,393,452,13_111_117
129,128,38,7468,292,-39,331,45,183,222,29,1589,171,100,14,463,333,371,434,13_213_103
133,131,39,7492,298,-37,335,49,188,227,34,1545,166,97,14,451,324,363,423,13_213_33
137,131,39,7488,302,-33,335,53,193,231,38,1525,164,96,14,448,317,356,420,13_213_72
119,125,38,7347,278,-47,325,35,173,211,21,1677,179,106,13,485,354,396,455,13_111_105
118,125,39,7084,272,-46,318,37,170,206,23,1764,189,116,12,512,382,417,478,13_187_6
131,135,41,7006,289,-36,325,52,138,219,38,1670,181,108,13,487,363,395,455,13_311_2
128,134,41,6977,285,-38,323,49,180,216,35,1721,185,113,13,499,376,406,469,13_311_7
126,133,41,6950,282,-40,322,47,178,213,33,1746,186,116,12,504,383,412,475,13_311_3
133,129,39,7185,292,-31,323,53,186,224,38,1624,178,104,15,484,344,377,451,13_187_11
131,131,40,7122,289,-35,324,50,183,220,36,1648,180,106,14,488,353,386,454,13_187_18
99,124,38,7070,254,-65,319,170,21,187,4,1368,133,98,11,381,302,377,305,47_171_30
140,132,39,7579,307,-31,338,55,195,235,39,1487,160,94,14,434,312,347,408,13_213_9
127,127,38,7448,289,-40,329,43,182,220,28,1604,173,101,14,467,336,374,437,13_213_34
122,131,40,7097,279,-44,323,42,175,211,27,1693,182,109,13,494,366,402,460,13_291_23
117,130,40,7075,273,-48,321,37,170,206,23,1748,186,114,12,505,380,416,473,13_291_35
143,131,38,7624,309,-29,338,58,199,239,42,1449,163,90,16,431,298,325,401,13_313_9
142,130,40,7010,299,-22,321,63,148,229,49,1612,173,110,12,467,351,389,435,13_137_62
95,127,36,7938,269,-80,349,176,-11,194,-11,1019,102,66,14,292,202,287,202,51_165_140
103,130,37,7906,278,-70,348,184,-2,203,-2,1054,104,71,12,292,219,284,219,51_15_148
111,135,38,7928,288,-64,352,192,5,210,5,1040,104,71,12,291,217,283,217,51_17_11
109,130,37,7885,284,-63,347,190,5,209,5,1083,106,76,11,298,230,289,230,51_17_86
120,125,37,7700,284,-50,334,198,127,215,16,1163,121,74,12,332,249,320,277,51_169_29
102,126,37,7592,267,-67,334,179,18,197,0,1031,107,74,13,301,224,287,226,51_21_21
81,108,35,7185,230,-78,308,154,-16,170,-16,1410,137,98,10,398,304,383,304,51_173_69
95,114,33,8095,263,-79,342,177,-14,196,-14,1163,113,75,14,324,232,317,232,51_113_32
98,126,35,8220,275,-82,357,181,-13,200,-13,990,100,61,16,291,189,285,189,51_171_37
90,122,36,7649,255,-77,332,168,-13,185,-13,1140,112,80,10,319,242,309,242,51_45_31
91,114,34,7719,254,-75,329,99,-12,187,-12,1279,121,90,9,342,275,328,275,51_19_57
115,133,41,6887,270,-49,319,37,167,201,23,1855,193,126,11,524,413,441,499,13_241_135
96,120,37,7237,252,-67,319,169,16,186,-1,1287,126,91,10,365,282,353,282,51_191_55
90,123,35,7851,260,-82,342,170,-15,188,-15,1157,111,80,10,314,247,304,247,51_15_33
97,128,36,7889,271,-77,348,177,-8,196,-8,1051,104,70,12,293,216,286,216,51_15_73
101,129,37,7872,275,-73,348,181,-4,199,-4,1060,104,71,12,293,219,286,219,51_15_61
105,132,37,7908,282,-70,352,186,0,204,0,1014,102,67,13,286,205,280,205,51_15_23
113,131,37,7895,289,-60,349,205,9,213,9,1071,105,73,12,296,223,287,223,51_15_99
97,128,36,7923,271,-76,347,178,-8,197,-8,1049,104,70,12,293,214,287,214,51_15_87
87,120,35,7898,256,-85,341,168,-19,185,-19,1120,108,75,11,311,231,303,231,51_15_28
99,129,37,7895,272,-75,347,179,-7,197,-7,1119,111,79,10,310,241,301,241,51_17_31
103,130,37,7882,277,-69,346,184,-2,202,-2,1093,107,76,11,301,231,291,231,51_17_7
98,128,35,8152,275,-81,356,180,-12,199,-12,979,99,60,16,288,187,283,187,51_171_40
104,130,39,7438,268,-64,332,179,21,197,4,1138,114,81,11,325,247,309,250,51_173_28
119,135,38,7907,296,-55,351,200,14,218,14,1020,102,70,12,286,214,280,214,51_23_53
126,137,38,7936,305,-48,353,208,21,226,21,982,100,66,12,278,206,275,206,51_23_42
104,130,37,7873,278,-68,346,185,-1,202,-1,1092,108,78,10,303,234,296,234,51_5_29
105,129,37,7654,274,-66,340,184,3,201,3,979,102,67,13,286,207,272,207,51_71_13
110,132,38,7723,283,-62,345,189,25,207,7,943,101,64,13,277,199,267,199,51_71_16
90,114,36,7167,242,-71,313,162,-7,179,-7,1368,132,95,10,386,296,374,296,47_91_62
112,132,38,7850,287,-60,347,192,8,211,8,1009,101,70,11,284,213,279,213,51_45_10
108,123,36,7818,277,-61,338,188,4,206,4,1165,111,81,10,310,252,300,252,51_163_4
96,114,35,7505,252,-70,322,172,53,189,-5,1318,134,89,11,377,291,364,303,51_169_54
91,122,36,7707,256,-77,333,170,-13,187,-13,1155,113,81,10,321,246,312,246,51_45_7
97,118,34,7961,266,-75,341,156,-9,197,-9,1161,111,77,12,320,237,312,237,51_3_28
122,135,40,7324,284,-49,333,39,177,213,24,1543,162,92,13,441,320,385,417,47_123_120
132,139,41,7350,299,-38,337,49,186,224,34,1534,165,92,14,450,322,373,419,47_139_66
128,130,37,7875,300,-44,344,209,24,228,24,1056,104,72,10,290,229,281,229,51_9_40
111,126,36,7813,282,-59,341,191,7,209,7,1136,108,78,10,305,244,294,244,51_9_38
96,122,37,7514,258,-69,327,173,52,190,-5,1095,112,79,12,318,239,303,246,51_21_20
100,125,37,7573,265,-68,333,177,16,195,-1,1054,109,76,12,307,230,292,233,51_21_38
120,136,38,7922,297,-54,351,201,15,219,15,1017,102,69,12,286,213,280,213,51_23_45
126,129,37,7835,298,-45,343,206,22,225,22,1058,104,72,10,291,228,283,228,51_163_41
106,131,38,7557,273,-63,336,183,62,201,5,1076,111,77,12,313,236,300,241,51_21_27
102,127,37,7573,268,-67,335,179,18,197,0,1051,109,75,12,307,229,293,233,51_21_37
79,117,34,7874,243,-94,337,159,-28,176,-28,1321,129,96,8,362,297,352,297,51_91_62
115,135,38,7935,292,-59,351,196,10,215,10,1051,104,72,11,291,222,282,222,51_17_45
117,125,36,7804,288,-51,339,198,14,216,14,1101,106,76,10,299,236,292,236,51_23_26
97,125,35,8230,274,-82,356,181,-13,200,-13,1000,101,62,15,293,192,286,192,51_171_2
105,118,36,7524,264,-61,325,182,61,199,4,1240,128,83,12,356,272,343,286,51_169_10
108,133,37,7912,284,-67,351,188,2,207,2,1041,104,70,12,291,215,282,215,51_15_26
103,130,38,7598,271,-67,338,181,19,198,1,1032,106,73,12,300,222,286,224,51_21_34
107,132,38,7626,277,-65,342,184,4,202,4,986,101,66,13,287,207,273,207,51_155_14
92,124,36,7797,261,-78,339,172,-13,189,-13,1179,115,85,9,324,256,315,256,51_5_22
122,137,38,7956,300,-54,354,203,16,222,16,1015,102,69,12,285,213,278,213,51_5_51
102,124,38,7280,260,-64,324,175,21,192,4,1262,124,90,10,359,276,346,278,51_191_22
92,124,36,7896,263,-81,344,172,-14,190,-14,1061,104,70,12,298,214,293,214,51_165_57
111,124,36,7876,281,-61,342,119,6,210,6,1165,113,81,11,313,251,300,251,51_9_21
113,133,38,7913,289,-61,350,194,8,212,8,1063,105,73,11,294,224,285,224,51_17_19
111,133,38,7906,286,-63,349,191,5,209,5,1028,103,72,11,289,218,284,218,51_5_14
101,126,37,7645,268,-69,337,179,-1,197,-1,1009,105,70,12,294,216,279,216,51_71_29
104,130,38,7551,271,-65,336,180,60,199,3,1058,110,75,13,310,230,296,235,51_21_41
93,126,36,7951,267,-81,348,174,-14,192,-14,1028,103,66,14,296,203,292,203,51_165_149
126,136,41,6918,284,-40,324,48,178,213,34,1812,188,128,10,503,411,437,479,13_241_21
130,136,41,6956,288,-36,324,51,137,217,37,1792,186,127,10,497,405,434,473,13_241_12
135,137,41,6976,294,-33,327,56,142,222,42,1716,180,119,10,482,382,416,456,13_241_30
130,130,39,7422,294,-37,331,47,185,223,32,1585,170,100,14,464,332,373,435,13_123_4
149,137,40,7605,317,-24,341,64,205,244,48,1406,163,84,18,427,283,310,396,13_55_71
152,133,40,7398,314,-17,331,69,206,245,54,1381,162,80,18,419,273,321,376,13_115_96
114,122,38,7265,270,-51,321,31,167,204,17,1737,185,111,13,501,369,411,469,13_123_95
136,130,39,7439,299,-32,331,52,190,229,37,1557,168,99,14,459,323,363,429,13_123_96
122,126,39,7155,278,-43,321,41,174,212,27,1700,183,110,13,497,364,401,463,13_123_105
142,128,38,7467,304,-28,332,57,196,235,42,1483,164,93,15,442,302,339,410,13_129_68
132,129,39,7188,291,-33,324,51,185,222,37,1631,179,104,14,485,345,381,451,13_187_58
121,126,39,7101,277,-43,320,40,173,210,26,1731,186,113,13,504,375,409,470,13_187_62
138,133,39,7579,305,-33,338,53,194,233,37,1497,161,94,14,436,314,350,411,13_213_101
109,128,40,6899,263,-53,316,31,160,195,17,1912,198,131,10,535,427,459,508,13_241_144
118,132,41,6851,273,-46,319,40,169,203,26,1892,196,132,10,528,426,452,504,13_241_147
111,127,40,6932,264,-52,316,32,163,198,19,1846,194,123,11,526,406,440,496,13_281_48
129,140,42,6994,288,-41,329,49,136,216,35,1660,178,107,13,482,359,395,454,13_281_49
115,130,40,6942,269,-49,318,36,166,202,22,1834,193,123,11,522,405,436,494,13_281_50
117,132,40,6971,273,-49,322,38,170,204,24,1786,189,118,12,512,392,424,483,13_281_54
120,127,39,7099,276,-45,321,39,173,209,26,1725,185,112,13,502,373,408,469,13_291_127
124,134,41,7065,282,-44,326,44,177,213,30,1668,180,108,13,487,362,397,453,13_291_136
143,130,40,7059,301,-21,322,64,150,232,49,1570,173,104,14,466,339,368,432,13_311_53
129,134,41,7013,286,-38,324,49,182,217,36,1694,183,111,13,493,370,399,462,13_311_57
146,131,40,7051,305,-18,323,67,152,234,53,1563,168,107,12,454,338,381,422,13_257_16
151,136,39,7662,319,-23,342,65,207,247,49,1391,162,84,17,422,281,307,389,13_55_35
147,134,39,7633,314,-26,340,62,203,243,46,1414,162,87,17,426,288,312,395,13_55_37
119,125,38,7322,278,-47,325,36,172,210,21,1689,180,107,13,489,357,399,458,13_123_72
131,129,38,7427,294,-37,331,48,186,224,33,1580,170,100,14,464,330,370,434,13_123_30
120,127,39,7099,276,-45,321,39,173,209,26,1725,185,112,13,502,373,408,469,13_291_7
121,135,41,7073,279,-48,327,41,174,209,27,1688,180,109,12,489,367,403,458,13_291_11
110,130,39,7250,270,-57,327,183,67,201,13,1226,124,80,12,344,261,340,284,47_59_2
131,133,39,7529,297,-40,337,46,186,225,31,1537,165,95,14,445,321,363,420,47_139_2
130,134,39,7525,296,-42,338,206,136,224,30,1165,123,67,15,335,237,327,276,47_29_54
134,140,41,7422,302,-37,339,50,190,227,36,1490,160,89,14,435,311,365,407,37_39_5
122,139,41,7215,284,-49,333,40,129,212,26,1599,169,98,13,463,337,393,435,37_39_38
103,127,39,6997,257,-61,318,23,155,190,9,1827,189,121,10,510,403,445,482,37_113_30
107,129,40,6966,262,-58,320,105,14,194,14,1447,143,103,9,391,323,382,323,37_111_32
134,136,40,7401,302,-36,338,131,50,227,36,1306,128,96,9,354,291,348,298,37_111_40
105,126,39,7060,261,-60,321,176,27,193,11,1441,139,102,9,391,318,388,318,37_111_47
118,135,40,7133,279,-51,330,116,38,207,23,1363,134,99,9,371,306,358,308,37_111_20
103,128,40,6986,257,-61,318,24,155,190,10,1820,188,120,10,509,400,444,482,37_113_25
111,131,40,7098,270,-56,326,108,68,200,16,1273,129,86,11,348,275,347,297,37_115_31
101,127,39,7045,258,-63,321,99,108,189,7,1496,152,100,10,407,331,392,366,37_87_40
123,137,41,7299,286,-47,333,40,177,214,26,1580,168,96,13,458,333,388,429,37_39_4
110,132,40,6964,265,-57,322,30,162,196,16,1780,186,117,11,504,390,430,477,37_43_22
109,128,40,6975,264,-54,318,107,66,196,16,1543,154,116,9,412,358,407,363,37_21_17
117,126,37,7816,287,-53,340,197,13,215,13,1100,106,76,10,299,236,291,236,51_23_121
102,130,39,7427,267,-66,333,177,20,195,3,1126,113,78,11,322,242,305,243,51_197_7
107,134,38,7895,283,-66,349,188,2,206,2,1032,104,73,11,291,220,286,220,51_5_21
98,125,36,7785,267,-72,339,177,-7,195,-7,1132,110,81,10,311,244,303,244,51_5_55
106,135,38,7954,283,-70,353,187,-1,205,-1,1064,108,75,11,299,229,293,229,51_5_57
101,133,38,7926,275,-75,350,181,-6,199,-6,1090,111,78,11,307,237,301,237,51_5_58
104,128,37,7707,274,-67,341,183,1,200,1,976,103,67,13,285,206,273,206,51_71_60
102,130,39,7427,267,-66,333,177,20,195,3,1126,113,78,11,322,242,305,243,51_197_7
92,118,36,7490,251,-73,324,168,48,185,-9,1128,115,83,12,327,249,310,251,51_21_53
100,124,38,7359,260,-66,326,174,18,192,1,1210,120,87,11,346,265,331,268,51_173_64
124,133,38,7899,300,-48,348,205,19,224,19,984,98,69,11,276,210,272,210,51_45_13
109,125,36,7829,280,-61,341,189,5,208,5,1144,109,79,10,306,246,295,246,51_163_94
127,136,38,7919,304,-47,351,208,22,226,22,999,101,67,12,282,210,277,210,51_23_50
117,127,37,7846,288,-54,342,197,13,216,13,1103,106,76,10,298,238,288,238,51_163_121
83,118,34,7898,251,-88,339,163,-23,182,-23,1137,109,76,11,317,234,309,234,51_165_179
101,130,37,7909,277,-73,350,182,-4,201,-4,1006,101,66,13,285,202,281,202,51_15_171
125,130,37,7828,297,-47,344,205,21,223,21,1059,104,72,10,291,228,282,228,51_163_125
125,134,38,7927,301,-48,349,206,20,224,20,1001,100,68,12,281,211,277,211,51_23_101
102,132,37,8021,281,-75,356,184,-5,202,-5,954,97,59,16,281,182,278,182,51_165_76
112,130,36,8169,292,-66,358,207,3,215,3,986,99,63,15,288,193,284,193,51_165_120
103,121,34,8024,275,-71,346,196,-4,204,-4,1106,107,73,13,310,223,304,223,51_165_117
117,127,37,7841,288,-53,341,198,13,216,13,1105,107,76,10,299,238,289,238,51_9_4
104,132,39,7491,272,-65,337,181,4,198,4,1074,109,71,12,309,225,291,225,51_35_37
109,138,38,7967,288,-68,356,190,2,209,2,1046,108,73,12,297,224,291,224,51_17_60
122,129,37,7866,294,-49,343,203,18,221,18,1070,104,73,10,292,231,282,231,51_163_63
99,123,37,7556,261,-68,329,175,55,193,-3,1071,111,77,12,313,233,298,239,51_21_29
108,133,40,7066,267,-59,326,105,114,197,14,1426,147,92,11,390,310,372,354,37_87_88
107,132,40,6990,263,-59,322,28,160,194,14,1757,182,115,11,493,386,429,467,37_113_49
96,121,39,6940,246,-64,310,16,147,182,3,1919,195,131,9,526,430,472,498,37_113_12
105,129,40,6912,259,-58,317,26,156,190,12,1836,189,123,10,511,407,447,485,37_113_53
102,127,40,6953,255,-61,316,22,153,188,9,1835,188,123,10,508,408,451,481,37_113_10
120,132,39,7316,284,-48,332,194,38,212,23,1332,127,95,9,365,292,359,293,37_11_16
83,109,36,6988,228,-74,302,154,-10,170,-10,1541,145,105,11,429,331,427,331,37_11_27
108,131,41,6913,263,-56,319,30,160,194,16,1817,188,122,10,508,404,441,482,37_113_7
81,108,36,6854,224,-72,296,78,41,166,-10,2009,196,153,7,531,479,516,481,37_87_43
132,139,41,7385,298,-40,338,48,186,224,33,1506,161,90,14,439,314,370,412,37_39_19
88,115,37,7003,236,-72,308,158,11,175,-6,1482,142,103,10,413,323,410,323,37_121_18
92,119,38,7025,243,-70,313,162,15,179,-2,1437,138,102,10,399,317,395,319,37_121_14
114,128,39,7272,275,-53,328,188,17,205,17,1372,130,97,9,375,299,368,299,37_27_28
108,130,40,6941,262,-57,319,28,160,194,15,1831,190,122,10,514,405,442,487,37_113_58
120,138,41,7217,284,-50,334,118,126,210,24,1226,127,75,13,339,257,332,298,37_87_75
107,127,40,6943,261,-55,316,104,113,194,14,1672,167,125,8,446,391,433,402,37_87_22
114,136,41,7120,275,-55,330,112,120,203,19,1315,136,83,12,361,281,349,324,37_87_37
105,130,40,7021,262,-59,321,102,111,193,11,1475,151,98,10,401,326,385,363,37_87_19
90,119,38,7022,242,-70,312,88,97,178,-3,1670,166,116,8,449,380,434,407,37_87_7
112,134,40,7182,273,-57,330,110,118,202,16,1331,137,83,12,366,283,353,329,37_87_42
101,127,39,7075,257,-63,320,98,107,189,6,1522,155,100,10,414,335,396,377,37_87_55
94,117,38,6860,242,-62,304,16,145,180,3,2031,206,143,8,554,461,499,524,37_113_15
98,121,39,6882,248,-61,309,19,149,184,6,1977,201,137,9,542,446,484,514,37_113_41
102,126,39,6956,256,-60,316,23,154,188,9,1856,191,124,10,516,412,453,489,37_113_34
116,138,42,6911,274,-52,326,38,168,202,24,1723,181,115,11,488,382,413,462,37_113_37
110,130,40,7190,268,-57,325,29,164,200,14,1696,178,106,12,483,361,414,455,37_39_12
122,138,41,7233,285,-48,333,40,130,213,26,1582,168,96,13,459,333,389,430,37_39_27
86,113,36,6994,235,-73,308,157,10,173,-7,1505,143,104,10,419,328,416,328,37_121_8
133,141,41,7354,300,-39,339,50,140,225,35,1496,160,89,14,438,310,370,409,37_39_63
121,135,38,8017,296,-59,355,203,180,221,14,1264,130,81,12,360,276,343,303,21_131_3
91,118,37,7003,241,-70,311,10,142,178,-3,1904,193,129,9,520,425,471,491,37_173_43
86,116,37,6990,235,-73,308,84,93,173,-8,1798,179,125,8,483,411,460,444,37_173_7
113,138,41,7092,274,-57,331,33,120,202,18,1454,152,91,11,402,311,371,373,37_173_13
122,146,43,7132,287,-52,339,42,130,211,27,1386,147,85,13,389,290,350,362,37_173_33
100,127,39,7019,254,-64,318,20,107,187,6,1722,176,114,10,471,382,432,443,37_173_14
94,122,38,6994,247,-67,314,14,102,181,0,1763,179,118,9,477,395,445,447,37_173_44
85,115,37,7053,235,-74,309,83,137,173,-9,1838,184,126,8,495,417,466,459,37_173_6
117,137,41,7039,275,-53,328,37,169,204,22,1692,178,108,12,486,366,408,459,37_43_10
93,116,38,6891,241,-64,305,14,144,179,1,2034,206,143,8,554,461,500,524,37_113_75
110,132,40,6975,266,-57,323,107,32,197,17,1423,141,102,9,386,319,372,320,37_111_31
83,114,37,7002,232,-75,307,81,91,170,-10,1810,180,126,8,487,414,465,444,37_173_77
83,113,37,6941,231,-74,305,81,90,169,-10,1855,183,133,7,495,431,477,452,37_173_78
107,125,39,6920,260,-55,315,105,112,193,14,1750,174,133,8,465,413,452,420,37_175_54
119,131,41,6919,275,-44,319,41,170,206,27,1971,200,147,8,527,459,483,503,37_99_31
90,115,37,6881,237,-67,304,88,97,175,-2,1929,190,144,7,511,456,493,469,37_99_11
106,124,39,6869,258,-53,311,104,157,192,15,1991,199,149,7,527,469,498,497,37_99_51
129,131,37,8039,302,-51,353,210,188,229,21,1253,125,77,12,351,271,328,302,21_125_41
119,134,40,7308,283,-50,333,193,74,210,22,1155,118,72,14,323,240,323,269,37_115_3
135,135,39,7545,305,-36,341,212,89,230,35,1092,121,67,16,317,220,314,247,37_115_8
124,129,37,7922,294,-54,348,204,182,222,17,1325,128,83,11,367,289,343,323,21_147_34
116,130,35,8383,296,-66,362,201,126,221,3,1163,128,73,16,348,247,332,256,21_205_30
123,135,38,8007,297,-57,354,205,181,223,16,1283,132,82,12,365,276,345,309,21_51_15
112,132,40,6930,270,-52,322,109,118,199,20,1625,165,117,8,435,373,418,399,37_87_72
103,124,39,6866,254,-57,311,24,154,188,11,1952,200,135,9,540,439,474,512,37_113_21
113,133,41,6860,267,-51,318,35,164,198,21,1849,192,126,10,518,413,444,493,37_113_67
122,132,36,8364,303,-60,363,207,133,227,10,1205,132,72,16,355,255,338,273,21_11_32
124,129,37,7860,292,-54,346,202,182,221,17,1358,131,86,11,374,295,351,334,21_147_13
101,126,39,7089,257,-63,320,172,23,189,6,1356,133,97,10,378,299,375,302,47_19_69
126,142,42,7001,286,-45,331,46,133,213,32,1657,176,106,13,480,357,395,455,37_43_1
107,129,40,6966,262,-58,320,105,14,194,14,1447,143,103,9,391,323,382,323,37_111_32
110,132,41,6954,265,-56,321,31,161,196,17,1804,188,119,11,510,397,435,483,37_43_6
130,135,40,7308,296,-39,335,128,48,222,33,1325,129,97,9,358,295,352,301,37_111_2
116,137,42,6905,274,-51,325,37,123,202,24,1709,178,116,10,475,382,419,448,37_113_52
125,132,40,7134,284,-42,326,45,178,215,30,1652,178,106,13,484,356,393,450,13_291_14
113,126,39,7056,268,-51,319,33,165,201,19,1784,189,117,12,513,388,425,481,13_291_13
123,138,41,7110,283,-47,330,43,130,212,28,1627,174,103,13,473,349,394,441,13_291_8
117,129,40,7015,271,-48,319,37,169,204,23,1781,189,118,12,512,390,424,480,13_291_34
115,132,40,6978,272,-51,323,36,167,202,22,1770,187,116,12,508,387,423,478,13_291_38
138,134,41,6983,295,-28,323,59,145,225,45,1667,179,111,12,482,363,397,453,13_137_1
130,132,41,6911,285,-35,320,52,181,216,38,1783,188,122,11,507,396,424,480,13_137_15
144,131,40,7018,301,-21,322,64,150,231,50,1589,171,108,12,462,345,384,430,13_137_23
142,132,40,7030,301,-23,324,63,149,230,49,1612,173,109,12,466,350,390,435,13_137_16
165,130,39,7177,325,-1,326,85,170,255,70,1222,133,78,16,371,245,303,337,13_221_2
115,129,40,6970,269,-50,319,36,167,202,22,1805,191,120,11,517,396,430,486,13_291_12
114,128,40,6915,267,-49,316,35,166,200,22,1857,195,126,11,528,411,441,499,13_281_1
108,127,40,6936,261,-55,316,29,159,194,15,1884,196,127,10,531,417,452,503,13_281_10
130,137,42,6927,287,-38,325,51,182,216,37,1720,183,114,12,495,377,406,469,13_241_9
123,136,42,6922,279,-44,323,44,175,209,31,1773,188,118,12,509,390,418,483,13_241_24
119,135,41,6914,274,-48,322,40,170,204,26,1813,190,122,11,517,401,428,492,13_241_38
146,133,39,7595,311,-27,338,60,201,241,45,1426,164,87,17,429,288,319,394,13_129_25
131,135,41,6908,288,-35,323,53,182,218,39,1742,185,117,12,500,384,412,473,13_241_11
132,137,42,6954,290,-36,326,53,139,219,39,1712,182,113,12,493,374,405,467,13_241_140
102,130,38,7561,270,-67,337,179,19,197,1,1027,105,72,12,298,220,283,222,51_21_31
109,131,38,7683,278,-63,341,187,24,205,6,985,104,70,13,290,213,277,215,51_21_51
127,136,38,7921,305,-46,351,208,22,227,22,991,100,67,12,280,209,276,209,51_23_71
125,128,37,7853,298,-44,342,206,21,224,21,1055,104,73,11,291,226,287,226,51_23_75
116,137,38,7938,295,-58,353,198,11,216,11,1021,103,70,12,287,214,281,214,51_5_69
109,135,38,7905,286,-66,352,190,3,208,3,1053,106,72,11,296,222,288,222,51_17_15
103,133,37,7909,279,-72,351,184,-2,202,-2,1034,104,69,12,292,213,284,213,51_91_66
100,116,36,7497,256,-66,322,176,57,193,-1,1277,131,86,12,366,281,354,293,51_195_1
101,129,37,7917,276,-71,347,182,-4,201,-4,1109,110,79,10,307,239,299,239,51_17_8
95,123,36,7811,265,-74,339,176,-9,193,-9,1174,112,84,9,317,254,307,254,51_17_59
95,126,36,7857,266,-77,343,176,-10,193,-10,1157,113,83,9,318,251,309,251,51_17_75
109,125,36,7829,280,-61,341,189,5,208,5,1144,109,79,10,306,246,295,246,51_163_94
101,133,37,7962,276,-75,351,182,-6,200,-6,1107,113,77,11,311,238,304,238,51_17_14
105,121,34,8064,277,-70,347,199,-3,206,-3,1107,107,72,14,311,222,306,222,51_165_14
107,127,37,7769,278,-62,340,187,3,204,3,1080,105,75,11,298,227,291,227,51_23_87
130,136,39,7484,300,-41,341,206,45,224,31,1269,120,91,10,349,276,345,280,37_27_32
113,134,41,6966,269,-54,323,33,164,199,19,1772,185,116,11,504,388,426,478,37_43_6
95,120,38,6992,245,-65,310,15,147,182,2,1922,197,130,9,531,427,471,501,37_39_110
97,123,39,6925,248,-63,311,18,148,183,4,1866,189,129,8,505,424,466,476,37_173_40
111,131,40,6987,268,-55,323,109,34,199,18,1434,142,103,9,388,322,375,322,37_111_56
94,119,38,6926,243,-65,308,15,146,180,1,1957,199,135,9,536,440,481,507,37_113_78
85,121,35,7830,252,-87,339,164,-21,181,-21,1222,118,88,9,333,269,323,269,51_17_77
111,134,38,7935,287,-64,351,192,5,210,5,1056,106,74,11,295,224,287,224,51_17_38
117,127,37,7866,288,-54,342,197,12,216,12,1105,107,76,10,299,238,289,238,51_9_97
105,134,38,7886,281,-70,351,185,0,204,0,1043,105,70,12,293,217,285,217,51_91_88
101,129,37,7868,274,-71,345,181,-4,199,-4,1112,110,79,10,308,239,300,239,51_17_144
104,136,38,7958,280,-73,353,185,-3,203,-3,1064,109,75,11,301,231,296,231,51_5_101
117,135,38,7877,293,-56,349,197,12,216,12,977,99,68,12,277,206,272,206,51_45_78
87,113,36,7190,239,-74,313,159,-10,176,-10,1364,133,95,10,385,294,370,294,51_77_90
94,126,36,7903,266,-80,346,174,-12,193,-12,1076,105,72,11,299,222,292,222,51_15_194
106,133,36,8252,288,-76,364,190,-5,209,-5,939,95,58,16,278,178,275,178,51_171_34
93,124,35,8038,267,-83,350,174,-15,193,-15,1031,102,65,14,298,201,293,201,51_165_129
98,125,38,7319,258,-67,325,172,17,189,0,1206,120,85,10,342,263,325,264,51_173_33
97,128,36,7921,271,-78,349,178,-9,196,-9,1035,103,68,13,292,208,287,208,51_15_42
118,134,38,7875,295,-55,350,199,13,217,13,989,100,69,12,280,209,275,209,51_45_41
114,131,37,7856,289,-57,346,194,9,213,9,1009,100,70,11,282,213,277,213,51_45_39
121,132,37,7873,297,-51,348,202,16,220,16,986,98,69,11,277,209,272,209,51_45_16
81,117,34,7926,248,-91,339,161,-25,180,-25,1162,111,78,11,323,240,315,240,51_165_80
125,137,40,7305,287,-48,335,42,132,216,27,1438,149,84,13,403,295,370,380,47_9_14
123,133,40,7335,284,-48,332,39,177,214,24,1478,154,87,13,416,305,376,393,47_9_5
116,133,40,7274,276,-54,330,33,170,206,18,1559,163,94,13,440,326,391,415,47_9_3
108,132,38,7682,279,-62,341,186,5,204,5,985,100,66,13,282,203,272,203,51_121_26
104,126,39,7132,262,-61,323,176,25,193,9,1346,132,96,10,376,295,373,297,47_19_2
107,133,39,7574,277,-63,340,184,23,202,6,1047,108,75,12,305,227,292,231,51_197_6
95,121,36,7617,258,-74,332,173,-7,190,-7,1062,109,74,12,307,228,291,228,51_71_50
105,133,39,7617,275,-66,341,183,21,201,3,1008,103,69,12,293,214,279,215,51_197_79
123,127,37,7830,296,-46,342,204,19,222,19,1054,103,73,11,290,226,286,226,51_23_46
95,119,37,7131,248,-67,315,166,16,183,-1,1360,135,96,11,385,297,380,298,47_19_3
103,124,38,7254,261,-62,323,177,61,194,6,1289,130,93,11,366,282,359,289,47_19_7
99,124,38,7070,254,-65,319,170,21,187,4,1368,133,98,11,381,302,377,305,47_171_30
99,123,38,7120,255,-65,320,171,21,188,4,1351,134,96,11,380,296,377,299,47_19_4
116,131,39,7341,278,-53,331,189,72,207,18,1231,125,86,11,349,268,342,281,47_19_6
110,130,39,7200,270,-57,327,183,68,200,14,1292,127,94,11,361,286,356,290,47_19_5
122,133,39,7441,288,-48,336,197,128,215,23,1163,121,69,14,330,240,324,276,47_29_5
128,135,39,7515,295,-43,338,205,135,223,29,1191,124,68,15,341,241,331,287,47_29_6
131,136,40,7494,299,-41,340,207,137,225,32,1206,124,68,15,345,242,334,293,47_29_7
133,136,40,7493,300,-40,340,209,139,227,34,1197,124,68,15,343,241,333,289,47_29_8
120,133,39,7420,284,-50,334,195,75,212,21,1146,121,70,14,327,237,323,268,47_59_5
107,127,38,7338,268,-60,328,181,25,198,8,1248,124,89,11,356,273,345,275,47_91_1
99,121,37,7266,256,-65,321,173,19,190,2,1304,130,93,11,371,286,362,287,47_91_2
95,119,37,7184,249,-68,317,167,16,184,-1,1339,133,95,11,380,293,373,294,47_91_3
109,128,39,7299,270,-58,328,183,28,200,12,1266,127,91,11,359,278,352,282,47_91_5
98,122,38,7144,255,-64,319,171,20,188,3,1369,134,96,11,384,297,379,298,47_91_4
136,134,39,7478,301,-35,336,51,192,229,36,1446,153,85,15,415,294,364,392,47_123_3
131,135,40,7429,296,-40,336,47,186,224,32,1487,158,88,14,428,305,371,404,47_123_4
127,135,40,7389,290,-44,334,43,181,219,28,1521,161,90,14,437,314,379,412,47_123_5
95,119,37,7163,247,-67,314,13,148,184,-1,1828,188,119,10,507,398,449,478,47_123_2
130,137,40,7394,294,-41,335,46,185,222,31,1507,160,89,14,435,311,375,410,47_123_6
127,137,40,7380,291,-44,335,43,181,218,28,1534,163,91,14,443,318,380,417,47_123_7
97,120,37,7140,250,-66,316,15,149,186,1,1827,189,119,11,509,397,446,480,47_123_8
122,135,40,7319,285,-48,333,39,177,213,25,1578,167,96,13,455,331,388,428,47_123_9
116,131,39,7295,277,-52,329,33,170,207,19,1629,172,100,13,466,343,398,439,47_123_10
130,136,40,7495,297,-41,338,45,185,223,30,1521,163,92,14,440,317,370,414,47_123_11
126,132,39,7516,292,-44,336,41,181,220,26,1557,167,95,14,449,325,373,423,47_139_8
134,138,40,7509,303,-38,341,49,189,228,34,1500,161,90,14,436,313,363,410,47_139_4
127,135,40,7406,293,-43,336,43,181,220,29,1554,166,94,14,451,326,377,423,47_139_5
120,127,38,7439,281,-48,329,35,174,213,20,1622,173,101,13,465,341,386,438,47_139_9
130,137,40,7438,298,-39,337,46,185,223,32,1537,165,93,14,448,322,371,420,47_139_6
117,129,39,7356,278,-50,328,33,171,209,19,1661,176,104,13,477,352,399,448,47_139_7
141,137,40,7589,310,-32,342,56,197,236,40,1455,157,90,14,423,304,343,400,47_139_10
138,136,40,7545,306,-34,340,53,193,232,37,1485,160,91,14,433,310,351,408,47_139_11
131,136,40,7424,298,-39,337,47,186,224,32,1547,166,94,14,452,325,372,423,47_139_3
136,134,39,7543,303,-35,338,51,191,230,35,1506,162,93,14,439,315,356,413,47_139_12
134,134,39,7509,301,-36,337,50,189,228,34,1524,164,94,14,445,319,360,418,47_139_13
108,127,38,7371,270,-58,328,183,65,200,10,1235,125,89,11,354,272,344,275,47_163_1
114,129,39,7397,276,-54,330,189,70,207,15,1217,124,85,12,348,265,339,277,47_163_2
112,131,39,7248,272,-56,328,184,69,202,15,1236,126,84,12,351,267,344,283,47_171_2
115,133,40,7280,277,-54,331,188,72,206,18,1209,125,80,13,345,257,339,276,47_171_3
115,134,40,7238,276,-54,330,188,72,205,18,1205,123,81,12,341,257,336,275,47_171_4
92,119,38,7016,243,-69,312,163,52,180,-1,1469,142,106,10,403,329,399,332,47_171_5
123,135,40,7439,288,-48,336,198,78,216,24,1167,125,74,14,340,245,331,270,47_179_1
126,135,39,7510,293,-46,339,202,81,220,26,1125,123,69,15,328,233,321,261,47_179_2
121,134,39,7446,287,-50,337,196,76,214,22,1149,123,72,14,332,239,326,265,47_179_3
97,125,37,7653,263,-72,335,175,-6,192,-6,1029,106,71,12,297,218,285,218,51_71_42
109,132,38,7859,283,-64,347,189,4,207,4,1032,103,72,11,289,219,284,219,51_45_5
94,124,35,8168,269,-84,353,176,-16,195,-16,1018,102,63,15,297,196,291,196,51_171_100
105,133,37,8081,285,-73,358,187,-3,206,-3,935,96,58,17,276,178,275,178,51_165_159
116,132,38,7881,292,-55,347,197,12,215,12,1030,102,71,11,287,218,282,218,51_23_10
119,134,38,7871,295,-54,349,200,14,218,14,1044,103,71,11,289,220,281,220,51_5_18
111,123,36,7799,280,-57,337,192,8,210,8,1140,109,79,10,307,245,297,245,51_163_57
109,132,38,7773,282,-62,344,188,5,207,5,985,99,68,12,280,206,273,206,51_45_89
84,118,34,7903,252,-88,340,164,-23,182,-23,1147,110,77,11,318,237,310,237,51_165_12
109,133,38,7898,285,-65,350,190,4,208,4,1038,104,70,12,291,215,282,215,51_15_219
118,131,37,7838,293,-52,345,199,14,217,14,1014,100,71,11,282,215,278,215,51_45_69
102,129,37,7894,276,-70,346,183,-3,201,-3,1072,105,72,12,296,222,287,222,51_15_158
107,125,39,6920,260,-55,315,105,112,193,14,1750,174,133,8,465,413,452,420,37_175_54
119,132,40,6977,276,-46,322,117,125,207,27,1868,187,141,8,495,442,470,461,37_175_37
113,132,40,7274,275,-55,330,186,69,204,17,1196,121,76,13,335,251,333,278,37_115_40
104,126,40,6851,256,-57,313,25,111,188,12,1886,191,133,8,510,432,469,483,37_113_24
114,130,41,6816,267,-48,315,36,164,198,23,1951,199,140,9,532,447,474,508,37_113_19
83,114,37,7002,232,-75,307,81,91,170,-10,1810,180,126,8,487,414,465,444,37_173_77
83,113,37,6941,231,-74,305,81,90,169,-10,1855,183,133,7,495,431,477,452,37_173_78
110,132,40,6975,266,-57,323,107,32,197,17,1423,141,102,9,386,319,372,320,37_111_31
116,141,42,7071,277,-55,332,36,124,204,21,1518,159,94,12,428,323,379,402,37_173_81
107,125,38,7144,264,-57,321,179,11,196,11,1415,134,100,10,387,309,382,309,37_11_6
89,114,37,6891,236,-66,302,11,140,175,-2,2057,207,146,8,557,470,508,526,37_113_42
115,134,41,6893,271,-50,321,36,166,200,22,1822,188,126,10,505,412,442,480,37_113_60
123,140,41,7174,285,-49,334,42,131,212,27,1562,164,94,13,450,325,387,426,37_75_27
100,125,39,7064,255,-64,319,171,22,188,6,1374,132,98,10,380,305,376,308,37_121_30
91,120,38,7037,243,-70,313,11,143,179,-3,1824,185,122,9,496,406,456,467,37_173_18
120,131,39,7299,285,-47,332,195,38,212,23,1346,129,96,9,367,295,361,296,37_27_45
109,128,39,7062,266,-57,323,105,30,197,14,1438,139,103,9,388,319,383,319,37_111_65
102,127,40,6975,255,-62,317,22,153,188,8,1822,187,122,10,504,405,448,477,37_113_28
96,121,39,6940,246,-64,310,16,147,182,3,1919,195,131,9,526,430,472,498,37_113_12
103,126,40,6917,255,-59,314,24,155,189,11,1900,196,129,10,529,424,461,501,37_113_177
102,126,39,6966,255,-61,316,23,154,189,9,1846,191,122,10,517,406,449,489,37_43_3
131,141,41,7299,297,-40,337,48,138,222,34,1513,162,91,14,443,315,375,412,37_39_44
113,132,40,7253,273,-56,329,31,167,203,16,1627,170,100,12,461,343,402,436,37_75_26
82,108,36,6899,226,-73,299,79,41,168,-10,2000,195,152,6,529,477,513,480,37_87_49
84,111,37,6881,229,-71,300,82,91,170,-8,1956,192,145,7,519,461,501,475,37_99_55
102,126,40,6916,254,-60,314,23,154,188,10,1884,194,127,10,524,419,459,496,37_113_61
106,132,40,7105,264,-61,325,25,159,194,11,1630,169,103,11,454,353,407,427,37_173_26
122,129,37,7868,294,-49,343,203,18,222,18,1081,106,74,10,295,233,285,233,51_9_47
135,136,40,7490,301,-38,339,50,190,228,35,1470,157,87,14,424,302,364,400,47_123_112
98,123,38,7078,254,-65,319,170,21,187,4,1385,136,98,11,387,302,386,304,47_19_51
132,133,39,7453,298,-37,335,48,187,225,33,1545,166,96,14,451,324,366,423,47_139_73
98,125,39,7094,253,-66,319,17,106,186,3,1668,170,109,10,454,368,422,426,47_155_57
114,124,38,7321,273,-51,324,31,168,206,17,1702,181,108,13,489,360,404,459,47_139_45
90,115,36,7182,242,-71,313,162,-7,179,-7,1364,132,95,10,386,295,373,295,47_91_6
123,134,39,7613,291,-48,339,201,77,219,22,1149,118,81,12,331,250,321,261,47_163_4
125,134,39,7583,293,-46,339,203,79,220,24,1150,118,79,12,330,249,321,264,47_163_10
104,124,38,7270,262,-61,323,177,61,194,6,1286,129,93,11,365,283,358,287,47_19_9
127,134,39,7500,294,-44,338,203,81,221,27,1136,122,67,15,327,233,321,266,47_29_11
119,133,40,7340,280,-51,331,36,174,210,21,1573,165,95,13,448,328,391,424,47_123_17
113,131,39,7280,272,-56,328,30,167,204,16,1647,173,102,12,468,348,405,441,47_123_24
118,133,40,7284,279,-51,330,35,172,208,20,1620,171,99,13,465,341,397,438,47_123_38
118,132,39,7392,282,-51,333,192,73,211,20,1172,121,71,14,331,244,327,276,47_59_14
124,135,40,7360,286,-47,333,40,179,215,25,1543,163,92,14,442,320,385,417,47_123_22
134,137,40,7505,302,-37,339,50,190,228,34,1496,161,91,14,435,312,359,410,47_139_18
116,133,40,7307,278,-53,331,190,73,207,19,1186,124,76,13,339,250,334,274,47_171_21
105,125,38,7268,264,-60,324,179,63,196,8,1277,129,92,11,363,280,356,287,47_19_11
116,132,39,7297,278,-53,331,33,170,207,19,1616,170,99,13,462,340,398,436,47_123_28
117,133,40,7271,278,-52,330,35,172,208,20,1615,170,99,13,463,340,397,437,47_123_30
138,137,40,7595,307,-35,342,53,194,233,37,1457,158,88,15,423,300,347,401,47_107_2
133,136,40,7360,296,-38,334,49,141,224,35,1469,155,86,14,420,299,373,396,47_123_122
91,124,36,7869,262,-81,343,171,-14,189,-14,1113,108,76,10,305,234,297,234,51_15_76
105,132,37,7922,281,-70,351,185,-1,204,-1,1004,101,66,13,284,202,279,202,51_15_109
81,117,34,7861,248,-90,338,161,-25,179,-25,1190,113,82,10,326,252,317,252,51_15_50
109,134,37,7950,288,-66,354,202,3,209,3,956,98,61,15,277,188,273,188,51_15_18
80,118,35,7870,244,-93,337,160,-27,176,-27,1306,127,95,8,357,293,347,293,51_17_29
98,129,37,7901,272,-76,348,179,-7,197,-7,1084,107,75,11,300,229,291,229,51_17_55
100,120,35,7826,268,-69,337,108,-4,199,-4,1230,121,85,11,337,265,311,265,51_9_75
91,112,32,8126,258,-83,341,173,-18,192,-18,1153,113,74,14,324,229,315,229,51_157_2
82,106,31,8010,244,-88,332,94,-25,182,-25,1249,122,81,13,355,251,331,251,51_113_30
87,110,32,7955,251,-83,334,98,-20,186,-20,1233,120,81,13,347,251,326,251,51_79_1
81,116,34,7778,245,-88,333,161,-23,177,-23,1285,123,93,9,350,282,339,282,51_5_41
110,131,37,7876,284,-63,347,190,5,208,5,1058,105,74,11,294,225,288,225,51_5_59
119,127,37,7832,290,-52,342,199,15,218,15,1101,106,76,10,298,238,287,238,51_9_18
113,126,35,8127,288,-66,354,195,4,214,4,1084,106,71,14,306,218,303,218,51_113_2
112,131,39,7439,277,-56,333,188,29,205,13,1199,120,86,11,344,262,332,265,51_191_72
87,118,35,7619,248,-81,329,165,-16,181,-16,1141,115,80,11,325,244,311,244,51_71_52
81,117,34,7876,247,-90,337,161,-25,178,-25,1184,113,81,10,326,249,317,249,51_15_125
99,126,38,7377,261,-67,328,174,17,191,0,1148,115,82,11,329,250,313,253,51_173_32
112,120,36,7595,271,-56,327,189,67,206,9,1204,125,80,12,345,264,333,277,51_195_2
113,135,38,7883,290,-61,351,194,9,213,9,1030,103,69,12,288,214,279,214,51_15_105
87,121,35,7931,257,-86,343,167,-20,185,-20,1092,106,72,12,308,221,301,221,51_165_46
94,122,36,7652,259,-73,332,172,-9,189,-9,1135,110,78,11,314,237,305,237,51_45_73
106,131,38,7661,276,-65,341,185,22,202,4,991,104,71,13,290,214,277,216,51_21_67
110,136,39,7670,282,-63,345,188,25,206,7,1006,105,71,13,294,215,282,218,51_197_91
93,122,37,7358,253,-71,324,168,-5,185,-5,1208,121,83,11,341,258,322,258,51_197_97
102,129,38,7404,267,-65,332,178,20,195,3,1143,115,80,11,326,247,309,248,51_173_81
105,131,39,7495,271,-64,335,181,21,199,4,1095,112,79,12,318,238,304,243,51_173_84
108,119,36,7534,266,-60,326,184,64,201,6,1221,127,82,12,351,267,339,280,51_169_93
115,123,37,7649,278,-53,331,193,123,210,13,1201,123,76,12,340,257,327,289,51_169_100
115,124,37,7688,279,-54,333,192,123,210,11,1220,124,77,12,344,260,331,297,51_195_85
115,132,36,8202,296,-65,361,210,6,218,6,985,99,63,15,287,194,284,194,51_139_60
92,118,33,8148,264,-84,348,175,-17,194,-17,1073,107,68,14,308,210,300,210,51_171_88
94,119,34,8103,266,-81,347,177,-15,195,-15,1081,106,69,14,306,213,300,213,51_139_57
113,133,38,7865,287,-60,347,193,8,211,8,1011,101,71,11,285,214,279,214,51_45_59
105,136,38,7941,282,-71,353,186,-1,204,-1,1040,107,74,12,296,224,291,224,51_5_104
114,130,37,7824,287,-57,344,194,9,212,9,1046,103,73,11,290,221,285,221,51_23_113
99,126,38,7377,261,-67,328,174,17,191,0,1148,115,82,11,329,250,313,253,51_173_32
77,105,34,7139,223,-81,304,149,-19,165,-19,1457,141,100,10,411,312,397,312,51_77_42
105,133,37,8072,285,-73,358,187,-3,206,-3,933,96,58,17,276,177,274,177,51_165_38
111,127,36,7899,284,-61,345,203,6,211,6,1119,108,77,11,305,236,295,236,51_15_44
100,120,35,7824,268,-69,337,109,-4,198,-4,1228,121,85,11,337,264,310,264,51_125_22
95,121,37,7484,257,-70,327,171,51,189,-5,1105,113,80,12,321,243,305,248,51_21_79
103,128,38,7514,268,-65,333,179,59,197,2,1100,114,79,12,321,240,308,247,51_185_97
103,130,38,7480,269,-65,334,179,20,196,3,1085,111,78,12,315,236,301,240,51_197_100
93,119,37,7239,249,-70,319,166,-5,183,-5,1268,125,89,10,358,276,342,276,51_77_83
98,123,38,7284,257,-66,323,172,18,189,0,1247,123,89,10,355,273,340,275,51_173_98
96,120,37,7235,252,-67,319,169,15,186,-2,1295,126,91,10,367,283,353,283,51_191_110
112,123,36,7715,276,-60,336,190,120,207,8,1207,124,81,12,347,267,334,277,51_195_82
118,134,38,7881,295,-54,349,199,13,217,13,991,99,69,11,279,210,274,210,51_45_61
101,128,35,8340,282,-81,363,186,-10,206,-10,958,97,59,16,284,181,278,181,51_69_67
92,117,34,7822,258,-77,335,101,-13,189,-13,1245,122,86,11,342,266,318,266,51_15_177
94,117,35,7796,260,-74,334,103,-10,192,-10,1264,124,88,10,347,273,318,273,51_9_92
106,130,39,7423,270,-63,333,181,23,198,6,1151,115,83,11,331,251,316,256,51_173_31
117,125,36,7790,287,-52,339,197,13,215,13,1098,106,76,10,299,235,292,235,51_23_98
94,125,35,8164,271,-83,354,178,-15,196,-15,1011,102,63,15,295,195,289,195,51_171_101
105,133,36,8140,286,-74,360,189,-4,207,-4,936,95,57,17,277,177,275,177,51_171_105
96,127,36,7883,269,-77,346,177,-9,195,-9,1059,104,70,12,295,216,288,216,51_15_174
95,118,35,7801,261,-73,334,104,-9,193,-9,1254,123,87,10,343,270,317,270,51_9_93
97,129,36,7993,272,-79,351,178,-10,197,-10,991,100,63,15,289,193,285,193,51_165_185
84,119,34,7947,254,-88,342,165,-22,183,-22,1121,108,74,12,315,228,308,228,51_165_191
97,128,36,7910,273,-76,349,178,-8,197,-8,1008,101,65,14,288,199,283,199,51_165_198
100,130,37,7917,275,-74,349,181,-6,199,-6,1003,101,65,14,286,199,282,199,51_15_186
97,127,36,7872,270,-76,346,177,-9,195,-9,1074,105,72,11,297,222,290,222,51_15_203
92,125,36,7879,265,-80,345,172,-13,190,-13,1112,108,76,10,306,235,297,235,51_91_77
120,135,38,7879,296,-53,349,201,15,219,15,1039,103,71,11,289,220,281,220,51_5_74
77,116,34,7868,241,-95,336,157,-29,174,-29,1300,126,93,8,357,290,347,290,51_91_85
91,127,36,7923,263,-84,347,171,-16,189,-16,1158,116,81,10,324,252,316,252,51_91_87
93,128,36,7927,265,-83,348,173,-14,191,-14,1158,117,81,10,323,252,315,252,51_91_90
98,130,37,7938,271,-78,349,178,-9,196,-9,1129,114,79,10,316,244,308,244,51_17_114
101,133,37,7931,277,-74,351,182,-5,200,-5,1102,112,77,11,309,238,301,238,51_17_126
111,133,38,7853,287,-61,348,192,7,210,7,1056,105,74,11,294,224,287,224,51_5_81
120,136,38,7899,297,-54,351,201,15,219,15,1009,101,69,12,284,212,279,212,51_23_110
103,130,37,7844,276,-68,344,184,-1,202,-1,1070,106,76,11,298,228,292,228,51_5_94
106,132,38,7604,276,-65,341,184,4,201,4,993,102,66,13,290,207,275,207,51_155_69
106,133,39,7611,276,-65,341,184,4,201,4,1011,103,67,13,294,211,278,211,51_197_80
124,144,43,6984,285,-48,333,45,131,211,30,1593,169,104,12,456,348,385,429,37_113_22
125,136,40,7246,289,-45,334,123,44,216,29,1319,130,96,9,359,294,350,298,37_111_39
92,119,38,6912,242,-66,308,90,100,178,0,1834,183,131,8,490,424,467,453,37_99_50
93,116,38,6891,241,-64,305,14,144,179,1,2034,206,143,8,554,461,500,524,37_113_44
133,136,40,7400,301,-37,338,130,49,226,35,1303,127,95,9,353,288,347,295,37_23_48
105,124,39,6918,257,-55,312,102,111,192,13,1822,181,139,7,483,432,466,441,37_175_48
119,133,39,7305,283,-50,333,192,74,210,21,1157,118,71,14,325,239,324,270,37_115_15
98,120,39,6871,248,-59,307,96,105,184,7,1910,189,143,7,506,451,485,468,37_99_32
132,136,40,7452,301,-38,339,208,48,226,33,1283,123,93,10,350,280,346,287,37_27_7
105,127,39,7113,260,-61,321,23,157,193,9,1776,185,114,11,501,384,433,473,37_39_3
107,125,40,6878,260,-52,312,105,114,193,16,1891,188,143,7,502,447,478,464,37_175_19
103,126,40,6917,255,-59,314,24,155,189,11,1900,196,129,10,529,424,461,501,37_43_8
120,134,40,7090,279,-48,327,117,40,208,25,1368,136,98,9,372,306,360,307,37_111_30
108,126,39,7096,265,-57,322,180,29,197,13,1440,139,102,9,389,318,385,318,37_23_58
73,102,34,6946,214,-81,295,144,-19,160,-19,1641,153,111,10,456,352,452,352,37_121_12
88,114,37,6948,235,-71,306,159,-5,175,-5,1601,153,114,9,435,357,432,357,37_21_56
112,130,41,6822,266,-49,315,35,163,197,21,1934,199,136,9,534,438,466,509,37_113_29
77,108,35,7006,222,-80,302,74,84,164,-17,1877,184,134,7,502,435,484,456,37_173_24
104,128,40,6903,257,-59,316,25,156,190,12,1857,191,126,10,516,414,453,489,37_113_5
120,134,40,7316,284,-49,333,211,75,211,23,1142,117,71,14,321,236,321,265,37_115_10
95,118,38,6936,243,-65,308,165,2,181,2,1578,152,112,9,425,351,423,351,37_111_23
108,127,39,7059,264,-57,321,105,14,196,14,1452,141,104,9,391,322,386,322,37_111_43
94,121,39,6913,244,-65,309,15,146,180,2,1882,190,131,8,508,429,470,478,37_173_42
133,136,39,7482,303,-38,341,209,48,227,33,1268,121,91,10,348,276,344,282,37_27_51
122,134,41,7071,281,-45,326,211,42,211,28,1465,146,110,9,391,341,391,344,37_89_14
111,135,41,7003,269,-57,326,31,164,198,17,1726,180,112,11,489,377,419,463,37_113_68
97,125,39,7037,251,-66,317,17,150,185,3,1729,176,114,10,472,384,434,444,37_173_15
95,120,38,6906,246,-64,310,93,102,182,3,1768,176,130,8,472,413,456,427,37_87_28
94,119,38,6955,244,-66,310,165,1,181,1,1556,151,111,9,420,348,417,348,37_21_4
118,131,41,6874,273,-44,317,40,169,204,27,1954,199,143,8,528,452,477,504,37_113_1
118,133,40,7027,277,-48,325,207,75,207,25,1402,141,105,10,376,321,376,327,37_89_27
96,122,38,7009,249,-67,316,166,19,183,2,1406,135,100,10,390,310,387,312,37_121_16
111,134,41,7057,269,-57,326,31,164,199,16,1654,173,104,12,468,355,408,442,37_75_17
129,143,42,7050,290,-43,333,49,137,216,34,1612,172,101,13,470,342,388,443,37_43_15
129,132,40,7096,287,-37,324,49,181,218,34,1654,180,107,13,487,357,390,453,13_187_7
132,128,38,7425,294,-35,329,48,187,225,34,1572,170,100,14,462,327,364,432,13_213_102
128,132,40,7246,290,-39,329,46,182,219,32,1619,175,102,14,477,343,384,444,13_111_43
125,131,39,7244,286,-42,328,43,179,216,29,1636,176,103,13,480,347,389,447,13_111_11
127,130,39,7227,288,-39,327,46,180,218,31,1638,177,104,14,483,347,387,450,13_123_12
119,125,39,7149,275,-45,320,37,171,208,24,1720,185,111,13,501,368,406,467,13_123_15
121,125,39,7158,278,-42,320,41,174,212,26,1708,184,111,13,499,366,402,465,13_123_45
142,131,38,7627,308,-30,338,56,198,238,41,1460,164,91,16,434,301,328,403,13_313_12
139,132,39,7565,306,-31,337,54,195,234,39,1497,161,95,14,437,314,348,411,13_213_11
127,128,38,7446,290,-41,331,43,181,220,28,1604,172,101,13,467,336,376,438,13_213_37
121,130,39,7191,281,-45,326,40,174,211,26,1675,180,107,13,489,359,399,455,13_111_112
124,132,40,7217,285,-43,328,42,177,215,28,1642,177,104,13,481,350,392,447,13_111_47
119,126,39,7171,276,-45,321,38,172,209,24,1723,185,112,13,502,371,408,468,13_111_18
119,128,39,7107,276,-45,321,38,171,208,24,1716,184,111,13,499,370,407,465,13_111_14
118,124,38,7340,277,-48,325,35,172,209,20,1686,180,107,13,488,356,398,457,13_111_107
137,134,41,6976,295,-29,324,58,144,224,44,1703,180,116,11,484,375,410,457,13_241_139
103,122,39,6946,254,-57,311,24,155,190,10,1912,199,129,10,538,422,460,507,13_291_138
119,127,38,7361,280,-48,328,35,173,211,21,1662,177,105,13,480,351,394,450,13_111_17
116,124,38,7308,275,-49,324,33,170,208,19,1699,181,108,13,491,360,402,460,13_111_28
122,134,41,6918,277,-44,321,43,174,208,29,1830,192,125,11,520,407,431,495,13_241_8
107,131,41,6895,262,-57,319,28,114,192,14,1763,181,120,9,483,396,438,455,37_99_58
117,134,41,6931,275,-47,322,115,124,204,25,1804,183,132,8,481,418,451,454,37_99_8
106,124,39,6869,258,-53,311,104,157,192,15,1991,199,149,7,527,469,498,497,37_99_51
108,133,40,7066,267,-59,326,105,114,197,14,1426,147,92,11,390,310,372,354,37_87_88
113,136,41,7158,273,-57,330,32,121,202,17,1561,163,96,12,439,331,391,413,37_173_39
101,128,40,6988,257,-62,319,99,108,189,8,1632,166,111,9,440,366,418,408,37_173_27
95,125,37,7639,262,-73,335,173,-7,190,-7,1066,107,73,12,303,223,292,223,51_45_3
122,134,37,7996,295,-58,353,203,180,222,15,1272,131,81,12,363,276,344,304,21_51_49
133,137,40,7492,302,-37,339,49,189,227,34,1509,163,92,14,440,316,362,412,47_139_93
130,136,40,7443,297,-39,336,46,185,223,31,1545,166,94,14,450,324,371,421,47_139_103
116,134,40,7285,278,-54,332,189,73,207,19,1207,124,81,13,344,257,338,275,47_171_18
104,124,38,7285,263,-61,324,178,23,195,6,1272,127,91,11,362,279,353,282,47_91_19
98,121,37,7188,254,-65,319,171,19,187,2,1329,132,94,11,377,291,370,292,47_91_21
87,116,37,6987,236,-72,308,158,10,174,-6,1515,145,109,9,416,340,412,341,47_171_19
126,135,40,7449,292,-45,337,201,132,219,27,1192,123,69,14,338,243,330,287,47_29_21
120,135,40,7357,284,-51,335,117,126,212,22,1248,127,73,13,347,257,339,305,47_29_23
131,136,40,7477,298,-40,338,46,186,224,31,1507,162,90,14,437,312,368,411,47_123_42
113,132,40,7269,274,-55,329,186,70,204,16,1234,125,84,12,349,266,343,282,47_171_17
117,132,39,7363,281,-51,332,192,73,210,19,1163,121,72,14,329,242,326,271,47_59_11
102,123,37,7284,261,-63,324,176,22,193,5,1280,128,91,11,365,280,355,282,47_91_18
103,124,38,7252,261,-62,323,176,61,193,6,1287,129,93,11,365,284,358,287,47_19_8
101,123,38,7245,259,-63,322,174,21,192,4,1305,130,93,11,370,286,362,288,47_91_20
111,130,39,7271,272,-57,329,184,67,202,14,1220,123,78,13,342,259,338,285,47_59_10
105,127,40,6908,259,-57,316,102,112,192,13,1770,178,128,8,472,409,450,439,37_99_46
91,118,38,6922,240,-67,307,11,141,177,-2,1927,193,136,8,516,442,483,486,37_99_16
94,117,38,6894,243,-63,306,15,145,180,2,2010,204,140,9,550,454,493,520,37_43_19
112,132,40,6991,269,-55,324,110,34,199,19,1406,140,101,9,381,316,369,316,37_111_29
110,135,41,6942,266,-57,323,31,117,196,17,1715,178,114,10,478,380,421,451,37_173_55
96,122,38,7051,250,-67,317,167,56,184,2,1383,134,99,10,385,306,381,310,47_171_42
116,130,37,7926,291,-57,348,209,11,216,11,1086,107,74,12,303,226,294,226,51_15_65
103,130,38,7545,270,-66,336,180,20,198,2,1062,109,77,12,309,231,295,234,51_197_34
122,129,37,7769,292,-48,340,201,129,220,18,1185,120,71,13,331,246,318,298,51_105_37
92,113,33,8090,260,-81,341,174,-17,193,-17,1161,112,75,14,323,231,316,231,51_139_30
104,123,35,8110,277,-73,350,186,-5,205,-5,1070,104,69,14,302,212,299,212,51_139_17
98,132,38,7855,271,-76,347,178,-7,196,-7,1076,110,77,11,305,234,299,234,51_5_40
108,128,39,7218,268,-59,327,181,28,198,11,1315,129,94,10,368,289,363,291,47_91_55
145,136,39,7655,314,-29,343,59,201,241,43,1429,155,89,14,416,299,334,393,47_139_51
101,125,38,7112,258,-63,321,173,23,190,6,1355,133,96,11,379,296,376,299,47_19_15
101,122,38,7253,258,-63,321,174,20,191,3,1281,128,92,11,365,281,355,283,47_91_16
104,125,38,7309,264,-61,325,178,23,196,6,1268,126,91,11,361,278,351,280,47_91_17
142,134,39,7622,310,-30,340,56,198,238,41,1456,157,91,14,424,305,340,400,47_139_48
133,138,40,7457,299,-39,338,48,188,225,33,1490,159,89,14,432,308,367,407,47_123_44
128,134,39,7520,296,-43,339,205,135,223,29,1161,122,67,15,333,236,325,277,47_29_14
128,134,39,7537,294,-44,338,204,134,222,28,1179,123,68,15,337,239,328,283,47_29_20
128,135,39,7453,295,-43,338,204,134,222,30,1202,124,69,15,343,244,334,289,47_29_22
108,127,38,7275,268,-59,327,181,27,198,10,1290,128,93,11,364,284,357,286,47_91_23
106,127,39,7192,264,-61,325,179,64,196,10,1283,129,90,11,362,280,355,292,47_171_8
115,132,39,7318,276,-55,331,188,71,206,17,1229,126,84,12,350,265,343,280,47_171_12
135,136,40,7490,301,-37,338,50,190,228,35,1470,157,87,14,424,302,364,400,47_123_43
128,137,40,7399,293,-43,336,44,182,220,29,1540,165,93,14,447,322,375,419,47_139_14
140,138,40,7587,310,-32,342,55,196,235,39,1454,157,89,14,423,303,346,399,47_139_22
134,137,40,7464,302,-36,338,50,189,227,35,1508,162,92,14,439,316,362,412,47_139_31
133,136,40,7481,301,-37,338,49,188,227,34,1518,163,93,14,442,318,362,415,47_139_35
138,137,40,7519,307,-33,340,53,193,232,38,1488,160,91,14,435,311,355,409,47_139_37
127,132,39,7454,293,-42,335,43,182,221,28,1580,169,98,13,459,332,375,431,47_139_41
109,122,36,7739,272,-63,335,187,63,205,4,1216,126,83,12,353,268,339,274,51_51_45
86,123,36,7890,253,-88,341,166,-21,183,-21,1260,125,91,9,348,282,338,282,51_17_67
101,134,37,7988,276,-77,353,182,-7,200,-7,1116,114,78,11,314,243,307,243,51_17_68
110,136,38,7959,287,-66,353,191,3,209,3,1020,104,72,11,289,218,284,218,51_5_30
105,131,38,7731,277,-66,343,184,2,202,2,987,101,67,13,284,205,275,205,51_45_30
113,128,36,7941,287,-60,347,205,7,213,7,1111,108,76,12,307,233,297,233,51_15_159
104,122,35,7871,273,-66,339,113,0,203,0,1199,117,83,11,327,257,307,257,51_125_85
99,122,35,7843,269,-71,340,109,-5,198,-5,1204,118,83,11,330,258,306,258,51_15_167
118,126,37,7817,289,-51,340,199,15,217,15,1105,107,76,10,300,239,291,239,51_163_127
98,124,36,7832,267,-72,339,178,-7,196,-7,1160,111,82,9,314,250,304,250,51_163_138
100,130,36,8132,280,-79,359,183,-9,202,-9,964,98,59,16,284,183,280,183,51_171_104
117,128,37,7858,289,-54,343,197,13,216,13,1101,106,76,10,298,238,287,238,51_163_14
108,126,36,7843,279,-63,342,117,4,207,4,1144,110,79,10,307,246,295,246,51_163_21
99,130,36,7998,276,-78,354,181,-8,199,-8,975,99,61,15,285,188,282,188,51_165_77
92,124,35,7910,264,-81,345,173,-14,191,-14,1063,104,70,13,299,214,293,214,51_165_13
94,127,36,7897,268,-80,348,174,-12,192,-12,1052,104,70,12,295,215,288,215,51_91_60
105,133,36,8202,286,-77,363,188,-5,207,-5,934,95,57,17,277,177,274,177,51_171_6
104,133,36,8130,285,-76,361,187,-5,206,-5,936,95,57,17,277,177,275,177,51_171_21
81,117,34,7926,248,-91,339,161,-25,180,-25,1162,111,78,11,323,240,315,240,51_165_80
96,115,33,8039,264,-77,341,155,-12,196,-12,1158,111,75,13,321,233,314,233,51_165_104
101,125,38,7316,261,-64,325,175,20,192,2,1215,120,87,10,346,266,331,269,51_173_29
95,124,35,8216,270,-84,354,178,-16,197,-16,1011,102,63,15,296,195,289,195,51_171_96
100,130,37,7880,273,-73,346,180,-6,198,-6,1114,111,80,10,310,242,302,242,51_5_84
100,133,38,7935,274,-76,350,180,-7,198,-7,1107,112,79,10,310,242,304,242,51_5_47
76,111,33,7819,239,-93,332,155,-29,173,-29,1300,120,91,9,348,281,336,281,51_15_208
105,132,37,7908,282,-70,352,186,0,204,0,1014,102,67,13,286,205,280,205,51_15_23
100,116,36,7497,256,-66,322,176,57,193,-1,1277,131,86,12,366,281,354,293,51_195_1
106,133,39,7625,276,-65,341,184,4,201,4,998,102,67,13,290,210,275,210,51_155_25
97,128,36,7921,271,-78,349,178,-9,196,-9,1035,103,68,13,292,208,287,208,51_15_42
99,118,33,8193,270,-78,348,182,-12,201,-12,1100,109,70,14,313,217,306,217,51_157_7
105,132,38,7639,274,-66,340,182,20,200,2,1022,105,72,12,298,219,283,222,51_197_89
106,122,36,7816,274,-63,337,114,2,204,2,1195,116,83,10,323,258,305,258,51_9_94
82,118,35,7842,249,-88,337,162,-23,180,-23,1201,114,83,9,326,257,317,257,51_15_213
92,124,35,7949,265,-82,347,173,-14,191,-14,1046,103,68,13,297,209,292,209,51_165_175
122,129,37,7842,294,-50,344,202,18,221,18,1073,105,73,10,293,231,284,231,51_163_123
86,121,35,7874,255,-86,341,166,-20,184,-20,1145,110,78,10,315,241,306,241,51_91_74
103,130,37,7900,278,-70,348,184,-2,202,-2,1044,103,70,12,290,214,283,214,51_15_205
85,122,35,7902,252,-90,342,164,-22,182,-22,1168,116,81,10,328,252,320,252,51_91_83
103,121,34,8024,275,-71,346,196,-4,204,-4,1106,107,73,13,310,223,304,223,51_165_117
125,135,40,7300,287,-46,333,42,133,216,27,1469,153,86,14,415,301,375,392,47_9_44
137,134,40,7397,299,-34,333,52,144,228,38,1432,151,83,15,408,289,366,385,47_9_61
125,135,40,7315,287,-46,333,42,133,216,27,1523,160,90,14,435,314,383,411,47_123_120
113,131,39,7432,278,-55,333,189,31,206,14,1205,121,87,11,345,264,334,268,47_91_56
93,116,36,7180,246,-69,315,165,14,182,-4,1360,133,95,11,385,296,376,296,47_91_52
140,132,39,7484,303,-31,334,55,147,233,40,1399,148,81,15,399,282,358,376,47_9_47
123,137,41,7276,284,-49,333,40,130,213,25,1432,148,84,13,399,295,370,375,47_9_41
131,134,39,7572,300,-40,340,208,84,226,31,1125,122,66,16,326,228,320,262,47_29_12
113,132,40,7224,275,-54,329,111,119,204,17,1250,127,78,12,344,265,341,300,47_29_16
120,133,40,7336,282,-50,332,37,175,211,22,1566,165,94,13,447,326,389,422,47_123_18
110,128,39,7276,269,-57,326,27,164,201,13,1671,175,104,12,473,355,410,446,47_123_25
117,133,40,7279,278,-52,330,34,171,208,20,1619,171,99,13,464,341,397,437,47_123_31
122,135,40,7336,285,-48,333,38,176,213,24,1575,167,95,13,453,329,388,426,47_123_39
132,135,39,7527,299,-40,339,47,187,225,31,1509,163,92,14,437,314,362,412,47_123_47
138,137,40,7581,308,-34,342,53,194,233,37,1467,159,89,14,427,305,349,403,47_139_23
139,138,40,7573,309,-33,342,54,194,234,38,1471,159,90,14,429,307,350,404,47_139_26
138,136,39,7578,307,-34,341,53,194,233,37,1474,159,91,14,429,308,348,405,47_139_27
135,136,40,7511,303,-36,339,51,190,229,35,1511,163,93,14,442,316,358,415,47_139_42
139,134,39,7572,307,-32,339,54,194,234,38,1479,160,92,14,431,309,346,406,47_139_52
102,123,38,7229,260,-63,323,175,60,192,5,1300,131,94,11,369,286,362,290,47_19_12
102,125,38,7128,259,-63,322,174,61,191,6,1326,131,96,11,371,292,366,299,47_19_25
113,131,39,7327,275,-55,330,187,120,205,16,1218,123,75,13,341,256,336,290,47_59_15
118,133,39,7366,281,-52,333,191,73,209,19,1179,124,76,13,339,249,333,272,47_179_9
105,126,38,7308,265,-61,326,178,24,196,7,1258,124,89,11,358,275,346,276,47_91_7
128,135,40,7385,293,-41,334,44,182,220,29,1566,168,96,14,456,330,377,426,47_139_53
136,137,40,7496,303,-36,339,51,192,229,36,1464,157,87,14,424,301,359,400,47_123_45
128,136,40,7440,294,-42,336,43,183,220,29,1549,166,93,14,450,324,377,422,47_139_15
135,139,41,7450,303,-36,339,50,190,228,36,1497,161,90,14,437,313,363,409,47_139_16
113,130,39,7298,275,-55,330,187,70,204,15,1261,126,92,11,356,278,349,283,47_19_14
102,125,38,7133,260,-63,323,174,23,191,7,1344,133,96,11,376,295,373,297,47_19_18
101,125,38,7106,258,-63,321,173,23,190,6,1336,132,96,11,375,294,371,297,47_19_21
76,103,34,6962,217,-80,297,146,-17,162,-17,1612,150,109,10,448,345,445,345,47_19_26
114,131,39,7321,276,-54,330,188,71,205,16,1220,126,82,12,348,262,341,280,47_179_4
137,138,40,7497,308,-34,342,214,52,232,38,1264,122,92,9,345,277,341,286,37_23_26
112,130,40,7057,269,-55,324,109,33,200,17,1434,141,103,9,387,320,378,320,37_23_23
111,128,40,6963,266,-52,318,108,116,198,18,1610,160,123,8,428,380,421,381,37_175_28
116,128,40,7067,272,-48,320,36,168,205,22,1745,186,113,12,504,378,416,471,13_291_40
143,132,38,7661,310,-29,339,57,199,239,41,1450,163,90,16,431,299,322,403,13_295_28
124,134,41,6898,280,-41,321,46,176,210,32,1809,190,123,11,515,401,427,490,13_241_31
132,136,41,6927,289,-35,324,53,183,218,39,1757,185,119,11,500,389,417,475,13_241_32
116,132,41,6875,271,-48,319,38,168,202,25,1879,195,130,10,528,421,447,503,13_241_37
128,136,42,6916,285,-38,323,50,180,215,36,1807,189,125,11,509,404,430,485,13_241_3
129,135,41,6901,286,-36,322,51,181,215,37,1803,188,126,10,505,405,432,481,13_241_40
120,134,41,6967,277,-47,324,41,172,207,27,1743,185,114,12,502,381,415,473,13_281_15
112,130,41,6888,266,-51,317,34,164,198,20,1868,195,126,11,528,414,446,501,13_281_11
109,128,40,6899,263,-53,316,31,160,195,17,1912,198,131,10,535,427,459,508,13_241_39
135,133,41,6966,292,-30,322,56,142,222,42,1686,182,112,13,490,368,398,460,13_137_8
144,129,40,7025,300,-20,320,65,150,232,50,1552,168,106,13,456,337,372,422,13_137_30
141,129,40,7003,297,-23,320,62,148,229,48,1608,173,110,12,468,351,386,435,13_137_14
114,123,38,7099,268,-49,317,33,166,203,19,1785,190,117,12,515,386,423,481,13_291_19
88,117,36,7426,246,-76,322,164,-12,181,-12,1171,117,84,11,335,256,317,256,51_21_72
85,113,35,7378,240,-77,317,160,43,177,-14,1234,123,90,11,355,273,338,276,51_185_95
97,124,37,7357,258,-69,327,171,15,189,-2,1176,117,84,10,335,258,319,259,51_173_85
105,130,39,7442,270,-63,333,180,22,198,5,1124,115,81,12,327,246,313,251,51_173_87
106,118,36,7538,265,-60,325,183,115,199,5,1235,128,83,12,354,272,342,284,51_195_76
107,134,38,7910,284,-68,352,188,1,206,1,1011,102,67,13,286,206,279,206,51_15_211
123,133,38,7902,300,-49,349,204,18,222,18,984,98,69,11,276,210,272,210,51_45_63
108,137,38,7985,286,-70,356,189,1,207,1,1052,108,74,11,298,226,293,226,51_5_98
108,132,38,7749,281,-64,345,187,4,205,4,972,100,66,13,280,202,271,202,51_45_94
105,136,38,7991,282,-72,354,186,-2,204,-2,1082,111,75,11,305,232,299,232,51_17_42
110,134,38,7938,286,-65,351,191,4,209,4,1059,106,74,11,296,224,288,224,51_17_18
115,136,38,7910,292,-59,351,196,9,214,9,1039,104,72,11,291,219,283,219,51_17_90
105,121,34,8064,277,-70,347,199,-3,206,-3,1107,107,72,14,311,222,306,222,51_165_14
136,137,39,7524,308,-35,343,214,52,232,37,1262,121,91,9,344,276,341,285,37_27_38
122,134,38,7997,295,-57,352,203,180,221,14,1263,128,81,12,357,273,341,308,21_131_22
130,129,36,8180,303,-52,355,212,190,231,19,1234,125,75,13,349,268,326,293,21_203_12
121,135,37,8269,300,-64,364,205,130,224,10,1227,134,75,15,360,263,344,283,21_165_18
115,130,40,6999,271,-50,321,112,121,203,22,1629,162,124,8,432,384,425,388,37_175_10
122,132,39,7366,287,-47,334,197,39,214,24,1330,126,94,10,363,289,357,291,37_27_24
90,116,37,7127,241,-71,312,8,142,179,-5,1877,192,124,10,516,412,462,486,37_75_10
128,136,40,7257,293,-42,335,126,47,220,32,1304,129,95,9,355,290,348,295,37_111_27
98,121,38,7137,251,-65,316,16,151,186,2,1827,189,119,11,510,397,446,481,37_39_22
100,126,38,7355,261,-66,327,174,18,192,1,1187,118,84,11,337,259,321,260,51_173_83
126,130,37,7860,298,-46,344,207,21,225,21,1061,104,72,11,291,229,281,229,51_9_103
112,135,36,8237,294,-72,366,196,1,215,1,975,97,63,15,283,192,280,192,51_139_55
95,117,34,7844,262,-74,336,104,-9,194,-9,1255,124,87,11,345,270,317,270,51_125_89
106,125,36,7853,277,-65,342,114,2,205,2,1157,112,80,10,312,248,297,248,51_163_117
104,123,36,7810,274,-66,340,112,0,202,0,1179,114,82,10,317,254,301,254,51_163_119
102,132,36,8057,281,-76,357,184,-6,202,-6,952,97,59,16,281,182,278,182,51_165_162
97,127,36,7961,272,-77,349,179,-9,197,-9,1006,101,65,14,289,198,285,198,51_165_177
106,125,38,7227,264,-60,324,24,159,197,10,1736,182,110,12,492,371,422,463,37_39_58
112,129,40,6987,268,-51,319,110,118,200,19,1628,162,124,8,433,383,424,388,37_175_55
90,116,38,6901,239,-66,305,88,97,176,-2,1884,186,140,7,500,444,484,456,37_87_62
115,134,41,6893,271,-50,321,36,166,200,22,1822,188,126,10,505,412,442,480,37_113_60
101,126,39,7098,256,-64,320,20,153,189,6,1768,182,115,10,492,386,435,465,37_75_22
89,115,36,7137,240,-71,311,8,142,178,-6,1906,195,127,10,524,419,468,494,37_75_4
122,132,39,7366,287,-47,334,197,39,214,24,1330,126,94,10,363,289,357,291,37_27_24
116,136,41,7111,275,-54,329,35,168,204,20,1659,174,104,12,475,355,405,449,37_39_41
89,118,37,7036,240,-71,311,87,96,176,-5,1782,179,121,9,480,402,453,447,37_173_88
98,119,38,6831,248,-58,306,21,149,184,7,2040,204,148,7,546,472,508,518,37_113_31
90,119,38,6989,241,-70,311,87,97,177,-3,1763,176,122,8,474,401,450,438,37_173_87
107,130,38,7727,278,-63,341,185,3,204,3,1015,101,69,12,287,210,278,210,51_45_40
101,125,37,7650,267,-69,336,179,17,197,-1,1020,106,73,12,298,221,283,222,51_21_47
105,134,38,7876,279,-70,349,185,-1,203,-1,1024,105,73,11,291,220,286,220,51_5_50
104,129,38,7617,273,-66,339,181,2,199,2,1001,101,67,12,287,207,275,207,51_121_33
110,134,37,8129,293,-68,361,205,2,213,2,920,95,57,17,273,175,272,175,51_165_83
95,113,32,8239,264,-81,345,179,-16,198,-16,1121,112,71,14,320,220,310,220,51_157_5
99,130,36,7998,276,-78,354,181,-8,199,-8,975,99,61,15,285,188,282,188,51_165_77
92,118,36,7433,250,-72,322,167,48,184,-8,1177,119,85,11,340,258,325,266,51_185_47
118,125,37,7636,281,-52,333,195,72,212,15,1161,121,77,12,334,253,322,269,51_169_44
100,120,35,7826,268,-69,337,108,-4,199,-4,1230,121,85,11,337,265,311,265,51_9_75
93,114,33,8074,260,-81,341,175,-15,194,-15,1155,112,74,14,322,230,315,230,51_139_8
127,137,38,7952,306,-47,353,209,22,227,22,986,100,66,12,280,207,276,207,51_23_4
103,128,37,7647,271,-67,338,181,1,199,1,998,104,69,12,291,213,277,213,51_71_9
99,124,37,7430,261,-67,328,174,55,191,-1,1128,115,81,12,328,246,314,254,51_21_26
113,138,38,7927,292,-63,355,194,7,213,7,1015,104,68,13,288,209,281,209,51_17_24
99,129,37,7927,273,-75,348,180,-7,198,-7,1022,102,67,13,288,206,283,206,51_15_11
107,129,35,8306,287,-76,363,192,-5,211,-5,994,100,63,15,290,193,285,193,51_187_20
105,131,35,8360,287,-79,366,190,-7,210,-7,944,96,59,16,281,179,275,179,51_69_22
107,130,38,7677,276,-65,341,185,22,203,4,1001,105,71,13,293,216,280,219,51_21_40
105,128,39,7344,266,-62,328,179,23,196,6,1208,120,86,11,346,264,332,267,51_173_19
125,131,37,7867,295,-53,348,204,183,223,18,1323,128,83,11,366,288,343,325,21_147_7
127,131,37,7926,297,-52,349,206,185,225,19,1309,127,82,11,362,286,339,320,21_147_4
105,133,38,7907,281,-69,350,186,-1,204,-1,1070,107,74,11,299,226,290,226,51_17_3
90,122,36,7649,255,-77,332,168,-13,185,-13,1140,112,80,10,319,242,309,242,51_45_31
101,129,37,7872,275,-73,348,181,-4,199,-4,1060,104,71,12,293,219,286,219,51_15_61
98,126,37,7676,265,-72,337,176,-5,194,-5,1026,106,71,12,296,216,284,216,51_71_77
95,123,34,8330,273,-84,357,180,-17,199,-17,1004,102,63,15,295,193,286,193,51_69_68
101,130,36,7996,278,-76,354,182,-6,200,-6,964,98,60,16,282,185,279,185,51_165_183
102,131,37,7995,279,-74,353,184,-5,203,-5,960,98,60,15,280,185,278,185,51_165_189
103,131,37,7945,280,-71,351,185,-3,203,-3,992,100,64,14,283,196,280,196,51_15_184
88,123,35,7860,259,-84,343,168,-17,186,-17,1108,107,75,11,306,230,299,230,51_15_193
125,136,38,8051,298,-58,356,206,184,225,16,1245,130,79,13,356,272,337,295,21_51_51
93,117,37,6948,242,-67,309,164,1,180,1,1576,152,112,9,425,351,423,351,37_199_23
96,123,38,7027,250,-66,316,93,102,184,2,1619,163,110,9,438,364,419,398,37_87_66
106,124,39,6960,258,-55,313,103,112,193,13,1758,174,135,7,466,417,454,421,37_175_43
130,138,40,7397,296,-41,337,47,185,223,32,1515,162,91,14,440,317,373,412,37_39_34
110,133,40,7063,267,-58,325,29,162,197,15,1696,177,108,11,479,366,416,453,37_75_49
93,115,33,7955,261,-78,339,103,-13,193,-13,1190,114,79,12,329,244,317,244,51_3_53
112,134,38,7892,289,-62,351,192,7,211,7,1029,103,69,12,289,213,280,213,51_15_91
97,128,36,7889,271,-76,347,178,-8,196,-8,1098,108,76,11,303,232,294,232,51_17_35
126,129,37,7835,298,-45,343,206,22,225,22,1058,104,72,10,291,228,283,228,51_163_41
104,119,35,7738,270,-63,333,183,1,201,1,1192,112,83,10,318,256,309,256,51_19_108
120,126,37,7815,291,-49,340,200,16,218,16,1082,105,75,10,295,232,290,232,51_23_103
124,127,38,7302,284,-42,326,41,177,216,27,1662,179,106,13,487,351,391,454,13_123_21
124,133,41,6924,280,-41,321,45,174,210,31,1888,194,137,9,516,433,458,492,13_241_18
116,123,38,7140,271,-48,319,35,168,205,21,1756,188,114,12,509,377,416,475,13_111_4
123,124,38,7160,279,-41,320,42,175,213,28,1695,183,110,13,497,361,397,463,13_85_52
133,135,41,6932,291,-33,324,55,140,220,41,1751,184,120,11,496,388,419,471,13_241_7
113,131,41,6851,267,-50,317,35,164,198,21,1890,196,130,10,530,422,451,505,13_241_16
143,131,38,7598,309,-29,338,58,199,239,42,1448,163,90,16,431,297,325,400,13_129_30
146,132,38,7721,314,-27,341,60,203,244,44,1416,159,89,16,422,294,315,395,13_313_27
123,132,40,7168,283,-44,327,42,176,213,28,1652,178,105,13,483,354,395,449,13_111_12
135,130,40,7175,295,-30,325,54,188,226,40,1621,178,104,15,484,345,377,451,13_187_8
116,134,36,8293,296,-67,363,200,126,219,5,1186,132,75,16,355,253,339,266,21_205_19
112,134,40,7182,273,-57,330,110,118,202,16,1331,137,83,12,366,283,353,329,37_87_42
127,134,41,6918,283,-38,321,49,179,214,35,1795,189,122,11,512,398,424,486,13_241_25
114,125,39,7044,268,-49,317,34,166,202,20,1799,191,119,12,517,393,428,484,13_187_15
124,138,41,7080,284,-46,330,44,131,212,30,1625,174,103,13,473,350,392,441,13_291_27
117,129,40,7063,273,-47,320,37,169,205,23,1744,186,114,12,504,379,414,471,13_291_20
127,138,42,6929,284,-41,325,48,179,213,34,1747,185,116,12,502,383,411,477,13_241_42
116,127,39,6993,270,-48,318,36,167,203,22,1794,191,119,12,517,392,426,484,13_291_1
138,136,41,7017,297,-29,326,58,144,226,45,1693,177,120,10,471,378,417,445,13_241_44
117,130,40,6940,271,-48,319,38,168,203,24,1804,191,120,11,517,397,428,487,13_281_3
92,124,35,7910,264,-81,345,173,-14,191,-14,1063,104,70,13,299,214,293,214,51_165_13
107,119,36,7569,266,-61,327,184,115,201,5,1244,128,82,12,355,272,343,290,51_169_64
105,131,37,7905,280,-68,348,186,0,205,0,1057,104,71,12,293,219,284,219,51_15_158
114,136,38,7944,291,-61,352,195,8,213,8,1043,105,72,12,292,219,285,219,51_17_135
90,122,36,7649,255,-77,332,168,-13,185,-13,1140,112,80,10,319,242,309,242,51_45_83
103,127,37,7658,271,-67,338,181,19,199,1,996,104,69,12,291,213,277,213,51_71_87
100,125,37,7473,263,-66,329,176,56,193,0,1141,116,83,12,331,251,317,257,51_173_88
91,117,36,7263,246,-71,317,165,-6,182,-6,1308,128,92,10,368,285,352,285,51_77_84
94,119,37,7270,250,-69,319,167,14,185,-3,1293,126,91,10,367,283,353,283,51_173_99
101,130,37,7915,275,-74,349,181,-5,199,-5,1075,106,74,11,298,226,289,226,51_15_221
101,127,37,7831,273,-70,343,181,-4,199,-4,1129,109,79,10,307,241,297,241,51_163_135
95,128,36,7893,267,-79,346,175,-11,193,-11,1144,113,81,10,316,248,307,248,51_17_110
121,127,37,7834,293,-49,342,201,17,220,17,1081,105,74,10,295,233,286,233,51_163_126
106,121,36,7760,273,-61,334,186,3,203,3,1172,111,82,10,315,251,306,251,51_23_92
106,133,37,7888,283,-68,351,186,1,205,1,1038,104,70,12,291,215,282,215,51_15_218
80,116,34,7892,246,-92,338,160,-27,177,-27,1184,112,81,10,326,248,318,248,51_165_193
99,129,37,7885,273,-74,347,179,-7,198,-7,1043,103,69,12,292,213,285,213,51_15_196
93,125,36,7847,264,-79,343,173,-12,191,-12,1137,110,79,10,311,243,301,243,51_17_94
124,133,38,7899,300,-48,348,205,19,224,19,984,98,69,11,276,210,272,210,51_45_13
122,132,37,7883,299,-49,348,203,17,221,17,987,98,69,11,277,210,272,210,51_45_24
112,136,38,7867,288,-62,350,192,7,211,7,988,101,69,12,282,210,277,210,51_5_115
118,138,38,7959,297,-57,354,200,12,218,12,991,101,68,12,281,208,277,208,51_5_116
90,123,35,7875,260,-83,343,170,-16,188,-16,1145,110,79,10,312,243,303,243,51_15_222
107,132,38,7651,277,-64,341,185,23,203,5,1009,106,72,13,296,218,283,221,51_21_84
104,131,38,7776,276,-68,344,183,0,201,0,1016,103,71,12,289,215,283,215,51_45_97
118,126,37,7720,284,-51,335,196,125,214,15,1211,123,74,12,339,253,326,302,51_105_81
106,131,39,7520,272,-63,335,182,23,200,5,1097,113,79,12,320,240,307,245,51_185_99
108,133,37,7912,284,-67,351,188,2,207,2,1041,104,70,12,291,215,282,215,51_15_26
105,133,37,8088,286,-72,358,188,-3,207,-3,931,96,57,17,276,176,274,176,51_165_76
93,116,34,7909,260,-77,337,103,-13,192,-13,1203,116,81,12,332,250,317,250,51_15_51
104,132,36,8071,284,-73,357,187,-4,205,-4,941,96,58,16,278,179,276,179,51_165_43
87,122,35,7874,257,-86,343,168,-18,185,-18,1113,108,75,11,309,231,301,231,51_15_118
101,126,37,7625,268,-69,337,179,-1,196,-1,1007,104,69,12,293,213,278,213,51_71_83
108,131,38,7691,278,-64,342,186,23,204,5,970,102,68,13,284,208,271,209,51_21_65
102,130,36,7947,279,-73,352,183,-4,202,-4,981,99,63,15,282,192,279,192,51_165_196
87,121,35,7865,256,-84,340,167,-18,185,-18,1144,110,78,10,313,241,304,241,51_15_198
119,131,40,6979,274,-46,320,40,171,206,26,1764,188,116,12,508,386,419,477,13_291_2
106,122,39,6911,256,-54,310,27,157,192,13,1940,201,133,10,544,432,466,514,13_281_2
115,126,39,6993,269,-48,317,36,167,203,22,1816,192,121,11,521,399,431,490,13_311_9
139,136,41,7027,298,-28,326,59,145,227,45,1679,176,118,10,470,373,413,443,13_241_6
116,128,40,6852,269,-45,314,38,166,201,25,2004,203,148,8,539,464,489,515,13_241_36
114,130,41,6869,269,-48,317,36,165,200,23,1946,199,139,9,534,444,471,510,13_241_19
137,138,40,7534,307,-35,342,53,193,232,37,1477,159,89,14,431,308,355,405,47_139_20
124,131,39,7370,287,-44,331,40,178,216,26,1610,172,100,13,467,339,384,438,47_139_39
132,136,40,7436,299,-38,337,48,186,225,33,1532,165,93,14,447,321,368,419,47_139_33
129,137,40,7555,297,-44,341,205,83,223,28,1138,124,71,14,334,237,325,264,47_179_7
112,129,39,7337,274,-56,330,186,69,204,14,1247,126,90,11,354,274,347,280,47_19_10
119,133,39,7390,285,-50,335,194,74,212,21,1151,120,71,14,326,239,323,268,47_59_13
106,126,39,7166,263,-59,322,25,159,195,10,1738,182,110,12,492,372,424,463,47_123_36
134,137,40,7521,302,-39,341,49,189,228,34,1496,161,90,14,435,311,361,410,47_139_55
120,134,40,7354,285,-49,334,195,75,212,23,1156,119,70,14,325,239,323,272,47_29_9
104,125,38,7198,261,-62,323,22,158,194,8,1742,181,111,11,490,374,426,463,47_123_13
99,122,38,7199,254,-66,320,17,153,188,3,1770,183,114,11,493,382,435,465,47_123_15
117,131,39,7470,282,-52,334,193,72,210,17,1192,121,86,11,341,261,332,269,47_163_6
133,138,40,7453,301,-38,339,49,188,226,34,1506,162,90,14,439,314,366,411,47_139_68
139,138,40,7570,308,-33,341,54,195,234,38,1463,158,89,14,426,304,347,402,47_139_71
134,135,40,7469,299,-37,336,49,189,227,34,1465,156,86,15,421,299,367,397,47_123_20
130,136,40,7403,295,-41,336,46,186,222,31,1502,160,89,14,433,310,373,408,47_123_33
89,116,37,7011,239,-71,310,160,12,176,-5,1469,140,104,10,408,325,404,326,47_171_13
106,126,38,7209,266,-59,325,179,26,196,10,1326,130,94,10,371,290,366,292,47_91_13
123,132,39,7540,289,-47,336,199,77,217,23,1161,120,79,12,334,251,324,267,47_163_12
124,135,40,7368,289,-46,335,40,178,216,26,1560,166,94,14,450,326,384,423,47_123_40
138,136,39,7589,308,-34,342,53,194,234,37,1468,159,90,14,426,305,347,403,47_139_25
137,136,39,7617,306,-36,342,52,193,233,36,1478,160,91,14,429,308,348,405,47_139_29
124,129,38,7489,288,-44,332,40,180,218,25,1594,171,99,13,461,334,376,434,47_139_49
123,132,39,7526,289,-47,336,199,77,217,23,1163,121,77,12,334,250,325,270,47_163_13
112,131,39,7244,272,-56,328,186,70,203,15,1249,126,87,11,353,272,346,285,47_171_7
88,115,37,7013,237,-72,309,158,11,175,-6,1475,141,104,10,410,325,407,326,47_171_10
94,120,38,7078,247,-68,315,165,53,182,-1,1425,139,100,10,393,315,388,328,47_59_8
135,134,39,7551,303,-35,338,50,190,230,35,1510,163,93,14,440,315,356,414,47_139_44
101,122,37,7242,259,-63,322,174,21,191,4,1306,129,93,11,370,285,361,287,47_91_11
101,125,38,7185,257,-64,321,19,155,191,5,1715,177,109,11,477,370,425,450,37_173_90
108,132,40,7022,265,-59,324,28,160,195,14,1728,180,111,11,488,375,422,461,37_75_34
99,124,39,6978,252,-63,315,20,151,186,6,1860,191,124,10,517,411,454,489,37_39_62
121,139,41,7194,283,-51,334,39,129,211,25,1587,167,96,13,458,331,392,433,37_75_33
113,139,41,7099,274,-57,331,33,120,202,18,1466,153,92,11,407,313,373,379,37_173_9
116,141,42,7079,278,-55,333,36,124,204,21,1494,157,94,12,419,319,374,392,37_173_5
118,140,41,7133,279,-55,334,37,125,206,22,1520,159,93,12,429,321,380,404,37_173_41
119,131,41,6919,275,-44,319,41,170,206,27,1971,200,147,8,527,459,483,503,37_99_31
122,146,43,7132,287,-52,339,42,130,211,27,1386,147,85,13,389,290,350,362,37_173_33
124,144,43,6984,285,-48,333,45,131,211,30,1593,169,104,12,456,348,385,429,37_113_22
110,131,40,7147,268,-58,326,29,163,199,14,1676,175,105,12,475,358,412,449,37_75_18
113,132,40,7253,273,-56,329,31,167,203,16,1627,170,100,12,461,343,402,436,37_75_26
117,132,40,7304,278,-52,330,33,171,207,19,1633,173,100,13,469,344,398,441,37_39_23
107,125,39,6920,260,-55,315,105,112,193,14,1750,174,133,8,465,413,452,420,37_175_54
119,132,40,6977,276,-46,322,117,125,207,27,1868,187,141,8,495,442,470,461,37_175_37
119,131,41,6919,275,-44,319,41,170,206,27,1971,200,147,8,527,459,483,503,37_99_31
122,133,36,8276,301,-62,363,206,132,225,11,1233,134,74,15,360,263,343,284,21_165_9
121,134,37,8228,299,-63,362,205,129,223,10,1236,133,76,15,361,268,344,285,21_237_8
104,125,38,7291,263,-62,325,177,23,195,6,1269,126,91,11,361,278,351,280,47_91_14
98,124,38,7080,252,-66,318,96,105,186,3,1463,146,99,10,398,326,390,349,47_29_31
125,135,40,7418,291,-46,337,200,131,218,27,1203,123,70,14,340,246,332,290,47_29_4
129,134,39,7527,296,-42,338,44,185,223,28,1525,164,92,14,440,316,367,416,47_107_18
128,137,40,7403,294,-43,337,44,183,220,29,1544,165,93,14,448,323,377,420,47_123_74
145,130,40,7065,302,-19,321,65,151,233,51,1565,169,107,12,457,339,379,424,13_257_1
105,127,39,7175,263,-61,324,177,62,194,9,1295,128,86,11,359,280,355,301,47_59_25
134,136,41,6954,292,-33,325,55,140,221,41,1745,182,122,10,488,390,423,463,13_241_1
139,130,39,7497,303,-30,333,55,195,233,40,1514,164,96,14,446,313,350,417,13_213_29
127,135,40,7236,289,-42,331,45,180,218,31,1607,173,101,13,471,343,386,438,13_111_1
93,121,38,7095,245,-70,315,11,145,181,-2,1742,176,115,9,471,387,440,443,47_155_22
133,137,40,7473,300,-39,339,48,188,226,33,1491,160,89,14,432,308,366,407,47_123_79
130,137,42,6914,287,-37,324,51,181,216,37,1786,186,124,10,501,401,427,478,13_241_88
132,141,42,7231,296,-39,335,50,139,223,36,1528,165,94,14,450,321,374,417,13_291_94
127,131,37,8019,299,-52,351,208,185,227,19,1266,128,78,12,356,272,333,305,21_235_10
118,139,39,7963,297,-59,356,199,11,218,11,984,101,67,12,281,206,277,206,51_5_5
112,133,38,7875,288,-60,348,193,7,211,7,1017,102,71,11,286,215,281,215,51_45_17
129,132,40,7096,287,-37,324,49,181,218,34,1654,180,107,13,487,357,390,453,13_187_7
108,129,39,7215,268,-59,327,181,66,198,12,1247,125,83,12,349,267,345,288,37_115_42
113,132,40,7253,273,-56,329,31,167,203,16,1627,170,100,12,461,343,402,436,37_75_26
119,132,40,6977,276,-46,322,117,125,207,27,1868,187,141,8,495,442,470,461,37_175_37
113,125,39,7033,267,-51,318,33,165,201,19,1813,192,120,11,520,397,432,487,13_291_95
118,129,39,7343,279,-50,329,34,171,209,20,1653,176,103,13,477,349,397,447,47_139_111
135,131,39,7492,298,-36,334,50,142,228,34,1387,145,80,14,391,281,358,369,47_9_29
124,134,39,7484,290,-46,336,199,78,218,24,1124,121,68,15,323,231,319,261,47_59_83
120,134,40,7334,283,-50,333,37,174,211,22,1575,166,95,13,451,328,390,426,47_123_68
114,137,41,7075,273,-56,329,33,167,201,19,1653,173,104,12,471,355,405,445,37_75_25
90,115,37,6881,237,-67,304,88,97,175,-2,1929,190,144,7,511,456,493,469,37_99_11
93,119,34,8071,264,-82,346,175,-15,194,-15,1090,107,69,14,309,214,303,214,51_139_18
111,127,36,7899,284,-61,345,203,6,211,6,1119,108,77,11,305,236,295,236,51_15_44
84,119,34,7918,252,-89,341,164,-23,182,-23,1132,109,76,11,316,232,309,232,51_165_7
95,115,33,8023,263,-78,341,106,-13,195,-13,1164,112,76,13,323,234,315,234,51_165_72
94,127,36,7926,268,-80,348,175,-12,193,-12,1015,102,65,14,292,200,287,200,51_165_51
111,126,35,8052,287,-64,351,204,4,212,4,1058,105,70,14,303,213,296,213,51_165_67
111,129,37,7902,285,-61,346,192,6,211,6,1101,106,75,11,298,233,289,233,51_15_66
109,131,38,7739,280,-64,344,188,5,206,5,948,102,65,13,278,200,268,200,51_71_20
130,130,37,7874,302,-43,345,211,25,229,25,1054,104,72,10,290,229,281,229,51_9_104
119,135,38,7928,296,-55,351,200,14,219,14,1036,103,71,11,289,218,281,218,51_5_77
120,126,37,7801,290,-49,339,200,16,218,16,1090,106,75,10,298,234,290,234,51_23_94
127,136,38,7908,304,-46,350,208,22,226,22,997,101,67,12,281,209,277,209,51_23_99
121,133,38,7894,298,-51,349,203,17,221,17,992,99,69,12,279,210,275,210,51_45_54
91,127,36,7908,261,-84,345,172,-16,189,-16,1208,122,86,10,337,268,328,268,51_17_147
90,120,36,7600,253,-77,330,167,-12,185,-12,1112,111,77,11,316,235,302,235,51_71_76
85,112,36,7190,236,-75,311,158,-12,174,-12,1357,133,95,10,384,294,368,294,51_173_94
110,131,37,7854,284,-62,346,190,5,208,5,1044,104,73,11,292,221,286,221,51_23_116
126,136,38,7948,304,-47,351,208,21,226,21,974,99,67,12,276,207,273,207,51_45_57
125,142,42,7124,286,-47,333,44,133,214,30,1596,169,99,13,465,336,389,438,37_43_5
130,140,41,7312,295,-42,337,47,137,221,32,1522,162,91,14,443,317,377,414,37_39_6
89,118,38,6984,239,-69,308,87,96,176,-4,1774,177,124,8,476,406,455,437,37_173_10
102,129,40,7037,259,-62,321,22,109,190,8,1654,170,109,10,453,365,417,424,37_173_12
86,111,37,6867,231,-68,299,84,45,172,-5,1964,192,150,7,519,469,505,470,37_175_35
107,128,39,7168,263,-59,322,26,160,196,11,1742,182,111,11,493,375,424,465,37_39_36
114,135,40,7140,276,-54,330,111,120,204,19,1265,130,80,12,348,270,341,306,37_87_69
119,141,42,6966,279,-51,330,40,126,206,26,1671,176,111,11,474,369,402,448,37_113_45
114,129,40,6903,269,-48,317,112,165,200,22,1965,197,150,8,522,467,490,486,37_175_9
112,129,40,6924,267,-50,317,110,118,199,20,1896,190,143,8,504,448,476,468,37_175_49
119,136,41,7121,280,-51,331,116,39,208,24,1360,135,98,9,371,304,357,306,37_111_51
112,129,39,7086,270,-54,324,110,33,200,17,1430,140,103,9,386,319,377,320,37_111_52
114,131,41,6877,268,-49,317,36,165,200,22,1901,196,133,9,527,430,458,502,37_113_54
101,126,39,7062,257,-63,320,98,108,189,7,1450,146,97,10,395,321,385,349,37_87_60
128,138,41,7275,290,-44,334,45,135,218,30,1507,158,89,14,432,309,380,408,37_75_3
101,126,39,7051,256,-64,320,172,60,189,6,1357,132,97,11,377,300,372,305,37_121_23
76,108,35,7022,222,-80,302,74,84,164,-17,1858,182,133,8,498,431,481,448,37_87_74
108,133,40,7030,267,-59,326,105,114,196,14,1446,149,94,10,395,315,376,360,37_87_1
79,110,35,7046,227,-79,306,77,131,166,-15,1867,185,130,8,502,427,476,461,47_155_68
123,128,39,7359,285,-43,328,40,178,216,26,1640,176,103,13,478,345,388,447,13_111_89
117,125,38,7332,276,-49,325,33,170,209,19,1689,180,107,13,488,357,401,457,13_111_92
127,137,42,6924,284,-41,325,48,178,213,34,1757,186,117,12,505,386,413,480,13_241_126
124,135,41,6924,280,-43,323,45,175,210,31,1777,188,119,12,510,392,419,483,13_241_131
134,132,39,7492,300,-35,335,50,189,228,34,1540,166,96,14,450,322,361,422,13_213_75
128,128,38,7465,292,-39,331,44,183,222,29,1590,171,100,14,463,333,371,434,13_213_82
166,130,39,7204,327,0,327,85,171,256,70,1216,133,78,16,369,244,301,335,13_221_93
125,132,41,6901,280,-40,320,47,177,211,33,1827,192,125,11,519,405,432,493,13_241_110
114,129,40,6858,267,-48,315,36,165,199,22,1920,199,134,10,537,431,458,511,13_241_120
128,135,41,6916,285,-38,323,50,180,215,36,1784,188,121,11,508,395,422,483,13_241_129
126,134,41,6974,282,-41,323,46,178,213,33,1710,184,112,12,496,374,405,465,13_311_40
129,132,39,7470,295,-40,335,45,184,223,30,1572,169,98,13,458,330,372,429,13_111_96
118,124,38,7359,277,-47,324,34,172,210,20,1682,180,107,13,486,355,396,455,13_111_98
136,131,39,7470,300,-33,333,52,190,229,36,1540,166,97,14,452,321,360,423,13_213_83
128,134,41,6890,284,-37,321,50,179,214,36,1808,189,124,11,511,402,429,487,13_241_118
127,133,41,6902,283,-38,321,48,178,213,35,1808,190,124,11,513,402,427,488,13_241_128
123,129,40,6873,276,-40,316,45,174,208,31,1844,194,127,11,523,411,438,495,13_137_43
122,137,42,6959,280,-46,326,43,174,209,29,1747,185,115,12,503,383,413,476,13_281_30
128,134,41,7000,285,-38,323,49,181,216,35,1707,184,112,13,496,373,403,465,13_311_39
124,131,40,6980,279,-42,321,45,176,211,31,1740,186,115,12,503,382,411,472,13_311_42
123,136,42,6912,279,-43,322,44,174,208,30,1839,192,128,10,517,413,436,493,13_241_114
114,128,40,6832,266,-48,314,36,164,199,22,1961,201,139,9,542,444,472,517,13_241_116
127,134,41,6977,284,-39,323,48,179,215,34,1721,185,113,12,499,376,406,468,13_311_33
124,136,41,6963,280,-45,325,44,176,210,30,1730,184,113,12,500,378,410,472,13_281_34
104,120,38,6920,254,-56,310,25,155,190,11,1948,202,133,10,547,433,468,516,13_311_37
114,128,40,6915,267,-49,316,35,166,200,22,1857,195,126,11,528,411,441,499,13_281_1
119,126,39,7171,276,-45,321,38,172,209,24,1723,185,112,13,502,371,408,468,13_111_18
132,133,41,6954,288,-34,322,53,183,219,39,1721,184,115,12,497,378,407,468,13_137_49
123,129,39,7321,285,-43,328,40,176,215,26,1645,176,104,13,479,348,390,448,13_111_88
129,126,38,7439,290,-39,329,44,183,222,30,1609,174,102,14,471,336,374,440,13_213_87
120,130,40,6981,276,-45,321,41,171,207,27,1765,188,117,12,509,387,418,478,13_311_43
141,130,38,7618,306,-30,336,55,197,236,40,1468,164,92,15,436,303,330,406,13_313_39
143,131,38,7513,308,-28,336,59,198,237,43,1468,159,93,14,432,305,340,404,13_213_89
132,130,40,7178,291,-34,325,51,185,222,37,1632,179,104,14,485,347,382,451,13_187_54
124,130,40,6974,280,-41,321,45,175,211,31,1734,186,114,12,503,379,410,471,13_311_44
136,133,39,7516,303,-34,337,52,192,230,36,1515,163,95,14,442,318,356,415,13_213_74
114,127,39,7112,269,-51,320,34,167,203,20,1759,187,114,12,507,381,419,474,13_291_120
125,133,40,7118,284,-42,326,45,178,215,31,1650,178,106,13,484,356,392,450,13_291_121
124,131,40,7147,282,-43,325,42,176,213,29,1675,181,108,13,490,361,397,456,13_291_124
128,129,39,7149,286,-37,323,47,180,218,33,1655,180,106,14,489,353,389,455,13_187_49
136,131,40,7178,296,-30,326,55,188,226,41,1610,177,103,15,481,340,374,448,13_187_53
115,133,41,6938,270,-52,322,36,167,201,22,1806,189,120,11,514,397,430,488,13_281_28
123,134,41,6964,279,-45,324,44,175,210,30,1746,186,115,12,503,383,413,474,13_281_36
113,128,40,6929,266,-50,316,34,165,200,21,1843,194,124,11,525,407,438,495,13_311_38
131,131,39,7478,296,-37,333,47,186,225,32,1558,167,97,14,454,327,367,426,13_111_97
126,127,39,7199,284,-38,322,45,180,217,31,1661,180,107,14,489,352,389,455,13_123_78
135,138,42,6992,295,-33,328,56,142,222,42,1708,178,120,10,476,382,417,451,13_241_93
139,135,41,7035,299,-28,327,60,146,228,46,1663,175,114,11,469,366,408,441,13_241_105
147,130,40,7069,305,-17,322,68,153,235,53,1523,165,104,13,448,329,367,414,13_257_28
125,139,41,7060,285,-46,331,45,132,213,31,1640,175,104,13,477,353,394,447,13_281_39
108,125,39,6983,261,-55,316,28,160,195,15,1858,194,124,11,527,409,445,497,13_291_100
123,132,40,7071,280,-44,324,43,175,211,28,1691,182,110,13,492,368,402,458,13_291_109
128,139,42,6925,286,-41,327,49,180,214,35,1730,183,115,12,497,380,407,473,13_241_125
119,129,40,7021,274,-46,320,39,171,206,25,1755,188,115,12,508,382,416,475,13_187_41
121,136,41,6894,278,-46,324,43,173,207,29,1804,189,122,11,514,399,425,490,13_241_122
109,119,37,7250,264,-55,319,26,161,199,12,1781,189,115,12,510,380,422,477,13_123_85
134,137,41,6978,294,-33,327,55,141,222,41,1725,180,120,10,483,385,419,458,13_241_98
147,133,38,7743,316,-26,342,61,204,245,45,1409,159,88,16,421,291,312,394,13_295_115
136,136,41,6985,295,-31,326,56,142,223,43,1721,180,120,10,482,383,420,456,13_241_103
142,131,38,7618,308,-29,337,57,198,238,41,1457,165,90,16,435,298,326,403,13_55_19
135,135,41,7016,294,-32,326,56,142,223,42,1654,180,107,13,484,357,390,453,13_311_34
136,136,41,7015,296,-31,327,57,143,224,43,1713,179,120,10,478,382,419,452,13_241_97
152,133,40,7150,313,-13,326,72,158,242,58,1480,161,101,13,435,316,362,402,13_257_23
152,131,40,7122,312,-12,324,72,158,242,58,1454,159,100,13,431,312,351,396,13_257_27
108,128,40,6873,261,-54,315,30,160,194,16,1924,198,133,10,536,431,463,510,13_241_121
131,135,41,6926,287,-36,323,52,182,217,38,1741,185,116,12,500,383,412,473,13_241_130
109,126,39,6972,262,-54,316,29,160,196,16,1858,195,124,11,528,409,444,497,13_291_99
128,133,41,7060,286,-38,324,48,135,217,35,1666,181,108,13,488,361,394,454,13_187_40
140,132,39,7558,306,-32,338,55,195,234,39,1487,160,94,14,433,312,347,408,13_213_90
125,126,39,7204,283,-39,322,44,178,216,29,1678,182,108,14,493,357,394,459,13_123_77
136,136,41,7026,296,-31,327,57,143,224,43,1717,179,122,10,477,385,422,451,13_241_92
126,135,41,6931,284,-40,324,47,177,213,34,1829,189,131,9,504,417,443,480,13_241_94
149,136,39,7640,317,-25,342,64,205,245,47,1401,161,86,17,423,285,309,392,13_55_56
135,135,41,6975,293,-31,324,56,142,223,42,1683,181,111,13,487,367,398,459,13_137_48
126,138,42,6919,283,-41,324,48,178,212,34,1764,186,118,12,505,389,415,481,13_241_124
118,129,39,7151,276,-48,324,37,170,207,23,1705,182,109,13,495,366,406,462,13_111_72
117,126,39,7110,273,-47,320,37,170,207,23,1734,186,112,13,504,372,411,470,13_111_77
126,128,39,7166,283,-39,322,45,178,216,30,1669,181,107,14,492,355,392,458,13_123_75
150,132,40,7071,310,-14,324,71,157,239,56,1507,163,103,13,442,324,368,409,13_257_24
144,130,40,7046,301,-20,321,65,151,232,51,1580,170,108,12,459,344,382,427,13_257_26
149,137,40,7618,317,-24,341,64,205,245,48,1402,163,84,17,425,283,310,393,13_55_59
124,132,40,7178,283,-43,326,43,177,214,28,1650,177,105,13,482,353,394,449,13_111_70
126,127,39,7183,283,-40,323,44,178,216,30,1666,180,107,14,490,354,391,457,13_123_76
123,127,38,7327,284,-43,327,40,178,215,26,1647,177,104,13,481,346,388,449,13_123_86
130,133,40,7229,291,-38,329,48,183,221,34,1610,174,102,14,475,342,382,442,13_111_83
118,125,39,7157,274,-46,320,37,170,208,23,1731,186,112,13,504,371,409,470,13_111_86
116,123,38,7289,273,-49,322,33,169,206,19,1716,183,110,13,496,364,405,464,13_123_84
146,132,38,7693,313,-27,340,59,202,242,44,1421,160,89,16,424,294,315,397,13_313_41
127,130,39,7222,287,-40,327,45,180,218,31,1641,177,104,14,483,348,387,450,13_111_84
140,130,38,7650,306,-31,337,55,197,236,39,1469,165,91,16,437,303,327,408,13_295_116
144,134,39,7649,311,-29,340,59,200,240,42,1452,165,89,16,435,297,322,405,13_295_120
142,134,41,7025,300,-25,325,62,148,229,48,1634,174,111,11,467,356,400,437,13_241_107
145,134,39,7611,312,-27,339,60,201,240,44,1439,165,87,17,433,291,319,402,13_55_60
113,126,39,7025,267,-51,318,33,165,201,20,1796,190,118,12,516,391,428,484,13_291_113
125,130,40,7102,282,-41,323,44,177,214,30,1690,183,110,13,494,367,399,460,13_187_43
133,133,40,7093,293,-32,325,53,185,223,39,1629,179,104,14,483,349,382,449,13_187_44
120,129,40,7020,276,-45,321,41,172,208,27,1727,185,113,12,501,376,410,468,13_187_47
129,136,40,7267,293,-40,333,47,183,221,33,1585,171,99,14,467,337,381,434,13_111_71
136,132,40,7143,296,-29,325,55,188,226,41,1618,178,103,15,483,344,377,450,13_187_50
124,131,40,7206,284,-43,327,42,177,214,28,1649,177,105,13,482,352,393,449,13_111_81
143,132,39,7565,309,-29,338,59,199,238,43,1449,165,89,16,434,295,323,401,13_115_85
112,121,37,7204,267,-52,319,30,164,202,16,1772,188,115,12,510,380,420,477,13_123_82
117,122,37,7397,276,-49,325,33,171,209,18,1693,181,108,13,489,358,397,458,13_213_81
135,129,38,7452,298,-34,332,51,190,228,36,1547,167,98,14,455,322,359,426,13_213_88
143,131,38,7624,309,-29,338,58,199,239,42,1449,163,90,16,431,298,325,401,13_313_40
118,135,41,6961,274,-50,324,38,169,204,24,1774,187,117,12,509,389,421,482,13_281_29
145,132,39,7585,310,-28,338,60,201,240,44,1436,164,88,16,431,292,321,397,13_129_65
130,131,40,6999,287,-35,322,51,182,218,37,1685,183,110,13,493,367,396,460,13_311_47
130,137,42,6914,287,-37,324,51,181,216,37,1786,186,124,10,501,401,427,478,13_241_88
123,124,35,8198,295,-57,352,207,183,225,13,1259,128,76,13,359,274,337,295,21_109_37
132,136,40,7440,301,-38,339,208,48,226,34,1287,124,93,9,351,283,346,289,37_23_27
80,108,36,6916,224,-75,299,151,-12,167,-12,1667,157,117,9,455,367,452,367,37_199_37
113,136,40,7201,276,-56,332,111,120,204,17,1376,142,83,12,379,289,360,348,47_155_39
121,126,38,7333,280,-45,325,37,175,212,23,1668,178,106,13,484,352,393,453,13_123_90
129,136,41,6962,287,-37,324,50,137,216,36,1791,186,127,10,497,405,433,473,13_241_95
126,136,42,6894,284,-39,323,48,178,212,35,1817,189,128,10,507,410,435,483,13_241_99
99,124,38,7070,254,-65,319,170,21,187,4,1368,133,98,11,381,302,377,305,47_171_30
118,134,41,7042,275,-50,325,37,170,205,23,1720,183,111,12,497,374,412,466,13_291_103
145,134,39,7647,312,-28,340,59,201,241,43,1438,164,87,17,432,292,319,402,13_55_57
123,129,40,7109,280,-42,322,43,176,212,28,1688,182,109,13,494,364,399,460,13_291_125
124,134,41,6938,280,-42,322,45,175,210,31,1782,189,119,12,512,392,420,484,13_137_46
132,129,39,7167,291,-33,324,51,184,222,37,1632,179,105,14,485,346,381,451,13_187_56
93,121,38,7095,245,-70,315,11,145,181,-2,1742,176,115,9,471,387,440,443,47_155_22
118,131,41,6931,272,-47,319,39,170,204,25,1812,191,121,11,518,399,430,490,13_281_35
125,129,40,7123,282,-40,322,45,178,214,30,1679,182,108,13,494,360,395,460,13_187_48
136,130,40,7189,295,-29,324,55,189,227,41,1608,178,103,15,482,340,373,448,13_187_55
132,132,39,7466,298,-37,335,48,187,226,33,1553,167,97,14,454,326,366,426,13_111_95
107,118,36,7282,263,-56,319,24,160,198,10,1783,189,115,12,509,380,422,477,13_111_100
134,136,41,6934,292,-32,324,56,141,221,42,1732,183,117,11,493,382,413,467,13_241_109
126,139,42,6984,285,-43,328,47,178,214,33,1708,182,111,12,494,372,404,467,13_281_32
124,130,39,7256,284,-43,327,41,177,214,27,1652,177,104,13,482,350,393,450,13_123_80
131,128,38,7427,292,-38,330,46,185,223,32,1591,171,101,14,466,332,371,436,13_123_92
122,129,40,7068,279,-42,321,42,174,211,28,1699,183,110,13,496,367,403,462,13_291_110
119,129,40,7068,275,-47,322,38,172,207,25,1722,184,112,12,500,373,409,467,13_291_117
125,134,40,7130,285,-43,328,45,132,215,31,1631,176,104,13,477,352,390,443,13_291_119
110,121,37,7203,266,-53,319,29,163,201,15,1785,189,116,12,512,384,425,479,13_123_81
126,128,39,7254,285,-41,326,43,179,216,29,1646,177,105,13,483,348,388,451,13_123_89
120,136,41,6959,277,-48,325,41,172,207,27,1760,186,116,12,505,386,416,479,13_281_27
135,130,39,7461,299,-33,332,51,190,229,36,1548,166,98,14,454,323,360,426,13_213_80
106,121,36,7760,273,-61,334,186,3,203,3,1172,111,82,10,315,251,306,251,51_23_30
114,136,41,7194,275,-56,331,33,122,204,18,1476,153,89,12,410,310,377,385,47_155_33
98,123,38,7116,254,-65,319,170,20,187,3,1360,135,96,11,383,296,380,299,47_19_44
87,110,32,8006,251,-84,335,98,-21,187,-21,1223,119,80,13,345,247,326,247,51_79_12
94,127,36,7897,268,-80,348,174,-12,192,-12,1052,104,70,12,295,215,288,215,51_91_60
117,134,41,6894,273,-48,321,39,169,203,25,1828,192,124,11,520,405,432,494,13_241_123
141,131,38,7563,306,-30,336,56,197,236,41,1464,166,90,16,438,298,328,405,13_129_66
142,131,40,7032,300,-22,322,63,148,230,49,1611,173,110,12,465,351,391,433,13_257_25
149,131,40,7071,307,-15,322,70,155,238,55,1494,163,102,13,442,322,358,408,13_257_29
147,129,40,7076,305,-17,322,68,153,236,53,1507,164,104,13,444,326,362,409,13_257_30
149,136,40,7569,317,-22,339,65,205,245,49,1403,164,83,18,427,281,313,393,13_55_62
137,136,41,7012,296,-30,326,58,143,225,44,1703,179,118,11,478,377,416,451,13_241_104
123,125,38,7397,283,-44,327,39,177,215,24,1647,177,104,13,479,345,385,448,13_213_84
120,130,40,7113,277,-46,323,40,173,209,25,1700,182,110,13,494,368,405,461,13_291_122
114,123,38,7084,269,-48,317,34,167,203,20,1774,189,116,12,513,383,421,479,13_291_126
131,136,41,6960,289,-36,325,52,183,218,39,1708,183,112,12,494,373,403,466,13_311_35
118,126,39,7071,273,-46,319,37,170,206,24,1755,188,115,12,509,381,415,475,13_187_46
116,132,40,7074,273,-51,324,35,168,204,21,1731,183,112,12,498,376,416,467,13_291_111
124,135,41,7105,283,-44,327,44,131,213,30,1652,178,106,13,482,358,395,448,13_291_112
116,127,39,7064,270,-49,319,35,168,204,22,1768,188,116,12,510,385,420,477,13_291_116
113,126,39,7056,268,-51,319,33,165,201,19,1784,189,117,12,513,388,425,481,13_291_118
136,131,40,7144,296,-29,325,56,189,226,42,1615,178,103,15,483,342,376,450,13_187_52
137,135,41,6965,296,-30,326,58,144,224,44,1699,179,116,11,481,375,411,454,13_241_117
141,134,39,7583,309,-31,340,56,196,236,40,1472,159,92,14,429,308,344,404,13_213_78
122,132,41,6885,278,-42,320,44,172,208,30,1916,196,140,9,521,442,466,497,13_241_90
138,136,41,7011,298,-29,327,59,145,226,45,1689,176,120,10,470,377,417,444,13_241_91
136,136,41,7013,295,-31,326,57,143,224,43,1713,179,121,10,477,383,420,451,13_241_102
114,131,41,6858,268,-49,317,36,166,199,22,1895,197,131,10,532,424,452,506,13_241_119
148,135,39,7587,315,-23,338,64,204,244,48,1407,164,84,17,426,283,313,391,13_115_86
142,131,38,7616,307,-30,337,56,198,237,41,1466,165,91,16,437,301,327,406,13_295_118
116,133,41,6894,271,-49,320,37,167,202,24,1854,193,127,10,522,414,441,497,13_241_112
129,134,41,6942,286,-37,323,51,180,216,36,1756,187,118,12,505,387,415,477,13_137_45
114,131,40,6983,270,-51,321,35,166,201,21,1783,188,117,12,511,390,426,482,13_281_41
109,124,39,6980,262,-53,315,30,160,196,16,1871,196,126,11,531,413,447,500,13_291_106
107,125,39,6937,259,-55,314,28,159,194,15,1876,196,126,11,531,414,449,501,13_281_38
142,132,39,7566,308,-30,338,57,197,236,41,1472,159,93,14,430,309,342,404,13_213_92
137,130,38,7508,302,-33,335,52,191,231,37,1522,164,96,14,445,318,354,418,13_213_86
126,131,40,7188,286,-40,326,45,179,217,31,1653,179,106,13,486,354,391,452,13_111_76
111,120,38,7127,264,-51,315,30,163,200,16,1815,193,119,12,522,392,431,487,13_111_80
118,129,39,7172,276,-48,324,37,171,208,23,1713,183,110,13,497,369,409,464,13_111_69
125,131,40,7182,285,-41,326,44,178,215,30,1653,178,105,13,485,353,393,452,13_111_74
121,127,39,7185,278,-44,322,40,174,211,25,1706,183,110,13,497,366,403,464,13_111_79
111,126,39,6965,264,-53,317,32,163,198,18,1854,195,124,11,528,409,442,497,13_281_43
123,132,40,7016,280,-43,323,43,175,211,30,1695,182,110,12,493,369,402,460,13_291_108
120,124,38,7366,279,-46,325,36,173,212,22,1672,179,106,13,485,352,392,454,13_213_79
116,124,38,7348,275,-50,325,33,170,208,18,1693,180,107,13,488,358,401,458,13_111_94
119,125,38,7340,278,-47,325,35,172,211,21,1677,179,106,13,485,355,397,454,13_111_99
131,130,39,7424,294,-37,331,47,185,224,32,1587,171,100,14,465,331,372,435,13_123_91
143,129,40,7013,298,-21,319,64,149,230,49,1559,169,106,13,458,339,372,424,13_137_42
115,130,41,6839,269,-46,315,38,166,201,24,1935,199,137,9,536,438,464,512,13_241_113
134,137,41,6943,293,-34,327,55,140,220,41,1738,182,119,11,489,386,418,465,13_241_115
110,129,40,6898,263,-54,317,31,162,196,18,1878,195,127,10,529,417,450,502,13_281_25
138,133,41,6980,295,-27,322,59,144,225,45,1679,179,114,12,481,369,403,452,13_137_47
110,128,40,6914,263,-53,316,31,162,196,18,1894,197,129,10,534,421,453,506,13_281_31
110,125,39,6916,262,-52,314,31,161,196,17,1909,199,130,10,539,424,456,509,13_137_50
119,130,40,6929,273,-46,319,40,170,205,26,1807,191,121,11,517,398,428,488,13_311_36
128,141,42,7149,290,-44,334,47,136,217,33,1575,169,98,13,460,334,383,429,13_281_44
148,134,39,7559,314,-24,338,64,204,242,47,1401,163,85,17,424,281,312,388,13_129_67
145,134,39,7551,310,-26,336,61,201,240,45,1447,167,85,17,437,289,324,403,13_55_63
124,131,40,7096,282,-42,324,43,176,213,30,1675,181,108,13,490,362,397,456,13_291_123
119,127,39,7208,277,-46,323,37,172,209,23,1693,181,108,13,492,361,402,459,13_123_79
119,125,38,7223,276,-45,321,37,173,209,23,1708,183,110,13,497,364,403,464,13_123_88
115,125,38,7333,274,-50,324,32,170,207,18,1697,181,107,13,489,359,403,458,13_111_91
117,123,37,7344,275,-49,324,34,171,209,19,1696,181,108,13,490,358,400,459,13_111_102
104,121,39,6832,254,-53,307,26,155,189,13,2048,207,147,8,557,469,502,530,13_241_101
115,130,40,6942,269,-49,318,36,166,202,22,1834,193,123,11,522,405,436,494,13_281_33
118,134,41,7092,276,-50,326,38,172,207,24,1697,181,109,12,491,368,407,459,13_291_105
117,122,37,7363,275,-49,324,33,170,209,18,1695,181,108,13,489,358,399,458,13_111_103
141,132,39,7594,307,-30,337,56,197,237,40,1474,168,89,17,442,298,329,409,13_55_21
143,131,38,7624,309,-29,338,58,199,239,42,1449,163,90,16,431,298,325,401,13_313_9
125,127,39,7227,284,-41,325,43,178,216,29,1669,180,107,13,490,355,393,457,13_123_74
120,124,38,7178,276,-44,320,38,173,210,25,1721,185,112,13,502,369,405,468,13_85_46
120,126,38,7288,279,-46,325,37,173,211,23,1681,180,107,13,488,356,398,456,13_123_83
126,136,41,7050,285,-43,328,46,133,214,32,1655,178,107,13,482,359,395,450,13_291_102
147,133,40,7093,307,-19,326,67,153,236,53,1550,167,105,12,452,334,377,420,13_137_38
110,134,38,7876,286,-63,349,191,5,209,5,1040,105,73,11,292,221,286,221,51_5_88
118,136,38,7845,294,-57,351,198,31,217,13,923,101,62,14,272,194,266,194,51_71_80
93,120,36,7586,255,-74,329,170,-9,187,-9,1080,110,76,11,311,232,295,232,51_71_82
105,129,38,7656,274,-65,339,183,3,201,3,978,102,67,13,285,207,272,207,51_71_84
109,136,39,7572,279,-64,343,186,25,203,7,1040,105,69,12,300,219,285,219,51_197_85
97,127,36,7918,271,-77,348,177,-9,196,-9,1040,103,68,13,293,210,287,210,51_15_42
120,134,38,7848,296,-52,348,200,15,219,15,970,97,68,12,274,205,268,205,51_45_23
113,135,38,7740,287,-60,347,192,27,210,10,940,100,63,13,276,197,266,198,51_71_36
115,132,36,8202,296,-65,361,210,6,218,6,985,99,63,15,287,194,284,194,51_139_9
107,119,36,7569,266,-61,327,184,115,201,5,1244,128,82,12,355,272,343,290,51_169_64
105,134,38,7876,279,-70,349,185,-1,203,-1,1024,105,73,11,291,220,286,220,51_5_50
110,125,36,7835,281,-59,340,191,6,209,6,1140,109,79,10,306,245,295,245,51_9_38
117,125,36,7804,288,-51,339,198,14,216,14,1101,106,76,10,299,236,292,236,51_23_26
112,123,36,7787,281,-55,336,192,9,211,9,1135,108,79,10,306,244,298,244,51_23_28
107,133,37,7914,284,-68,352,187,1,206,1,996,101,65,13,283,200,278,200,51_15_39
117,127,37,7841,288,-53,341,198,13,216,13,1105,107,76,10,299,238,289,238,51_9_4
122,129,37,7769,292,-48,340,201,129,220,18,1185,120,71,13,331,246,318,298,51_105_37
120,131,37,7908,295,-53,348,201,15,220,15,1090,107,75,12,299,231,290,231,51_125_12
98,128,36,7904,272,-77,349,178,-8,197,-8,1047,103,69,12,292,213,286,213,51_15_17
95,125,37,7648,261,-75,336,173,-8,190,-8,1058,107,73,12,302,223,291,223,51_71_35
122,136,38,7941,300,-53,353,203,16,222,16,1000,101,68,12,282,210,277,210,51_23_7
90,126,36,7899,260,-85,345,170,-17,187,-17,1216,122,87,9,337,270,329,270,51_17_67
107,119,36,7569,266,-61,327,184,115,201,5,1244,128,82,12,355,272,343,290,51_169_64
99,124,37,7430,261,-67,328,174,55,191,-1,1128,115,81,12,328,246,314,254,51_21_26
126,132,40,6999,282,-40,322,46,177,213,32,1703,184,111,13,496,371,403,463,13_311_46
123,126,38,7428,284,-44,328,39,177,216,24,1641,176,104,13,476,345,385,446,13_213_37
135,137,41,6976,294,-33,327,56,142,222,42,1716,180,119,10,482,382,416,456,13_241_30
146,131,40,7051,305,-18,323,67,152,234,53,1563,168,107,12,454,338,381,422,13_257_16
135,132,39,7532,301,-34,335,51,191,230,35,1525,164,96,14,445,320,356,418,13_213_77
132,129,39,7188,291,-33,324,51,185,222,37,1631,179,104,14,485,345,381,451,13_187_2
117,130,40,6940,271,-48,319,38,168,203,24,1804,191,120,11,517,397,428,487,13_281_3
108,127,40,6936,261,-55,316,29,159,194,15,1884,196,127,10,531,417,452,503,13_281_10
124,130,40,6969,279,-40,319,45,175,211,31,1737,187,115,12,505,380,410,472,13_311_14
132,136,41,6927,289,-35,324,53,183,218,39,1757,185,119,11,500,389,417,475,13_241_32
123,138,41,7110,283,-47,330,43,130,212,28,1627,174,103,13,473,349,394,441,13_291_8
124,131,40,7172,283,-42,325,42,176,214,28,1662,179,106,13,486,356,395,452,13_111_26
79,110,36,6987,225,-78,303,76,86,166,-15,1848,182,132,8,496,428,476,448,37_87_65
100,127,39,7015,255,-63,318,97,107,187,6,1623,165,109,9,439,362,416,406,37_173_89
104,132,36,8257,286,-78,364,188,-6,208,-6,946,96,58,16,279,180,275,180,51_171_14
92,128,36,7919,264,-84,348,172,-15,189,-15,1159,117,81,10,324,252,316,252,51_91_18
94,114,33,8009,261,-78,339,106,-13,194,-13,1172,112,76,13,325,236,318,236,51_79_3
93,120,36,7586,255,-74,329,170,-9,187,-9,1080,110,76,11,311,232,295,232,51_71_22
106,130,36,8217,285,-75,360,190,-4,209,-4,998,99,63,15,289,194,286,194,51_139_37
110,127,37,7852,282,-61,343,191,6,209,6,1130,108,78,10,303,243,292,243,51_163_38
104,123,36,7810,274,-66,340,112,0,202,0,1179,114,82,10,317,254,301,254,51_163_60
96,117,35,7749,261,-70,331,104,-7,193,-7,1240,118,87,10,331,267,318,267,51_163_1
108,125,35,8162,283,-72,355,191,-2,209,-2,1073,105,69,14,304,214,300,214,51_113_16
84,108,32,7975,246,-86,332,96,-23,183,-23,1231,120,80,13,349,248,327,248,51_113_18
105,131,38,7701,276,-66,342,184,2,201,2,984,101,67,13,284,204,274,204,51_45_14
115,134,38,7872,291,-59,350,195,10,214,10,975,99,68,12,277,206,272,206,51_45_25
110,132,41,6954,265,-56,321,31,161,196,17,1804,188,119,11,510,397,435,483,37_43_6
114,140,42,7066,276,-55,331,34,122,202,20,1452,152,91,11,404,309,369,376,37_173_79
113,130,40,7018,270,-52,322,110,70,201,20,1530,153,117,9,408,357,404,358,37_89_39
110,128,40,6862,264,-51,315,108,116,196,19,1939,194,145,7,515,457,485,482,37_99_44
121,132,39,7271,284,-47,331,118,39,212,24,1357,131,98,9,367,300,362,303,37_23_34
111,134,41,7044,268,-56,324,31,164,199,17,1736,182,112,11,494,377,420,467,37_39_60
132,136,40,7369,299,-38,337,129,49,225,34,1310,128,96,9,355,292,349,298,37_111_57
107,132,40,6992,263,-59,322,27,159,194,13,1747,181,114,11,489,383,428,463,37_173_32
108,134,41,7047,266,-60,326,27,115,195,13,1539,159,98,11,424,333,391,396,37_173_9
132,136,41,6995,292,-34,326,53,138,220,40,1780,182,132,9,480,408,443,458,37_175_6
108,130,41,6902,263,-54,317,29,114,194,16,1746,177,123,8,468,399,441,439,37_99_38
116,128,40,6861,269,-45,314,114,167,202,25,2030,205,153,8,539,476,499,513,37_99_40
113,130,39,7234,273,-54,327,31,167,203,16,1671,176,104,12,478,354,407,450,37_39_33
112,134,41,7002,269,-57,326,109,33,199,18,1407,140,102,9,383,317,366,318,37_111_4
124,133,39,7365,290,-45,335,199,41,217,26,1331,128,95,9,362,292,357,295,37_27_15
98,124,39,7071,252,-65,317,169,57,186,4,1379,134,99,10,381,306,377,311,37_199_31
91,120,38,7037,243,-70,313,11,143,179,-3,1824,185,122,9,496,406,456,467,37_173_18
97,121,38,7139,251,-66,317,15,150,186,2,1814,187,118,10,504,394,445,476,37_75_13
110,132,40,7103,267,-58,325,29,162,198,14,1716,180,109,12,488,369,418,460,37_75_15
108,131,40,7127,265,-60,325,27,161,196,12,1685,175,106,11,474,362,416,448,37_75_36
120,141,42,7096,281,-52,333,39,128,208,25,1563,164,96,12,447,330,386,422,37_75_21
125,143,42,7140,287,-49,336,44,132,213,29,1511,159,92,13,432,317,376,407,37_75_9
113,133,40,7154,272,-56,328,31,166,202,17,1674,175,105,12,477,358,410,451,37_75_14
113,130,41,6854,266,-50,316,35,163,198,21,1912,198,133,10,534,430,458,508,13_241_111
122,130,40,6906,276,-42,318,43,173,208,30,1837,193,126,11,523,408,435,495,13_137_44
115,127,40,6975,268,-48,316,36,167,202,22,1813,192,121,11,520,398,431,488,13_291_107
122,128,39,7119,279,-43,322,41,175,211,27,1697,183,110,13,496,365,401,462,13_111_75
145,133,39,7628,312,-28,340,60,201,241,44,1432,162,89,16,428,293,319,398,13_295_117
130,133,40,7202,291,-38,329,48,183,220,34,1615,175,102,14,477,344,383,444,13_111_73
120,126,39,7125,276,-44,320,39,172,210,25,1712,184,111,13,500,367,404,466,13_111_78
121,124,38,7167,277,-43,320,39,174,211,26,1718,185,112,13,502,367,404,468,13_85_45
133,131,39,7497,298,-36,334,48,188,227,33,1551,167,97,14,453,325,363,425,13_213_76
127,134,41,6923,284,-38,322,49,134,214,35,1846,190,134,9,506,422,450,482,13_241_89
139,132,39,7554,305,-31,336,54,194,234,39,1501,162,95,14,439,315,350,412,13_213_91
136,127,38,7605,300,-34,334,51,192,232,35,1512,168,95,15,446,312,341,416,13_295_114
147,135,39,7588,314,-25,339,62,203,242,46,1413,164,85,17,428,285,313,394,13_55_55
139,130,38,7580,304,-31,335,55,195,235,39,1482,167,91,16,442,303,332,410,13_115_87
120,133,41,6987,277,-46,323,41,172,208,27,1748,186,115,12,504,383,415,474,13_281_37
125,137,41,7016,283,-45,328,45,177,212,31,1681,179,109,12,487,366,400,458,13_281_40
113,127,39,6959,267,-51,318,34,164,200,20,1830,193,122,11,523,402,436,492,13_291_101
122,132,40,7006,278,-44,322,43,175,210,29,1736,186,114,12,502,380,412,470,13_311_41
122,129,40,6996,276,-43,319,42,174,209,28,1749,187,116,12,506,383,413,474,13_311_45
148,135,40,7557,314,-23,337,63,203,243,48,1413,166,84,18,429,284,317,391,13_115_88
131,132,40,7048,289,-35,324,51,183,220,37,1668,182,108,13,490,361,393,456,13_187_42
127,133,40,7167,287,-40,327,46,179,217,31,1633,177,104,13,480,350,388,446,13_111_68
126,128,39,7156,283,-39,322,45,178,215,30,1673,181,108,13,492,358,393,458,13_187_57
140,132,39,7531,305,-30,335,55,195,234,40,1497,161,95,14,438,313,348,411,13_213_85
116,127,39,7054,271,-49,320,35,168,204,22,1771,189,116,12,511,385,421,478,13_291_115
123,128,39,7107,279,-42,321,42,175,212,28,1713,185,112,13,500,371,404,466,13_187_45
123,134,41,6910,278,-42,320,44,174,209,30,1867,194,132,10,520,422,446,496,13_241_100
140,135,41,7013,299,-26,325,61,147,228,47,1650,175,112,11,469,361,403,440,13_241_106
138,135,41,6981,296,-28,324,59,144,225,45,1693,179,115,11,481,372,410,453,13_241_108
142,131,40,6993,300,-23,323,63,149,229,49,1619,173,110,12,467,353,392,436,13_137_39
142,131,40,7038,299,-22,321,63,148,231,49,1601,172,109,12,465,348,385,434,13_137_40
145,129,40,7045,302,-19,321,66,152,233,51,1536,167,105,13,452,333,367,418,13_137_41
112,131,41,6906,266,-52,318,33,164,198,20,1865,194,126,10,526,414,445,500,13_281_24
123,136,42,6922,279,-44,323,44,175,209,31,1773,188,118,12,509,390,418,483,13_241_127
116,134,41,6907,272,-49,321,38,168,203,24,1819,191,122,11,518,402,431,492,13_281_26
114,130,40,6924,268,-50,318,35,166,200,22,1854,194,125,11,527,410,440,499,13_241_132
114,131,40,7055,271,-52,323,34,167,202,20,1751,185,114,12,503,381,419,473,13_281_42
120,127,38,7357,281,-47,328,36,174,212,22,1661,177,105,13,480,351,394,450,13_111_93
125,128,39,7379,286,-42,328,41,179,217,27,1628,175,103,13,475,343,383,444,13_111_101
142,132,39,7632,308,-30,338,56,198,238,41,1457,165,90,16,435,299,323,406,13_295_119
141,131,38,7607,306,-31,337,56,196,236,40,1475,167,90,16,441,300,329,410,13_55_58
149,137,40,7599,317,-24,341,64,204,244,48,1405,163,84,17,427,283,311,395,13_55_61
119,126,39,7049,274,-44,318,39,171,207,25,1745,187,114,12,507,378,413,473,13_187_51
121,128,38,7357,283,-46,329,37,175,213,23,1647,176,103,13,477,348,392,447,13_111_87
120,131,41,6918,274,-45,319,41,171,206,27,1812,191,122,11,518,400,429,490,13_137_51
121,135,41,7061,279,-48,327,40,173,209,27,1681,179,108,12,487,365,402,456,13_291_104
127,137,42,6911,286,-39,325,49,179,214,35,1786,186,125,10,499,403,429,475,13_241_96
127,134,40,7236,290,-40,330,46,181,218,31,1614,174,101,14,475,343,385,442,13_111_82
112,126,39,7037,267,-52,319,32,164,200,18,1796,190,118,12,516,391,428,484,13_291_114
117,125,38,7193,274,-47,321,36,170,207,22,1723,184,111,13,500,369,409,467,13_111_85
129,130,39,7381,291,-39,330,45,183,221,30,1603,172,101,14,470,336,377,440,13_123_87
120,126,38,7352,280,-47,327,36,174,212,22,1667,178,105,13,483,352,394,452,13_111_90
107,134,37,8090,288,-71,359,190,-1,209,-1,926,96,57,17,274,176,273,176,51_165_165
112,129,37,7873,285,-60,345,192,7,211,7,1108,107,76,11,300,236,289,236,51_163_114
113,133,38,7913,289,-61,350,194,8,212,8,1063,105,73,11,294,224,285,224,51_17_19
97,128,36,7889,271,-76,347,178,-8,196,-8,1098,108,76,11,303,232,294,232,51_17_35
105,132,37,7921,281,-69,350,186,-1,205,-1,1065,106,73,11,297,223,288,223,51_17_108
135,134,41,6960,292,-31,323,57,142,222,42,1694,182,113,12,490,371,401,461,13_137_13
116,130,41,6868,270,-47,317,38,167,201,24,1920,198,135,10,534,433,460,509,13_241_5
97,126,35,8020,273,-78,351,179,-10,198,-10,1014,101,65,14,291,198,288,198,51_165_79
98,129,36,7971,274,-77,351,180,-8,198,-8,983,100,62,15,285,191,282,191,51_165_42
108,133,38,7650,279,-64,343,185,23,204,5,984,101,66,13,287,207,273,207,51_155_39
100,121,35,7858,269,-70,339,110,-5,199,-5,1197,117,82,11,328,254,307,254,51_15_162
109,136,39,7542,279,-63,342,186,25,203,8,1053,107,70,13,305,221,288,221,51_77_82
81,116,34,7892,248,-90,338,162,-25,179,-25,1168,111,78,11,324,240,316,240,51_165_170
111,134,36,8273,293,-74,367,195,0,214,0,976,98,62,15,285,190,281,190,51_187_50
105,133,37,8088,286,-72,358,188,-3,207,-3,931,96,57,17,276,176,274,176,51_165_76
121,140,42,7013,280,-50,330,41,129,208,27,1677,177,107,12,484,362,402,459,37_43_25
121,139,41,7174,283,-50,333,40,129,211,25,1600,169,98,13,463,337,393,436,37_39_26
106,128,40,7032,261,-59,320,26,159,194,12,1794,187,117,11,507,391,435,479,37_39_39
104,124,38,7194,260,-62,322,22,158,194,8,1761,184,112,11,497,378,429,468,37_39_37
96,122,38,7031,248,-66,314,15,148,183,2,1848,189,123,10,509,409,456,481,37_75_16
93,118,38,6951,243,-66,309,14,145,180,0,1957,199,135,9,536,440,481,506,37_113_13
107,129,39,7125,264,-60,324,178,65,196,12,1295,127,93,11,360,285,355,294,37_121_9
94,122,38,7037,247,-68,315,13,101,181,0,1732,175,116,9,467,388,439,438,37_173_46
117,131,40,6992,274,-48,322,114,123,204,24,1688,168,128,8,447,398,436,407,37_175_58
124,138,41,7217,286,-48,334,42,132,214,27,1498,156,89,13,425,309,379,402,37_173_52
111,128,40,6950,266,-52,318,109,117,198,19,1716,171,131,8,455,406,443,412,37_175_32
122,134,40,7071,281,-46,327,211,128,211,28,1508,150,113,9,399,354,399,357,37_175_51
114,139,42,7070,274,-56,330,33,122,201,19,1549,162,97,12,435,331,387,408,37_173_17
95,123,38,7050,248,-68,316,14,147,183,0,1754,179,116,10,479,389,439,450,37_173_21
112,135,40,7150,272,-58,330,31,166,201,16,1594,166,99,12,448,340,397,423,37_173_22
115,136,41,7160,275,-56,331,33,169,203,19,1574,164,96,12,445,333,392,420,37_173_34
101,126,39,7131,257,-64,321,20,154,190,6,1702,175,108,11,471,368,424,445,37_173_47
117,135,40,7235,278,-53,331,35,171,207,21,1563,163,94,13,443,328,391,419,37_173_3
112,132,40,7215,270,-57,327,29,165,201,15,1621,169,100,12,457,343,403,432,37_173_23
120,134,41,6973,278,-46,324,118,126,208,28,1660,166,125,8,439,388,429,404,37_175_18
85,119,35,7864,252,-87,339,164,-21,182,-21,1152,110,78,11,317,240,309,240,51_15_133
107,127,37,7769,278,-62,340,187,3,204,3,1080,105,75,11,298,227,291,227,51_23_87
117,134,38,7793,292,-54,346,196,13,215,13,968,97,67,12,275,203,268,203,51_121_80
111,133,36,8350,294,-73,367,196,-1,216,-1,960,96,61,15,282,186,278,186,51_171_3
97,128,36,7924,271,-78,349,178,-9,196,-9,1025,102,67,13,290,205,284,205,51_15_97
99,119,35,7912,268,-72,340,157,-7,198,-7,1171,112,79,12,321,242,311,242,51_15_16
105,133,38,7907,281,-69,350,186,-1,204,-1,1070,107,74,11,299,226,290,226,51_17_3
128,130,38,7845,300,-42,342,208,24,227,24,1050,104,71,11,291,225,286,225,51_23_34
121,134,38,7881,298,-51,349,202,16,220,16,1002,100,69,11,281,212,277,212,51_23_9
82,117,34,7903,250,-89,339,163,-24,180,-24,1146,110,77,11,320,235,312,235,51_165_73
98,120,35,7844,267,-71,338,107,-6,197,-6,1219,120,84,11,335,261,310,261,51_15_9
105,134,38,7938,281,-70,351,186,-1,204,-1,1079,109,75,11,302,230,295,230,51_17_28
100,131,37,7906,274,-74,348,181,-6,199,-6,1110,112,78,10,310,239,302,239,51_17_4
101,119,35,7735,267,-66,333,180,-2,198,-2,1203,113,84,10,321,257,312,257,51_19_82
106,133,39,7605,276,-65,341,184,4,201,4,1008,102,67,13,292,211,277,211,51_197_33
117,135,41,6884,274,-48,322,39,168,203,25,1838,191,128,10,512,415,442,487,37_113_35
107,125,39,6920,260,-55,315,105,112,193,14,1750,174,133,8,465,413,452,420,37_175_33
94,122,38,7004,247,-67,314,91,102,181,1,1623,163,111,9,439,365,421,398,37_87_87
116,141,42,7079,278,-55,333,36,124,204,21,1494,157,94,12,419,319,374,392,37_173_5
95,117,38,6880,243,-62,305,92,101,180,3,1935,191,146,7,512,459,494,470,37_175_30
109,128,40,7004,264,-55,319,107,66,197,16,1523,152,115,9,407,352,403,356,37_21_64
126,140,41,7237,289,-47,336,44,134,216,29,1530,161,91,14,441,314,383,417,37_75_1
104,128,39,7084,260,-62,322,23,157,192,9,1736,180,112,11,486,377,427,459,37_75_19
111,133,41,7008,268,-56,324,31,164,198,17,1750,184,113,12,500,380,422,472,37_43_11
125,132,39,7345,289,-44,333,200,42,217,27,1339,129,96,9,363,294,358,298,37_27_14
