"","X","plot_ID","lat","lon"
"1",0,"37_39_63",35.1341427687539,-84.1668703309869
"2",1,"37_39_63",35.1301947740055,-84.1720067246875
"3",2,"37_39_63",35.1393452488729,-84.1801942035993
"4",3,"37_39_63",35.1376603942112,-84.1801791144944
"5",4,"37_39_63",35.1434233343687,-84.1908297622055
"6",5,"37_39_63",35.1495573687002,-84.1827192258659
"7",6,"37_39_63",35.1330170993008,-84.1910291753179
"8",7,"37_39_63",35.1338229402112,-84.1898579662303
"9",8,"37_39_63",35.1425484702881,-84.1905665991616
"10",9,"37_39_63",35.1385408332151,-84.1805045289876
"11",10,"37_43_9",35.0542469995714,-83.6422439125898
"12",11,"37_43_9",35.0592337100992,-83.6538399302952
"13",12,"37_43_9",35.0522222573615,-83.6510982896699
"14",13,"37_43_9",35.0546864520578,-83.6627213219587
"15",14,"37_43_9",35.0528482110295,-83.6613636924799
"16",15,"37_43_9",35.0650169460142,-83.6447410859796
"17",16,"37_43_9",35.0663270709922,-83.6464041905051
"18",17,"37_43_9",35.0561242815206,-83.6570782758164
"19",18,"37_43_9",35.0562468010576,-83.6506818444623
"20",19,"37_43_9",35.0492992098731,-83.64249467206
"21",20,"37_199_11",35.7897520918909,-82.2443842110388
"22",21,"37_199_11",35.8026290507149,-82.2252733658653
"23",22,"37_199_11",35.7922275060135,-82.2337838363734
"24",23,"37_199_11",35.796966787059,-82.2294748428876
"25",24,"37_199_11",35.7959695505062,-82.2298606132133
"26",25,"37_199_11",35.8037760730231,-82.2343474346743
"27",26,"37_199_11",35.7942972689981,-82.2342215924691
"28",27,"37_199_11",35.8071707685471,-82.2378538171474
"29",28,"37_199_11",35.7926269679323,-82.2425056952017
"30",29,"37_199_11",35.7983614496682,-82.2359634061009
"31",30,"37_21_56",35.7972569110543,-82.3423994694279
"32",31,"37_21_56",35.7997210572671,-82.3450969872994
"33",32,"37_21_56",35.818677763928,-82.3467309285405
"34",33,"37_21_56",35.7974790326225,-82.3611468473345
"35",34,"37_21_56",35.7983263548567,-82.3493260547839
"36",35,"37_21_56",35.8085641379382,-82.353948542163
"37",36,"37_21_56",35.8098667029145,-82.3646417187852
"38",37,"37_21_56",35.80200409182,-82.3630991412925
"39",38,"37_21_56",35.8094405077029,-82.3384636244056
"40",39,"37_21_56",35.8043580921789,-82.3502739222783
"41",40,"37_23_5",35.8990216078488,-81.8106368385041
"42",41,"37_23_5",35.8975536031772,-81.8107243699943
"43",42,"37_23_5",35.8958766987698,-81.8091614684675
"44",43,"37_23_5",35.9038159315523,-81.8101868584499
"45",44,"37_23_5",35.9088582953349,-81.8045705807093
"46",45,"37_23_5",35.8957792776629,-81.8077998545874
"47",46,"37_23_5",35.8995843407136,-81.8179622121311
"48",47,"37_23_5",35.8900088084192,-81.8069640925007
"49",48,"37_23_5",35.9003421907088,-81.8232156372902
"50",49,"37_23_5",35.8846421462801,-81.8143240515778
"51",50,"37_75_24",35.2927119072328,-83.9759896727814
"52",51,"37_75_24",35.2832779993907,-83.9705168881845
"53",52,"37_75_24",35.2828040103097,-83.9653930417248
"54",53,"37_75_24",35.2822541512194,-83.9674841529106
"55",54,"37_75_24",35.2855629209184,-83.9564077607589
"56",55,"37_75_24",35.2781505277071,-83.9687576422924
"57",56,"37_75_24",35.2802549284587,-83.9701072092489
"58",57,"37_75_24",35.2866412499816,-83.9545812403608
"59",58,"37_75_24",35.2792943908725,-83.9809300841805
"60",59,"37_75_24",35.2843402094545,-83.9689621473444
"61",60,"37_75_12",35.3761964345546,-83.9132669504337
"62",61,"37_75_12",35.3740951976472,-83.9120772876175
"63",62,"37_75_12",35.3695110238544,-83.9072314962663
"64",63,"37_75_12",35.3801420594449,-83.9279788426537
"65",64,"37_75_12",35.3726721743649,-83.9156933204059
"66",65,"37_75_12",35.363598476699,-83.9029363330526
"67",66,"37_75_12",35.3744814020433,-83.9047174435097
"68",67,"37_75_12",35.3689374265326,-83.9175707928703
"69",68,"37_75_12",35.3789674676395,-83.9230707660311
"70",69,"37_75_12",35.3670326846141,-83.9060827865611
"71",70,"37_75_17",35.374803870994,-83.7248077707266
"72",71,"37_75_17",35.3742839641506,-83.734000961321
"73",72,"37_75_17",35.3809016270307,-83.7418761493245
"74",73,"37_75_17",35.3716789814729,-83.7304090417385
"75",74,"37_75_17",35.3743397701783,-83.7359779781193
"76",75,"37_75_17",35.3738408559044,-83.730478096421
"77",76,"37_75_17",35.3660309319446,-83.7244553594868
"78",77,"37_75_17",35.3718472338699,-83.7528006657018
"79",78,"37_75_17",35.3725560726532,-83.7503261399628
"80",79,"37_75_17",35.3758415462191,-83.7389128000846
"81",80,"37_111_56",35.7105013525847,-82.1201433460561
"82",81,"37_111_56",35.7162501776193,-82.1239117288972
"83",82,"37_111_56",35.7110092777408,-82.1230096771533
"84",83,"37_111_56",35.7108766751062,-82.1111011929747
"85",84,"37_111_56",35.7054288937303,-82.1229809810116
"86",85,"37_111_56",35.7093571418296,-82.1313784613783
"87",86,"37_111_56",35.7190701718088,-82.1128553566842
"88",87,"37_111_56",35.7123205538424,-82.118772038737
"89",88,"37_111_56",35.7124548806363,-82.1302154018083
"90",89,"37_111_56",35.7160635782466,-82.1216262746314
"91",90,"37_113_31",35.1015151549117,-83.1876440655192
"92",91,"37_113_31",35.1016566195616,-83.2007548326514
"93",92,"37_113_31",35.0888490852733,-83.2010568117631
"94",93,"37_113_31",35.1121068859766,-83.1948199723318
"95",94,"37_113_31",35.0948319255491,-83.2141133419058
"96",95,"37_113_31",35.1009464451574,-83.2182870426035
"97",96,"37_113_31",35.1113018563183,-83.2035662945954
"98",97,"37_113_31",35.1016186690814,-83.1987804572548
"99",98,"37_113_31",35.1037327596536,-83.196961758072
"100",99,"37_113_31",35.091520711035,-83.1994244924343
"101",100,"37_113_42",35.0394293825451,-83.4788429672648
"102",101,"37_113_42",35.0474339377571,-83.475080714432
"103",102,"37_113_42",35.0533467341709,-83.4733048194785
"104",103,"37_113_42",35.0457306928984,-83.4720201197245
"105",104,"37_113_42",35.049026219566,-83.4721974576534
"106",105,"37_113_42",35.0466432996898,-83.4722895689872
"107",106,"37_113_42",35.0326415715713,-83.4750874499043
"108",107,"37_113_42",35.0450103253455,-83.4738672449024
"109",108,"37_113_42",35.0429012121536,-83.4609014644647
"110",109,"37_113_42",35.0403588265271,-83.4583402266425
"111",110,"37_113_20",35.1620618091221,-83.4222104468113
"112",111,"37_113_20",35.1494778699465,-83.4175976974815
"113",112,"37_113_20",35.148834155399,-83.4143186109051
"114",113,"37_113_20",35.1460320305737,-83.4221073078682
"115",114,"37_113_20",35.1548569096535,-83.406659986805
"116",115,"37_113_20",35.1456383887375,-83.4009691760244
"117",116,"37_113_20",35.1469868442658,-83.4151470529249
"118",117,"37_113_20",35.1570936255597,-83.4182686518806
"119",118,"37_113_20",35.1552801873074,-83.4179242558825
"120",119,"37_113_20",35.1595317544343,-83.4112350635461
"121",120,"37_113_78",35.1527514016128,-83.5880802927878
"122",121,"37_113_78",35.1571672087414,-83.5729688982723
"123",122,"37_113_78",35.1688364758579,-83.574180895503
"124",123,"37_113_78",35.1623627444045,-83.5746226760639
"125",124,"37_113_78",35.1606164854648,-83.5755115263275
"126",125,"37_113_78",35.1599279575544,-83.5733978716779
"127",126,"37_113_78",35.1661303782405,-83.5877083490237
"128",127,"37_113_78",35.1512472747943,-83.56722569111
"129",128,"37_113_78",35.158697577859,-83.5855792900614
"130",129,"37_113_78",35.1598932214272,-83.5789583088815
"131",130,"37_115_35",36.0222122567915,-82.6264031884515
"132",131,"37_115_35",36.0152659754161,-82.6350699647902
"133",132,"37_115_35",36.0089797125299,-82.6267967687744
"134",133,"37_115_35",36.0098936508776,-82.6292094863978
"135",134,"37_115_35",36.0116407605596,-82.6313594712521
"136",135,"37_115_35",36.0172694784784,-82.6346695831295
"137",136,"37_115_35",36.0036100051735,-82.6421747562141
"138",137,"37_115_35",36.0114566799455,-82.6352635067483
"139",138,"37_115_35",36.0118405142016,-82.6222937780038
"140",139,"37_115_35",36.0033968471145,-82.6362400858507
"141",140,"37_173_81",35.4891508152202,-83.5095554644062
"142",141,"37_173_81",35.4915425946056,-83.4929349349172
"143",142,"37_173_81",35.4905067841673,-83.4886781651155
"144",143,"37_173_81",35.4979652604268,-83.5134188921383
"145",144,"37_173_81",35.4909600970967,-83.4886390872572
"146",145,"37_173_81",35.488983272079,-83.4921829661347
"147",146,"37_173_81",35.4869195547629,-83.5109696081692
"148",147,"37_173_81",35.5005349708378,-83.5142253283011
"149",148,"37_173_81",35.4906790631661,-83.5038177667085
"150",149,"37_173_81",35.4976904933438,-83.4950351611684
"151",150,"37_173_83",35.4922159322843,-83.6544150006367
"152",151,"37_173_83",35.4986727123561,-83.6543563891261
"153",152,"37_173_83",35.4973996799168,-83.6428206834548
"154",153,"37_173_83",35.4972166791242,-83.6548619344931
"155",154,"37_173_83",35.4960391694607,-83.6640944197197
"156",155,"37_173_83",35.4934395902805,-83.6617137302013
"157",156,"37_173_83",35.4933531967854,-83.6572006701051
"158",157,"37_173_83",35.502018097647,-83.6587602790798
"159",158,"37_173_83",35.4916642278089,-83.6531822096057
"160",159,"37_173_83",35.5015007888341,-83.6445950376836
"161",160,"37_173_84",35.4825031802107,-83.8027812861174
"162",161,"37_173_84",35.4846729832255,-83.8092713574382
"163",162,"37_173_84",35.4904918182807,-83.8046889791643
"164",163,"37_173_84",35.4981427196143,-83.8086964320228
"165",164,"37_173_84",35.4840053499563,-83.799424929928
"166",165,"37_173_84",35.4856911508603,-83.8031431593279
"167",166,"37_173_84",35.4885639606876,-83.8018398257482
"168",167,"37_173_84",35.4822919082913,-83.7998382583009
"169",168,"37_173_84",35.4982479382435,-83.7968024372784
"170",169,"37_173_84",35.4912173320229,-83.7988456914136
"171",170,"37_173_87",35.5990726498131,-83.2643774759008
"172",171,"37_173_87",35.6120916814034,-83.2612322547897
"173",172,"37_173_87",35.6143771906322,-83.2721340908774
"174",173,"37_173_87",35.6056243204301,-83.2848709239801
"175",174,"37_173_87",35.60513484027,-83.2760417425085
"176",175,"37_173_87",35.6072329313556,-83.2672573547885
"177",176,"37_173_87",35.6153220153491,-83.2730273698331
"178",177,"37_173_87",35.5919236061011,-83.2680573608978
"179",178,"37_173_87",35.6149020556027,-83.2789162208424
"180",179,"37_173_87",35.6005807976977,-83.2766548943352
"181",180,"37_173_88",35.6118515061633,-83.41536087702
"182",181,"37_173_88",35.5981906215308,-83.4205742788768
"183",182,"37_173_88",35.6031523090821,-83.418978763685
"184",183,"37_173_88",35.6073533665279,-83.425857151802
"185",184,"37_173_88",35.6094300904961,-83.4248213216603
"186",185,"37_173_88",35.6010989062898,-83.4186086814572
"187",186,"37_173_88",35.5921343255738,-83.4184513453905
"188",187,"37_173_88",35.5970152613327,-83.4207306677722
"189",188,"37_173_88",35.5960669114779,-83.4193039078748
"190",189,"37_173_88",35.6110205785656,-83.4201648625084
"191",190,"37_39_1",35.213231958722,-84.1470961181235
"192",191,"37_39_1",35.2188759197796,-84.1378195805363
"193",192,"37_39_1",35.2174563104731,-84.1450952209563
"194",193,"37_39_1",35.2299798019728,-84.1370294840782
"195",194,"37_39_1",35.2252569833519,-84.1486651667164
"196",195,"37_39_1",35.2253242552216,-84.1457950446206
"197",196,"37_39_1",35.2119660273748,-84.1327216966382
"198",197,"37_39_1",35.2182222961711,-84.139742972576
"199",198,"37_39_1",35.2237461309563,-84.1348225652676
"200",199,"37_39_1",35.2135962207908,-84.1248667730811
"201",200,"37_39_28",35.1489412685898,-84.1262719007378
"202",201,"37_39_28",35.1613974379758,-84.1186374139019
"203",202,"37_39_28",35.1492211171717,-84.1184893481153
"204",203,"37_39_28",35.1602864692934,-84.1183685976745
"205",204,"37_39_28",35.1495846001303,-84.1330925562982
"206",205,"37_39_28",35.1406822339033,-84.1192518213145
"207",206,"37_39_28",35.147695645024,-84.1016607974895
"208",207,"37_39_28",35.1403464333887,-84.1262180850304
"209",208,"37_39_28",35.1580390673422,-84.1180896656563
"210",209,"37_39_28",35.1491442066724,-84.116132848102
"211",210,"37_39_57",35.059400832923,-84.1670199220536
"212",211,"37_39_57",35.0682250399858,-84.1656928735818
"213",212,"37_39_57",35.072501050686,-84.1486114341622
"214",213,"37_39_57",35.0724046544843,-84.1596437450793
"215",214,"37_39_57",35.068569862624,-84.172786214828
"216",215,"37_39_57",35.0732570590508,-84.1649014644465
"217",216,"37_39_57",35.0763171358766,-84.1652996644335
"218",217,"37_39_57",35.0681869592186,-84.1501750503708
"219",218,"37_39_57",35.0718254896927,-84.1583148782742
"220",219,"37_39_57",35.0730628355331,-84.16608691205
"221",220,"37_87_28",35.4498473740141,-82.960985154734
"222",221,"37_87_28",35.4612269080522,-82.9452027388005
"223",222,"37_87_28",35.4683255361963,-82.9492518475478
"224",223,"37_87_28",35.4550751653222,-82.9497853010299
"225",224,"37_87_28",35.4452716566796,-82.948338249542
"226",225,"37_87_28",35.4560333747849,-82.952839772992
"227",226,"37_87_28",35.4533120438807,-82.9518712998099
"228",227,"37_87_28",35.4583680632526,-82.952938163491
"229",228,"37_87_28",35.4538526702887,-82.9537292087282
"230",229,"37_87_28",35.4563516069967,-82.957822773747
"231",230,"37_99_10",35.3047680430668,-82.9771536209885
"232",231,"37_99_10",35.2971585593189,-82.9885549077165
"233",232,"37_99_10",35.2899574199274,-82.9808930223683
"234",233,"37_99_10",35.2977285130786,-82.9883867009611
"235",234,"37_99_10",35.3009932413741,-83.0060893480901
"236",235,"37_99_10",35.2988942481222,-82.9889409885864
"237",236,"37_99_10",35.3085580880417,-82.9814063052424
"238",237,"37_99_10",35.2876612100975,-82.9892783846231
"239",238,"37_99_10",35.2895978408153,-82.9919444516033
"240",239,"37_99_10",35.3002760756243,-82.9878475318546
"241",240,"37_99_8",35.2171701276924,-83.0318548176366
"242",241,"37_99_8",35.2202016844819,-83.0282273852843
"243",242,"37_99_8",35.2179427734144,-83.0363186896721
"244",243,"37_99_8",35.2290644870483,-83.0234053779753
"245",244,"37_99_8",35.2185059728797,-83.024048053229
"246",245,"37_99_8",35.2100124470896,-83.0281933743627
"247",246,"37_99_8",35.2123257560126,-83.031866626928
"248",247,"37_99_8",35.2199486362201,-83.0299703598659
"249",248,"37_99_8",35.2283789063547,-83.0333029777253
"250",249,"37_99_8",35.2081059150381,-83.0335022414751
"251",250,"37_21_4",35.7450796856934,-82.3604060119555
"252",251,"37_21_4",35.7338308792041,-82.350362022446
"253",252,"37_21_4",35.7384156166289,-82.3700758230852
"254",253,"37_21_4",35.7435191897295,-82.3655392020531
"255",254,"37_21_4",35.7263318312608,-82.3628921116438
"256",255,"37_21_4",35.7359425730712,-82.3657075420188
"257",256,"37_21_4",35.7427536540631,-82.3676905627176
"258",257,"37_21_4",35.7385978470832,-82.3560190566582
"259",258,"37_21_4",35.748398539778,-82.3465745237004
"260",259,"37_21_4",35.7478892938036,-82.342882438857
"261",260,"37_27_8",35.9982461028847,-81.5977969812129
"262",261,"37_27_8",35.9867113428533,-81.5911710573296
"263",262,"37_27_8",36.000511039808,-81.5942293927262
"264",263,"37_27_8",36.0066535574209,-81.5926844830218
"265",264,"37_27_8",35.9853097779199,-81.5827428475616
"266",265,"37_27_8",35.9950507102154,-81.5952095335699
"267",266,"37_27_8",35.9835860237855,-81.6023089224009
"268",267,"37_27_8",35.9852448234691,-81.609445765737
"269",268,"37_27_8",35.9928839257072,-81.5918388213803
"270",269,"37_27_8",35.9885845551631,-81.5974076082644
"271",270,"37_87_37",35.6743760690792,-83.0864229465108
"272",271,"37_87_37",35.6677086993132,-83.0962717202159
"273",272,"37_87_37",35.6596092366124,-83.0899081789317
"274",273,"37_87_37",35.6737898625699,-83.0994515908168
"275",274,"37_87_37",35.6715493895626,-83.0869124085787
"276",275,"37_87_37",35.6680377261322,-83.0877721470526
"277",276,"37_87_37",35.6793750601158,-83.088838526335
"278",277,"37_87_37",35.6711011040907,-83.0881893019899
"279",278,"37_87_37",35.6691971229962,-83.0881395436032
"280",279,"37_87_37",35.6710164421294,-83.0835189060398
"281",280,"37_173_40",35.3394297298759,-83.3636885348674
"282",281,"37_173_40",35.3306602783769,-83.347087566594
"283",282,"37_173_40",35.3353444233374,-83.3521632271441
"284",283,"37_173_40",35.3382542900021,-83.3431195598718
"285",284,"37_173_40",35.3329064454175,-83.3538190426043
"286",285,"37_173_40",35.3423190958047,-83.3583655944055
"287",286,"37_173_40",35.3392413493499,-83.3510585176989
"288",287,"37_173_40",35.3446360358079,-83.3647022364349
"289",288,"37_173_40",35.3393070896851,-83.3526034560047
"290",289,"37_173_40",35.3354976829158,-83.3549151451172
"291",290,"37_113_40",35.0815743072295,-83.329651009173
"292",291,"37_113_40",35.0840500666488,-83.3285702574376
"293",292,"37_113_40",35.0783064531046,-83.3322457151501
"294",293,"37_113_40",35.081655442806,-83.3278610256086
"295",294,"37_113_40",35.0844369263272,-83.3245842586642
"296",295,"37_113_40",35.0798653399195,-83.327403677035
"297",296,"37_113_40",35.0753377135261,-83.3199277787154
"298",297,"37_113_40",35.0682622040289,-83.3347663081383
"299",298,"37_113_40",35.0913164374973,-83.3211946487116
"300",299,"37_113_40",35.070854892223,-83.3180515144148
"301",300,"37_173_44",35.5316412994206,-83.4591626048541
"302",301,"37_173_44",35.5298023729598,-83.460658809346
"303",302,"37_173_44",35.52922896363,-83.4533981272207
"304",303,"37_173_44",35.5326476667682,-83.4642041941959
"305",304,"37_173_44",35.5361318487938,-83.4574366174453
"306",305,"37_173_44",35.5333540451898,-83.4716874178944
"307",306,"37_173_44",35.5314505287117,-83.4601422255271
"308",307,"37_173_44",35.5340410836889,-83.4714204445811
"309",308,"37_173_44",35.5370789136177,-83.4512955197942
"310",309,"37_173_44",35.534122132316,-83.460894835036
"311",310,"37_21_2",35.4693849326025,-82.6980116445684
"312",311,"37_21_2",35.4687007312029,-82.6845585866154
"313",312,"37_21_2",35.4711852741723,-82.6911781732223
"314",313,"37_21_2",35.4732783837423,-82.6808506966482
"315",314,"37_21_2",35.4686370461242,-82.6869294493114
"316",315,"37_21_2",35.4778809104693,-82.681916626296
"317",316,"37_21_2",35.469995345831,-82.6728758509114
"318",317,"37_21_2",35.4780588841621,-82.6985119865148
"319",318,"37_21_2",35.4805101067868,-82.681509882058
"320",319,"37_21_2",35.4672460912573,-82.6934973387666
"321",320,"37_11_6",36.0794421426806,-81.7772073052332
"322",321,"37_11_6",36.078136902567,-81.7847522284204
"323",322,"37_11_6",36.0767855087889,-81.7851670841284
"324",323,"37_11_6",36.0669901682214,-81.7737492476037
"325",324,"37_11_6",36.0807818373621,-81.7855590849938
"326",325,"37_11_6",36.0737264900847,-81.7866346776919
"327",326,"37_11_6",36.0760546595403,-81.7965348312707
"328",327,"37_11_6",36.0830413003484,-81.7806944406912
"329",328,"37_11_6",36.065935589578,-81.7959218163706
"330",329,"37_11_6",36.076670545027,-81.7748667053753
"331",330,"37_27_45",36.0192282241989,-81.73409005038
"332",331,"37_27_45",36.0276629216483,-81.7339372616174
"333",332,"37_27_45",36.0256557998694,-81.7348601790223
"334",333,"37_27_45",36.0245798029285,-81.7292165551153
"335",334,"37_27_45",36.0243717789144,-81.7358057131814
"336",335,"37_27_45",36.0339586139094,-81.7438108851142
"337",336,"37_27_45",36.0211025356734,-81.738125427314
"338",337,"37_27_45",36.0341818457633,-81.7234295367055
"339",338,"37_27_45",36.0270528595483,-81.7356930804666
"340",339,"37_27_45",36.0253312803907,-81.7353403882174
"341",340,"37_111_65",35.9032129066529,-81.913011352701
"342",341,"37_111_65",35.9060993435759,-81.9205535124281
"343",342,"37_111_65",35.9104924121578,-81.9060905980489
"344",343,"37_111_65",35.8934477832751,-81.9129356550208
"345",344,"37_111_65",35.8990526264347,-81.9107222165537
"346",345,"37_111_65",35.8990900928492,-81.9131564512161
"347",346,"37_111_65",35.9031446219528,-81.9195632020232
"348",347,"37_111_65",35.9029238233198,-81.9193255370997
"349",348,"37_111_65",35.899469045821,-81.9118153208892
"350",349,"37_111_65",35.8863667971809,-81.9207677105479
"351",350,"37_99_58",35.3116083810585,-83.3142802313706
"352",351,"37_99_58",35.3196329716382,-83.3256997596457
"353",352,"37_99_58",35.3001604251045,-83.3193627062475
"354",353,"37_99_58",35.3086167839757,-83.3038784216951
"355",354,"37_99_58",35.3082718653345,-83.318080471803
"356",355,"37_99_58",35.3092446593683,-83.3037061988075
"357",356,"37_99_58",35.3011640852695,-83.3245097371221
"358",357,"37_99_58",35.3122297902884,-83.3336395399771
"359",358,"37_99_58",35.3136955156277,-83.3051819653914
"360",359,"37_99_58",35.3038843471134,-83.316999375409
"361",360,"37_113_36",35.0595161832421,-83.2549082022188
"362",361,"37_113_36",35.0538958917423,-83.2525288102195
"363",362,"37_113_36",35.0711094088169,-83.2471211670807
"364",363,"37_113_36",35.0627398030398,-83.2475692223093
"365",364,"37_113_36",35.0628969470838,-83.2603693576318
"366",365,"37_113_36",35.063697969544,-83.2533232158756
"367",366,"37_113_36",35.0660626994865,-83.2638972617449
"368",367,"37_113_36",35.0664840801997,-83.2485396550327
"369",368,"37_113_36",35.0761403701262,-83.255292529487
"370",369,"37_113_36",35.0665265545894,-83.2505330600021
"371",370,"37_113_3",35.2380170883875,-83.5068125297119
"372",371,"37_113_3",35.2417720860312,-83.50512918386
"373",372,"37_113_3",35.2232877658259,-83.5122622149951
"374",373,"37_113_3",35.2403534075345,-83.5240253917806
"375",374,"37_113_3",35.2373519940701,-83.5112259966419
"376",375,"37_113_3",35.2412850611468,-83.5106274393144
"377",376,"37_113_3",35.2384167975596,-83.5083310236398
"378",377,"37_113_3",35.2333851750619,-83.4983191789117
"379",378,"37_113_3",35.2315422749648,-83.5233782599165
"380",379,"37_113_3",35.2371205954454,-83.511501069569
"381",380,"37_173_25",35.6142642482806,-83.360369260586
"382",381,"37_173_25",35.6264604684829,-83.3691776305252
"383",382,"37_173_25",35.6124162320103,-83.3638980587253
"384",383,"37_173_25",35.616844105864,-83.3604558241273
"385",384,"37_173_25",35.6290555238934,-83.3496987598579
"386",385,"37_173_25",35.6234805173513,-83.3571689799818
"387",386,"37_173_25",35.6182675677596,-83.3702129054254
"388",387,"37_173_25",35.6292495760358,-83.3616476775797
"389",388,"37_173_25",35.6305990867943,-83.3548380434735
"390",389,"37_173_25",35.6224391163399,-83.3420312594538
"391",390,"37_173_48",35.5355779853851,-83.3494184351295
"392",391,"37_173_48",35.5284737419991,-83.3378350387697
"393",392,"37_173_48",35.5362956489843,-83.3428069119028
"394",393,"37_173_48",35.5431842466045,-83.3427397631548
"395",394,"37_173_48",35.5417912201263,-83.3362962705694
"396",395,"37_173_48",35.5366422821049,-83.3448559267609
"397",396,"37_173_48",35.5331489233533,-83.3426453421465
"398",397,"37_173_48",35.5314088573701,-83.3447148424665
"399",398,"37_173_48",35.5215549426335,-83.3345052320534
"400",399,"37_173_48",35.5401883185038,-83.3484730935833
"401",400,"37_173_15",35.5450839801324,-83.5123735764462
"402",401,"37_173_15",35.5347751997988,-83.5187826424102
"403",402,"37_173_15",35.535545568209,-83.5127793412302
"404",403,"37_173_15",35.522545077516,-83.5198657466824
"405",404,"37_173_15",35.5358383760816,-83.5148650122322
"406",405,"37_173_15",35.530136609828,-83.504223614803
"407",406,"37_173_15",35.5312762401634,-83.5143219527944
"408",407,"37_173_15",35.5240511215933,-83.5192160351993
"409",408,"37_173_15",35.5335270852782,-83.5177106384456
"410",409,"37_173_15",35.5248407706329,-83.5170834369438
"411",410,"37_173_65",35.465275105181,-83.5507205648572
"412",411,"37_173_65",35.4626753957483,-83.5520350082686
"413",412,"37_173_65",35.46152694738,-83.5511705088177
"414",413,"37_173_65",35.4673563272342,-83.5562751057604
"415",414,"37_173_65",35.4660558550857,-83.5575029460983
"416",415,"37_173_65",35.4647489452938,-83.5447351810951
"417",416,"37_173_65",35.4725539200671,-83.5359972958114
"418",417,"37_173_65",35.4642442114931,-83.5370388356567
"419",418,"37_173_65",35.4628696814365,-83.5470273635014
"420",419,"37_173_65",35.4590544271013,-83.5589071977906
"421",420,"37_89_23",35.4432072900717,-82.6496272160944
"422",421,"37_89_23",35.454664240873,-82.6487448105969
"423",422,"37_89_23",35.4448927623389,-82.6562344556121
"424",423,"37_89_23",35.4431024482902,-82.6358242003827
"425",424,"37_89_23",35.4501877374531,-82.6569069165635
"426",425,"37_89_23",35.4423818838965,-82.6438984414085
"427",426,"37_89_23",35.4492766523283,-82.6322520117636
"428",427,"37_89_23",35.4356144399426,-82.6515825502121
"429",428,"37_89_23",35.4492920953216,-82.6527894831543
"430",429,"37_89_23",35.4394497614144,-82.6347053006562
"431",430,"37_175_48",35.3166033453922,-82.8587641397021
"432",431,"37_175_48",35.304596484012,-82.8510328428601
"433",432,"37_175_48",35.306497357076,-82.833997414512
"434",433,"37_175_48",35.2943223591458,-82.8564991216648
"435",434,"37_175_48",35.3064063051376,-82.8560209058035
"436",435,"37_175_48",35.2995666237463,-82.8666499719049
"437",436,"37_175_48",35.3030116646457,-82.8597249018066
"438",437,"37_175_48",35.3158343053652,-82.8552300804791
"439",438,"37_175_48",35.3062510576226,-82.8536573449738
"440",439,"37_175_48",35.3187039338098,-82.8536803251724
"441",440,"37_27_13",35.946605844187,-81.5368755880137
"442",441,"37_27_13",35.94568924596,-81.5410502117888
"443",442,"37_27_13",35.9459547151321,-81.5495499743321
"444",443,"37_27_13",35.9481265036617,-81.5531331125249
"445",444,"37_27_13",35.9377460682979,-81.5478941980058
"446",445,"37_27_13",35.9583374047138,-81.536849056206
"447",446,"37_27_13",35.95109709151,-81.5312129139059
"448",447,"37_27_13",35.9485798378057,-81.53603937439
"449",448,"37_27_13",35.9460438779828,-81.5401551403908
"450",449,"37_27_13",35.9420595647762,-81.5411577923483
"451",450,"37_199_10",36.0717694567048,-82.3536701501974
"452",451,"37_199_10",36.0682910826706,-82.349511040221
"453",452,"37_199_10",36.065319319946,-82.3493161788943
"454",453,"37_199_10",36.0663407102792,-82.3426021605765
"455",454,"37_199_10",36.0691654506123,-82.361263551405
"456",455,"37_199_10",36.0762337467499,-82.3498820361326
"457",456,"37_199_10",36.0782624981941,-82.3377591766986
"458",457,"37_199_10",36.0743746063118,-82.335629197522
"459",458,"37_199_10",36.0813967840508,-82.3401757548084
"460",459,"37_199_10",36.0702064909724,-82.3538051502779
"461",460,"37_113_77",35.2918902177656,-83.4486294715531
"462",461,"37_113_77",35.2950005064194,-83.440859584558
"463",462,"37_113_77",35.2973714175106,-83.4537720153259
"464",463,"37_113_77",35.3027211471284,-83.4655643650665
"465",464,"37_113_77",35.3078023679484,-83.4432759124866
"466",465,"37_113_77",35.2925087585535,-83.4449304732144
"467",466,"37_113_77",35.2935626306839,-83.4456511543805
"468",467,"37_113_77",35.301280415351,-83.4491203958355
"469",468,"37_113_77",35.2945187127705,-83.4352754326914
"470",469,"37_113_77",35.297873313524,-83.4505214225426
"471",470,"37_173_75",35.2945393939593,-83.6051225091731
"472",471,"37_173_75",35.3029335571097,-83.6055030032483
"473",472,"37_173_75",35.2974103516976,-83.6076899773724
"474",473,"37_173_75",35.2944195920532,-83.6018256714714
"475",474,"37_173_75",35.2918771481611,-83.6139615344151
"476",475,"37_173_75",35.2928159259671,-83.6139156873673
"477",476,"37_173_75",35.2886694170712,-83.6053432967443
"478",477,"37_173_75",35.2843518611721,-83.6088051484898
"479",478,"37_173_75",35.3060037367514,-83.5947294262145
"480",479,"37_173_75",35.2965155030537,-83.5989073265585
"481",480,"37_113_68",35.2229846702777,-83.6641181407925
"482",481,"37_113_68",35.231377523688,-83.665438293999
"483",482,"37_113_68",35.2383010690468,-83.6575298559359
"484",483,"37_113_68",35.2383298547132,-83.673547825836
"485",484,"37_113_68",35.2456320794793,-83.6625598834454
"486",485,"37_113_68",35.2413757956459,-83.6702186707829
"487",486,"37_113_68",35.2332397396893,-83.6616424084497
"488",487,"37_113_68",35.2344240036459,-83.6802960379038
"489",488,"37_113_68",35.2401981045837,-83.6756733607499
"490",489,"37_113_68",35.2334704443821,-83.6625353521097
"491",490,"37_113_16",35.0431310121325,-83.5553206143463
"492",491,"37_113_16",35.0445971422249,-83.5669676435953
"493",492,"37_113_16",35.0449589208563,-83.5660953472501
"494",493,"37_113_16",35.0484596353443,-83.5752690378347
"495",494,"37_113_16",35.0597100271067,-83.5556282998351
"496",495,"37_113_16",35.0552875760187,-83.5606823777239
"497",496,"37_113_16",35.0518704214778,-83.5606083715278
"498",497,"37_113_16",35.0538612175239,-83.56296902556
"499",498,"37_113_16",35.0461179591115,-83.5613873160709
"500",499,"37_113_16",35.0611817725674,-83.5567586843128
"501",500,"37_43_22",35.1455834779616,-83.7000869447916
"502",501,"37_43_22",35.1491614380507,-83.6981156006991
"503",502,"37_43_22",35.1388005806904,-83.6869100228594
"504",503,"37_43_22",35.1457097077776,-83.6860099162192
"505",504,"37_43_22",35.1372889388827,-83.6803489130313
"506",505,"37_43_22",35.139650345394,-83.6877561430783
"507",506,"37_43_22",35.129190272777,-83.6890362632536
"508",507,"37_43_22",35.1412479503953,-83.6865018254314
"509",508,"37_43_22",35.1297397484269,-83.6889706338232
"510",509,"37_43_22",35.1258695812176,-83.6852305977765
"511",510,"37_43_15",35.0059519495521,-83.7603492185216
"512",511,"37_43_15",35.0083289009774,-83.7579319325565
"513",512,"37_43_15",35.014866734056,-83.7492330629027
"514",513,"37_43_15",35.0181955762167,-83.7444206884354
"515",514,"37_43_15",35.01008353801,-83.7583247082252
"516",515,"37_43_15",35.0065957273564,-83.7523473517933
"517",516,"37_43_15",35.0111688033932,-83.7575826708972
"518",517,"37_43_15",35.0122553531092,-83.7627317022283
"519",518,"37_43_15",35.0127155178929,-83.7430840183211
"520",519,"37_43_15",35.0103934425108,-83.7634014073891
"521",520,"37_173_39",35.5244653331959,-83.6931297732716
"522",521,"37_173_39",35.5271157664963,-83.6787131798256
"523",522,"37_173_39",35.5224098658043,-83.6695286811192
"524",523,"37_173_39",35.522456483021,-83.6911430109908
"525",524,"37_173_39",35.5200601979868,-83.6917559814614
"526",525,"37_173_39",35.527025843364,-83.6837963347779
"527",526,"37_173_39",35.5320479495207,-83.6908177006022
"528",527,"37_173_39",35.5277752464844,-83.6774273172548
"529",528,"37_173_39",35.5373049493397,-83.6690636697043
"530",529,"37_173_39",35.534175366662,-83.6759549140132
"531",530,"37_111_40",35.7388974593906,-82.021216996225
"532",531,"37_111_40",35.7368188779891,-82.0164894238517
"533",532,"37_111_40",35.7503573154501,-82.022265125524
"534",533,"37_111_40",35.7431730966156,-82.0278349050769
"535",534,"37_111_40",35.73449691215,-82.0120123286937
"536",535,"37_111_40",35.7403081890997,-82.0176103433108
"537",536,"37_111_40",35.7456736776512,-82.0273529813981
"538",537,"37_111_40",35.7458091635817,-82.0243952068494
"539",538,"37_111_40",35.7561416344285,-82.0268125980165
"540",539,"37_111_40",35.7343771467444,-82.0397389801222
"541",540,"37_173_64",35.456860752416,-83.6931540720896
"542",541,"37_173_64",35.4644109718147,-83.712591655993
"543",542,"37_173_64",35.4645732166927,-83.6957164829447
"544",543,"37_173_64",35.4547392489965,-83.6972880011491
"545",544,"37_173_64",35.4514970130195,-83.7059455038106
"546",545,"37_173_64",35.4472363931323,-83.7046402999043
"547",546,"37_173_64",35.4533551948129,-83.6890747170938
"548",547,"37_173_64",35.4410851872205,-83.7070173501064
"549",548,"37_173_64",35.4526147018217,-83.6998593969577
"550",549,"37_173_64",35.4535292350791,-83.6891003885561
"551",550,"37_11_8",36.1250147856039,-82.0073036507292
"552",551,"37_11_8",36.139141699273,-81.9977243859939
"553",552,"37_11_8",36.1337299512557,-82.0057505756552
"554",553,"37_11_8",36.1416433637735,-82.0145583710084
"555",554,"37_11_8",36.1289134586465,-82.0177122361549
"556",555,"37_11_8",36.1382016692524,-82.013222945536
"557",556,"37_11_8",36.1489452560394,-82.0142948275526
"558",557,"37_11_8",36.1518923949263,-82.0104534036005
"559",558,"37_11_8",36.1317305773151,-82.0124481774525
"560",559,"37_11_8",36.1366286040297,-82.0217890067347
"561",560,"37_39_11",35.2313546291564,-83.8017972413345
"562",561,"37_39_11",35.219376773,-83.7783436187373
"563",562,"37_39_11",35.2174837119035,-83.8012543678377
"564",563,"37_39_11",35.2322091837205,-83.798768694383
"565",564,"37_39_11",35.2317348434138,-83.7906594948232
"566",565,"37_39_11",35.2200027615939,-83.7957078825483
"567",566,"37_39_11",35.2243692504454,-83.7925865133495
"568",567,"37_39_11",35.2245525910296,-83.8104680314937
"569",568,"37_39_11",35.2249035585641,-83.8049281146638
"570",569,"37_39_11",35.2301361912673,-83.7906566074168
"571",570,"37_99_17",35.2382751906596,-83.1949390184359
"572",571,"37_99_17",35.2431309799215,-83.1956049301137
"573",572,"37_99_17",35.23610228268,-83.1973649518756
"574",573,"37_99_17",35.2458119983515,-83.1897554296426
"575",574,"37_99_17",35.2465732548439,-83.2068669593537
"576",575,"37_99_17",35.2290510159305,-83.2062868845699
"577",576,"37_99_17",35.235172881371,-83.1962529287362
"578",577,"37_99_17",35.2293242649241,-83.2016390847535
"579",578,"37_99_17",35.2245305872431,-83.2048949290133
"580",579,"37_99_17",35.2361360742823,-83.1964378310574
"581",580,"37_87_78",35.7737217502402,-83.1129540737158
"582",581,"37_87_78",35.7598904740532,-83.1007204945389
"583",582,"37_87_78",35.7663581513225,-83.1134499556019
"584",583,"37_87_78",35.7758512233774,-83.1206050966995
"585",584,"37_87_78",35.7615502961506,-83.1307277139202
"586",585,"37_87_78",35.7622631894389,-83.1141793683168
"587",586,"37_87_78",35.7647939033247,-83.1002740491304
"588",587,"37_87_78",35.7712413527655,-83.126068426387
"589",588,"37_87_78",35.7794096083046,-83.1144213280371
"590",589,"37_87_78",35.7663017376137,-83.1205728626284
"591",590,"37_173_51",35.6100618350403,-83.18658359844
"592",591,"37_173_51",35.6305626506205,-83.193904685417
"593",592,"37_173_51",35.6203221772603,-83.1941888568669
"594",593,"37_173_51",35.6199697577349,-83.1938017651818
"595",594,"37_173_51",35.6079212233227,-83.191794373825
"596",595,"37_173_51",35.6228168250824,-83.1899506471961
"597",596,"37_173_51",35.6074288475979,-83.1902553857424
"598",597,"37_173_51",35.6122204890653,-83.1950308149401
"599",598,"37_173_51",35.6208648214317,-83.1944509210339
"600",599,"37_173_51",35.6345845947674,-83.1908019147683
"601",600,"37_173_27",35.5322928742092,-83.1835015696575
"602",601,"37_173_27",35.5449274892645,-83.1865597923234
"603",602,"37_173_27",35.5420733932904,-83.1977335915069
"604",603,"37_173_27",35.5455417179375,-83.1830234331498
"605",604,"37_173_27",35.5277209547422,-83.1899343779077
"606",605,"37_173_27",35.5393813631519,-83.1915924483739
"607",606,"37_173_27",35.5378518303949,-83.18780603232
"608",607,"37_173_27",35.5353587279306,-83.1725217012761
"609",608,"37_173_27",35.5326047697189,-83.1912657266304
"610",609,"37_173_27",35.5396831052874,-83.1819656479458
"611",610,"37_121_18",36.140953005054,-82.1620535385573
"612",611,"37_121_18",36.1427888364287,-82.1718131321461
"613",612,"37_121_18",36.1398932263897,-82.1720441977554
"614",613,"37_121_18",36.1394219222765,-82.1669851339088
"615",614,"37_121_18",36.1411429259576,-82.1617586530966
"616",615,"37_121_18",36.142136530884,-82.1677526929001
"617",616,"37_121_18",36.1395369436463,-82.1668586592109
"618",617,"37_121_18",36.1464538356087,-82.1599235900848
"619",618,"37_121_18",36.1504781214502,-82.1709590810605
"620",619,"37_121_18",36.1381840743362,-82.1705764719736
"621",620,"37_21_33",35.7180575572027,-82.4105966931245
"622",621,"37_21_33",35.7219704975326,-82.4213196708233
"623",622,"37_21_33",35.7296327097919,-82.4130378783001
"624",623,"37_21_33",35.7133321141638,-82.403932533305
"625",624,"37_21_33",35.7159755582065,-82.40097244996
"626",625,"37_21_33",35.7176206594118,-82.4022130121567
"627",626,"37_21_33",35.7177990232499,-82.4095167348461
"628",627,"37_21_33",35.7178903793061,-82.3870016586943
"629",628,"37_21_33",35.7254301158582,-82.3954961331316
"630",629,"37_21_33",35.7241249812916,-82.4131634652673
"631",630,"37_75_22",35.3848010612029,-83.7790608538197
"632",631,"37_75_22",35.3881881412658,-83.7972157843815
"633",632,"37_75_22",35.3850005875496,-83.7721897597023
"634",633,"37_75_22",35.3887844614725,-83.7885759657592
"635",634,"37_75_22",35.3821323963275,-83.785621353556
"636",635,"37_75_22",35.3846709959313,-83.7846987787206
"637",636,"37_75_22",35.380886482581,-83.7750324371616
"638",637,"37_75_22",35.3863272088553,-83.7766433656918
"639",638,"37_75_22",35.3854049234018,-83.783054099838
"640",639,"37_75_22",35.3876384666669,-83.7913886312825
"641",640,"37_113_32",35.1675954371653,-83.699988996077
"642",641,"37_113_32",35.1787631607896,-83.7050923136446
"643",642,"37_113_32",35.1814109571526,-83.7181691267351
"644",643,"37_113_32",35.1778702880583,-83.7126434764762
"645",644,"37_113_32",35.1901441113015,-83.7123779858632
"646",645,"37_113_32",35.192382313216,-83.7019795677361
"647",646,"37_113_32",35.1836604559547,-83.7059172499388
"648",647,"37_113_32",35.1678172347065,-83.7040688584192
"649",648,"37_113_32",35.1772474631106,-83.6942975687373
"650",649,"37_113_32",35.1795519627555,-83.7057494264483
"651",650,"37_39_44",35.0957255684462,-84.1300050694051
"652",651,"37_39_44",35.0931137479035,-84.1221151414167
"653",652,"37_39_44",35.0836890508011,-84.1304967306802
"654",653,"37_39_44",35.0993196851207,-84.126555877802
"655",654,"37_39_44",35.0943305207672,-84.1285130851453
"656",655,"37_39_44",35.0986917464312,-84.1295581662326
"657",656,"37_39_44",35.0962626490855,-84.1299053053436
"658",657,"37_39_44",35.1065933496407,-84.128903461133
"659",658,"37_39_44",35.1029076738144,-84.1414725415179
"660",659,"37_39_44",35.0937244230941,-84.1331462602389
"661",660,"37_75_26",35.4103184613777,-83.9872768182826
"662",661,"37_75_26",35.4220130915925,-83.9822704875948
"663",662,"37_75_26",35.4153353079524,-83.9834881772664
"664",663,"37_75_26",35.416302976966,-83.9789134400808
"665",664,"37_75_26",35.4192036346948,-83.9638245053258
"666",665,"37_75_26",35.4173789228607,-83.9724327714937
"667",666,"37_75_26",35.4185797145873,-83.9803458172465
"668",667,"37_75_26",35.4080745539227,-83.9774424117903
"669",668,"37_75_26",35.4110522107561,-83.9892911955884
"670",669,"37_75_26",35.4161003221648,-83.9796031502937
"671",670,"37_39_12",35.2624409076961,-84.0500773850673
"672",671,"37_39_12",35.2462653941641,-84.0601752587775
"673",672,"37_39_12",35.2538609957648,-84.0644261165798
"674",673,"37_39_12",35.2533777030091,-84.0715507497108
"675",674,"37_39_12",35.2509979075197,-84.0592480945658
"676",675,"37_39_12",35.2580064811236,-84.0667192803465
"677",676,"37_39_12",35.2511908880256,-84.0731926563666
"678",677,"37_39_12",35.2474814465044,-84.0665512544299
"679",678,"37_39_12",35.2653491873164,-84.0631050857983
"680",679,"37_39_12",35.2465233993407,-84.0499879796667
"681",680,"37_87_49",35.3278390933702,-82.9215808619754
"682",681,"37_87_49",35.3323973535796,-82.9342403480557
"683",682,"37_87_49",35.3162216565088,-82.9292572033392
"684",683,"37_87_49",35.3220506270681,-82.9118088552025
"685",684,"37_87_49",35.3220848260589,-82.9307803348019
"686",685,"37_87_49",35.3144764814473,-82.9290202018694
"687",686,"37_87_49",35.3303101798507,-82.9262770263693
"688",687,"37_87_49",35.3222339157428,-82.9317763866766
"689",688,"37_87_49",35.3296673340463,-82.9264850619852
"690",689,"37_87_49",35.3302065948564,-82.9261232289194
"691",690,"37_99_55",35.3708165486343,-83.0480892118831
"692",691,"37_99_55",35.3706824129652,-83.045243594331
"693",692,"37_99_55",35.3754835192284,-83.0500996595757
"694",693,"37_99_55",35.3652978659603,-83.051423820121
"695",694,"37_99_55",35.3727319547946,-83.0318966885378
"696",695,"37_99_55",35.3822605601925,-83.0419007980284
"697",696,"37_99_55",35.3729554275182,-83.0459162386468
"698",697,"37_99_55",35.3791847822873,-83.044783693913
"699",698,"37_99_55",35.3681367055781,-83.046217373922
"700",699,"37_99_55",35.3718927766011,-83.041536975977
"701",700,"37_23_52",35.909724039604,-81.7294550627628
"702",701,"37_23_52",35.9065787359546,-81.7416966447549
"703",702,"37_23_52",35.9036305094071,-81.7349618200154
"704",703,"37_23_52",35.8998832995595,-81.7292355976493
"705",704,"37_23_52",35.9069817666499,-81.7339403361023
"706",705,"37_23_52",35.9054829597985,-81.7262107966959
"707",706,"37_23_52",35.8947665714152,-81.7417213454917
"708",707,"37_23_52",35.9118410058311,-81.7408682160164
"709",708,"37_23_52",35.8960330205798,-81.7308121665427
"710",709,"37_23_52",35.9058399720641,-81.7401534465226
"711",710,"37_87_70",35.3482564787658,-82.9181149150012
"712",711,"37_87_70",35.3606823719025,-82.9156422014881
"713",712,"37_87_70",35.3539369697172,-82.9174699739551
"714",713,"37_87_70",35.36186240819,-82.9159782202057
"715",714,"37_87_70",35.361839974981,-82.9141511110944
"716",715,"37_87_70",35.3546788995438,-82.9278806908365
"717",716,"37_87_70",35.3607409863923,-82.9078490796123
"718",717,"37_87_70",35.3543241705205,-82.9285576145896
"719",718,"37_87_70",35.3503264063372,-82.9293488415933
"720",719,"37_87_70",35.3628462418648,-82.9175821164232
"721",720,"37_111_30",35.6705940103078,-82.1230316622917
"722",721,"37_111_30",35.6661489410817,-82.1373615864187
"723",722,"37_111_30",35.6685074586772,-82.1414448903962
"724",723,"37_111_30",35.6745410209074,-82.1390311128607
"725",724,"37_111_30",35.6781725490602,-82.1316325377055
"726",725,"37_111_30",35.686884429062,-82.1423253532622
"727",726,"37_111_30",35.671841389689,-82.1358270889477
"728",727,"37_111_30",35.6629096985205,-82.1271835182164
"729",728,"37_111_30",35.6722477551176,-82.1232121009087
"730",729,"37_111_30",35.6683340271824,-82.1353141939283
"731",730,"37_199_26",35.7564857721762,-82.2224082298606
"732",731,"37_199_26",35.7531141950574,-82.2163915349296
"733",732,"37_199_26",35.7531239408889,-82.2212090778174
"734",733,"37_199_26",35.7690343641467,-82.2109159785117
"735",734,"37_199_26",35.7586305594307,-82.2151410634621
"736",735,"37_199_26",35.7492310719133,-82.2129910834096
"737",736,"37_199_26",35.758873607183,-82.2233981738644
"738",737,"37_199_26",35.7577353406889,-82.2226323882575
"739",738,"37_199_26",35.7597616327626,-82.2256225972526
"740",739,"37_199_26",35.7589942122064,-82.2283356662936
"741",740,"37_87_65",35.6622245620964,-83.1869442934267
"742",741,"37_87_65",35.6613124868868,-83.1976079036042
"743",742,"37_87_65",35.6578305635574,-83.1920617875643
"744",743,"37_87_65",35.6613945408809,-83.1883406591338
"745",744,"37_87_65",35.6550189194674,-83.1816752058244
"746",745,"37_87_65",35.6569839954864,-83.1907270445861
"747",746,"37_87_65",35.6651269878221,-83.1972731773025
"748",747,"37_87_65",35.6589390792065,-83.1956217470358
"749",748,"37_87_65",35.6503828732132,-83.1916223943593
"750",749,"37_87_65",35.6573554121535,-83.1818999481249
"751",750,"37_175_10",35.341826845257,-82.722270968536
"752",751,"37_175_10",35.3472143128502,-82.7220312357492
"753",752,"37_175_10",35.3404465935283,-82.713273743747
"754",753,"37_175_10",35.3470721194877,-82.7236855160287
"755",754,"37_175_10",35.3382569405486,-82.7301117110621
"756",755,"37_175_10",35.3400667709569,-82.7277947666879
"757",756,"37_175_10",35.3448579969683,-82.727357161504
"758",757,"37_175_10",35.3527946600407,-82.7336811916692
"759",758,"37_175_10",35.3412021973438,-82.7164243807685
"760",759,"37_175_10",35.3513322819016,-82.7109996420596
"761",760,"37_27_7",35.9594823642096,-81.7130883891699
"762",761,"37_27_7",35.9723009706802,-81.7266320623648
"763",762,"37_27_7",35.9744080688058,-81.7185800771089
"764",763,"37_27_7",35.9822764416914,-81.7143642444355
"765",764,"37_27_7",35.9724652988845,-81.7190231092503
"766",765,"37_27_7",35.9764243767428,-81.7160077072665
"767",766,"37_27_7",35.9693471378716,-81.7137147304602
"768",767,"37_27_7",35.9697768368678,-81.7031868130673
"769",768,"37_27_7",35.9609211246261,-81.7237825316436
"770",769,"37_27_7",35.9657277021245,-81.7089831617428
"771",770,"37_113_10",35.2575943343256,-83.5634462281578
"772",771,"37_113_10",35.2604252713597,-83.5506065861743
"773",772,"37_113_10",35.2621833907341,-83.5570472548002
"774",773,"37_113_10",35.2562694888248,-83.5572521213963
"775",774,"37_113_10",35.2612750966678,-83.5580498285939
"776",775,"37_113_10",35.2700406861393,-83.5557972198432
"777",776,"37_113_10",35.2654633154998,-83.5547220893047
"778",777,"37_113_10",35.2630902463919,-83.5575426231554
"779",778,"37_113_10",35.2664911210066,-83.563506313968
"780",779,"37_113_10",35.2612773184973,-83.5573363793115
"781",780,"37_111_39",35.7961224129419,-82.0781883909478
"782",781,"37_111_39",35.8037627408687,-82.0719059161154
"783",782,"37_111_39",35.8013426074226,-82.0757778889153
"784",783,"37_111_39",35.8021242529706,-82.0753541329077
"785",784,"37_111_39",35.8036005027318,-82.0643182719121
"786",785,"37_111_39",35.8028054810915,-82.0750396740519
"787",786,"37_111_39",35.7981563106638,-82.0729742931759
"788",787,"37_111_39",35.791564049221,-82.0883653766482
"789",788,"37_111_39",35.798644999979,-82.0765631067503
"790",789,"37_111_39",35.8051266546672,-82.0707883683879
"791",790,"37_75_46",35.343006748966,-83.839545375667
"792",791,"37_75_46",35.3458782330213,-83.8431518098778
"793",792,"37_75_46",35.3325292372376,-83.8393041062175
"794",793,"37_75_46",35.3458293904633,-83.8371036596861
"795",794,"37_75_46",35.3460173387723,-83.8237779899871
"796",795,"37_75_46",35.3439481619855,-83.8290239721623
"797",796,"37_75_46",35.3422419798457,-83.831293342687
"798",797,"37_75_46",35.3447825184363,-83.8323015302699
"799",798,"37_75_46",35.3313742072288,-83.8346433940533
"800",799,"37_75_46",35.3428359710365,-83.8453702608511
"801",800,"37_75_48",35.3457496280549,-83.6486644856029
"802",801,"37_75_48",35.3445113849751,-83.6308892649871
"803",802,"37_75_48",35.3423180353554,-83.6282089354925
"804",803,"37_75_48",35.3438228718152,-83.6330458837435
"805",804,"37_75_48",35.3557314212173,-83.6219220717082
"806",805,"37_75_48",35.3458628688532,-83.6312342991215
"807",806,"37_75_48",35.3450645848871,-83.6324842073386
"808",807,"37_75_48",35.3518421720512,-83.6348816407494
"809",808,"37_75_48",35.3359653984126,-83.6419073079771
"810",809,"37_75_48",35.3441229662069,-83.6247676285543
"811",810,"37_113_63",35.1441144883186,-83.5299513298135
"812",811,"37_113_63",35.1431986855376,-83.5381781444434
"813",812,"37_113_63",35.1399264596756,-83.520631353788
"814",813,"37_113_63",35.1439379949177,-83.5231830865443
"815",814,"37_113_63",35.1360536246001,-83.5411119470386
"816",815,"37_113_63",35.1345851340174,-83.5162822382648
"817",816,"37_113_63",35.1466994712719,-83.5335956048691
"818",817,"37_113_63",35.1396958786565,-83.5277286442709
"819",818,"37_113_63",35.1350843812534,-83.5173144386468
"820",819,"37_113_63",35.1333885489661,-83.5233651681621
"821",820,"37_75_37",35.4494237078043,-83.7808306507396
"822",821,"37_75_37",35.4409078621819,-83.7874056023447
"823",822,"37_75_37",35.4366550909371,-83.7707161681882
"824",823,"37_75_37",35.4396360593045,-83.7743029395657
"825",824,"37_75_37",35.4387562327753,-83.7761984593822
"826",825,"37_75_37",35.438225244641,-83.7777569274664
"827",826,"37_75_37",35.4375643038673,-83.7792197623758
"828",827,"37_75_37",35.4343452645496,-83.7687992324661
"829",828,"37_75_37",35.4537474682407,-83.7747716152545
"830",829,"37_75_37",35.4284956241437,-83.7727682493112
"831",830,"37_75_32",35.4221806288005,-83.6968918092888
"832",831,"37_75_32",35.4285232392078,-83.6795970015559
"833",832,"37_75_32",35.4439261640126,-83.6981973742219
"834",833,"37_75_32",35.4309612635901,-83.6827547558204
"835",834,"37_75_32",35.4345847185476,-83.7002592063743
"836",835,"37_75_32",35.4290866316641,-83.6927964272057
"837",836,"37_75_32",35.4305500610855,-83.6937634872142
"838",837,"37_75_32",35.4319609385708,-83.6904853990711
"839",838,"37_75_32",35.4323026021124,-83.6847991426303
"840",839,"37_75_32",35.4312995789796,-83.6887657499762
"841",840,"37_113_41",35.0760186348343,-83.5197940090892
"842",841,"37_113_41",35.0710424785335,-83.5137590039308
"843",842,"37_113_41",35.0820306497201,-83.5071166537502
"844",843,"37_113_41",35.0654365904325,-83.5212329563792
"845",844,"37_113_41",35.0854453910959,-83.5216723909951
"846",845,"37_113_41",35.0760756853839,-83.5160780502025
"847",846,"37_113_41",35.0776414962813,-83.5235347112567
"848",847,"37_113_41",35.0794938543897,-83.524386261141
"849",848,"37_113_41",35.0833552278069,-83.526191700722
"850",849,"37_113_41",35.0771688368721,-83.5214156670695
"851",850,"37_113_61",35.1403928293622,-83.6019723144344
"852",851,"37_113_61",35.1392953710331,-83.6159864027405
"853",852,"37_113_61",35.1440517022309,-83.6109220584946
"854",853,"37_113_61",35.1456138335923,-83.6111134511059
"855",854,"37_113_61",35.1484135570756,-83.6153312089541
"856",855,"37_113_61",35.1422695193244,-83.6284588327493
"857",856,"37_113_61",35.1417113436062,-83.599665419904
"858",857,"37_113_61",35.1401562234979,-83.6135270472178
"859",858,"37_113_61",35.1427161020864,-83.6143369795075
"860",859,"37_113_61",35.1391221616147,-83.603072658895
"861",860,"37_43_1",35.0223798917734,-83.677955093602
"862",861,"37_43_1",35.0357496677831,-83.682666356613
"863",862,"37_43_1",35.0314124664488,-83.6759743403954
"864",863,"37_43_1",35.0240869137297,-83.6669684552995
"865",864,"37_43_1",35.0372501240663,-83.6743968372691
"866",865,"37_43_1",35.0327570613118,-83.6764403059779
"867",866,"37_43_1",35.039033340735,-83.6628336311066
"868",867,"37_43_1",35.0406489451853,-83.6775171055201
"869",868,"37_43_1",35.035401060744,-83.6772265108317
"870",869,"37_43_1",35.0339733374141,-83.6779425837218
"871",870,"37_173_82",35.5697960825123,-83.6132351294187
"872",871,"37_173_82",35.5604185313983,-83.6109483205907
"873",872,"37_173_82",35.5520330501743,-83.6217503776561
"874",873,"37_173_82",35.5714758624002,-83.6210995574652
"875",874,"37_173_82",35.565385404131,-83.6235167647665
"876",875,"37_173_82",35.566381271539,-83.6349860464817
"877",876,"37_173_82",35.5631654528971,-83.6240405249204
"878",877,"37_173_82",35.557137407749,-83.63219451458
"879",878,"37_173_82",35.5743502075392,-83.6307669653338
"880",879,"37_173_82",35.565043065629,-83.6230601484733
"881",880,"37_115_32",35.7616574987298,-82.9420670868891
"882",881,"37_115_32",35.7565978592414,-82.9266866935709
"883",882,"37_115_32",35.7477608643673,-82.9398314625564
"884",883,"37_115_32",35.7724596707176,-82.9463020445161
"885",884,"37_115_32",35.7608724983324,-82.9404563012835
"886",885,"37_115_32",35.760306228686,-82.9344094844477
"887",886,"37_115_32",35.7625494561388,-82.9432513930345
"888",887,"37_115_32",35.7608934368427,-82.9423512472157
"889",888,"37_115_32",35.7611560326008,-82.9401899288758
"890",889,"37_115_32",35.7565800549409,-82.9376590014304
"891",890,"37_87_42",35.7545613650601,-83.1508755840642
"892",891,"37_87_42",35.7534447206031,-83.139854951363
"893",892,"37_87_42",35.7632024424233,-83.1415658875126
"894",893,"37_87_42",35.7482487510641,-83.1345205349555
"895",894,"37_87_42",35.7615356512047,-83.1416523956731
"896",895,"37_87_42",35.7630590019776,-83.1446366109448
"897",896,"37_87_42",35.759129646191,-83.1452873864593
"898",897,"37_87_42",35.7529987603593,-83.1302843831754
"899",898,"37_87_42",35.7699566601177,-83.1315727786132
"900",899,"37_87_42",35.755596986725,-83.1453732825147
"901",900,"37_113_79",35.0394822004615,-83.4517798082215
"902",901,"37_113_79",35.0459595580185,-83.4521091681978
"903",902,"37_113_79",35.0441845447348,-83.4484152568929
"904",903,"37_113_79",35.0439023647003,-83.4590666616835
"905",904,"37_113_79",35.0456094685838,-83.459172535479
"906",905,"37_113_79",35.0484194812795,-83.453409735706
"907",906,"37_113_79",35.0461857519996,-83.4608223133866
"908",907,"37_113_79",35.0473868362728,-83.4746238571453
"909",908,"37_113_79",35.044203188433,-83.463057946258
"910",909,"37_113_79",35.0407914766179,-83.4612420696809
"911",910,"39_127_4165",39.5755713035522,-82.1350533763896
"912",911,"39_127_4165",39.5814465571227,-82.1405242790466
"913",912,"39_127_4165",39.569930596428,-82.1458537996768
"914",913,"39_127_4165",39.5754459251706,-82.1524638351675
"915",914,"39_127_4165",39.5754274737603,-82.1513609030095
"916",915,"39_127_4165",39.583099783688,-82.1527979640263
"917",916,"39_127_4165",39.5666641279459,-82.1579613026425
"918",917,"39_127_4165",39.5730501093282,-82.1518400649164
"919",918,"39_127_4165",39.5746262601062,-82.1485494863061
"920",919,"39_127_4165",39.5728808802481,-82.1608084237982
"921",920,"39_87_1472",38.6563220767626,-82.6105663357762
"922",921,"39_87_1472",38.652715185755,-82.6142470058614
"923",922,"39_87_1472",38.6559624460508,-82.6135317640547
"924",923,"39_87_1472",38.658287435046,-82.608454932308
"925",924,"39_87_1472",38.6557598502973,-82.6105108788128
"926",925,"39_87_1472",38.6702027416153,-82.6122517124257
"927",926,"39_87_1472",38.6602795952032,-82.6253584692942
"928",927,"39_87_1472",38.6517082293056,-82.6068445367998
"929",928,"39_87_1472",38.6608221989349,-82.6121731265158
"930",929,"39_87_1472",38.6644286734009,-82.6214681253129
"931",930,"39_87_8383",38.721074743453,-82.6072238578644
"932",931,"39_87_8383",38.7172429857159,-82.5961946787179
"933",932,"39_87_8383",38.7221015804613,-82.6045751223035
"934",933,"39_87_8383",38.7171996231479,-82.5980890700437
"935",934,"39_87_8383",38.7169656639118,-82.6183014508694
"936",935,"39_87_8383",38.7097683548238,-82.6090284868445
"937",936,"39_87_8383",38.7146849808868,-82.6054912258634
"938",937,"39_87_8383",38.7190683897344,-82.6132452969009
"939",938,"39_87_8383",38.7110189977528,-82.5964657996171
"940",939,"39_87_8383",38.717963838578,-82.610299567018
"941",940,"39_87_12789",38.6370936914541,-82.564347748402
"942",941,"39_87_12789",38.6282606529488,-82.5557213974596
"943",942,"39_87_12789",38.650870987153,-82.5714396646587
"944",943,"39_87_12789",38.6451747707407,-82.5622874810344
"945",944,"39_87_12789",38.6435385908946,-82.5645915987944
"946",945,"39_87_12789",38.6311776049655,-82.5669986289023
"947",946,"39_87_12789",38.6309689046513,-82.5608314228994
"948",947,"39_87_12789",38.6346690075798,-82.5650253724181
"949",948,"39_87_12789",38.6456691801863,-82.5564100585334
"950",949,"39_87_12789",38.6386821641153,-82.5488271193019
"951",950,"39_73_12472",39.5506639419241,-82.2470496561956
"952",951,"39_73_12472",39.5457714795211,-82.2508897863046
"953",952,"39_73_12472",39.5601452527089,-82.235485334246
"954",953,"39_73_12472",39.5496795492699,-82.2227929919488
"955",954,"39_73_12472",39.5412708894501,-82.2394363325576
"956",955,"39_73_12472",39.5551098923093,-82.247161865015
"957",956,"39_73_12472",39.5438779107342,-82.2375978233582
"958",957,"39_73_12472",39.5437732843038,-82.2338490075011
"959",958,"39_73_12472",39.5466561937967,-82.2310216245083
"960",959,"39_73_12472",39.5506386557823,-82.2266649716034
"961",960,"39_167_14073",39.4645442177913,-81.1759377732412
"962",961,"39_167_14073",39.4652450610567,-81.1965398103098
"963",962,"39_167_14073",39.4538610989909,-81.1934640441569
"964",963,"39_167_14073",39.4634827121148,-81.1797644787724
"965",964,"39_167_14073",39.4601078862596,-81.1786499708027
"966",965,"39_167_14073",39.4678726566091,-81.177460989134
"967",966,"39_167_14073",39.4609085910359,-81.1823388823218
"968",967,"39_167_14073",39.4510057067841,-81.188179492781
"969",968,"39_167_14073",39.459537319675,-81.1709220371445
"970",969,"39_167_14073",39.4754412458181,-81.1778558328074
"971",970,"39_111_13152",39.6093636698362,-81.1101655963325
"972",971,"39_111_13152",39.6130077008369,-81.1131781048838
"973",972,"39_111_13152",39.6075700363899,-81.1118327075488
"974",973,"39_111_13152",39.6124526055062,-81.1149173779234
"975",974,"39_111_13152",39.6087935521055,-81.1125671812025
"976",975,"39_111_13152",39.6119005764325,-81.1217242173445
"977",976,"39_111_13152",39.6082632779527,-81.1107051430146
"978",977,"39_111_13152",39.6051744223852,-81.1059684743692
"979",978,"39_111_13152",39.6153832356586,-81.1008253299641
"980",979,"39_111_13152",39.6194074533112,-81.1036421708926
"981",980,"39_167_14052",39.4779276991987,-81.3425817818951
"982",981,"39_167_14052",39.4812000215564,-81.3282032432332
"983",982,"39_167_14052",39.4690800506767,-81.3357504546056
"984",983,"39_167_14052",39.4683493269255,-81.3335364524151
"985",984,"39_167_14052",39.4752912857988,-81.3562147381685
"986",985,"39_167_14052",39.4767676948343,-81.3341614811077
"987",986,"39_167_14052",39.4809706187551,-81.3316723947981
"988",987,"39_167_14052",39.4746657309918,-81.3367463774242
"989",988,"39_167_14052",39.4612251497788,-81.335461397235
"990",989,"39_167_14052",39.4732757103503,-81.3269594273221
"991",990,"39_73_47",39.5653458711288,-82.2629495766352
"992",991,"39_73_47",39.5590487888647,-82.2791543775382
"993",992,"39_73_47",39.568004809149,-82.2570819266307
"994",993,"39_73_47",39.5652975839585,-82.2678463548699
"995",994,"39_73_47",39.5658946587557,-82.2649669405305
"996",995,"39_73_47",39.572408271809,-82.2568114478555
"997",996,"39_73_47",39.557572513275,-82.2776635616464
"998",997,"39_73_47",39.5656997329596,-82.2687556334287
"999",998,"39_73_47",39.5699259592299,-82.2593589415402
"1000",999,"39_73_47",39.5672898219824,-82.2552444381456
"1001",1000,"39_111_4162",39.6166035539457,-81.1835110173366
"1002",1001,"39_111_4162",39.6083442453678,-81.1603301982097
"1003",1002,"39_111_4162",39.6071276047007,-81.1757585493566
"1004",1003,"39_111_4162",39.6116313119877,-81.1721522683787
"1005",1004,"39_111_4162",39.6073050346589,-81.1890969559618
"1006",1005,"39_111_4162",39.6122948398225,-81.1792021263915
"1007",1006,"39_111_4162",39.6068427944905,-81.1765881178397
"1008",1007,"39_111_4162",39.6075638952538,-81.1834546033979
"1009",1008,"39_111_4162",39.6116607666333,-81.1915640464754
"1010",1009,"39_111_4162",39.6050770508936,-81.1714216080825
"1011",1010,"39_53_8375",38.8466481071545,-82.5288445696726
"1012",1011,"39_53_8375",38.8494968519583,-82.5516889335899
"1013",1012,"39_53_8375",38.8489641427716,-82.5488221348808
"1014",1013,"39_53_8375",38.8473759238951,-82.5520287995534
"1015",1014,"39_53_8375",38.8494473371864,-82.5531779558731
"1016",1015,"39_53_8375",38.8553723863552,-82.5319378448249
"1017",1016,"39_53_8375",38.8530568081782,-82.5482329881906
"1018",1017,"39_53_8375",38.8565664810461,-82.5382209977079
"1019",1018,"39_53_8375",38.8360622664307,-82.5509266599633
"1020",1019,"39_53_8375",38.8349262351276,-82.5476782648924
"1021",1020,"39_53_5288",38.8230839238937,-82.4470029420816
"1022",1021,"39_53_5288",38.8171264028031,-82.4482181241339
"1023",1022,"39_53_5288",38.8180251942834,-82.4506025432839
"1024",1023,"39_53_5288",38.8027544693019,-82.4453267047096
"1025",1024,"39_53_5288",38.8071598930142,-82.4367491237538
"1026",1025,"39_53_5288",38.8262260492305,-82.4475825684456
"1027",1026,"39_53_5288",38.8187009492705,-82.4252836528273
"1028",1027,"39_53_5288",38.8173589790577,-82.4274374350043
"1029",1028,"39_53_5288",38.821997461394,-82.4346589268607
"1030",1029,"39_53_5288",38.8159509354354,-82.4421138764639
"1031",1030,"39_87_4550",38.8206219827816,-82.642531843825
"1032",1031,"39_87_4550",38.8207048761961,-82.640966457374
"1033",1032,"39_87_4550",38.8165765643953,-82.6489342848416
"1034",1033,"39_87_4550",38.8336050690962,-82.6310021254186
"1035",1034,"39_87_4550",38.8285406037467,-82.6324633006379
"1036",1035,"39_87_4550",38.8221323180955,-82.643132591987
"1037",1036,"39_87_4550",38.831553415365,-82.6417596596919
"1038",1037,"39_87_4550",38.8254699154388,-82.6401812087121
"1039",1038,"39_87_4550",38.8283913188627,-82.6457609837646
"1040",1039,"39_87_4550",38.8145494529312,-82.6508394351431
"1041",1040,"39_87_1217",38.7716398482265,-82.5496133472652
"1042",1041,"39_87_1217",38.7548013977134,-82.5417358575337
"1043",1042,"39_87_1217",38.7698199537886,-82.5366907727898
"1044",1043,"39_87_1217",38.7659745724822,-82.5375919745045
"1045",1044,"39_87_1217",38.7588370653943,-82.5256769127079
"1046",1045,"39_87_1217",38.7675488911469,-82.5322621069306
"1047",1046,"39_87_1217",38.7667499134404,-82.5369695289808
"1048",1047,"39_87_1217",38.7770934568262,-82.5460283456249
"1049",1048,"39_87_1217",38.7672877711625,-82.5301305830162
"1050",1049,"39_87_1217",38.7667643424998,-82.5368388695049
"1051",1050,"39_145_4036",38.7516285938611,-82.6791551741257
"1052",1051,"39_145_4036",38.7600924818754,-82.6848405589481
"1053",1052,"39_145_4036",38.7461646969575,-82.6922491701704
"1054",1053,"39_145_4036",38.7443385599548,-82.6914789516764
"1055",1054,"39_145_4036",38.750440427365,-82.6865757966761
"1056",1055,"39_145_4036",38.7388667133795,-82.6948966381694
"1057",1056,"39_145_4036",38.7522064082044,-82.7005392953791
"1058",1057,"39_145_4036",38.7492051908555,-82.6896599215373
"1059",1058,"39_145_4036",38.7529645713781,-82.6926847223301
"1060",1059,"39_145_4036",38.7510395567506,-82.6853110070539
"1061",1060,"39_87_2686",38.6954676612663,-82.6805480855588
"1062",1061,"39_87_2686",38.6905923377105,-82.6981489579101
"1063",1062,"39_87_2686",38.6924866288937,-82.7010162374106
"1064",1063,"39_87_2686",38.6968800463421,-82.6924784021212
"1065",1064,"39_87_2686",38.6927554410966,-82.6857957893078
"1066",1065,"39_87_2686",38.6852646401134,-82.6853266498512
"1067",1066,"39_87_2686",38.6942725746262,-82.6901658886527
"1068",1067,"39_87_2686",38.694024710717,-82.7035553129305
"1069",1068,"39_87_2686",38.6910433413475,-82.6856190804724
"1070",1069,"39_87_2686",38.6964096871333,-82.6811937080155
"1071",1070,"39_87_266",38.6681587162244,-82.7509389273543
"1072",1071,"39_87_266",38.675516019267,-82.7558045607899
"1073",1072,"39_87_266",38.6658762109992,-82.7398298567384
"1074",1073,"39_87_266",38.6697209665922,-82.7529893433411
"1075",1074,"39_87_266",38.6685859144906,-82.7659416131485
"1076",1075,"39_87_266",38.659972207052,-82.7491986258354
"1077",1076,"39_87_266",38.6733627988663,-82.7553815983441
"1078",1077,"39_87_266",38.6787264227638,-82.748988996525
"1079",1078,"39_87_266",38.6639912634571,-82.7542882942704
"1080",1079,"39_87_266",38.6691859267525,-82.7694534577302
"1081",1080,"39_53_612",38.8061034012298,-82.5218087052476
"1082",1081,"39_53_612",38.7992164368057,-82.5290718400883
"1083",1082,"39_53_612",38.799468732807,-82.5326295482437
"1084",1083,"39_53_612",38.7993595437275,-82.5228154962507
"1085",1084,"39_53_612",38.7997155084424,-82.5309971541314
"1086",1085,"39_53_612",38.7885671014781,-82.5385282644446
"1087",1086,"39_53_612",38.7965447616463,-82.5350043418567
"1088",1087,"39_53_612",38.8120513891257,-82.5336927821481
"1089",1088,"39_53_612",38.8102673742733,-82.5334644948151
"1090",1089,"39_53_612",38.7968929849885,-82.5382269614175
"1091",1090,"39_87_638",38.6417067004445,-82.5715362689848
"1092",1091,"39_87_638",38.6283602778527,-82.5867458207487
"1093",1092,"39_87_638",38.6283694066478,-82.5892089339174
"1094",1093,"39_87_638",38.6430809720669,-82.5711649478863
"1095",1094,"39_87_638",38.6361068708217,-82.5995245879045
"1096",1095,"39_87_638",38.6442200785602,-82.5903480390509
"1097",1096,"39_87_638",38.6381170326028,-82.5817059699854
"1098",1097,"39_87_638",38.6319454509151,-82.5964739560782
"1099",1098,"39_87_638",38.625640494217,-82.5825842893463
"1100",1099,"39_87_638",38.6345018007564,-82.5799638579868
"1101",1100,"39_87_595",38.7452896730585,-82.5654559863143
"1102",1101,"39_87_595",38.7515681134167,-82.5846190028435
"1103",1102,"39_87_595",38.7332710548981,-82.5694545208001
"1104",1103,"39_87_595",38.7447719022233,-82.5712179719756
"1105",1104,"39_87_595",38.7443279319278,-82.5688152347073
"1106",1105,"39_87_595",38.752884652092,-82.5637531492665
"1107",1106,"39_87_595",38.7455940853771,-82.5702525017309
"1108",1107,"39_87_595",38.7427187055925,-82.5637596928026
"1109",1108,"39_87_595",38.7418276380851,-82.565163204087
"1110",1109,"39_87_595",38.7492231462594,-82.5643208486466
"1111",1110,"39_127_629",39.5656419896331,-82.1440246464427
"1112",1111,"39_127_629",39.5664068987864,-82.1574225959957
"1113",1112,"39_127_629",39.5606347141953,-82.1702032451754
"1114",1113,"39_127_629",39.5573835861086,-82.1695329480591
"1115",1114,"39_127_629",39.5639929310194,-82.1575227526149
"1116",1115,"39_127_629",39.5631328105415,-82.1582486985652
"1117",1116,"39_127_629",39.5673460674341,-82.1768971193055
"1118",1117,"39_127_629",39.5535657063636,-82.1578535537166
"1119",1118,"39_127_629",39.5680629441994,-82.1669588286802
"1120",1119,"39_127_629",39.5764735847738,-82.1532482635423
"1121",1120,"39_87_192",38.646569984795,-82.412903009422
"1122",1121,"39_87_192",38.640622203568,-82.4193908296828
"1123",1122,"39_87_192",38.6428869704053,-82.4332995394649
"1124",1123,"39_87_192",38.6397009195673,-82.4137076852228
"1125",1124,"39_87_192",38.6474381373135,-82.4247004566473
"1126",1125,"39_87_192",38.643309248226,-82.4191293306328
"1127",1126,"39_87_192",38.657589753407,-82.4137761722168
"1128",1127,"39_87_192",38.6418983120234,-82.4016198938094
"1129",1128,"39_87_192",38.6439962243811,-82.4223387050223
"1130",1129,"39_87_192",38.6458816325185,-82.4329014811569
"1131",1130,"39_111_7156",39.6196642628747,-80.9621893750512
"1132",1131,"39_111_7156",39.6313063025644,-80.9739858039902
"1133",1132,"39_111_7156",39.6277057141436,-80.9576738819
"1134",1133,"39_111_7156",39.62760014188,-80.9571869366576
"1135",1134,"39_111_7156",39.6282766663381,-80.9611711401565
"1136",1135,"39_111_7156",39.6295483532644,-80.9541374372428
"1137",1136,"39_111_7156",39.6347243240171,-80.9453270884916
"1138",1137,"39_111_7156",39.6274819914453,-80.9725489468149
"1139",1138,"39_111_7156",39.6218992471368,-80.9679094690227
"1140",1139,"39_111_7156",39.6384927038109,-80.9579415792322
"1141",1140,"39_87_11220",38.584536688893,-82.6154571249732
"1142",1141,"39_87_11220",38.5693573812518,-82.6003795189417
"1143",1142,"39_87_11220",38.5744137305922,-82.6181731838541
"1144",1143,"39_87_11220",38.582496620683,-82.5970242001118
"1145",1144,"39_87_11220",38.5826861466814,-82.6041713633842
"1146",1145,"39_87_11220",38.5788369557999,-82.6130333694857
"1147",1146,"39_87_11220",38.5692111115682,-82.606554290225
"1148",1147,"39_87_11220",38.5785698037714,-82.6112747498747
"1149",1148,"39_87_11220",38.5795110266311,-82.6231594838916
"1150",1149,"39_87_11220",38.5793586292186,-82.6097822751169
"1151",1150,"39_9_8312",39.427089574934,-82.265273042851
"1152",1151,"39_9_8312",39.4190005587064,-82.2462734348916
"1153",1152,"39_9_8312",39.4122038570229,-82.2402652744099
"1154",1153,"39_9_8312",39.4059016187186,-82.2480845978482
"1155",1154,"39_9_8312",39.4208479466289,-82.2513978985998
"1156",1155,"39_9_8312",39.4228719089792,-82.2540633071623
"1157",1156,"39_9_8312",39.428730689991,-82.2613871768423
"1158",1157,"39_9_8312",39.4214180861169,-82.2517442665742
"1159",1158,"39_9_8312",39.4161834781205,-82.2402383228071
"1160",1159,"39_9_8312",39.424054616404,-82.2543150380393
"1161",1160,"39_73_409",39.4720249012866,-82.1856705411781
"1162",1161,"39_73_409",39.4751160717749,-82.2004313968844
"1163",1162,"39_73_409",39.4790313933306,-82.1993923568348
"1164",1163,"39_73_409",39.4822630748779,-82.1822549161833
"1165",1164,"39_73_409",39.4695536520092,-82.1946798887281
"1166",1165,"39_73_409",39.4748776999205,-82.2168902791863
"1167",1166,"39_73_409",39.4791090699018,-82.1942831295803
"1168",1167,"39_73_409",39.4770452707383,-82.20280390046
"1169",1168,"39_73_409",39.4783650906772,-82.2032898209031
"1170",1169,"39_73_409",39.4719594542081,-82.1868643191147
"1171",1170,"39_87_12775",38.6687640927964,-82.6470051226744
"1172",1171,"39_87_12775",38.6531626771411,-82.6304259651343
"1173",1172,"39_87_12775",38.6540169017174,-82.6493844712853
"1174",1173,"39_87_12775",38.6743449856525,-82.6382222509723
"1175",1174,"39_87_12775",38.6753752369919,-82.6374718698774
"1176",1175,"39_87_12775",38.6620626558504,-82.6356475297931
"1177",1176,"39_87_12775",38.6560340065629,-82.6299896864005
"1178",1177,"39_87_12775",38.6697363764335,-82.6421375343633
"1179",1178,"39_87_12775",38.672683864263,-82.6365585462823
"1180",1179,"39_87_12775",38.6658692629659,-82.6444602903716
"1181",1180,"39_9_11689",39.4450987210457,-82.124017212509
"1182",1181,"39_9_11689",39.4474642182932,-82.1280850655346
"1183",1182,"39_9_11689",39.4492091656584,-82.1277222421146
"1184",1183,"39_9_11689",39.4495456651584,-82.1375778374822
"1185",1184,"39_9_11689",39.4493964845899,-82.1290757208948
"1186",1185,"39_9_11689",39.4459901743702,-82.111724252161
"1187",1186,"39_9_11689",39.4487277545683,-82.127083771043
"1188",1187,"39_9_11689",39.4427722214732,-82.1307499971226
"1189",1188,"39_9_11689",39.4340003249492,-82.1359888877109
"1190",1189,"39_9_11689",39.4474379578796,-82.1265834544328
"1191",1190,"39_87_15693",38.7352390014135,-82.6000329482263
"1192",1191,"39_87_15693",38.7463193750392,-82.5937977909229
"1193",1192,"39_87_15693",38.7544325282508,-82.6006006723424
"1194",1193,"39_87_15693",38.7429891917104,-82.6000677611735
"1195",1194,"39_87_15693",38.7441413276241,-82.6032050662029
"1196",1195,"39_87_15693",38.7465965076518,-82.6039861533951
"1197",1196,"39_87_15693",38.7414928711378,-82.6019652403363
"1198",1197,"39_87_15693",38.7390478527847,-82.5971220329626
"1199",1198,"39_87_15693",38.7404679025727,-82.5933578076394
"1200",1199,"39_87_15693",38.7446031354964,-82.5995618413047
"1201",1200,"39_87_12778",38.6476452835492,-82.5005486747452
"1202",1201,"39_87_12778",38.6546719810321,-82.4967897286756
"1203",1202,"39_87_12778",38.6543385517022,-82.4948219995265
"1204",1203,"39_87_12778",38.6500148738508,-82.4847348642244
"1205",1204,"39_87_12778",38.6558254011137,-82.489938180174
"1206",1205,"39_87_12778",38.6584762087951,-82.5036409116226
"1207",1206,"39_87_12778",38.6592754537836,-82.4867840411633
"1208",1207,"39_87_12778",38.6470983669406,-82.5056097792352
"1209",1208,"39_87_12778",38.6547162765368,-82.4841916739214
"1210",1209,"39_87_12778",38.662837306309,-82.4880273466226
"1211",1210,"39_87_12785",38.605149068851,-82.4976135860422
"1212",1211,"39_87_12785",38.5903026887067,-82.5064571762342
"1213",1212,"39_87_12785",38.5966724549498,-82.5081480741163
"1214",1213,"39_87_12785",38.6033329992641,-82.512043800194
"1215",1214,"39_87_12785",38.6074863452718,-82.5178821982214
"1216",1215,"39_87_12785",38.601927969459,-82.5052131008275
"1217",1216,"39_87_12785",38.6016452556368,-82.5126830639052
"1218",1217,"39_87_12785",38.6092798690566,-82.5028838318651
"1219",1218,"39_87_12785",38.5934005608536,-82.504306116504
"1220",1219,"39_87_12785",38.5982392123365,-82.5243811222325
"1221",1220,"39_167_14071",39.4903013717457,-81.1034037053293
"1222",1221,"39_167_14071",39.4990423428006,-81.1191749356574
"1223",1222,"39_167_14071",39.4872598625581,-81.100803092991
"1224",1223,"39_167_14071",39.4960419679781,-81.1225228004336
"1225",1224,"39_167_14071",39.4882826586409,-81.1154517533157
"1226",1225,"39_167_14071",39.4908717303372,-81.0886138237251
"1227",1226,"39_167_14071",39.4897561954443,-81.0993711885245
"1228",1227,"39_167_14071",39.4888326709611,-81.1024224595517
"1229",1228,"39_167_14071",39.4887354654442,-81.1046474464875
"1230",1229,"39_167_14071",39.4915483175491,-81.0888576843902
"1231",1230,"39_111_15730",39.5780033147573,-81.2130411902303
"1232",1231,"39_111_15730",39.5938172726207,-81.2411889277368
"1233",1232,"39_111_15730",39.5862916621661,-81.2265853340048
"1234",1233,"39_111_15730",39.5845034602763,-81.2308804724451
"1235",1234,"39_111_15730",39.5886082007744,-81.2215294217606
"1236",1235,"39_111_15730",39.5838864911828,-81.2270709642009
"1237",1236,"39_111_15730",39.5781652346927,-81.2189525898207
"1238",1237,"39_111_15730",39.5859123603691,-81.2262317021574
"1239",1238,"39_111_15730",39.5948915232027,-81.2375120660893
"1240",1239,"39_111_15730",39.5906609390673,-81.2154014985359
"1241",1240,"39_127_2815",39.5948467750276,-82.291049495987
"1242",1241,"39_127_2815",39.6070168728538,-82.2848938444774
"1243",1242,"39_127_2815",39.599778167553,-82.2926339765916
"1244",1243,"39_127_2815",39.6029709189471,-82.2872266090448
"1245",1244,"39_127_2815",39.6032989570496,-82.3060970767347
"1246",1245,"39_127_2815",39.6091781457928,-82.2949939180986
"1247",1246,"39_127_2815",39.6008141911616,-82.2919643940064
"1248",1247,"39_127_2815",39.6036472592887,-82.2889175728881
"1249",1248,"39_127_2815",39.5996771786615,-82.2924738873585
"1250",1249,"39_127_2815",39.6000532365537,-82.3051760196437
"1251",1250,"39_111_511",39.6187200624626,-81.0844997224974
"1252",1251,"39_111_511",39.6192342751679,-81.0943142684204
"1253",1252,"39_111_511",39.6241217408283,-81.0797126751662
"1254",1253,"39_111_511",39.6251675550932,-81.066635619993
"1255",1254,"39_111_511",39.6326323181224,-81.0859788386629
"1256",1255,"39_111_511",39.6262968703486,-81.0864563351547
"1257",1256,"39_111_511",39.6245782327782,-81.0861441720326
"1258",1257,"39_111_511",39.6144111984216,-81.0933251624522
"1259",1258,"39_111_511",39.614163271573,-81.0911090523463
"1260",1259,"39_111_511",39.6110492655054,-81.0844814138305
"1261",1260,"39_87_4677",38.6231332806637,-82.5752681611667
"1262",1261,"39_87_4677",38.6238870714123,-82.586793352506
"1263",1262,"39_87_4677",38.6205305614983,-82.5778562854882
"1264",1263,"39_87_4677",38.6261982933778,-82.583378436717
"1265",1264,"39_87_4677",38.6091970187327,-82.587380133548
"1266",1265,"39_87_4677",38.6211393215029,-82.5841214220949
"1267",1266,"39_87_4677",38.6284393783827,-82.5786755543908
"1268",1267,"39_87_4677",38.6216677639581,-82.5861876381171
"1269",1268,"39_87_4677",38.6271076536806,-82.5896772868161
"1270",1269,"39_87_4677",38.6170365354924,-82.5836150723375
"1271",1270,"39_73_3185",39.4865790633223,-82.233402729892
"1272",1271,"39_73_3185",39.4930509360118,-82.2555669982525
"1273",1272,"39_73_3185",39.4841468937952,-82.2451584183764
"1274",1273,"39_73_3185",39.4880040005857,-82.2524160579876
"1275",1274,"39_73_3185",39.4892406115562,-82.2500987360004
"1276",1275,"39_73_3185",39.4841799674631,-82.2454847447564
"1277",1276,"39_73_3185",39.4853971641448,-82.2557028067558
"1278",1277,"39_73_3185",39.4873057108432,-82.2503424691179
"1279",1278,"39_73_3185",39.4876250441017,-82.2480963970806
"1280",1279,"39_73_3185",39.4889656496039,-82.2392697523598
"1281",1280,"39_127_1162",39.6066361950163,-82.0477372270827
"1282",1281,"39_127_1162",39.6204576512208,-82.0513888670676
"1283",1282,"39_127_1162",39.6090613237866,-82.0496806094701
"1284",1283,"39_127_1162",39.6269305697865,-82.0604208287554
"1285",1284,"39_127_1162",39.62609759647,-82.0619004051253
"1286",1285,"39_127_1162",39.6062970094728,-82.051940820601
"1287",1286,"39_127_1162",39.6254478033228,-82.0520974862573
"1288",1287,"39_127_1162",39.6049007741732,-82.0479414440358
"1289",1288,"39_127_1162",39.6146786414933,-82.0352001476003
"1290",1289,"39_127_1162",39.6269418299718,-82.0406099362877
"1291",1290,"39_111_3424",39.6611819522158,-81.148170786951
"1292",1291,"39_111_3424",39.6662087828444,-81.1640703015765
"1293",1292,"39_111_3424",39.6532996759214,-81.1602069967234
"1294",1293,"39_111_3424",39.6551000345417,-81.1384835895741
"1295",1294,"39_111_3424",39.6524415809357,-81.1578377383746
"1296",1295,"39_111_3424",39.6571616955394,-81.1540716082782
"1297",1296,"39_111_3424",39.6493581482715,-81.1405743217101
"1298",1297,"39_111_3424",39.6633928663363,-81.1564868129619
"1299",1298,"39_111_3424",39.658487413187,-81.1569954429577
"1300",1299,"39_111_3424",39.6605732608453,-81.1694342609995
"1301",1300,"39_87_2263",38.7562363442339,-82.5599148059906
"1302",1301,"39_87_2263",38.7660961542277,-82.5669827952267
"1303",1302,"39_87_2263",38.7653064549308,-82.5618916818086
"1304",1303,"39_87_2263",38.7654071132288,-82.5733769782247
"1305",1304,"39_87_2263",38.7619245873968,-82.5798326274444
"1306",1305,"39_87_2263",38.7656841333565,-82.5651429932705
"1307",1306,"39_87_2263",38.7667771617686,-82.5571744702596
"1308",1307,"39_87_2263",38.7687076689103,-82.5562038830034
"1309",1308,"39_87_2263",38.7660319555589,-82.5621350181705
"1310",1309,"39_87_2263",38.7641440621851,-82.5630111431341
"1311",1310,"39_167_3191",39.4920707872495,-81.1545001836783
"1312",1311,"39_167_3191",39.4848752141819,-81.1564037610823
"1313",1312,"39_167_3191",39.4886236670217,-81.1739258633823
"1314",1313,"39_167_3191",39.4864615534855,-81.1609753559636
"1315",1314,"39_167_3191",39.4745367314699,-81.1490365053328
"1316",1315,"39_167_3191",39.4719573440013,-81.1614809838511
"1317",1316,"39_167_3191",39.475239224357,-81.163040514142
"1318",1317,"39_167_3191",39.4847823248467,-81.1593373250002
"1319",1318,"39_167_3191",39.4910740934418,-81.1648456863948
"1320",1319,"39_167_3191",39.4860090392443,-81.1619700811466
"1321",1320,"39_87_8391",38.6469777617186,-82.7192548365996
"1322",1321,"39_87_8391",38.6398322933257,-82.7189328475964
"1323",1322,"39_87_8391",38.6579216556979,-82.7247191662904
"1324",1323,"39_87_8391",38.6468841026883,-82.7115412276426
"1325",1324,"39_87_8391",38.6431538612017,-82.7135688532108
"1326",1325,"39_87_8391",38.6584504286084,-82.7122993260947
"1327",1326,"39_87_8391",38.6469247405072,-82.7166273526223
"1328",1327,"39_87_8391",38.6613978378334,-82.7143978958841
"1329",1328,"39_87_8391",38.6485287607961,-82.7299467689238
"1330",1329,"39_87_8391",38.6543033282912,-82.7229132338315
"1331",1330,"39_87_8054",38.5872387423397,-82.5727548242353
"1332",1331,"39_87_8054",38.5705618912611,-82.5686953142065
"1333",1332,"39_87_8054",38.5922889701397,-82.5605908931193
"1334",1333,"39_87_8054",38.5801336517998,-82.5522840682119
"1335",1334,"39_87_8054",38.5777527767391,-82.5789892386147
"1336",1335,"39_87_8054",38.5869942833276,-82.5657362806616
"1337",1336,"39_87_8054",38.5835979662353,-82.565000460695
"1338",1337,"39_87_8054",38.5894081436624,-82.5666888909984
"1339",1338,"39_87_8054",38.5971055164691,-82.572631710023
"1340",1339,"39_87_8054",38.586630920124,-82.5647900273097
"1341",1340,"39_127_8297",39.6317838771411,-82.2534667649603
"1342",1341,"39_127_8297",39.6167300168445,-82.2420399932424
"1343",1342,"39_127_8297",39.6213175265549,-82.2452256550044
"1344",1343,"39_127_8297",39.6213145997227,-82.2403677500989
"1345",1344,"39_127_8297",39.6304091519505,-82.2440120207691
"1346",1345,"39_127_8297",39.6193427212957,-82.2401307775156
"1347",1346,"39_127_8297",39.6388923637104,-82.2397358596572
"1348",1347,"39_127_8297",39.6137540732099,-82.240771528811
"1349",1348,"39_127_8297",39.6256323166762,-82.2453087094004
"1350",1349,"39_127_8297",39.6264916202412,-82.2427144637064
"1351",1350,"39_87_8394",38.5761788789629,-82.7537324502235
"1352",1351,"39_87_8394",38.5837185286306,-82.7396035630396
"1353",1352,"39_87_8394",38.579756404634,-82.7395279601968
"1354",1353,"39_87_8394",38.5760207698886,-82.7371899360935
"1355",1354,"39_87_8394",38.5800324548274,-82.7575731679115
"1356",1355,"39_87_8394",38.5763387107457,-82.7540522837893
"1357",1356,"39_87_8394",38.5758452488959,-82.7546922702959
"1358",1357,"39_87_8394",38.5799676837934,-82.7365676203255
"1359",1358,"39_87_8394",38.5719916436861,-82.7542777820203
"1360",1359,"39_87_8394",38.5874525571423,-82.7540461867083
"1361",1360,"39_73_8306",39.5625802450627,-82.2536004481185
"1362",1361,"39_73_8306",39.5474034457099,-82.2613593465953
"1363",1362,"39_73_8306",39.5678802488015,-82.2591898571138
"1364",1363,"39_73_8306",39.5562760118636,-82.249870211254
"1365",1364,"39_73_8306",39.5598808553474,-82.2555092851474
"1366",1365,"39_73_8306",39.5601204642659,-82.2557977799444
"1367",1366,"39_73_8306",39.5636649051529,-82.2737198779246
"1368",1367,"39_73_8306",39.5672104569388,-82.250102802327
"1369",1368,"39_73_8306",39.5585269920878,-82.266917373576
"1370",1369,"39_73_8306",39.5579638910468,-82.2525727311781
"1371",1370,"39_167_14076",39.3945465175303,-81.2565059074735
"1372",1371,"39_167_14076",39.3897927785684,-81.2632271031323
"1373",1372,"39_167_14076",39.3821544723915,-81.2564108862401
"1374",1373,"39_167_14076",39.395067154528,-81.2552774124239
"1375",1374,"39_167_14076",39.3976779695971,-81.2594243481664
"1376",1375,"39_167_14076",39.3953964072989,-81.2555159550758
"1377",1376,"39_167_14076",39.4015640672011,-81.2661428066742
"1378",1377,"39_167_14076",39.3873964232789,-81.246537342528
"1379",1378,"39_167_14076",39.3922122822625,-81.2567909292675
"1380",1379,"39_167_14076",39.3879394122631,-81.2544754698711
"1381",1380,"39_127_13404",39.5671603345456,-82.2117267334485
"1382",1381,"39_127_13404",39.5840734195277,-82.1981826844111
"1383",1382,"39_127_13404",39.5793475701264,-82.2037741740291
"1384",1383,"39_127_13404",39.575233896806,-82.2033248546519
"1385",1384,"39_127_13404",39.5700891681202,-82.1892011817096
"1386",1385,"39_127_13404",39.5774332717852,-82.2022941279788
"1387",1386,"39_127_13404",39.5786639072099,-82.202917005443
"1388",1387,"39_127_13404",39.580828659647,-82.2037500567886
"1389",1388,"39_127_13404",39.5752784012301,-82.1882643562788
"1390",1389,"39_127_13404",39.5817599995852,-82.2022394567323
"1391",1390,"39_87_12792",38.5968965679899,-82.6234475677904
"1392",1391,"39_87_12792",38.5879546201219,-82.6363221051574
"1393",1392,"39_87_12792",38.5864749980854,-82.6373755664218
"1394",1393,"39_87_12792",38.5964229619326,-82.6328278247624
"1395",1394,"39_87_12792",38.5951654523208,-82.6278999034034
"1396",1395,"39_87_12792",38.5944380904091,-82.6359437059488
"1397",1396,"39_87_12792",38.5823889936208,-82.6195791980144
"1398",1397,"39_87_12792",38.5892037867944,-82.615592646684
"1399",1398,"39_87_12792",38.5996481409356,-82.6171440067863
"1400",1399,"39_87_12792",38.5941995943958,-82.6105527252603
"1401",1400,"39_9_11693",39.4180878195761,-82.2206329965605
"1402",1401,"39_9_11693",39.4127250544314,-82.2235599652565
"1403",1402,"39_9_11693",39.4187437317318,-82.2122231178113
"1404",1403,"39_9_11693",39.4220391359294,-82.2264117507477
"1405",1404,"39_9_11693",39.4061714079821,-82.229557825533
"1406",1405,"39_9_11693",39.4144109310435,-82.2171184725565
"1407",1406,"39_9_11693",39.4133743243682,-82.199511344478
"1408",1407,"39_9_11693",39.4115354694247,-82.2216572931672
"1409",1408,"39_9_11693",39.4169824368494,-82.2135514709942
"1410",1409,"39_9_11693",39.4166190807751,-82.2306397954184
"1411",1410,"39_53_2780",38.7058818626582,-82.4115425614261
"1412",1411,"39_53_2780",38.7053541202529,-82.419295506799
"1413",1412,"39_53_2780",38.7045168761077,-82.4242212176717
"1414",1413,"39_53_2780",38.7118517192135,-82.4275297563752
"1415",1414,"39_53_2780",38.7144644456547,-82.4189382178154
"1416",1415,"39_53_2780",38.7014691908092,-82.4196508031579
"1417",1416,"39_53_2780",38.7165806583311,-82.4052824615286
"1418",1417,"39_53_2780",38.7077989566317,-82.4188026487519
"1419",1418,"39_53_2780",38.7000129900578,-82.4142183988054
"1420",1419,"39_53_2780",38.7052755112051,-82.4282010821486
"1421",1420,"39_87_2049",38.7347482828839,-82.5235269768657
"1422",1421,"39_87_2049",38.7197686820133,-82.5182328666817
"1423",1422,"39_87_2049",38.7298626092636,-82.5242548629413
"1424",1423,"39_87_2049",38.7397940637235,-82.5166028673452
"1425",1424,"39_87_2049",38.7167033747047,-82.5182967847688
"1426",1425,"39_87_2049",38.7329935464516,-82.5305028291896
"1427",1426,"39_87_2049",38.7282090607919,-82.5235050409703
"1428",1427,"39_87_2049",38.7355861414024,-82.531850098676
"1429",1428,"39_87_2049",38.7307675756736,-82.5211738860417
"1430",1429,"39_87_2049",38.7411454111872,-82.5274735115766
"1431",1430,"39_145_3125",38.7061510170826,-82.7660709640514
"1432",1431,"39_145_3125",38.7221170555046,-82.7626417595701
"1433",1432,"39_145_3125",38.7222303037264,-82.782600722177
"1434",1433,"39_145_3125",38.7144919725784,-82.7652992018997
"1435",1434,"39_145_3125",38.7098435196324,-82.7657953817067
"1436",1435,"39_145_3125",38.7053476376541,-82.763888108666
"1437",1436,"39_145_3125",38.714329305474,-82.7789509897235
"1438",1437,"39_145_3125",38.7108679790684,-82.7716269294238
"1439",1438,"39_145_3125",38.7069380372195,-82.7742122833758
"1440",1439,"39_145_3125",38.7147266064625,-82.7607120386872
"1441",1440,"39_121_5629",39.5844955253519,-81.288055770703
"1442",1441,"39_121_5629",39.5971525133421,-81.2966476690685
"1443",1442,"39_121_5629",39.5996715238847,-81.311686410481
"1444",1443,"39_121_5629",39.596740702684,-81.2911973541745
"1445",1444,"39_121_5629",39.5940126448494,-81.3024561704849
"1446",1445,"39_121_5629",39.6039504824205,-81.2929307610593
"1447",1446,"39_121_5629",39.5884918634556,-81.301018020889
"1448",1447,"39_121_5629",39.598936183976,-81.2992770558523
"1449",1448,"39_121_5629",39.597850508774,-81.2784708886706
"1450",1449,"39_121_5629",39.5953170737638,-81.2900892390659
"1451",1450,"39_87_614",38.633529119439,-82.5322995415702
"1452",1451,"39_87_614",38.6336017304153,-82.5327112105088
"1453",1452,"39_87_614",38.6317642762949,-82.5483077974032
"1454",1453,"39_87_614",38.6206558387299,-82.5530383794675
"1455",1454,"39_87_614",38.6382700715228,-82.551728588854
"1456",1455,"39_87_614",38.6280712128203,-82.5368009976481
"1457",1456,"39_87_614",38.6350022499533,-82.5558339014168
"1458",1457,"39_87_614",38.6314523504739,-82.5450182201773
"1459",1458,"39_87_614",38.6358337123754,-82.5549428124324
"1460",1459,"39_87_614",38.6329684420096,-82.5465716924932
"1461",1460,"39_87_571",38.6955494867427,-82.6333541939444
"1462",1461,"39_87_571",38.7080902147214,-82.6352364219696
"1463",1462,"39_87_571",38.7029615806677,-82.6361850731416
"1464",1463,"39_87_571",38.7130328935073,-82.6416183276155
"1465",1464,"39_87_571",38.7036245005826,-82.6249123256529
"1466",1465,"39_87_571",38.7155586634344,-82.6321414377912
"1467",1466,"39_87_571",38.7177983344389,-82.6424387344859
"1468",1467,"39_87_571",38.703837417194,-82.6433220717399
"1469",1468,"39_87_571",38.7048346519391,-82.6370216274741
"1470",1469,"39_87_571",38.6955859165693,-82.6472671791048
"1471",1470,"39_167_3819",39.4347401986879,-81.1821218295288
"1472",1471,"39_167_3819",39.4325262633249,-81.1802215235596
"1473",1472,"39_167_3819",39.4309589353981,-81.1883125961311
"1474",1473,"39_167_3819",39.4223982399186,-81.1902431124579
"1475",1474,"39_167_3819",39.4366509902306,-81.1772835199954
"1476",1475,"39_167_3819",39.4394262991706,-81.1909978321907
"1477",1476,"39_167_3819",39.4363505010718,-81.1910926360868
"1478",1477,"39_167_3819",39.437696115267,-81.2051899330002
"1479",1478,"39_167_3819",39.4296697261463,-81.1829624825923
"1480",1479,"39_167_3819",39.442434806625,-81.1809887075282
"1481",1480,"39_53_361",38.7739380066434,-82.4699508165473
"1482",1481,"39_53_361",38.778032348346,-82.4755198720548
"1483",1482,"39_53_361",38.7711412495161,-82.4834469981707
"1484",1483,"39_53_361",38.7805690392774,-82.4590094293428
"1485",1484,"39_53_361",38.7883345920512,-82.4681270553409
"1486",1485,"39_53_361",38.7828477547795,-82.4650380145079
"1487",1486,"39_53_361",38.7750305415237,-82.4783344070414
"1488",1487,"39_53_361",38.7768368560093,-82.4682321660391
"1489",1488,"39_53_361",38.7793918273954,-82.4670680083082
"1490",1489,"39_53_361",38.7735849536079,-82.4606604370385
"1491",1490,"39_111_2349",39.6411683176722,-81.1429623127978
"1492",1491,"39_111_2349",39.643525966457,-81.1454692576249
"1493",1492,"39_111_2349",39.6424474576347,-81.1352571016659
"1494",1493,"39_111_2349",39.6343044905941,-81.145652993526
"1495",1494,"39_111_2349",39.6421865992409,-81.1379001605901
"1496",1495,"39_111_2349",39.643153141037,-81.1438090778748
"1497",1496,"39_111_2349",39.6393404821085,-81.1458824625968
"1498",1497,"39_111_2349",39.6377147600319,-81.1464412426155
"1499",1498,"39_111_2349",39.6499238805893,-81.130173675354
"1500",1499,"39_111_2349",39.6526921407676,-81.1526137410059
"1501",1500,"39_167_2121",39.5672026159407,-81.1770333994713
"1502",1501,"39_167_2121",39.5578098668671,-81.1728097232203
"1503",1502,"39_167_2121",39.5670652032141,-81.1583314912992
"1504",1503,"39_167_2121",39.556906873696,-81.1757382138277
"1505",1504,"39_167_2121",39.5697105138066,-81.1783531889532
"1506",1505,"39_167_2121",39.5732209589947,-81.1601188139043
"1507",1506,"39_167_2121",39.5653144939446,-81.1949775753394
"1508",1507,"39_167_2121",39.5668611254887,-81.1842273512235
"1509",1508,"39_167_2121",39.5581938936573,-81.1730896887297
"1510",1509,"39_167_2121",39.5683186443141,-81.1760225830984
"1511",1510,"39_127_5693",39.5924704733573,-82.0453741309319
"1512",1511,"39_127_5693",39.5837280040394,-82.0494255395748
"1513",1512,"39_127_5693",39.594190101119,-82.0419184710221
"1514",1513,"39_127_5693",39.5812990488473,-82.0554563854081
"1515",1514,"39_127_5693",39.5928341316219,-82.0580541252494
"1516",1515,"39_127_5693",39.5773318189596,-82.0389409692218
"1517",1516,"39_127_5693",39.5886979323263,-82.0460908092477
"1518",1517,"39_127_5693",39.5924049149488,-82.0479157137285
"1519",1518,"39_127_5693",39.5844967886849,-82.0549963233057
"1520",1519,"39_127_5693",39.5930850551275,-82.0449972731108
"1521",1520,"39_9_3039",39.4503179119808,-82.1459921268757
"1522",1521,"39_9_3039",39.4393269807873,-82.1669599713052
"1523",1522,"39_9_3039",39.4317946881039,-82.1597713166391
"1524",1523,"39_9_3039",39.4349935007795,-82.1495316286688
"1525",1524,"39_9_3039",39.4471874303305,-82.1458120915917
"1526",1525,"39_9_3039",39.4425311144558,-82.1664177936308
"1527",1526,"39_9_3039",39.4338100948554,-82.154681210303
"1528",1527,"39_9_3039",39.444808115226,-82.1570080645128
"1529",1528,"39_9_3039",39.4427723077604,-82.1665130722886
"1530",1529,"39_9_3039",39.444678079352,-82.154439601663
"1531",1530,"39_111_3233",39.6489356310215,-81.2517369132807
"1532",1531,"39_111_3233",39.6706245528837,-81.2442311698033
"1533",1532,"39_111_3233",39.6629707009568,-81.2375585532772
"1534",1533,"39_111_3233",39.6658369764112,-81.2315349481099
"1535",1534,"39_111_3233",39.6609872664027,-81.2378518429211
"1536",1535,"39_111_3233",39.6578878006847,-81.231616847295
"1537",1536,"39_111_3233",39.659247051297,-81.2552035754049
"1538",1537,"39_111_3233",39.6588787193632,-81.231348366236
"1539",1538,"39_111_3233",39.6562451716326,-81.2396838074426
"1540",1539,"39_111_3233",39.6555548365474,-81.2371152812281
"1541",1540,"39_127_2746",39.6155669748468,-82.2504379115274
"1542",1541,"39_127_2746",39.6241933656184,-82.2709014526307
"1543",1542,"39_127_2746",39.6194026053078,-82.2688165436588
"1544",1543,"39_127_2746",39.6230301984579,-82.2633427796478
"1545",1544,"39_127_2746",39.6201727138543,-82.2833068322186
"1546",1545,"39_127_2746",39.6233865068092,-82.259297201099
"1547",1546,"39_127_2746",39.6173923623419,-82.2658137589474
"1548",1547,"39_127_2746",39.623946159229,-82.2512814330619
"1549",1548,"39_127_2746",39.6141881371276,-82.2647356271107
"1550",1549,"39_127_2746",39.6238911768209,-82.2647224123348
"1551",1550,"39_145_4087",38.7100162276115,-82.70092709475
"1552",1551,"39_145_4087",38.7096885387899,-82.709256477606
"1553",1552,"39_145_4087",38.7147199474509,-82.7080587247459
"1554",1553,"39_145_4087",38.7076632749006,-82.6921156619008
"1555",1554,"39_145_4087",38.7091835055336,-82.7002214996885
"1556",1555,"39_145_4087",38.7117264450775,-82.6963261498418
"1557",1556,"39_145_4087",38.7096330718415,-82.7005121188272
"1558",1557,"39_145_4087",38.7136450384631,-82.7145344812862
"1559",1558,"39_145_4087",38.7060089064756,-82.7077537924881
"1560",1559,"39_145_4087",38.7129832380517,-82.6854994939047
"1561",1560,"39_121_2759",39.5971787272588,-81.2771226823468
"1562",1561,"39_121_2759",39.5917120646941,-81.2887226567844
"1563",1562,"39_121_2759",39.5893077712643,-81.2912678946195
"1564",1563,"39_121_2759",39.602081159384,-81.3074176784431
"1565",1564,"39_121_2759",39.5993037628833,-81.3073994268844
"1566",1565,"39_121_2759",39.5995896316738,-81.2826984129411
"1567",1566,"39_121_2759",39.6032560836798,-81.2825597837394
"1568",1567,"39_121_2759",39.6047637605224,-81.2876699368741
"1569",1568,"39_121_2759",39.5989701445837,-81.2829370256918
"1570",1569,"39_121_2759",39.5951835041757,-81.2911540528074
"1571",1570,"39_167_5386",39.5005651644704,-81.1822514284663
"1572",1571,"39_167_5386",39.4912949929595,-81.1812214060599
"1573",1572,"39_167_5386",39.4961534841375,-81.1801891124358
"1574",1573,"39_167_5386",39.5073361333006,-81.1857803598166
"1575",1574,"39_167_5386",39.4879987769366,-81.1740916147655
"1576",1575,"39_167_5386",39.4959578466462,-81.1889398608224
"1577",1576,"39_167_5386",39.4915780019778,-81.1823703886544
"1578",1577,"39_167_5386",39.5092432837204,-81.180597100045
"1579",1578,"39_167_5386",39.4829955476427,-81.1853866668532
"1580",1579,"39_167_5386",39.4930077030256,-81.1618048227729
"1581",1580,"39_167_4441",39.4173204156468,-81.2253839099127
"1582",1581,"39_167_4441",39.4210712610147,-81.2224350634222
"1583",1582,"39_167_4441",39.4216777527842,-81.2250338923902
"1584",1583,"39_167_4441",39.4181985701011,-81.2181985083172
"1585",1584,"39_167_4441",39.4132741520631,-81.211911332758
"1586",1585,"39_167_4441",39.4200355192615,-81.2279574742772
"1587",1586,"39_167_4441",39.4250498668458,-81.2238257792943
"1588",1587,"39_167_4441",39.4140812561782,-81.2177136138635
"1589",1588,"39_167_4441",39.4153393049319,-81.2284038548
"1590",1589,"39_167_4441",39.4292249063854,-81.2345489114068
"1591",1590,"39_53_2769",38.8390819803496,-82.5076677296939
"1592",1591,"39_53_2769",38.8510690783,-82.4994909119623
"1593",1592,"39_53_2769",38.8380191486451,-82.5016965746445
"1594",1593,"39_53_2769",38.8443373500835,-82.4932680316085
"1595",1594,"39_53_2769",38.839395102828,-82.5042206776909
"1596",1595,"39_53_2769",38.8367858594805,-82.5182770345304
"1597",1596,"39_53_2769",38.8379186697561,-82.5075196982446
"1598",1597,"39_53_2769",38.8385666402843,-82.5037999347782
"1599",1598,"39_53_2769",38.837771903169,-82.4886046678068
"1600",1599,"39_53_2769",38.8451577430828,-82.5174796141744
"1601",1600,"39_87_1349",38.7402726808392,-82.5006213947295
"1602",1601,"39_87_1349",38.7574275059057,-82.4934552876777
"1603",1602,"39_87_1349",38.7467587748954,-82.5046313363354
"1604",1603,"39_87_1349",38.7392360134543,-82.4971395003725
"1605",1604,"39_87_1349",38.7474307545626,-82.5045856691197
"1606",1605,"39_87_1349",38.7494664055937,-82.5010622792685
"1607",1606,"39_87_1349",38.7487088095948,-82.4992706447468
"1608",1607,"39_87_1349",38.7533545536611,-82.4967703280031
"1609",1608,"39_87_1349",38.7505453203217,-82.4995353608917
"1610",1609,"39_87_1349",38.7438640252317,-82.4986206562577
"1611",1610,"39_87_3919",38.5956396352943,-82.6006000283906
"1612",1611,"39_87_3919",38.5887802659523,-82.6098123338439
"1613",1612,"39_87_3919",38.5801420714136,-82.6080567183901
"1614",1613,"39_87_3919",38.5875117900549,-82.6119539670294
"1615",1614,"39_87_3919",38.600943195983,-82.6191398556975
"1616",1615,"39_87_3919",38.5899582807065,-82.6088797692878
"1617",1616,"39_87_3919",38.5926362396537,-82.6282843749403
"1618",1617,"39_87_3919",38.5923297350828,-82.6085185812693
"1619",1618,"39_87_3919",38.5853800746957,-82.6164738978506
"1620",1619,"39_87_3919",38.6053808642083,-82.6085372915442
"1621",1620,"39_111_4244",39.6002192505506,-81.1678196584567
"1622",1621,"39_111_4244",39.583989605322,-81.1615789650031
"1623",1622,"39_111_4244",39.5919135427227,-81.1673778637934
"1624",1623,"39_111_4244",39.5936788461151,-81.1655901726363
"1625",1624,"39_111_4244",39.5950201396061,-81.168555049083
"1626",1625,"39_111_4244",39.5881549717439,-81.1544739490329
"1627",1626,"39_111_4244",39.5908954531807,-81.1634445661691
"1628",1627,"39_111_4244",39.5818147430351,-81.1547274033653
"1629",1628,"39_111_4244",39.5974575097241,-81.154122648018
"1630",1629,"39_111_4244",39.6016362559023,-81.1642224891524
"1631",1630,"39_9_3882",39.4578988037364,-82.198334680265
"1632",1631,"39_9_3882",39.4609422432014,-82.2079435262084
"1633",1632,"39_9_3882",39.4720771623807,-82.2187155486557
"1634",1633,"39_9_3882",39.4582633850473,-82.1990310969225
"1635",1634,"39_9_3882",39.462573583042,-82.2023481818347
"1636",1635,"39_9_3882",39.4654080074539,-82.2055476401182
"1637",1636,"39_9_3882",39.4529515108616,-82.1988242824149
"1638",1637,"39_9_3882",39.4540486566554,-82.2012494945129
"1639",1638,"39_9_3882",39.4608730539898,-82.2073184815645
"1640",1639,"39_9_3882",39.4560176498227,-82.2121137176534
"1641",1640,"39_163_8639",39.3166231018721,-82.5754779181444
"1642",1641,"39_163_8639",39.3073613676602,-82.6035074468426
"1643",1642,"39_163_8639",39.3254527266109,-82.60823847933
"1644",1643,"39_163_8639",39.3177579482472,-82.5889873068325
"1645",1644,"39_163_8639",39.3168901479652,-82.6091851326489
"1646",1645,"39_163_8639",39.322745361762,-82.5880095904765
"1647",1646,"39_163_8639",39.3181992510458,-82.5946928613255
"1648",1647,"39_163_8639",39.3130347744362,-82.5979798702617
"1649",1648,"39_163_8639",39.3159221973687,-82.5933905108661
"1650",1649,"39_163_8639",39.3173517874021,-82.5959071575949
"1651",1650,"39_73_8322",39.3937410000458,-82.3869622376844
"1652",1651,"39_73_8322",39.4105254144351,-82.376732401914
"1653",1652,"39_73_8322",39.4044140001505,-82.3809679777973
"1654",1653,"39_73_8322",39.4044682688119,-82.3806285155043
"1655",1654,"39_73_8322",39.4017979432837,-82.3908518083217
"1656",1655,"39_73_8322",39.4123014409229,-82.380704490878
"1657",1656,"39_73_8322",39.410446918781,-82.3789251328811
"1658",1657,"39_73_8322",39.4059789089117,-82.3778232196896
"1659",1658,"39_73_8322",39.4167509252025,-82.383255089506
"1660",1659,"39_73_8322",39.4011828361903,-82.3864106868947
"1661",1660,"39_87_8381",38.6772534455022,-82.5619761343211
"1662",1661,"39_87_8381",38.6662365671998,-82.5711496472458
"1663",1662,"39_87_8381",38.6793296635799,-82.5594885973001
"1664",1663,"39_87_8381",38.6781242565758,-82.5622396706042
"1665",1664,"39_87_8381",38.6770052628379,-82.5641217136427
"1666",1665,"39_87_8381",38.670556870153,-82.5534187653064
"1667",1666,"39_87_8381",38.6724661655984,-82.5631046111943
"1668",1667,"39_87_8381",38.6717302565359,-82.5656369201306
"1669",1668,"39_87_8381",38.6752467173355,-82.5629810663954
"1670",1669,"39_87_8381",38.6753838156642,-82.553193125172
"1671",1670,"39_73_8307",39.502037370324,-82.2700807724607
"1672",1671,"39_73_8307",39.5077508080659,-82.2791878275759
"1673",1672,"39_73_8307",39.5087526047152,-82.2719493640004
"1674",1673,"39_73_8307",39.5017303270026,-82.2684123944582
"1675",1674,"39_73_8307",39.5064599912344,-82.2826628548246
"1676",1675,"39_73_8307",39.5121874125473,-82.283377918283
"1677",1676,"39_73_8307",39.5019385535371,-82.2677470507366
"1678",1677,"39_73_8307",39.5059397455901,-82.278824787305
"1679",1678,"39_73_8307",39.5024600610245,-82.2888757612337
"1680",1679,"39_73_8307",39.504506645481,-82.2803454714867
"1681",1680,"39_87_12767",38.782482222675,-82.5645862535051
"1682",1681,"39_87_12767",38.7709365727649,-82.5542804447517
"1683",1682,"39_87_12767",38.7854462072918,-82.5579388192046
"1684",1683,"39_87_12767",38.7851027273408,-82.558642848959
"1685",1684,"39_87_12767",38.7807134214846,-82.5562629357156
"1686",1685,"39_87_12767",38.7778164441418,-82.5725958289163
"1687",1686,"39_87_12767",38.7679871647314,-82.5510223746807
"1688",1687,"39_87_12767",38.7875252768693,-82.5580702797799
"1689",1688,"39_87_12767",38.7688906183706,-82.567273925113
"1690",1689,"39_87_12767",38.7783372139488,-82.5711371538478
"1691",1690,"39_127_13401",39.6139148904108,-82.0411828876258
"1692",1691,"39_127_13401",39.6176568032886,-82.0491666089018
"1693",1692,"39_127_13401",39.6141393600115,-82.0537238896201
"1694",1693,"39_127_13401",39.6126550314643,-82.0393925342615
"1695",1694,"39_127_13401",39.6146051733988,-82.0604707886064
"1696",1695,"39_127_13401",39.6285191812458,-82.0618845465386
"1697",1696,"39_127_13401",39.6136912289204,-82.0520277076084
"1698",1697,"39_127_13401",39.6188418571789,-82.0511970148598
"1699",1698,"39_127_13401",39.6151811594196,-82.0482055081154
"1700",1699,"39_127_13401",39.6248848490482,-82.0526269482316
"1701",1700,"39_167_14051",39.4623021792108,-81.2749157682714
"1702",1701,"39_167_14051",39.4619297438867,-81.2902338079746
"1703",1702,"39_167_14051",39.4604109567991,-81.2990605821828
"1704",1703,"39_167_14051",39.472237688686,-81.3010903368276
"1705",1704,"39_167_14051",39.4534711092701,-81.2822752591901
"1706",1705,"39_167_14051",39.4555582141039,-81.2940637049661
"1707",1706,"39_167_14051",39.448409034695,-81.2961024931579
"1708",1707,"39_167_14051",39.4674186238838,-81.2829292083351
"1709",1708,"39_167_14051",39.4604142082393,-81.2909925637329
"1710",1709,"39_167_14051",39.4648155480646,-81.3044812807591
"1711",1710,"39_145_13694",38.735508392791,-82.7356875797125
"1712",1711,"39_145_13694",38.7527315070132,-82.7491436443491
"1713",1712,"39_145_13694",38.737727114744,-82.7644027660341
"1714",1713,"39_145_13694",38.7310913149874,-82.7381405053063
"1715",1714,"39_145_13694",38.7499890409272,-82.7537100042198
"1716",1715,"39_145_13694",38.7356955745231,-82.7502539747714
"1717",1716,"39_145_13694",38.7302796360622,-82.7585112167929
"1718",1717,"39_145_13694",38.7441444751988,-82.7445219193015
"1719",1718,"39_145_13694",38.7374256054576,-82.7506213708343
"1720",1719,"39_145_13694",38.7491615034767,-82.7592913637237
"1721",1720,"39_87_12793",38.6398671141888,-82.65427682374
"1722",1721,"39_87_12793",38.630971269716,-82.6712112195914
"1723",1722,"39_87_12793",38.6294107589077,-82.6640253783404
"1724",1723,"39_87_12793",38.6267128245471,-82.6630191031578
"1725",1724,"39_87_12793",38.6311091382671,-82.66416956151
"1726",1725,"39_87_12793",38.6225188342937,-82.6631105925166
"1727",1726,"39_87_12793",38.6290535010067,-82.6686160187716
"1728",1727,"39_87_12793",38.6193888118186,-82.6524962571437
"1729",1728,"39_87_12793",38.6314745433418,-82.6531284755106
"1730",1729,"39_87_12793",38.631534040005,-82.6743387829274
"1731",1730,"39_127_3899",39.6192447326481,-82.1886121001954
"1732",1731,"39_127_3899",39.6293898188347,-82.1863458742708
"1733",1732,"39_127_3899",39.6218408624318,-82.189517693331
"1734",1733,"39_127_3899",39.6287016179686,-82.1832780258128
"1735",1734,"39_127_3899",39.6374921378712,-82.1912375203441
"1736",1735,"39_127_3899",39.6408948781866,-82.1909466052959
"1737",1736,"39_127_3899",39.6296623183621,-82.2043476907905
"1738",1737,"39_127_3899",39.6293423880498,-82.1765964596782
"1739",1738,"39_127_3899",39.635283092919,-82.1890589401637
"1740",1739,"39_127_3899",39.6388574584641,-82.1832400958827
"1741",1740,"39_9_1903",39.4517137306094,-82.1619609901268
"1742",1741,"39_9_1903",39.4426018165994,-82.1578238535968
"1743",1742,"39_9_1903",39.4421600719905,-82.1699952353153
"1744",1743,"39_9_1903",39.4469566887295,-82.1776963819542
"1745",1744,"39_9_1903",39.4418183075975,-82.1687362322986
"1746",1745,"39_9_1903",39.4388789675804,-82.1690148791709
"1747",1746,"39_9_1903",39.4416543764162,-82.1876872107521
"1748",1747,"39_9_1903",39.4391943177121,-82.1645743803458
"1749",1748,"39_9_1903",39.4510477656014,-82.1721232889254
"1750",1749,"39_9_1903",39.4277592225241,-82.175951265785
"1751",1750,"39_111_1027",39.7250838413061,-81.1654800584443
"1752",1751,"39_111_1027",39.7160277510972,-81.1515925738958
"1753",1752,"39_111_1027",39.7202580958572,-81.1506534047475
"1754",1753,"39_111_1027",39.7358399580493,-81.1741058477177
"1755",1754,"39_111_1027",39.7209178669343,-81.1525220641649
"1756",1755,"39_111_1027",39.7313448616192,-81.1623601200646
"1757",1756,"39_111_1027",39.7264651299076,-81.153466835114
"1758",1757,"39_111_1027",39.7249463392418,-81.1652179446274
"1759",1758,"39_111_1027",39.7292928508722,-81.1819845219662
"1760",1759,"39_111_1027",39.724277062748,-81.1766410007267
"1761",1760,"39_87_4283",38.7247066069631,-82.5078595223944
"1762",1761,"39_87_4283",38.7049341182618,-82.5047150039718
"1763",1762,"39_87_4283",38.7224468742329,-82.4794909566181
"1764",1763,"39_87_4283",38.7131707039797,-82.4955837227701
"1765",1764,"39_87_4283",38.7118437059741,-82.4902062742501
"1766",1765,"39_87_4283",38.7115828751672,-82.4821705728904
"1767",1766,"39_87_4283",38.7154697797822,-82.4932863914018
"1768",1767,"39_87_4283",38.7134133811577,-82.4912579474964
"1769",1768,"39_87_4283",38.7102284127058,-82.4887247633091
"1770",1769,"39_87_4283",38.7268961544316,-82.4959441736421
"1771",1770,"39_9_2639",39.5349449771138,-82.0603028000733
"1772",1771,"39_9_2639",39.5425838795994,-82.0687081576548
"1773",1772,"39_9_2639",39.5541204090207,-82.0830736191881
"1774",1773,"39_9_2639",39.5444772924598,-82.0729763623718
"1775",1774,"39_9_2639",39.5553622409521,-82.0665353677294
"1776",1775,"39_9_2639",39.5470554552006,-82.0505095468947
"1777",1776,"39_9_2639",39.5466886359813,-82.0709186476531
"1778",1777,"39_9_2639",39.5516148614655,-82.075248863392
"1779",1778,"39_9_2639",39.5474499375096,-82.0715326653609
"1780",1779,"39_9_2639",39.5480335071111,-82.0679367980291
"1781",1780,"39_73_2719",39.4753387180584,-82.2272719653037
"1782",1781,"39_73_2719",39.469356842909,-82.2250893790083
"1783",1782,"39_73_2719",39.4772095555748,-82.2381390551749
"1784",1783,"39_73_2719",39.4766771671027,-82.2301850953519
"1785",1784,"39_73_2719",39.4644549557267,-82.2332716955096
"1786",1785,"39_73_2719",39.4762311068869,-82.2377749187324
"1787",1786,"39_73_2719",39.4758736860554,-82.2342845886269
"1788",1787,"39_73_2719",39.4837404540864,-82.2243754897116
"1789",1788,"39_73_2719",39.4806777092268,-82.2515132548023
"1790",1789,"39_73_2719",39.4882566068799,-82.2420484012938
"1791",1790,"39_87_2361",38.7814366891447,-82.5867507982162
"1792",1791,"39_87_2361",38.7785362780817,-82.5947275668309
"1793",1792,"39_87_2361",38.7750130015022,-82.5949306029745
"1794",1793,"39_87_2361",38.7850610415778,-82.5904738349656
"1795",1794,"39_87_2361",38.7790379310648,-82.5903720731615
"1796",1795,"39_87_2361",38.783513402922,-82.5944822148986
"1797",1796,"39_87_2361",38.7792918691341,-82.5954373627015
"1798",1797,"39_87_2361",38.7712463153634,-82.5930909742267
"1799",1798,"39_87_2361",38.7913060492649,-82.5943943400324
"1800",1799,"39_87_2361",38.793274524949,-82.59781076113
"1801",1800,"39_87_927",38.6479974640777,-82.6243019006258
"1802",1801,"39_87_927",38.6543138487146,-82.6273562562721
"1803",1802,"39_87_927",38.6482346868316,-82.6208039150275
"1804",1803,"39_87_927",38.651500417361,-82.623141397704
"1805",1804,"39_87_927",38.6594818807596,-82.6108170348283
"1806",1805,"39_87_927",38.6552874965904,-82.6136712040691
"1807",1806,"39_87_927",38.6531589908801,-82.6241940190066
"1808",1807,"39_87_927",38.6559913201695,-82.6340962114201
"1809",1808,"39_87_927",38.653451157884,-82.6231248190144
"1810",1809,"39_87_927",38.6430413661785,-82.614934321807
"1811",1810,"39_111_3729",39.6962905639652,-81.1612252344171
"1812",1811,"39_111_3729",39.6985350086921,-81.1670274715481
"1813",1812,"39_111_3729",39.6938779558566,-81.1735359216756
"1814",1813,"39_111_3729",39.6989932078661,-81.159449906852
"1815",1814,"39_111_3729",39.698127672736,-81.169510466896
"1816",1815,"39_111_3729",39.6975684045351,-81.1741382404486
"1817",1816,"39_111_3729",39.6988758035735,-81.160242342572
"1818",1817,"39_111_3729",39.6971252601351,-81.1642244540301
"1819",1818,"39_111_3729",39.6916383524181,-81.1586881762216
"1820",1819,"39_111_3729",39.6981236423821,-81.165400130745
"1821",1820,"39_111_1202",39.5886313095816,-81.0180977414287
"1822",1821,"39_111_1202",39.5954590557028,-81.0249097113445
"1823",1822,"39_111_1202",39.5866902055173,-81.0352367068199
"1824",1823,"39_111_1202",39.5939941604654,-81.008533822788
"1825",1824,"39_111_1202",39.5930765560209,-81.0266533949779
"1826",1825,"39_111_1202",39.6037800992623,-81.0209748333973
"1827",1826,"39_111_1202",39.6002287130754,-81.0216067185572
"1828",1827,"39_111_1202",39.5848115885279,-81.0328246055818
"1829",1828,"39_111_1202",39.5857508277009,-81.0344129620678
"1830",1829,"39_111_1202",39.5847966099113,-81.0047461602141
"1831",1830,"39_127_2058",39.565539066256,-82.2282543174077
"1832",1831,"39_127_2058",39.5537872292979,-82.2409606752927
"1833",1832,"39_127_2058",39.5549552597385,-82.2129379980561
"1834",1833,"39_127_2058",39.5697699059045,-82.2183005265084
"1835",1834,"39_127_2058",39.5487205832491,-82.2227790906409
"1836",1835,"39_127_2058",39.5602952725752,-82.2210607018847
"1837",1836,"39_127_2058",39.5631961966117,-82.2257208135543
"1838",1837,"39_127_2058",39.5756167602589,-82.2300004014909
"1839",1838,"39_127_2058",39.5526627315124,-82.2162041013715
"1840",1839,"39_127_2058",39.5661977581051,-82.2387843188788
"1841",1840,"39_167_1630",39.4464820842924,-81.2669198825547
"1842",1841,"39_167_1630",39.4428503839013,-81.2500498547216
"1843",1842,"39_167_1630",39.442279692601,-81.266046447112
"1844",1843,"39_167_1630",39.4453214495176,-81.2513135254645
"1845",1844,"39_167_1630",39.4471419009662,-81.2676551135226
"1846",1845,"39_167_1630",39.4458157043198,-81.2534009342257
"1847",1846,"39_167_1630",39.4353414393566,-81.2603884343233
"1848",1847,"39_167_1630",39.4385198495535,-81.256232160016
"1849",1848,"39_167_1630",39.4346683560505,-81.2613729105921
"1850",1849,"39_167_1630",39.440710486593,-81.2696642640155
"1851",1850,"39_87_3339",38.8310316276122,-82.5902322258691
"1852",1851,"39_87_3339",38.8247053255899,-82.5991231721212
"1853",1852,"39_87_3339",38.8289031286563,-82.5968103125522
"1854",1853,"39_87_3339",38.8300552856288,-82.5925293433688
"1855",1854,"39_87_3339",38.8261449056734,-82.608383485688
"1856",1855,"39_87_3339",38.82481507135,-82.6079050865061
"1857",1856,"39_87_3339",38.8306978331891,-82.6093982982434
"1858",1857,"39_87_3339",38.8221831779451,-82.58655526461
"1859",1858,"39_87_3339",38.8346298703024,-82.6000296830023
"1860",1859,"39_87_3339",38.8374052733748,-82.5860974680299
"1861",1860,"39_87_6997",38.7629192396972,-82.608584067819
"1862",1861,"39_87_6997",38.7543558438987,-82.6351660154984
"1863",1862,"39_87_6997",38.7665370529634,-82.6312945482186
"1864",1863,"39_87_6997",38.7621574068804,-82.6235428857822
"1865",1864,"39_87_6997",38.7649965813672,-82.6204125896045
"1866",1865,"39_87_6997",38.7613856474519,-82.6149454947386
"1867",1866,"39_87_6997",38.7602402798044,-82.6220026459737
"1868",1867,"39_87_6997",38.7698047960188,-82.6271093461662
"1869",1868,"39_87_6997",38.7664124043614,-82.6123394911785
"1870",1869,"39_87_6997",38.7700699497693,-82.6147485621661
"1871",1870,"39_87_5020",38.6879749235314,-82.6586391902098
"1872",1871,"39_87_5020",38.6684022680182,-82.6699271353405
"1873",1872,"39_87_5020",38.6771652368606,-82.6557046545822
"1874",1873,"39_87_5020",38.6867822148438,-82.6654955287287
"1875",1874,"39_87_5020",38.6843973180788,-82.661773165176
"1876",1875,"39_87_5020",38.6717449400911,-82.6589356148425
"1877",1876,"39_87_5020",38.6828166577599,-82.653303573256
"1878",1877,"39_87_5020",38.6838591011543,-82.657791550489
"1879",1878,"39_87_5020",38.6849740919789,-82.6763125075869
"1880",1879,"39_87_5020",38.6782254602664,-82.6515780141018
"1881",1880,"39_9_3333",39.4114266589553,-82.2061475941305
"1882",1881,"39_9_3333",39.4041572918242,-82.2219841967036
"1883",1882,"39_9_3333",39.4128440354325,-82.2080734627714
"1884",1883,"39_9_3333",39.422184855169,-82.2105529672764
"1885",1884,"39_9_3333",39.4126260729139,-82.1985552087545
"1886",1885,"39_9_3333",39.4116221608495,-82.2013029408378
"1887",1886,"39_9_3333",39.4119585631638,-82.2064967902138
"1888",1887,"39_9_3333",39.4071349559895,-82.2210389365561
"1889",1888,"39_9_3333",39.4115122389672,-82.2067992677314
"1890",1889,"39_9_3333",39.406831840821,-82.2065117132194
"1891",1890,"39_53_3860",38.7776665785308,-82.4650590091959
"1892",1891,"39_53_3860",38.7778842958239,-82.4504117775551
"1893",1892,"39_53_3860",38.7879898673046,-82.4564584958151
"1894",1893,"39_53_3860",38.7859472062247,-82.443301867699
"1895",1894,"39_53_3860",38.7862006388341,-82.4394921849934
"1896",1895,"39_53_3860",38.7967609828706,-82.4590923266032
"1897",1896,"39_53_3860",38.7851061241447,-82.4566687245837
"1898",1897,"39_53_3860",38.7861838472497,-82.4640027516995
"1899",1898,"39_53_3860",38.7837279244532,-82.4564784865293
"1900",1899,"39_53_3860",38.7801594279655,-82.4696341376464
"1901",1900,"39_87_5651",38.7316928606436,-82.6675814470263
"1902",1901,"39_87_5651",38.7086701303203,-82.672832129349
"1903",1902,"39_87_5651",38.7132061863209,-82.673469458117
"1904",1903,"39_87_5651",38.7191555935566,-82.6716819509031
"1905",1904,"39_87_5651",38.7194656904398,-82.6629481526924
"1906",1905,"39_87_5651",38.7183342671697,-82.663735143549
"1907",1906,"39_87_5651",38.7360045570877,-82.671760450073
"1908",1907,"39_87_5651",38.7234767468626,-82.6713478652316
"1909",1908,"39_87_5651",38.7221107445135,-82.6701807285567
"1910",1909,"39_87_5651",38.708552938805,-82.6720549003174
"1911",1910,"39_167_2541",39.5334598718984,-81.0959065096395
"1912",1911,"39_167_2541",39.5393885411228,-81.0965883740854
"1913",1912,"39_167_2541",39.5447006965297,-81.0869150447948
"1914",1913,"39_167_2541",39.5284220605035,-81.1119781432374
"1915",1914,"39_167_2541",39.5419454348087,-81.1030150369362
"1916",1915,"39_167_2541",39.5280718154504,-81.0988153153456
"1917",1916,"39_167_2541",39.5343292657896,-81.1169519582294
"1918",1917,"39_167_2541",39.5420516404148,-81.0965282898392
"1919",1918,"39_167_2541",39.5368091221081,-81.0985540808907
"1920",1919,"39_167_2541",39.5470621430513,-81.1137441101251
"1921",1920,"39_87_11243",38.6505163064152,-82.5520402304019
"1922",1921,"39_87_11243",38.6613437148948,-82.5394213634744
"1923",1922,"39_87_11243",38.6591212389953,-82.5334669347917
"1924",1923,"39_87_11243",38.6586195890812,-82.5441287801637
"1925",1924,"39_87_11243",38.6592505283065,-82.5411395433187
"1926",1925,"39_87_11243",38.6546559478218,-82.5434550160857
"1927",1926,"39_87_11243",38.6660139631031,-82.5411742363721
"1928",1927,"39_87_11243",38.6647086438781,-82.5379086927428
"1929",1928,"39_87_11243",38.6529226208418,-82.5315972641671
"1930",1929,"39_87_11243",38.6528160694178,-82.5294652208306
"1931",1930,"39_111_13153",39.6136099995493,-81.1447338873555
"1932",1931,"39_111_13153",39.6082737064361,-81.1646430415586
"1933",1932,"39_111_13153",39.6161957117869,-81.1695280530662
"1934",1933,"39_111_13153",39.607970891081,-81.1503721205321
"1935",1934,"39_111_13153",39.6172777623184,-81.1637848820396
"1936",1935,"39_111_13153",39.6154437240401,-81.1684945525785
"1937",1936,"39_111_13153",39.612508536544,-81.1665330456709
"1938",1937,"39_111_13153",39.6223852244654,-81.1694110424676
"1939",1938,"39_111_13153",39.615558525586,-81.1563519791397
"1940",1939,"39_111_13153",39.601917859999,-81.1585586314327
"1941",1940,"39_73_12469",39.4845234942149,-82.1823202486567
"1942",1941,"39_73_12469",39.499331248609,-82.189456153945
"1943",1942,"39_73_12469",39.4838643814492,-82.1791089615666
"1944",1943,"39_73_12469",39.4865927624556,-82.1801611167121
"1945",1944,"39_73_12469",39.4844126645692,-82.1796452409373
"1946",1945,"39_73_12469",39.4846613588471,-82.1822773530841
"1947",1946,"39_73_12469",39.4742239673654,-82.1816883216602
"1948",1947,"39_73_12469",39.4789162696549,-82.1750161955475
"1949",1948,"39_73_12469",39.4774630439647,-82.166467366963
"1950",1949,"39_73_12469",39.4949717409539,-82.1853038162901
"1951",1950,"39_87_12770",38.733126458425,-82.5422940090273
"1952",1951,"39_87_12770",38.7335453983593,-82.5463161298547
"1953",1952,"39_87_12770",38.7401488148525,-82.5319342502107
"1954",1953,"39_87_12770",38.7235795040424,-82.5467814441757
"1955",1954,"39_87_12770",38.7321018586122,-82.5289850365029
"1956",1955,"39_87_12770",38.737435029364,-82.5273515103277
"1957",1956,"39_87_12770",38.7355144770976,-82.5356555287984
"1958",1957,"39_87_12770",38.7407325449351,-82.5465581540648
"1959",1958,"39_87_12770",38.7310453886291,-82.5399462562656
"1960",1959,"39_87_12770",38.7364608382278,-82.5299312124371
"1961",1960,"39_111_212",39.680163878633,-81.0552817769954
"1962",1961,"39_111_212",39.6743484068717,-81.0451890773886
"1963",1962,"39_111_212",39.677453417223,-81.0314642771191
"1964",1963,"39_111_212",39.6854460841535,-81.0486284101804
"1965",1964,"39_111_212",39.6868380564182,-81.0562583521827
"1966",1965,"39_111_212",39.688894516028,-81.0549634561518
"1967",1966,"39_111_212",39.6802136693316,-81.0472336490078
"1968",1967,"39_111_212",39.6881349316812,-81.0485362362064
"1969",1968,"39_111_212",39.6937100814981,-81.0470930874393
"1970",1969,"39_111_212",39.6792473218996,-81.0474876953818
"1971",1970,"39_127_592",39.5627666051636,-82.0965398714803
"1972",1971,"39_127_592",39.5580877932145,-82.101581536098
"1973",1972,"39_127_592",39.5688869203057,-82.0924044009426
"1974",1973,"39_127_592",39.5724471995449,-82.1012858337855
"1975",1974,"39_127_592",39.5636434685089,-82.1012996319526
"1976",1975,"39_127_592",39.5594285752292,-82.0933567071351
"1977",1976,"39_127_592",39.5587899248098,-82.0999524811379
"1978",1977,"39_127_592",39.5660789872717,-82.0866800451509
"1979",1978,"39_127_592",39.5554210857835,-82.089312247184
"1980",1979,"39_127_592",39.5688044179431,-82.0872473482244
"1981",1980,"54_83_1109",38.5905597802034,-79.9569039931725
"1982",1981,"54_83_1109",38.5862310110958,-79.9710369053263
"1983",1982,"54_83_1109",38.585602425963,-79.96742966739
"1984",1983,"54_83_1109",38.5895339170269,-79.9804237892819
"1985",1984,"54_83_1109",38.5850216732199,-79.9729166026847
"1986",1985,"54_83_1109",38.5831719036948,-79.9717210202941
"1987",1986,"54_83_1109",38.5727278423269,-79.9835127061517
"1988",1987,"54_83_1109",38.5957730998646,-79.9708545473119
"1989",1988,"54_83_1109",38.5879225742516,-79.9647678549085
"1990",1989,"54_83_1109",38.583498188457,-79.9716241707715
"1991",1990,"37_175_7",35.2776148604042,-82.7767543030311
"1992",1991,"37_175_7",35.2862657591409,-82.7803426902969
"1993",1992,"37_175_7",35.2874814135598,-82.7874775407643
"1994",1993,"37_175_7",35.2804686314318,-82.78890992615
"1995",1994,"37_175_7",35.2862581544073,-82.7790883952881
"1996",1995,"37_175_7",35.2865563654357,-82.7729784648631
"1997",1996,"37_175_7",35.2774664624435,-82.7716410499569
"1998",1997,"37_175_7",35.280648499654,-82.7761616732473
"1999",1998,"37_175_7",35.2909476540881,-82.7725908649914
"2000",1999,"37_175_7",35.2900435219185,-82.7638533223256
"2001",2000,"37_99_32",35.2823707708236,-82.9537036387755
"2002",2001,"37_99_32",35.2885199019852,-82.9403573205042
"2003",2002,"37_99_32",35.2835374891554,-82.9519732918819
"2004",2003,"37_99_32",35.2828513238064,-82.9404846483155
"2005",2004,"37_99_32",35.2788969182254,-82.9627989365139
"2006",2005,"37_99_32",35.2807876493846,-82.9531628466154
"2007",2006,"37_99_32",35.2683635542731,-82.9448907420245
"2008",2007,"37_99_32",35.2702274487586,-82.9624137571786
"2009",2008,"37_99_32",35.2841898790569,-82.964283358291
"2010",2009,"37_99_32",35.2742096975692,-82.9522561724491
"2011",2010,"37_175_19",35.2456294307585,-82.9250849595209
"2012",2011,"37_175_19",35.2436601407435,-82.9150036354091
"2013",2012,"37_175_19",35.2357310620855,-82.9160608988365
"2014",2013,"37_175_19",35.239038804035,-82.9117887557621
"2015",2014,"37_175_19",35.2406266588423,-82.9159392900405
"2016",2015,"37_175_19",35.2346010948825,-82.9106979488503
"2017",2016,"37_175_19",35.2502573958129,-82.9081876545809
"2018",2017,"37_175_19",35.2423197301268,-82.9197012831108
"2019",2018,"37_175_19",35.2429395953862,-82.9158947761808
"2020",2019,"37_175_19",35.2333476952188,-82.9239747039247
"2021",2020,"37_75_10",35.366104158323,-83.9955210635291
"2022",2021,"37_75_10",35.3623654597396,-83.9952829653693
"2023",2022,"37_75_10",35.3697268123235,-83.9855270607149
"2024",2023,"37_75_10",35.3659810933907,-83.9836339340184
"2025",2024,"37_75_10",35.3656991124558,-83.9772527602911
"2026",2025,"37_75_10",35.3618137332169,-83.9938759974931
"2027",2026,"37_75_10",35.3615618197902,-83.9941003271917
"2028",2027,"37_75_10",35.3624905151748,-83.9796791573402
"2029",2028,"37_75_10",35.3557827588165,-83.9925201183946
"2030",2029,"37_75_10",35.3714537688563,-83.9984225923631
"2031",2030,"37_39_3",35.2161525979281,-83.9151289247364
"2032",2031,"37_39_3",35.2314061427392,-83.9092301554392
"2033",2032,"37_39_3",35.2323280143171,-83.9032698308912
"2034",2033,"37_39_3",35.2252566247528,-83.8981222311388
"2035",2034,"37_39_3",35.2334312034459,-83.9044556741806
"2036",2035,"37_39_3",35.2356320670038,-83.9118647519162
"2037",2036,"37_39_3",35.2193720238914,-83.9217754153075
"2038",2037,"37_39_3",35.2267537664717,-83.9082461179888
"2039",2038,"37_39_3",35.2250668558374,-83.9108751246074
"2040",2039,"37_39_3",35.2226625348413,-83.9060449748599
"2041",2040,"37_87_18",35.5728237845374,-83.1289710124367
"2042",2041,"37_87_18",35.5771281029873,-83.1233617164751
"2043",2042,"37_87_18",35.5843370741602,-83.1168083592754
"2044",2043,"37_87_18",35.5696147756354,-83.1313033718923
"2045",2044,"37_87_18",35.591044467734,-83.1191796974464
"2046",2045,"37_87_18",35.577585204565,-83.1226825747337
"2047",2046,"37_87_18",35.5728033116417,-83.135728084707
"2048",2047,"37_87_18",35.5780734902043,-83.1297096499917
"2049",2048,"37_87_18",35.5714600907182,-83.1155074693802
"2050",2049,"37_87_18",35.5808040070187,-83.1219651373073
"2051",2050,"37_173_90",35.4939284360544,-83.8560094635818
"2052",2051,"37_173_90",35.5042664210734,-83.8685709104928
"2053",2052,"37_173_90",35.4977507257886,-83.8559714745109
"2054",2053,"37_173_90",35.5105095573058,-83.865026888275
"2055",2054,"37_173_90",35.5000214725159,-83.8698049096764
"2056",2055,"37_173_90",35.4954831664305,-83.8570039834082
"2057",2056,"37_173_90",35.4983014376812,-83.8554044307832
"2058",2057,"37_173_90",35.5066916916631,-83.8788030420813
"2059",2058,"37_173_90",35.5073221818461,-83.8654200790734
"2060",2059,"37_173_90",35.4974203805767,-83.880716082415
"2061",2060,"37_87_87",35.6960913683309,-83.1452716351097
"2062",2061,"37_87_87",35.692311845782,-83.1500610672299
"2063",2062,"37_87_87",35.6834927802647,-83.1533696495019
"2064",2063,"37_87_87",35.6935914696352,-83.1590901615529
"2065",2064,"37_87_87",35.6930700385105,-83.1524718652625
"2066",2065,"37_87_87",35.700283644263,-83.1418226153377
"2067",2066,"37_87_87",35.691928161601,-83.1547517887291
"2068",2067,"37_87_87",35.6993216543027,-83.154401670568
"2069",2068,"37_87_87",35.6944360497531,-83.1534820218014
"2070",2069,"37_87_87",35.6980535508576,-83.1582476054695
"2071",2070,"37_111_63",35.7016577360297,-82.2870516478021
"2072",2071,"37_111_63",35.6968324217071,-82.2723114948174
"2073",2072,"37_111_63",35.7105691385755,-82.2715729146085
"2074",2073,"37_111_63",35.6972664399672,-82.2737646922368
"2075",2074,"37_111_63",35.6968812507651,-82.2665448328745
"2076",2075,"37_111_63",35.7079149879943,-82.2772257024912
"2077",2076,"37_111_63",35.7052021188116,-82.2765048973161
"2078",2077,"37_111_63",35.6938425634072,-82.2728074549747
"2079",2078,"37_111_63",35.697093900705,-82.2698477624519
"2080",2079,"37_111_63",35.7116149229067,-82.2720392120482
"2081",2080,"54_75_1981",38.3531898113154,-80.2560193910076
"2082",2081,"54_75_1981",38.3360419216737,-80.2423105914208
"2083",2082,"54_75_1981",38.3553915244639,-80.2364304923114
"2084",2083,"54_75_1981",38.3575719905702,-80.2390862919767
"2085",2084,"54_75_1981",38.3465484217779,-80.2497885473654
"2086",2085,"54_75_1981",38.3497689609464,-80.2354907108227
"2087",2086,"54_75_1981",38.3424901114195,-80.2449620210994
"2088",2087,"54_75_1981",38.3464662707957,-80.2508289359912
"2089",2088,"54_75_1981",38.3470657936978,-80.2292938444911
"2090",2089,"54_75_1981",38.3434429384805,-80.2393951092864
"2091",2090,"54_75_2006",38.653550901439,-79.7727278753915
"2092",2091,"54_75_2006",38.6449746344511,-79.7718413513426
"2093",2092,"54_75_2006",38.6493852315127,-79.7778306944004
"2094",2093,"54_75_2006",38.6553822615732,-79.78605194867
"2095",2094,"54_75_2006",38.6442589792217,-79.7728070337661
"2096",2095,"54_75_2006",38.6595823972773,-79.7633788793236
"2097",2096,"54_75_2006",38.6490293272379,-79.7624093224201
"2098",2097,"54_75_2006",38.6486238550555,-79.7838487015657
"2099",2098,"54_75_2006",38.6438700994036,-79.7806934096586
"2100",2099,"54_75_2006",38.6443194481525,-79.7734427375827
"2101",2100,"54_75_2017",38.5248613501523,-79.6698436838679
"2102",2101,"54_75_2017",38.5187581858834,-79.676555345442
"2103",2102,"54_75_2017",38.5166556295439,-79.686965942716
"2104",2103,"54_75_2017",38.5086233130006,-79.6774682630689
"2105",2104,"54_75_2017",38.520584435994,-79.6776742456715
"2106",2105,"54_75_2017",38.517235868487,-79.6803061108043
"2107",2106,"54_75_2017",38.5211287584125,-79.6638546396736
"2108",2107,"54_75_2017",38.5236390702697,-79.6895411594198
"2109",2108,"54_75_2017",38.5216895559705,-79.6819944099433
"2110",2109,"54_75_2017",38.5101505338584,-79.690413054874
"2111",2110,"54_75_2023",38.3100503952088,-80.1459744681008
"2112",2111,"54_75_2023",38.3118413005775,-80.1607410914426
"2113",2112,"54_75_2023",38.3244203274813,-80.1369461438603
"2114",2113,"54_75_2023",38.3132161359666,-80.1615863845815
"2115",2114,"54_75_2023",38.3072343406395,-80.1503945744974
"2116",2115,"54_75_2023",38.3241378224264,-80.1388949831558
"2117",2116,"54_75_2023",38.3252628592179,-80.1475738938906
"2118",2117,"54_75_2023",38.3049669863148,-80.1538955223385
"2119",2118,"54_75_2023",38.2991771883593,-80.1447161971243
"2120",2119,"54_75_2023",38.3111555292242,-80.1469723959505
"2121",2120,"54_75_2024",38.5827333550236,-79.7223335432123
"2122",2121,"54_75_2024",38.5861233527926,-79.7380799621577
"2123",2122,"54_75_2024",38.5825009114559,-79.7197501326768
"2124",2123,"54_75_2024",38.587755954862,-79.7356320554868
"2125",2124,"54_75_2024",38.5882703286712,-79.7318417458518
"2126",2125,"54_75_2024",38.5907920984679,-79.7349774192678
"2127",2126,"54_75_2024",38.5927095381806,-79.7495904805908
"2128",2127,"54_75_2024",38.5817281528985,-79.7447630660496
"2129",2128,"54_75_2024",38.5872000488161,-79.7444885826666
"2130",2129,"54_75_2024",38.5888427583998,-79.7340748324755
"2131",2130,"54_75_2059",38.2206130320689,-80.1974724232706
"2132",2131,"54_75_2059",38.2110675672838,-80.2138140268858
"2133",2132,"54_75_2059",38.2228107871198,-80.208728030943
"2134",2133,"54_75_2059",38.2148879579057,-80.2083954542929
"2135",2134,"54_75_2059",38.2058519281754,-80.2014492254015
"2136",2135,"54_75_2059",38.2126730256908,-80.219204245992
"2137",2136,"54_75_2059",38.2168834757765,-80.212752970287
"2138",2137,"54_75_2059",38.2134983069713,-80.2086951726823
"2139",2138,"54_75_2059",38.2221312813013,-80.2068657813723
"2140",2139,"54_75_2059",38.2165452707636,-80.1944410378071
"2141",2140,"54_75_2161",38.2395188007423,-80.1678757568222
"2142",2141,"54_75_2161",38.2439862170394,-80.163457856028
"2143",2142,"54_75_2161",38.2432815946177,-80.170333383597
"2144",2143,"54_75_2161",38.2416918295855,-80.1785715837599
"2145",2144,"54_75_2161",38.238089557929,-80.1717046515685
"2146",2145,"54_75_2161",38.2388197944115,-80.1873952151106
"2147",2146,"54_75_2161",38.240643199801,-80.1525988883385
"2148",2147,"54_75_2161",38.2413190399987,-80.1824694468715
"2149",2148,"54_75_2161",38.2363205250233,-80.1575610529756
"2150",2149,"54_75_2161",38.234360603361,-80.1727974299505
"2151",2150,"54_75_2164",38.2203924143347,-80.3461659982793
"2152",2151,"54_75_2164",38.2214409471551,-80.351371940814
"2153",2152,"54_75_2164",38.2127804790898,-80.3405965321612
"2154",2153,"54_75_2164",38.2332343827413,-80.3446547704824
"2155",2154,"54_75_2164",38.2149180006599,-80.3570857338947
"2156",2155,"54_75_2164",38.2170902486976,-80.3479073801467
"2157",2156,"54_75_2164",38.2254765344875,-80.3505235713868
"2158",2157,"54_75_2164",38.2172365534202,-80.3444041469389
"2159",2158,"54_75_2164",38.2250110346102,-80.3590750281823
"2160",2159,"54_75_2164",38.2235775862032,-80.3499414877145
"2161",2160,"54_75_2169",38.4105610401802,-80.1516198776034
"2162",2161,"54_75_2169",38.4209725013242,-80.1471331664426
"2163",2162,"54_75_2169",38.422889878729,-80.1475518230493
"2164",2163,"54_75_2169",38.4361739287548,-80.1410237720188
"2165",2164,"54_75_2169",38.4267455842162,-80.1405849672811
"2166",2165,"54_75_2169",38.424452157839,-80.1422893843331
"2167",2166,"54_75_2169",38.4204009843024,-80.1449291384599
"2168",2167,"54_75_2169",38.4333804690966,-80.1504747420403
"2169",2168,"54_75_2169",38.42135599763,-80.1465130020182
"2170",2169,"54_75_2169",38.4325913595093,-80.1361596937415
"2171",2170,"54_75_2235",38.2621135414117,-80.2267811101057
"2172",2171,"54_75_2235",38.2700278707566,-80.2216978577188
"2173",2172,"54_75_2235",38.2558783554249,-80.2319628477839
"2174",2173,"54_75_2235",38.2567640547191,-80.2277785873605
"2175",2174,"54_75_2235",38.2662038767426,-80.2111381026671
"2176",2175,"54_75_2235",38.2519488664602,-80.2320484453591
"2177",2176,"54_75_2235",38.2493684460765,-80.2309829656624
"2178",2177,"54_75_2235",38.2510701972817,-80.2296755002081
"2179",2178,"54_75_2235",38.2503500590802,-80.2265050647405
"2180",2179,"54_75_2235",38.2600777249393,-80.2355094811286
"2181",2180,"54_75_2249",38.4991897929981,-79.8496492511618
"2182",2181,"54_75_2249",38.5006427019457,-79.8635909161305
"2183",2182,"54_75_2249",38.5026727130433,-79.8517869959943
"2184",2183,"54_75_2249",38.5070905300517,-79.8476029088796
"2185",2184,"54_75_2249",38.4887642748361,-79.8532505018857
"2186",2185,"54_75_2249",38.4933052139675,-79.8368352091395
"2187",2186,"54_75_2249",38.4886694588148,-79.8512677450362
"2188",2187,"54_75_2249",38.5025667329356,-79.8540284242217
"2189",2188,"54_75_2249",38.4923157962407,-79.86440134849
"2190",2189,"54_75_2249",38.5079972298585,-79.8371861964603
"2191",2190,"54_75_2250",38.1884639208022,-80.2584679985921
"2192",2191,"54_75_2250",38.1836673733786,-80.2729916709267
"2193",2192,"54_75_2250",38.187976077867,-80.2825120744497
"2194",2193,"54_75_2250",38.1831307380262,-80.2756045929154
"2195",2194,"54_75_2250",38.1776224204228,-80.2719190551613
"2196",2195,"54_75_2250",38.1918382291862,-80.2725817791468
"2197",2196,"54_75_2250",38.1866061630599,-80.2884976133273
"2198",2197,"54_75_2250",38.178630785981,-80.2847337967482
"2199",2198,"54_75_2250",38.1931096139601,-80.2701430579291
"2200",2199,"54_75_2250",38.1835069780299,-80.2702455627923
"2201",2200,"54_75_2295",38.2835502167062,-79.8548687949252
"2202",2201,"54_75_2295",38.2837007184743,-79.8628600272546
"2203",2202,"54_75_2295",38.2870009593736,-79.8619655717507
"2204",2203,"54_75_2295",38.2898427472304,-79.8655280821148
"2205",2204,"54_75_2295",38.2859718133704,-79.8574634990473
"2206",2205,"54_75_2295",38.2932813657948,-79.8474619455313
"2207",2206,"54_75_2295",38.2854917688505,-79.8583213495161
"2208",2207,"54_75_2295",38.2833507543061,-79.8398036813562
"2209",2208,"54_75_2295",38.2849176008679,-79.857488322133
"2210",2209,"54_75_2295",38.2765794965072,-79.8663518493593
"2211",2210,"54_75_2323",38.4392046186692,-79.9338819959175
"2212",2211,"54_75_2323",38.4450748432189,-79.9409828952579
"2213",2212,"54_75_2323",38.442518743317,-79.9235507250529
"2214",2213,"54_75_2323",38.4466856477815,-79.9365096553437
"2215",2214,"54_75_2323",38.4410182788375,-79.9336273583758
"2216",2215,"54_75_2323",38.4336308792433,-79.9263369670818
"2217",2216,"54_75_2323",38.4285189974391,-79.9303645995963
"2218",2217,"54_75_2323",38.4360288688346,-79.917649338161
"2219",2218,"54_75_2323",38.4363637438873,-79.9425278139443
"2220",2219,"54_75_2323",38.4401550794945,-79.9297384454529
"2221",2220,"54_75_2351",38.3127255309747,-80.2808033538823
"2222",2221,"54_75_2351",38.3125846551735,-80.2672873817322
"2223",2222,"54_75_2351",38.3068681362054,-80.2772113762724
"2224",2223,"54_75_2351",38.3227562542006,-80.2788490052676
"2225",2224,"54_75_2351",38.3035066127799,-80.2762534146921
"2226",2225,"54_75_2351",38.3032490740291,-80.2917730269173
"2227",2226,"54_75_2351",38.3136263963718,-80.267683909666
"2228",2227,"54_75_2351",38.3079104266591,-80.265223502691
"2229",2228,"54_75_2351",38.3123790755811,-80.2807188771719
"2230",2229,"54_75_2351",38.3193537616609,-80.2855767191585
"2231",2230,"54_75_2512",38.4421611535109,-79.844868604592
"2232",2231,"54_75_2512",38.4512177348424,-79.8507474771583
"2233",2232,"54_75_2512",38.4504525492387,-79.8490497294614
"2234",2233,"54_75_2512",38.4521501489672,-79.8507085743428
"2235",2234,"54_75_2512",38.4516580273576,-79.8547774079851
"2236",2235,"54_75_2512",38.4529325330825,-79.8514772315695
"2237",2236,"54_75_2512",38.4463181505911,-79.8526190219712
"2238",2237,"54_75_2512",38.4664921280745,-79.8492947591371
"2239",2238,"54_75_2512",38.4546933017277,-79.8508202301016
"2240",2239,"54_75_2512",38.4397823870533,-79.8582709870166
"2241",2240,"54_75_2477",38.1440495080893,-80.3022054891221
"2242",2241,"54_75_2477",38.1415462781364,-80.2968208269197
"2243",2242,"54_75_2477",38.143742406926,-80.2984935244239
"2244",2243,"54_75_2477",38.1590892558098,-80.3035899381366
"2245",2244,"54_75_2477",38.1505199295752,-80.3027634635679
"2246",2245,"54_75_2477",38.1456400034927,-80.299478248709
"2247",2246,"54_75_2477",38.1419180713248,-80.3014356140408
"2248",2247,"54_75_2477",38.1538076189544,-80.2951232034715
"2249",2248,"54_75_2477",38.1448569749252,-80.2956973337788
"2250",2249,"54_75_2477",38.1469933205531,-80.2923100432053
"2251",2250,"54_75_2491",38.2417805730991,-80.3254551524756
"2252",2251,"54_75_2491",38.2474686293031,-80.306058697852
"2253",2252,"54_75_2491",38.2442558249959,-80.3257163413226
"2254",2253,"54_75_2491",38.258688380995,-80.3114795850991
"2255",2254,"54_75_2491",38.2483616608895,-80.3236276099044
"2256",2255,"54_75_2491",38.2567627643662,-80.3318817151092
"2257",2256,"54_75_2491",38.2562167026267,-80.3194997673399
"2258",2257,"54_75_2491",38.250886424978,-80.3111426427924
"2259",2258,"54_75_2491",38.2529956200534,-80.325429041016
"2260",2259,"54_75_2491",38.2518844784433,-80.3300535254395
"2261",2260,"54_75_2500",38.5934529475553,-79.7488293071765
"2262",2261,"54_75_2500",38.5895146176356,-79.7385280307269
"2263",2262,"54_75_2500",38.5818354665406,-79.7497531333359
"2264",2263,"54_75_2500",38.5963642330107,-79.7397041610099
"2265",2264,"54_75_2500",38.5911204308255,-79.7533213236796
"2266",2265,"54_75_2500",38.5880155228428,-79.7425901246688
"2267",2266,"54_75_2500",38.5913378359973,-79.7462492081555
"2268",2267,"54_75_2500",38.5857967872932,-79.7397939452384
"2269",2268,"54_75_2500",38.5947038070234,-79.74152438286
"2270",2269,"54_75_2500",38.5801345283173,-79.7542212438053
"2271",2270,"54_83_570",38.7642176528585,-79.8383235117107
"2272",2271,"54_83_570",38.774037423851,-79.8283955038391
"2273",2272,"54_83_570",38.7555530436583,-79.8419288777474
"2274",2273,"54_83_570",38.7593726816426,-79.8542009120575
"2275",2274,"54_83_570",38.7647016823364,-79.8436947325362
"2276",2275,"54_83_570",38.7515685735921,-79.8439431275219
"2277",2276,"54_83_570",38.7643006263255,-79.8368668660947
"2278",2277,"54_83_570",38.7706928796586,-79.8518361725863
"2279",2278,"54_83_570",38.7587778366613,-79.8451052776913
"2280",2279,"54_83_570",38.7629358842549,-79.8384442639935
"2281",2280,"54_83_687",38.7836755633705,-79.7964624344716
"2282",2281,"54_83_687",38.7842129845396,-79.7856990464428
"2283",2282,"54_83_687",38.7813016937598,-79.8039346752836
"2284",2283,"54_83_687",38.780174792991,-79.789125941508
"2285",2284,"54_83_687",38.7828471474896,-79.7878803674914
"2286",2285,"54_83_687",38.7838263764169,-79.7862555553569
"2287",2286,"54_83_687",38.7798285168338,-79.7728811542309
"2288",2287,"54_83_687",38.7874708521212,-79.8037567766036
"2289",2288,"54_83_687",38.7841187603168,-79.7931564676437
"2290",2289,"54_83_687",38.7773516209047,-79.7897109823898
"2291",2290,"54_83_693",38.7869338987616,-79.6792723046516
"2292",2291,"54_83_693",38.7912876693787,-79.6845892849923
"2293",2292,"54_83_693",38.7880791239559,-79.6948755294984
"2294",2293,"54_83_693",38.7889934980234,-79.6877837538941
"2295",2294,"54_83_693",38.7935997065365,-79.6727054530396
"2296",2295,"54_83_693",38.7817586577038,-79.688293052501
"2297",2296,"54_83_693",38.8013769480542,-79.6828603148599
"2298",2297,"54_83_693",38.7847505065556,-79.6869986492456
"2299",2298,"54_83_693",38.7860402765706,-79.6720664764803
"2300",2299,"54_83_693",38.7902890316128,-79.6763001250917
"2301",2300,"54_83_806",38.6440983889678,-79.8891200854985
"2302",2301,"54_83_806",38.637747725765,-79.8880804712954
"2303",2302,"54_83_806",38.6576463203895,-79.8816558078961
"2304",2303,"54_83_806",38.6522687164331,-79.8978414104959
"2305",2304,"54_83_806",38.6476041834189,-79.8849342472574
"2306",2305,"54_83_806",38.6474325085466,-79.8849958218717
"2307",2306,"54_83_806",38.6558251071834,-79.8922358072634
"2308",2307,"54_83_806",38.641586419228,-79.9071003445077
"2309",2308,"54_83_806",38.653146931749,-79.8973301619254
"2310",2309,"54_83_806",38.6580754206907,-79.9012775246971
"2311",2310,"54_83_854",38.5976044517792,-79.8521136758011
"2312",2311,"54_83_854",38.5918484762004,-79.8544367941494
"2313",2312,"54_83_854",38.593680667328,-79.8469003626625
"2314",2313,"54_83_854",38.5881379332015,-79.8646768239976
"2315",2314,"54_83_854",38.5901428319831,-79.8563014385923
"2316",2315,"54_83_854",38.6010255982999,-79.8479399561703
"2317",2316,"54_83_854",38.5925236424384,-79.8538375354395
"2318",2317,"54_83_854",38.5954909103419,-79.8708870657221
"2319",2318,"54_83_854",38.5860345012032,-79.8633236866756
"2320",2319,"54_83_854",38.5828388878103,-79.8607639252315
"2321",2320,"54_83_992",38.6779306745627,-79.7307934798123
"2322",2321,"54_83_992",38.6895223159728,-79.7239655581483
"2323",2322,"54_83_992",38.6912928155521,-79.7240336823388
"2324",2323,"54_83_992",38.6971445253481,-79.7253340908998
"2325",2324,"54_83_992",38.6839767502356,-79.713364249775
"2326",2325,"54_83_992",38.6852644392221,-79.725107025655
"2327",2326,"54_83_992",38.6801646790422,-79.7040647607993
"2328",2327,"54_83_992",38.6793354817111,-79.7238038257073
"2329",2328,"54_83_992",38.6742684330596,-79.7087800419673
"2330",2329,"54_83_992",38.6842336498394,-79.720846929676
"2331",2330,"54_83_1083",38.9458187585921,-79.6929740847434
"2332",2331,"54_83_1083",38.9420910137517,-79.6890437109073
"2333",2332,"54_83_1083",38.9316287615438,-79.6824526328603
"2334",2333,"54_83_1083",38.9530086069302,-79.7003796003673
"2335",2334,"54_83_1083",38.9505208174443,-79.6900475257267
"2336",2335,"54_83_1083",38.9384628323535,-79.6801243485196
"2337",2336,"54_83_1083",38.9456585027452,-79.6932453927807
"2338",2337,"54_83_1083",38.9497510469434,-79.6875817897388
"2339",2338,"54_83_1083",38.9465049216175,-79.6959373813902
"2340",2339,"54_83_1083",38.9372888498651,-79.6993010555249
"2341",2340,"54_83_1109",38.6156904014674,-79.8437158799496
"2342",2341,"54_83_1109",38.6165201246793,-79.8508386466335
"2343",2342,"54_83_1109",38.6029194994897,-79.8553090838508
"2344",2343,"54_83_1109",38.6167020953389,-79.853104457306
"2345",2344,"54_83_1109",38.6233853989964,-79.8483219023035
"2346",2345,"54_83_1109",38.6210242698293,-79.8379320569901
"2347",2346,"54_83_1109",38.6087359207003,-79.8385960320827
"2348",2347,"54_83_1109",38.6038210445095,-79.843013162101
"2349",2348,"54_83_1109",38.604954810794,-79.8456272623708
"2350",2349,"54_83_1109",38.6035994096367,-79.8410145418147
"2351",2350,"54_83_1402",38.8133049684399,-79.6426131483118
"2352",2351,"54_83_1402",38.8116518996633,-79.6389844123421
"2353",2352,"54_83_1402",38.8144762754355,-79.6359361282529
"2354",2353,"54_83_1402",38.8220328263738,-79.6454093832338
"2355",2354,"54_83_1402",38.8272324098006,-79.6506142340993
"2356",2355,"54_83_1402",38.8342406761202,-79.6359357317934
"2357",2356,"54_83_1402",38.8274570198169,-79.6355475403655
"2358",2357,"54_83_1402",38.8100906765912,-79.6327074548273
"2359",2358,"54_83_1402",38.8258458380582,-79.6523690943554
"2360",2359,"54_83_1402",38.8110941867502,-79.6405822053083
"2361",2360,"54_83_1421",38.7583524546656,-79.6946041213972
"2362",2361,"54_83_1421",38.7567381721569,-79.7080420613463
"2363",2362,"54_83_1421",38.7483191508638,-79.7082241587322
"2364",2363,"54_83_1421",38.7542376879816,-79.6849384832642
"2365",2364,"54_83_1421",38.7543147618828,-79.6980274174356
"2366",2365,"54_83_1421",38.7501231948899,-79.6871070449472
"2367",2366,"54_83_1421",38.7612302625512,-79.6982200300693
"2368",2367,"54_83_1421",38.7544094135743,-79.694576802497
"2369",2368,"54_83_1421",38.7503762612405,-79.6924706525195
"2370",2369,"54_83_1421",38.7587323785389,-79.6942863959026
"2371",2370,"54_83_1454",38.7121409740407,-79.8390823854945
"2372",2371,"54_83_1454",38.7137772980451,-79.8273948129449
"2373",2372,"54_83_1454",38.7002926377397,-79.8463384307198
"2374",2373,"54_83_1454",38.7122493051042,-79.8474375424879
"2375",2374,"54_83_1454",38.705052394143,-79.8497633079257
"2376",2375,"54_83_1454",38.7095948495196,-79.8453479229153
"2377",2376,"54_83_1454",38.7089417465171,-79.8411482268453
"2378",2377,"54_83_1454",38.6987358099386,-79.8440353885813
"2379",2378,"54_83_1454",38.7081605976799,-79.8447390818235
"2380",2379,"54_83_1454",38.7089032333347,-79.8414920301623
"2381",2380,"54_83_1458",38.7882138404477,-79.639658946506
"2382",2381,"54_83_1458",38.7866007352353,-79.6458400082234
"2383",2382,"54_83_1458",38.7846410497864,-79.6644881376125
"2384",2383,"54_83_1458",38.7903134678393,-79.6509887022631
"2385",2384,"54_83_1458",38.7948076279999,-79.6677519823865
"2386",2385,"54_83_1458",38.7784803489743,-79.6433033830558
"2387",2386,"54_83_1458",38.7935879620168,-79.6603321958483
"2388",2387,"54_83_1458",38.7857966938132,-79.6537330197401
"2389",2388,"54_83_1458",38.7858229886463,-79.653879366839
"2390",2389,"54_83_1458",38.788503281946,-79.6541058798659
"2391",2390,"54_27_2028",39.1293432736079,-78.5389009139896
"2392",2391,"54_27_2028",39.1207421906845,-78.52304128467
"2393",2392,"54_27_2028",39.1337304621035,-78.5268485380406
"2394",2393,"54_27_2028",39.1360312424336,-78.5213728293086
"2395",2394,"54_27_2028",39.1333001202296,-78.5239638874669
"2396",2395,"54_27_2028",39.1289002670703,-78.5299762870014
"2397",2396,"54_27_2028",39.1363958006515,-78.5238988644171
"2398",2397,"54_27_2028",39.1297320322237,-78.5297725866081
"2399",2398,"54_27_2028",39.1386474544133,-78.513327141183
"2400",2399,"54_27_2028",39.1291559310984,-78.5156104241275
"2401",2400,"54_83_1783",38.5842431193836,-79.994632880464
"2402",2401,"54_83_1783",38.5783208271317,-79.9717620826078
"2403",2402,"54_83_1783",38.593543164553,-79.9854609361124
"2404",2403,"54_83_1783",38.5865968705222,-79.9851329811986
"2405",2404,"54_83_1783",38.5832476528352,-79.9917386169604
"2406",2405,"54_83_1783",38.5899066437001,-79.9859947976233
"2407",2406,"54_83_1783",38.5818727689848,-79.986140659576
"2408",2407,"54_83_1783",38.5805526673278,-79.9870278515123
"2409",2408,"54_83_1783",38.5893252617497,-79.9999633740609
"2410",2409,"54_83_1783",38.5831559911254,-79.9967507556815
"2411",2410,"54_83_1803",38.5630417673605,-79.9336368556379
"2412",2411,"54_83_1803",38.5649159183713,-79.9208505236102
"2413",2412,"54_83_1803",38.5607919708214,-79.9317845324047
"2414",2413,"54_83_1803",38.553852698316,-79.9407504622531
"2415",2414,"54_83_1803",38.5630781790449,-79.9140132791273
"2416",2415,"54_83_1803",38.5605702236376,-79.9284153996893
"2417",2416,"54_83_1803",38.5691861131578,-79.9329064897121
"2418",2417,"54_83_1803",38.569597912966,-79.9472495299211
"2419",2418,"54_83_1803",38.5689599393356,-79.9380373435023
"2420",2419,"54_83_1803",38.5678945375164,-79.9354573452852
"2421",2420,"54_83_1918",38.7643868585501,-79.8882211925565
"2422",2421,"54_83_1918",38.7518117172453,-79.9005750031734
"2423",2422,"54_83_1918",38.7386500999389,-79.8937141737096
"2424",2423,"54_83_1918",38.745304675064,-79.9035755205955
"2425",2424,"54_83_1918",38.7510489968288,-79.9023755432365
"2426",2425,"54_83_1918",38.7649473256176,-79.8954921656091
"2427",2426,"54_83_1918",38.7588764899257,-79.9022415070976
"2428",2427,"54_83_1918",38.7513019275062,-79.8850447233542
"2429",2428,"54_83_1918",38.7606514615046,-79.9035597858608
"2430",2429,"54_83_1918",38.7535902590381,-79.8993269502016
"2431",2430,"54_83_2038",38.7195438673945,-79.7114325531413
"2432",2431,"54_83_2038",38.7057872368636,-79.7292193254762
"2433",2432,"54_83_2038",38.7240035137445,-79.7430776948976
"2434",2433,"54_83_2038",38.7173023287398,-79.7273482868361
"2435",2434,"54_83_2038",38.7262956710235,-79.7353792986502
"2436",2435,"54_83_2038",38.7212171742443,-79.7318667887458
"2437",2436,"54_83_2038",38.7133290345847,-79.7256666749957
"2438",2437,"54_83_2038",38.7225465130593,-79.7321004574454
"2439",2438,"54_83_2038",38.7203170350757,-79.7198316251604
"2440",2439,"54_83_2038",38.7219153289284,-79.7405824585978
"2441",2440,"54_83_2066",38.9170084514124,-79.7758383875011
"2442",2441,"54_83_2066",38.9140992102176,-79.7759740807309
"2443",2442,"54_83_2066",38.9119256881746,-79.7750440407253
"2444",2443,"54_83_2066",38.9065028356475,-79.7634685132683
"2445",2444,"54_83_2066",38.9141077170819,-79.7725953867686
"2446",2445,"54_83_2066",38.9212356248857,-79.7807883523541
"2447",2446,"54_83_2066",38.9247252559499,-79.7662201414699
"2448",2447,"54_83_2066",38.9179290517234,-79.7643644079719
"2449",2448,"54_83_2066",38.9296476651919,-79.7688636698053
"2450",2449,"54_83_2066",38.9221249727113,-79.7754767862181
"2451",2450,"54_83_2067",38.6765891831456,-79.9017863609745
"2452",2451,"54_83_2067",38.6885058391242,-79.8818422728883
"2453",2452,"54_83_2067",38.6895457360492,-79.878521672018
"2454",2453,"54_83_2067",38.6987158133386,-79.8909047129695
"2455",2454,"54_83_2067",38.6876780627928,-79.8722542657893
"2456",2455,"54_83_2067",38.6853634822648,-79.8903996339728
"2457",2456,"54_83_2067",38.6987065460348,-79.8918696854179
"2458",2457,"54_83_2067",38.6838455135992,-79.8844144069601
"2459",2458,"54_83_2067",38.6872467633923,-79.8902777106871
"2460",2459,"54_83_2067",38.6958481452599,-79.8991125998105
"2461",2460,"54_83_2115",38.992189851655,-79.6019182188857
"2462",2461,"54_83_2115",38.9886331243162,-79.5915014265072
"2463",2462,"54_83_2115",38.9822242933677,-79.5887784958211
"2464",2463,"54_83_2115",38.9839825628574,-79.5777509217912
"2465",2464,"54_83_2115",38.9912011582108,-79.5913561033487
"2466",2465,"54_83_2115",38.9830571685369,-79.59589894888
"2467",2466,"54_83_2115",38.9801464657369,-79.5772560613479
"2468",2467,"54_83_2115",38.983821143883,-79.5919035003339
"2469",2468,"54_83_2115",38.9853290828104,-79.6063394632243
"2470",2469,"54_83_2115",38.979416424008,-79.5869066711156
"2471",2470,"54_83_2222",38.8419027737997,-79.6741532481843
"2472",2471,"54_83_2222",38.8463027347131,-79.6832818136303
"2473",2472,"54_83_2222",38.8463632081856,-79.6966876858939
"2474",2473,"54_83_2222",38.837534617564,-79.67296984396
"2475",2474,"54_83_2222",38.8400407413773,-79.6760869545271
"2476",2475,"54_83_2222",38.8443291730957,-79.6837607435484
"2477",2476,"54_83_2222",38.8333634281053,-79.6700793357173
"2478",2477,"54_83_2222",38.8504239013365,-79.6888785217938
"2479",2478,"54_83_2222",38.853591554719,-79.6846818485737
"2480",2479,"54_83_2222",38.8451659842558,-79.6783406362483
"2481",2480,"54_83_2276",38.5877107226602,-79.9010483235799
"2482",2481,"54_83_2276",38.5892773612417,-79.9016976064863
"2483",2482,"54_83_2276",38.5956829658278,-79.905739167207
"2484",2483,"54_83_2276",38.5866707731311,-79.9114013772943
"2485",2484,"54_83_2276",38.5801563753803,-79.8945437738631
"2486",2485,"54_83_2276",38.5924477527742,-79.9067654130598
"2487",2486,"54_83_2276",38.5931363906992,-79.9002977212815
"2488",2487,"54_83_2276",38.5928914430024,-79.9162165552405
"2489",2488,"54_83_2276",38.5919307149767,-79.9051819520227
"2490",2489,"54_83_2276",38.5942191946186,-79.9041243239077
"2491",2490,"54_83_2332",38.7095350638761,-79.6064856660627
"2492",2491,"54_83_2332",38.7168796754951,-79.6056278092939
"2493",2492,"54_83_2332",38.7209742142259,-79.6152449940845
"2494",2493,"54_83_2332",38.7231481649439,-79.6095473778395
"2495",2494,"54_83_2332",38.7164243852766,-79.6092882358801
"2496",2495,"54_83_2332",38.7136361739736,-79.6166037315166
"2497",2496,"54_83_2332",38.7183470887556,-79.6100847101144
"2498",2497,"54_83_2332",38.7175813557249,-79.6018387946579
"2499",2498,"54_83_2332",38.7289326535711,-79.6021565986897
"2500",2499,"54_83_2332",38.7275184143052,-79.6170050175467
"2501",2500,"54_83_2392",38.7385806959862,-79.7223372950322
"2502",2501,"54_83_2392",38.7462845229794,-79.7373606788058
"2503",2502,"54_83_2392",38.7347551525363,-79.7372124862405
"2504",2503,"54_83_2392",38.746338631789,-79.7377154006194
"2505",2504,"54_83_2392",38.7399848658274,-79.7436686109783
"2506",2505,"54_83_2392",38.7507667690361,-79.7353922058112
"2507",2506,"54_83_2392",38.7475098001892,-79.733749531101
"2508",2507,"54_83_2392",38.7416529005333,-79.7400295264083
"2509",2508,"54_83_2392",38.7484328936586,-79.72757741488
"2510",2509,"54_83_2392",38.7474866788645,-79.7237310036447
"2511",2510,"54_83_2428",38.8884977490772,-79.6504102957797
"2512",2511,"54_83_2428",38.8901005142929,-79.6433178632083
"2513",2512,"54_83_2428",38.8900818423453,-79.6584355748443
"2514",2513,"54_83_2428",38.8872027295645,-79.6459658782248
"2515",2514,"54_83_2428",38.8771606509248,-79.6571365040699
"2516",2515,"54_83_2428",38.8913781164834,-79.6315226374969
"2517",2516,"54_83_2428",38.8981385266251,-79.6464242790904
"2518",2517,"54_83_2428",38.8834000583986,-79.6338290010398
"2519",2518,"54_83_2428",38.882810999025,-79.6565758588788
"2520",2519,"54_83_2428",38.8826277375869,-79.6466749870089
"2521",2520,"54_83_2473",38.9462520780581,-79.715008643317
"2522",2521,"54_83_2473",38.9513904519238,-79.7249467571932
"2523",2522,"54_83_2473",38.9535085011335,-79.7184057147001
"2524",2523,"54_83_2473",38.9585848207882,-79.7367201916849
"2525",2524,"54_83_2473",38.9563509439093,-79.7236494428521
"2526",2525,"54_83_2473",38.9562660360046,-79.7135257260417
"2527",2526,"54_83_2473",38.9558023493938,-79.7265907270892
"2528",2527,"54_83_2473",38.9518193079839,-79.7261005515175
"2529",2528,"54_83_2473",38.9567913826541,-79.7227431589689
"2530",2529,"54_83_2473",38.9514492553964,-79.736477947348
"2531",2530,"54_83_2497",38.5242672435263,-79.9534186343147
"2532",2531,"54_83_2497",38.5227028359952,-79.9714897945798
"2533",2532,"54_83_2497",38.5257861274122,-79.9737792136039
"2534",2533,"54_83_2497",38.527342504132,-79.9639855876351
"2535",2534,"54_83_2497",38.5237299952471,-79.961442682041
"2536",2535,"54_83_2497",38.5265224208984,-79.9648543563467
"2537",2536,"54_83_2497",38.5183148735147,-79.9525538939228
"2538",2537,"54_83_2497",38.5280542612139,-79.9501117809733
"2539",2538,"54_83_2497",38.5169181232854,-79.9769179845082
"2540",2539,"54_83_2497",38.515652548285,-79.9633706810421
"2541",2540,"54_25_509",38.2408786964991,-80.4192569340366
"2542",2541,"54_25_509",38.2322315018409,-80.4122066925396
"2543",2542,"54_25_509",38.2394268150112,-80.4089360637468
"2544",2543,"54_25_509",38.2491100000971,-80.4224756525328
"2545",2544,"54_25_509",38.2454762582894,-80.4252473677386
"2546",2545,"54_25_509",38.2391577917351,-80.4089162273335
"2547",2546,"54_25_509",38.243830410444,-80.3923224961111
"2548",2547,"54_25_509",38.2415725504126,-80.4133624248243
"2549",2548,"54_25_509",38.231693103401,-80.4018626216261
"2550",2549,"54_25_509",38.2396545641086,-80.4108251415072
"2551",2550,"54_25_865",37.8870900413823,-80.3044825191908
"2552",2551,"54_25_865",37.8834362946909,-80.3053868829825
"2553",2552,"54_25_865",37.884753101098,-80.3068007393673
"2554",2553,"54_25_865",37.8830879773374,-80.303930451437
"2555",2554,"54_25_865",37.8856474353636,-80.3133419809637
"2556",2555,"54_25_865",37.890362325344,-80.29224957729
"2557",2556,"54_25_865",37.8921105293354,-80.3037204395264
"2558",2557,"54_25_865",37.8971800127423,-80.2996914947319
"2559",2558,"54_25_865",37.8900299103162,-80.301264955892
"2560",2559,"54_25_865",37.892130202162,-80.2970577249971
"2561",2560,"54_25_125",38.026094122295,-80.1938488280807
"2562",2561,"54_25_125",38.0386829636571,-80.1743429640884
"2563",2562,"54_25_125",38.0340228671032,-80.1620201352493
"2564",2563,"54_25_125",38.0251052381588,-80.194351608794
"2565",2564,"54_25_125",38.0380495241722,-80.1713174413783
"2566",2565,"54_25_125",38.0255139577512,-80.1714731529305
"2567",2566,"54_25_125",38.0271803572927,-80.1772761702068
"2568",2567,"54_25_125",38.0271274267616,-80.1756128785635
"2569",2568,"54_25_125",38.0189329077688,-80.1832339864876
"2570",2569,"54_25_125",38.040723239044,-80.1686790549203
"2571",2570,"54_31_229",38.9694628077789,-78.6068357065854
"2572",2571,"54_31_229",38.9793577607889,-78.6181817397607
"2573",2572,"54_31_229",38.9940053434632,-78.616532813475
"2574",2573,"54_31_229",38.9849041612115,-78.6028173441759
"2575",2574,"54_31_229",38.981563843021,-78.6049231383169
"2576",2575,"54_31_229",38.9793669064193,-78.5972357271085
"2577",2576,"54_31_229",38.9808318724826,-78.6037366941027
"2578",2577,"54_31_229",38.9868719622968,-78.5913855603832
"2579",2578,"54_31_229",38.9801719610344,-78.587849546747
"2580",2579,"54_31_229",38.9771746517391,-78.6056265155264
"2581",2580,"54_31_395",38.9143998130323,-78.8145514354433
"2582",2581,"54_31_395",38.9152900741438,-78.8162878572983
"2583",2582,"54_31_395",38.9054383040808,-78.8117004183697
"2584",2583,"54_31_395",38.9172796695509,-78.8152915926854
"2585",2584,"54_31_395",38.9160413928649,-78.8052617496612
"2586",2585,"54_31_395",38.9163780899604,-78.8177034837374
"2587",2586,"54_31_395",38.9169280794049,-78.8140661278372
"2588",2587,"54_31_395",38.9180203809055,-78.807286485101
"2589",2588,"54_31_395",38.9162185020344,-78.8147932903906
"2590",2589,"54_31_395",38.9142121984089,-78.8256655770715
"2591",2590,"54_31_990",39.0532431224199,-78.5476398324359
"2592",2591,"54_31_990",39.0417306072996,-78.5715052413442
"2593",2592,"54_31_990",39.0611944064082,-78.5723132080507
"2594",2593,"54_31_990",39.0502000331349,-78.5621905511445
"2595",2594,"54_31_990",39.0472535951076,-78.5596386367436
"2596",2595,"54_31_990",39.0519963845185,-78.5674939913598
"2597",2596,"54_31_990",39.0527965323325,-78.5796357137974
"2598",2597,"54_31_990",39.0509107996652,-78.5642518289995
"2599",2598,"54_31_990",39.0366962077274,-78.5642100099198
"2600",2599,"54_31_990",39.0546411023054,-78.5643236300831
"2601",2600,"54_31_1316",39.098266697201,-78.5194307298436
"2602",2601,"54_31_1316",39.1018907913118,-78.5269498137002
"2603",2602,"54_31_1316",39.0896017783101,-78.5300117101026
"2604",2603,"54_31_1316",39.0817218016412,-78.5103911834757
"2605",2604,"54_31_1316",39.0857253403355,-78.5062334411561
"2606",2605,"54_31_1316",39.0932069227355,-78.5028444666839
"2607",2606,"54_31_1316",39.0936970738033,-78.5163265048448
"2608",2607,"54_31_1316",39.0857972442244,-78.5326157107275
"2609",2608,"54_31_1316",39.0931104444646,-78.5304048502878
"2610",2609,"54_31_1316",39.0826054830975,-78.504129667995
"2611",2610,"54_31_1361",38.9806942148432,-78.6537382080542
"2612",2611,"54_31_1361",38.9705115072435,-78.6458056721464
"2613",2612,"54_31_1361",38.9728513655913,-78.664458993618
"2614",2613,"54_31_1361",38.971529547425,-78.6449009171452
"2615",2614,"54_31_1361",38.9770636946247,-78.6609663457247
"2616",2615,"54_31_1361",38.9817305676431,-78.6489492141034
"2617",2616,"54_31_1361",38.978873306297,-78.6378976734346
"2618",2617,"54_31_1361",38.9685676814589,-78.6564459013739
"2619",2618,"54_31_1361",38.980746258849,-78.6582303990017
"2620",2619,"54_31_1361",38.9654496814119,-78.6616969729621
"2621",2620,"54_31_1366",38.9723573118415,-78.7637881023144
"2622",2621,"54_31_1366",38.9611021333702,-78.7802200520927
"2623",2622,"54_31_1366",38.9680911669267,-78.7673071124458
"2624",2623,"54_31_1366",38.982901485791,-78.7615568055398
"2625",2624,"54_31_1366",38.9639812956554,-78.766851821514
"2626",2625,"54_31_1366",38.9602792326046,-78.7720016716752
"2627",2626,"54_31_1366",38.964640150598,-78.7695869304747
"2628",2627,"54_31_1366",38.9655520096169,-78.7707609226852
"2629",2628,"54_31_1366",38.970723593846,-78.7625670777511
"2630",2629,"54_31_1366",38.9672903589635,-78.7782503142452
"2631",2630,"54_93_43",39.0458558117871,-79.3502737748504
"2632",2631,"54_93_43",39.0547878474754,-79.3525456963752
"2633",2632,"54_93_43",39.0456686577641,-79.3679122800712
"2634",2633,"54_93_43",39.0400624311159,-79.3587230702086
"2635",2634,"54_93_43",39.054851266856,-79.3509114879829
"2636",2635,"54_93_43",39.0476736514241,-79.3498638769195
"2637",2636,"54_93_43",39.0478544044389,-79.3446850699398
"2638",2637,"54_93_43",39.0418111813952,-79.3638564920022
"2639",2638,"54_93_43",39.0421251526281,-79.3537379838333
"2640",2639,"54_93_43",39.0356995787268,-79.3528543961601
"2641",2640,"54_93_218",38.9990014202793,-79.3473792426002
"2642",2641,"54_93_218",38.998384194449,-79.3323753420259
"2643",2642,"54_93_218",38.9917738154749,-79.3205197868575
"2644",2643,"54_93_218",38.9918481498965,-79.3313870112804
"2645",2644,"54_93_218",38.989410744692,-79.3247312863544
"2646",2645,"54_93_218",38.9949038376783,-79.3365421339656
"2647",2646,"54_93_218",38.9858380172749,-79.3420267290429
"2648",2647,"54_93_218",38.988973053881,-79.3261020669157
"2649",2648,"54_93_218",38.9974627996053,-79.3324223884341
"2650",2649,"54_93_218",38.995970668666,-79.3372200240231
"2651",2650,"54_93_238",39.0195804460048,-79.6257092144982
"2652",2651,"54_93_238",39.0216743968681,-79.6293539718035
"2653",2652,"54_93_238",39.0190017355384,-79.6354978817997
"2654",2653,"54_93_238",39.0146603791739,-79.6286623563098
"2655",2654,"54_93_238",39.0171611609047,-79.6271749344306
"2656",2655,"54_93_238",39.0261209050918,-79.6170025612499
"2657",2656,"54_93_238",39.0299909388542,-79.6353968022469
"2658",2657,"54_93_238",39.0110542584923,-79.6287606642987
"2659",2658,"54_93_238",39.0232753283384,-79.6119279622467
"2660",2659,"54_93_238",39.0259083312071,-79.6411071370982
"2661",2660,"54_93_424",39.1346726317053,-79.6498222739888
"2662",2661,"54_93_424",39.1302588644675,-79.6347803748632
"2663",2662,"54_93_424",39.1364458755617,-79.6551964782065
"2664",2663,"54_93_424",39.133076912836,-79.6465825556307
"2665",2664,"54_93_424",39.1366191738091,-79.6378937779468
"2666",2665,"54_93_424",39.1233024291726,-79.6391300531053
"2667",2666,"54_93_424",39.1300284788184,-79.6511669372651
"2668",2667,"54_93_424",39.1234734598517,-79.6471431615107
"2669",2668,"54_93_424",39.1279318737738,-79.6478313155275
"2670",2669,"54_93_424",39.1239295792316,-79.6492220769799
"2671",2670,"54_93_569",39.0832699001416,-79.724256768027
"2672",2671,"54_93_569",39.088789321298,-79.7166869661075
"2673",2672,"54_93_569",39.0881924006641,-79.7346123102154
"2674",2673,"54_93_569",39.0935266507787,-79.716599031747
"2675",2674,"54_93_569",39.0823428553596,-79.7229063657532
"2676",2675,"54_93_569",39.0917174258799,-79.7163742070719
"2677",2676,"54_93_569",39.0697234635691,-79.727221421095
"2678",2677,"54_93_569",39.0837739094863,-79.7221829267701
"2679",2678,"54_93_569",39.0928821423273,-79.719001986808
"2680",2679,"54_93_569",39.0848471934667,-79.710589793649
"2681",2680,"54_93_668",39.123669395006,-79.7363310399008
"2682",2681,"54_93_668",39.131821181637,-79.7312834850246
"2683",2682,"54_93_668",39.1134502220967,-79.7519722135071
"2684",2683,"54_93_668",39.1298635652969,-79.7434681538461
"2685",2684,"54_93_668",39.1330128701058,-79.7321993217941
"2686",2685,"54_93_668",39.1317178781193,-79.7387166968835
"2687",2686,"54_93_668",39.1214463493062,-79.7546530239794
"2688",2687,"54_93_668",39.11420245272,-79.7495323530182
"2689",2688,"54_93_668",39.131563154904,-79.7493382896675
"2690",2689,"54_93_668",39.1234986349019,-79.7396124443042
"2691",2690,"54_93_824",39.0188186983165,-79.6819618003392
"2692",2691,"54_93_824",39.0117204055987,-79.6891296367642
"2693",2692,"54_93_824",39.0165341829225,-79.6688316748592
"2694",2693,"54_93_824",39.0149933736657,-79.6800600740117
"2695",2694,"54_93_824",39.0286795239646,-79.6868982134081
"2696",2695,"54_93_824",39.0110901941517,-79.6828264996832
"2697",2696,"54_93_824",39.0151417972428,-79.692075429117
"2698",2697,"54_93_824",39.0043048075094,-79.6735294404906
"2699",2698,"54_93_824",39.0200285814468,-79.6778187354249
"2700",2699,"54_93_824",39.0148898894743,-79.6811916081146
"2701",2700,"54_93_857",39.0690226596512,-79.5351425313764
"2702",2701,"54_93_857",39.0526313180478,-79.5117590964164
"2703",2702,"54_93_857",39.0552494664083,-79.5283380082344
"2704",2703,"54_93_857",39.0517557856131,-79.5149566049249
"2705",2704,"54_93_857",39.0460328401295,-79.5400174265805
"2706",2705,"54_93_857",39.0561385159805,-79.5190945646628
"2707",2706,"54_93_857",39.0557190954285,-79.5273687602701
"2708",2707,"54_93_857",39.055776047985,-79.5285467765405
"2709",2708,"54_93_857",39.0490126755697,-79.5249878128691
"2710",2709,"54_93_857",39.0592312521204,-79.5122292822822
"2711",2710,"54_93_887",39.1813601075889,-79.6280842276926
"2712",2711,"54_93_887",39.1962897219822,-79.6461993038887
"2713",2712,"54_93_887",39.1870033405664,-79.6353853451833
"2714",2713,"54_93_887",39.1887080439026,-79.6392935000749
"2715",2714,"54_93_887",39.1816517640848,-79.640002778027
"2716",2715,"54_93_887",39.1805375141017,-79.6433702105376
"2717",2716,"54_93_887",39.1856254573054,-79.6266731283914
"2718",2717,"54_93_887",39.1865981831935,-79.6376062681117
"2719",2718,"54_93_887",39.1792274947845,-79.63262451973
"2720",2719,"54_93_887",39.1794000030723,-79.6416763420036
"2721",2720,"54_31_1618",39.056798290231,-78.650413764134
"2722",2721,"54_31_1618",39.0601033866729,-78.6597928465803
"2723",2722,"54_31_1618",39.0589510275045,-78.6600680172703
"2724",2723,"54_31_1618",39.0504686411955,-78.6509434858991
"2725",2724,"54_31_1618",39.0438989799697,-78.658026555684
"2726",2725,"54_31_1618",39.0524982014063,-78.6527699787786
"2727",2726,"54_31_1618",39.0384407567123,-78.6509847408759
"2728",2727,"54_31_1618",39.0553385787039,-78.6580957790862
"2729",2728,"54_31_1618",39.0458038032497,-78.6614786011502
"2730",2729,"54_31_1618",39.0460192725529,-78.6635218135687
"2731",2730,"54_31_1695",39.01574986809,-78.6020187988643
"2732",2731,"54_31_1695",39.0110004082253,-78.5890518496836
"2733",2732,"54_31_1695",39.0265055842233,-78.6031577300322
"2734",2733,"54_31_1695",39.0190922567994,-78.603893480703
"2735",2734,"54_31_1695",39.0196942520232,-78.6044039583417
"2736",2735,"54_31_1695",39.0130818384893,-78.6000814671901
"2737",2736,"54_31_1695",39.0197519992194,-78.596287610346
"2738",2737,"54_31_1695",39.0170834847001,-78.5853305571012
"2739",2738,"54_31_1695",39.0196947869875,-78.6025176997435
"2740",2739,"54_31_1695",39.0264756187756,-78.6164756069366
"2741",2740,"54_31_2154",39.0186155424079,-78.7163093895594
"2742",2741,"54_31_2154",39.0213905927657,-78.7144725164087
"2743",2742,"54_31_2154",39.0182452988115,-78.710473272535
"2744",2743,"54_31_2154",39.020367640772,-78.7162358316027
"2745",2744,"54_31_2154",39.0138452133536,-78.7121260949669
"2746",2745,"54_31_2154",39.0259432260816,-78.7090069652777
"2747",2746,"54_31_2154",39.0310973040395,-78.705865825048
"2748",2747,"54_31_2154",39.0091946672912,-78.7040064377126
"2749",2748,"54_31_2154",39.0174018320368,-78.7147091980481
"2750",2749,"54_31_2154",39.0261719826614,-78.7239729081769
"2751",2750,"54_31_2466",38.941142831536,-78.7513211872261
"2752",2751,"54_31_2466",38.9422002636803,-78.7632363971772
"2753",2752,"54_31_2466",38.9358014578196,-78.7589475930454
"2754",2753,"54_31_2466",38.9457112365626,-78.7519983845697
"2755",2754,"54_31_2466",38.9382474876076,-78.7482602076965
"2756",2755,"54_31_2466",38.9591942060742,-78.7582459940062
"2757",2756,"54_31_2466",38.9492551224552,-78.7522320398261
"2758",2757,"54_31_2466",38.9519293477057,-78.7648128639983
"2759",2758,"54_31_2466",38.9483463436479,-78.7529378360911
"2760",2759,"54_31_2466",38.9372343214211,-78.7427984273112
"2761",2760,"54_93_1415",39.1659181878739,-79.5995356195752
"2762",2761,"54_93_1415",39.1598577038249,-79.6032377836461
"2763",2762,"54_93_1415",39.1737473363779,-79.6093710537818
"2764",2763,"54_93_1415",39.1626034058429,-79.5962220513976
"2765",2764,"54_93_1415",39.1514324288593,-79.5944009443455
"2766",2765,"54_93_1415",39.1598623538415,-79.6034431353133
"2767",2766,"54_93_1415",39.1607425051307,-79.6221652536528
"2768",2767,"54_93_1415",39.1579552366729,-79.6049367930695
"2769",2768,"54_93_1415",39.1661030096564,-79.5941292496741
"2770",2769,"54_93_1415",39.1640487443294,-79.6162736333944
"2771",2770,"54_93_1962",39.0639002194362,-79.6836921269642
"2772",2771,"54_93_1962",39.0569807390379,-79.6848419858566
"2773",2772,"54_93_1962",39.0567743583327,-79.6863480209994
"2774",2773,"54_93_1962",39.0466381242175,-79.6953799231121
"2775",2774,"54_93_1962",39.0502550979152,-79.6727369079871
"2776",2775,"54_93_1962",39.0631204701167,-79.6733910718513
"2777",2776,"54_93_1962",39.0461058945825,-79.682680180198
"2778",2777,"54_93_1962",39.0628315875653,-79.6971099824512
"2779",2778,"54_93_1962",39.0524788747867,-79.678413034884
"2780",2779,"54_93_1962",39.0677816902194,-79.6979726457585
"2781",2780,"54_93_2126",39.0961561359435,-79.4301330483323
"2782",2781,"54_93_2126",39.1039359509915,-79.4413025934022
"2783",2782,"54_93_2126",39.1026701426675,-79.4449843253223
"2784",2783,"54_93_2126",39.0899771807963,-79.4488642508421
"2785",2784,"54_93_2126",39.1016487952838,-79.4444013931309
"2786",2785,"54_93_2126",39.1051208084093,-79.4452967474288
"2787",2786,"54_93_2126",39.0992575921967,-79.4585131416943
"2788",2787,"54_93_2126",39.1115987551751,-79.436986692287
"2789",2788,"54_93_2126",39.1031932233115,-79.4492793120288
"2790",2789,"54_93_2126",39.0918182175138,-79.4468036566427
"2791",2790,"54_93_2147",39.0735019890241,-79.4732579136895
"2792",2791,"54_93_2147",39.085896131874,-79.4766276518871
"2793",2792,"54_93_2147",39.0733469405481,-79.4692298127252
"2794",2793,"54_93_2147",39.0844556496171,-79.4809259730152
"2795",2794,"54_93_2147",39.0943264019046,-79.4847059541755
"2796",2795,"54_93_2147",39.090681656842,-79.4886541806825
"2797",2796,"54_93_2147",39.0821364392672,-79.4704725692011
"2798",2797,"54_93_2147",39.0945379047951,-79.4825336241521
"2799",2798,"54_93_2147",39.0872449203922,-79.4760734311953
"2800",2799,"54_93_2147",39.0780984114126,-79.4752381462169
"2801",2800,"54_93_2493",39.1055644989183,-79.5404748508947
"2802",2801,"54_93_2493",39.0950778766594,-79.5331956727266
"2803",2802,"54_93_2493",39.1017541887851,-79.5460669605677
"2804",2803,"54_93_2493",39.1080529966519,-79.5619084594723
"2805",2804,"54_93_2493",39.0947233018999,-79.5330919302476
"2806",2805,"54_93_2493",39.0913880457691,-79.5353880270543
"2807",2806,"54_93_2493",39.1077833817727,-79.5417346815007
"2808",2807,"54_93_2493",39.1059878570107,-79.5551851730452
"2809",2808,"54_93_2493",39.0911597500865,-79.5437069901658
"2810",2809,"54_93_2493",39.1045748155862,-79.5489120717745
"2811",2810,"54_25_1173",37.9098494135045,-80.1672227612841
"2812",2811,"54_25_1173",37.923669670265,-80.1641425091617
"2813",2812,"54_25_1173",37.917542758144,-80.1734144560509
"2814",2813,"54_25_1173",37.9238435349589,-80.1681480308534
"2815",2814,"54_25_1173",37.9150283188624,-80.1665646122359
"2816",2815,"54_25_1173",37.9151322314391,-80.1676227195483
"2817",2816,"54_25_1173",37.9152094493081,-80.1658761861028
"2818",2817,"54_25_1173",37.9017148439817,-80.1696901022677
"2819",2818,"54_25_1173",37.9182212582225,-80.1704947563212
"2820",2819,"54_25_1173",37.9140660582328,-80.1498246488459
"2821",2820,"54_25_1274",38.0134579804887,-80.0164743718549
"2822",2821,"54_25_1274",38.0131942917718,-80.0263198755999
"2823",2822,"54_25_1274",38.0126551357981,-80.0078961896365
"2824",2823,"54_25_1274",38.0224949979962,-80.0163411605445
"2825",2824,"54_25_1274",38.0222191951469,-80.0146734478187
"2826",2825,"54_25_1274",38.0178309567685,-80.0167055614799
"2827",2826,"54_25_1274",38.0181178418692,-80.0154501164662
"2828",2827,"54_25_1274",38.0323888949988,-80.0176043173055
"2829",2828,"54_25_1274",38.0122313710268,-80.0083171304245
"2830",2829,"54_25_1274",38.0131768217023,-80.0081252106244
"2831",2830,"54_25_1285",38.0410432423335,-80.0645717190148
"2832",2831,"54_25_1285",38.0423636916596,-80.0519029172122
"2833",2832,"54_25_1285",38.0412017916918,-80.0479409358656
"2834",2833,"54_25_1285",38.0374303346255,-80.0455357241939
"2835",2834,"54_25_1285",38.0445674915203,-80.059238030686
"2836",2835,"54_25_1285",38.0393630830983,-80.0676310600545
"2837",2836,"54_25_1285",38.0334127596032,-80.0714605547427
"2838",2837,"54_25_1285",38.0376596687779,-80.0663560691097
"2839",2838,"54_25_1285",38.0496719001323,-80.0697258450098
"2840",2839,"54_25_1285",38.0492320963827,-80.0605845772771
"2841",2840,"54_25_1303",37.9945793423945,-80.1783196755596
"2842",2841,"54_25_1303",37.9836081322683,-80.1857336197406
"2843",2842,"54_25_1303",37.9831289233075,-80.1803352183603
"2844",2843,"54_25_1303",37.9783600304504,-80.1673168331308
"2845",2844,"54_25_1303",37.9741244136214,-80.1801216335168
"2846",2845,"54_25_1303",37.9813100849818,-80.1671875420601
"2847",2846,"54_25_1303",37.9847133659813,-80.180252425862
"2848",2847,"54_25_1303",37.9801282936154,-80.1726879989389
"2849",2848,"54_25_1303",37.9849888866065,-80.1767559784814
"2850",2849,"54_25_1303",37.9913553733865,-80.175604344497
"2851",2850,"54_25_1331",37.8541708145526,-80.1953546772494
"2852",2851,"54_25_1331",37.8448376705337,-80.2124527753662
"2853",2852,"54_25_1331",37.8485356205997,-80.2019783066496
"2854",2853,"54_25_1331",37.8374152134701,-80.2052702918665
"2855",2854,"54_25_1331",37.8497919407451,-80.1907968051144
"2856",2855,"54_25_1331",37.8423735327388,-80.2041883612499
"2857",2856,"54_25_1331",37.8415303159057,-80.209570147495
"2858",2857,"54_25_1331",37.8441199861231,-80.2060763651038
"2859",2858,"54_25_1331",37.8340046764106,-80.2078613570356
"2860",2859,"54_25_1331",37.840225287889,-80.1936520327144
"2861",2860,"54_25_1389",37.9010442217001,-80.2466318201312
"2862",2861,"54_25_1389",37.8961435134204,-80.2558441840391
"2863",2862,"54_25_1389",37.9001688615319,-80.2762387720823
"2864",2863,"54_25_1389",37.9091425605443,-80.2764463317624
"2865",2864,"54_25_1389",37.9008865919768,-80.2733001898586
"2866",2865,"54_25_1389",37.8926503622249,-80.2736420685777
"2867",2866,"54_25_1389",37.896356997465,-80.2578679612948
"2868",2867,"54_25_1389",37.8933839538001,-80.268524896395
"2869",2868,"54_25_1389",37.8928481676355,-80.2539813554236
"2870",2869,"54_25_1389",37.9005442853051,-80.2651125154111
"2871",2870,"54_25_1561",38.0486115340431,-79.9748003392333
"2872",2871,"54_25_1561",38.0487315230881,-79.9749783225242
"2873",2872,"54_25_1561",38.0408920881231,-79.9665896299818
"2874",2873,"54_25_1561",38.0458789651226,-79.970484336858
"2875",2874,"54_25_1561",38.0448803092839,-79.9711731608691
"2876",2875,"54_25_1561",38.0320474866967,-79.9767350430769
"2877",2876,"54_25_1561",38.0496720388248,-79.9712680886976
"2878",2877,"54_25_1561",38.0453500026559,-79.9718174865139
"2879",2878,"54_25_1561",38.050896852065,-79.9732839239993
"2880",2879,"54_25_1561",38.045274031813,-79.988474967982
"2881",2880,"54_25_1597",37.9534061972221,-80.1043893124862
"2882",2881,"54_25_1597",37.9587289338851,-80.0937134957551
"2883",2882,"54_25_1597",37.9587547807227,-80.1063261942208
"2884",2883,"54_25_1597",37.960021832334,-80.1208659452518
"2885",2884,"54_25_1597",37.9559301181136,-80.1033157775488
"2886",2885,"54_25_1597",37.9650609087777,-80.0970751623208
"2887",2886,"54_25_1597",37.9561326571238,-80.1139175060921
"2888",2887,"54_25_1597",37.9568584499246,-80.1013120679639
"2889",2888,"54_25_1597",37.9630646726512,-80.0934887745565
"2890",2889,"54_25_1597",37.952543755808,-80.1048846185745
"2891",2890,"54_25_1716",37.9303241440438,-80.2829052135796
"2892",2891,"54_25_1716",37.9176576992421,-80.2856431791453
"2893",2892,"54_25_1716",37.9360958874598,-80.2802440029038
"2894",2893,"54_25_1716",37.9221860201403,-80.263536042721
"2895",2894,"54_25_1716",37.9228814365012,-80.2777166556534
"2896",2895,"54_25_1716",37.9281796900436,-80.2840250651074
"2897",2896,"54_25_1716",37.9331222334271,-80.2632821470071
"2898",2897,"54_25_1716",37.9137666732135,-80.2766263472023
"2899",2898,"54_25_1716",37.9287908139878,-80.2758807021562
"2900",2899,"54_25_1716",37.9178799210387,-80.2690781973195
"2901",2900,"54_25_2137",37.9524400363841,-80.2548131785782
"2902",2901,"54_25_2137",37.9638168870833,-80.2572133799819
"2903",2902,"54_25_2137",37.9632810181589,-80.2569234447803
"2904",2903,"54_25_2137",37.9604448801238,-80.2620398190125
"2905",2904,"54_25_2137",37.9581443706772,-80.2490819372581
"2906",2905,"54_25_2137",37.9681412221259,-80.2458793987232
"2907",2906,"54_25_2137",37.9585391736069,-80.2628327003817
"2908",2907,"54_25_2137",37.96413488936,-80.2378630041732
"2909",2908,"54_25_2137",37.9564034558952,-80.252846752167
"2910",2909,"54_25_2137",37.9608815980661,-80.251003024171
"2911",2910,"54_101_314",38.3171826315572,-80.4062954335786
"2912",2911,"54_101_314",38.301842758652,-80.3976559881435
"2913",2912,"54_101_314",38.3011324470251,-80.4029895665908
"2914",2913,"54_101_314",38.308068319395,-80.4073109302933
"2915",2914,"54_101_314",38.3130496453602,-80.4150036430405
"2916",2915,"54_101_314",38.3017471135226,-80.4109164973656
"2917",2916,"54_101_314",38.2990195916049,-80.4101910218516
"2918",2917,"54_101_314",38.3018328490504,-80.4255386169319
"2919",2918,"54_101_314",38.316692397369,-80.3967154885162
"2920",2919,"54_101_314",38.2949657737131,-80.4208022466315
"2921",2920,"54_77_1491",39.2249218481737,-79.5003665126936
"2922",2921,"54_77_1491",39.2209015484462,-79.5062417971697
"2923",2922,"54_77_1491",39.2246983922241,-79.5064077107414
"2924",2923,"54_77_1491",39.2340279626538,-79.5124265108823
"2925",2924,"54_77_1491",39.2208784120788,-79.4935941544755
"2926",2925,"54_77_1491",39.2134689580718,-79.5087620971493
"2927",2926,"54_77_1491",39.2226752187334,-79.5171941002476
"2928",2927,"54_77_1491",39.2271161716087,-79.4898589116202
"2929",2928,"54_77_1491",39.2225865553348,-79.5066034655045
"2930",2929,"54_77_1491",39.2190554547972,-79.5071104978628
"2931",2930,"54_77_1849",39.2303253131938,-79.5420076208197
"2932",2931,"54_77_1849",39.2451536678631,-79.5469146270671
"2933",2932,"54_77_1849",39.2275310204795,-79.5372951094856
"2934",2933,"54_77_1849",39.2339428796277,-79.5532284620467
"2935",2934,"54_77_1849",39.2385949933576,-79.5584542825875
"2936",2935,"54_77_1849",39.2317646694046,-79.5262748036414
"2937",2936,"54_77_1849",39.2271312404679,-79.5397354886028
"2938",2937,"54_77_1849",39.2313767431633,-79.5459611787093
"2939",2938,"54_77_1849",39.2342356157196,-79.5439479994259
"2940",2939,"54_77_1849",39.2360329412146,-79.5303630803204
"2941",2940,"54_83_15",38.6976500531471,-79.935391348884
"2942",2941,"54_83_15",38.6909265361514,-79.9538766321198
"2943",2942,"54_83_15",38.6805103539724,-79.9376868273248
"2944",2943,"54_83_15",38.6832766230126,-79.9386430987088
"2945",2944,"54_83_15",38.6873214292229,-79.9443595199444
"2946",2945,"54_83_15",38.6856266079827,-79.925393008678
"2947",2946,"54_83_15",38.6886659953594,-79.9392038668548
"2948",2947,"54_83_15",38.6829010202459,-79.9459021369324
"2949",2948,"54_83_15",38.6859357328185,-79.92850330976
"2950",2949,"54_83_15",38.6866999626161,-79.9452381233888
"2951",2950,"54_83_53",38.7894693433914,-79.5052043014935
"2952",2951,"54_83_53",38.7868987622697,-79.5299275088264
"2953",2952,"54_83_53",38.7829294230389,-79.5160847238618
"2954",2953,"54_83_53",38.7948643626978,-79.5084649037241
"2955",2954,"54_83_53",38.7864000835385,-79.5149218496718
"2956",2955,"54_83_53",38.7847252961565,-79.5165383612749
"2957",2956,"54_83_53",38.7863917708307,-79.5319709276185
"2958",2957,"54_83_53",38.7924026882133,-79.5133480701627
"2959",2958,"54_83_53",38.7823303279844,-79.5151950857812
"2960",2959,"54_83_53",38.7790773928894,-79.5158022164414
"2961",2960,"54_83_116",38.7242704609964,-79.8094435638867
"2962",2961,"54_83_116",38.725770177483,-79.823063224286
"2963",2962,"54_83_116",38.722111380063,-79.8005284114771
"2964",2963,"54_83_116",38.7145405353052,-79.8209954660622
"2965",2964,"54_83_116",38.7241574506823,-79.8099320482635
"2966",2965,"54_83_116",38.7228142377859,-79.8058654002629
"2967",2966,"54_83_116",38.7214844665505,-79.8016510039717
"2968",2967,"54_83_116",38.7229842979158,-79.8189048574059
"2969",2968,"54_83_116",38.7155961311533,-79.8200738585839
"2970",2969,"54_83_116",38.7282193585643,-79.8104944420917
"2971",2970,"54_83_214",38.7468468190658,-79.7506440606325
"2972",2971,"54_83_214",38.7383089833487,-79.7729164340434
"2973",2972,"54_83_214",38.7484380607292,-79.7684151182032
"2974",2973,"54_83_214",38.7457053122638,-79.7660645710986
"2975",2974,"54_83_214",38.7495111333689,-79.762850891917
"2976",2975,"54_83_214",38.7396778969629,-79.7739198583888
"2977",2976,"54_83_214",38.7429399136091,-79.7560705632374
"2978",2977,"54_83_214",38.7467936620771,-79.767492508168
"2979",2978,"54_83_214",38.7458902531579,-79.7671447562769
"2980",2979,"54_83_214",38.7487978628949,-79.7608487183471
"2981",2980,"54_83_260",38.7513871749265,-79.5762836454567
"2982",2981,"54_83_260",38.7370928395149,-79.5753600312912
"2983",2982,"54_83_260",38.7415174717833,-79.5616643232631
"2984",2983,"54_83_260",38.7408607310136,-79.5567632499975
"2985",2984,"54_83_260",38.7410791670024,-79.5607943290814
"2986",2985,"54_83_260",38.759134428691,-79.5560418660664
"2987",2986,"54_83_260",38.7450565120516,-79.5593777998165
"2988",2987,"54_83_260",38.7473216204593,-79.5624344044408
"2989",2988,"54_83_260",38.7544570659804,-79.5554134342893
"2990",2989,"54_83_260",38.7480958570866,-79.5607961966109
"2991",2990,"54_83_265",38.7009736974006,-79.664130061118
"2992",2991,"54_83_265",38.6947407616634,-79.665347507584
"2993",2992,"54_83_265",38.7009750282303,-79.6652981721102
"2994",2993,"54_83_265",38.6986881873679,-79.6694395267456
"2995",2994,"54_83_265",38.7115390864873,-79.6775698948193
"2996",2995,"54_83_265",38.7006395237292,-79.674954724901
"2997",2996,"54_83_265",38.6862717675039,-79.6746186879203
"2998",2997,"54_83_265",38.7019426677373,-79.668282603221
"2999",2998,"54_83_265",38.6915940813279,-79.6685118867322
"3000",2999,"54_83_265",38.6991669391249,-79.6702185074371
"3001",3000,"54_83_340",39.0135732634835,-79.7734119386299
"3002",3001,"54_83_340",39.0181856746094,-79.7601896358699
"3003",3002,"54_83_340",39.0097946650921,-79.7847285382714
"3004",3003,"54_83_340",39.0096421627625,-79.7650436711425
"3005",3004,"54_83_340",39.0103028759548,-79.769344294392
"3006",3005,"54_83_340",39.0153216529889,-79.7773593190191
"3007",3006,"54_83_340",39.0062955206175,-79.7659325647377
"3008",3007,"54_83_340",39.0117586743245,-79.7485872844061
"3009",3008,"54_83_340",39.0060286715998,-79.7841617139884
"3010",3009,"54_83_340",39.0012645119338,-79.7647699380003
"3011",3010,"54_83_343",38.6461419507971,-79.9678710092635
"3012",3011,"54_83_343",38.6489194523891,-79.9703217701317
"3013",3012,"54_83_343",38.6399453114094,-79.9779110736194
"3014",3013,"54_83_343",38.654541037533,-79.9747728154137
"3015",3014,"54_83_343",38.6533802742,-79.9778085995362
"3016",3015,"54_83_343",38.6545432665736,-79.9721756900192
"3017",3016,"54_83_343",38.6493806901051,-79.970801860891
"3018",3017,"54_83_343",38.6431642295757,-79.9619518973096
"3019",3018,"54_83_343",38.6524239675704,-79.9615609808306
"3020",3019,"54_83_343",38.6478067476726,-79.9725988117574
"3021",3020,"54_101_517",38.3614253864754,-80.379425368852
"3022",3021,"54_101_517",38.3535673024835,-80.3858898038773
"3023",3022,"54_101_517",38.3726891227143,-80.3938179569834
"3024",3023,"54_101_517",38.3674233957165,-80.3865232273829
"3025",3024,"54_101_517",38.3683784730087,-80.4049844197966
"3026",3025,"54_101_517",38.3671981741427,-80.3893210054174
"3027",3026,"54_101_517",38.3655697094814,-80.3834181967654
"3028",3027,"54_101_517",38.365181285742,-80.3896798239207
"3029",3028,"54_101_517",38.3727260807652,-80.4038863367215
"3030",3029,"54_101_517",38.36631264796,-80.3881565328968
"3031",3030,"54_101_689",38.2724803064311,-80.3678756531664
"3032",3031,"54_101_689",38.2674201625351,-80.3607638812348
"3033",3032,"54_101_689",38.2656190999638,-80.3584613475142
"3034",3033,"54_101_689",38.2694679275957,-80.366715984232
"3035",3034,"54_101_689",38.2692392262837,-80.3662118657526
"3036",3035,"54_101_689",38.2693424985849,-80.3756637051195
"3037",3036,"54_101_689",38.2637576357583,-80.3753880094599
"3038",3037,"54_101_689",38.2611251494083,-80.360255402145
"3039",3038,"54_101_689",38.2626181688607,-80.3733542467111
"3040",3039,"54_101_689",38.2533496473778,-80.3757163064936
"3041",3040,"54_101_705",38.3526713064945,-80.3347442084703
"3042",3041,"54_101_705",38.3430398429573,-80.3459828650948
"3043",3042,"54_101_705",38.3434617330131,-80.3301507907962
"3044",3043,"54_101_705",38.3435521960793,-80.3486988848588
"3045",3044,"54_101_705",38.3494788044261,-80.3503663268078
"3046",3045,"54_101_705",38.3519304007527,-80.3338442533478
"3047",3046,"54_101_705",38.3478067754982,-80.3311378354856
"3048",3047,"54_101_705",38.3363140564393,-80.346341594422
"3049",3048,"54_101_705",38.3389534615708,-80.3363246026846
"3050",3049,"54_101_705",38.3502325259142,-80.3505503274289
"3051",3050,"54_101_963",38.3840872532923,-80.4655239431689
"3052",3051,"54_101_963",38.3719863344897,-80.4623765358349
"3053",3052,"54_101_963",38.3805805350462,-80.4615019655239
"3054",3053,"54_101_963",38.3836349110143,-80.4437900172379
"3055",3054,"54_101_963",38.3802815990741,-80.4617203747383
"3056",3055,"54_101_963",38.38313710271,-80.4542559312764
"3057",3056,"54_101_963",38.3711292615505,-80.4591557002748
"3058",3057,"54_101_963",38.3795259102625,-80.4616869783006
"3059",3058,"54_101_963",38.3803465885557,-80.4619200760558
"3060",3059,"54_101_963",38.3900323508091,-80.4615322645502
"3061",3060,"54_101_1081",38.369997399746,-80.3187647493722
"3062",3061,"54_101_1081",38.3673243114944,-80.3147204397005
"3063",3062,"54_101_1081",38.3673097638785,-80.3133355697526
"3064",3063,"54_101_1081",38.3619046218104,-80.3180923096961
"3065",3064,"54_101_1081",38.3565110962145,-80.3075921886149
"3066",3065,"54_101_1081",38.3586306244342,-80.31473598449
"3067",3066,"54_101_1081",38.363784559029,-80.3303930796645
"3068",3067,"54_101_1081",38.3764045427342,-80.2999038796727
"3069",3068,"54_101_1081",38.3722607077689,-80.3185635522216
"3070",3069,"54_101_1081",38.3584303770204,-80.3163922827189
"3071",3070,"54_101_1632",38.3227703012504,-80.4353903890579
"3072",3071,"54_101_1632",38.3373331120107,-80.4588068389168
"3073",3072,"54_101_1632",38.3272042294085,-80.4495365132253
"3074",3073,"54_101_1632",38.3413773424167,-80.4466258645147
"3075",3074,"54_101_1632",38.3333589144684,-80.4393030086704
"3076",3075,"54_101_1632",38.3413259917754,-80.4520835213497
"3077",3076,"54_101_1632",38.3276698731965,-80.4499061787047
"3078",3077,"54_101_1632",38.3344002609983,-80.4513180830871
"3079",3078,"54_101_1632",38.3198626039334,-80.4515664014574
"3080",3079,"54_101_1632",38.3295056451771,-80.4500840844414
"3081",3080,"54_101_1753",38.4731423837575,-80.2105463422146
"3082",3081,"54_101_1753",38.4644128577402,-80.2111415300556
"3083",3082,"54_101_1753",38.4843324866506,-80.2136257891942
"3084",3083,"54_101_1753",38.4730876084325,-80.2133533337348
"3085",3084,"54_101_1753",38.465016471273,-80.2164734058082
"3086",3085,"54_101_1753",38.4837617118368,-80.2121231157917
"3087",3086,"54_101_1753",38.4723765073598,-80.214132374096
"3088",3087,"54_101_1753",38.4716811275571,-80.2114393605394
"3089",3088,"54_101_1753",38.4701138667974,-80.2196247999164
"3090",3089,"54_101_1753",38.4707525294263,-80.2005427526878
"3091",3090,"54_101_1823",38.2933160803136,-80.4412724131362
"3092",3091,"54_101_1823",38.2831016694673,-80.4390770224533
"3093",3092,"54_101_1823",38.2891878363921,-80.4549834596869
"3094",3093,"54_101_1823",38.2914210397459,-80.4609058096717
"3095",3094,"54_101_1823",38.2888344243327,-80.4460565549132
"3096",3095,"54_101_1823",38.299633087171,-80.4453879959686
"3097",3096,"54_101_1823",38.2911486436791,-80.451219085431
"3098",3097,"54_101_1823",38.2873391657957,-80.4359767548678
"3099",3098,"54_101_1823",38.2928607657745,-80.4494000940568
"3100",3099,"54_101_1823",38.2800640340382,-80.4492363899624
"3101",3100,"54_101_2201",38.340974622908,-80.4951829025874
"3102",3101,"54_101_2201",38.3389457939429,-80.494271457034
"3103",3102,"54_101_2201",38.3382969318846,-80.4850831494807
"3104",3103,"54_101_2201",38.3392739478594,-80.4958287609938
"3105",3104,"54_101_2201",38.3401696062345,-80.5034631604519
"3106",3105,"54_101_2201",38.3392359085494,-80.4968692463891
"3107",3106,"54_101_2201",38.3502125428382,-80.5069020281092
"3108",3107,"54_101_2201",38.342043408674,-80.487284326838
"3109",3108,"54_101_2201",38.339264699262,-80.4957894939369
"3110",3109,"54_101_2201",38.34108706981,-80.4990870699503
"3111",3110,"54_101_2438",38.4150649052406,-80.4372749224282
"3112",3111,"54_101_2438",38.4106043060039,-80.4379822390586
"3113",3112,"54_101_2438",38.4119034541896,-80.4307751476934
"3114",3113,"54_101_2438",38.4141439095058,-80.4517361575398
"3115",3114,"54_101_2438",38.4118518274548,-80.4472376645562
"3116",3115,"54_101_2438",38.4156253669815,-80.4492674567263
"3117",3116,"54_101_2438",38.4127289842361,-80.4427808895873
"3118",3117,"54_101_2438",38.4079942119077,-80.4522465655552
"3119",3118,"54_101_2438",38.4144088678937,-80.4411891405712
"3120",3119,"54_101_2438",38.4139984515099,-80.4395512178101
"3121",3120,"54_101_2463",38.3020927731545,-80.5105800864916
"3122",3121,"54_101_2463",38.3054801499321,-80.4928340990088
"3123",3122,"54_101_2463",38.2951087699417,-80.5063968778297
"3124",3123,"54_101_2463",38.3014797098302,-80.5046543067168
"3125",3124,"54_101_2463",38.3136091250837,-80.488569667941
"3126",3125,"54_101_2463",38.3130159043808,-80.4886924542664
"3127",3126,"54_101_2463",38.3094762889637,-80.4984783546086
"3128",3127,"54_101_2463",38.3063253502963,-80.4903977217804
"3129",3128,"54_101_2463",38.3093030448212,-80.5182260786814
"3130",3129,"54_101_2463",38.3029649685693,-80.4999499204891
"3131",3130,"54_71_165",38.7391826424559,-79.0947872298466
"3132",3131,"54_71_165",38.7449899388879,-79.0889483007879
"3133",3132,"54_71_165",38.7448190251121,-79.096181280497
"3134",3133,"54_71_165",38.7402696439651,-79.0843816728489
"3135",3134,"54_71_165",38.7482186781492,-79.0885278541415
"3136",3135,"54_71_165",38.7360498665143,-79.0843049787031
"3137",3136,"54_71_165",38.7286964250874,-79.0953153574608
"3138",3137,"54_71_165",38.7409338601617,-79.0736208063026
"3139",3138,"54_71_165",38.7351474697796,-79.0833035012352
"3140",3139,"54_71_165",38.7477745691532,-79.0929808729417
"3141",3140,"54_71_261",38.7875091365406,-79.4889950789619
"3142",3141,"54_71_261",38.7792233876662,-79.478212294667
"3143",3142,"54_71_261",38.7907450532723,-79.4710406466901
"3144",3143,"54_71_261",38.7788694415698,-79.4785872323419
"3145",3144,"54_71_261",38.7791463035479,-79.4795790967378
"3146",3145,"54_71_261",38.7744738107392,-79.4921092770559
"3147",3146,"54_71_261",38.7814530964007,-79.483460136173
"3148",3147,"54_71_261",38.7670417136288,-79.4787874044268
"3149",3148,"54_71_261",38.7785602139416,-79.4613879554976
"3150",3149,"54_71_261",38.7818262215421,-79.4737810749502
"3151",3150,"54_71_494",38.4166568910197,-79.3440886226327
"3152",3151,"54_71_494",38.4222146869096,-79.3349661379947
"3153",3152,"54_71_494",38.4243463816908,-79.3416703083477
"3154",3153,"54_71_494",38.4276499328481,-79.3384336859267
"3155",3154,"54_71_494",38.4179143937863,-79.3408541220809
"3156",3155,"54_71_494",38.4245904673506,-79.3564610543414
"3157",3156,"54_71_494",38.4362434864028,-79.3464583197056
"3158",3157,"54_71_494",38.4098623298214,-79.3415083341326
"3159",3158,"54_71_494",38.4238939231236,-79.3519601761229
"3160",3159,"54_71_494",38.4144352214952,-79.3332454103518
"3161",3160,"54_71_525",38.6779919273989,-79.1259172735835
"3162",3161,"54_71_525",38.6612691049294,-79.1290126008727
"3163",3162,"54_71_525",38.6616799414908,-79.1233539167178
"3164",3163,"54_71_525",38.6669186091554,-79.1270647568053
"3165",3164,"54_71_525",38.6706823306537,-79.1378363929214
"3166",3165,"54_71_525",38.6668667975487,-79.1269341116374
"3167",3166,"54_71_525",38.6742105039965,-79.1241032888779
"3168",3167,"54_71_525",38.6697366955985,-79.1185657631466
"3169",3168,"54_71_525",38.6652374518017,-79.1194484437209
"3170",3169,"54_71_525",38.6671307505504,-79.1330660049442
"3171",3170,"54_71_583",38.8447448300519,-79.2730641966156
"3172",3171,"54_71_583",38.8536999928013,-79.2733932985537
"3173",3172,"54_71_583",38.856689967869,-79.2734687779714
"3174",3173,"54_71_583",38.8546549221977,-79.272573177906
"3175",3174,"54_71_583",38.8563800022547,-79.2736372525509
"3176",3175,"54_71_583",38.8595238245302,-79.2660170061756
"3177",3176,"54_71_583",38.848973850453,-79.2874863801435
"3178",3177,"54_71_583",38.8445271914523,-79.2763026904548
"3179",3178,"54_71_583",38.8560541223322,-79.2737128969796
"3180",3179,"54_71_583",38.8452913419941,-79.2791860790192
"3181",3180,"54_71_822",38.8571801310648,-79.331676073773
"3182",3181,"54_71_822",38.8505214299414,-79.3272258616096
"3183",3182,"54_71_822",38.8507485024898,-79.319956150336
"3184",3183,"54_71_822",38.868314758379,-79.3270440615034
"3185",3184,"54_71_822",38.8709305931815,-79.3322704350342
"3186",3185,"54_71_822",38.8548944133035,-79.3191709570619
"3187",3186,"54_71_822",38.8474376654069,-79.3314101579139
"3188",3187,"54_71_822",38.8656814202614,-79.3171457232675
"3189",3188,"54_71_822",38.8507054124958,-79.3270930004699
"3190",3189,"54_71_822",38.8540737536655,-79.3265433502173
"3191",3190,"54_71_904",38.7416196323818,-79.5158078251061
"3192",3191,"54_71_904",38.7562026590502,-79.5141809629906
"3193",3192,"54_71_904",38.7509913875483,-79.5245674818401
"3194",3193,"54_71_904",38.7508896792574,-79.5120991801508
"3195",3194,"54_71_904",38.7471463852081,-79.5126388089301
"3196",3195,"54_71_904",38.74833609104,-79.5204319457639
"3197",3196,"54_71_904",38.7468676558742,-79.5106931103646
"3198",3197,"54_71_904",38.7489546792391,-79.5142987252987
"3199",3198,"54_71_904",38.742481477827,-79.5288377778313
"3200",3199,"54_71_904",38.7383254009187,-79.5252601322266
"3201",3200,"54_71_999",38.9612222153773,-79.3528608940539
"3202",3201,"54_71_999",38.9478310151575,-79.3374999907084
"3203",3202,"54_71_999",38.9529084289874,-79.3623774058285
"3204",3203,"54_71_999",38.9511705934756,-79.3431377492186
"3205",3204,"54_71_999",38.9472088389876,-79.331228047313
"3206",3205,"54_71_999",38.9480427726665,-79.3453594221015
"3207",3206,"54_71_999",38.9570893291836,-79.3349754655929
"3208",3207,"54_71_999",38.9484357364102,-79.3457471949897
"3209",3208,"54_71_999",38.9363515237914,-79.3424691206447
"3210",3209,"54_71_999",38.947820313775,-79.3474889077531
"3211",3210,"54_71_1141",38.921310003421,-79.3942958871796
"3212",3211,"54_71_1141",38.9276714288298,-79.4053486066424
"3213",3212,"54_71_1141",38.9145896453428,-79.4011027172599
"3214",3213,"54_71_1141",38.9275958176778,-79.4077460494996
"3215",3214,"54_71_1141",38.9255028305539,-79.3915196912822
"3216",3215,"54_71_1141",38.9221374323072,-79.3972612321573
"3217",3216,"54_71_1141",38.91946821841,-79.4006298158576
"3218",3217,"54_71_1141",38.91991400386,-79.388384849423
"3219",3218,"54_71_1141",38.9210180029268,-79.3966609860371
"3220",3219,"54_71_1141",38.9215258090559,-79.3956163528635
"3221",3220,"54_71_1163",38.4815171441856,-79.2530773937789
"3222",3221,"54_71_1163",38.4837858545381,-79.2535278518728
"3223",3222,"54_71_1163",38.4877003175282,-79.24624816706
"3224",3223,"54_71_1163",38.4834001286355,-79.2573087361852
"3225",3224,"54_71_1163",38.4873160220873,-79.2641421087858
"3226",3225,"54_71_1163",38.483104906024,-79.2699773532352
"3227",3226,"54_71_1163",38.4969726649538,-79.2477453101527
"3228",3227,"54_71_1163",38.4773251406506,-79.2711107420307
"3229",3228,"54_71_1163",38.4786088789147,-79.258448152636
"3230",3229,"54_71_1163",38.4793194120363,-79.2472896006253
"3231",3230,"54_71_1176",38.8195971789337,-79.3255435315026
"3232",3231,"54_71_1176",38.8047819681496,-79.3135415106443
"3233",3232,"54_71_1176",38.8102751108727,-79.3074454310134
"3234",3233,"54_71_1176",38.8172372804337,-79.3078538199849
"3235",3234,"54_71_1176",38.820928827422,-79.3054103002542
"3236",3235,"54_71_1176",38.8143461046273,-79.3100966329646
"3237",3236,"54_71_1176",38.8149780749222,-79.3170930029379
"3238",3237,"54_71_1176",38.8287556167711,-79.3070200425949
"3239",3238,"54_71_1176",38.8268081769203,-79.3223902186878
"3240",3239,"54_71_1176",38.8178794847923,-79.3130607521981
"3241",3240,"54_71_1217",38.6240818361949,-79.1850890111943
"3242",3241,"54_71_1217",38.6451841119869,-79.1894398790164
"3243",3242,"54_71_1217",38.6361766722126,-79.1917354844212
"3244",3243,"54_71_1217",38.6393648198165,-79.1748553693779
"3245",3244,"54_71_1217",38.6391783625713,-79.1906459220451
"3246",3245,"54_71_1217",38.6435486822041,-79.1899574283317
"3247",3246,"54_71_1217",38.6423223857509,-79.1708962956537
"3248",3247,"54_71_1217",38.6317854840684,-79.1788044498977
"3249",3248,"54_71_1217",38.6335615837193,-79.185353873557
"3250",3249,"54_71_1217",38.6435299655324,-79.1880242549247
"3251",3250,"54_71_1228",38.5279005118918,-79.2593168593
"3252",3251,"54_71_1228",38.533866036394,-79.2564591553648
"3253",3252,"54_71_1228",38.5240290311286,-79.2517774826065
"3254",3253,"54_71_1228",38.5184894093947,-79.2645686304182
"3255",3254,"54_71_1228",38.5336174787736,-79.2545445226146
"3256",3255,"54_71_1228",38.5305574906774,-79.2634613331925
"3257",3256,"54_71_1228",38.5279437978688,-79.2628859623588
"3258",3257,"54_71_1228",38.5300269421653,-79.2689098127158
"3259",3258,"54_71_1228",38.5172001274948,-79.2609792480517
"3260",3259,"54_71_1228",38.5317973464519,-79.2636789740426
"3261",3260,"54_71_1326",38.8782833467178,-79.5101003318395
"3262",3261,"54_71_1326",38.8825719096828,-79.484046544164
"3263",3262,"54_71_1326",38.8841986354026,-79.4931928358427
"3264",3263,"54_71_1326",38.8756576039644,-79.5097273253335
"3265",3264,"54_71_1326",38.8734809752134,-79.4920915115231
"3266",3265,"54_71_1326",38.8746140247062,-79.5031864656293
"3267",3266,"54_71_1326",38.8657669770965,-79.4908461503141
"3268",3267,"54_71_1326",38.8781331156506,-79.47838542036
"3269",3268,"54_71_1326",38.8745363409961,-79.479098838288
"3270",3269,"54_71_1326",38.8771244393361,-79.4835323095773
"3271",3270,"54_71_1349",38.7260740183744,-79.5468875681134
"3272",3271,"54_71_1349",38.7285577812821,-79.5489409697516
"3273",3272,"54_71_1349",38.7302355610977,-79.5522767172752
"3274",3273,"54_71_1349",38.7335369652675,-79.5542792271408
"3275",3274,"54_71_1349",38.7409020189841,-79.5499453756452
"3276",3275,"54_71_1349",38.7422167229397,-79.5461778326485
"3277",3276,"54_71_1349",38.7351366887043,-79.5616828632735
"3278",3277,"54_71_1349",38.7316892727609,-79.5541046693884
"3279",3278,"54_71_1349",38.7325437677001,-79.5580292834674
"3280",3279,"54_71_1349",38.7257104460261,-79.5476625813888
"3281",3280,"54_71_1729",38.6151972122258,-79.547838371767
"3282",3281,"54_71_1729",38.6163954894358,-79.5413836589296
"3283",3282,"54_71_1729",38.612457887875,-79.5590447394362
"3284",3283,"54_71_1729",38.6229803206548,-79.5413615009282
"3285",3284,"54_71_1729",38.6180599673394,-79.5467101275999
"3286",3285,"54_71_1729",38.6210356103988,-79.5469308712154
"3287",3286,"54_71_1729",38.6182450805891,-79.532169556501
"3288",3287,"54_71_1729",38.6145990883928,-79.5613734558554
"3289",3288,"54_71_1729",38.6197018438561,-79.548832418305
"3290",3289,"54_71_1729",38.6171796779436,-79.5417853727876
"3291",3290,"54_71_1765",38.6524212101412,-79.5984452040188
"3292",3291,"54_71_1765",38.6611718959879,-79.6151033253867
"3293",3292,"54_71_1765",38.6431929439374,-79.6003705558961
"3294",3293,"54_71_1765",38.6556406812285,-79.5953936523207
"3295",3294,"54_71_1765",38.6566358661366,-79.6074258282087
"3296",3295,"54_71_1765",38.6604745546917,-79.6168303271602
"3297",3296,"54_71_1765",38.6555081900424,-79.6081975940061
"3298",3297,"54_71_1765",38.6453343029357,-79.6036857395779
"3299",3298,"54_71_1765",38.6621755783134,-79.6181249011453
"3300",3299,"54_71_1765",38.6527255991371,-79.6030524738705
"3301",3300,"54_71_1785",38.5267162629508,-79.2178649804347
"3302",3301,"54_71_1785",38.5169799618541,-79.2205535176435
"3303",3302,"54_71_1785",38.5165546627193,-79.209746533876
"3304",3303,"54_71_1785",38.5201525785559,-79.2242071736838
"3305",3304,"54_71_1785",38.5279000034279,-79.2043673076406
"3306",3305,"54_71_1785",38.5337199804075,-79.2169091640078
"3307",3306,"54_71_1785",38.5307403841956,-79.2155430769313
"3308",3307,"54_71_1785",38.5198593140977,-79.2183084024483
"3309",3308,"54_71_1785",38.5256751529934,-79.2064513761754
"3310",3309,"54_71_1785",38.5300348240698,-79.208160739018
"3311",3310,"54_71_2071",38.5759816107757,-79.1874644431517
"3312",3311,"54_71_2071",38.5717242675681,-79.1940920898151
"3313",3312,"54_71_2071",38.5803377135437,-79.1863166446355
"3314",3313,"54_71_2071",38.5754017503531,-79.1821580023308
"3315",3314,"54_71_2071",38.578684252657,-79.1853050025038
"3316",3315,"54_71_2071",38.5629205181873,-79.1869010254714
"3317",3316,"54_71_2071",38.5749497666349,-79.1842787418758
"3318",3317,"54_71_2071",38.5764560110917,-79.1842977818015
"3319",3318,"54_71_2071",38.5753649738373,-79.1847234689704
"3320",3319,"54_71_2071",38.5664666392929,-79.1721585931387
"3321",3320,"54_71_2120",38.7119485818911,-79.524520934136
"3322",3321,"54_71_2120",38.7260874121284,-79.5065345631156
"3323",3322,"54_71_2120",38.715823897741,-79.5108886378988
"3324",3323,"54_71_2120",38.7146396703801,-79.5203423934083
"3325",3324,"54_71_2120",38.7179983352677,-79.5177142357439
"3326",3325,"54_71_2120",38.7217671291712,-79.5078276958599
"3327",3326,"54_71_2120",38.7183455741862,-79.5084092310495
"3328",3327,"54_71_2120",38.729130163708,-79.505034143512
"3329",3328,"54_71_2120",38.7125712325989,-79.5076648590039
"3330",3329,"54_71_2120",38.7219282162166,-79.4917983550155
"3331",3330,"54_71_2297",38.5563102843953,-79.2128707109255
"3332",3331,"54_71_2297",38.5588522003168,-79.212232728903
"3333",3332,"54_71_2297",38.5545931682905,-79.2212471794494
"3334",3333,"54_71_2297",38.5643792590407,-79.20562134555
"3335",3334,"54_71_2297",38.5581450852217,-79.2127749337424
"3336",3335,"54_71_2297",38.5598189280117,-79.22016641158
"3337",3336,"54_71_2297",38.562695159047,-79.2019385093143
"3338",3337,"54_71_2297",38.5550892119608,-79.2184605532797
"3339",3338,"54_71_2297",38.5617656926773,-79.1989194115719
"3340",3339,"54_71_2297",38.5551549397219,-79.2124878516867
"3341",3340,"54_71_2314",38.6010801327883,-79.5928950258226
"3342",3341,"54_71_2314",38.5864374743596,-79.5956505802986
"3343",3342,"54_71_2314",38.5784919726096,-79.5877787579419
"3344",3343,"54_71_2314",38.595454528284,-79.5947484150103
"3345",3344,"54_71_2314",38.5969296669825,-79.5923507042908
"3346",3345,"54_71_2314",38.6003483129801,-79.6031656925366
"3347",3346,"54_71_2314",38.57954652897,-79.5852380984759
"3348",3347,"54_71_2314",38.5925930778219,-79.5924743729196
"3349",3348,"54_71_2314",38.5886621231917,-79.6031388483716
"3350",3349,"54_71_2314",38.5860128083267,-79.5979745947983
"3351",3350,"54_71_2425",38.8935935400833,-79.4360687075743
"3352",3351,"54_71_2425",38.8971214843473,-79.4252408817446
"3353",3352,"54_71_2425",38.8924816618436,-79.4503551951438
"3354",3353,"54_71_2425",38.8912258237265,-79.426643823073
"3355",3354,"54_71_2425",38.8891737789555,-79.4386597498782
"3356",3355,"54_71_2425",38.8922997690361,-79.4338336446111
"3357",3356,"54_71_2425",38.8968646580866,-79.4431667360497
"3358",3357,"54_71_2425",38.8952005311699,-79.4237782688114
"3359",3358,"54_71_2425",38.8814727791168,-79.4297451475669
"3360",3359,"54_71_2425",38.905765813968,-79.4331757430293
"3361",3360,"54_75_84",38.6427140073379,-79.8002459624633
"3362",3361,"54_75_84",38.6453304456037,-79.8144587447834
"3363",3362,"54_75_84",38.6467859178535,-79.8086172562234
"3364",3363,"54_75_84",38.6478285763086,-79.8110804781256
"3365",3364,"54_75_84",38.6516907830185,-79.8026012489974
"3366",3365,"54_75_84",38.645273885681,-79.8095913099403
"3367",3366,"54_75_84",38.6384720579353,-79.8276977971898
"3368",3367,"54_75_84",38.6527886527244,-79.8210913314079
"3369",3368,"54_75_84",38.6434442762451,-79.8162709953872
"3370",3369,"54_75_84",38.6424332299614,-79.8178276220169
"3371",3370,"54_75_85",38.2511422264766,-79.9921441707321
"3372",3371,"54_75_85",38.2504035009397,-79.9773839528076
"3373",3372,"54_75_85",38.2514540721452,-79.9801373499018
"3374",3373,"54_75_85",38.238250541553,-79.978529315738
"3375",3374,"54_75_85",38.2426616213783,-79.9908321179391
"3376",3375,"54_75_85",38.2443286442494,-79.9823109142037
"3377",3376,"54_75_85",38.2517254087478,-79.9831161428714
"3378",3377,"54_75_85",38.2540750351903,-79.9816404756829
"3379",3378,"54_75_85",38.2535399980892,-79.991574360302
"3380",3379,"54_75_85",38.2461052358958,-79.9903599840428
"3381",3380,"54_75_88",38.6235806353635,-79.6442344786058
"3382",3381,"54_75_88",38.6101356743021,-79.6487404782808
"3383",3382,"54_75_88",38.6146548561567,-79.6514138182891
"3384",3383,"54_75_88",38.6113435793398,-79.6397297214785
"3385",3384,"54_75_88",38.6240301491903,-79.6541576163542
"3386",3385,"54_75_88",38.6132191433441,-79.6524431997153
"3387",3386,"54_75_88",38.6225457646843,-79.6537125034485
"3388",3387,"54_75_88",38.6104612155993,-79.6677550700644
"3389",3388,"54_75_88",38.6113728770377,-79.6638237084613
"3390",3389,"54_75_88",38.612512461045,-79.6517765696088
"3391",3390,"54_75_121",38.6811964156218,-79.7797552067208
"3392",3391,"54_75_121",38.6920864553178,-79.7490362440936
"3393",3392,"54_75_121",38.7002001648938,-79.7648513770029
"3394",3393,"54_75_121",38.695656125948,-79.7742897070276
"3395",3394,"54_75_121",38.6880670890888,-79.7681457580031
"3396",3395,"54_75_121",38.6814835647879,-79.7728303672105
"3397",3396,"54_75_121",38.6798341346234,-79.7639336832276
"3398",3397,"54_75_121",38.6834331521701,-79.7630594656309
"3399",3398,"54_75_121",38.6915281977646,-79.7729882812982
"3400",3399,"54_75_121",38.6815876682352,-79.7609055786828
"3401",3400,"54_75_155",38.0410864979015,-80.2271769746898
"3402",3401,"54_75_155",38.0461358827298,-80.2397192217992
"3403",3402,"54_75_155",38.0529536025388,-80.2383119043783
"3404",3403,"54_75_155",38.0486105369176,-80.225586424206
"3405",3404,"54_75_155",38.0627092307555,-80.2172551622899
"3406",3405,"54_75_155",38.0522044533027,-80.2294241758401
"3407",3406,"54_75_155",38.0544465191874,-80.2178605714517
"3408",3407,"54_75_155",38.0487285796356,-80.2294863538615
"3409",3408,"54_75_155",38.0452585239851,-80.2314513756141
"3410",3409,"54_75_155",38.0547345762645,-80.2300391032936
"3411",3410,"54_75_200",38.419998043147,-79.7650028577808
"3412",3411,"54_75_200",38.42170413484,-79.7741744734305
"3413",3412,"54_75_200",38.4247138848765,-79.7707324847788
"3414",3413,"54_75_200",38.4159745798878,-79.7834776186974
"3415",3414,"54_75_200",38.4217995611565,-79.7832160596633
"3416",3415,"54_75_200",38.4252618120128,-79.7856696252354
"3417",3416,"54_75_200",38.4229230922201,-79.7728209682993
"3418",3417,"54_75_200",38.4221575013022,-79.7839127563847
"3419",3418,"54_75_200",38.4236974349578,-79.775196696406
"3420",3419,"54_75_200",38.42366049376,-79.7742612934807
"3421",3420,"54_75_202",38.3333462279634,-80.1798061265334
"3422",3421,"54_75_202",38.3285480968284,-80.1817326035692
"3423",3422,"54_75_202",38.3364402869696,-80.182875840295
"3424",3423,"54_75_202",38.3395269459765,-80.1800460669002
"3425",3424,"54_75_202",38.3322469763569,-80.1896426152487
"3426",3425,"54_75_202",38.3502666829796,-80.1880097076742
"3427",3426,"54_75_202",38.3401773982579,-80.1710364156983
"3428",3427,"54_75_202",38.3388960300915,-80.1800704455662
"3429",3428,"54_75_202",38.3397174438998,-80.1778981169173
"3430",3429,"54_75_202",38.3405874572663,-80.1779694240134
"3431",3430,"54_75_212",38.2567029144638,-80.0118756362963
"3432",3431,"54_75_212",38.2499400779346,-80.0269759330927
"3433",3432,"54_75_212",38.2469385060775,-80.0059737008389
"3434",3433,"54_75_212",38.253476544815,-80.0142108272049
"3435",3434,"54_75_212",38.253323584927,-80.0006529528229
"3436",3435,"54_75_212",38.25387515051,-80.01403404865
"3437",3436,"54_75_212",38.2568437861359,-80.0138741753984
"3438",3437,"54_75_212",38.2552976509718,-80.0293028810251
"3439",3438,"54_75_212",38.2649269451165,-80.0259393448093
"3440",3439,"54_75_212",38.2638294685316,-80.0046905070869
"3441",3440,"54_75_329",38.4187615572305,-79.9057124106741
"3442",3441,"54_75_329",38.416677461183,-79.8963526555613
"3443",3442,"54_75_329",38.4288092079638,-79.8989713933026
"3444",3443,"54_75_329",38.4315783666397,-79.9045325477545
"3445",3444,"54_75_329",38.419450848027,-79.8998386163067
"3446",3445,"54_75_329",38.4168348557055,-79.910323496842
"3447",3446,"54_75_329",38.4289934872476,-79.9030343983027
"3448",3447,"54_75_329",38.4283067187881,-79.8976381245354
"3449",3448,"54_75_329",38.4271488565649,-79.9086390535318
"3450",3449,"54_75_329",38.4218239979494,-79.9035067582502
"3451",3450,"54_75_349",38.1329487843094,-80.0982381491628
"3452",3451,"54_75_349",38.1337122320526,-80.1001489491755
"3453",3452,"54_75_349",38.1351664965816,-80.099804117635
"3454",3453,"54_75_349",38.1334276174947,-80.0987826933604
"3455",3454,"54_75_349",38.1328145290871,-80.09929506452
"3456",3455,"54_75_349",38.1291005415381,-80.1021229259386
"3457",3456,"54_75_349",38.1469922211626,-80.0956835635686
"3458",3457,"54_75_349",38.1330395598379,-80.1016844106163
"3459",3458,"54_75_349",38.13008821988,-80.0990973992794
"3460",3459,"54_75_349",38.1413236150159,-80.0916511153934
"3461",3460,"54_75_398",38.39122968966,-80.0853786705931
"3462",3461,"54_75_398",38.3919474155273,-80.0864799445312
"3463",3462,"54_75_398",38.3871720387138,-80.0864276590624
"3464",3463,"54_75_398",38.3996388070051,-80.0710464301435
"3465",3464,"54_75_398",38.3899415889454,-80.0986501464648
"3466",3465,"54_75_398",38.3951449926346,-80.085907455449
"3467",3466,"54_75_398",38.3913540130154,-80.0760170779425
"3468",3467,"54_75_398",38.3904452013694,-80.0752430739259
"3469",3468,"54_75_398",38.3901731253253,-80.0940540586752
"3470",3469,"54_75_398",38.3917698448424,-80.0772346148096
"3471",3470,"54_75_449",38.6257939977327,-79.7164589443639
"3472",3471,"54_75_449",38.6261823033354,-79.7253516301391
"3473",3472,"54_75_449",38.6337476642266,-79.7370143547768
"3474",3473,"54_75_449",38.627737225596,-79.7206283771563
"3475",3474,"54_75_449",38.6170229269685,-79.7356479822361
"3476",3475,"54_75_449",38.6323355139144,-79.7326243604356
"3477",3476,"54_75_449",38.6150752052917,-79.7312824847672
"3478",3477,"54_75_449",38.6296667597578,-79.7240580071425
"3479",3478,"54_75_449",38.6262065503026,-79.7340659191652
"3480",3479,"54_75_449",38.6339922120863,-79.7316597571139
"3481",3480,"54_75_470",38.300449969377,-80.238167679922
"3482",3481,"54_75_470",38.3034728310417,-80.2328167161592
"3483",3482,"54_75_470",38.3104706479057,-80.241902014893
"3484",3483,"54_75_470",38.2992141037831,-80.2422944281446
"3485",3484,"54_75_470",38.3040026804011,-80.236475740784
"3486",3485,"54_75_470",38.2973421096387,-80.2402114761575
"3487",3486,"54_75_470",38.3030886013367,-80.2368395857542
"3488",3487,"54_75_470",38.2924916458638,-80.2330098562313
"3489",3488,"54_75_470",38.2924539470276,-80.2349735463205
"3490",3489,"54_75_470",38.3108334747634,-80.228430533837
"3491",3490,"54_75_596",38.5517368461079,-79.7620161336529
"3492",3491,"54_75_596",38.5456156597509,-79.7702508380375
"3493",3492,"54_75_596",38.5450200987857,-79.7708276088776
"3494",3493,"54_75_596",38.5332057419142,-79.7688819191448
"3495",3494,"54_75_596",38.5434355423321,-79.7669262022107
"3496",3495,"54_75_596",38.5354934329929,-79.7820556054973
"3497",3496,"54_75_596",38.5521728124236,-79.7608310178347
"3498",3497,"54_75_596",38.5378139895388,-79.7823047519834
"3499",3498,"54_75_596",38.5346841034008,-79.7743197812256
"3500",3499,"54_75_596",38.5480227745722,-79.7657216166951
"3501",3500,"54_75_777",38.1220513560138,-80.0411990814728
"3502",3501,"54_75_777",38.1198709597589,-80.0557577906007
"3503",3502,"54_75_777",38.1197961689162,-80.0429586900887
"3504",3503,"54_75_777",38.1134635525402,-80.0379073436116
"3505",3504,"54_75_777",38.1346585268264,-80.0350243115182
"3506",3505,"54_75_777",38.1233001819106,-80.0445114999279
"3507",3506,"54_75_777",38.1255714849627,-80.0245571197722
"3508",3507,"54_75_777",38.1314904827823,-80.0336340456206
"3509",3508,"54_75_777",38.1220084353623,-80.0243235678989
"3510",3509,"54_75_777",38.1196444455936,-80.0388122131232
"3511",3510,"54_75_793",38.1700702758063,-80.0906059768279
"3512",3511,"54_75_793",38.1843160606524,-80.0852577675001
"3513",3512,"54_75_793",38.1718963241106,-80.0891726594991
"3514",3513,"54_75_793",38.1799248753049,-80.082307773387
"3515",3514,"54_75_793",38.16260504246,-80.0951992397527
"3516",3515,"54_75_793",38.1654629105498,-80.0989549688018
"3517",3516,"54_75_793",38.1703720895444,-80.0826675932769
"3518",3517,"54_75_793",38.166525103652,-80.0994763425772
"3519",3518,"54_75_793",38.1709663384005,-80.096077838471
"3520",3519,"54_75_793",38.164997570507,-80.0942578486963
"3521",3520,"54_75_1103",38.617906415169,-79.8263118816932
"3522",3521,"54_75_1103",38.6268511275644,-79.8122725328081
"3523",3522,"54_75_1103",38.617518128136,-79.8107486801658
"3524",3523,"54_75_1103",38.6171802017818,-79.8100365098617
"3525",3524,"54_75_1103",38.6037847305307,-79.8073098300482
"3526",3525,"54_75_1103",38.6111496535679,-79.8085083262975
"3527",3526,"54_75_1103",38.6177802779536,-79.8112670442122
"3528",3527,"54_75_1103",38.6034058966779,-79.8046152126802
"3529",3528,"54_75_1103",38.6222292232309,-79.8127193041034
"3530",3529,"54_75_1103",38.6181312739711,-79.8166128037486
"3531",3530,"54_75_1144",38.2059380186801,-80.3377188322322
"3532",3531,"54_75_1144",38.2155525152244,-80.3360036742394
"3533",3532,"54_75_1144",38.1957678230701,-80.3299077687431
"3534",3533,"54_75_1144",38.2057167279962,-80.3343659974519
"3535",3534,"54_75_1144",38.1987565301959,-80.3255343145576
"3536",3535,"54_75_1144",38.2049862302899,-80.3486518452827
"3537",3536,"54_75_1144",38.2114772003108,-80.335520973849
"3538",3537,"54_75_1144",38.2101109986773,-80.3244729181255
"3539",3538,"54_75_1144",38.211462110856,-80.3372669192661
"3540",3539,"54_75_1144",38.2175243329658,-80.3232555497058
"3541",3540,"54_75_1281",38.2886990661015,-80.3247533048969
"3542",3541,"54_75_1281",38.2968047633953,-80.3260470961413
"3543",3542,"54_75_1281",38.3019601378008,-80.3216816499796
"3544",3543,"54_75_1281",38.286537080744,-80.341674967544
"3545",3544,"54_75_1281",38.2988119239913,-80.3296067360401
"3546",3545,"54_75_1281",38.2856542252863,-80.3136718402058
"3547",3546,"54_75_1281",38.299451820267,-80.3300817692242
"3548",3547,"54_75_1281",38.2920137262099,-80.3258716593196
"3549",3548,"54_75_1281",38.2896671317519,-80.314549688253
"3550",3549,"54_75_1281",38.2906995157943,-80.3262711054052
"3551",3550,"54_75_1340",38.391503672624,-80.1916068133018
"3552",3551,"54_75_1340",38.3857455980431,-80.1932908469404
"3553",3552,"54_75_1340",38.3963308892973,-80.2035090139208
"3554",3553,"54_75_1340",38.3760107675509,-80.2004218532009
"3555",3554,"54_75_1340",38.3859310189565,-80.1922607916679
"3556",3555,"54_75_1340",38.3900626734401,-80.1957624353217
"3557",3556,"54_75_1340",38.3728289503645,-80.1893916471406
"3558",3557,"54_75_1340",38.3868583755275,-80.1947028226218
"3559",3558,"54_75_1340",38.3856616406175,-80.1886697707099
"3560",3559,"54_75_1340",38.3874957070258,-80.1824190821706
"3561",3560,"54_75_1341",38.0766934841202,-80.0589963161529
"3562",3561,"54_75_1341",38.0963868993783,-80.0454645426229
"3563",3562,"54_75_1341",38.1034199455058,-80.0573161831951
"3564",3563,"54_75_1341",38.0842985030406,-80.0533946739901
"3565",3564,"54_75_1341",38.0876869269566,-80.06445504389
"3566",3565,"54_75_1341",38.0992014938642,-80.0733024671532
"3567",3566,"54_75_1341",38.0869578955666,-80.0541456515809
"3568",3567,"54_75_1341",38.0948837222076,-80.0631548437031
"3569",3568,"54_75_1341",38.0896556046055,-80.060733917573
"3570",3569,"54_75_1341",38.0890439495966,-80.0651184106069
"3571",3570,"54_75_1379",38.3865817798459,-79.747945376066
"3572",3571,"54_75_1379",38.3875202229452,-79.7607924824429
"3573",3572,"54_75_1379",38.3831629286238,-79.7745285402217
"3574",3573,"54_75_1379",38.3856029062278,-79.7517073619271
"3575",3574,"54_75_1379",38.394293974493,-79.7748321840855
"3576",3575,"54_75_1379",38.388337520899,-79.7543609390975
"3577",3576,"54_75_1379",38.3825425068976,-79.7458729581168
"3578",3577,"54_75_1379",38.3852885117504,-79.7763441273866
"3579",3578,"54_75_1379",38.383260377507,-79.7639857262538
"3580",3579,"54_75_1379",38.383148664769,-79.7626743451342
"3581",3580,"54_75_1463",38.0955150598661,-79.9834125967026
"3582",3581,"54_75_1463",38.0830146670605,-79.9742827592884
"3583",3582,"54_75_1463",38.1027363348286,-79.972780996421
"3584",3583,"54_75_1463",38.0910493929715,-79.973265152572
"3585",3584,"54_75_1463",38.0921546716037,-79.980478758759
"3586",3585,"54_75_1463",38.0816612193613,-79.9757793249166
"3587",3586,"54_75_1463",38.095740994357,-79.973917727567
"3588",3587,"54_75_1463",38.0781133931882,-79.9840784198921
"3589",3588,"54_75_1463",38.1039218537265,-79.9777121540746
"3590",3589,"54_75_1463",38.0937649616353,-79.9797685501313
"3591",3590,"54_75_1495",38.4632278111375,-80.1419895891077
"3592",3591,"54_75_1495",38.4474520356283,-80.1352163294033
"3593",3592,"54_75_1495",38.4560860894297,-80.1344131310096
"3594",3593,"54_75_1495",38.4512955077022,-80.1262955042267
"3595",3594,"54_75_1495",38.4551278419994,-80.1341142684174
"3596",3595,"54_75_1495",38.4541564307718,-80.1372755326663
"3597",3596,"54_75_1495",38.4511830851668,-80.1470570143774
"3598",3597,"54_75_1495",38.4555776842479,-80.1515046729079
"3599",3598,"54_75_1495",38.4557000184054,-80.1414822101194
"3600",3599,"54_75_1495",38.4610688549933,-80.1517770994349
"3601",3600,"54_75_1725",38.4381257807077,-79.7298511308049
"3602",3601,"54_75_1725",38.4207395404165,-79.7324758875218
"3603",3602,"54_75_1725",38.4315262055377,-79.739459316863
"3604",3603,"54_75_1725",38.428304203712,-79.7131849998061
"3605",3604,"54_75_1725",38.4239537882938,-79.7167800845989
"3606",3605,"54_75_1725",38.4179730176107,-79.7323249151146
"3607",3606,"54_75_1725",38.4259928473817,-79.7282993371954
"3608",3607,"54_75_1725",38.415453146749,-79.7227572799722
"3609",3608,"54_75_1725",38.4173593846633,-79.7345931337638
"3610",3609,"54_75_1725",38.4234589729759,-79.7238022901708
"3611",3610,"54_75_1747",38.0933137490738,-80.017383667789
"3612",3611,"54_75_1747",38.0987709117942,-80.0167507496567
"3613",3612,"54_75_1747",38.0946663074977,-80.0274715176843
"3614",3613,"54_75_1747",38.0926527942849,-80.0259058825826
"3615",3614,"54_75_1747",38.0828585455272,-80.0179773524446
"3616",3615,"54_75_1747",38.0951209332671,-80.032324410956
"3617",3616,"54_75_1747",38.0879331213754,-80.0137179557372
"3618",3617,"54_75_1747",38.0836629326693,-80.0266939583071
"3619",3618,"54_75_1747",38.0948746367706,-80.0342213695665
"3620",3619,"54_75_1747",38.1010158129194,-80.0264489063633
"3621",3620,"54_75_1763",38.4881252275195,-79.9342659751364
"3622",3621,"54_75_1763",38.4823397279433,-79.9215526562538
"3623",3622,"54_75_1763",38.4895275388103,-79.9323120005425
"3624",3623,"54_75_1763",38.4971198999179,-79.9322397864209
"3625",3624,"54_75_1763",38.482418874844,-79.9397212315666
"3626",3625,"54_75_1763",38.4887956023756,-79.9343733757631
"3627",3626,"54_75_1763",38.4806493252772,-79.9396539355585
"3628",3627,"54_75_1763",38.4884394351552,-79.9346493408023
"3629",3628,"54_75_1763",38.5009745291954,-79.9244269151389
"3630",3629,"54_75_1763",38.478640420934,-79.9236822846197
"3631",3630,"54_75_1788",38.2301070762516,-80.281926672219
"3632",3631,"54_75_1788",38.2317562782689,-80.28284303268
"3633",3632,"54_75_1788",38.2177857333059,-80.2638278698878
"3634",3633,"54_75_1788",38.2318411006984,-80.2702422865901
"3635",3634,"54_75_1788",38.2240706322287,-80.2695231399884
"3636",3635,"54_75_1788",38.2265322790699,-80.2551406099601
"3637",3636,"54_75_1788",38.237415067597,-80.2710877894996
"3638",3637,"54_75_1788",38.2310164632888,-80.2617945074678
"3639",3638,"54_75_1788",38.2204197013978,-80.2622854760735
"3640",3639,"54_75_1788",38.2280643969601,-80.2681034429402
"3641",3640,"54_75_1815",38.172209346068,-80.3413718180923
"3642",3641,"54_75_1815",38.1724586988466,-80.3279893042289
"3643",3642,"54_75_1815",38.1751532643556,-80.3395268252963
"3644",3643,"54_75_1815",38.1614463719874,-80.3379233910595
"3645",3644,"54_75_1815",38.1709512837874,-80.331675070491
"3646",3645,"54_75_1815",38.1616969229377,-80.336487763537
"3647",3646,"54_75_1815",38.1845457653794,-80.3330077203861
"3648",3647,"54_75_1815",38.1732761835714,-80.3387684700922
"3649",3648,"54_75_1815",38.1724801234364,-80.3491083851782
"3650",3649,"54_75_1815",38.1705108016478,-80.3352801877484
"3651",3650,"54_75_1871",38.2889545883665,-80.272656065464
"3652",3651,"54_75_1871",38.2802291812474,-80.2595934870209
"3653",3652,"54_75_1871",38.2890400210807,-80.2523031295177
"3654",3653,"54_75_1871",38.2861553513511,-80.2691961723913
"3655",3654,"54_75_1871",38.2807879629094,-80.2589420309126
"3656",3655,"54_75_1871",38.2900359137023,-80.2568331751309
"3657",3656,"54_75_1871",38.2854850247697,-80.2516466940906
"3658",3657,"54_75_1871",38.2814297605081,-80.2599144259128
"3659",3658,"54_75_1871",38.2834113510642,-80.2597226390092
"3660",3659,"54_75_1871",38.2817373670194,-80.2666948118089
"3661",3660,"54_75_1903",38.512571925654,-79.9019640899407
"3662",3661,"54_75_1903",38.5112457336485,-79.9076090950375
"3663",3662,"54_75_1903",38.511265824503,-79.897448019784
"3664",3663,"54_75_1903",38.5343012134031,-79.9149678285728
"3665",3664,"54_75_1903",38.5213175703613,-79.9062665985375
"3666",3665,"54_75_1903",38.5267674412691,-79.9080495771813
"3667",3666,"54_75_1903",38.532688260751,-79.9073516330269
"3668",3667,"54_75_1903",38.5249428169113,-79.8993191739186
"3669",3668,"54_75_1903",38.5237316583313,-79.9178510147296
"3670",3669,"54_75_1903",38.5340462954305,-79.917123858989
"3671",3670,"54_75_1915",38.4519589726027,-79.7236935899236
"3672",3671,"54_75_1915",38.4581343718982,-79.7269504962745
"3673",3672,"54_75_1915",38.4601538492664,-79.7275078129821
"3674",3673,"54_75_1915",38.4544154231719,-79.7275951730211
"3675",3674,"54_75_1915",38.4553870902133,-79.7196395673907
"3676",3675,"54_75_1915",38.4531333492973,-79.7218336289656
"3677",3676,"54_75_1915",38.4597422157591,-79.7299791491368
"3678",3677,"54_75_1915",38.4503598347172,-79.709300892781
"3679",3678,"54_75_1915",38.459128504795,-79.7249129225952
"3680",3679,"54_75_1915",38.4625398186743,-79.7210217399043
"3681",3680,"54_23_292",39.0473831209175,-79.2921684940503
"3682",3681,"54_23_292",39.048776325533,-79.2888869246968
"3683",3682,"54_23_292",39.0428522415207,-79.2855602040536
"3684",3683,"54_23_292",39.0447021380439,-79.2958960846114
"3685",3684,"54_23_292",39.0539145001738,-79.2837418890233
"3686",3685,"54_23_292",39.0498366440121,-79.2890148144902
"3687",3686,"54_23_292",39.0435982899225,-79.287726763063
"3688",3687,"54_23_292",39.0478260593443,-79.274745706563
"3689",3688,"54_23_292",39.0509449476641,-79.2924708835329
"3690",3689,"54_23_292",39.0577739218306,-79.3008060302549
"3691",3690,"54_23_2064",39.0029102986245,-79.3184862704807
"3692",3691,"54_23_2064",39.0062689515032,-79.3156959889064
"3693",3692,"54_23_2064",39.0109896434733,-79.2991982034444
"3694",3693,"54_23_2064",39.0071580399337,-79.291206466926
"3695",3694,"54_23_2064",39.0172349257724,-79.2994427924011
"3696",3695,"54_23_2064",39.0177828584884,-79.3177131713789
"3697",3696,"54_23_2064",39.0036605648373,-79.3146335997142
"3698",3697,"54_23_2064",39.0082130684922,-79.3197956029785
"3699",3698,"54_23_2064",39.0110585370547,-79.3024092461569
"3700",3699,"54_23_2064",39.009803047004,-79.3031153096035
"3701",3700,"54_23_2193",38.9369316317418,-79.2798574697479
"3702",3701,"54_23_2193",38.9345388893545,-79.2788150226983
"3703",3702,"54_23_2193",38.9443188535396,-79.2912459504593
"3704",3703,"54_23_2193",38.9337400987927,-79.2680634102877
"3705",3704,"54_23_2193",38.9307926303636,-79.284347344841
"3706",3705,"54_23_2193",38.9347672704061,-79.2815501827665
"3707",3706,"54_23_2193",38.9314846580943,-79.280669243228
"3708",3707,"54_23_2193",38.9327719745231,-79.2938997267083
"3709",3708,"54_23_2193",38.9389055825834,-79.2704932304747
"3710",3709,"54_23_2193",38.9399979130496,-79.2745792919091
"3711",3710,"54_23_2282",38.9734535977679,-79.2426339881631
"3712",3711,"54_23_2282",38.968621114058,-79.2322958997275
"3713",3712,"54_23_2282",38.9580704539444,-79.2580684535482
"3714",3713,"54_23_2282",38.9646581835986,-79.2626328493846
"3715",3714,"54_23_2282",38.9633194844074,-79.2473695190343
"3716",3715,"54_23_2282",38.9647071773927,-79.2430426642187
"3717",3716,"54_23_2282",38.9658296911969,-79.2463776185148
"3718",3717,"54_23_2282",38.9522292812831,-79.2505914413628
"3719",3718,"54_23_2282",38.9631703267262,-79.2500974951702
"3720",3719,"54_23_2282",38.9634011646328,-79.2431078029435
"3721",3720,"37_99_38",35.3345587646976,-83.1051195294933
"3722",3721,"37_99_38",35.3479174334812,-83.0813840442049
"3723",3722,"37_99_38",35.3389026578653,-83.0978532021617
"3724",3723,"37_99_38",35.3467320194994,-83.0957058284688
"3725",3724,"37_99_38",35.3394250606495,-83.0946340978324
"3726",3725,"37_99_38",35.3394748720252,-83.0787460540973
"3727",3726,"37_99_38",35.3343319398075,-83.093000719124
"3728",3727,"37_99_38",35.3361441572398,-83.0805761004253
"3729",3728,"37_99_38",35.3425490782935,-83.0916398504767
"3730",3729,"37_99_38",35.347142946228,-83.0922845776343
"3731",3730,"37_99_46",35.3369360925829,-83.0079340510045
"3732",3731,"37_99_46",35.3316898835151,-83.0126748496454
"3733",3732,"37_99_46",35.3529865790994,-83.0240390994369
"3734",3733,"37_99_46",35.3452794660658,-83.0248334205678
"3735",3734,"37_99_46",35.3395405609462,-83.0141802324435
"3736",3735,"37_99_46",35.3446884779984,-83.0155303343416
"3737",3736,"37_99_46",35.3499718964513,-83.0184684257755
"3738",3737,"37_99_46",35.3486909504436,-83.0134411319814
"3739",3738,"37_99_46",35.3406098012551,-83.0203151570995
"3740",3739,"37_99_46",35.3448529560565,-83.0195861119774
"3741",3740,"37_99_40",35.0324862574694,-83.0359157411386
"3742",3741,"37_99_40",35.0385728645415,-83.0436427675141
"3743",3742,"37_99_40",35.0316604755109,-83.0421670405766
"3744",3743,"37_99_40",35.0342068281287,-83.0378639577274
"3745",3744,"37_99_40",35.0317952948047,-83.0407187364581
"3746",3745,"37_99_40",35.0370120452765,-83.0438481386546
"3747",3746,"37_99_40",35.0279925698161,-83.049359648952
"3748",3747,"37_99_40",35.0270054777483,-83.047326671779
"3749",3748,"37_99_40",35.0347317922571,-83.0348395065045
"3750",3749,"37_99_40",35.0372659773532,-83.0369892926817
"3751",3750,"37_99_16",35.3235069835915,-83.3404287205052
"3752",3751,"37_99_16",35.3274631326537,-83.3337534147205
"3753",3752,"37_99_16",35.324581268745,-83.3340798448959
"3754",3753,"37_99_16",35.343278304815,-83.3297364975814
"3755",3754,"37_99_16",35.3159177142426,-83.3351892510995
"3756",3755,"37_99_16",35.3245079344362,-83.3315040380983
"3757",3756,"37_99_16",35.3282696339576,-83.3377470755507
"3758",3757,"37_99_16",35.3229683946998,-83.3320688902017
"3759",3758,"37_99_16",35.3164739699944,-83.3341216312234
"3760",3759,"37_99_16",35.3338256196129,-83.3333839043628
"3761",3760,"37_99_28",35.4170576781595,-83.2325936957036
"3762",3761,"37_99_28",35.4073237564865,-83.2386885808601
"3763",3762,"37_99_28",35.4004216023643,-83.2431611555876
"3764",3763,"37_99_28",35.408047709588,-83.2320258540374
"3765",3764,"37_99_28",35.4053667731052,-83.2351377677281
"3766",3765,"37_99_28",35.3947412628059,-83.2398516328673
"3767",3766,"37_99_28",35.4185139359111,-83.2473140748904
"3768",3767,"37_99_28",35.4052272129439,-83.2525718395744
"3769",3768,"37_99_28",35.4188512896272,-83.2296145026668
"3770",3769,"37_99_28",35.4034749142327,-83.231118410062
"3771",3770,"37_99_44",35.1894108499888,-83.0076773064736
"3772",3771,"37_99_44",35.1776625704585,-83.000274009346
"3773",3772,"37_99_44",35.1821792291293,-83.0033383867084
"3774",3773,"37_99_44",35.1831499010338,-82.9935999908391
"3775",3774,"37_99_44",35.1711850319011,-83.0059955119663
"3776",3775,"37_99_44",35.1798227031336,-83.0002146987363
"3777",3776,"37_99_44",35.1772925790999,-83.0016527361909
"3778",3777,"37_99_44",35.178277038561,-83.0007666235414
"3779",3778,"37_99_44",35.1851294834499,-83.0142751046755
"3780",3779,"37_99_44",35.1866993346227,-82.9864847206451
"3781",3780,"37_99_11",35.3427018945867,-82.9789465228457
"3782",3781,"37_99_11",35.3402360273491,-82.9688578481036
"3783",3782,"37_99_11",35.344308545612,-82.9923916930972
"3784",3783,"37_99_11",35.3401743925918,-82.9827241017957
"3785",3784,"37_99_11",35.3348480179516,-82.9845992299497
"3786",3785,"37_99_11",35.3266794876156,-82.9810496017981
"3787",3786,"37_99_11",35.3354260278542,-83.0022176211729
"3788",3787,"37_99_11",35.3457399383127,-82.9951434616551
"3789",3788,"37_99_11",35.3428972813308,-82.9827882987572
"3790",3789,"37_99_11",35.3495807507984,-82.9734634342358
"3791",3790,"39_111_527",39.6246030628991,-81.1176111176883
"3792",3791,"39_111_527",39.6234059599004,-81.1193477135275
"3793",3792,"39_111_527",39.6176256234597,-81.1186384039921
"3794",3793,"39_111_527",39.6104220560404,-81.117271883641
"3795",3794,"39_111_527",39.6189158430795,-81.1041009024567
"3796",3795,"39_111_527",39.6306092681035,-81.118514439024
"3797",3796,"39_111_527",39.6375158330689,-81.1227250822586
"3798",3797,"39_111_527",39.622391953051,-81.1179209610986
"3799",3798,"39_111_527",39.6297831469149,-81.1337358246666
"3800",3799,"39_111_527",39.6168815263867,-81.121680392728
"3801",3800,"39_9_1653",39.4304497698316,-82.1033729180934
"3802",3801,"39_9_1653",39.4258001458676,-82.1045246886274
"3803",3802,"39_9_1653",39.429403216831,-82.0965589810412
"3804",3803,"39_9_1653",39.4256157438355,-82.1167634671551
"3805",3804,"39_9_1653",39.4410482526684,-82.1106914955187
"3806",3805,"39_9_1653",39.4330958561714,-82.1032414464109
"3807",3806,"39_9_1653",39.439225376983,-82.1103777480278
"3808",3807,"39_9_1653",39.434388288314,-82.1155586460815
"3809",3808,"39_9_1653",39.4171664502718,-82.1124631578973
"3810",3809,"39_9_1653",39.423231272829,-82.1008218960123
"3811",3810,"39_9_2805",39.4418879499822,-82.280937503633
"3812",3811,"39_9_2805",39.4455797119137,-82.2646337071478
"3813",3812,"39_9_2805",39.4367958933029,-82.2780967963869
"3814",3813,"39_9_2805",39.4247664628726,-82.2699803252741
"3815",3814,"39_9_2805",39.4357724554792,-82.2582000484026
"3816",3815,"39_9_2805",39.4429072413154,-82.2873299999371
"3817",3816,"39_9_2805",39.4422387896902,-82.2649341091841
"3818",3817,"39_9_2805",39.4318603449394,-82.2822669557567
"3819",3818,"39_9_2805",39.4442829232266,-82.2668502477921
"3820",3819,"39_9_2805",39.4235749499405,-82.2796211320816
"3821",3820,"39_167_2526",39.4917534125278,-81.3471517294428
"3822",3821,"39_167_2526",39.4845232344301,-81.3433523692379
"3823",3822,"39_167_2526",39.5011483802096,-81.3457885598222
"3824",3823,"39_167_2526",39.4942311931708,-81.3597798965155
"3825",3824,"39_167_2526",39.4984902449853,-81.3600341903376
"3826",3825,"39_167_2526",39.4885309149,-81.3508985912431
"3827",3826,"39_167_2526",39.4917047843226,-81.3395441777738
"3828",3827,"39_167_2526",39.4967362336919,-81.3603503280531
"3829",3828,"39_167_2526",39.4815336316223,-81.3584110510064
"3830",3829,"39_167_2526",39.486252326216,-81.3382850610324
"3831",3830,"37_111_31",35.7773455201101,-82.1328015540132
"3832",3831,"37_111_31",35.7806364086678,-82.1217596879715
"3833",3832,"37_111_31",35.7825725823224,-82.1450886564086
"3834",3833,"37_111_31",35.7813187408632,-82.1438320286321
"3835",3834,"37_111_31",35.7825148103784,-82.153845617917
"3836",3835,"37_111_31",35.7803140596548,-82.1363905142591
"3837",3836,"37_111_31",35.7787377648975,-82.1322130876824
"3838",3837,"37_111_31",35.7860661774589,-82.1375155282842
"3839",3838,"37_111_31",35.7837428342593,-82.1283325084157
"3840",3839,"37_111_31",35.7759114534691,-82.1424086288778
"3841",3840,"37_111_4",35.8196115387142,-82.1428988010371
"3842",3841,"37_111_4",35.8149914313597,-82.1183063740166
"3843",3842,"37_111_4",35.8176667057136,-82.1274734845078
"3844",3843,"37_111_4",35.8262524793048,-82.1212699248845
"3845",3844,"37_111_4",35.8170164328793,-82.1272781440111
"3846",3845,"37_111_4",35.8035861980538,-82.1302639880904
"3847",3846,"37_111_4",35.8210370133725,-82.126192407324
"3848",3847,"37_111_4",35.8142219403755,-82.142658660993
"3849",3848,"37_111_4",35.8177269709972,-82.129198193631
"3850",3849,"37_111_4",35.810858199653,-82.1414394805041
"3851",3850,"37_111_28",35.7605556984771,-82.0705710113568
"3852",3851,"37_111_28",35.7642460070681,-82.0764009619589
"3853",3852,"37_111_28",35.7630501124673,-82.0731424859731
"3854",3853,"37_111_28",35.7641616860135,-82.0735945626628
"3855",3854,"37_111_28",35.7508302207009,-82.0647187907504
"3856",3855,"37_111_28",35.7517045157387,-82.0821109564973
"3857",3856,"37_111_28",35.7594747511673,-82.0621850144607
"3858",3857,"37_111_28",35.764183770971,-82.0723074139031
"3859",3858,"37_111_28",35.7632096144767,-82.073311234578
"3860",3859,"37_111_28",35.7576919025183,-82.0584619479779
"3861",3860,"37_111_18",35.8367266903469,-81.9149844632926
"3862",3861,"37_111_18",35.8354608719902,-81.9161318851395
"3863",3862,"37_111_18",35.8488799346615,-81.9318294351507
"3864",3863,"37_111_18",35.8420195013917,-81.9279099271909
"3865",3864,"37_111_18",35.8424304572146,-81.9201174828866
"3866",3865,"37_111_18",35.837024504329,-81.9314244435669
"3867",3866,"37_111_18",35.84272003657,-81.9264792951906
"3868",3867,"37_111_18",35.8425326455907,-81.9303152208837
"3869",3868,"37_111_18",35.8445465506321,-81.9196947489119
"3870",3869,"37_111_18",35.852931391338,-81.9228501534349
"3871",3870,"37_175_51",35.199252662327,-82.7901232766239
"3872",3871,"37_175_51",35.2151498701677,-82.8117519532342
"3873",3872,"37_175_51",35.2086313780429,-82.8101144757084
"3874",3873,"37_175_51",35.2068924949814,-82.807571064144
"3875",3874,"37_175_51",35.2056435599901,-82.801480495979
"3876",3875,"37_175_51",35.2007895700603,-82.7873244587994
"3877",3876,"37_175_51",35.2048428291239,-82.8009074140477
"3878",3877,"37_175_51",35.2025056181934,-82.7977138698183
"3879",3878,"37_175_51",35.2052635244893,-82.7990209705028
"3880",3879,"37_175_51",35.2062933989052,-82.8044825944167
"3881",3880,"37_87_40",35.6990482908212,-83.0836052707239
"3882",3881,"37_87_40",35.7136561613911,-83.0850463271077
"3883",3882,"37_87_40",35.7148761364015,-83.0891042641336
"3884",3883,"37_87_40",35.7165234303808,-83.1032100194868
"3885",3884,"37_87_40",35.708400204772,-83.0894475707543
"3886",3885,"37_87_40",35.7141152120187,-83.0917672343469
"3887",3886,"37_87_40",35.7050756811368,-83.091631672706
"3888",3887,"37_87_40",35.7211058976256,-83.097594592458
"3889",3888,"37_87_40",35.7129517849863,-83.0926174828513
"3890",3889,"37_87_40",35.7098738766385,-83.0919344192531
"3891",3890,"37_87_4",35.753317990987,-83.072301453263
"3892",3891,"37_87_4",35.7552303166506,-83.0668395800692
"3893",3892,"37_87_4",35.7646490281225,-83.0583589159933
"3894",3893,"37_87_4",35.7656996565064,-83.0622877593944
"3895",3894,"37_87_4",35.7639908772969,-83.0696680533532
"3896",3895,"37_87_4",35.7577472402353,-83.0725406371432
"3897",3896,"37_87_4",35.7672109395003,-83.0525767885085
"3898",3897,"37_87_4",35.7601327047585,-83.0689550348067
"3899",3898,"37_87_4",35.7589185197324,-83.0694740304642
"3900",3899,"37_87_4",35.7514698891145,-83.0781041372664
"3901",3900,"37_87_69",35.7196393200182,-82.9974140227582
"3902",3901,"37_87_69",35.7120337665345,-83.0132374038655
"3903",3902,"37_87_69",35.7222323495362,-83.0223324188663
"3904",3903,"37_87_69",35.7089855404172,-83.0134713137851
"3905",3904,"37_87_69",35.708960205914,-83.0252738117654
"3906",3905,"37_87_69",35.7203806416024,-83.0080028120461
"3907",3906,"37_87_69",35.720166517518,-83.0129498033728
"3908",3907,"37_87_69",35.7008631392233,-83.0096761117758
"3909",3908,"37_87_69",35.7066116243734,-83.0012055336299
"3910",3909,"37_87_69",35.7184563576015,-83.0112771780914
"3911",3910,"37_87_60",35.5478427541697,-82.979121727347
"3912",3911,"37_87_60",35.5559839611069,-82.9944948198806
"3913",3912,"37_87_60",35.5612780237946,-82.9903916875852
"3914",3913,"37_87_60",35.5670457356161,-82.9943993972471
"3915",3914,"37_87_60",35.5552654819802,-82.9804100056406
"3916",3915,"37_87_60",35.5591398321336,-82.9881435737867
"3917",3916,"37_87_60",35.5577134236732,-82.986380908169
"3918",3917,"37_87_60",35.558831021654,-82.9841131593258
"3919",3918,"37_87_60",35.5713104447751,-82.9787985250097
"3920",3919,"37_87_60",35.5686927242203,-82.9950263291955
"3921",3920,"37_87_62",35.3900769684841,-82.9629572043093
"3922",3921,"37_87_62",35.3855090521244,-82.9575823920466
"3923",3922,"37_87_62",35.3771645520466,-82.9547059816374
"3924",3923,"37_87_62",35.3991046142547,-82.9648225502506
"3925",3924,"37_87_62",35.3744331959983,-82.9691718219288
"3926",3925,"37_87_62",35.3972552334855,-82.9682670823024
"3927",3926,"37_87_62",35.3971563015074,-82.9773442926483
"3928",3927,"37_87_62",35.3896996406283,-82.9665846904133
"3929",3928,"37_87_62",35.3888019475409,-82.9613248369064
"3930",3929,"37_87_62",35.3830222665584,-82.9667055411102
"3931",3930,"37_87_75",35.6841163517663,-83.0445920561006
"3932",3931,"37_87_75",35.6964364407858,-83.0315550541656
"3933",3932,"37_87_75",35.6901080832232,-83.0339076027699
"3934",3933,"37_87_75",35.698201570326,-83.0449691904354
"3935",3934,"37_87_75",35.6936577133076,-83.0401202224645
"3936",3935,"37_87_75",35.6888385097563,-83.0413813730682
"3937",3936,"37_87_75",35.6826371527143,-83.0409797151498
"3938",3937,"37_87_75",35.6853810207754,-83.0258347858957
"3939",3938,"37_87_75",35.6946183119157,-83.0349834091516
"3940",3939,"37_87_75",35.6898712599309,-83.0307913347058
"3941",3940,"37_87_54",35.3454922459228,-82.8660601832139
"3942",3941,"37_87_54",35.350401612303,-82.8659427036717
"3943",3942,"37_87_54",35.3477604367639,-82.8611852029063
"3944",3943,"37_87_54",35.3545241659394,-82.8581154600284
"3945",3944,"37_87_54",35.3464558625221,-82.8685138133048
"3946",3945,"37_87_54",35.3375688111928,-82.8632105683878
"3947",3946,"37_87_54",35.345992435834,-82.8708619718665
"3948",3947,"37_87_54",35.3411067472738,-82.8678198634718
"3949",3948,"37_87_54",35.3337795188872,-82.8634557477057
"3950",3949,"37_87_54",35.3479749846727,-82.8697128379286
"3951",3950,"37_87_43",35.3207216018089,-82.9067415867429
"3952",3951,"37_87_43",35.3021864659461,-82.8979908960622
"3953",3952,"37_87_43",35.3104399752792,-82.9115564469575
"3954",3953,"37_87_43",35.3194303308576,-82.9167817007218
"3955",3954,"37_87_43",35.3169519707459,-82.9055582839348
"3956",3955,"37_87_43",35.3128060663401,-82.9038370154386
"3957",3956,"37_87_43",35.3027803854216,-82.8966953819079
"3958",3957,"37_87_43",35.3246794072746,-82.9005560292904
"3959",3958,"37_87_43",35.3122256751974,-82.9054905130453
"3960",3959,"37_87_43",35.3060570098021,-82.9177275941266
"3961",3960,"37_87_22",35.3886423923064,-82.8232424311084
"3962",3961,"37_87_22",35.3862317625335,-82.8432167408581
"3963",3962,"37_87_22",35.3992897349436,-82.832640037854
"3964",3963,"37_87_22",35.3956507439079,-82.8310791067083
"3965",3964,"37_87_22",35.3880635647346,-82.8280619447944
"3966",3965,"37_87_22",35.3948127123653,-82.8407475760991
"3967",3966,"37_87_22",35.3945185082882,-82.8268539208402
"3968",3967,"37_87_22",35.3978540636622,-82.8484231307904
"3969",3968,"37_87_22",35.3930568916899,-82.834639183439
"3970",3969,"37_87_22",35.3983628405279,-82.8335070657542
"3971",3970,"37_87_19",35.629929937803,-83.0744184852645
"3972",3971,"37_87_19",35.6179071766541,-83.0732148420336
"3973",3972,"37_87_19",35.6231214979614,-83.0819567214612
"3974",3973,"37_87_19",35.6123772675118,-83.073040024474
"3975",3974,"37_87_19",35.6156406335628,-83.0791883970579
"3976",3975,"37_87_19",35.6235915853881,-83.0961202968899
"3977",3976,"37_87_19",35.624806356296,-83.0685757883404
"3978",3977,"37_87_19",35.6330811601299,-83.0756061763455
"3979",3978,"37_87_19",35.6229108931229,-83.0822414114836
"3980",3979,"37_87_19",35.6234500239779,-83.0714099213803
"3981",3980,"37_87_1",35.6029004009968,-83.1331115025529
"3982",3981,"37_87_1",35.6018700114798,-83.1288175593894
"3983",3982,"37_87_1",35.5953513580404,-83.1155218742709
"3984",3983,"37_87_1",35.6057272050344,-83.11873289163
"3985",3984,"37_87_1",35.6046262620914,-83.1086398151366
"3986",3985,"37_87_1",35.6008220528168,-83.1160714772956
"3987",3986,"37_87_1",35.6135964882677,-83.1180331609905
"3988",3987,"37_87_1",35.5946121996456,-83.1045163720943
"3989",3988,"37_87_1",35.6032304188754,-83.1178844861378
"3990",3989,"37_87_1",35.6072822184399,-83.1317794003711
"3991",3990,"37_87_66",35.6727356655224,-83.1297745227462
"3992",3991,"37_87_66",35.6658621848623,-83.1286776675602
"3993",3992,"37_87_66",35.6703990454328,-83.1245559571594
"3994",3993,"37_87_66",35.6656441995954,-83.1487296202086
"3995",3994,"37_87_66",35.6759526395051,-83.1367236990295
"3996",3995,"37_87_66",35.6655748893171,-83.132854722464
"3997",3996,"37_87_66",35.6720265207026,-83.120740265197
"3998",3997,"37_87_66",35.665324545507,-83.123974832243
"3999",3998,"37_87_66",35.6712102501877,-83.1383365588376
"4000",3999,"37_87_66",35.6665151088729,-83.1401694429045
"4001",4000,"37_87_7",35.709640116643,-83.1208497882906
"4002",4001,"37_87_7",35.7123030609666,-83.1336049938694
"4003",4002,"37_87_7",35.7128324368018,-83.1275657439489
"4004",4003,"37_87_7",35.7002871515669,-83.139994020021
"4005",4004,"37_87_7",35.721667329761,-83.1305607344742
"4006",4005,"37_87_7",35.704751973297,-83.1410063613249
"4007",4006,"37_87_7",35.7207524755961,-83.1368095566723
"4008",4007,"37_87_7",35.7146656629392,-83.1410961403092
"4009",4008,"37_87_7",35.7002595609648,-83.1361883882343
"4010",4009,"37_87_7",35.7061052839967,-83.1380775065792
"4011",4010,"37_87_55",35.7073241581109,-83.1874778145872
"4012",4011,"37_87_55",35.7188390213276,-83.1784590051085
"4013",4012,"37_87_55",35.7194018621743,-83.2002420590604
"4014",4013,"37_87_55",35.72186028232,-83.1868231993739
"4015",4014,"37_87_55",35.7118881714362,-83.1917895113055
"4016",4015,"37_87_55",35.7080867577136,-83.1863231497317
"4017",4016,"37_87_55",35.7137548532689,-83.2071485581988
"4018",4017,"37_87_55",35.7150036528615,-83.190974968112
"4019",4018,"37_87_55",35.7161125277442,-83.2027619541469
"4020",4019,"37_87_55",35.7008346440263,-83.196005956128
"4021",4020,"39_87_8041",38.6859136326115,-82.5008379018905
"4022",4021,"39_87_8041",38.6914202327022,-82.5083018661511
"4023",4022,"39_87_8041",38.6779543327268,-82.5008169339611
"4024",4023,"39_87_8041",38.6945323513992,-82.5043482843756
"4025",4024,"39_87_8041",38.6931820393198,-82.483201994989
"4026",4025,"39_87_8041",38.6847233943574,-82.5054731824456
"4027",4026,"39_87_8041",38.6944520344313,-82.4943833813271
"4028",4027,"39_87_8041",38.6777939793255,-82.5050120918271
"4029",4028,"39_87_8041",38.6895250246612,-82.5016281176624
"4030",4029,"39_87_8041",38.6896035073399,-82.4983541734538
"4031",4030,"39_167_7351",39.5077163996501,-81.2549646777914
"4032",4031,"39_167_7351",39.504925785666,-81.2443568437131
"4033",4032,"39_167_7351",39.5055605898531,-81.2687435245051
"4034",4033,"39_167_7351",39.5067140860736,-81.2711120382624
"4035",4034,"39_167_7351",39.503928020737,-81.2432413815746
"4036",4035,"39_167_7351",39.4938958569064,-81.2577630072361
"4037",4036,"39_167_7351",39.5031269391805,-81.2582709868952
"4038",4037,"39_167_7351",39.513829428897,-81.2479697176489
"4039",4038,"39_167_7351",39.5102947804784,-81.2528366079472
"4040",4039,"39_167_7351",39.5030470300628,-81.258382963055
"4041",4040,"39_167_14072",39.5082793182205,-81.1539095951212
"4042",4041,"39_167_14072",39.4982927485624,-81.1592585672209
"4043",4042,"39_167_14072",39.5051264960741,-81.1569874656223
"4044",4043,"39_167_14072",39.5111115654019,-81.1633511960628
"4045",4044,"39_167_14072",39.5036985994772,-81.147807843787
"4046",4045,"39_167_14072",39.4893977295627,-81.1610123483604
"4047",4046,"39_167_14072",39.4968594146135,-81.1710048500691
"4048",4047,"39_167_14072",39.510018257287,-81.1479952823249
"4049",4048,"39_167_14072",39.5053761471862,-81.1493910884908
"4050",4049,"39_167_14072",39.4932903641659,-81.1667903919776
"4051",4050,"37_21_17",35.4454766917041,-82.7252279447055
"4052",4051,"37_21_17",35.452065410974,-82.7345510316982
"4053",4052,"37_21_17",35.445597483424,-82.739704161768
"4054",4053,"37_21_17",35.4366781365842,-82.7267618510982
"4055",4054,"37_21_17",35.4581235171905,-82.7220804608901
"4056",4055,"37_21_17",35.438540794109,-82.7269390314948
"4057",4056,"37_21_17",35.4437057609034,-82.7314703439518
"4058",4057,"37_21_17",35.4492999868063,-82.7255270040777
"4059",4058,"37_21_17",35.4557094549922,-82.7136870712701
"4060",4059,"37_21_17",35.4504707039082,-82.716225738361
"4061",4060,"37_21_64",35.4716894300793,-82.6942682511803
"4062",4061,"37_21_64",35.4624989520989,-82.6977619359587
"4063",4062,"37_21_64",35.4625405895392,-82.6849614435601
"4064",4063,"37_21_64",35.4730451134705,-82.6849806629443
"4065",4064,"37_21_64",35.4699023620731,-82.7083543898869
"4066",4065,"37_21_64",35.4585277315335,-82.6896378897007
"4067",4066,"37_21_64",35.4722403556186,-82.7070895198869
"4068",4067,"37_21_64",35.470220700136,-82.6807258925427
"4069",4068,"37_21_64",35.4618984106519,-82.6942717216732
"4070",4069,"37_21_64",35.4613211520721,-82.7059723028345
"4071",4070,"37_23_48",35.8062580570352,-81.9165173100001
"4072",4071,"37_23_48",35.8036818588093,-81.9224439227778
"4073",4072,"37_23_48",35.7959114051107,-81.9107474139783
"4074",4073,"37_23_48",35.800893265969,-81.9263572127364
"4075",4074,"37_23_48",35.7961290626437,-81.8994846492957
"4076",4075,"37_23_48",35.8048910966386,-81.9052269222783
"4077",4076,"37_23_48",35.7950704563022,-81.9114389775571
"4078",4077,"37_23_48",35.7988002691465,-81.9043386533192
"4079",4078,"37_23_48",35.7973525467445,-81.9087833001676
"4080",4079,"37_23_48",35.7945163973564,-81.9085385312236
"4081",4080,"37_23_26",35.8873934776053,-81.7808111381185
"4082",4081,"37_23_26",35.8854136715426,-81.7855861690689
"4083",4082,"37_23_26",35.892801569393,-81.7841361985591
"4084",4083,"37_23_26",35.8814832322222,-81.7951247209486
"4085",4084,"37_23_26",35.8940957503583,-81.7900640031728
"4086",4085,"37_23_26",35.8733045687649,-81.7944917319762
"4087",4086,"37_23_26",35.8784236593652,-81.78510331065
"4088",4087,"37_23_26",35.8780538326943,-81.7792340388511
"4089",4088,"37_23_26",35.8880771560387,-81.7854344356121
"4090",4089,"37_23_26",35.8939184020757,-81.7935585100124
"4091",4090,"37_175_11",35.1936775204939,-82.9112511812507
"4092",4091,"37_175_11",35.2048471472629,-82.9179274729739
"4093",4092,"37_175_11",35.1869331564384,-82.9249339424425
"4094",4093,"37_175_11",35.1909184977706,-82.9151247417246
"4095",4094,"37_175_11",35.1955697028089,-82.9125780304404
"4096",4095,"37_175_11",35.2013925262083,-82.9187839716035
"4097",4096,"37_175_11",35.1960026139195,-82.907059373684
"4098",4097,"37_175_11",35.1864137788991,-82.9130170479911
"4099",4098,"37_175_11",35.1918029190118,-82.9125306539161
"4100",4099,"37_175_11",35.1997037282925,-82.9046984716482
"4101",4100,"37_175_43",35.3300500518634,-82.777662482693
"4102",4101,"37_175_43",35.34127507301,-82.7672585419495
"4103",4102,"37_175_43",35.3428984496787,-82.766629271639
"4104",4103,"37_175_43",35.3459862795014,-82.7840979884185
"4105",4104,"37_175_43",35.3273515478884,-82.7758003714156
"4106",4105,"37_175_43",35.346656322376,-82.7728108796058
"4107",4106,"37_175_43",35.341100402206,-82.772918215125
"4108",4107,"37_175_43",35.3387311216678,-82.7755154407871
"4109",4108,"37_175_43",35.3337008142853,-82.7716124577209
"4110",4109,"37_175_43",35.343739455901,-82.7703006729081
"4111",4110,"37_175_58",35.2978328043312,-82.7609656350215
"4112",4111,"37_175_58",35.3030171525283,-82.7704079287144
"4113",4112,"37_175_58",35.3028436202596,-82.7704382919251
"4114",4113,"37_175_58",35.2981587439579,-82.766767853763
"4115",4114,"37_175_58",35.2921023350524,-82.7717364163205
"4116",4115,"37_175_58",35.296249877054,-82.7719226356875
"4117",4116,"37_175_58",35.2965591663685,-82.7598767681556
"4118",4117,"37_175_58",35.3059606339417,-82.7827349675856
"4119",4118,"37_175_58",35.2994666715916,-82.7884416304822
"4120",4119,"37_175_58",35.2870867660881,-82.7726315486642
"4121",4120,"37_175_6",35.0308390358396,-82.9837088543253
"4122",4121,"37_175_6",35.0410402094367,-82.9993711451731
"4123",4122,"37_175_6",35.0321195867539,-82.9936037838464
"4124",4123,"37_175_6",35.0336484320028,-82.9862882126304
"4125",4124,"37_175_6",35.0434530128101,-82.9893178085162
"4126",4125,"37_175_6",35.0354487979525,-82.9801698112246
"4127",4126,"37_175_6",35.0411962686886,-82.9809862058032
"4128",4127,"37_175_6",35.0480743173437,-82.9866140674051
"4129",4128,"37_175_6",35.0381002129307,-82.9769675638667
"4130",4129,"37_175_6",35.0502416526614,-82.992613321644
"4131",4130,"37_175_35",35.3081848154147,-82.8607124681453
"4132",4131,"37_175_35",35.3059412989339,-82.8596360821022
"4133",4132,"37_175_35",35.3116570313338,-82.8549249536254
"4134",4133,"37_175_35",35.3094586812718,-82.8502160311642
"4135",4134,"37_175_35",35.2959173167782,-82.8613602783837
"4136",4135,"37_175_35",35.3042449892566,-82.8773162355795
"4137",4136,"37_175_35",35.3121484380225,-82.8686426835175
"4138",4137,"37_175_35",35.3064112628873,-82.8702526304883
"4139",4138,"37_175_35",35.302943594046,-82.8707277557888
"4140",4139,"37_175_35",35.3150873296667,-82.8643166413932
"4141",4140,"37_89_39",35.4151387610247,-82.6923714134588
"4142",4141,"37_89_39",35.4161668697484,-82.6817419402497
"4143",4142,"37_89_39",35.4127959155057,-82.6853102177025
"4144",4143,"37_89_39",35.4113001298126,-82.6877833625921
"4145",4144,"37_89_39",35.4139718301493,-82.6924654825563
"4146",4145,"37_89_39",35.4179197904885,-82.6740348821417
"4147",4146,"37_89_39",35.4094641336277,-82.7026761759741
"4148",4147,"37_89_39",35.4136382770011,-82.6836268775637
"4149",4148,"37_89_39",35.4158217875607,-82.6954158924996
"4150",4149,"37_89_39",35.4204119651056,-82.7044641368939
"4151",4150,"37_89_27",35.428365879415,-82.6878677084879
"4152",4151,"37_89_27",35.428302175064,-82.700811938309
"4153",4152,"37_89_27",35.4381385356853,-82.6986187178396
"4154",4153,"37_89_27",35.421707757113,-82.6803584498047
"4155",4154,"37_89_27",35.4263658625526,-82.6887664904483
"4156",4155,"37_89_27",35.421197637218,-82.7010343777976
"4157",4156,"37_89_27",35.4295747269801,-82.6850927181088
"4158",4157,"37_89_27",35.4245577013833,-82.6843732738776
"4159",4158,"37_89_27",35.4303528726374,-82.6934920275997
"4160",4159,"37_89_27",35.4333193781329,-82.6801714516363
"4161",4160,"39_79_12636",38.85966339843,-82.6502372976407
"4162",4161,"39_79_12636",38.8484492740521,-82.6486427234106
"4163",4162,"39_79_12636",38.8572146585706,-82.6530581808214
"4164",4163,"39_79_12636",38.868339537828,-82.6562702729957
"4165",4164,"39_79_12636",38.8571800265696,-82.6532177421506
"4166",4165,"39_79_12636",38.8598428684039,-82.6503867439564
"4167",4166,"39_79_12636",38.859464985149,-82.6555989658728
"4168",4167,"39_79_12636",38.8538832383976,-82.6502671132187
"4169",4168,"39_79_12636",38.853090963803,-82.6564279936197
"4170",4169,"39_79_12636",38.8608521710944,-82.6599085040685
"4171",4170,"39_87_12769",38.7496837089407,-82.5138912152933
"4172",4171,"39_87_12769",38.7445387461493,-82.5077635067624
"4173",4172,"39_87_12769",38.7564626752389,-82.5208294088408
"4174",4173,"39_87_12769",38.7484143351853,-82.5169602609141
"4175",4174,"39_87_12769",38.749614335128,-82.5146285754548
"4176",4175,"39_87_12769",38.7519643308024,-82.509662376639
"4177",4176,"39_87_12769",38.7468525622954,-82.5209988811347
"4178",4177,"39_87_12769",38.7451427559039,-82.5261130267641
"4179",4178,"39_87_12769",38.7557035018366,-82.5078668798784
"4180",4179,"39_87_12769",38.7510016008426,-82.5067450473728
"4181",4180,"39_145_13692",38.6973594087903,-82.743452930845
"4182",4181,"39_145_13692",38.7001990682954,-82.7288808399774
"4183",4182,"39_145_13692",38.6876379981842,-82.7228255775626
"4184",4183,"39_145_13692",38.6751244915509,-82.7301129963595
"4185",4184,"39_145_13692",38.6881163214243,-82.737991921734
"4186",4185,"39_145_13692",38.682640165182,-82.7274090750169
"4187",4186,"39_145_13692",38.6971663837944,-82.7317660772443
"4188",4187,"39_145_13692",38.693774002439,-82.7350134032996
"4189",4188,"39_145_13692",38.6902050840593,-82.7399978642
"4190",4189,"39_145_13692",38.681772440561,-82.7359113536117
"4191",4190,"37_27_28",36.1152184215336,-81.6792619950643
"4192",4191,"37_27_28",36.116864339512,-81.6964833647211
"4193",4192,"37_27_28",36.1070567547823,-81.6869962595911
"4194",4193,"37_27_28",36.106869023096,-81.6713268820316
"4195",4194,"37_27_28",36.1136374552119,-81.6836651542008
"4196",4195,"37_27_28",36.1037072999564,-81.6970916905136
"4197",4196,"37_27_28",36.107654488993,-81.6934745702875
"4198",4197,"37_27_28",36.1129168327752,-81.686221910938
"4199",4198,"37_27_28",36.1148412813911,-81.6887077024472
"4200",4199,"37_27_28",36.1148413507936,-81.6951400220014
"4201",4200,"37_89_14",35.3604465057252,-82.6318637218935
"4202",4201,"37_89_14",35.3612894141983,-82.6471858228837
"4203",4202,"37_89_14",35.3515051949732,-82.6477122163662
"4204",4203,"37_89_14",35.3424250342754,-82.6370913883668
"4205",4204,"37_89_14",35.3563751677363,-82.6463338101228
"4206",4205,"37_89_14",35.3586566113873,-82.6454490407802
"4207",4206,"37_89_14",35.3556614952633,-82.6331808430095
"4208",4207,"37_89_14",35.3527616397071,-82.6425328388595
"4209",4208,"37_89_14",35.3429352749536,-82.6448096470087
"4210",4209,"37_89_14",35.3520796412979,-82.6510032203945
"4211",4210,"39_73_15675",39.5298042104983,-82.2269904259469
"4212",4211,"39_73_15675",39.5301407619652,-82.2363804984774
"4213",4212,"39_73_15675",39.5189977334392,-82.2458787096801
"4214",4213,"39_73_15675",39.5200856821058,-82.2383167756671
"4215",4214,"39_73_15675",39.5272268172073,-82.2346023710386
"4216",4215,"39_73_15675",39.5243863709143,-82.2323248955176
"4217",4216,"39_73_15675",39.5305512081671,-82.2286437529357
"4218",4217,"39_73_15675",39.5174887653374,-82.2213804095432
"4219",4218,"39_73_15675",39.5259341632219,-82.2330998862442
"4220",4219,"39_73_15675",39.5299362246449,-82.2458286621557
"4221",4220,"37_23_23",35.8278839937653,-81.9817786745883
"4222",4221,"37_23_23",35.8168697261487,-81.976710411945
"4223",4222,"37_23_23",35.8076799623267,-81.9782064459121
"4224",4223,"37_23_23",35.8148164966502,-81.9696429984754
"4225",4224,"37_23_23",35.8127857745155,-81.9826097872459
"4226",4225,"37_23_23",35.8131340231928,-81.9793513537058
"4227",4226,"37_23_23",35.8198197773793,-81.9613055002979
"4228",4227,"37_23_23",35.8234111361772,-81.9618115962432
"4229",4228,"37_23_23",35.8051143237546,-81.9637973469076
"4230",4229,"37_23_23",35.8128396008399,-81.964483154717
"4231",4230,"37_23_27",35.9052873240504,-81.8442533999844
"4232",4231,"37_23_27",35.9064328852288,-81.837708454123
"4233",4232,"37_23_27",35.9031244597315,-81.8256019844294
"4234",4233,"37_23_27",35.9106890267006,-81.8275958133105
"4235",4234,"37_23_27",35.9158785451712,-81.8427172553272
"4236",4235,"37_23_27",35.9042371265593,-81.8404990449122
"4237",4236,"37_23_27",35.9114086698306,-81.8321501517587
"4238",4237,"37_23_27",35.9020242687555,-81.8479151030959
"4239",4238,"37_23_27",35.9054481026864,-81.8508430654749
"4240",4239,"37_23_27",35.8932452647983,-81.8362541946712
"4241",4240,"37_23_2",35.8628762126198,-81.8840341722869
"4242",4241,"37_23_2",35.8626684987247,-81.880562601477
"4243",4242,"37_23_2",35.8551491177095,-81.8893244709206
"4244",4243,"37_23_2",35.8498156207965,-81.8895118359858
"4245",4244,"37_23_2",35.8569554883162,-81.8827514169197
"4246",4245,"37_23_2",35.8586527072253,-81.8790989480487
"4247",4246,"37_23_2",35.869027574722,-81.8871830825937
"4248",4247,"37_23_2",35.8697801430859,-81.8875829543373
"4249",4248,"37_23_2",35.8619470681548,-81.8999042026463
"4250",4249,"37_23_2",35.8521741455896,-81.8777327368864
"4251",4250,"37_23_34",35.7379468292266,-81.7155120128215
"4252",4251,"37_23_34",35.7371782785511,-81.6926548565698
"4253",4252,"37_23_34",35.7460526110277,-81.7192122599606
"4254",4253,"37_23_34",35.7442244637417,-81.6904543619168
"4255",4254,"37_23_34",35.7302801279308,-81.702791339543
"4256",4255,"37_23_34",35.7438979048078,-81.7064714565641
"4257",4256,"37_23_34",35.7473609185897,-81.7038045614672
"4258",4257,"37_23_34",35.7443628163586,-81.6949821311519
"4259",4258,"37_23_34",35.7507958163574,-81.7058444418261
"4260",4259,"37_23_34",35.7463120418885,-81.7011288555137
"4261",4260,"37_111_32",35.7099207460097,-82.1897784050738
"4262",4261,"37_111_32",35.7192524496877,-82.1963670318692
"4263",4262,"37_111_32",35.7198150118732,-82.2078851082545
"4264",4263,"37_111_32",35.7185607689994,-82.1928524304025
"4265",4264,"37_111_32",35.7246709886736,-82.1855505576232
"4266",4265,"37_111_32",35.7220545730216,-82.1794969610961
"4267",4266,"37_111_32",35.7083126506313,-82.1963385888736
"4268",4267,"37_111_32",35.7149592349924,-82.1965899703261
"4269",4268,"37_111_32",35.7162058306939,-82.1910844755704
"4270",4269,"37_111_32",35.7192260569464,-82.202079836065
"4271",4270,"37_111_51",35.7673588885918,-82.1077247056494
"4272",4271,"37_111_51",35.7805804443637,-82.1001682084936
"4273",4272,"37_111_51",35.7749488755153,-82.0996373002802
"4274",4273,"37_111_51",35.7769950230058,-82.1020537548844
"4275",4274,"37_111_51",35.7702724817679,-82.1035918786961
"4276",4275,"37_111_51",35.7643783850608,-82.0969810211872
"4277",4276,"37_111_51",35.7822481780959,-82.1127776544097
"4278",4277,"37_111_51",35.7743630426391,-82.0999469566362
"4279",4278,"37_111_51",35.7735071260582,-82.1013323692427
"4280",4279,"37_111_51",35.7646228696728,-82.1096632112135
"4281",4280,"37_111_47",35.9471890234132,-81.941415545626
"4282",4281,"37_111_47",35.9397975492675,-81.9429244615055
"4283",4282,"37_111_47",35.9399948866738,-81.9410471611869
"4284",4283,"37_111_47",35.9440318782683,-81.9438759920152
"4285",4284,"37_111_47",35.9350650811001,-81.9530902680973
"4286",4285,"37_111_47",35.948276494869,-81.9501896930572
"4287",4286,"37_111_47",35.9443260895239,-81.942043161481
"4288",4287,"37_111_47",35.9455102356286,-81.938862846511
"4289",4288,"37_111_47",35.9451284950245,-81.9436285871744
"4290",4289,"37_111_47",35.9443134773471,-81.9428393942875
"4291",4290,"37_111_52",35.6699171190803,-82.0312350072063
"4292",4291,"37_111_52",35.667211341191,-82.0410260698784
"4293",4292,"37_111_52",35.6724280634348,-82.0434223509371
"4294",4293,"37_111_52",35.6830361986426,-82.0407663740364
"4295",4294,"37_111_52",35.6663591919089,-82.0569712375284
"4296",4295,"37_111_52",35.6679963164661,-82.0522096566946
"4297",4296,"37_111_52",35.6758163815274,-82.043143365208
"4298",4297,"37_111_52",35.681032352394,-82.0534481546831
"4299",4298,"37_111_52",35.6773227716688,-82.0473065305675
"4300",4299,"37_111_52",35.6800664703747,-82.0443148024341
"4301",4300,"37_111_25",35.6667947331342,-82.2588590138141
"4302",4301,"37_111_25",35.6727925948513,-82.2557657467678
"4303",4302,"37_111_25",35.6726207045584,-82.2454687445165
"4304",4303,"37_111_25",35.6564855419142,-82.241536265364
"4305",4304,"37_111_25",35.6655839254152,-82.246544229671
"4306",4305,"37_111_25",35.6589175639132,-82.2614124931519
"4307",4306,"37_111_25",35.6677854491532,-82.2499209954646
"4308",4307,"37_111_25",35.6555347133175,-82.2527972619893
"4309",4308,"37_111_25",35.6654488347947,-82.2615115338015
"4310",4309,"37_111_25",35.661584349327,-82.2637493414522
"4311",4310,"39_73_12480",39.4331507469436,-82.3783709158112
"4312",4311,"39_73_12480",39.4362797468343,-82.3823488466898
"4313",4312,"39_73_12480",39.4378537209574,-82.3694358605282
"4314",4313,"39_73_12480",39.4230501776779,-82.372074995491
"4315",4314,"39_73_12480",39.438813774171,-82.3614523387116
"4316",4315,"39_73_12480",39.4291755490525,-82.3748328283076
"4317",4316,"39_73_12480",39.4312699015434,-82.3684236357407
"4318",4317,"39_73_12480",39.4326222033903,-82.3734831566778
"4319",4318,"39_73_12480",39.4407693368529,-82.381611344682
"4320",4319,"39_73_12480",39.4399046204421,-82.3614314049393
"4321",4320,"37_27_15",35.9920627262564,-81.7522868068211
"4322",4321,"37_27_15",35.9946357084968,-81.7602590293504
"4323",4322,"37_27_15",35.9844082951203,-81.7560703010369
"4324",4323,"37_27_15",35.9909953367268,-81.7651109057158
"4325",4324,"37_27_15",35.9840849970581,-81.7622097515783
"4326",4325,"37_27_15",35.9851124907022,-81.7547741280115
"4327",4326,"37_27_15",35.9964630028837,-81.7435869817372
"4328",4327,"37_27_15",35.97697603546,-81.7651113778274
"4329",4328,"37_27_15",35.9792276924428,-81.7490464284096
"4330",4329,"37_27_15",35.9784481848928,-81.749057777043
"4331",4330,"37_27_39",35.963624999406,-81.781745133514
"4332",4331,"37_27_39",35.9666214854267,-81.7771843436546
"4333",4332,"37_27_39",35.9603794649532,-81.7834437051346
"4334",4333,"37_27_39",35.9607299035006,-81.7617474617707
"4335",4334,"37_27_39",35.976232879213,-81.7658058346122
"4336",4335,"37_27_39",35.9714706961434,-81.7815147171484
"4337",4336,"37_27_39",35.9671225366383,-81.77686072158
"4338",4337,"37_27_39",35.9592471968808,-81.7870767516453
"4339",4338,"37_27_39",35.9616496139688,-81.7911259236697
"4340",4339,"37_27_39",35.9743933612047,-81.7671346028905
"4341",4340,"37_27_32",36.0892082497902,-81.6786342247897
"4342",4341,"37_27_32",36.0987697831111,-81.69104026587
"4343",4342,"37_27_32",36.0835297812867,-81.6855231416336
"4344",4343,"37_27_32",36.0968442476519,-81.681567371128
"4345",4344,"37_27_32",36.0829106380837,-81.6834775718754
"4346",4345,"37_27_32",36.0901973152434,-81.6869402660547
"4347",4346,"37_27_32",36.0918207895179,-81.6796330956081
"4348",4347,"37_27_32",36.0858312977018,-81.6910230602233
"4349",4348,"37_27_32",36.0879405161441,-81.687458479632
"4350",4349,"37_27_32",36.0862638101538,-81.6734305764149
"4351",4350,"37_27_44",36.0044687203727,-81.6802024966818
"4352",4351,"37_27_44",36.0073079641624,-81.6828526280837
"4353",4352,"37_27_44",36.0066869543232,-81.6924446141478
"4354",4353,"37_27_44",36.0032089821448,-81.6665712899426
"4355",4354,"37_27_44",36.009134759376,-81.6782689063864
"4356",4355,"37_27_44",36.0012201385253,-81.6770887285942
"4357",4356,"37_27_44",35.9922984925543,-81.6862216661036
"4358",4357,"37_27_44",35.9925953011979,-81.6714723136585
"4359",4358,"37_27_44",36.0001112861027,-81.6817531367164
"4360",4359,"37_27_44",36.0066432334088,-81.6631026404362
"4361",4360,"39_79_12632",38.8630594779981,-82.5046874528078
"4362",4361,"39_79_12632",38.8484811699128,-82.4924383553433
"4363",4362,"39_79_12632",38.854403490245,-82.4861658152074
"4364",4363,"39_79_12632",38.8624390898144,-82.5075705337361
"4365",4364,"39_79_12632",38.859922299854,-82.501306866401
"4366",4365,"39_79_12632",38.8571555444405,-82.490472263495
"4367",4366,"39_79_12632",38.8526473656459,-82.4820764183092
"4368",4367,"39_79_12632",38.857600814706,-82.500098151295
"4369",4368,"39_79_12632",38.8510161695629,-82.4893767515205
"4370",4369,"39_79_12632",38.8562889686099,-82.4979275962113
"4371",4370,"39_87_15692",38.6589478379233,-82.5520445308244
"4372",4371,"39_87_15692",38.6731894704199,-82.55069825633
"4373",4372,"39_87_15692",38.6557973414128,-82.5454045170275
"4374",4373,"39_87_15692",38.6718412587267,-82.5440592633918
"4375",4374,"39_87_15692",38.6519749466302,-82.5320737759717
"4376",4375,"39_87_15692",38.6641523582119,-82.5410733100166
"4377",4376,"39_87_15692",38.6641152748338,-82.5545802571748
"4378",4377,"39_87_15692",38.6623851400719,-82.5585095144532
"4379",4378,"39_87_15692",38.6739197594883,-82.546142337694
"4380",4379,"39_87_15692",38.6603071708498,-82.5423698553428
"4381",4380,"39_87_12774",38.7773572142797,-82.6597311828512
"4382",4381,"39_87_12774",38.7653564890757,-82.6393290159559
"4383",4382,"39_87_12774",38.7781381280843,-82.649787824077
"4384",4383,"39_87_12774",38.7745533037277,-82.6394457418813
"4385",4384,"39_87_12774",38.7640072728443,-82.6524861623861
"4386",4385,"39_87_12774",38.7636905968951,-82.6405820354708
"4387",4386,"39_87_12774",38.7700032561681,-82.6486607086279
"4388",4387,"39_87_12774",38.7784392341293,-82.6419107392627
"4389",4388,"39_87_12774",38.7713260182232,-82.648287546335
"4390",4389,"39_87_12774",38.7707224335756,-82.647625663736
"4391",4390,"39_87_12794",38.6096027813588,-82.7168184112708
"4392",4391,"39_87_12794",38.6259406942376,-82.7031467664836
"4393",4392,"39_87_12794",38.6219995019713,-82.7113660581533
"4394",4393,"39_87_12794",38.6244908494113,-82.7002953102333
"4395",4394,"39_87_12794",38.6188392545789,-82.7108643651332
"4396",4395,"39_87_12794",38.6162033234759,-82.7083161763046
"4397",4396,"39_87_12794",38.6062987744144,-82.7019602296919
"4398",4397,"39_87_12794",38.6213706539317,-82.7080011886949
"4399",4398,"39_87_12794",38.6159147033412,-82.7080255166215
"4400",4399,"39_87_12794",38.6194199076338,-82.7066732411024
"4401",4400,"39_127_1451",39.5583388613943,-82.2199060561827
"4402",4401,"39_127_1451",39.5669433972896,-82.2240028323532
"4403",4402,"39_127_1451",39.5736232895916,-82.2212118575331
"4404",4403,"39_127_1451",39.5768613930323,-82.2332224717488
"4405",4404,"39_127_1451",39.5701400822088,-82.2294999793767
"4406",4405,"39_127_1451",39.57207338402,-82.2321607618968
"4407",4406,"39_127_1451",39.5643254074539,-82.2462617909884
"4408",4407,"39_127_1451",39.5626727747359,-82.22764936033
"4409",4408,"39_127_1451",39.5746944254942,-82.2312215304072
"4410",4409,"39_127_1451",39.5701505614459,-82.2297130410446
"4411",4410,"39_111_7349",39.5908969685136,-81.233784257764
"4412",4411,"39_111_7349",39.5877833080616,-81.2425489240729
"4413",4412,"39_111_7349",39.5781434966524,-81.2312468870676
"4414",4413,"39_111_7349",39.5904320103,-81.2438418776533
"4415",4414,"39_111_7349",39.5874743095227,-81.2255745055674
"4416",4415,"39_111_7349",39.5826922470661,-81.2483231440675
"4417",4416,"39_111_7349",39.5785532298473,-81.2231383207751
"4418",4417,"39_111_7349",39.5924668768882,-81.2334743286613
"4419",4418,"39_111_7349",39.6032955620783,-81.2362439679006
"4420",4419,"39_111_7349",39.5991391672718,-81.2275247516363
"4421",4420,"39_53_8035",38.7177830060528,-82.4156376421405
"4422",4421,"39_53_8035",38.7102690684774,-82.4210422554024
"4423",4422,"39_53_8035",38.7306738189534,-82.4298464445527
"4424",4423,"39_53_8035",38.7187561721829,-82.4353465939658
"4425",4424,"39_53_8035",38.724567110115,-82.4341496438386
"4426",4425,"39_53_8035",38.7333369289434,-82.4229047498948
"4427",4426,"39_53_8035",38.7108802457029,-82.4316184806933
"4428",4427,"39_53_8035",38.7281284941051,-82.436905817799
"4429",4428,"39_53_8035",38.7210283061474,-82.4279246866319
"4430",4429,"39_53_8035",38.7128270500403,-82.4127850601223
"4431",4430,"39_53_8377",38.8419182137494,-82.5630715209797
"4432",4431,"39_53_8377",38.8295316481609,-82.5621095865541
"4433",4432,"39_53_8377",38.8285432960706,-82.5664909441487
"4434",4433,"39_53_8377",38.8218202300337,-82.5762074645082
"4435",4434,"39_53_8377",38.8250858271225,-82.554156168528
"4436",4435,"39_53_8377",38.8289143429238,-82.5684882178153
"4437",4436,"39_53_8377",38.8314762999546,-82.5594573974783
"4438",4437,"39_53_8377",38.8200291911258,-82.5812065499075
"4439",4438,"39_53_8377",38.8394400408788,-82.554573919352
"4440",4439,"39_53_8377",38.838706045958,-82.5590307091207
"4441",4440,"37_111_20",35.8396297167827,-82.0670419710217
"4442",4441,"37_111_20",35.8497064978852,-82.0535888938169
"4443",4442,"37_111_20",35.853966920666,-82.039338544683
"4444",4443,"37_111_20",35.8544330011288,-82.0569287363023
"4445",4444,"37_111_20",35.8515963490272,-82.0712438498005
"4446",4445,"37_111_20",35.8522490180784,-82.0642209489724
"4447",4446,"37_111_20",35.8361820621294,-82.0641316684388
"4448",4447,"37_111_20",35.8491819752882,-82.0644995993116
"4449",4448,"37_111_20",35.8495255817385,-82.0578416354939
"4450",4449,"37_111_20",35.8335635822143,-82.0587714713427
"4451",4450,"37_113_30",35.2053146815721,-83.7118098791285
"4452",4451,"37_113_30",35.2090610255989,-83.7040086784132
"4453",4452,"37_113_30",35.2073360461081,-83.6963449173329
"4454",4453,"37_113_30",35.2128925935886,-83.7048167571919
"4455",4454,"37_113_30",35.2141116395173,-83.7034856926195
"4456",4455,"37_113_30",35.2150064412117,-83.7060433151377
"4457",4456,"37_113_30",35.204621809163,-83.7074388074184
"4458",4457,"37_113_30",35.2126199331136,-83.7090622741899
"4459",4458,"37_113_30",35.2119175163529,-83.7007002917362
"4460",4459,"37_113_30",35.2126186731423,-83.7043014896688
"4461",4460,"37_113_49",35.2759286427652,-83.6227536693544
"4462",4461,"37_113_49",35.2721127502942,-83.6112934086613
"4463",4462,"37_113_49",35.2602369598261,-83.6131276496984
"4464",4463,"37_113_49",35.2706308317842,-83.6157127517143
"4465",4464,"37_113_49",35.2691944709456,-83.6110053162753
"4466",4465,"37_113_49",35.262688674368,-83.6039491376095
"4467",4466,"37_113_49",35.2799432571661,-83.6156827232278
"4468",4467,"37_113_49",35.2646301970823,-83.6106499089857
"4469",4468,"37_113_49",35.2771403787303,-83.6195972695036
"4470",4469,"37_113_49",35.2658683216759,-83.5999749259268
"4471",4470,"37_113_12",35.2207321277801,-83.5894987435609
"4472",4471,"37_113_12",35.2044445430098,-83.5791385988683
"4473",4472,"37_113_12",35.2066858235379,-83.5790978626096
"4474",4473,"37_113_12",35.2182215321083,-83.5641644184443
"4475",4474,"37_113_12",35.2147289839159,-83.5809367602993
"4476",4475,"37_113_12",35.2134633719396,-83.5648025264636
"4477",4476,"37_113_12",35.2264240482443,-83.5670468590785
"4478",4477,"37_113_12",35.2142608699333,-83.5782742642831
"4479",4478,"37_113_12",35.2155637028363,-83.577464498681
"4480",4479,"37_113_12",35.2140693106951,-83.5732933707732
"4481",4480,"37_113_53",35.1987478023413,-83.5411361010353
"4482",4481,"37_113_53",35.1924157809092,-83.5488908861266
"4483",4482,"37_113_53",35.1946350573055,-83.5584691974446
"4484",4483,"37_113_53",35.1944096628102,-83.5517575204886
"4485",4484,"37_113_53",35.1944208241138,-83.5528258022012
"4486",4485,"37_113_53",35.1987224243451,-83.5591797284334
"4487",4486,"37_113_53",35.1952872602769,-83.5550936142976
"4488",4487,"37_113_53",35.1962536336097,-83.5469874328178
"4489",4488,"37_113_53",35.1933727246484,-83.5434713317989
"4490",4489,"37_113_53",35.2022865097209,-83.5676021359408
"4491",4490,"37_113_5",35.1751753692707,-83.5425696415099
"4492",4491,"37_113_5",35.1706352560785,-83.5555997056177
"4493",4492,"37_113_5",35.1757339353704,-83.5403717653522
"4494",4493,"37_113_5",35.1851023610216,-83.5362574859154
"4495",4494,"37_113_5",35.1719895675369,-83.5429062648289
"4496",4495,"37_113_5",35.1735999015918,-83.5401636218125
"4497",4496,"37_113_5",35.1748250765598,-83.5361032223485
"4498",4497,"37_113_5",35.1778350312709,-83.5500646816434
"4499",4498,"37_113_5",35.1798695602163,-83.5358937147594
"4500",4499,"37_113_5",35.1652878875266,-83.5274428748495
"4501",4500,"37_113_7",35.1659354203121,-83.5185440958357
"4502",4501,"37_113_7",35.1634928189311,-83.5133477544952
"4503",4502,"37_113_7",35.1689544551438,-83.5126379344152
"4504",4503,"37_113_7",35.1692275219374,-83.5145337126561
"4505",4504,"37_113_7",35.1627347898697,-83.5277355546418
"4506",4505,"37_113_7",35.1577942023599,-83.532299350509
"4507",4506,"37_113_7",35.165399399025,-83.5111161904035
"4508",4507,"37_113_7",35.164536346141,-83.5229740896953
"4509",4508,"37_113_7",35.1639147930401,-83.5211035122407
"4510",4509,"37_113_7",35.1614735816034,-83.5328414296054
"4511",4510,"37_113_44",35.0136400489175,-83.5189020387326
"4512",4511,"37_113_44",35.0268752171846,-83.5209565316525
"4513",4512,"37_113_44",35.0246024504528,-83.5109048775364
"4514",4513,"37_113_44",35.0137699606283,-83.5131591295201
"4515",4514,"37_113_44",35.0133514222442,-83.5315959890605
"4516",4515,"37_113_44",35.0253358935743,-83.5316603776384
"4517",4516,"37_113_44",35.0152211187088,-83.5147090255655
"4518",4517,"37_113_44",35.0220409991776,-83.5243595410062
"4519",4518,"37_113_44",35.0153514006538,-83.5186610992885
"4520",4519,"37_113_44",35.0034391677736,-83.5258923246965
"4521",4520,"37_113_14",35.0905259589868,-83.4683152453047
"4522",4521,"37_113_14",35.0904577652242,-83.4663745524085
"4523",4522,"37_113_14",35.0873507450571,-83.4746431353349
"4524",4523,"37_113_14",35.0911334976719,-83.4716004497879
"4525",4524,"37_113_14",35.0884838723762,-83.4598251138913
"4526",4525,"37_113_14",35.0898570341698,-83.4806978185663
"4527",4526,"37_113_14",35.0980785011374,-83.4741345553645
"4528",4527,"37_113_14",35.1014990642898,-83.4726342470717
"4529",4528,"37_113_14",35.0912706298661,-83.4739132021541
"4530",4529,"37_113_14",35.0870810272173,-83.4786486497948
"4531",4530,"37_113_23",35.0038302921365,-83.4278285178812
"4532",4531,"37_113_23",35.0162516363884,-83.4164570869385
"4533",4532,"37_113_23",35.0058137180402,-83.4115012395577
"4534",4533,"37_113_23",35.0086076435658,-83.4084753652392
"4535",4534,"37_113_23",35.0110855216507,-83.4166314062072
"4536",4535,"37_113_23",35.0180420772493,-83.4048377246271
"4537",4536,"37_113_23",35.0105703680402,-83.4222859194454
"4538",4537,"37_113_23",35.0093615112609,-83.4147019161176
"4539",4538,"37_113_23",35.0142910177839,-83.4209162566548
"4540",4539,"37_113_23",35.0141907243907,-83.4129772623312
"4541",4540,"37_113_54",35.0366748954158,-83.3449130619148
"4542",4541,"37_113_54",35.0339543506277,-83.3582214920245
"4543",4542,"37_113_54",35.0368986072759,-83.3372162135743
"4544",4543,"37_113_54",35.0305915415381,-83.3492044610918
"4545",4544,"37_113_54",35.0469068485291,-83.3466806241427
"4546",4545,"37_113_54",35.0251594500419,-83.345449140349
"4547",4546,"37_113_54",35.0428143741445,-83.3445676211332
"4548",4547,"37_113_54",35.0229510277578,-83.3375130762121
"4549",4548,"37_113_54",35.0330793033314,-83.350541380876
"4550",4549,"37_113_54",35.0297978284646,-83.3510187469373
"4551",4550,"37_113_60",35.1315715700214,-83.3302622225984
"4552",4551,"37_113_60",35.1289667387564,-83.3293454623603
"4553",4552,"37_113_60",35.1408230592003,-83.3195308909176
"4554",4553,"37_113_60",35.1256373743623,-83.327776777177
"4555",4554,"37_113_60",35.129504581994,-83.3427651650975
"4556",4555,"37_113_60",35.1193175667409,-83.319346976374
"4557",4556,"37_113_60",35.1274288793683,-83.3378610791057
"4558",4557,"37_113_60",35.1262449918656,-83.3339633769986
"4559",4558,"37_113_60",35.1391421664066,-83.3227606634978
"4560",4559,"37_113_60",35.127688287902,-83.3148990499218
"4561",4560,"37_113_52",35.2225672819252,-83.312733721455
"4562",4561,"37_113_52",35.2342200592328,-83.3016304829249
"4563",4562,"37_113_52",35.2198488099759,-83.2989786468283
"4564",4563,"37_113_52",35.2171644848862,-83.3011807521669
"4565",4564,"37_113_52",35.2272464319127,-83.3055201943213
"4566",4565,"37_113_52",35.2314038232834,-83.2882949993137
"4567",4566,"37_113_52",35.2313557915722,-83.3092447604432
"4568",4567,"37_113_52",35.2265105670957,-83.3052645567418
"4569",4568,"37_113_52",35.2203294762428,-83.2998285667625
"4570",4569,"37_113_52",35.2319589681504,-83.3106031063263
"4571",4570,"37_113_8",35.0242288334843,-83.2773389997646
"4572",4571,"37_113_8",35.0317678890158,-83.2740527431334
"4573",4572,"37_113_8",35.023669868051,-83.2920227889402
"4574",4573,"37_113_8",35.0278829792756,-83.2874311263488
"4575",4574,"37_113_8",35.0207271232929,-83.2634987294147
"4576",4575,"37_113_8",35.0226332402046,-83.263401103422
"4577",4576,"37_113_8",35.0294332297491,-83.2670274939791
"4578",4577,"37_113_8",35.0285036950223,-83.2884471320984
"4579",4578,"37_113_8",35.0244843066413,-83.2621869304553
"4580",4579,"37_113_8",35.0239403652396,-83.283162219587
"4581",4580,"37_173_36",35.308002579346,-83.6610436189372
"4582",4581,"37_173_36",35.3114539712925,-83.6635025025044
"4583",4582,"37_173_36",35.310199914498,-83.6750482452595
"4584",4583,"37_173_36",35.3077320409307,-83.6602382279787
"4585",4584,"37_173_36",35.2951283948403,-83.663350653348
"4586",4585,"37_173_36",35.3016062645573,-83.6771834067141
"4587",4586,"37_173_36",35.305431573765,-83.6546778737413
"4588",4587,"37_173_36",35.3196679543278,-83.6714617667464
"4589",4588,"37_173_36",35.3114318953514,-83.6600571556114
"4590",4589,"37_173_36",35.2981302209002,-83.66052700699
"4591",4590,"37_173_42",35.3423016292443,-83.355548788953
"4592",4591,"37_173_42",35.3325948126821,-83.3576852247402
"4593",4592,"37_173_42",35.3419024455557,-83.3577500282696
"4594",4593,"37_173_42",35.3434058688825,-83.3692970385897
"4595",4594,"37_173_42",35.3394542552711,-83.3619306403493
"4596",4595,"37_173_42",35.3442140661589,-83.3648244219936
"4597",4596,"37_173_42",35.3407796535587,-83.3664774189774
"4598",4597,"37_173_42",35.343428850372,-83.3546098301599
"4599",4598,"37_173_42",35.340356313819,-83.3627614321626
"4600",4599,"37_173_42",35.3411650495173,-83.3547424583882
"4601",4600,"37_173_43",35.3148216901355,-83.6757979813024
"4602",4601,"37_173_43",35.3152655282487,-83.6719120851912
"4603",4602,"37_173_43",35.3235674361176,-83.6703349725601
"4604",4603,"37_173_43",35.327507442579,-83.6750999194205
"4605",4604,"37_173_43",35.3082134186908,-83.6817821579454
"4606",4605,"37_173_43",35.3203245291873,-83.6752014425614
"4607",4606,"37_173_43",35.3105100604893,-83.6753153896908
"4608",4607,"37_173_43",35.314759435656,-83.6634663813
"4609",4608,"37_173_43",35.3133850231843,-83.680813156068
"4610",4609,"37_173_43",35.3312625271015,-83.6793740578266
"4611",4610,"37_173_32",35.2874593266127,-83.6130248970884
"4612",4611,"37_173_32",35.2911412404752,-83.6344421217118
"4613",4612,"37_173_32",35.2857327335499,-83.6159613393289
"4614",4613,"37_173_32",35.2889299649001,-83.6247971689692
"4615",4614,"37_173_32",35.2842746390522,-83.6331082130235
"4616",4615,"37_173_32",35.2854427012342,-83.627151461319
"4617",4616,"37_173_32",35.2951927255833,-83.6247472117933
"4618",4617,"37_173_32",35.2906723499053,-83.631636563387
"4619",4618,"37_173_32",35.2848953102646,-83.6248176734731
"4620",4619,"37_173_32",35.288682629681,-83.6225027450799
"4621",4620,"37_173_10",35.5851653396523,-83.2125142784267
"4622",4621,"37_173_10",35.5831645511704,-83.1966882601561
"4623",4622,"37_173_10",35.5853608017309,-83.2057750752735
"4624",4623,"37_173_10",35.5737646925571,-83.209736663434
"4625",4624,"37_173_10",35.5813622218845,-83.1984843233417
"4626",4625,"37_173_10",35.5962485718769,-83.1924344116522
"4627",4626,"37_173_10",35.5846083220102,-83.2100351549935
"4628",4627,"37_173_10",35.5862334241115,-83.1849237499867
"4629",4628,"37_173_10",35.5973469220265,-83.2018851725015
"4630",4629,"37_173_10",35.5895670185943,-83.1930997110232
"4631",4630,"37_173_29",35.6158628336594,-83.2477179572349
"4632",4631,"37_173_29",35.6225744977869,-83.2334004987458
"4633",4632,"37_173_29",35.6103070429375,-83.2601918819153
"4634",4633,"37_173_29",35.6154184200277,-83.248702726064
"4635",4634,"37_173_29",35.605859188657,-83.2598322677389
"4636",4635,"37_173_29",35.6274938773665,-83.2450123681311
"4637",4636,"37_173_29",35.6050546501825,-83.2553900347469
"4638",4637,"37_173_29",35.6151106102332,-83.2649245594604
"4639",4638,"37_173_29",35.6291554021193,-83.2534616960202
"4640",4639,"37_173_29",35.6169020476003,-83.2361776730898
"4641",4640,"37_173_24",35.6732377200657,-83.2603626241851
"4642",4641,"37_173_24",35.6653618667835,-83.2440583596304
"4643",4642,"37_173_24",35.6664506000378,-83.2538101583454
"4644",4643,"37_173_24",35.6736397881817,-83.2596968763954
"4645",4644,"37_173_24",35.6687849190293,-83.2474347463616
"4646",4645,"37_173_24",35.6648595888381,-83.2507970207699
"4647",4646,"37_173_24",35.6768513133031,-83.2505427126422
"4648",4647,"37_173_24",35.6688471507661,-83.2454323344554
"4649",4648,"37_173_24",35.6670752975099,-83.250672390389
"4650",4649,"37_173_24",35.6669943074017,-83.2607693617341
"4651",4650,"37_199_23",35.7463489537556,-82.2488197169567
"4652",4651,"37_199_23",35.7394469457247,-82.2523497197767
"4653",4652,"37_199_23",35.7351467706751,-82.2617856041943
"4654",4653,"37_199_23",35.7335975645749,-82.2396276704325
"4655",4654,"37_199_23",35.7472507759602,-82.2451797561542
"4656",4655,"37_199_23",35.743629553124,-82.2471448600961
"4657",4656,"37_199_23",35.7392181656799,-82.2516667648266
"4658",4657,"37_199_23",35.7354674086206,-82.2420579469239
"4659",4658,"37_199_23",35.7329323925815,-82.2363825752115
"4660",4659,"37_199_23",35.7429269166842,-82.2506055225642
"4661",4660,"37_199_37",35.8537867597258,-82.2370379768273
"4662",4661,"37_199_37",35.8459220838663,-82.2413951692382
"4663",4662,"37_199_37",35.8467489245759,-82.2542441759393
"4664",4663,"37_199_37",35.8491229172799,-82.2289693798567
"4665",4664,"37_199_37",35.8586121176049,-82.2258719114825
"4666",4665,"37_199_37",35.8505117164122,-82.2508594345254
"4667",4666,"37_199_37",35.8639224776891,-82.239386534551
"4668",4667,"37_199_37",35.8439110473902,-82.2352932280281
"4669",4668,"37_199_37",35.8532155403186,-82.2395110438846
"4670",4669,"37_199_37",35.8514733143241,-82.2505272836849
"4671",4670,"37_199_31",35.8806831648802,-82.3090616605123
"4672",4671,"37_199_31",35.889643284965,-82.3103248772617
"4673",4672,"37_199_31",35.8987755056152,-82.3150624846185
"4674",4673,"37_199_31",35.8828720309473,-82.3163169052438
"4675",4674,"37_199_31",35.8887125601653,-82.3100143242485
"4676",4675,"37_199_31",35.8870372812093,-82.3076892347329
"4677",4676,"37_199_31",35.8909214978275,-82.3134427547113
"4678",4677,"37_199_31",35.8967999465207,-82.3009957483239
"4679",4678,"37_199_31",35.8860893252849,-82.2982619351737
"4680",4679,"37_199_31",35.8896139743396,-82.3109983031585
"4681",4680,"37_199_49",36.0509837185982,-82.3822013240429
"4682",4681,"37_199_49",36.0556869036812,-82.3730225636969
"4683",4682,"37_199_49",36.0564227104502,-82.3662996331034
"4684",4683,"37_199_49",36.0478034495449,-82.3799465627125
"4685",4684,"37_199_49",36.0413030165914,-82.3811345401938
"4686",4685,"37_199_49",36.0507719630594,-82.3756663739718
"4687",4686,"37_199_49",36.0389224495225,-82.3927951567584
"4688",4687,"37_199_49",36.0446359765585,-82.3762105143103
"4689",4688,"37_199_49",36.0497655062612,-82.3788528018777
"4690",4689,"37_199_49",36.0449828781089,-82.3703823404409
"4691",4690,"37_173_7",35.6222386343469,-83.2913206284203
"4692",4691,"37_173_7",35.6239073083854,-83.3101450646516
"4693",4692,"37_173_7",35.6206269930341,-83.305494076519
"4694",4693,"37_173_7",35.6242708111306,-83.3034251011371
"4695",4694,"37_173_7",35.6309658463317,-83.303453763339
"4696",4695,"37_173_7",35.6155641988256,-83.3112760408493
"4697",4696,"37_173_7",35.6373000941385,-83.2932901448953
"4698",4697,"37_173_7",35.6265022749285,-83.311788747945
"4699",4698,"37_173_7",35.6352759377502,-83.289196936519
"4700",4699,"37_173_7",35.6316748649901,-83.3147961472535
"4701",4700,"37_173_13",35.5898202960595,-83.2922995217486
"4702",4701,"37_173_13",35.579283513887,-83.2959224306604
"4703",4702,"37_173_13",35.5808415928083,-83.2986732564986
"4704",4703,"37_173_13",35.5957679990965,-83.2898074319114
"4705",4704,"37_173_13",35.5915512310723,-83.3021054981143
"4706",4705,"37_173_13",35.5775593208076,-83.2944656128196
"4707",4706,"37_173_13",35.586210700505,-83.289194533385
"4708",4707,"37_173_13",35.5807354751031,-83.2983784593737
"4709",4708,"37_173_13",35.576482098945,-83.3022410768558
"4710",4709,"37_173_13",35.5766511761566,-83.2981140927962
"4711",4710,"37_173_33",35.5326638260594,-83.2836712784457
"4712",4711,"37_173_33",35.5307610173432,-83.3022828189352
"4713",4712,"37_173_33",35.5424240064782,-83.2924620808968
"4714",4713,"37_173_33",35.5441258041068,-83.2904552737793
"4715",4714,"37_173_33",35.5482753048296,-83.3011641146061
"4716",4715,"37_173_33",35.5412997373285,-83.298800863643
"4717",4716,"37_173_33",35.5397728122377,-83.297417359855
"4718",4717,"37_173_33",35.5327806336569,-83.29034126655
"4719",4718,"37_173_33",35.5388330441977,-83.3002528488408
"4720",4719,"37_173_33",35.5472821523415,-83.3100225718779
"4721",4720,"37_173_9",35.5840882332142,-83.3506493199559
"4722",4721,"37_173_9",35.5901794608089,-83.3499648818054
"4723",4722,"37_173_9",35.5873465467611,-83.3532162993937
"4724",4723,"37_173_9",35.5731468697606,-83.345087264374
"4725",4724,"37_173_9",35.5703394972734,-83.3515616753773
"4726",4725,"37_173_9",35.5791893149736,-83.3509429436592
"4727",4726,"37_173_9",35.5749120367118,-83.3530546726357
"4728",4727,"37_173_9",35.5766184984619,-83.3453968459381
"4729",4728,"37_173_9",35.5820031546282,-83.3521007948331
"4730",4729,"37_173_9",35.5788545184648,-83.3608239840632
"4731",4730,"37_173_46",35.5860227094439,-83.4066744731303
"4732",4731,"37_173_46",35.5779237831673,-83.4223076783448
"4733",4732,"37_173_46",35.5864130776264,-83.395609860307
"4734",4733,"37_173_46",35.5815452992109,-83.4065336427049
"4735",4734,"37_173_46",35.5865670679328,-83.4007598614596
"4736",4735,"37_173_46",35.5902344076375,-83.4105252383515
"4737",4736,"37_173_46",35.5809140670242,-83.4249243258776
"4738",4737,"37_173_46",35.5804908195797,-83.408351288614
"4739",4738,"37_173_46",35.5876407533745,-83.4083556778462
"4740",4739,"37_173_46",35.5886494490148,-83.3961389872762
"4741",4740,"37_173_12",35.5270156646078,-83.4000835776902
"4742",4741,"37_173_12",35.5392492691883,-83.3914430566456
"4743",4742,"37_173_12",35.5393644334594,-83.412472711052
"4744",4743,"37_173_12",35.5367074737178,-83.3968010104952
"4745",4744,"37_173_12",35.5207178794125,-83.3941732353018
"4746",4745,"37_173_12",35.5235141907413,-83.3948456383223
"4747",4746,"37_173_12",35.5369954512704,-83.4050828138558
"4748",4747,"37_173_12",35.5306999455914,-83.40606138938
"4749",4748,"37_173_12",35.5295867446663,-83.4038801143728
"4750",4749,"37_173_12",35.5330391963033,-83.3994782108386
"4751",4750,"37_173_14",35.5002920793146,-83.4625006031616
"4752",4751,"37_173_14",35.4896845797799,-83.4531243026077
"4753",4752,"37_173_14",35.4935356034896,-83.4659630416241
"4754",4753,"37_173_14",35.4830817545878,-83.4568493187418
"4755",4754,"37_173_14",35.5003967375348,-83.4606596027651
"4756",4755,"37_173_14",35.4995997230953,-83.4520631743061
"4757",4756,"37_173_14",35.4949242218568,-83.4648724242455
"4758",4757,"37_173_14",35.4927187491799,-83.4698501825758
"4759",4758,"37_173_14",35.4975556553077,-83.4479958405828
"4760",4759,"37_173_14",35.4939637311499,-83.4589464863181
"4761",4760,"37_173_6",35.5829135691479,-83.483452311901
"4762",4761,"37_173_6",35.5721704379295,-83.4648542678034
"4763",4762,"37_173_6",35.5840258880493,-83.469190092585
"4764",4763,"37_173_6",35.5847007636585,-83.4767438136938
"4765",4764,"37_173_6",35.5876032289421,-83.4725904848544
"4766",4765,"37_173_6",35.5763857435385,-83.4766458287183
"4767",4766,"37_173_6",35.5780054906831,-83.4747334499339
"4768",4767,"37_173_6",35.5788472160876,-83.4702808432663
"4769",4768,"37_173_6",35.5863032113632,-83.4635877243441
"4770",4769,"37_173_6",35.5809406435376,-83.4667276810792
"4771",4770,"37_173_17",35.5039757697177,-83.4957489861867
"4772",4771,"37_173_17",35.4899019375653,-83.497092907382
"4773",4772,"37_173_17",35.4915298004138,-83.4877388161242
"4774",4773,"37_173_17",35.4968048213712,-83.5042670125561
"4775",4774,"37_173_17",35.4868489040527,-83.49259044932
"4776",4775,"37_173_17",35.4829722256072,-83.5063918296492
"4777",4776,"37_173_17",35.4933212086462,-83.5016839215281
"4778",4777,"37_173_17",35.4952341644339,-83.5040136829904
"4779",4778,"37_173_17",35.49160921479,-83.514554643899
"4780",4779,"37_173_17",35.4894083751595,-83.4846929101955
"4781",4780,"37_173_41",35.4939014921116,-83.5742012064138
"4782",4781,"37_173_41",35.4818185126084,-83.5878985609881
"4783",4782,"37_173_41",35.4769538952176,-83.5839745079451
"4784",4783,"37_173_41",35.4868398127068,-83.5675345273474
"4785",4784,"37_173_41",35.4783424018074,-83.5616621942778
"4786",4785,"37_173_41",35.4878893464528,-83.5741280655182
"4787",4786,"37_173_41",35.4868515011982,-83.5720542702401
"4788",4787,"37_173_41",35.4833191551662,-83.569778390752
"4789",4788,"37_173_41",35.4880802350419,-83.5715393569215
"4790",4789,"37_173_41",35.4849933688248,-83.5658787284919
"4791",4790,"37_173_21",35.5347991687808,-83.5775380300479
"4792",4791,"37_173_21",35.5316162419831,-83.5586389974346
"4793",4792,"37_173_21",35.527933825555,-83.5731519764823
"4794",4793,"37_173_21",35.5342994789158,-83.559076569323
"4795",4794,"37_173_21",35.5354482627673,-83.5638237462975
"4796",4795,"37_173_21",35.5334330736828,-83.5670562356961
"4797",4796,"37_173_21",35.5296361297837,-83.5590317622734
"4798",4797,"37_173_21",35.5281058932693,-83.560490929896
"4799",4798,"37_173_21",35.5308361360205,-83.5619843355908
"4800",4799,"37_173_21",35.5316027727073,-83.5620342849453
"4801",4800,"37_173_18",35.4815307579565,-83.6281895381167
"4802",4801,"37_173_18",35.4822601550607,-83.6200557866938
"4803",4802,"37_173_18",35.4837762966308,-83.6066563119105
"4804",4803,"37_173_18",35.4795267810553,-83.6203101713633
"4805",4804,"37_173_18",35.4884187134682,-83.6065142631563
"4806",4805,"37_173_18",35.490699608028,-83.6065158104671
"4807",4806,"37_173_18",35.4804966723322,-83.612320819167
"4808",4807,"37_173_18",35.4805390345155,-83.6303014889774
"4809",4808,"37_173_18",35.4756137747824,-83.6295721789406
"4810",4809,"37_173_18",35.4853895687835,-83.6193274274536
"4811",4810,"37_173_22",35.4940125572096,-83.6859313484271
"4812",4811,"37_173_22",35.4923659779764,-83.6883797053334
"4813",4812,"37_173_22",35.4940796742932,-83.6865865517922
"4814",4813,"37_173_22",35.4895202109984,-83.6793730308276
"4815",4814,"37_173_22",35.4963062490023,-83.6832477467966
"4816",4815,"37_173_22",35.4939219964795,-83.6812286446956
"4817",4816,"37_173_22",35.490473865876,-83.6821284712206
"4818",4817,"37_173_22",35.4962695529382,-83.6854181512392
"4819",4818,"37_173_22",35.4968565137936,-83.6707766756225
"4820",4819,"37_173_22",35.4896999398549,-83.6959630576777
"4821",4820,"37_173_31",35.5437767049684,-83.7409050293469
"4822",4821,"37_173_31",35.5252573865481,-83.7316545968166
"4823",4822,"37_173_31",35.5254807756417,-83.7355101917779
"4824",4823,"37_173_31",35.5373823432396,-83.7244004022429
"4825",4824,"37_173_31",35.5405412374875,-83.7255244689146
"4826",4825,"37_173_31",35.5315686492315,-83.7372037920134
"4827",4826,"37_173_31",35.5359435603442,-83.7256622933318
"4828",4827,"37_173_31",35.5251322124121,-83.7413294847352
"4829",4828,"37_173_31",35.5342429041613,-83.7175845547951
"4830",4829,"37_173_31",35.5412001212811,-83.7431168546387
"4831",4830,"37_173_34",35.4699556351353,-83.7339410334336
"4832",4831,"37_173_34",35.4884171516988,-83.7369578615428
"4833",4832,"37_173_34",35.4779625955315,-83.7277980586438
"4834",4833,"37_173_34",35.472794331602,-83.715550828583
"4835",4834,"37_173_34",35.4783615000459,-83.7254620685654
"4836",4835,"37_173_34",35.4797912254023,-83.7329690233875
"4837",4836,"37_173_34",35.4766825885475,-83.7422043745355
"4838",4837,"37_173_34",35.4795289208137,-83.7195371317242
"4839",4838,"37_173_34",35.467783057916,-83.734175780679
"4840",4839,"37_173_34",35.4822584389063,-83.728070117588
"4841",4840,"37_173_47",35.5342987294231,-83.7863494766789
"4842",4841,"37_173_47",35.5377281586379,-83.778752331881
"4843",4842,"37_173_47",35.5255329009389,-83.7846519955268
"4844",4843,"37_173_47",35.5220003598505,-83.7859916848369
"4845",4844,"37_173_47",35.547209878791,-83.7811705808243
"4846",4845,"37_173_47",35.5355395107339,-83.7816450066718
"4847",4846,"37_173_47",35.5393826202251,-83.796354631439
"4848",4847,"37_173_47",35.5347582493817,-83.7743834226014
"4849",4848,"37_173_47",35.5365665051215,-83.7923030836597
"4850",4849,"37_173_47",35.5389662883151,-83.7826152889816
"4851",4850,"37_173_3",35.4759630893605,-83.819087462357
"4852",4851,"37_173_3",35.4825210223718,-83.8267590606272
"4853",4852,"37_173_3",35.486013529536,-83.8367959475713
"4854",4853,"37_173_3",35.4767567202307,-83.8190773558792
"4855",4854,"37_173_3",35.4805631198216,-83.8384729079122
"4856",4855,"37_173_3",35.4846262211257,-83.8267732383131
"4857",4856,"37_173_3",35.4781480512548,-83.8438348996357
"4858",4857,"37_173_3",35.4841120591667,-83.8276189330868
"4859",4858,"37_173_3",35.4827079326781,-83.8274417365269
"4860",4859,"37_173_3",35.4879825941857,-83.821099515399
"4861",4860,"37_173_23",35.4711613818858,-83.894003310711
"4862",4861,"37_173_23",35.4687546400272,-83.8921513912614
"4863",4862,"37_173_23",35.482602583634,-83.9042270626638
"4864",4863,"37_173_23",35.474818961778,-83.8884907289057
"4865",4864,"37_173_23",35.4772952583352,-83.8893380345973
"4866",4865,"37_173_23",35.4891859520335,-83.8909109959365
"4867",4866,"37_173_23",35.4813398075141,-83.8892063907563
"4868",4867,"37_173_23",35.4691507448186,-83.8911133950364
"4869",4868,"37_173_23",35.4722073046221,-83.9000306357125
"4870",4869,"37_173_23",35.4761821408787,-83.8886306431361
"4871",4870,"37_173_55",35.4790335881826,-83.4934993167019
"4872",4871,"37_173_55",35.4852149196229,-83.4813130638989
"4873",4872,"37_173_55",35.4757932538236,-83.5034055913251
"4874",4873,"37_173_55",35.4744708667149,-83.5071657138659
"4875",4874,"37_173_55",35.4832796244004,-83.4954381548356
"4876",4875,"37_173_55",35.4826131335472,-83.4924165030563
"4877",4876,"37_173_55",35.4758342418656,-83.4979891191404
"4878",4877,"37_173_55",35.4842645611358,-83.4941584772348
"4879",4878,"37_173_55",35.4740169576745,-83.4995834980141
"4880",4879,"37_173_55",35.4885713376606,-83.5090080203463
"4881",4880,"37_175_25",35.0772558973223,-83.0029211359425
"4882",4881,"37_175_25",35.0783184844294,-83.0003733058252
"4883",4882,"37_175_25",35.0878161534551,-83.005282042127
"4884",4883,"37_175_25",35.0997089768389,-83.0037514036902
"4885",4884,"37_175_25",35.0960456145315,-83.0114422408788
"4886",4885,"37_175_25",35.0892549964288,-83.010221721333
"4887",4886,"37_175_25",35.0876045426855,-83.0049428792512
"4888",4887,"37_175_25",35.084748118564,-83.0136621534675
"4889",4888,"37_175_25",35.087244637688,-83.0061744705612
"4890",4889,"37_175_25",35.0932702436143,-83.0091185285292
"4891",4890,"37_175_23",35.2638146689132,-82.8820559091996
"4892",4891,"37_175_23",35.2681723893248,-82.8658386182184
"4893",4892,"37_175_23",35.2592440436113,-82.8809817841828
"4894",4893,"37_175_23",35.2665154507978,-82.8858676257722
"4895",4894,"37_175_23",35.2680183505155,-82.8782726394716
"4896",4895,"37_175_23",35.2570441732285,-82.8742236863457
"4897",4896,"37_175_23",35.2658848586764,-82.8811372488493
"4898",4897,"37_175_23",35.2652158736159,-82.8799639526642
"4899",4898,"37_175_23",35.2667842059571,-82.8771676561611
"4900",4899,"37_175_23",35.2699509479527,-82.8740788429512
"4901",4900,"37_175_37",35.1928314649863,-82.8646181059562
"4902",4901,"37_175_37",35.1929863964853,-82.8501600884344
"4903",4902,"37_175_37",35.1867182707989,-82.8626064667231
"4904",4903,"37_175_37",35.1911464286567,-82.8752979473178
"4905",4904,"37_175_37",35.1918428079999,-82.8635788570907
"4906",4905,"37_175_37",35.1943096488669,-82.8751803873395
"4907",4906,"37_175_37",35.1926848962897,-82.8654708771016
"4908",4907,"37_175_37",35.1856882462898,-82.8797789840956
"4909",4908,"37_175_37",35.1897255837394,-82.8679700071541
"4910",4909,"37_175_37",35.1881168698921,-82.8683586965975
"4911",4910,"37_175_33",35.3345962478748,-82.8027578239697
"4912",4911,"37_175_33",35.3307713061256,-82.8056823540596
"4913",4912,"37_175_33",35.3268864374444,-82.8126612356537
"4914",4913,"37_175_33",35.3423885376502,-82.8121968176306
"4915",4914,"37_175_33",35.3310498543408,-82.7976695551814
"4916",4915,"37_175_33",35.3261455291759,-82.793520976719
"4917",4916,"37_175_33",35.3329505498989,-82.8201293224655
"4918",4917,"37_175_33",35.3346780957646,-82.8072846788167
"4919",4918,"37_175_33",35.3385498096043,-82.802322814937
"4920",4919,"37_175_33",35.3412306487351,-82.8027463820452
"4921",4920,"37_175_18",35.2978637504483,-82.8104381485393
"4922",4921,"37_175_18",35.2959505118437,-82.8145695430627
"4923",4922,"37_175_18",35.2976833429114,-82.814135718329
"4924",4923,"37_175_18",35.2958819391777,-82.8137403750904
"4925",4924,"37_175_18",35.2916779543936,-82.8113267486361
"4926",4925,"37_175_18",35.3055241396883,-82.8169483243572
"4927",4926,"37_175_18",35.2897999406545,-82.8143875677925
"4928",4927,"37_175_18",35.2928557510435,-82.8225608167024
"4929",4928,"37_175_18",35.2964706930383,-82.8312435928944
"4930",4929,"37_175_18",35.2822957341573,-82.812566539355
"4931",4930,"37_175_29",35.2134201833709,-82.7994718573271
"4932",4931,"37_175_29",35.2034390642909,-82.7867489937709
"4933",4932,"37_175_29",35.2123836906722,-82.7911455449816
"4934",4933,"37_175_29",35.2022015738061,-82.8024215275027
"4935",4934,"37_175_29",35.2068092656976,-82.8001030345002
"4936",4935,"37_175_29",35.2189227349959,-82.7984674543751
"4937",4936,"37_175_29",35.2109636241986,-82.793143604899
"4938",4937,"37_175_29",35.2160652548584,-82.7988257754521
"4939",4938,"37_175_29",35.2056930863041,-82.7875526576044
"4940",4939,"37_175_29",35.2085094393354,-82.7884375517661
"4941",4940,"37_175_32",35.3268394936051,-82.7771686777436
"4942",4941,"37_175_32",35.3381763114457,-82.7831747443763
"4943",4942,"37_175_32",35.3251626153529,-82.7760999687668
"4944",4943,"37_175_32",35.3248656340038,-82.7762710890795
"4945",4944,"37_175_32",35.3303565530004,-82.7792899526505
"4946",4945,"37_175_32",35.3374419000964,-82.7693109969305
"4947",4946,"37_175_32",35.3173461626798,-82.7767828610392
"4948",4947,"37_175_32",35.3368166101093,-82.7654614664521
"4949",4948,"37_175_32",35.3276172778258,-82.7849201367944
"4950",4949,"37_175_32",35.3359914288374,-82.7772914790537
"4951",4950,"37_39_5",35.1754332163251,-84.294756508377
"4952",4951,"37_39_5",35.185347092816,-84.2976175705589
"4953",4952,"37_39_5",35.1901578769982,-84.2977404515382
"4954",4953,"37_39_5",35.1825624820279,-84.2862392204
"4955",4954,"37_39_5",35.1920002122787,-84.3041723668671
"4956",4955,"37_39_5",35.1824012256031,-84.2878885575157
"4957",4956,"37_39_5",35.1989929193196,-84.2899085473973
"4958",4957,"37_39_5",35.1952659283718,-84.2827601802098
"4959",4958,"37_39_5",35.1927793131117,-84.2860171069483
"4960",4959,"37_39_5",35.1947654709309,-84.3076593294344
"4961",4960,"37_39_19",35.2045543543848,-84.260432044565
"4962",4961,"37_39_19",35.2160261651974,-84.267943370382
"4963",4962,"37_39_19",35.2103814137416,-84.2697724121492
"4964",4963,"37_39_19",35.2135409676523,-84.2531495658459
"4965",4964,"37_39_19",35.2057899970634,-84.2557762852907
"4966",4965,"37_39_19",35.206920090281,-84.2430283054758
"4967",4966,"37_39_19",35.2047384405196,-84.2598688102295
"4968",4967,"37_39_19",35.2023184902918,-84.2436111317631
"4969",4968,"37_39_19",35.2121397921191,-84.2491389031846
"4970",4969,"37_39_19",35.1978578497773,-84.2608668192266
"4971",4970,"37_39_34",35.2268870046976,-84.2356137982288
"4972",4971,"37_39_34",35.2221322467849,-84.2425926046824
"4973",4972,"37_39_34",35.2423572213409,-84.2382409447813
"4974",4973,"37_39_34",35.234562002,-84.2374088973447
"4975",4974,"37_39_34",35.2248885299843,-84.2324620948407
"4976",4975,"37_39_34",35.2273303386747,-84.221035166881
"4977",4976,"37_39_34",35.2276768230185,-84.2289254915137
"4978",4977,"37_39_34",35.2206264403098,-84.2327491159282
"4979",4978,"37_39_34",35.2334931775133,-84.2369062381711
"4980",4979,"37_39_34",35.2394078599472,-84.221977972355
"4981",4980,"37_39_22",35.2815398004803,-84.0237474205847
"4982",4981,"37_39_22",35.2723553726162,-84.0076130005358
"4983",4982,"37_39_22",35.270164167153,-84.0189928354273
"4984",4983,"37_39_22",35.273375640842,-84.0294625795635
"4985",4984,"37_39_22",35.269545448795,-84.0227708046957
"4986",4985,"37_39_22",35.2721551448679,-84.023321344505
"4987",4986,"37_39_22",35.2736141325619,-84.01728710656
"4988",4987,"37_39_22",35.2799793740552,-84.0244647186516
"4989",4988,"37_39_22",35.2717813566484,-84.0234776787974
"4990",4989,"37_39_22",35.265532408026,-84.0342799236045
"4991",4990,"37_39_36",35.2220496459537,-84.0263796147483
"4992",4991,"37_39_36",35.2167017220337,-84.0219320473099
"4993",4992,"37_39_36",35.2097781409064,-84.020180552328
"4994",4993,"37_39_36",35.2148789882135,-84.0337803269288
"4995",4994,"37_39_36",35.2206695500425,-84.0165773598753
"4996",4995,"37_39_36",35.2032789614294,-84.0344702038857
"4997",4996,"37_39_36",35.2160920629054,-84.0248426056597
"4998",4997,"37_39_36",35.2150487316056,-84.0316318418664
"4999",4998,"37_39_36",35.2183243619517,-84.0112439550293
"5000",4999,"37_39_36",35.2014588909879,-84.0223478476576
"5001",5000,"37_39_38",35.1363175354731,-84.0306885117071
"5002",5001,"37_39_38",35.1383669235765,-84.0215283414619
"5003",5002,"37_39_38",35.140019554509,-84.0201457994902
"5004",5003,"37_39_38",35.1469579230355,-84.0140398985707
"5005",5004,"37_39_38",35.1418937814253,-84.0365269908494
"5006",5005,"37_39_38",35.1393415196613,-84.0225571872243
"5007",5006,"37_39_38",35.1408299904971,-84.024867150618
"5008",5007,"37_39_38",35.1313779916855,-84.0245918846311
"5009",5008,"37_39_38",35.13098686058,-84.0128178983556
"5010",5009,"37_39_38",35.1399395240994,-84.0133309512619
"5011",5010,"39_167_7168",39.462231734077,-81.2109926145568
"5012",5011,"39_167_7168",39.4781735883835,-81.2038922138791
"5013",5012,"39_167_7168",39.4860140868187,-81.1978423062814
"5014",5013,"39_167_7168",39.4663217620171,-81.1939691033441
"5015",5014,"39_167_7168",39.470963305222,-81.1992200800924
"5016",5015,"39_167_7168",39.473279432832,-81.1918032443921
"5017",5016,"39_167_7168",39.4741871967551,-81.2030401668987
"5018",5017,"39_167_7168",39.4834012386844,-81.2124138529422
"5019",5018,"39_167_7168",39.4791045515095,-81.1984233463221
"5020",5019,"39_167_7168",39.4863248975156,-81.2125406875943
"5021",5020,"39_127_13398",39.6036949570871,-82.2207388871429
"5022",5021,"39_127_13398",39.6119536544807,-82.2106529292856
"5023",5022,"39_127_13398",39.6020113760754,-82.2234651314971
"5024",5023,"39_127_13398",39.6043636419211,-82.2347578845047
"5025",5024,"39_127_13398",39.6079176071033,-82.2096205587385
"5026",5025,"39_127_13398",39.5986948247093,-82.2226888562982
"5027",5026,"39_127_13398",39.6049760502044,-82.2171631572126
"5028",5027,"39_127_13398",39.5978495344987,-82.2147453865049
"5029",5028,"39_127_13398",39.6101694017511,-82.2263462507018
"5030",5029,"39_127_13398",39.6043613021906,-82.2180544219239
"5031",5030,"39_53_15655",38.809368068719,-82.5759199805253
"5032",5031,"39_53_15655",38.8158687551387,-82.5711779879163
"5033",5032,"39_53_15655",38.8257747187593,-82.5686097510207
"5034",5033,"39_53_15655",38.8087864427845,-82.5657121840077
"5035",5034,"39_53_15655",38.8194728666337,-82.5726573473684
"5036",5035,"39_53_15655",38.8178129799755,-82.5743403904788
"5037",5036,"39_53_15655",38.8169296386085,-82.5614768551717
"5038",5037,"39_53_15655",38.8197547039854,-82.57317624877
"5039",5038,"39_53_15655",38.8142297518161,-82.5751537494723
"5040",5039,"39_53_15655",38.8191453505866,-82.5717546366627
"5041",5040,"39_167_2907",39.4936927782509,-81.1175179440815
"5042",5041,"39_167_2907",39.4970602344543,-81.131938390968
"5043",5042,"39_167_2907",39.5063496834511,-81.1089377062904
"5044",5043,"39_167_2907",39.4946427180961,-81.120324964986
"5045",5044,"39_167_2907",39.5043442991018,-81.114759654229
"5046",5045,"39_167_2907",39.4979531651276,-81.1215670950598
"5047",5046,"39_167_2907",39.5024124801557,-81.1152623699933
"5048",5047,"39_167_2907",39.4942176064599,-81.1307897424147
"5049",5048,"39_167_2907",39.4942929348039,-81.1233112298202
"5050",5049,"39_167_2907",39.4977762895895,-81.1162688261005
"5051",5050,"37_75_34",35.2916239539747,-83.7088448393268
"5052",5051,"37_75_34",35.2921159004971,-83.7237564672539
"5053",5052,"37_75_34",35.2951426622474,-83.7088365593023
"5054",5053,"37_75_34",35.2896491737799,-83.714893243212
"5055",5054,"37_75_34",35.2952621805027,-83.7340857784976
"5056",5055,"37_75_34",35.2979824995916,-83.7147077910899
"5057",5056,"37_75_34",35.2920694075043,-83.7216682879558
"5058",5057,"37_75_34",35.2829560313742,-83.7234738467121
"5059",5058,"37_75_34",35.2888595941593,-83.7149593677121
"5060",5059,"37_75_34",35.2864006695842,-83.7201540623031
"5061",5060,"37_75_18",35.3478788396899,-83.9339484980248
"5062",5061,"37_75_18",35.3559022186153,-83.9256354403164
"5063",5062,"37_75_18",35.3367243867361,-83.9398227035653
"5064",5063,"37_75_18",35.3498537525001,-83.9341548744018
"5065",5064,"37_75_18",35.3377304444793,-83.9293787433844
"5066",5065,"37_75_18",35.3513216955369,-83.927487623767
"5067",5066,"37_75_18",35.3538730265353,-83.945465044469
"5068",5067,"37_75_18",35.3513641756656,-83.9415872511303
"5069",5068,"37_75_18",35.3518362137743,-83.9363916563619
"5070",5069,"37_75_18",35.3460511064733,-83.9420052470809
"5071",5070,"37_111_23",35.7051242307526,-82.2194560296226
"5072",5071,"37_111_23",35.7160457446731,-82.2120053395807
"5073",5072,"37_111_23",35.7101826282519,-82.2110618816415
"5074",5073,"37_111_23",35.71475685201,-82.1982266202999
"5075",5074,"37_111_23",35.7091215238991,-82.2120149697223
"5076",5075,"37_111_23",35.7080611961481,-82.2135529901045
"5077",5076,"37_111_23",35.7126815996714,-82.1992231887401
"5078",5077,"37_111_23",35.70572373443,-82.2280225192736
"5079",5078,"37_111_23",35.7105552899809,-82.2129656478309
"5080",5079,"37_111_23",35.7112124606351,-82.2118558072879
"5081",5080,"37_115_42",35.8531800845471,-82.7037607976308
"5082",5081,"37_115_42",35.8509614107501,-82.7125882825889
"5083",5082,"37_115_42",35.849568198437,-82.6967950695997
"5084",5083,"37_115_42",35.8416861128126,-82.6930479915584
"5085",5084,"37_115_42",35.8551140387161,-82.6979340931603
"5086",5085,"37_115_42",35.8640666631726,-82.7091052409822
"5087",5086,"37_115_42",35.8418069102082,-82.6957208787081
"5088",5087,"37_115_42",35.8462978540721,-82.7031295957028
"5089",5088,"37_115_42",35.8635427810728,-82.6953701171202
"5090",5089,"37_115_42",35.8578325599546,-82.7047864810756
"5091",5090,"37_115_4",35.958615976106,-82.5516932678492
"5092",5091,"37_115_4",35.958245534617,-82.5670358838818
"5093",5092,"37_115_4",35.9539873199154,-82.5527430946075
"5094",5093,"37_115_4",35.9534597541354,-82.5658155044747
"5095",5094,"37_115_4",35.9498653002059,-82.5762041257951
"5096",5095,"37_115_4",35.9492322349205,-82.5819205183839
"5097",5096,"37_115_4",35.9510050808817,-82.569612418577
"5098",5097,"37_115_4",35.9595483452915,-82.5669675911196
"5099",5098,"37_115_4",35.9426245880081,-82.566311017115
"5100",5099,"37_115_4",35.952461902495,-82.5654983413261
"5101",5100,"37_115_40",35.9369131371818,-82.8002348797454
"5102",5101,"37_115_40",35.9375543744614,-82.790838840954
"5103",5102,"37_115_40",35.9240366715341,-82.7937546469574
"5104",5103,"37_115_40",35.9343144199159,-82.7895053031267
"5105",5104,"37_115_40",35.936786056542,-82.7899509934239
"5106",5105,"37_115_40",35.9387659601993,-82.7757824186635
"5107",5106,"37_115_40",35.9312015098729,-82.7755165770175
"5108",5107,"37_115_40",35.9390450523185,-82.7894656948309
"5109",5108,"37_115_40",35.9338315539633,-82.7875476511134
"5110",5109,"37_115_40",35.9405214005065,-82.7782510517496
"5111",5110,"37_115_10",35.8622493011998,-82.8192106609029
"5112",5111,"37_115_10",35.855525922444,-82.8351624816071
"5113",5112,"37_115_10",35.8683461177865,-82.8289415469204
"5114",5113,"37_115_10",35.8553630306999,-82.8372000982884
"5115",5114,"37_115_10",35.8529919020152,-82.8430337427451
"5116",5115,"37_115_10",35.8570291113078,-82.8365622847895
"5117",5116,"37_115_10",35.8586261770201,-82.8312792934682
"5118",5117,"37_115_10",35.8472929804766,-82.8282440309767
"5119",5118,"37_115_10",35.8569080662442,-82.8202751984638
"5120",5119,"37_115_10",35.8606972177295,-82.8421521271976
"5121",5120,"37_113_1",35.0218292708123,-83.1320723030703
"5122",5121,"37_113_1",35.024033037786,-83.1397887247495
"5123",5122,"37_113_1",35.026749403998,-83.1333898839959
"5124",5123,"37_113_1",35.0145222732172,-83.1359490563575
"5125",5124,"37_113_1",35.0189628212309,-83.1318329057044
"5126",5125,"37_113_1",35.0128056408615,-83.1384979713666
"5127",5126,"37_113_1",35.0278781341095,-83.1336903586787
"5128",5127,"37_113_1",35.0195021187578,-83.1389785865621
"5129",5128,"37_113_1",35.0176824776297,-83.1456536221908
"5130",5129,"37_113_1",35.0316348429125,-83.1373346632985
"5131",5130,"37_113_25",35.2210569639131,-83.6920220248453
"5132",5131,"37_113_25",35.2159042283693,-83.7076282160284
"5133",5132,"37_113_25",35.2209760952341,-83.6899949230332
"5134",5133,"37_113_25",35.2150097860245,-83.6829607355012
"5135",5134,"37_113_25",35.2311188917474,-83.6910780307789
"5136",5135,"37_113_25",35.2079935434311,-83.7027084411701
"5137",5136,"37_113_25",35.218879439129,-83.7023645729902
"5138",5137,"37_113_25",35.2175841901485,-83.697377127258
"5139",5138,"37_113_25",35.2210805512581,-83.6993395372704
"5140",5139,"37_113_25",35.214453007853,-83.705378701948
"5141",5140,"37_113_13",35.1887934940608,-83.5798816959251
"5142",5141,"37_113_13",35.1842435095994,-83.5837842665123
"5143",5142,"37_113_13",35.198133588707,-83.5831048510969
"5144",5143,"37_113_13",35.1838227586932,-83.5822077847739
"5145",5144,"37_113_13",35.1911836091006,-83.5947793617755
"5146",5145,"37_113_13",35.1850465488805,-83.5836235927134
"5147",5146,"37_113_13",35.1894823021935,-83.6011838438833
"5148",5147,"37_113_13",35.1805170887912,-83.5850794900085
"5149",5148,"37_113_13",35.1808744749649,-83.5886875835373
"5150",5149,"37_113_13",35.185729293015,-83.5741035552278
"5151",5150,"37_113_58",35.1299671146917,-83.6041661546196
"5152",5151,"37_113_58",35.127682748068,-83.5989983945432
"5153",5152,"37_113_58",35.130058401068,-83.6124992080037
"5154",5153,"37_113_58",35.114839495077,-83.6076466461666
"5155",5154,"37_113_58",35.1405603443411,-83.5999836571658
"5156",5155,"37_113_58",35.1233585400156,-83.5971810681699
"5157",5156,"37_113_58",35.1422634366263,-83.6098362041626
"5158",5157,"37_113_58",35.141643532768,-83.607848235119
"5159",5158,"37_113_58",35.1265871477609,-83.5924769658267
"5160",5159,"37_113_58",35.1320097579799,-83.6049981801297
"5161",5160,"37_113_21",35.0424495710505,-83.5116726594827
"5162",5161,"37_113_21",35.0452439821104,-83.5272401817263
"5163",5162,"37_113_21",35.0489491851307,-83.5257418280737
"5164",5163,"37_113_21",35.0402858757094,-83.5379928145486
"5165",5164,"37_113_21",35.0424259277448,-83.5316321018541
"5166",5165,"37_113_21",35.0441996648063,-83.5196809283326
"5167",5166,"37_113_21",35.0470534274888,-83.5291864513029
"5168",5167,"37_113_21",35.0553990404599,-83.5167823441992
"5169",5168,"37_113_21",35.0564105082886,-83.5320021082715
"5170",5169,"37_113_21",35.0498382267757,-83.5173284438966
"5171",5170,"37_113_67",35.0706199314041,-83.4489644936815
"5172",5171,"37_113_67",35.0758406461854,-83.4342085701829
"5173",5172,"37_113_67",35.0689496509426,-83.4489370540459
"5174",5173,"37_113_67",35.0727790014837,-83.4453260663777
"5175",5174,"37_113_67",35.0766474690626,-83.4584145496903
"5176",5175,"37_113_67",35.0602631533304,-83.441787672125
"5177",5176,"37_113_67",35.0706446645241,-83.4371477941879
"5178",5177,"37_113_67",35.0784202764086,-83.4309418503559
"5179",5178,"37_113_67",35.0760533472242,-83.436213704201
"5180",5179,"37_113_67",35.0650661675073,-83.4362546550875
"5181",5180,"37_113_11",35.0352592227305,-83.2828285036703
"5182",5181,"37_113_11",35.0423491378546,-83.2816826404689
"5183",5182,"37_113_11",35.0457404579086,-83.2797347105707
"5184",5183,"37_113_11",35.0425252259743,-83.2878369411664
"5185",5184,"37_113_11",35.0432730040131,-83.281697680218
"5186",5185,"37_113_11",35.0410771623151,-83.2722199076393
"5187",5186,"37_113_11",35.0309792283239,-83.2700907923661
"5188",5187,"37_113_11",35.0414103406146,-83.2852081357912
"5189",5188,"37_113_11",35.0404191993585,-83.2918947309143
"5190",5189,"37_113_11",35.0399153985879,-83.2794513695535
"5191",5190,"37_113_34",35.1941359595308,-83.6302052010559
"5192",5191,"37_113_34",35.189399614532,-83.623097773216
"5193",5192,"37_113_34",35.1846263170642,-83.6313488634915
"5194",5193,"37_113_34",35.192098252841,-83.6234995734312
"5195",5194,"37_113_34",35.1908524880171,-83.6268766574123
"5196",5195,"37_113_34",35.182841222849,-83.6346828668732
"5197",5196,"37_113_34",35.1902851713836,-83.6353164939072
"5198",5197,"37_113_34",35.1886462849066,-83.6274616089422
"5199",5198,"37_113_34",35.1884277552194,-83.6169313175289
"5200",5199,"37_113_34",35.1852928411326,-83.6183219925239
"5201",5200,"37_113_19",35.0196320334175,-83.2410563881628
"5202",5201,"37_113_19",35.0267348947536,-83.2346603835016
"5203",5202,"37_113_19",35.0356923761308,-83.2330447520441
"5204",5203,"37_113_19",35.0295475362216,-83.2517628459984
"5205",5204,"37_113_19",35.0293690110832,-83.244551053285
"5206",5205,"37_113_19",35.0285826480648,-83.242373145654
"5207",5206,"37_113_19",35.0271750896655,-83.2452672146788
"5208",5207,"37_113_19",35.0371760669861,-83.2538177086046
"5209",5208,"37_113_19",35.0279106065364,-83.2460307383038
"5210",5209,"37_113_19",35.0253005787812,-83.2569548868827
"5211",5210,"37_113_29",35.011346774493,-83.3452713593713
"5212",5211,"37_113_29",35.0227073985039,-83.3360175613163
"5213",5212,"37_113_29",35.0198501700159,-83.3306127768544
"5214",5213,"37_113_29",35.0152840452561,-83.3328549836607
"5215",5214,"37_113_29",35.0229506412986,-83.3267272711467
"5216",5215,"37_113_29",35.0094669378511,-83.3303213845318
"5217",5216,"37_113_29",35.0185251864511,-83.3290978808574
"5218",5217,"37_113_29",35.0074330427785,-83.3149762154289
"5219",5218,"37_113_29",35.0089633241797,-83.3172661072645
"5220",5219,"37_113_29",35.013255815373,-83.3315754593888
"5221",5220,"37_113_37",35.1711625893108,-83.4629650130046
"5222",5221,"37_113_37",35.1692258382071,-83.4691268912882
"5223",5222,"37_113_37",35.1721345600857,-83.477809747031
"5224",5223,"37_113_37",35.1840721429883,-83.465723340952
"5225",5224,"37_113_37",35.1775491223843,-83.462931741787
"5226",5225,"37_113_37",35.1719919693778,-83.4785694559511
"5227",5226,"37_113_37",35.1821456920622,-83.486293553511
"5228",5227,"37_113_37",35.1793068719835,-83.4793168096669
"5229",5228,"37_113_37",35.1775227459673,-83.4892643426737
"5230",5229,"37_113_37",35.1698635727149,-83.4660120686442
"5231",5230,"37_113_15",35.0019415689945,-83.4896378055505
"5232",5231,"37_113_15",35.018353085611,-83.4810281324577
"5233",5232,"37_113_15",35.0066308257727,-83.4854865741848
"5234",5233,"37_113_15",35.0233115456125,-83.4787036643951
"5235",5234,"37_113_15",35.0174122803438,-83.4754912680957
"5236",5235,"37_113_15",35.018610024604,-83.4735268605045
"5237",5236,"37_113_15",35.0091986227663,-83.4779327264842
"5238",5237,"37_113_15",35.0126400422601,-83.4862352531788
"5239",5238,"37_113_15",35.0076036840193,-83.4701879618039
"5240",5239,"37_113_15",35.0234353368484,-83.4801477522904
"5241",5240,"37_113_28",35.2882107812594,-83.566343510672
"5242",5241,"37_113_28",35.2979706118201,-83.5555445753915
"5243",5242,"37_113_28",35.2879086831501,-83.5638115494068
"5244",5243,"37_113_28",35.2887615536857,-83.5651424793719
"5245",5244,"37_113_28",35.2871908976163,-83.5640715933186
"5246",5245,"37_113_28",35.2884015657017,-83.550033375847
"5247",5246,"37_113_28",35.2794693265496,-83.564552072863
"5248",5247,"37_113_28",35.2883187714282,-83.5640870973307
"5249",5248,"37_113_28",35.281756208632,-83.5688829618196
"5250",5249,"37_113_28",35.2960368880633,-83.5756171753939
"5251",5250,"37_113_48",35.1168663418164,-83.5825568346491
"5252",5251,"37_113_48",35.1173798324632,-83.574256360626
"5253",5252,"37_113_48",35.1209272177172,-83.5853322023846
"5254",5253,"37_113_48",35.1084528272378,-83.5733439077047
"5255",5254,"37_113_48",35.121427793984,-83.569783207025
"5256",5255,"37_113_48",35.1200598655251,-83.570067407461
"5257",5256,"37_113_48",35.1283229101404,-83.5763856856519
"5258",5257,"37_113_48",35.1181200579327,-83.5778725524156
"5259",5258,"37_113_48",35.1202558228262,-83.56907265823
"5260",5259,"37_113_48",35.1201133087873,-83.5774657815806
"5261",5260,"37_115_15",35.9046551282295,-82.8527516727062
"5262",5261,"37_115_15",35.8964205673931,-82.8722961921152
"5263",5262,"37_115_15",35.8967593564525,-82.8653461386483
"5264",5263,"37_115_15",35.9008913365887,-82.8618597719859
"5265",5264,"37_115_15",35.8979475814242,-82.8654459901508
"5266",5265,"37_115_15",35.8959088706981,-82.8634189377055
"5267",5266,"37_115_15",35.8976617321675,-82.8637702780302
"5268",5267,"37_115_15",35.9096656418692,-82.8734962331055
"5269",5268,"37_115_15",35.8920379198588,-82.8704025398381
"5270",5269,"37_115_15",35.9025729556856,-82.8611625150699
"5271",5270,"37_115_3",35.8744208751828,-82.8580042723918
"5272",5271,"37_115_3",35.867555669623,-82.8529224433232
"5273",5272,"37_115_3",35.8670310907421,-82.8494686523635
"5274",5273,"37_115_3",35.8698585194534,-82.85341997385
"5275",5274,"37_115_3",35.8620692533848,-82.8448620148659
"5276",5275,"37_115_3",35.8709606115839,-82.8479501846834
"5277",5276,"37_115_3",35.8695823485389,-82.8467760369221
"5278",5277,"37_115_3",35.8678443207046,-82.8357693054872
"5279",5278,"37_115_3",35.8696949599102,-82.8489558401681
"5280",5279,"37_115_3",35.8599389188153,-82.8466560268178
"5281",5280,"37_115_31",35.71828920951,-82.8027931558072
"5282",5281,"37_115_31",35.7237482836405,-82.7996771337953
"5283",5282,"37_115_31",35.717014567041,-82.8059058851546
"5284",5283,"37_115_31",35.7192157609076,-82.8114702733905
"5285",5284,"37_115_31",35.7190229063936,-82.8078920516671
"5286",5285,"37_115_31",35.7104895200815,-82.7947965107203
"5287",5286,"37_115_31",35.7122961033882,-82.8153507951228
"5288",5287,"37_115_31",35.7229623565829,-82.8193325729697
"5289",5288,"37_115_31",35.7195968948782,-82.8079847555972
"5290",5289,"37_115_31",35.7158284119142,-82.7960562440681
"5291",5290,"37_115_48",35.8913356032661,-82.805417435369
"5292",5291,"37_115_48",35.8899810492631,-82.8176134962801
"5293",5292,"37_115_48",35.8881309178384,-82.7949882133356
"5294",5293,"37_115_48",35.8920911229261,-82.8164320680132
"5295",5294,"37_115_48",35.9019324198815,-82.8015010000647
"5296",5295,"37_115_48",35.8934118374229,-82.8038909992577
"5297",5296,"37_115_48",35.888397358151,-82.8198186937127
"5298",5297,"37_115_48",35.8829455643235,-82.7936263713578
"5299",5298,"37_115_48",35.9017205677088,-82.8169266084702
"5300",5299,"37_115_48",35.9035481773814,-82.8035639863715
"5301",5300,"37_115_8",35.8695103827831,-82.8052969518374
"5302",5301,"37_115_8",35.8855186384771,-82.8179643282516
"5303",5302,"37_115_8",35.8761906763242,-82.8236752449629
"5304",5303,"37_115_8",35.8747572102978,-82.8100217756009
"5305",5304,"37_115_8",35.8671424573462,-82.8079262572671
"5306",5305,"37_115_8",35.8648534156298,-82.8146137038715
"5307",5306,"37_115_8",35.8856695362984,-82.8098998250356
"5308",5307,"37_115_8",35.8872044464599,-82.8190300917424
"5309",5308,"37_115_8",35.8791735663092,-82.8160340183961
"5310",5309,"37_115_8",35.8822123844486,-82.8115703530592
"5311",5310,"37_111_29",35.7104169340669,-82.1981781726144
"5312",5311,"37_111_29",35.712018989387,-82.1880902151312
"5313",5312,"37_111_29",35.7101939557502,-82.2090368732766
"5314",5313,"37_111_29",35.7159436300607,-82.1842986960918
"5315",5314,"37_111_29",35.7024056463503,-82.208527430239
"5316",5315,"37_111_29",35.7097626291649,-82.2022759285558
"5317",5316,"37_111_29",35.7106931939604,-82.1996330368437
"5318",5317,"37_111_29",35.7158483309191,-82.2023774051077
"5319",5318,"37_111_29",35.7120019099924,-82.1964213119952
"5320",5319,"37_111_29",35.7094690088324,-82.1990020141879
"5321",5320,"37_121_16",36.1013512256255,-82.2296040814214
"5322",5321,"37_121_16",36.0993704839203,-82.2210522996122
"5323",5322,"37_121_16",36.0898915427479,-82.2222481166727
"5324",5323,"37_121_16",36.1075866461929,-82.2149685111573
"5325",5324,"37_121_16",36.0975508821955,-82.2209366099828
"5326",5325,"37_121_16",36.1117432412864,-82.2304125314091
"5327",5326,"37_121_16",36.1058197158325,-82.223458719711
"5328",5327,"37_121_16",36.0976956157715,-82.2252069496879
"5329",5328,"37_121_16",36.0911991327293,-82.2219040671278
"5330",5329,"37_121_16",36.0907865066727,-82.2181943743702
"5331",5330,"37_121_14",36.1204624727674,-82.2790598579066
"5332",5331,"37_121_14",36.119409186878,-82.2818745820945
"5333",5332,"37_121_14",36.126434753937,-82.2983666503396
"5334",5333,"37_121_14",36.1247421983419,-82.2859358167146
"5335",5334,"37_121_14",36.1207223904917,-82.2833968869177
"5336",5335,"37_121_14",36.1146022123346,-82.2832540870317
"5337",5336,"37_121_14",36.1249544123517,-82.2878250627404
"5338",5337,"37_121_14",36.1246303873258,-82.2885942161165
"5339",5338,"37_121_14",36.1241362271798,-82.2824255540304
"5340",5339,"37_121_14",36.1154616810547,-82.2741264476365
"5341",5340,"37_121_23",36.0988945062857,-82.3145414254396
"5342",5341,"37_121_23",36.0951663413409,-82.3190686584151
"5343",5342,"37_121_23",36.1058615803515,-82.3161242739963
"5344",5343,"37_121_23",36.0941790368865,-82.3042709749763
"5345",5344,"37_121_23",36.1006940775288,-82.3002833178415
"5346",5345,"37_121_23",36.0940539041248,-82.3160041256309
"5347",5346,"37_121_23",36.0988403011831,-82.3143587925611
"5348",5347,"37_121_23",36.0987921045231,-82.3143055194101
"5349",5348,"37_121_23",36.1011359758348,-82.3131174618887
"5350",5349,"37_121_23",36.0957779236441,-82.3139151620169
"5351",5350,"37_75_13",35.3366419898751,-84.0057406938738
"5352",5351,"37_75_13",35.3471789097432,-83.991493432466
"5353",5352,"37_75_13",35.3308502546586,-84.0135166765665
"5354",5353,"37_75_13",35.3352558134379,-83.9931225759089
"5355",5354,"37_75_13",35.3417342036318,-83.998142714655
"5356",5355,"37_75_13",35.3264689810469,-84.009486896814
"5357",5356,"37_75_13",35.3295965223839,-84.006729400955
"5358",5357,"37_75_13",35.3373123313023,-84.0172017820851
"5359",5358,"37_75_13",35.3387446232614,-83.9947171292211
"5360",5359,"37_75_13",35.3345845278164,-83.9994551717921
"5361",5360,"37_75_7",35.3768466106681,-83.9173203533127
"5362",5361,"37_75_7",35.379270028357,-83.9276649883258
"5363",5362,"37_75_7",35.3775079697608,-83.9248930606873
"5364",5363,"37_75_7",35.3664296544665,-83.9253916326928
"5365",5364,"37_75_7",35.3830303217627,-83.9374514548472
"5366",5365,"37_75_7",35.378350315449,-83.9271072770304
"5367",5366,"37_75_7",35.3756242435739,-83.9228787859486
"5368",5367,"37_75_7",35.374383981651,-83.9291052165949
"5369",5368,"37_75_7",35.3681134797594,-83.920014497028
"5370",5369,"37_75_7",35.3771911514599,-83.9267255529625
"5371",5370,"37_75_15",35.240688713948,-83.8865747279222
"5372",5371,"37_75_15",35.2313919240604,-83.8992977374199
"5373",5372,"37_75_15",35.2340738828667,-83.8819879174722
"5374",5373,"37_75_15",35.238336211341,-83.8704632894701
"5375",5374,"37_75_15",35.2474507320953,-83.8836932833848
"5376",5375,"37_75_15",35.2408573305327,-83.881473531139
"5377",5376,"37_75_15",35.2243307883854,-83.87919199727
"5378",5377,"37_75_15",35.2318817257719,-83.8815106884059
"5379",5378,"37_75_15",35.2343763473054,-83.8997682252351
"5380",5379,"37_75_15",35.2315694547223,-83.8885030786505
"5381",5380,"37_75_33",35.2950925072992,-83.8748287894841
"5382",5381,"37_75_33",35.2945173388865,-83.8720956909105
"5383",5382,"37_75_33",35.2976822293463,-83.8778884627487
"5384",5383,"37_75_33",35.3056604955625,-83.8537169606678
"5385",5384,"37_75_33",35.2966842955164,-83.8659515543508
"5386",5385,"37_75_33",35.2969371279887,-83.8681645539564
"5387",5386,"37_75_33",35.3042981571299,-83.8641027859181
"5388",5387,"37_75_33",35.2992802390812,-83.8717338590374
"5389",5388,"37_75_33",35.2993562102561,-83.8671748554775
"5390",5389,"37_75_33",35.2984363409609,-83.8685887507664
"5391",5390,"37_75_1",35.3601661909006,-83.8805171619833
"5392",5391,"37_75_1",35.3627543776047,-83.8879631609337
"5393",5392,"37_75_1",35.3625521625886,-83.8777206522926
"5394",5393,"37_75_1",35.3633820714572,-83.8966101107287
"5395",5394,"37_75_1",35.3636561795794,-83.8839872280979
"5396",5395,"37_75_1",35.3631238014565,-83.8919039790609
"5397",5396,"37_75_1",35.3593184932876,-83.8739920371265
"5398",5397,"37_75_1",35.3558299489843,-83.8844684710234
"5399",5398,"37_75_1",35.3627204961493,-83.874551497905
"5400",5399,"37_75_1",35.3545424069623,-83.8954662522475
"5401",5400,"37_75_36",35.3996597564536,-83.7967634816855
"5402",5401,"37_75_36",35.3982293309834,-83.8149142299476
"5403",5402,"37_75_36",35.3890490331128,-83.8039468110374
"5404",5403,"37_75_36",35.3991315191638,-83.8096769849632
"5405",5404,"37_75_36",35.386761714326,-83.7955565317566
"5406",5405,"37_75_36",35.3916603729346,-83.8014476902338
"5407",5406,"37_75_36",35.4053141802839,-83.8159801054849
"5408",5407,"37_75_36",35.3897204699936,-83.8189435243342
"5409",5408,"37_75_36",35.4024363372609,-83.8171179649329
"5410",5409,"37_75_36",35.3965688907076,-83.8064857421269
"5411",5410,"37_75_25",35.3239995771211,-83.7445755095884
"5412",5411,"37_75_25",35.3205023492783,-83.7430605280626
"5413",5412,"37_75_25",35.3344433620285,-83.7343981393547
"5414",5413,"37_75_25",35.326561119951,-83.7267348835577
"5415",5414,"37_75_25",35.3298703337356,-83.7326522262971
"5416",5415,"37_75_25",35.3158409911277,-83.7339070599787
"5417",5416,"37_75_25",35.3364128729837,-83.7536315901474
"5418",5417,"37_75_25",35.3342050728516,-83.7428500718893
"5419",5418,"37_75_25",35.3274791100033,-83.7339185143382
"5420",5419,"37_75_25",35.3169441567191,-83.7340727997258
"5421",5420,"37_75_21",35.3645837419154,-83.6488322805276
"5422",5421,"37_75_21",35.3625108625735,-83.6578985778188
"5423",5422,"37_75_21",35.3569533484961,-83.6585828801134
"5424",5423,"37_75_21",35.3612013650687,-83.6532035653267
"5425",5424,"37_75_21",35.3625925737505,-83.6504534556728
"5426",5425,"37_75_21",35.3728578044291,-83.6438319857373
"5427",5426,"37_75_21",35.3613743706133,-83.6542389217795
"5428",5427,"37_75_21",35.3619604098786,-83.6415632712402
"5429",5428,"37_75_21",35.3569777117299,-83.6580762008841
"5430",5429,"37_75_21",35.3688461671111,-83.6476551760843
"5431",5430,"37_75_9",35.3860905967822,-83.6148519822475
"5432",5431,"37_75_9",35.3753336285466,-83.6056882007054
"5433",5432,"37_75_9",35.3809829184662,-83.6237405760266
"5434",5433,"37_75_9",35.3760085168675,-83.6222944668791
"5435",5434,"37_75_9",35.3692160081546,-83.6262423508709
"5436",5435,"37_75_9",35.3825809847792,-83.6356839293581
"5437",5436,"37_75_9",35.3881950426599,-83.6262946441103
"5438",5437,"37_75_9",35.3786898008192,-83.6135055516104
"5439",5438,"37_75_9",35.3856935531433,-83.6246933685166
"5440",5439,"37_75_9",35.3798809207142,-83.6217282097237
"5441",5440,"37_75_14",35.271872408477,-83.9243363996455
"5442",5441,"37_75_14",35.2599438023456,-83.9283582242622
"5443",5442,"37_75_14",35.275663655254,-83.9354729126519
"5444",5443,"37_75_14",35.2746344651993,-83.9140793839904
"5445",5444,"37_75_14",35.2590200473896,-83.937311663198
"5446",5445,"37_75_14",35.2742725785089,-83.9425798347334
"5447",5446,"37_75_14",35.269063601518,-83.9235279793706
"5448",5447,"37_75_14",35.2734034602442,-83.9227798729144
"5449",5448,"37_75_14",35.2716678262334,-83.9223673936787
"5450",5449,"37_75_14",35.2614102798494,-83.9196291443347
"5451",5450,"37_75_19",35.3797904273408,-83.7533721384008
"5452",5451,"37_75_19",35.3915341257068,-83.7676105838856
"5453",5452,"37_75_19",35.3770036809032,-83.7686697745909
"5454",5453,"37_75_19",35.3780935437037,-83.7651359049272
"5455",5454,"37_75_19",35.3936904857275,-83.7643387846281
"5456",5455,"37_75_19",35.3727162691977,-83.7704835327041
"5457",5456,"37_75_19",35.3807634144944,-83.7678889379598
"5458",5457,"37_75_19",35.3737712149973,-83.7785967088679
"5459",5458,"37_75_19",35.3804887192013,-83.7719509607875
"5460",5459,"37_75_19",35.3827500887686,-83.7676922859822
"5461",5460,"37_39_26",35.1846571371703,-83.9900447760689
"5462",5461,"37_39_26",35.1756214590409,-83.9842297409411
"5463",5462,"37_39_26",35.1690785874074,-83.9776630443466
"5464",5463,"37_39_26",35.1692622002097,-83.9899285607081
"5465",5464,"37_39_26",35.1773952967122,-83.9847623017108
"5466",5465,"37_39_26",35.1716554124309,-83.9823965536371
"5467",5466,"37_39_26",35.1704811475264,-83.9860741054706
"5468",5467,"37_39_26",35.188317887205,-83.9874811648547
"5469",5468,"37_39_26",35.1769967022841,-83.9855772766603
"5470",5469,"37_39_26",35.1785992494505,-83.9675481503128
"5471",5470,"37_39_39",35.1341318994944,-83.8747389277535
"5472",5471,"37_39_39",35.1421163776744,-83.8721270232631
"5473",5472,"37_39_39",35.13100838644,-83.8664688652388
"5474",5473,"37_39_39",35.1402014595406,-83.8598434935967
"5475",5474,"37_39_39",35.1395201908289,-83.866054270792
"5476",5475,"37_39_39",35.1370644037315,-83.8628937836207
"5477",5476,"37_39_39",35.1399611121138,-83.8641870393927
"5478",5477,"37_39_39",35.129339051644,-83.8548943570508
"5479",5478,"37_39_39",35.1310075960325,-83.8621996020349
"5480",5479,"37_39_39",35.1389292126671,-83.853208187345
"5481",5480,"37_39_41",35.2135770226368,-83.8591257065554
"5482",5481,"37_39_41",35.2192292710163,-83.8681201020513
"5483",5482,"37_39_41",35.2211608361508,-83.8681891339108
"5484",5483,"37_39_41",35.2135185681878,-83.8566074967854
"5485",5484,"37_39_41",35.2128936214613,-83.8627630745331
"5486",5485,"37_39_41",35.2164584823819,-83.8579384543286
"5487",5486,"37_39_41",35.2159376620454,-83.8734522508252
"5488",5487,"37_39_41",35.22138043875,-83.8787066353987
"5489",5488,"37_39_41",35.2258055316032,-83.8791943139332
"5490",5489,"37_39_41",35.2213650520922,-83.8834382708172
"5491",5490,"37_39_47",35.1384882158647,-83.8163838784242
"5492",5491,"37_39_47",35.1422242823001,-83.8116342698504
"5493",5492,"37_39_47",35.1554377203255,-83.8296810153403
"5494",5493,"37_39_47",35.1518194159896,-83.8010556290362
"5495",5494,"37_39_47",35.1564813966495,-83.812472800606
"5496",5495,"37_39_47",35.1594662892269,-83.8025152092657
"5497",5496,"37_39_47",35.1483038768065,-83.8273845152812
"5498",5497,"37_39_47",35.1570352964029,-83.8069626746232
"5499",5498,"37_39_47",35.1572174560694,-83.8207789915329
"5500",5499,"37_39_47",35.1501418113171,-83.8061568644938
"5501",5500,"37_39_43",35.2463526176662,-83.7872026838374
"5502",5501,"37_39_43",35.2429081196556,-83.784723748523
"5503",5502,"37_39_43",35.2450365083473,-83.7773670181303
"5504",5503,"37_39_43",35.2358699904965,-83.7711883373572
"5505",5504,"37_39_43",35.2384337013593,-83.787867934686
"5506",5505,"37_39_43",35.254565625892,-83.7736267036291
"5507",5506,"37_39_43",35.2508387820813,-83.7736654979546
"5508",5507,"37_39_43",35.2363002835259,-83.7798097838117
"5509",5508,"37_39_43",35.2529406330143,-83.7908450840653
"5510",5509,"37_39_43",35.242998902424,-83.7903803762266
"5511",5510,"37_39_59",35.2266649084836,-84.2676041890309
"5512",5511,"37_39_59",35.2263510290973,-84.2567566326525
"5513",5512,"37_39_59",35.2213021184689,-84.2714093125927
"5514",5513,"37_39_59",35.2208491866761,-84.2725130036974
"5515",5514,"37_39_59",35.2284802477459,-84.2823674285451
"5516",5515,"37_39_59",35.2192490760032,-84.2757171195876
"5517",5516,"37_39_59",35.2365316445949,-84.2532191598906
"5518",5517,"37_39_59",35.2338347904618,-84.2790017046706
"5519",5518,"37_39_59",35.2300633198586,-84.268779922002
"5520",5519,"37_39_59",35.2404872495944,-84.2571891938871
"5521",5520,"37_39_37",35.2410232722687,-84.1182028150073
"5522",5521,"37_39_37",35.2412226567317,-84.1251565143942
"5523",5522,"37_39_37",35.2416063140499,-84.123563486457
"5524",5523,"37_39_37",35.2445727006417,-84.1247234831866
"5525",5524,"37_39_37",35.2471303249433,-84.1402246712843
"5526",5525,"37_39_37",35.2475186413971,-84.1248608294484
"5527",5526,"37_39_37",35.2451836116011,-84.1237160151633
"5528",5527,"37_39_37",35.2560001771735,-84.1261164539805
"5529",5528,"37_39_37",35.2452142593268,-84.1228433912723
"5530",5529,"37_39_37",35.2451017985346,-84.124475096489
"5531",5530,"37_39_58",35.2318046462523,-84.1736683056961
"5532",5531,"37_39_58",35.2476145441157,-84.1740244208939
"5533",5532,"37_39_58",35.2423148659029,-84.1600877900411
"5534",5533,"37_39_58",35.2422370888973,-84.1804764493883
"5535",5534,"37_39_58",35.2411595667843,-84.1638945118077
"5536",5535,"37_39_58",35.2428485321487,-84.1686877628425
"5537",5536,"37_39_58",35.2425761318928,-84.1706976844292
"5538",5537,"37_39_58",35.24285287268,-84.1598912181774
"5539",5538,"37_39_58",35.2342509498209,-84.1845205864497
"5540",5539,"37_39_58",35.2459523250163,-84.1747165464109
"5541",5540,"37_39_4",35.203671710358,-84.1879803890156
"5542",5541,"37_39_4",35.2097094896266,-84.1880657323405
"5543",5542,"37_39_4",35.2090219016384,-84.1866345383426
"5544",5543,"37_39_4",35.2075247313475,-84.183494116339
"5545",5544,"37_39_4",35.2182740082027,-84.1760304623824
"5546",5545,"37_39_4",35.198412425906,-84.1799860750797
"5547",5546,"37_39_4",35.1979048766098,-84.1938301772066
"5548",5547,"37_39_4",35.2169668011731,-84.1898781867573
"5549",5548,"37_39_4",35.2093885812588,-84.1764468259259
"5550",5549,"37_39_4",35.2049993825618,-84.1877621180149
"5551",5550,"37_39_33",35.2326312982979,-84.1870504927782
"5552",5551,"37_39_33",35.225006346589,-84.1919594050255
"5553",5552,"37_39_33",35.2351912433453,-84.184587641919
"5554",5553,"37_39_33",35.2301022796245,-84.1891471950963
"5555",5554,"37_39_33",35.2189296297821,-84.195423852374
"5556",5555,"37_39_33",35.2315058808999,-84.1875899641052
"5557",5556,"37_39_33",35.2443212365276,-84.1831150901799
"5558",5557,"37_39_33",35.2263602106606,-84.1752169371043
"5559",5558,"37_39_33",35.2305431461043,-84.1875414482385
"5560",5559,"37_39_33",35.239901175506,-84.1778784194653
"5561",5560,"37_39_53",35.248064789609,-84.0240576783924
"5562",5561,"37_39_53",35.2574676481042,-84.0007241941505
"5563",5562,"37_39_53",35.2481326187336,-84.0078258286771
"5564",5563,"37_39_53",35.2482835994241,-83.9944110168984
"5565",5564,"37_39_53",35.2434019173979,-84.0233157616327
"5566",5565,"37_39_53",35.2528710177605,-84.0029685585255
"5567",5566,"37_39_53",35.2471695039706,-84.0131621173365
"5568",5567,"37_39_53",35.2481263215086,-84.0091748431292
"5569",5568,"37_39_53",35.245900741431,-84.0004377054604
"5570",5569,"37_39_53",35.2437476662951,-84.0138033864615
"5571",5570,"37_39_27",35.1829479170405,-84.0881471690865
"5572",5571,"37_39_27",35.1770507293624,-84.0908180753657
"5573",5572,"37_39_27",35.1810277652365,-84.0885264112089
"5574",5573,"37_39_27",35.179690700713,-84.1009630857321
"5575",5574,"37_39_27",35.1919184900644,-84.0991496327125
"5576",5575,"37_39_27",35.1712544520629,-84.0921796060728
"5577",5576,"37_39_27",35.1771635030633,-84.0872260822588
"5578",5577,"37_39_27",35.1809540891519,-84.0925444864656
"5579",5578,"37_39_27",35.1822034898364,-84.1027231419691
"5580",5579,"37_39_27",35.1898515583989,-84.0826640463047
"5581",5580,"37_43_19",35.0413366619064,-83.5716516585549
"5582",5581,"37_43_19",35.0385904440057,-83.5677523989186
"5583",5582,"37_43_19",35.0251970254155,-83.5651221602424
"5584",5583,"37_43_19",35.0269084764278,-83.5677626881029
"5585",5584,"37_43_19",35.0232371799593,-83.5778791610717
"5586",5585,"37_43_19",35.0370710201301,-83.565596904846
"5587",5586,"37_43_19",35.0290515315068,-83.5659627125471
"5588",5587,"37_43_19",35.0296856460094,-83.5631710910651
"5589",5588,"37_43_19",35.0270355111281,-83.5834207260824
"5590",5589,"37_43_19",35.0230113118724,-83.5625082629395
"5591",5590,"37_43_14",35.0180607502836,-83.5884469216811
"5592",5591,"37_43_14",35.019546301707,-83.5976890840608
"5593",5592,"37_43_14",35.019976701473,-83.6146539920388
"5594",5593,"37_43_14",35.0231058533402,-83.6001835750773
"5595",5594,"37_43_14",35.0285302957677,-83.6076776944978
"5596",5595,"37_43_14",35.0193864431132,-83.5930328223363
"5597",5596,"37_43_14",35.023951600362,-83.5915820042965
"5598",5597,"37_43_14",35.0077039646677,-83.5886278791415
"5599",5598,"37_43_14",35.0246752541778,-83.5820278165951
"5600",5599,"37_43_14",35.021318891668,-83.5923521376346
"5601",5600,"37_43_6",35.0983939863631,-83.6667041071284
"5602",5601,"37_43_6",35.1081460188869,-83.6866387648401
"5603",5602,"37_43_6",35.0986746709574,-83.6731078572682
"5604",5603,"37_43_6",35.1009862587228,-83.6832905314924
"5605",5604,"37_43_6",35.0935803877207,-83.678629126684
"5606",5605,"37_43_6",35.1040527098235,-83.658350440001
"5607",5606,"37_43_6",35.1062108266462,-83.681952746926
"5608",5607,"37_43_6",35.1025879906135,-83.6737758702507
"5609",5608,"37_43_6",35.099566315716,-83.6737004403532
"5610",5609,"37_43_6",35.0978286844418,-83.6846831894196
"5611",5610,"37_43_10",35.1049565078951,-83.8215060617277
"5612",5611,"37_43_10",35.1067799547592,-83.8179261102722
"5613",5612,"37_43_10",35.106432663809,-83.8133135017935
"5614",5613,"37_43_10",35.1030288352842,-83.8163135328151
"5615",5614,"37_43_10",35.1015816325828,-83.8261131035123
"5616",5615,"37_43_10",35.0987675347649,-83.8153181600933
"5617",5616,"37_43_10",35.1046008891811,-83.8118747721593
"5618",5617,"37_43_10",35.1040672479185,-83.8180248434466
"5619",5618,"37_43_10",35.1149439347805,-83.812682687784
"5620",5619,"37_43_10",35.092854688778,-83.8114141681796
"5621",5620,"37_99_50",35.4484088368233,-83.1575632501503
"5622",5621,"37_99_50",35.4407798333692,-83.163086302649
"5623",5622,"37_99_50",35.4437863671489,-83.1572312909455
"5624",5623,"37_99_50",35.4532043634294,-83.1556983776876
"5625",5624,"37_99_50",35.4517991453909,-83.1601480557717
"5626",5625,"37_99_50",35.4512874118091,-83.146500798575
"5627",5626,"37_99_50",35.4447761531824,-83.1503054678993
"5628",5627,"37_99_50",35.4437631553069,-83.1551677018832
"5629",5628,"37_99_50",35.4500584113958,-83.1504755791227
"5630",5629,"37_99_50",35.4408739664006,-83.1569602260589
"5631",5630,"37_43_28",35.1249693972992,-83.8478493220513
"5632",5631,"37_43_28",35.1260076910702,-83.8536117605549
"5633",5632,"37_43_28",35.1245329048984,-83.8571412768459
"5634",5633,"37_43_28",35.1222278789898,-83.8653352126749
"5635",5634,"37_43_28",35.1177580339817,-83.8558126654487
"5636",5635,"37_43_28",35.1171522969781,-83.8509932801383
"5637",5636,"37_43_28",35.1137379007685,-83.843497848413
"5638",5637,"37_43_28",35.1337370798461,-83.8460586715367
"5639",5638,"37_43_28",35.128759818458,-83.8424846648332
"5640",5639,"37_43_28",35.1218117266574,-83.8539473848694
"5641",5640,"37_43_25",35.081167806074,-83.683741553693
"5642",5641,"37_43_25",35.0777518967706,-83.6866238538757
"5643",5642,"37_43_25",35.0857662238332,-83.6865664412731
"5644",5643,"37_43_25",35.0819397697728,-83.6896677763148
"5645",5644,"37_43_25",35.0835299256754,-83.7052109780908
"5646",5645,"37_43_25",35.0838975077951,-83.6882202922039
"5647",5646,"37_43_25",35.0880768751469,-83.6911366334055
"5648",5647,"37_43_25",35.0858840790728,-83.6855527114637
"5649",5648,"37_43_25",35.0796204320238,-83.692235444936
"5650",5649,"37_43_25",35.0823963093222,-83.7094667715877
"5651",5650,"37_39_23",35.249970325981,-84.2102574179661
"5652",5651,"37_39_23",35.2499900375422,-84.2244405664839
"5653",5652,"37_39_23",35.252445161153,-84.2043474055445
"5654",5653,"37_39_23",35.2557382288104,-84.2161812556264
"5655",5654,"37_39_23",35.256705265022,-84.2116804641332
"5656",5655,"37_39_23",35.2594573810504,-84.2181424289705
"5657",5656,"37_39_23",35.2490849388365,-84.2139715152468
"5658",5657,"37_39_23",35.2665848929345,-84.2099239324419
"5659",5658,"37_39_23",35.2568629920502,-84.2116842863845
"5660",5659,"37_39_23",35.2702255930758,-84.2151114455122
"5661",5660,"37_113_75",35.0328780916456,-83.5360266908838
"5662",5661,"37_113_75",35.0219561044453,-83.5142394578425
"5663",5662,"37_113_75",35.023979440433,-83.5257928995964
"5664",5663,"37_113_75",35.0264627517938,-83.5266739959384
"5665",5664,"37_113_75",35.0345358195593,-83.5261960252388
"5666",5665,"37_113_75",35.0251351921683,-83.5245932548476
"5667",5666,"37_113_75",35.0200660594659,-83.5227638256178
"5668",5667,"37_113_75",35.0212054709548,-83.5243015405812
"5669",5668,"37_113_75",35.0262223944337,-83.5317304566633
"5670",5669,"37_113_75",35.0366113902346,-83.5290277114673
"5671",5670,"37_111_2",35.7791249071338,-81.9667271899184
"5672",5671,"37_111_2",35.7663429215086,-81.9635946461125
"5673",5672,"37_111_2",35.7818194828306,-81.9588481674152
"5674",5673,"37_111_2",35.7686084555658,-81.9721987146012
"5675",5674,"37_111_2",35.7677809633775,-81.9742417774628
"5676",5675,"37_111_2",35.7782549423181,-81.9617546815781
"5677",5676,"37_111_2",35.7758870920333,-81.9772175134798
"5678",5677,"37_111_2",35.7655609636241,-81.9808544510723
"5679",5678,"37_111_2",35.7841467545507,-81.9722244859832
"5680",5679,"37_111_2",35.7826671277114,-81.9802061348433
"5681",5680,"37_75_27",35.3305102100694,-83.8838574389634
"5682",5681,"37_75_27",35.3342696611495,-83.8715788719423
"5683",5682,"37_75_27",35.3307171843712,-83.8734365722488
"5684",5683,"37_75_27",35.3439106051254,-83.8846663611818
"5685",5684,"37_75_27",35.3406174069028,-83.8739748786002
"5686",5685,"37_75_27",35.3359534523369,-83.8699594636308
"5687",5686,"37_75_27",35.3421320025491,-83.8728709785539
"5688",5687,"37_75_27",35.3333334866058,-83.8735003985922
"5689",5688,"37_75_27",35.3336844767127,-83.8841869758377
"5690",5689,"37_75_27",35.333102381818,-83.8753253871797
"5691",5690,"37_99_31",35.0274153934924,-83.0822409524471
"5692",5691,"37_99_31",35.0266053605289,-83.0742118891329
"5693",5692,"37_99_31",35.0237552171988,-83.0621589047629
"5694",5693,"37_99_31",35.0267495881211,-83.0723184944519
"5695",5694,"37_99_31",35.0267562745928,-83.0682773717847
"5696",5695,"37_99_31",35.0245073699891,-83.0639229463402
"5697",5696,"37_99_31",35.0219987763369,-83.0711426281535
"5698",5697,"37_99_31",35.0244015189141,-83.0750765852092
"5699",5698,"37_99_31",35.0305270422476,-83.0854228378356
"5700",5699,"37_99_31",35.0267605580709,-83.0741962634529
"5701",5700,"37_173_77",35.6468447998575,-83.29307673245
"5702",5701,"37_173_77",35.6506344695067,-83.3029831174073
"5703",5702,"37_173_77",35.6527460957922,-83.3053461574942
"5704",5703,"37_173_77",35.6503657517295,-83.2830491422218
"5705",5704,"37_173_77",35.6444183844263,-83.3023051321439
"5706",5705,"37_173_77",35.659497076717,-83.2885781185764
"5707",5706,"37_173_77",35.6528961467668,-83.2866998033975
"5708",5707,"37_173_77",35.6552422488148,-83.288957238302
"5709",5708,"37_173_77",35.6426981859125,-83.2893826886471
"5710",5709,"37_173_77",35.6483167367716,-83.2936532997863
"5711",5710,"37_173_78",35.5674405545574,-83.1783272763316
"5712",5711,"37_173_78",35.5729847202342,-83.1744792895397
"5713",5712,"37_173_78",35.5672361048174,-83.1651882136942
"5714",5713,"37_173_78",35.5715587371009,-83.1620066446044
"5715",5714,"37_173_78",35.5604999009226,-83.1694047608047
"5716",5715,"37_173_78",35.5666006575837,-83.1700390779031
"5717",5716,"37_173_78",35.5682227399126,-83.1585421115841
"5718",5717,"37_173_78",35.5632418067751,-83.1569177766233
"5719",5718,"37_173_78",35.5679574773118,-83.1646871340642
"5720",5719,"37_173_78",35.5542690785899,-83.1631599793615
"5721",5720,"37_121_8",36.1080993209354,-82.1541692221225
"5722",5721,"37_121_8",36.102465163771,-82.1585469608697
"5723",5722,"37_121_8",36.1142847515831,-82.1649433631408
"5724",5723,"37_121_8",36.1038776872352,-82.1554047859669
"5725",5724,"37_121_8",36.1102457360233,-82.1469705537529
"5726",5725,"37_121_8",36.1075992550801,-82.1669589429403
"5727",5726,"37_121_8",36.1000027219427,-82.1537063785563
"5728",5727,"37_121_8",36.1020917914939,-82.1580875585879
"5729",5728,"37_121_8",36.0978747954009,-82.1627317257448
"5730",5729,"37_121_8",36.1066131460502,-82.1500074087944
"5731",5730,"37_199_50",35.8765508738626,-82.2694847515373
"5732",5731,"37_199_50",35.8774979225581,-82.2778854236344
"5733",5732,"37_199_50",35.8817692445883,-82.2774007106233
"5734",5733,"37_199_50",35.8728807522841,-82.2828376498118
"5735",5734,"37_199_50",35.869515136611,-82.278615971513
"5736",5735,"37_199_50",35.881501529536,-82.2903084960359
"5737",5736,"37_199_50",35.8794845654048,-82.2837679244421
"5738",5737,"37_199_50",35.8881621832327,-82.2769281486244
"5739",5738,"37_199_50",35.8788068458702,-82.2796568099938
"5740",5739,"37_199_50",35.8866235538697,-82.2688094207618
"5741",5740,"37_99_51",35.1600453754012,-83.0306942236803
"5742",5741,"37_99_51",35.1593185373313,-83.0286120057574
"5743",5742,"37_99_51",35.1591358562017,-83.0351557812722
"5744",5743,"37_99_51",35.1563639739948,-83.0306131897612
"5745",5744,"37_99_51",35.1619374173017,-83.0503001066545
"5746",5745,"37_99_51",35.1480537344354,-83.0353769616646
"5747",5746,"37_99_51",35.1527868797549,-83.0356488245899
"5748",5747,"37_99_51",35.1701082392969,-83.0321942700807
"5749",5748,"37_99_51",35.1607292543498,-83.0370388800879
"5750",5749,"37_99_51",35.1619896952153,-83.0338523621629
"5751",5750,"37_87_88",35.63771226215,-83.1310810676987
"5752",5751,"37_87_88",35.6456078973898,-83.1435113482515
"5753",5752,"37_87_88",35.6511456224438,-83.1295263755809
"5754",5753,"37_87_88",35.6525637056065,-83.1276620813012
"5755",5754,"37_87_88",35.6567138686739,-83.128950670748
"5756",5755,"37_87_88",35.6520085521257,-83.1289635030173
"5757",5756,"37_87_88",35.6529257302932,-83.1364801888127
"5758",5757,"37_87_88",35.6625962533445,-83.1292699891509
"5759",5758,"37_87_88",35.6545134013658,-83.1261156250443
"5760",5759,"37_87_88",35.6573945888573,-83.1443156500613
"5761",5760,"37_173_79",35.5512698940944,-83.3362947046714
"5762",5761,"37_173_79",35.5677637650354,-83.3332055401979
"5763",5762,"37_173_79",35.5660043589593,-83.332633305186
"5764",5763,"37_173_79",35.5642142046727,-83.3155211835618
"5765",5764,"37_173_79",35.5727668732028,-83.3241264664393
"5766",5765,"37_173_79",35.5609173114204,-83.3237660177966
"5767",5766,"37_173_79",35.553436915748,-83.3268872562303
"5768",5767,"37_173_79",35.5695367128382,-83.3135961571939
"5769",5768,"37_173_79",35.5526405529034,-83.3299760584758
"5770",5769,"37_173_79",35.5531887684382,-83.3227834959591
"5771",5770,"37_173_80",35.5618039676579,-83.4815432953792
"5772",5771,"37_173_80",35.5620086378022,-83.4743390199303
"5773",5772,"37_173_80",35.5707035474219,-83.48134809091
"5774",5773,"37_173_80",35.5663799930995,-83.4832734662607
"5775",5774,"37_173_80",35.5616627615154,-83.4649721909569
"5776",5775,"37_173_80",35.5592970970062,-83.4896664402472
"5777",5776,"37_173_80",35.5737591480002,-83.4851986788909
"5778",5777,"37_173_80",35.5648074126852,-83.4816531645785
"5779",5778,"37_173_80",35.5577901810931,-83.4743591034586
"5780",5779,"37_173_80",35.5651715989328,-83.4694789836506
"5781",5780,"37_175_54",35.3495851894069,-82.819248694865
"5782",5781,"37_175_54",35.3327874974185,-82.8181386255296
"5783",5782,"37_175_54",35.3351113975595,-82.8119429529572
"5784",5783,"37_175_54",35.3490738833493,-82.8102178968176
"5785",5784,"37_175_54",35.3398029955887,-82.8174510890477
"5786",5785,"37_175_54",35.335131023147,-82.830375099075
"5787",5786,"37_175_54",35.3379676825061,-82.8039135944831
"5788",5787,"37_175_54",35.3353395042143,-82.8133035054903
"5789",5788,"37_175_54",35.3438479455342,-82.8176914678236
"5790",5789,"37_175_54",35.3384414098907,-82.8102718860291
"5791",5790,"37_27_19",35.9328689680777,-81.7733810329721
"5792",5791,"37_27_19",35.9352919593834,-81.7615806139749
"5793",5792,"37_27_19",35.9416808277519,-81.7838915077304
"5794",5793,"37_27_19",35.9348374392977,-81.7680331219138
"5795",5794,"37_27_19",35.9425015364246,-81.7654104245756
"5796",5795,"37_27_19",35.9328392825039,-81.7809209595567
"5797",5796,"37_27_19",35.9429253391392,-81.7639826907857
"5798",5797,"37_27_19",35.9391119615902,-81.756505473428
"5799",5798,"37_27_19",35.9351535759938,-81.7669718650531
"5800",5799,"37_27_19",35.9421343790764,-81.781337706838
"5801",5800,"21_147_20",36.7176459061897,-84.6371076437432
"5802",5801,"21_147_20",36.7068007873579,-84.6310557616042
"5803",5802,"21_147_20",36.7027438402702,-84.6527284099807
"5804",5803,"21_147_20",36.7086995120597,-84.6494220680186
"5805",5804,"21_147_20",36.7023361238971,-84.6492101091012
"5806",5805,"21_147_20",36.7133561824617,-84.6570380263109
"5807",5806,"21_147_20",36.7064577041717,-84.6467299468967
"5808",5807,"21_147_20",36.7053132143361,-84.6381680177767
"5809",5808,"21_147_20",36.7056909027607,-84.6418662163249
"5810",5809,"21_147_20",36.7048733611377,-84.6476240486184
"5811",5810,"21_51_7",37.008425693913,-83.5150065794059
"5812",5811,"21_51_7",37.0060458575957,-83.5242331295492
"5813",5812,"21_51_7",37.0153335208896,-83.5284723901526
"5814",5813,"21_51_7",37.0015956918265,-83.516671471232
"5815",5814,"21_51_7",37.0027372560214,-83.522600508498
"5816",5815,"21_51_7",37.0079233319339,-83.5259089890459
"5817",5816,"21_51_7",36.9939556318876,-83.5160971733638
"5818",5817,"21_51_7",37.0052018284837,-83.5221621178086
"5819",5818,"21_51_7",37.0029771881882,-83.5164660535951
"5820",5819,"21_51_7",36.9924357953134,-83.5263362762738
"5821",5820,"21_51_19",36.9809722367174,-83.614542730109
"5822",5821,"21_51_19",36.9848109104335,-83.6255125650728
"5823",5822,"21_51_19",36.9892076197359,-83.6317190198487
"5824",5823,"21_51_19",36.9852324302907,-83.6343650710881
"5825",5824,"21_51_19",36.9964134267378,-83.6238784685474
"5826",5825,"21_51_19",36.9827351839524,-83.6123773331901
"5827",5826,"21_51_19",36.9920710542036,-83.6318617776008
"5828",5827,"21_51_19",36.9925565662465,-83.6256482477514
"5829",5828,"21_51_19",36.9799681339471,-83.6418166397776
"5830",5829,"21_51_19",36.9882100699789,-83.6292157891676
"5831",5830,"21_51_43",37.1680025330832,-83.7166839773097
"5832",5831,"21_51_43",37.1619985895446,-83.7133077247745
"5833",5832,"21_51_43",37.1617611134086,-83.7108392511532
"5834",5833,"21_51_43",37.1649129643802,-83.7134671365744
"5835",5834,"21_51_43",37.1700784610109,-83.7071246945734
"5836",5835,"21_51_43",37.1642423573833,-83.7099603977006
"5837",5836,"21_51_43",37.1646103014755,-83.713664601709
"5838",5837,"21_51_43",37.1698925077579,-83.7063007067217
"5839",5838,"21_51_43",37.1666886047772,-83.7108388718585
"5840",5839,"21_51_43",37.1611724310067,-83.7285615145016
"5841",5840,"21_235_20",36.6341491711238,-84.2005740093501
"5842",5841,"21_235_20",36.6296209874945,-84.2029227349459
"5843",5842,"21_235_20",36.6271559976841,-84.2240054156297
"5844",5843,"21_235_20",36.6379315305061,-84.2144053542466
"5845",5844,"21_235_20",36.6349669093326,-84.2112134144472
"5846",5845,"21_235_20",36.643708690789,-84.2231214546325
"5847",5846,"21_235_20",36.6217449016555,-84.2146626572551
"5848",5847,"21_235_20",36.6406423027736,-84.2229128346967
"5849",5848,"21_235_20",36.6277733926056,-84.221949382753
"5850",5849,"21_235_20",36.6358154457805,-84.2134779407274
"5851",5850,"21_147_13",36.6068478824512,-84.6839283612151
"5852",5851,"21_147_13",36.6090829049059,-84.6784706062322
"5853",5852,"21_147_13",36.6134936119271,-84.6766922574868
"5854",5853,"21_147_13",36.6149963703095,-84.6779206826304
"5855",5854,"21_147_13",36.6175512145975,-84.6673867172988
"5856",5855,"21_147_13",36.6177235767353,-84.6904233590506
"5857",5856,"21_147_13",36.6114370742978,-84.6775487733472
"5858",5857,"21_147_13",36.6139315544368,-84.6638282163828
"5859",5858,"21_147_13",36.6167056750917,-84.6741735745877
"5860",5859,"21_147_13",36.6115198060149,-84.6934964050896
"5861",5860,"21_205_15",38.1226167599145,-83.4922421440338
"5862",5861,"21_205_15",38.1302480284255,-83.4988168144648
"5863",5862,"21_205_15",38.1161436816018,-83.4750739840196
"5864",5863,"21_205_15",38.1251038893145,-83.5016913693408
"5865",5864,"21_205_15",38.1253694852367,-83.4989199366671
"5866",5865,"21_205_15",38.1322970194122,-83.4815988784213
"5867",5866,"21_205_15",38.1228547809958,-83.4860921257222
"5868",5867,"21_205_15",38.1152665634811,-83.4937534179462
"5869",5868,"21_205_15",38.1252889386906,-83.4866537940608
"5870",5869,"21_205_15",38.1297476959558,-83.487864735661
"5871",5870,"21_199_9",36.9942890473531,-84.420181797876
"5872",5871,"21_199_9",36.9898789508502,-84.40449904933
"5873",5872,"21_199_9",36.987619559507,-84.4206975274408
"5874",5873,"21_199_9",36.9910973544232,-84.4126313428411
"5875",5874,"21_199_9",36.9923291513796,-84.4096778003915
"5876",5875,"21_199_9",36.9907191875678,-84.4038081693828
"5877",5876,"21_199_9",36.9931495547193,-84.3942742599699
"5878",5877,"21_199_9",36.9946850792865,-84.407693703935
"5879",5878,"21_199_9",37.0012254492408,-84.4227939083432
"5880",5879,"21_199_9",36.991521440972,-84.3935684426655
"5881",5880,"21_205_17",38.1076471979024,-83.4263787089826
"5882",5881,"21_205_17",38.1032720231575,-83.4399183897998
"5883",5882,"21_205_17",38.110646518813,-83.4291173449525
"5884",5883,"21_205_17",38.1077624447404,-83.4281695708912
"5885",5884,"21_205_17",38.1140041565247,-83.4335453718654
"5886",5885,"21_205_17",38.094653811356,-83.4331908459488
"5887",5886,"21_205_17",38.1139124147355,-83.4362429560313
"5888",5887,"21_205_17",38.1034597128349,-83.4338363997959
"5889",5888,"21_205_17",38.1192963493851,-83.4266465532686
"5890",5889,"21_205_17",38.1039325046967,-83.429444358287
"5891",5890,"21_203_20",37.2587794331621,-84.2695064643057
"5892",5891,"21_203_20",37.2564184385645,-84.2824048546626
"5893",5892,"21_203_20",37.2482737302996,-84.2898062122564
"5894",5893,"21_203_20",37.2597319072296,-84.2646960032796
"5895",5894,"21_203_20",37.2444450596364,-84.2850647187101
"5896",5895,"21_203_20",37.2483857138074,-84.2796196749483
"5897",5896,"21_203_20",37.2550917242206,-84.2806434386186
"5898",5897,"21_203_20",37.2467165788237,-84.2698387581052
"5899",5898,"21_203_20",37.2570714749839,-84.2734479007875
"5900",5899,"21_203_20",37.2517349411364,-84.2748658182326
"5901",5900,"21_165_9",37.8796185115433,-83.6872205290071
"5902",5901,"21_165_9",37.884981899731,-83.6745011124255
"5903",5902,"21_165_9",37.8754131507754,-83.6756533065471
"5904",5903,"21_165_9",37.8830090872171,-83.6770540818695
"5905",5904,"21_165_9",37.8795173885618,-83.6858076848722
"5906",5905,"21_165_9",37.867140226095,-83.6783057836125
"5907",5906,"21_165_9",37.8824817148382,-83.6819079746019
"5908",5907,"21_165_9",37.8791885940739,-83.6779649239955
"5909",5908,"21_165_9",37.8858070070862,-83.6759309116527
"5910",5909,"21_165_9",37.8781029957655,-83.6759399354571
"5911",5910,"21_125_31",37.0283521784784,-84.2212041604885
"5912",5911,"21_125_31",37.0232740251474,-84.2209084404883
"5913",5912,"21_125_31",37.0319348924745,-84.2142178748748
"5914",5913,"21_125_31",37.0176576120278,-84.2115086360173
"5915",5914,"21_125_31",37.0195189361551,-84.2288327892625
"5916",5915,"21_125_31",37.0263713046078,-84.2143839183215
"5917",5916,"21_125_31",37.0089321388097,-84.2256253469267
"5918",5917,"21_125_31",37.0210810373086,-84.2034105266718
"5919",5918,"21_125_31",37.0175701744868,-84.2112300533131
"5920",5919,"21_125_31",37.019332092178,-84.2147908752178
"5921",5920,"21_147_45",36.8592919955483,-84.4288448007931
"5922",5921,"21_147_45",36.8684700398825,-84.4164121416492
"5923",5922,"21_147_45",36.8674698755355,-84.4347790192011
"5924",5923,"21_147_45",36.8641446634876,-84.4265635494665
"5925",5924,"21_147_45",36.8696256417336,-84.4338662785947
"5926",5925,"21_147_45",36.8681942233564,-84.4283408519826
"5927",5926,"21_147_45",36.8721629201506,-84.4227344329591
"5928",5927,"21_147_45",36.8670702293554,-84.4124454547682
"5929",5928,"21_147_45",36.8681128404713,-84.4313930068434
"5930",5929,"21_147_45",36.8717842167055,-84.4443616604178
"5931",5930,"21_147_43",36.6083272321029,-84.4093650463972
"5932",5931,"21_147_43",36.5995380620862,-84.4170276434761
"5933",5932,"21_147_43",36.6027837824708,-84.4298617508618
"5934",5933,"21_147_43",36.6048616926197,-84.4182511807095
"5935",5934,"21_147_43",36.6040256601333,-84.4190241722625
"5936",5935,"21_147_43",36.6056914339426,-84.4098426602027
"5937",5936,"21_147_43",36.6108050729188,-84.4077663077042
"5938",5937,"21_147_43",36.6037500849176,-84.413175521543
"5939",5938,"21_147_43",36.6086679233321,-84.4249106196683
"5940",5939,"21_147_43",36.6026015681278,-84.4175806251412
"5941",5940,"21_51_15",37.0044798038103,-83.670123324857
"5942",5941,"21_51_15",37.021265156434,-83.6727192067573
"5943",5942,"21_51_15",37.0232276242109,-83.6705368729663
"5944",5943,"21_51_15",37.0118727788178,-83.6686197373541
"5945",5944,"21_51_15",37.0166998928601,-83.6838105401124
"5946",5945,"21_51_15",37.0128855706798,-83.6719099344341
"5947",5946,"21_51_15",37.0167028475735,-83.6686291072055
"5948",5947,"21_51_15",37.0143347041137,-83.6684260559618
"5949",5948,"21_51_15",37.0110775423326,-83.6735101959827
"5950",5949,"21_51_15",37.0119926478146,-83.6703932679863
"5951",5950,"21_51_2",37.1593269105414,-83.6151865651368
"5952",5951,"21_51_2",37.16401902206,-83.6228128133627
"5953",5952,"21_51_2",37.1593107063147,-83.6065395490727
"5954",5953,"21_51_2",37.159204243606,-83.6140782662555
"5955",5954,"21_51_2",37.1577092412315,-83.6057754264034
"5956",5955,"21_51_2",37.1543710834677,-83.6186315704347
"5957",5956,"21_51_2",37.1571753603363,-83.6118791379005
"5958",5957,"21_51_2",37.1553226605475,-83.6049553513289
"5959",5958,"21_51_2",37.1581035043483,-83.6159172898407
"5960",5959,"21_51_2",37.1553714624048,-83.61816580179
"5961",5960,"21_147_39",36.8752386840485,-84.4868260533335
"5962",5961,"21_147_39",36.8884959702585,-84.483567696062
"5963",5962,"21_147_39",36.8641940827656,-84.481892614099
"5964",5963,"21_147_39",36.8797758474371,-84.4820408715832
"5965",5964,"21_147_39",36.8850850128254,-84.4773143305089
"5966",5965,"21_147_39",36.8799901346683,-84.4892273116648
"5967",5966,"21_147_39",36.8720630689621,-84.4734639653661
"5968",5967,"21_147_39",36.8804515790177,-84.4874451803047
"5969",5968,"21_147_39",36.8794723485827,-84.4810910725853
"5970",5969,"21_147_39",36.8699228096997,-84.4726849532633
"5971",5970,"21_235_44",36.9144296473553,-84.296697905155
"5972",5971,"21_235_44",36.8980891280764,-84.2766464207348
"5973",5972,"21_235_44",36.9150639022427,-84.2970500380401
"5974",5973,"21_235_44",36.9019722654843,-84.2947868326234
"5975",5974,"21_235_44",36.9091730121012,-84.2864723103498
"5976",5975,"21_235_44",36.9135144721981,-84.290376665207
"5977",5976,"21_235_44",36.9015823021364,-84.2793948366838
"5978",5977,"21_235_44",36.9210878285776,-84.2791862961904
"5979",5978,"21_235_44",36.9046060096978,-84.296487255603
"5980",5979,"21_235_44",36.9051525678514,-84.2845731227821
"5981",5980,"21_131_8",37.1630022309057,-83.4518537082233
"5982",5981,"21_131_8",37.1517342137723,-83.4467150569214
"5983",5982,"21_131_8",37.1635146867563,-83.4510664935149
"5984",5983,"21_131_8",37.1602678629533,-83.4334624953898
"5985",5984,"21_131_8",37.1597707407284,-83.433507362412
"5986",5985,"21_131_8",37.1536584716055,-83.4426805610647
"5987",5986,"21_131_8",37.1696205416447,-83.4572804052749
"5988",5987,"21_131_8",37.1534575463207,-83.4413510982247
"5989",5988,"21_131_8",37.1715311908656,-83.4431095776927
"5990",5989,"21_131_8",37.1632140768248,-83.4508259177551
"5991",5990,"21_147_6",36.7276476477297,-84.3879755469484
"5992",5991,"21_147_6",36.722515241578,-84.3856410105682
"5993",5992,"21_147_6",36.7203082501151,-84.3835784601595
"5994",5993,"21_147_6",36.7190871458377,-84.3874038638773
"5995",5994,"21_147_6",36.7290037286949,-84.3966792684892
"5996",5995,"21_147_6",36.7178341851842,-84.3937141724721
"5997",5996,"21_147_6",36.715102248284,-84.3870264172281
"5998",5997,"21_147_6",36.7204260110234,-84.3771122642185
"5999",5998,"21_147_6",36.7314373962836,-84.3706302919695
"6000",5999,"21_147_6",36.7342349351841,-84.371190876422
"6001",6000,"21_109_33",37.3866968132252,-83.9766559813304
"6002",6001,"21_109_33",37.389861600075,-83.9935582287181
"6003",6002,"21_109_33",37.3864084743793,-83.9794233544812
"6004",6003,"21_109_33",37.3888255251234,-83.9865867293809
"6005",6004,"21_109_33",37.3949498760167,-83.9797751328625
"6006",6005,"21_109_33",37.3900057960732,-83.9857196558447
"6007",6006,"21_109_33",37.3832502803207,-83.9702265730513
"6008",6007,"21_109_33",37.3879381359966,-83.982831635732
"6009",6008,"21_109_33",37.3870565692783,-83.9848613298746
"6010",6009,"21_109_33",37.4001023561597,-83.989938711822
"6011",6010,"21_109_23",37.5003809065915,-83.9023941310869
"6012",6011,"21_109_23",37.5151780129962,-83.9045595385368
"6013",6012,"21_109_23",37.519253464598,-83.9045348918641
"6014",6013,"21_109_23",37.4947241341116,-83.9188163291485
"6015",6014,"21_109_23",37.5076402848744,-83.9090431162013
"6016",6015,"21_109_23",37.5093651429375,-83.9225612379463
"6017",6016,"21_109_23",37.5080997669975,-83.9001232202482
"6018",6017,"21_109_23",37.5167198540986,-83.9084350146711
"6019",6018,"21_109_23",37.513293776702,-83.9105477614736
"6020",6019,"21_109_23",37.507569958376,-83.9162344027093
"6021",6020,"21_11_25",38.0553730137613,-83.5710891134845
"6022",6021,"21_11_25",38.0626167937552,-83.5613053058138
"6023",6022,"21_11_25",38.0614163999181,-83.568259363341
"6024",6023,"21_11_25",38.0737696571304,-83.5655473564089
"6025",6024,"21_11_25",38.0669664523079,-83.5846229111824
"6026",6025,"21_11_25",38.0593420909538,-83.5846318513436
"6027",6026,"21_11_25",38.0535229355667,-83.5584763006961
"6028",6027,"21_11_25",38.0711773105188,-83.5759990649369
"6029",6028,"21_11_25",38.0489814872207,-83.5665312576923
"6030",6029,"21_11_25",38.0555123289114,-83.5624962317421
"6031",6030,"21_147_24",36.810204903415,-84.4078629790731
"6032",6031,"21_147_24",36.8297448684779,-84.4176243491209
"6033",6032,"21_147_24",36.8310778354291,-84.4174534257195
"6034",6033,"21_147_24",36.830647647182,-84.4139154527153
"6035",6034,"21_147_24",36.8159471708225,-84.4231825103889
"6036",6035,"21_147_24",36.8344357616403,-84.4076163693128
"6037",6036,"21_147_24",36.8297845956188,-84.4071859631184
"6038",6037,"21_147_24",36.8239262767386,-84.4175697555552
"6039",6038,"21_147_24",36.8235051189228,-84.4098478526231
"6040",6039,"21_147_24",36.8189257118156,-84.4078494462717
"6041",6040,"21_129_15",37.653208269788,-83.7878643247554
"6042",6041,"21_129_15",37.6453881209598,-83.8038353797423
"6043",6042,"21_129_15",37.647051324538,-83.8045681035465
"6044",6043,"21_129_15",37.6459135460807,-83.771245936013
"6045",6044,"21_129_15",37.651639487097,-83.7986865599668
"6046",6045,"21_129_15",37.6513000131997,-83.7875804697909
"6047",6046,"21_129_15",37.6524749486657,-83.7865029194356
"6048",6047,"21_129_15",37.6466908050585,-83.7824073900548
"6049",6048,"21_129_15",37.6565295280035,-83.7851716216841
"6050",6049,"21_129_15",37.6510796185113,-83.7873099113342
"6051",6050,"21_129_13",37.6717547917808,-83.7554549959445
"6052",6051,"21_129_13",37.6600719394396,-83.7525914791494
"6053",6052,"21_129_13",37.6753586213433,-83.7641914221432
"6054",6053,"21_129_13",37.6714690750972,-83.7474549655736
"6055",6054,"21_129_13",37.6841278808521,-83.7525356460385
"6056",6055,"21_129_13",37.6691388656456,-83.7485460506974
"6057",6056,"21_129_13",37.6691934809926,-83.7424979610972
"6058",6057,"21_129_13",37.6719223135514,-83.7396646973148
"6059",6058,"21_129_13",37.6648917880481,-83.7533720514467
"6060",6059,"21_129_13",37.6739603287677,-83.7559523846976
"6061",6060,"21_199_28",36.9661180631782,-84.4504402774921
"6062",6061,"21_199_28",36.9689133172022,-84.4489298640979
"6063",6062,"21_199_28",36.9523366816911,-84.4525303275411
"6064",6063,"21_199_28",36.9551528526286,-84.4529396573578
"6065",6064,"21_199_28",36.9598987942816,-84.4631677369684
"6066",6065,"21_199_28",36.9597537194028,-84.4515773679732
"6067",6066,"21_199_28",36.9517514288776,-84.4493904710188
"6068",6067,"21_199_28",36.9590827966466,-84.4424757611136
"6069",6068,"21_199_28",36.9466427675268,-84.4447964493125
"6070",6069,"21_199_28",36.9693078037009,-84.4425534622104
"6071",6070,"21_235_37",36.8535015760278,-84.2570607675334
"6072",6071,"21_235_37",36.852694431253,-84.2675173625388
"6073",6072,"21_235_37",36.8479432435441,-84.2652433249283
"6074",6073,"21_235_37",36.8475975428315,-84.2638740746225
"6075",6074,"21_235_37",36.8702239713095,-84.2585673271597
"6076",6075,"21_235_37",36.8602821671131,-84.2639916392276
"6077",6076,"21_235_37",36.8458142071919,-84.2699589548347
"6078",6077,"21_235_37",36.8595690599264,-84.2723130424198
"6079",6078,"21_235_37",36.8605572208622,-84.271846628933
"6080",6079,"21_235_37",36.8502504117178,-84.2602554608555
"6081",6080,"21_205_24",38.0571075472435,-83.4160303629888
"6082",6081,"21_205_24",38.057683381883,-83.4052486713247
"6083",6082,"21_205_24",38.0558757631536,-83.3994671479047
"6084",6083,"21_205_24",38.0561442176412,-83.4046834836496
"6085",6084,"21_205_24",38.0644604465581,-83.3976163349034
"6086",6085,"21_205_24",38.0439033575396,-83.3953755189269
"6087",6086,"21_205_24",38.0671455886229,-83.3974552021
"6088",6087,"21_205_24",38.0580709983491,-83.3961702653784
"6089",6088,"21_205_24",38.0555162392637,-83.4080459466805
"6090",6089,"21_205_24",38.0573689865611,-83.3985577722331
"6091",6090,"21_165_18",37.8495054356545,-83.5607323631105
"6092",6091,"21_165_18",37.8439673349039,-83.5596719649621
"6093",6092,"21_165_18",37.8417754692524,-83.5496124144388
"6094",6093,"21_165_18",37.8420938944536,-83.5536333572924
"6095",6094,"21_165_18",37.8370940415005,-83.5478492834716
"6096",6095,"21_165_18",37.8492392855505,-83.5444127481951
"6097",6096,"21_165_18",37.8364773583936,-83.5565594049988
"6098",6097,"21_165_18",37.8424297540601,-83.5529031329732
"6099",6098,"21_165_18",37.8359026831977,-83.5672215496863
"6100",6099,"21_165_18",37.8384284247236,-83.5506253602702
"6101",6100,"21_165_1",37.9853373963833,-83.4483450085756
"6102",6101,"21_165_1",37.9842704393179,-83.4482905372691
"6103",6102,"21_165_1",37.9887534933303,-83.4583825961462
"6104",6103,"21_165_1",37.9824561065998,-83.4592183537342
"6105",6104,"21_165_1",37.9881807684464,-83.4324608512791
"6106",6105,"21_165_1",37.9758378330672,-83.450916777133
"6107",6106,"21_165_1",37.9849249112906,-83.4419622031779
"6108",6107,"21_165_1",37.9920394836685,-83.4441774772335
"6109",6108,"21_165_1",37.9838687810214,-83.4479638251428
"6110",6109,"21_165_1",37.9767035393472,-83.4600326760848
"6111",6110,"21_109_8",37.4736978053726,-84.0640719740264
"6112",6111,"21_109_8",37.4628357425093,-84.0637430414844
"6113",6112,"21_109_8",37.4679733663072,-84.0673178659174
"6114",6113,"21_109_8",37.4620979054609,-84.0534352389397
"6115",6114,"21_109_8",37.4594429900988,-84.0575264368415
"6116",6115,"21_109_8",37.4643846863558,-84.0621500267391
"6117",6116,"21_109_8",37.4529060049949,-84.0477705457589
"6118",6117,"21_109_8",37.4606435325475,-84.0563917701134
"6119",6118,"21_109_8",37.4632961478279,-84.0743659638217
"6120",6119,"21_109_8",37.4698089961471,-84.0520275520647
"6121",6120,"21_51_1",37.0667609433248,-83.580199334573
"6122",6121,"21_51_1",37.06984684581,-83.5870475126212
"6123",6122,"21_51_1",37.0686571115988,-83.5819603604589
"6124",6123,"21_51_1",37.0635892696854,-83.5776624775332
"6125",6124,"21_51_1",37.065575092333,-83.5759121808572
"6126",6125,"21_51_1",37.0659604748373,-83.5687049664196
"6127",6126,"21_51_1",37.0638120770404,-83.5856714182072
"6128",6127,"21_51_1",37.0652555545032,-83.5797091103285
"6129",6128,"21_51_1",37.0676461592328,-83.5786385717293
"6130",6129,"21_51_1",37.0601499805831,-83.5794933070469
"6131",6130,"21_147_30",36.7518720544564,-84.3456307133317
"6132",6131,"21_147_30",36.7575819812235,-84.3565332757575
"6133",6132,"21_147_30",36.7680094893045,-84.346530703976
"6134",6133,"21_147_30",36.7617096477834,-84.3558066977187
"6135",6134,"21_147_30",36.7589025423172,-84.3362299847566
"6136",6135,"21_147_30",36.776697780006,-84.3479003328117
"6137",6136,"21_147_30",36.7560123494588,-84.35720644852
"6138",6137,"21_147_30",36.7598794695893,-84.3566758806451
"6139",6138,"21_147_30",36.7690797675515,-84.349339696755
"6140",6139,"21_147_30",36.7506187261382,-84.3502495733296
"6141",6140,"21_51_3",37.1846197084372,-83.5574643889627
"6142",6141,"21_51_3",37.2016055097371,-83.572539308026
"6143",6142,"21_51_3",37.1929557334894,-83.5589452969214
"6144",6143,"21_51_3",37.1961485019574,-83.5613509553889
"6145",6144,"21_51_3",37.2024131567732,-83.5529651862699
"6146",6145,"21_51_3",37.1933779645124,-83.5568450053448
"6147",6146,"21_51_3",37.1939856658604,-83.5589856944579
"6148",6147,"21_51_3",37.1931972027727,-83.5612440091905
"6149",6148,"21_51_3",37.1940228787063,-83.5595239737041
"6150",6149,"21_51_3",37.1869481997978,-83.5588182241684
"6151",6150,"21_125_1",37.0573698326695,-84.2140556398104
"6152",6151,"21_125_1",37.0765397104646,-84.2125299112074
"6153",6152,"21_125_1",37.0739705697156,-84.2219684464949
"6154",6153,"21_125_1",37.0628237962967,-84.2239634484154
"6155",6154,"21_125_1",37.0662799976271,-84.2208646514782
"6156",6155,"21_125_1",37.080551305737,-84.2068202270243
"6157",6156,"21_125_1",37.0744557502301,-84.2338235967466
"6158",6157,"21_125_1",37.0735043059964,-84.2217658548248
"6159",6158,"21_125_1",37.0576386242569,-84.2142572310463
"6160",6159,"21_125_1",37.0720116916073,-84.2196265150638
"6161",6160,"21_125_14",36.9952870224256,-84.3094905118934
"6162",6161,"21_125_14",36.9969813675683,-84.292162478209
"6163",6162,"21_125_14",37.0098463995101,-84.302481342228
"6164",6163,"21_125_14",37.0061241103917,-84.3029191943525
"6165",6164,"21_125_14",37.0194143923695,-84.3031765007192
"6166",6165,"21_125_14",37.0207807724315,-84.3042494353835
"6167",6166,"21_125_14",37.0068962183577,-84.3024966164045
"6168",6167,"21_125_14",37.0153570318241,-84.3128853294184
"6169",6168,"21_125_14",37.001197307726,-84.3009434629892
"6170",6169,"21_125_14",37.0154087761613,-84.3053667130591
"6171",6170,"21_203_11",37.3184430764347,-84.1657639649553
"6172",6171,"21_203_11",37.3140955156864,-84.1702241141619
"6173",6172,"21_203_11",37.3272462822641,-84.1720712959865
"6174",6173,"21_203_11",37.3272460960848,-84.1659227985524
"6175",6174,"21_203_11",37.3124170027646,-84.1531075111494
"6176",6175,"21_203_11",37.3145753586406,-84.1714434188026
"6177",6176,"21_203_11",37.3119819188824,-84.1613537862767
"6178",6177,"21_203_11",37.314049082043,-84.1772803088367
"6179",6178,"21_203_11",37.3147705606086,-84.1611471198465
"6180",6179,"21_203_11",37.3144185111221,-84.1667823332014
"6181",6180,"21_203_22",37.2229501482003,-84.3169929603088
"6182",6181,"21_203_22",37.2321432123186,-84.3106684918314
"6183",6182,"21_203_22",37.2183407957733,-84.3085110723871
"6184",6183,"21_203_22",37.2256614679938,-84.3253827216671
"6185",6184,"21_203_22",37.2285958425209,-84.3248079121765
"6186",6185,"21_203_22",37.2286820396266,-84.3280266899052
"6187",6186,"21_203_22",37.2250056186124,-84.3160953412348
"6188",6187,"21_203_22",37.2222299277844,-84.2991180224957
"6189",6188,"21_203_22",37.224841146857,-84.3241377400913
"6190",6189,"21_203_22",37.2198966472905,-84.3316719523691
"6191",6190,"21_205_21",38.3521971678221,-83.3785685449781
"6192",6191,"21_205_21",38.3562733556249,-83.3860499280626
"6193",6192,"21_205_21",38.3478684913833,-83.3830870920542
"6194",6193,"21_205_21",38.3509825747196,-83.3794419442623
"6195",6194,"21_205_21",38.341729471422,-83.3782370577746
"6196",6195,"21_205_21",38.3551044907049,-83.3888744536435
"6197",6196,"21_205_21",38.353662106721,-83.3822746554993
"6198",6197,"21_205_21",38.3585395216171,-83.372724848241
"6199",6198,"21_205_21",38.3473237517046,-83.3879749028669
"6200",6199,"21_205_21",38.3545159546731,-83.3669704989527
"6201",6200,"21_129_6",37.5710306922512,-83.8803071261521
"6202",6201,"21_129_6",37.5715457612302,-83.863141154096
"6203",6202,"21_129_6",37.5718382747465,-83.8695027755693
"6204",6203,"21_129_6",37.5694384680821,-83.872803741474
"6205",6204,"21_129_6",37.5651855107978,-83.8844767448022
"6206",6205,"21_129_6",37.5619668168988,-83.8618053243778
"6207",6206,"21_129_6",37.5800723399787,-83.8806017650147
"6208",6207,"21_129_6",37.5699439077115,-83.8677226903599
"6209",6208,"21_129_6",37.5733375023256,-83.8684666069201
"6210",6209,"21_129_6",37.5728223249157,-83.8716267785775
"6211",6210,"21_147_14",36.7317904764522,-84.4847625536263
"6212",6211,"21_147_14",36.7332386007344,-84.5098250363522
"6213",6212,"21_147_14",36.7354196792033,-84.4932487694655
"6214",6213,"21_147_14",36.7322956351022,-84.4921755977676
"6215",6214,"21_147_14",36.7295244883945,-84.5030730090778
"6216",6215,"21_147_14",36.7347090607336,-84.4917420017139
"6217",6216,"21_147_14",36.7361634387237,-84.4913029947082
"6218",6217,"21_147_14",36.7433203395195,-84.5011684077477
"6219",6218,"21_147_14",36.7363866014734,-84.4952598503832
"6220",6219,"21_147_14",36.7320212258354,-84.4911369296013
"6221",6220,"21_205_13",38.2306136349493,-83.40188616378
"6222",6221,"21_205_13",38.2255559521091,-83.4169504038493
"6223",6222,"21_205_13",38.2355112475197,-83.39708939781
"6224",6223,"21_205_13",38.2382705448086,-83.4040711529472
"6225",6224,"21_205_13",38.2293189304931,-83.4055519536968
"6226",6225,"21_205_13",38.2333409355719,-83.4159806390256
"6227",6226,"21_205_13",38.2218110219247,-83.4189634256409
"6228",6227,"21_205_13",38.2359578713453,-83.3951245780083
"6229",6228,"21_205_13",38.2359520090089,-83.4180905416084
"6230",6229,"21_205_13",38.2290577510979,-83.4034543954721
"6231",6230,"21_199_20",36.9051410870254,-84.5407239529212
"6232",6231,"21_199_20",36.8986632550857,-84.5396124192668
"6233",6232,"21_199_20",36.8926259928145,-84.5455654466216
"6234",6233,"21_199_20",36.8992707617829,-84.5295154891915
"6235",6234,"21_199_20",36.9091179460087,-84.5312265481265
"6236",6235,"21_199_20",36.9021131699671,-84.5340461653806
"6237",6236,"21_199_20",36.9043546401418,-84.5471350089583
"6238",6237,"21_199_20",36.9123767246628,-84.5516233321988
"6239",6238,"21_199_20",36.9039549593968,-84.5519130727281
"6240",6239,"21_199_20",36.906458043808,-84.523199965878
"6241",6240,"21_109_11",37.3908300211633,-84.0833711077091
"6242",6241,"21_109_11",37.3784337830609,-84.0815927044395
"6243",6242,"21_109_11",37.3777925435189,-84.0678278952577
"6244",6243,"21_109_11",37.3652325835807,-84.0919463866461
"6245",6244,"21_109_11",37.3786785372509,-84.0824751080648
"6246",6245,"21_109_11",37.3764197172729,-84.0837709664355
"6247",6246,"21_109_11",37.3754886204905,-84.0817827687706
"6248",6247,"21_109_11",37.3835077010913,-84.0816621888469
"6249",6248,"21_109_11",37.3791755978168,-84.0991290921246
"6250",6249,"21_109_11",37.3739718844713,-84.0757216156352
"6251",6250,"21_125_8",37.2101986721007,-84.2519549321493
"6252",6251,"21_125_8",37.2102565263715,-84.2559728681998
"6253",6252,"21_125_8",37.2048755407501,-84.2499562095267
"6254",6253,"21_125_8",37.2095493818243,-84.2564463814394
"6255",6254,"21_125_8",37.2104617594558,-84.2430822022848
"6256",6255,"21_125_8",37.2112273387958,-84.2644567562479
"6257",6256,"21_125_8",37.2057519001925,-84.2526677128781
"6258",6257,"21_125_8",37.2137260655574,-84.2619158521499
"6259",6258,"21_125_8",37.2108017134749,-84.2557744401381
"6260",6259,"21_125_8",37.213661738188,-84.2736965895489
"6261",6260,"21_147_4",36.8006679614453,-84.4996952478673
"6262",6261,"21_147_4",36.7978849061962,-84.5166527075477
"6263",6262,"21_147_4",36.7990408384055,-84.5164676270946
"6264",6263,"21_147_4",36.7978523259039,-84.5322532228625
"6265",6264,"21_147_4",36.7978839168401,-84.5127205484435
"6266",6265,"21_147_4",36.7941277444743,-84.5079330582665
"6267",6266,"21_147_4",36.8034794932834,-84.5135166634582
"6268",6267,"21_147_4",36.8015288107165,-84.5229048774369
"6269",6268,"21_147_4",36.8059458502808,-84.5098051944584
"6270",6269,"21_147_4",36.8011573855466,-84.5149951404265
"6271",6270,"21_235_18",36.7956801634094,-84.2973459985144
"6272",6271,"21_235_18",36.7860234740561,-84.2927267182996
"6273",6272,"21_235_18",36.8012913286789,-84.3094341710238
"6274",6273,"21_235_18",36.8006076615884,-84.2962408269866
"6275",6274,"21_235_18",36.7930079444308,-84.2944750049765
"6276",6275,"21_235_18",36.7935481446461,-84.2819978825698
"6277",6276,"21_235_18",36.7956107337732,-84.3077168214748
"6278",6277,"21_235_18",36.8048111029591,-84.297171391616
"6279",6278,"21_235_18",36.7971801585673,-84.2963957333414
"6280",6279,"21_235_18",36.7943181228774,-84.2884508862267
"6281",6280,"21_125_22",36.9691662463819,-84.3002776089567
"6282",6281,"21_125_22",36.9722849314235,-84.2902093773449
"6283",6282,"21_125_22",36.9654605857924,-84.3025054508038
"6284",6283,"21_125_22",36.9514887480401,-84.289857319198
"6285",6284,"21_125_22",36.9635772171112,-84.2915311372272
"6286",6285,"21_125_22",36.9591989233555,-84.2819283194278
"6287",6286,"21_125_22",36.953380712113,-84.3047814563539
"6288",6287,"21_125_22",36.9603113316426,-84.3032979929023
"6289",6288,"21_125_22",36.9695934123503,-84.3038375473473
"6290",6289,"21_125_22",36.9513944056812,-84.2884993405522
"6291",6290,"21_11_22",38.0978322752142,-83.5747706007547
"6292",6291,"21_11_22",38.1077916156726,-83.5814756269308
"6293",6292,"21_11_22",38.1122741134975,-83.582103754671
"6294",6293,"21_11_22",38.1077938546715,-83.5794134318267
"6295",6294,"21_11_22",38.1198762886243,-83.5766587834195
"6296",6295,"21_11_22",38.1023805862993,-83.5870807476064
"6297",6296,"21_11_22",38.1090307768156,-83.5718232970686
"6298",6297,"21_11_22",38.1160146512416,-83.5741116667842
"6299",6298,"21_11_22",38.118914149834,-83.5746640366993
"6300",6299,"21_11_22",38.1121921691921,-83.5838529059712
"6301",6300,"21_131_1",37.2556957639972,-83.4689816372264
"6302",6301,"21_131_1",37.2634366358041,-83.4583630508119
"6303",6302,"21_131_1",37.2610922009391,-83.4651472959481
"6304",6303,"21_131_1",37.2508421641068,-83.4825143982274
"6305",6304,"21_131_1",37.2558709952289,-83.472826088391
"6306",6305,"21_131_1",37.2721453265187,-83.4697920057624
"6307",6306,"21_131_1",37.2498187670561,-83.4851537581893
"6308",6307,"21_131_1",37.2619731751345,-83.4840082739393
"6309",6308,"21_131_1",37.2620124689899,-83.4643593664726
"6310",6309,"21_131_1",37.2612692581721,-83.475809427014
"6311",6310,"21_51_22",36.9898198443455,-83.5627418347528
"6312",6311,"21_51_22",36.9843054835876,-83.559418952027
"6313",6312,"21_51_22",36.9889472987861,-83.5636357512859
"6314",6313,"21_51_22",36.9829548070087,-83.5796188096615
"6315",6314,"21_51_22",36.9787426468894,-83.5714193499184
"6316",6315,"21_51_22",36.9823846158485,-83.5661996057346
"6317",6316,"21_51_22",36.9818408008781,-83.5698643310409
"6318",6317,"21_51_22",36.9795245377162,-83.5683188107157
"6319",6318,"21_51_22",36.9804448364912,-83.5526295876752
"6320",6319,"21_51_22",36.9793480767086,-83.5665967918087
"6321",6320,"21_131_31",37.1270838412613,-83.4835004372777
"6322",6321,"21_131_31",37.1281022917227,-83.4849123407649
"6323",6322,"21_131_31",37.1270938851128,-83.4877801564955
"6324",6323,"21_131_31",37.1314068961487,-83.4968679458204
"6325",6324,"21_131_31",37.1183617213663,-83.5041551984785
"6326",6325,"21_131_31",37.1301196768596,-83.496007610176
"6327",6326,"21_131_31",37.1238339245634,-83.48993605364
"6328",6327,"21_131_31",37.1284492502173,-83.4963582403948
"6329",6328,"21_131_31",37.1290515567205,-83.4902735993618
"6330",6329,"21_131_31",37.1234470961796,-83.4832170179575
"6331",6330,"21_131_7",36.9378385518847,-83.3937109364307
"6332",6331,"21_131_7",36.9250953058728,-83.4045899647605
"6333",6332,"21_131_7",36.9295938821351,-83.3807619388476
"6334",6333,"21_131_7",36.9285325289268,-83.4050078875619
"6335",6334,"21_131_7",36.9211683499466,-83.4007274243426
"6336",6335,"21_131_7",36.9222753470379,-83.3961850347566
"6337",6336,"21_131_7",36.934740696914,-83.3925622318454
"6338",6337,"21_131_7",36.9209974193314,-83.382618509118
"6339",6338,"21_131_7",36.9189212228666,-83.3989807863892
"6340",6339,"21_131_7",36.9378785140941,-83.4086382709209
"6341",6340,"21_131_21",36.9510969366687,-83.3528557289261
"6342",6341,"21_131_21",36.9588013943975,-83.3596549559768
"6343",6342,"21_131_21",36.9506298444509,-83.3448952445043
"6344",6343,"21_131_21",36.9602736981356,-83.3554647655226
"6345",6344,"21_131_21",36.9546476926205,-83.3582365041852
"6346",6345,"21_131_21",36.9519432699546,-83.3595637363549
"6347",6346,"21_131_21",36.9472274222706,-83.3571081319452
"6348",6347,"21_131_21",36.9529680401376,-83.3564323556012
"6349",6348,"21_131_21",36.957844287832,-83.360147184578
"6350",6349,"21_131_21",36.9463715911709,-83.3610271521113
"6351",6350,"21_197_1",37.7519427494561,-83.6969789063249
"6352",6351,"21_197_1",37.7534368515542,-83.704044629247
"6353",6352,"21_197_1",37.7488526427971,-83.7079946196264
"6354",6353,"21_197_1",37.764201776147,-83.7031299744357
"6355",6354,"21_197_1",37.7636084969912,-83.6947436290211
"6356",6355,"21_197_1",37.7437284921021,-83.7071520146006
"6357",6356,"21_197_1",37.7533109939618,-83.7227179308787
"6358",6357,"21_197_1",37.7536622146615,-83.7110042167756
"6359",6358,"21_197_1",37.7467020825494,-83.7128241406389
"6360",6359,"21_197_1",37.7563630674679,-83.7065016407602
"6361",6360,"21_203_12",37.2953906516502,-84.2148276748913
"6362",6361,"21_203_12",37.2977831377648,-84.2246908998139
"6363",6362,"21_203_12",37.2993067834222,-84.2209665334278
"6364",6363,"21_203_12",37.3007131435786,-84.2174807148423
"6365",6364,"21_203_12",37.2933284479301,-84.2261738963039
"6366",6365,"21_203_12",37.2976545434094,-84.2235201136695
"6367",6366,"21_203_12",37.2919704364006,-84.2137920195899
"6368",6367,"21_203_12",37.2959274578215,-84.2341429398806
"6369",6368,"21_203_12",37.3012931064901,-84.2293308467962
"6370",6369,"21_203_12",37.2909856726026,-84.2169914813355
"6371",6370,"21_131_3",37.16279828526,-83.5162010166684
"6372",6371,"21_131_3",37.1726794046619,-83.5114626243692
"6373",6372,"21_131_3",37.1681773141527,-83.4975564457993
"6374",6373,"21_131_3",37.1604082160575,-83.5072237961182
"6375",6374,"21_131_3",37.1716545200487,-83.5140439090191
"6376",6375,"21_131_3",37.1787997611768,-83.5095890453889
"6377",6376,"21_131_3",37.172902498812,-83.5192146408385
"6378",6377,"21_131_3",37.1717609659894,-83.5115350324186
"6379",6378,"21_131_3",37.1640122150405,-83.501016371343
"6380",6379,"21_131_3",37.1805802750546,-83.5092721683453
"6381",6380,"37_173_89",35.5844230900549,-83.2259259153343
"6382",6381,"37_173_89",35.5789683789287,-83.2357610863864
"6383",6382,"37_173_89",35.5755895257784,-83.2470200035083
"6384",6383,"37_173_89",35.5694886301002,-83.2223914660322
"6385",6384,"37_173_89",35.5764869543723,-83.2323925873937
"6386",6385,"37_173_89",35.5822507821981,-83.2411574959926
"6387",6386,"37_173_89",35.5836643190476,-83.2310515777224
"6388",6387,"37_173_89",35.5796310388872,-83.2292638315793
"6389",6388,"37_173_89",35.582813654652,-83.2336032539748
"6390",6389,"37_173_89",35.5777248979818,-83.2288512357686
"6391",6390,"37_175_28",35.3754831008566,-82.7139156358284
"6392",6391,"37_175_28",35.3960880788983,-82.7229213929673
"6393",6392,"37_175_28",35.385105732485,-82.725587634962
"6394",6393,"37_175_28",35.3869403680605,-82.724212313703
"6395",6394,"37_175_28",35.3914854897899,-82.7124924327256
"6396",6395,"37_175_28",35.39517191034,-82.727685761853
"6397",6396,"37_175_28",35.3848705284812,-82.7248640870157
"6398",6397,"37_175_28",35.3801622050552,-82.7186111508444
"6399",6398,"37_175_28",35.3857526815975,-82.7254857587722
"6400",6399,"37_175_28",35.3848172448737,-82.7267675847255
"6401",6400,"37_23_58",35.9213574370183,-81.8657171858733
"6402",6401,"37_23_58",35.9229355921084,-81.8706096519573
"6403",6402,"37_23_58",35.9277928660915,-81.868342117915
"6404",6403,"37_23_58",35.9098207915163,-81.8649111804097
"6405",6404,"37_23_58",35.9200385055785,-81.8648264485518
"6406",6405,"37_23_58",35.9224968870964,-81.8658992060236
"6407",6406,"37_23_58",35.920681058986,-81.8706558437612
"6408",6407,"37_23_58",35.9189897736718,-81.8501066302075
"6409",6408,"37_23_58",35.9232034767521,-81.8600809934722
"6410",6409,"37_23_58",35.9237056092446,-81.8804934482262
"6411",6410,"37_27_51",36.0233764834764,-81.688149520803
"6412",6411,"37_27_51",36.013694768476,-81.6993073467082
"6413",6412,"37_27_51",36.0200405196694,-81.6861487038835
"6414",6413,"37_27_51",36.0247368631412,-81.6907518965297
"6415",6414,"37_27_51",36.0182583010546,-81.7019730518432
"6416",6415,"37_27_51",36.0289695263612,-81.6816657763194
"6417",6416,"37_27_51",36.0247356687023,-81.6904282027088
"6418",6417,"37_27_51",36.0251361452923,-81.6784272347288
"6419",6418,"37_27_51",36.0261066770444,-81.6836074363275
"6420",6419,"37_27_51",36.0205984161905,-81.6893577769219
"6421",6420,"37_75_47",35.4302914887794,-83.8921583328471
"6422",6421,"37_75_47",35.4296646701031,-83.8850461172089
"6423",6422,"37_75_47",35.4246822825519,-83.8871853202254
"6424",6423,"37_75_47",35.4304892457672,-83.8850572551835
"6425",6424,"37_75_47",35.4239764423593,-83.8902858894453
"6426",6425,"37_75_47",35.4262540902756,-83.8781803786111
"6427",6426,"37_75_47",35.4245225128876,-83.8917113865839
"6428",6427,"37_75_47",35.4353219311586,-83.8802308320892
"6429",6428,"37_75_47",35.4226574703988,-83.8982445086721
"6430",6429,"37_75_47",35.4247807451611,-83.8891951230914
"6431",6430,"37_173_5",35.4865231569103,-83.4061383649763
"6432",6431,"37_173_5",35.4834174843739,-83.4109430359918
"6433",6432,"37_173_5",35.4770890709921,-83.4079868059156
"6434",6433,"37_173_5",35.4891150155589,-83.4025000660461
"6435",6434,"37_173_5",35.4994012160861,-83.4088924850227
"6436",6435,"37_173_5",35.4823668746887,-83.4101849974365
"6437",6436,"37_173_5",35.4834917588755,-83.3965680568343
"6438",6437,"37_173_5",35.4971137848428,-83.3917574830734
"6439",6438,"37_173_5",35.4781911594344,-83.4092716853431
"6440",6439,"37_173_5",35.4887531999139,-83.4178405196497
"6441",6440,"37_21_90",35.5137233752547,-82.6259719611973
"6442",6441,"37_21_90",35.5026038450244,-82.6344330070738
"6443",6442,"37_21_90",35.5031468115309,-82.6146713624769
"6444",6443,"37_21_90",35.4935869889318,-82.6154865175285
"6445",6444,"37_21_90",35.5014201930431,-82.6079396513445
"6446",6445,"37_21_90",35.5075318042863,-82.6349552553503
"6447",6446,"37_21_90",35.4981317064886,-82.6139273334118
"6448",6447,"37_21_90",35.4989127146076,-82.6354258292284
"6449",6448,"37_21_90",35.4931390551774,-82.6107551064781
"6450",6449,"37_21_90",35.4893043758084,-82.6248201462175
"6451",6450,"37_87_48",35.3938159389097,-82.8856275183838
"6452",6451,"37_87_48",35.4065947113932,-82.878085967677
"6453",6452,"37_87_48",35.4096852560667,-82.8650371430357
"6454",6453,"37_87_48",35.4010564733612,-82.8781235195608
"6455",6454,"37_87_48",35.4025215468031,-82.8793242167209
"6456",6455,"37_87_48",35.4073978329049,-82.8690377057331
"6457",6456,"37_87_48",35.4030877778343,-82.8755164362272
"6458",6457,"37_87_48",35.3925426441663,-82.8829969355849
"6459",6458,"37_87_48",35.4091107894664,-82.8623478377025
"6460",6459,"37_87_48",35.4086327512802,-82.8776001965382
"6461",6460,"37_113_24",35.2257582113505,-83.2505035918846
"6462",6461,"37_113_24",35.2367202385657,-83.2367914479295
"6463",6462,"37_113_24",35.227366249241,-83.2406182577489
"6464",6463,"37_113_24",35.2413579875822,-83.2443457726722
"6465",6464,"37_113_24",35.2275451119466,-83.238634637608
"6466",6465,"37_113_24",35.2367308495213,-83.2245615366644
"6467",6466,"37_113_24",35.2228877284017,-83.237529054944
"6468",6467,"37_113_24",35.2315570896539,-83.2336772420317
"6469",6468,"37_113_24",35.241512777017,-83.2259076806453
"6470",6469,"37_113_24",35.2436108605403,-83.2475331981737
"6471",6470,"37_43_8",35.0091978293785,-83.841284172828
"6472",6471,"37_43_8",35.0169845943647,-83.8500247949037
"6473",6472,"37_43_8",35.019684007111,-83.8542737595584
"6474",6473,"37_43_8",35.0168730675848,-83.8535592250607
"6475",6474,"37_43_8",35.0084622838429,-83.8468041635544
"6476",6475,"37_43_8",35.0136992888622,-83.8440759921757
"6477",6476,"37_43_8",35.0046321120937,-83.8515030146899
"6478",6477,"37_43_8",35.0096585752096,-83.8469746153887
"6479",6478,"37_43_8",35.0143913630398,-83.8616080171598
"6480",6479,"37_43_8",35.0011541321416,-83.8630961248971
"6481",6480,"37_175_13",35.3167087629342,-82.7437288882442
"6482",6481,"37_175_13",35.308468814871,-82.7561250893948
"6483",6482,"37_175_13",35.3059900585721,-82.7559046729174
"6484",6483,"37_175_13",35.3206868675615,-82.7566762919019
"6485",6484,"37_175_13",35.3069126782766,-82.755825670507
"6486",6485,"37_175_13",35.3029046304722,-82.7517980985603
"6487",6486,"37_175_13",35.3128451103972,-82.7593061466539
"6488",6487,"37_175_13",35.3060998790956,-82.7540005331125
"6489",6488,"37_175_13",35.2997430459609,-82.756275686634
"6490",6489,"37_175_13",35.3152803519037,-82.7451339106291
"6491",6490,"37_23_7",35.9542793482585,-81.847072439686
"6492",6491,"37_23_7",35.9468140559147,-81.8357402349576
"6493",6492,"37_23_7",35.9407296465533,-81.8477650583112
"6494",6493,"37_23_7",35.952609256984,-81.8269365767221
"6495",6494,"37_23_7",35.9475994602834,-81.837833380593
"6496",6495,"37_23_7",35.943908412716,-81.8430300285799
"6497",6496,"37_23_7",35.9356159593259,-81.8423397168276
"6498",6497,"37_23_7",35.9476878634937,-81.8320283271896
"6499",6498,"37_23_7",35.9342199363563,-81.8415477908226
"6500",6499,"37_23_7",35.9369401163507,-81.8412168727174
"6501",6500,"21_147_28",36.9445764483562,-84.3916105486039
"6502",6501,"21_147_28",36.9468041876809,-84.4091049714813
"6503",6502,"21_147_28",36.9318900025148,-84.3956705889231
"6504",6503,"21_147_28",36.9447687857594,-84.3953977319951
"6505",6504,"21_147_28",36.9428056728914,-84.4025477043393
"6506",6505,"21_147_28",36.9471647110871,-84.4012492005299
"6507",6506,"21_147_28",36.94916712928,-84.3940020126072
"6508",6507,"21_147_28",36.9560911168457,-84.4011919986922
"6509",6508,"21_147_28",36.9460656642702,-84.3946866855194
"6510",6509,"21_147_28",36.941386606692,-84.3889247064481
"6511",6510,"21_147_25",36.7882063308738,-84.4585243731787
"6512",6511,"21_147_25",36.7962321530352,-84.4591892007467
"6513",6512,"21_147_25",36.7872382780246,-84.4457664192677
"6514",6513,"21_147_25",36.7853224286429,-84.4507683382178
"6515",6514,"21_147_25",36.7937092346094,-84.4505493589407
"6516",6515,"21_147_25",36.7813339190336,-84.4479258051297
"6517",6516,"21_147_25",36.7890279628482,-84.4587594441562
"6518",6517,"21_147_25",36.7961276758576,-84.4633037813747
"6519",6518,"21_147_25",36.7903323804412,-84.4562969600716
"6520",6519,"21_147_25",36.7938088732433,-84.4454825749294
"6521",6520,"37_173_85",35.6536084903595,-83.3397529103038
"6522",6521,"37_173_85",35.6598360353551,-83.3390235934444
"6523",6522,"37_173_85",35.6636541140945,-83.3213925000679
"6524",6523,"37_173_85",35.6640421084603,-83.3513432186457
"6525",6524,"37_173_85",35.6601376606337,-83.3352756227056
"6526",6525,"37_173_85",35.6696036256863,-83.3401088427149
"6527",6526,"37_173_85",35.6581094614303,-83.3269208120763
"6528",6527,"37_173_85",35.6614162856142,-83.3397316805403
"6529",6528,"37_173_85",35.646651225298,-83.3350740925492
"6530",6529,"37_173_85",35.6615099943927,-83.3375022355664
"6531",6530,"37_173_86",35.6262953093823,-83.3786909797877
"6532",6531,"37_173_86",35.6219317473539,-83.3735032081403
"6533",6532,"37_173_86",35.6303314272837,-83.3831788589463
"6534",6533,"37_173_86",35.6235470572602,-83.3810948864216
"6535",6534,"37_173_86",35.6274183078325,-83.3885486498687
"6536",6535,"37_173_86",35.6243601265716,-83.3698992656833
"6537",6536,"37_173_86",35.6250187972677,-83.3782159333884
"6538",6537,"37_173_86",35.6293717944718,-83.3973756861659
"6539",6538,"37_173_86",35.6267820955153,-83.3849536797226
"6540",6539,"37_173_86",35.6223849854388,-83.3726602573383
"6541",6540,"37_121_12",36.0990441656408,-82.1086637607598
"6542",6541,"37_121_12",36.0986492803062,-82.104371783903
"6543",6542,"37_121_12",36.0906998651413,-82.1081006012911
"6544",6543,"37_121_12",36.0965807721159,-82.1063507206325
"6545",6544,"37_121_12",36.1007998503921,-82.0985952280864
"6546",6545,"37_121_12",36.091704666216,-82.0903543504874
"6547",6546,"37_121_12",36.0914059179439,-82.0955655085829
"6548",6547,"37_121_12",36.0975091276217,-82.1053826893709
"6549",6548,"37_121_12",36.1067461270571,-82.095222599465
"6550",6549,"37_121_12",36.0993539579609,-82.1128770130349
"6551",6550,"37_11_2",36.0158360624819,-81.8112920683316
"6552",6551,"37_11_2",36.0242054950469,-81.8191086525995
"6553",6552,"37_11_2",36.025361832612,-81.8045274891825
"6554",6553,"37_11_2",36.0263378311103,-81.8082649203908
"6555",6554,"37_11_2",36.0240188593644,-81.8102040327865
"6556",6555,"37_11_2",36.0361630089614,-81.7975520314094
"6557",6556,"37_11_2",36.0188968758856,-81.8076989539528
"6558",6557,"37_11_2",36.0273919327499,-81.7974624720174
"6559",6558,"37_11_2",36.0271095549743,-81.8088711115496
"6560",6559,"37_11_2",36.0336452539549,-81.8143113061474
"6561",6560,"37_11_9",35.9847596540279,-81.8118224398905
"6562",6561,"37_11_9",35.9841033471356,-81.8166303383181
"6563",6562,"37_11_9",35.9840151744262,-81.8125249629315
"6564",6563,"37_11_9",35.9780455093829,-81.8037907814045
"6565",6564,"37_11_9",35.9845607382491,-81.8248127633825
"6566",6565,"37_11_9",35.9711148661847,-81.8085229332817
"6567",6566,"37_11_9",35.9866132556321,-81.8102355045593
"6568",6567,"37_11_9",35.9843888437306,-81.808430162815
"6569",6568,"37_11_9",35.9942303971324,-81.8016632891502
"6570",6569,"37_11_9",35.988413388264,-81.8232723116948
"6571",6570,"21_199_1",37.0493702549362,-84.3231975339602
"6572",6571,"21_199_1",37.0509981050101,-84.3178099491485
"6573",6572,"21_199_1",37.0529971292514,-84.3219678955708
"6574",6573,"21_199_1",37.0682142223639,-84.3230476997993
"6575",6574,"21_199_1",37.0484478944702,-84.3102144663548
"6576",6575,"21_199_1",37.0548065833763,-84.3228829700508
"6577",6576,"21_199_1",37.0556721460666,-84.3240861760758
"6578",6577,"21_199_1",37.0608137318892,-84.3127608416026
"6579",6578,"21_199_1",37.051593370077,-84.3345068390909
"6580",6579,"21_199_1",37.0507185430878,-84.314461424235
"6581",6580,"21_147_17",36.8230201209423,-84.5656278888849
"6582",6581,"21_147_17",36.8264719621186,-84.5812770202537
"6583",6582,"21_147_17",36.8126962887671,-84.5729906987722
"6584",6583,"21_147_17",36.8162374129595,-84.5666060945848
"6585",6584,"21_147_17",36.8163946917483,-84.5624146312572
"6586",6585,"21_147_17",36.8210808102359,-84.5760370456557
"6587",6586,"21_147_17",36.809130392339,-84.5771747506088
"6588",6587,"21_147_17",36.8124911011439,-84.5551757816065
"6589",6588,"21_147_17",36.8163709662537,-84.5696947642643
"6590",6589,"21_147_17",36.8238429855574,-84.5608418482122
"6591",6590,"21_189_5",37.3812402003126,-83.613907926407
"6592",6591,"21_189_5",37.3874333694343,-83.6235385302441
"6593",6592,"21_189_5",37.3812016367615,-83.6063519923506
"6594",6593,"21_189_5",37.3733414189477,-83.6035185352049
"6595",6594,"21_189_5",37.3830296863559,-83.6111934294718
"6596",6595,"21_189_5",37.3907707745744,-83.6050152509655
"6597",6596,"21_189_5",37.390892524111,-83.6214595068517
"6598",6597,"21_189_5",37.3845854569228,-83.6052045479439
"6599",6598,"21_189_5",37.3770132825808,-83.6189292031534
"6600",6599,"21_189_5",37.3787363279477,-83.6197353288674
"6601",6600,"21_205_30",38.2936742349059,-83.4679260054266
"6602",6601,"21_205_30",38.2846219499316,-83.4601613468071
"6603",6602,"21_205_30",38.274969524777,-83.4854044098179
"6604",6603,"21_205_30",38.2845229402279,-83.4891625794027
"6605",6604,"21_205_30",38.2908848717481,-83.4836696489438
"6606",6605,"21_205_30",38.2896885401527,-83.4810705229296
"6607",6606,"21_205_30",38.2921925365995,-83.4745798991895
"6608",6607,"21_205_30",38.2902443387969,-83.4758151723128
"6609",6608,"21_205_30",38.2962974635553,-83.4809647624276
"6610",6609,"21_205_30",38.2859286366832,-83.4815379225218
"6611",6610,"21_51_38",37.2813756596138,-83.589712295208
"6612",6611,"21_51_38",37.2785013122627,-83.5819896520869
"6613",6612,"21_51_38",37.2923710633292,-83.5961896882856
"6614",6613,"21_51_38",37.2843781015596,-83.5931862287711
"6615",6614,"21_51_38",37.2794115162806,-83.5745450220281
"6616",6615,"21_51_38",37.2810352161238,-83.5850612562673
"6617",6616,"21_51_38",37.2942333011299,-83.5800019511998
"6618",6617,"21_51_38",37.2813633087634,-83.5867142309949
"6619",6618,"21_51_38",37.2901122515305,-83.5978120931925
"6620",6619,"21_51_38",37.2782864308866,-83.6027960646192
"6621",6620,"21_147_34",36.8498593139612,-84.4662779691548
"6622",6621,"21_147_34",36.8464391717266,-84.4668752511072
"6623",6622,"21_147_34",36.8396458989806,-84.4734156950232
"6624",6623,"21_147_34",36.8347750305556,-84.48532684074
"6625",6624,"21_147_34",36.8422912199157,-84.4750742269998
"6626",6625,"21_147_34",36.8367434241732,-84.4702310549245
"6627",6626,"21_147_34",36.8390888026449,-84.4713791612572
"6628",6627,"21_147_34",36.8479650637123,-84.4835209371781
"6629",6628,"21_147_34",36.8402979494508,-84.487058179297
"6630",6629,"21_147_34",36.8399461755496,-84.4566427679557
"6631",6630,"21_205_19",38.1832631889258,-83.3844377229904
"6632",6631,"21_205_19",38.1842487492808,-83.3901522275224
"6633",6632,"21_205_19",38.1745409404754,-83.3791715323087
"6634",6633,"21_205_19",38.1812497763999,-83.3863344084287
"6635",6634,"21_205_19",38.1764655412795,-83.3782425403889
"6636",6635,"21_205_19",38.1825049281624,-83.3839395452536
"6637",6636,"21_205_19",38.1757345848753,-83.3757333582845
"6638",6637,"21_205_19",38.1803578857646,-83.3919106112672
"6639",6638,"21_205_19",38.1794188017766,-83.3948643033164
"6640",6639,"21_205_19",38.1855199280275,-83.3697488813433
"6641",6640,"21_131_26",37.0326617760791,-83.469151833674
"6642",6641,"21_131_26",37.0352737960985,-83.4563474778261
"6643",6642,"21_131_26",37.0341355377131,-83.4690806009775
"6644",6643,"21_131_26",37.0415226313487,-83.466698703452
"6645",6644,"21_131_26",37.0314057330387,-83.4581670115805
"6646",6645,"21_131_26",37.0344123214275,-83.4740268282689
"6647",6646,"21_131_26",37.0364234134475,-83.4718775922305
"6648",6647,"21_131_26",37.0465106446894,-83.4799294245234
"6649",6648,"21_131_26",37.0324709858685,-83.4652538201763
"6650",6649,"21_131_26",37.0409321797519,-83.4588680286234
"6651",6650,"21_205_3",38.3153596155357,-83.4206368153829
"6652",6651,"21_205_3",38.3128838206955,-83.4197125644849
"6653",6652,"21_205_3",38.3179894486306,-83.4241395123367
"6654",6653,"21_205_3",38.3143747596337,-83.4145090466757
"6655",6654,"21_205_3",38.3278686412604,-83.4134214426631
"6656",6655,"21_205_3",38.3163454054843,-83.4211961276764
"6657",6656,"21_205_3",38.3310265484078,-83.4186156914457
"6658",6657,"21_205_3",38.3263676791507,-83.4291637408221
"6659",6658,"21_205_3",38.3187722505142,-83.4222947588915
"6660",6659,"21_205_3",38.3222637290105,-83.4250650990395
"6661",6660,"21_165_12",37.9871751426506,-83.6680948650276
"6662",6661,"21_165_12",37.977674588278,-83.6688757253991
"6663",6662,"21_165_12",37.9913263103516,-83.6686207739832
"6664",6663,"21_165_12",37.9903727844316,-83.662652922375
"6665",6664,"21_165_12",37.9869069929379,-83.6557204105815
"6666",6665,"21_165_12",37.9905617900411,-83.6785968051312
"6667",6666,"21_165_12",37.9794681985878,-83.6758639799221
"6668",6667,"21_165_12",37.9959862231529,-83.6685394751979
"6669",6668,"21_165_12",37.9878627979479,-83.6446688481162
"6670",6669,"21_165_12",37.993256216435,-83.6755883423916
"6671",6670,"21_189_6",37.4999322117165,-83.8550205839643
"6672",6671,"21_189_6",37.4839894871138,-83.8459242987031
"6673",6672,"21_189_6",37.4971897321774,-83.8552459138382
"6674",6673,"21_189_6",37.4932675405233,-83.8494854809319
"6675",6674,"21_189_6",37.4847829824933,-83.8629326366673
"6676",6675,"21_189_6",37.4845617094689,-83.850444788123
"6677",6676,"21_189_6",37.5006287727031,-83.8408423962276
"6678",6677,"21_189_6",37.4981607340808,-83.855906769439
"6679",6678,"21_189_6",37.4952116644301,-83.8598030770203
"6680",6679,"21_189_6",37.4937354977419,-83.8578802536395
"6681",6680,"21_131_19",37.2386961300941,-83.4225401287666
"6682",6681,"21_131_19",37.2420633003686,-83.4089899063726
"6683",6682,"21_131_19",37.2328462900266,-83.4106630527264
"6684",6683,"21_131_19",37.2496216925018,-83.4150985670632
"6685",6684,"21_131_19",37.2393878298196,-83.4093918193995
"6686",6685,"21_131_19",37.2375539825986,-83.4067974219379
"6687",6686,"21_131_19",37.2475887108856,-83.405091951693
"6688",6687,"21_131_19",37.2419397775434,-83.4143677168217
"6689",6688,"21_131_19",37.2348332309473,-83.4047551021457
"6690",6689,"21_131_19",37.230794505948,-83.4174913085757
"6691",6690,"21_131_4",37.0899133311083,-83.4754612949052
"6692",6691,"21_131_4",37.0717261734268,-83.465873145634
"6693",6692,"21_131_4",37.0896616600981,-83.4678354975158
"6694",6693,"21_131_4",37.0829024686775,-83.474004679527
"6695",6694,"21_131_4",37.0816519034732,-83.4799115788852
"6696",6695,"21_131_4",37.0779361545824,-83.464716022025
"6697",6696,"21_131_4",37.0811710453057,-83.4863612221687
"6698",6697,"21_131_4",37.0875908221698,-83.4704564019675
"6699",6698,"21_131_4",37.0801092550282,-83.4803547957182
"6700",6699,"21_131_4",37.0834600755259,-83.4810373548085
"6701",6700,"21_237_22",37.7803014937165,-83.6553451267143
"6702",6701,"21_237_22",37.7786424762588,-83.6718331529342
"6703",6702,"21_237_22",37.784121041206,-83.6504839733539
"6704",6703,"21_237_22",37.7784293922462,-83.6582387866137
"6705",6704,"21_237_22",37.7854406657491,-83.6633072944089
"6706",6705,"21_237_22",37.7759312589177,-83.6441173754899
"6707",6706,"21_237_22",37.7805079963047,-83.6547484438513
"6708",6707,"21_237_22",37.7797897294199,-83.6539155804309
"6709",6708,"21_237_22",37.7810390693835,-83.6656500204621
"6710",6709,"21_237_22",37.7787208692243,-83.6666928738773
"6711",6710,"21_51_49",37.1110687701704,-83.5971165565226
"6712",6711,"21_51_49",37.1100383522216,-83.5860774977222
"6713",6712,"21_51_49",37.1035521166161,-83.6027073074339
"6714",6713,"21_51_49",37.120808748588,-83.5917035087425
"6715",6714,"21_51_49",37.1175842157345,-83.5968580933927
"6716",6715,"21_51_49",37.1146380339193,-83.6000590111846
"6717",6716,"21_51_49",37.10442456543,-83.6032566543656
"6718",6717,"21_51_49",37.1135242978438,-83.5966256847313
"6719",6718,"21_51_49",37.1110005136897,-83.5931809719945
"6720",6719,"21_51_49",37.1139756473994,-83.5915600345041
"6721",6720,"21_165_16",38.0118503569818,-83.5578983788833
"6722",6721,"21_165_16",38.0115903696828,-83.5643932126369
"6723",6722,"21_165_16",38.0153306192985,-83.5660811333038
"6724",6723,"21_165_16",38.0202997494676,-83.5738585359992
"6725",6724,"21_165_16",38.0169811202552,-83.5683873372723
"6726",6725,"21_165_16",38.0132202764952,-83.5618445175143
"6727",6726,"21_165_16",38.0187043914896,-83.5607188460075
"6728",6727,"21_165_16",38.0152115795769,-83.5511303696034
"6729",6728,"21_165_16",38.0126314516414,-83.5645403830279
"6730",6729,"21_165_16",38.020537551006,-83.5681335545529
"6731",6730,"21_109_27",37.4683290560168,-83.9492177817227
"6732",6731,"21_109_27",37.4581063455566,-83.9501235368617
"6733",6732,"21_109_27",37.4779851846092,-83.9569593699427
"6734",6733,"21_109_27",37.4702129685987,-83.943789193237
"6735",6734,"21_109_27",37.463838866537,-83.9467247481178
"6736",6735,"21_109_27",37.4685553219948,-83.9457406757555
"6737",6736,"21_109_27",37.4709445088872,-83.9395359687082
"6738",6737,"21_109_27",37.4702823806888,-83.9406683295037
"6739",6738,"21_109_27",37.4807254770572,-83.9460948751486
"6740",6739,"21_109_27",37.4689520858066,-83.9460708442055
"6741",6740,"21_205_57",38.1370373143693,-83.3775645146724
"6742",6741,"21_205_57",38.1341454746363,-83.3711478484087
"6743",6742,"21_205_57",38.1294220331429,-83.3624140121005
"6744",6743,"21_205_57",38.1426627651224,-83.3815987581779
"6745",6744,"21_205_57",38.1337054029988,-83.3533017495014
"6746",6745,"21_205_57",38.1273439622251,-83.3583794171612
"6747",6746,"21_205_57",38.1399368989358,-83.3593575841177
"6748",6747,"21_205_57",38.1336553537509,-83.3679959378773
"6749",6748,"21_205_57",38.1371271274362,-83.3694255092955
"6750",6749,"21_205_57",38.1355954347805,-83.385299707749
"6751",6750,"21_51_52",37.1818747447579,-83.6672022848683
"6752",6751,"21_51_52",37.1853547047522,-83.6734352533449
"6753",6752,"21_51_52",37.1810641629881,-83.6732134766319
"6754",6753,"21_51_52",37.1873008919602,-83.6632718306668
"6755",6754,"21_51_52",37.1831304114853,-83.6753005563683
"6756",6755,"21_51_52",37.188288202265,-83.6786323398473
"6757",6756,"21_51_52",37.1831442864383,-83.6754557642959
"6758",6757,"21_51_52",37.1880950832289,-83.6737886440772
"6759",6758,"21_51_52",37.1806391508042,-83.66753998033
"6760",6759,"21_51_52",37.1804745729327,-83.6656182076066
"6761",6760,"21_131_5",37.0395337382558,-83.5395803872022
"6762",6761,"21_131_5",37.0470121861145,-83.5366431923728
"6763",6762,"21_131_5",37.0404267215916,-83.529061630442
"6764",6763,"21_131_5",37.0564812348606,-83.5481047729483
"6765",6764,"21_131_5",37.0351889176304,-83.5341909037869
"6766",6765,"21_131_5",37.0464358090911,-83.5259895821921
"6767",6766,"21_131_5",37.038076217873,-83.5487391262431
"6768",6767,"21_131_5",37.0520339112415,-83.5408775193412
"6769",6768,"21_131_5",37.0473115007603,-83.5377382914464
"6770",6769,"21_131_5",37.040557338971,-83.5498952514488
"6771",6770,"21_11_31",38.1522270402643,-83.7537741837978
"6772",6771,"21_11_31",38.1520238339002,-83.7560562897036
"6773",6772,"21_11_31",38.1533983870423,-83.7525624478678
"6774",6773,"21_11_31",38.1543977030204,-83.7537124338957
"6775",6774,"21_11_31",38.1424584709746,-83.7625763612017
"6776",6775,"21_11_31",38.1467683246637,-83.7557266885168
"6777",6776,"21_11_31",38.1485684091181,-83.7425694426425
"6778",6777,"21_11_31",38.1478869376838,-83.7612940217915
"6779",6778,"21_11_31",38.1539211875217,-83.7618560774774
"6780",6779,"21_11_31",38.1534520483408,-83.749116523073
"6781",6780,"21_199_65",37.0272304505975,-84.3524851081119
"6782",6781,"21_199_65",37.0222154928172,-84.3753298608984
"6783",6782,"21_199_65",37.0242418421318,-84.366499382991
"6784",6783,"21_199_65",37.0244539489481,-84.3641725908796
"6785",6784,"21_199_65",37.0195080226462,-84.3772273186311
"6786",6785,"21_199_65",37.0187714857277,-84.3784875309412
"6787",6786,"21_199_65",37.0241530014368,-84.3620195408467
"6788",6787,"21_199_65",37.0233367841123,-84.3568431163116
"6789",6788,"21_199_65",37.0267668585961,-84.369578029842
"6790",6789,"21_199_65",37.0194941523382,-84.3568765221298
"6791",6790,"21_205_27",38.1939798411125,-83.4192807974046
"6792",6791,"21_205_27",38.2036658979004,-83.4078120436956
"6793",6792,"21_205_27",38.1963833132166,-83.413039479846
"6794",6793,"21_205_27",38.1947058225236,-83.4235033750603
"6795",6794,"21_205_27",38.2012272273746,-83.4096127996925
"6796",6795,"21_205_27",38.2028547117265,-83.404680062664
"6797",6796,"21_205_27",38.2036274757961,-83.4229854093685
"6798",6797,"21_205_27",38.1940344258572,-83.4195959179003
"6799",6798,"21_205_27",38.1895061188287,-83.4293795131634
"6800",6799,"21_205_27",38.1848142542842,-83.4268193134041
"6801",6800,"21_147_16",36.8411385839456,-84.5294983787234
"6802",6801,"21_147_16",36.8458144509696,-84.53535324871
"6803",6802,"21_147_16",36.8436843591624,-84.5318317041483
"6804",6803,"21_147_16",36.842700811924,-84.5240754612914
"6805",6804,"21_147_16",36.8305230140879,-84.5351323260343
"6806",6805,"21_147_16",36.8325702872776,-84.5312348893009
"6807",6806,"21_147_16",36.8448337291275,-84.5346764081463
"6808",6807,"21_147_16",36.8474118739257,-84.535111063733
"6809",6808,"21_147_16",36.8359905844962,-84.5205617862585
"6810",6809,"21_147_16",36.8488647985495,-84.5284386651693
"6811",6810,"21_199_70",36.9591551478846,-84.3559383091199
"6812",6811,"21_199_70",36.9821753185913,-84.3604293537739
"6813",6812,"21_199_70",36.9650912706206,-84.354619082926
"6814",6813,"21_199_70",36.9708456046257,-84.3560444556165
"6815",6814,"21_199_70",36.9714166078264,-84.3548978534461
"6816",6815,"21_199_70",36.9689343645771,-84.3615210441671
"6817",6816,"21_199_70",36.9728918999633,-84.3428788023817
"6818",6817,"21_199_70",36.9748774791717,-84.3668328706377
"6819",6818,"21_199_70",36.9694955127232,-84.3542871687743
"6820",6819,"21_199_70",36.9661032096256,-84.3461935791351
"6821",6820,"21_125_43",37.225248739248,-84.2079424467125
"6822",6821,"21_125_43",37.2306377930435,-84.206499500597
"6823",6822,"21_125_43",37.2272199036776,-84.2134540255545
"6824",6823,"21_125_43",37.2311988811689,-84.2221571418393
"6825",6824,"21_125_43",37.2295778860267,-84.2139120652696
"6826",6825,"21_125_43",37.2352804297053,-84.2140761310868
"6827",6826,"21_125_43",37.2314456524498,-84.2229213069937
"6828",6827,"21_125_43",37.2283155839029,-84.1986377039089
"6829",6828,"21_125_43",37.2316270787025,-84.2058461664276
"6830",6829,"21_125_43",37.2329093725314,-84.2058764963394
"6831",6830,"21_237_11",37.7929287061342,-83.5604017734576
"6832",6831,"21_237_11",37.8033157295931,-83.552468498217
"6833",6832,"21_237_11",37.7912945799141,-83.5489298514876
"6834",6833,"21_237_11",37.7950982939376,-83.5570369330406
"6835",6834,"21_237_11",37.8034889110916,-83.5616715173156
"6836",6835,"21_237_11",37.7853516273217,-83.5621460459382
"6837",6836,"21_237_11",37.7958731310518,-83.5587931414958
"6838",6837,"21_237_11",37.8020960446017,-83.5584456382721
"6839",6838,"21_237_11",37.7932667926729,-83.5500254655865
"6840",6839,"21_237_11",37.7980851255428,-83.562276748184
"6841",6840,"21_147_31",36.8954289573062,-84.3666604421773
"6842",6841,"21_147_31",36.9000013596534,-84.3769626028444
"6843",6842,"21_147_31",36.8932620795097,-84.363072103234
"6844",6843,"21_147_31",36.8856558152045,-84.3769411585792
"6845",6844,"21_147_31",36.9047950572291,-84.380400899173
"6846",6845,"21_147_31",36.8888576104668,-84.3708932443766
"6847",6846,"21_147_31",36.8947825937407,-84.3676871560204
"6848",6847,"21_147_31",36.9009581483531,-84.3663360529459
"6849",6848,"21_147_31",36.8970515359896,-84.3730427632084
"6850",6849,"21_147_31",36.8917439032213,-84.3760302018674
"6851",6850,"21_51_51",37.2343971722514,-83.6696565954426
"6852",6851,"21_51_51",37.2340955274944,-83.68442848839
"6853",6852,"21_51_51",37.2254956389044,-83.6675382946821
"6854",6853,"21_51_51",37.2359648585521,-83.684709125115
"6855",6854,"21_51_51",37.2255685097863,-83.6813769315534
"6856",6855,"21_51_51",37.2292157634465,-83.6681172176575
"6857",6856,"21_51_51",37.2302339739518,-83.6785167093466
"6858",6857,"21_51_51",37.2290678019678,-83.682739095876
"6859",6858,"21_51_51",37.2263998585642,-83.6790817728089
"6860",6859,"21_51_51",37.2263665463766,-83.6883369754873
"6861",6860,"21_125_41",37.0222257796035,-84.2640457582736
"6862",6861,"21_125_41",37.0385751386758,-84.2737984522851
"6863",6862,"21_125_41",37.0377435131985,-84.28515202533
"6864",6863,"21_125_41",37.0317102993253,-84.2641773946767
"6865",6864,"21_125_41",37.0327067349553,-84.2707532142673
"6866",6865,"21_125_41",37.028846373379,-84.2689816534843
"6867",6866,"21_125_41",37.0334038775621,-84.2813980928625
"6868",6867,"21_125_41",37.0233810084873,-84.2569250584161
"6869",6868,"21_125_41",37.0274707612593,-84.2653775938765
"6870",6869,"21_125_41",37.0313048211373,-84.2777003562634
"6871",6870,"21_175_4",38.0415631883221,-83.3650679682285
"6872",6871,"21_175_4",38.0403640303626,-83.3584578495009
"6873",6872,"21_175_4",38.0411418063675,-83.3600898420225
"6874",6873,"21_175_4",38.0397980200465,-83.3592343278882
"6875",6874,"21_175_4",38.0506950820289,-83.3556146769791
"6876",6875,"21_175_4",38.0512806401316,-83.3643443370208
"6877",6876,"21_175_4",38.0484364503517,-83.3587981052013
"6878",6877,"21_175_4",38.0394547738572,-83.3542229039148
"6879",6878,"21_175_4",38.041890701632,-83.3440158778241
"6880",6879,"21_175_4",38.0339706734572,-83.3582293882851
"6881",6880,"21_11_32",38.0461749465448,-83.6807148167135
"6882",6881,"21_11_32",38.0468937357486,-83.6686456875573
"6883",6882,"21_11_32",38.0433217613367,-83.6574666155136
"6884",6883,"21_11_32",38.0407304212389,-83.6851496446851
"6885",6884,"21_11_32",38.0467114340969,-83.6698838123795
"6886",6885,"21_11_32",38.0558225642828,-83.6723557410425
"6887",6886,"21_11_32",38.0422962366954,-83.6737844329346
"6888",6887,"21_11_32",38.0506440995911,-83.6722841533382
"6889",6888,"21_11_32",38.035188482122,-83.6779786573969
"6890",6889,"21_11_32",38.0379658884587,-83.6754005804982
"6891",6890,"21_197_13",37.8278698841838,-83.6758591395057
"6892",6891,"21_197_13",37.8329856918412,-83.6657035545134
"6893",6892,"21_197_13",37.8248773734802,-83.6717944471488
"6894",6893,"21_197_13",37.8198175599024,-83.6537328425907
"6895",6894,"21_197_13",37.8270907685424,-83.6710794238292
"6896",6895,"21_197_13",37.8220833639814,-83.6613452116628
"6897",6896,"21_197_13",37.8144920690559,-83.6642501565627
"6898",6897,"21_197_13",37.8234953234478,-83.673694181643
"6899",6898,"21_197_13",37.8290043143494,-83.661919041393
"6900",6899,"21_197_13",37.8349484356522,-83.6753220177472
"6901",6900,"21_235_41",36.7482183830107,-84.2961264876063
"6902",6901,"21_235_41",36.7409784993606,-84.2734060046358
"6903",6902,"21_235_41",36.7280144793436,-84.2872455743148
"6904",6903,"21_235_41",36.7444983600471,-84.2770886263269
"6905",6904,"21_235_41",36.7280232418787,-84.2789130668759
"6906",6905,"21_235_41",36.737649529519,-84.2966118966728
"6907",6906,"21_235_41",36.7507174447656,-84.2980218408904
"6908",6907,"21_235_41",36.7438302708967,-84.2817038638634
"6909",6908,"21_235_41",36.7453758951239,-84.2785660246721
"6910",6909,"21_235_41",36.7389136840094,-84.2806218901446
"6911",6910,"21_147_37",36.6621522514219,-84.6330058482476
"6912",6911,"21_147_37",36.6593449406857,-84.6358967546606
"6913",6912,"21_147_37",36.6613735152464,-84.6344610330922
"6914",6913,"21_147_37",36.6627242098013,-84.6248714056273
"6915",6914,"21_147_37",36.6609691556833,-84.6387092092568
"6916",6915,"21_147_37",36.6744562830607,-84.6330138726943
"6917",6916,"21_147_37",36.6733828187095,-84.6394224686003
"6918",6917,"21_147_37",36.670369388451,-84.6406829392366
"6919",6918,"21_147_37",36.6668710753097,-84.6500546514247
"6920",6919,"21_147_37",36.6608676014494,-84.6359343940123
"6921",6920,"21_199_53",36.9236775493909,-84.5184968697378
"6922",6921,"21_199_53",36.9197885305135,-84.5039901185259
"6923",6922,"21_199_53",36.9332723886206,-84.4906788326145
"6924",6923,"21_199_53",36.9280960820308,-84.4901863482
"6925",6924,"21_199_53",36.9157525077925,-84.5052202344251
"6926",6925,"21_199_53",36.9226554050761,-84.4871116425236
"6927",6926,"21_199_53",36.9267172112824,-84.5055355248836
"6928",6927,"21_199_53",36.9309459833656,-84.498915416337
"6929",6928,"21_199_53",36.9169764854044,-84.4968015848318
"6930",6929,"21_199_53",36.9326000452662,-84.5058952339435
"6931",6930,"21_147_21",36.6848124249424,-84.5857247247248
"6932",6931,"21_147_21",36.6942132487723,-84.5718964801005
"6933",6932,"21_147_21",36.7001037219818,-84.5874291692525
"6934",6933,"21_147_21",36.6817626402078,-84.5903137143563
"6935",6934,"21_147_21",36.6847984558515,-84.5998787477818
"6936",6935,"21_147_21",36.6894951663534,-84.5893129651305
"6937",6936,"21_147_21",36.6854178976732,-84.5888613117485
"6938",6937,"21_147_21",36.6834247330073,-84.5910687850049
"6939",6938,"21_147_21",36.6857668349972,-84.5760271451022
"6940",6939,"21_147_21",36.6898649274048,-84.5876937087731
"6941",6940,"21_147_10",36.6331891989305,-84.30304234717
"6942",6941,"21_147_10",36.6256286807764,-84.310423962037
"6943",6942,"21_147_10",36.6157964176035,-84.3108439020234
"6944",6943,"21_147_10",36.6325490182051,-84.3009498112515
"6945",6944,"21_147_10",36.613643729968,-84.3228704591241
"6946",6945,"21_147_10",36.6237580112014,-84.3181713555315
"6947",6946,"21_147_10",36.625733437067,-84.3097534803431
"6948",6947,"21_147_10",36.6143434468785,-84.3082319891242
"6949",6948,"21_147_10",36.6290214700025,-84.3148099595179
"6950",6949,"21_147_10",36.6221202042263,-84.3109640270125
"6951",6950,"21_147_19",36.7057761104968,-84.439177956571
"6952",6951,"21_147_19",36.6988679590921,-84.4379010254369
"6953",6952,"21_147_19",36.7031780777088,-84.435609606239
"6954",6953,"21_147_19",36.7156667152805,-84.4311961132333
"6955",6954,"21_147_19",36.7056799087555,-84.4541403839132
"6956",6955,"21_147_19",36.7150211124317,-84.4372903878328
"6957",6956,"21_147_19",36.7047827674994,-84.4384320704381
"6958",6957,"21_147_19",36.7044588234577,-84.4315913792209
"6959",6958,"21_147_19",36.7060387574623,-84.4342686123819
"6960",6959,"21_147_19",36.7154388819063,-84.4440654598408
"6961",6960,"21_237_18",37.8038293694882,-83.6106861432657
"6962",6961,"21_237_18",37.7991179995372,-83.6121936407318
"6963",6962,"21_237_18",37.7940931649541,-83.6152289512706
"6964",6963,"21_237_18",37.7992447056107,-83.6159845662929
"6965",6964,"21_237_18",37.793042403241,-83.6233916283199
"6966",6965,"21_237_18",37.7910023594465,-83.6009637157307
"6967",6966,"21_237_18",37.8113681518025,-83.6111084397775
"6968",6967,"21_237_18",37.8023931467723,-83.6073867249708
"6969",6968,"21_237_18",37.7919511257585,-83.6112118777392
"6970",6969,"21_237_18",37.8067582124291,-83.6123295482065
"6971",6970,"21_125_13",37.0809601730982,-84.2647950793328
"6972",6971,"21_125_13",37.0992872232438,-84.2735342870257
"6973",6972,"21_125_13",37.0913223286059,-84.2849892657505
"6974",6973,"21_125_13",37.080536026154,-84.2730302843219
"6975",6974,"21_125_13",37.085089282531,-84.2715540436294
"6976",6975,"21_125_13",37.0881635857551,-84.2707934271896
"6977",6976,"21_125_13",37.0886451788281,-84.2641120884126
"6978",6977,"21_125_13",37.0895858102048,-84.2696520224932
"6979",6978,"21_125_13",37.0978656336517,-84.2700514351344
"6980",6979,"21_125_13",37.0862349160927,-84.2697522850706
"6981",6980,"21_131_17",37.1071824662337,-83.4310566778306
"6982",6981,"21_131_17",37.1064318810786,-83.4326149554258
"6983",6982,"21_131_17",37.1077319394917,-83.4303859415621
"6984",6983,"21_131_17",37.1177754462375,-83.4392908369489
"6985",6984,"21_131_17",37.1083117659953,-83.4287037252519
"6986",6985,"21_131_17",37.1002215349332,-83.4401428976668
"6987",6986,"21_131_17",37.1004185755707,-83.4331644767377
"6988",6987,"21_131_17",37.1061227590184,-83.4336008348747
"6989",6988,"21_131_17",37.1155344263843,-83.4185727808208
"6990",6989,"21_131_17",37.1107032511178,-83.4302754630614
"6991",6990,"21_237_8",37.7711692942634,-83.5956268972952
"6992",6991,"21_237_8",37.7581622316757,-83.6025639777596
"6993",6992,"21_237_8",37.7630393058473,-83.6025228783866
"6994",6993,"21_237_8",37.7675828006136,-83.5965741437969
"6995",6994,"21_237_8",37.7706848710491,-83.5989463021129
"6996",6995,"21_237_8",37.7585875757064,-83.6025597610397
"6997",6996,"21_237_8",37.779318773349,-83.6046529745665
"6998",6997,"21_237_8",37.7600628846884,-83.6111928231913
"6999",6998,"21_237_8",37.7585027938202,-83.5895883645495
"7000",6999,"21_237_8",37.7589933541558,-83.6002182610822
"7001",7000,"21_109_37",37.3854912472461,-84.141439978201
"7002",7001,"21_109_37",37.3811928643145,-84.1425190141274
"7003",7002,"21_109_37",37.3960418321938,-84.1485327099765
"7004",7003,"21_109_37",37.375916641776,-84.1454593124177
"7005",7004,"21_109_37",37.383380478676,-84.1476530697057
"7006",7005,"21_109_37",37.3881150014575,-84.1476658439836
"7007",7006,"21_109_37",37.38235888931,-84.148641555544
"7008",7007,"21_109_37",37.3928698697369,-84.1575555298666
"7009",7008,"21_109_37",37.3947344015276,-84.1551918295223
"7010",7009,"21_109_37",37.3932650135579,-84.1416793817833
"7011",7010,"21_147_44",36.7812761564063,-84.396381332249
"7012",7011,"21_147_44",36.7753620234464,-84.3942768066438
"7013",7012,"21_147_44",36.7751068191516,-84.4096662685454
"7014",7013,"21_147_44",36.7769155774559,-84.4138753594378
"7015",7014,"21_147_44",36.7723630409412,-84.4039333486912
"7016",7015,"21_147_44",36.7780218958913,-84.4050892965148
"7017",7016,"21_147_44",36.7727355842554,-84.3876182517451
"7018",7017,"21_147_44",36.7802668194328,-84.3970635548016
"7019",7018,"21_147_44",36.7853931095199,-84.4061622873921
"7020",7019,"21_147_44",36.7835787956535,-84.3970241980801
"7021",7020,"21_147_40",36.8801325088474,-84.3158074694621
"7022",7021,"21_147_40",36.8784548482173,-84.3307301025599
"7023",7022,"21_147_40",36.8910131097493,-84.3257782197526
"7024",7023,"21_147_40",36.8817781966785,-84.3172946812223
"7025",7024,"21_147_40",36.8990865902828,-84.3364667217506
"7026",7025,"21_147_40",36.8763324317979,-84.3174947383088
"7027",7026,"21_147_40",36.8971236903755,-84.3356595232908
"7028",7027,"21_147_40",36.8959327921764,-84.316795194495
"7029",7028,"21_147_40",36.8942328792216,-84.3214183556422
"7030",7029,"21_147_40",36.8820491491839,-84.3300799091995
"7031",7030,"21_125_32",37.1434844442505,-84.2908850182352
"7032",7031,"21_125_32",37.1265094206599,-84.2821785273002
"7033",7032,"21_125_32",37.1303578024237,-84.2901641596563
"7034",7033,"21_125_32",37.122766724989,-84.2946675783786
"7035",7034,"21_125_32",37.1417690750186,-84.3032863971956
"7036",7035,"21_125_32",37.1284598887204,-84.2763196015846
"7037",7036,"21_125_32",37.133569555559,-84.2909133489258
"7038",7037,"21_125_32",37.1449203981617,-84.2820260432914
"7039",7038,"21_125_32",37.1347190834563,-84.2914506512172
"7040",7039,"21_125_32",37.1327372204298,-84.3051114930242
"7041",7040,"21_165_7",37.992294012463,-83.4910296634072
"7042",7041,"21_165_7",38.0059913273686,-83.506642893246
"7043",7042,"21_165_7",38.0099218359119,-83.4868064384573
"7044",7043,"21_165_7",38.0015807833348,-83.5010328545205
"7045",7044,"21_165_7",38.0034087536624,-83.4961037637175
"7046",7045,"21_165_7",38.0134744160836,-83.5006297539154
"7047",7046,"21_165_7",38.0101835967615,-83.4841685857693
"7048",7047,"21_165_7",37.9951247588786,-83.494513766165
"7049",7048,"21_165_7",38.0052236115595,-83.4923041744356
"7050",7049,"21_165_7",37.9979310997097,-83.5030473727582
"7051",7050,"21_125_44",37.1533999150326,-84.2481907753504
"7052",7051,"21_125_44",37.1644253455233,-84.2425877763165
"7053",7052,"21_125_44",37.1647358910347,-84.2427620376727
"7054",7053,"21_125_44",37.1642012136607,-84.2353402296254
"7055",7054,"21_125_44",37.1687332597545,-84.2440932339694
"7056",7055,"21_125_44",37.1666475118778,-84.2434790055043
"7057",7056,"21_125_44",37.1619438948431,-84.2461204800233
"7058",7057,"21_125_44",37.1656723706994,-84.2403047856986
"7059",7058,"21_125_44",37.1593827350297,-84.2415489161238
"7060",7059,"21_125_44",37.1724843731707,-84.241353996107
"7061",7060,"21_147_9",36.7198780568835,-84.5526660313213
"7062",7061,"21_147_9",36.726976785013,-84.5482720419751
"7063",7062,"21_147_9",36.7172525004636,-84.5541233759837
"7064",7063,"21_147_9",36.7267171421905,-84.5520203607484
"7065",7064,"21_147_9",36.7293314095725,-84.5524500170777
"7066",7065,"21_147_9",36.7339973115776,-84.5608329224769
"7067",7066,"21_147_9",36.7273047702091,-84.55254995386
"7068",7067,"21_147_9",36.7201318211387,-84.5571597360641
"7069",7068,"21_147_9",36.73146594883,-84.5534744357681
"7070",7069,"21_147_9",36.7271344254558,-84.5523699597834
"7071",7070,"21_147_22",36.6058046710133,-84.256593170864
"7072",7071,"21_147_22",36.6080864133082,-84.2705235072101
"7073",7072,"21_147_22",36.61179561569,-84.2624213260948
"7074",7073,"21_147_22",36.6028368123515,-84.2541046369427
"7075",7074,"21_147_22",36.6079149831795,-84.2557900821378
"7076",7075,"21_147_22",36.6048004593021,-84.2614715405632
"7077",7076,"21_147_22",36.6070168717008,-84.272359915017
"7078",7077,"21_147_22",36.6087866572441,-84.2520774285198
"7079",7078,"21_147_22",36.6076585039006,-84.269308132368
"7080",7079,"21_147_22",36.6083120540285,-84.2565957019148
"7081",7080,"21_51_53",37.0364536450392,-83.6372584864854
"7082",7081,"21_51_53",37.0270806276081,-83.6365803226013
"7083",7082,"21_51_53",37.0421755119815,-83.6451669326262
"7084",7083,"21_51_53",37.0452637477409,-83.6567394014013
"7085",7084,"21_51_53",37.0442512617161,-83.6397018525733
"7086",7085,"21_51_53",37.0382763712604,-83.6352884009537
"7087",7086,"21_51_53",37.0410132884898,-83.6414297211274
"7088",7087,"21_51_53",37.0327290686934,-83.642120600525
"7089",7088,"21_51_53",37.0493899882346,-83.641724614437
"7090",7089,"21_51_53",37.0364141366275,-83.6490015065064
"7091",7090,"21_165_14",37.85185564668,-83.6080997676663
"7092",7091,"21_165_14",37.8641249547121,-83.6077489104697
"7093",7092,"21_165_14",37.8431179301462,-83.6124808284457
"7094",7093,"21_165_14",37.8541482963335,-83.6040466392499
"7095",7094,"21_165_14",37.8528270329082,-83.6130953842137
"7096",7095,"21_165_14",37.8450712164606,-83.6236983420226
"7097",7096,"21_165_14",37.8490529423318,-83.6094075967856
"7098",7097,"21_165_14",37.8595341163968,-83.6069706407708
"7099",7098,"21_165_14",37.8621781778818,-83.6212621507665
"7100",7099,"21_165_14",37.8574901214812,-83.6036877416335
"7101",7100,"21_235_31",36.6398371967815,-84.2503617019622
"7102",7101,"21_235_31",36.6512926299488,-84.2630252934217
"7103",7102,"21_235_31",36.6464764522576,-84.2639725068996
"7104",7103,"21_235_31",36.6423716112267,-84.2648841375726
"7105",7104,"21_235_31",36.637189425733,-84.25454510603
"7106",7105,"21_235_31",36.6513631364793,-84.2569518164791
"7107",7106,"21_235_31",36.6499085403851,-84.2498125852727
"7108",7107,"21_235_31",36.6608047001583,-84.2716146504812
"7109",7108,"21_235_31",36.6427627340155,-84.2545456079722
"7110",7109,"21_235_31",36.6502746727506,-84.263526893551
"7111",7110,"21_51_37",37.1388254708148,-83.5538982517748
"7112",7111,"21_51_37",37.1342216086273,-83.5590257283478
"7113",7112,"21_51_37",37.143751993928,-83.5591273217557
"7114",7113,"21_51_37",37.1364170502167,-83.5603455502119
"7115",7114,"21_51_37",37.1320004547699,-83.5580154106578
"7116",7115,"21_51_37",37.1350838189978,-83.5605374036769
"7117",7116,"21_51_37",37.1370920090314,-83.5708300181097
"7118",7117,"21_51_37",37.1459120630814,-83.5694933943746
"7119",7118,"21_51_37",37.1447513268945,-83.5553023624569
"7120",7119,"21_51_37",37.153905560957,-83.5608276516634
"7121",7120,"21_205_28",38.1982786210458,-83.4408191719433
"7122",7121,"21_205_28",38.2009602984034,-83.4242537162593
"7123",7122,"21_205_28",38.2039962452922,-83.4121990553223
"7124",7123,"21_205_28",38.1914931859624,-83.4318648765535
"7125",7124,"21_205_28",38.2067801700355,-83.4188604937625
"7126",7125,"21_205_28",38.2168486659874,-83.4291156833095
"7127",7126,"21_205_28",38.2013942831,-83.4275076407308
"7128",7127,"21_205_28",38.2031013028891,-83.4299952776183
"7129",7128,"21_205_28",38.2122023019236,-83.4239668984183
"7130",7129,"21_205_28",38.197972260809,-83.4211250604698
"7131",7130,"21_109_1",37.3495525523986,-84.113009196236
"7132",7131,"21_109_1",37.3574677060571,-84.1188780233385
"7133",7132,"21_109_1",37.348031752413,-84.1306834527607
"7134",7133,"21_109_1",37.3366335057628,-84.120119121377
"7135",7134,"21_109_1",37.3462170644596,-84.1229192393992
"7136",7135,"21_109_1",37.3387134134392,-84.1358523326178
"7137",7136,"21_109_1",37.3602830917959,-84.1306888023337
"7138",7137,"21_109_1",37.3483227790696,-84.1134492485034
"7139",7138,"21_109_1",37.3438538176046,-84.1096012913932
"7140",7139,"21_109_1",37.3493599663183,-84.1219053679163
"7141",7140,"21_109_12",37.4285620068613,-84.1048831965812
"7142",7141,"21_109_12",37.4282373832015,-84.1017601498472
"7143",7142,"21_109_12",37.4333866838228,-84.0943993892914
"7144",7143,"21_109_12",37.4369988476282,-84.1039420401393
"7145",7144,"21_109_12",37.4173532570297,-84.0970818501342
"7146",7145,"21_109_12",37.4344693254177,-84.1098448608091
"7147",7146,"21_109_12",37.4305985266327,-84.0889399303639
"7148",7147,"21_109_12",37.4267043808224,-84.0973596637652
"7149",7148,"21_109_12",37.4279623579078,-84.1005394671611
"7150",7149,"21_109_12",37.4424552010405,-84.1000145591761
"7151",7150,"21_131_22",37.033465525979,-83.3086656030666
"7152",7151,"21_131_22",37.0417786623303,-83.3289625959542
"7153",7152,"21_131_22",37.0405971277798,-83.3173439525792
"7154",7153,"21_131_22",37.0217045036177,-83.3151629496419
"7155",7154,"21_131_22",37.0343145722696,-83.3164771351753
"7156",7155,"21_131_22",37.0356256174875,-83.3266568574946
"7157",7156,"21_131_22",37.0277609697448,-83.2995172166773
"7158",7157,"21_131_22",37.0407322182873,-83.3213375228623
"7159",7158,"21_131_22",37.0351431549971,-83.3077194594463
"7160",7159,"21_131_22",37.0346207355003,-83.3040658836539
"7161",7160,"21_165_5",37.9673872237936,-83.5366070662715
"7162",7161,"21_165_5",37.9600194791563,-83.5558353442282
"7163",7162,"21_165_5",37.9626549450863,-83.539121378969
"7164",7163,"21_165_5",37.9698445865681,-83.5517725062538
"7165",7164,"21_165_5",37.9488449987239,-83.5442546269221
"7166",7165,"21_165_5",37.9523657937232,-83.5397056821731
"7167",7166,"21_165_5",37.9642760484852,-83.5549453457768
"7168",7167,"21_165_5",37.965845541836,-83.535018438178
"7169",7168,"21_165_5",37.9649988145902,-83.5476517637477
"7170",7169,"21_165_5",37.9552652607595,-83.5348308603939
"7171",7170,"21_147_32",36.6411754272959,-84.7409796341549
"7172",7171,"21_147_32",36.6528556808873,-84.7401017989911
"7173",7172,"21_147_32",36.6366182856096,-84.7415900983784
"7174",7173,"21_147_32",36.6440791586042,-84.7445326631196
"7175",7174,"21_147_32",36.6446924983079,-84.7414569783874
"7176",7175,"21_147_32",36.6514808133285,-84.738739936896
"7177",7176,"21_147_32",36.6410617199658,-84.7412075711892
"7178",7177,"21_147_32",36.6353168561913,-84.7273711296441
"7179",7178,"21_147_32",36.6436795561187,-84.7375309543292
"7180",7179,"21_147_32",36.6404255815051,-84.7321091227855
"7181",7180,"21_147_7",36.7675067510863,-84.496774456105
"7182",7181,"21_147_7",36.7506703541799,-84.5042635424799
"7183",7182,"21_147_7",36.759139522268,-84.5052463925452
"7184",7183,"21_147_7",36.7476891926371,-84.4974867155179
"7185",7184,"21_147_7",36.7688311479973,-84.4949885172641
"7186",7185,"21_147_7",36.7548466000461,-84.492422426988
"7187",7186,"21_147_7",36.75306043066,-84.5184516760597
"7188",7187,"21_147_7",36.7653985040634,-84.4946496586878
"7189",7188,"21_147_7",36.7560213315367,-84.5027956030507
"7190",7189,"21_147_7",36.7533280570781,-84.5025832321548
"7191",7190,"37_87_80",35.6959346850709,-83.1318538761306
"7192",7191,"37_87_80",35.7123732273866,-83.1490109439105
"7193",7192,"37_87_80",35.6950880157579,-83.1437216943432
"7194",7193,"37_87_80",35.7112163301613,-83.1428123704224
"7195",7194,"37_87_80",35.7044828267277,-83.1461349114223
"7196",7195,"37_87_80",35.7129749954891,-83.146809797852
"7197",7196,"37_87_80",35.7120060223138,-83.1487728354601
"7198",7197,"37_87_80",35.6919454341541,-83.1331951640114
"7199",7198,"37_87_80",35.7016584394076,-83.1400018079081
"7200",7199,"37_87_80",35.7038614138159,-83.1303186203988
"7201",7200,"37_173_52",35.4840994947954,-83.7737123203213
"7202",7201,"37_173_52",35.4793715145719,-83.7746547930146
"7203",7202,"37_173_52",35.4862529674811,-83.7849553667308
"7204",7203,"37_173_52",35.4822387091761,-83.7780797707477
"7205",7204,"37_173_52",35.4927876596031,-83.7649712991466
"7206",7205,"37_173_52",35.4873548023155,-83.779640616449
"7207",7206,"37_173_52",35.4861999750126,-83.7811588504664
"7208",7207,"37_173_52",35.4816287519129,-83.769799498006
"7209",7208,"37_173_52",35.4786323268303,-83.7889706903583
"7210",7209,"37_173_52",35.4796894776015,-83.7703953570136
"7211",7210,"37_121_30",36.0767538950256,-82.2725732243885
"7212",7211,"37_121_30",36.0777987085507,-82.286017608851
"7213",7212,"37_121_30",36.0855610550128,-82.2795043953915
"7214",7213,"37_121_30",36.0798292192337,-82.2708865504302
"7215",7214,"37_121_30",36.0888346041526,-82.2697330798131
"7216",7215,"37_121_30",36.08951074596,-82.2665217469866
"7217",7216,"37_121_30",36.0800283056053,-82.2609906417698
"7218",7217,"37_121_30",36.0828037847844,-82.2727688516051
"7219",7218,"37_121_30",36.0878573853957,-82.2682917651806
"7220",7219,"37_121_30",36.076251824548,-82.2558600392856
"7221",7220,"37_27_24",36.0652888266445,-81.6294619399271
"7222",7221,"37_27_24",36.069075329188,-81.6418626192952
"7223",7222,"37_27_24",36.0593718597807,-81.6258142889188
"7224",7223,"37_27_24",36.0655666211493,-81.6301417704411
"7225",7224,"37_27_24",36.0732026440634,-81.6214879399039
"7226",7225,"37_27_24",36.0673333221685,-81.6216539631708
"7227",7226,"37_27_24",36.0745596215027,-81.6266421514417
"7228",7227,"37_27_24",36.0688559489473,-81.6376518643208
"7229",7228,"37_27_24",36.071370000301,-81.6323137686323
"7230",7229,"37_27_24",36.0752031989071,-81.6390148678033
"7231",7230,"37_39_54",35.1081612144461,-84.1805242509652
"7232",7231,"37_39_54",35.1050865379439,-84.1805933023427
"7233",7232,"37_39_54",35.1052249650483,-84.1730240507897
"7234",7233,"37_39_54",35.1010033193724,-84.1767041783082
"7235",7234,"37_39_54",35.0973456773555,-84.1821612143624
"7236",7235,"37_39_54",35.1039549151084,-84.1773746725755
"7237",7236,"37_39_54",35.1102464657085,-84.1820072838388
"7238",7237,"37_39_54",35.0975830532769,-84.1798680871739
"7239",7238,"37_39_54",35.1065038006547,-84.1753454002792
"7240",7239,"37_39_54",35.1036504921785,-84.1798226271757
"7241",7240,"37_111_14",35.6814015123406,-82.2081000547049
"7242",7241,"37_111_14",35.6760283501483,-82.2148678051743
"7243",7242,"37_111_14",35.6810916312834,-82.2182464736996
"7244",7243,"37_111_14",35.6782809176082,-82.2107465611911
"7245",7244,"37_111_14",35.6761866536728,-82.2123124455051
"7246",7245,"37_111_14",35.6723154037924,-82.2069609685257
"7247",7246,"37_111_14",35.6743825067867,-82.213103539282
"7248",7247,"37_111_14",35.6714357060301,-82.2272038494539
"7249",7248,"37_111_14",35.6698206842208,-82.2215610104292
"7250",7249,"37_111_14",35.6818685419524,-82.2095792119035
"7251",7250,"37_27_29",36.1194368587926,-81.7350628839749
"7252",7251,"37_27_29",36.1236461450549,-81.7477762040548
"7253",7252,"37_27_29",36.1097139055841,-81.7388374128764
"7254",7253,"37_27_29",36.0987267157169,-81.7375787317253
"7255",7254,"37_27_29",36.1069537569741,-81.7460490956692
"7256",7255,"37_27_29",36.1203562344797,-81.7439893267727
"7257",7256,"37_27_29",36.1129211567014,-81.7392144155259
"7258",7257,"37_27_29",36.119184967172,-81.743836593507
"7259",7258,"37_27_29",36.1153531937891,-81.7409787634319
"7260",7259,"37_27_29",36.1072652364418,-81.7437759832766
"7261",7260,"37_43_3",35.1357104138178,-83.7701876757638
"7262",7261,"37_43_3",35.1464732909028,-83.7643424207244
"7263",7262,"37_43_3",35.135298411866,-83.7698801824338
"7264",7263,"37_43_3",35.1333073364902,-83.7757643368534
"7265",7264,"37_43_3",35.1393871816507,-83.7679868982142
"7266",7265,"37_43_3",35.1456053538604,-83.7741637535079
"7267",7266,"37_43_3",35.134362321504,-83.7873832165323
"7268",7267,"37_43_3",35.1464741198666,-83.7784555246521
"7269",7268,"37_43_3",35.1294739166986,-83.7693605837628
"7270",7269,"37_43_3",35.1392540052369,-83.7736578706997
"7271",7270,"37_173_26",35.5285415288747,-83.6070127634857
"7272",7271,"37_173_26",35.5189867712071,-83.6185566784513
"7273",7272,"37_173_26",35.5310832962993,-83.6121912679696
"7274",7273,"37_173_26",35.5240117389848,-83.6258938052938
"7275",7274,"37_173_26",35.5240316220937,-83.6121104543902
"7276",7275,"37_173_26",35.5245045502086,-83.6143625724332
"7277",7276,"37_173_26",35.5224904542865,-83.6125195501983
"7278",7277,"37_173_26",35.5279435608877,-83.6152110502831
"7279",7278,"37_173_26",35.5336621485222,-83.6016872170481
"7280",7279,"37_173_26",35.5258902105015,-83.6204232252146
"7281",7280,"37_39_62",35.2054836165823,-83.7301537242931
"7282",7281,"37_39_62",35.2011242848715,-83.7310714275444
"7283",7282,"37_39_62",35.2050104286807,-83.7318285482561
"7284",7283,"37_39_62",35.2057859071071,-83.7326412899752
"7285",7284,"37_39_62",35.1970963247079,-83.7249433384192
"7286",7285,"37_39_62",35.2099087804819,-83.7365381280245
"7287",7286,"37_39_62",35.2031708510534,-83.7400301671735
"7288",7287,"37_39_62",35.2058034146101,-83.7328165847297
"7289",7288,"37_39_62",35.1959204173459,-83.7350124138558
"7290",7289,"37_39_62",35.1922730052893,-83.7358157563509
"7291",7290,"37_113_22",35.2078544284385,-83.4507856079728
"7292",7291,"37_113_22",35.2125165731381,-83.4491480615092
"7293",7292,"37_113_22",35.2089784244596,-83.4515262452219
"7294",7293,"37_113_22",35.2124526947582,-83.4452889392044
"7295",7294,"37_113_22",35.2087049557247,-83.4564672625225
"7296",7295,"37_113_22",35.2162462557256,-83.4676055500483
"7297",7296,"37_113_22",35.2069720560923,-83.4370007792974
"7298",7297,"37_113_22",35.2053349282798,-83.4480244243912
"7299",7298,"37_113_22",35.2153406875233,-83.4419703778007
"7300",7299,"37_113_22",35.2022795038751,-83.4439763815965
"7301",7300,"37_43_23",35.0982061126349,-83.7129447469417
"7302",7301,"37_43_23",35.0922166853848,-83.7007790549014
"7303",7302,"37_43_23",35.0955803777519,-83.7141615151691
"7304",7303,"37_43_23",35.0932004125697,-83.7175750939048
"7305",7304,"37_43_23",35.1017844195611,-83.7164841416874
"7306",7305,"37_43_23",35.1021498557637,-83.7075537589225
"7307",7306,"37_43_23",35.1063537123824,-83.7120287498716
"7308",7307,"37_43_23",35.105679437896,-83.7086181581972
"7309",7308,"37_43_23",35.0891760248906,-83.7069866418409
"7310",7309,"37_43_23",35.1030432947424,-83.7166034657326
"7311",7310,"37_23_59",35.8826953079922,-81.8357623773346
"7312",7311,"37_23_59",35.8764951952735,-81.8382507449482
"7313",7312,"37_23_59",35.8891030520897,-81.8300135276943
"7314",7313,"37_23_59",35.8777235886149,-81.8528591890056
"7315",7314,"37_23_59",35.877377262751,-81.841346885843
"7316",7315,"37_23_59",35.8853485016165,-81.8488167527598
"7317",7316,"37_23_59",35.8838255807369,-81.8383286984298
"7318",7317,"37_23_59",35.8829794805641,-81.8295496681222
"7319",7318,"37_23_59",35.8798997382151,-81.840785777583
"7320",7319,"37_23_59",35.870401530021,-81.8414483114539
"7321",7320,"37_87_16",35.7613339570019,-83.0090837191354
"7322",7321,"37_87_16",35.7603603417025,-83.0071799684219
"7323",7322,"37_87_16",35.7548177944893,-83.0121361582932
"7324",7323,"37_87_16",35.7611623226911,-82.9996318149482
"7325",7324,"37_87_16",35.7432878972014,-83.0023773043712
"7326",7325,"37_87_16",35.7516739696046,-83.0068491645703
"7327",7326,"37_87_16",35.7481322153205,-83.0242950819564
"7328",7327,"37_87_16",35.7389990384354,-83.0056715522064
"7329",7328,"37_87_16",35.7569968559417,-83.0123016168182
"7330",7329,"37_87_16",35.7616423049936,-83.0138285905756
"7331",7330,"37_175_55",35.3641873820967,-82.7510120081806
"7332",7331,"37_175_55",35.3785804116436,-82.7442908162493
"7333",7332,"37_175_55",35.3618039167135,-82.7440401833597
"7334",7333,"37_175_55",35.367246512055,-82.7489475472796
"7335",7334,"37_175_55",35.3694320058911,-82.7558220601348
"7336",7335,"37_175_55",35.3604476225162,-82.7390315356319
"7337",7336,"37_175_55",35.3597258011824,-82.7407350999264
"7338",7337,"37_175_55",35.368148124831,-82.7338620952361
"7339",7338,"37_175_55",35.3735084124002,-82.7545938582023
"7340",7339,"37_175_55",35.3734393854839,-82.7447735220775
"7341",7340,"37_11_27",36.0997614359517,-82.0717674973305
"7342",7341,"37_11_27",36.0997948468208,-82.0644690575197
"7343",7342,"37_11_27",36.0956317222031,-82.0592050433269
"7344",7343,"37_11_27",36.1003125778889,-82.0634551348643
"7345",7344,"37_11_27",36.0962893168387,-82.0605471682671
"7346",7345,"37_11_27",36.0840006000361,-82.0556121535729
"7347",7346,"37_11_27",36.0983556278619,-82.0505707538677
"7348",7347,"37_11_27",36.0842909427933,-82.0609350528952
"7349",7348,"37_11_27",36.0878938541768,-82.054992082434
"7350",7349,"37_11_27",36.0888180773249,-82.0675294286914
"7351",7350,"37_27_38",35.9111498888185,-81.6959431447206
"7352",7351,"37_27_38",35.9105877815916,-81.6963562712135
"7353",7352,"37_27_38",35.9060477149139,-81.7039152384268
"7354",7353,"37_27_38",35.9044321847996,-81.7052867410586
"7355",7354,"37_27_38",35.9134329670177,-81.6970346792255
"7356",7355,"37_27_38",35.9129882074926,-81.7041395551809
"7357",7356,"37_27_38",35.9183305161526,-81.689272635619
"7358",7357,"37_27_38",35.9184590027464,-81.7082968095754
"7359",7358,"37_27_38",35.9207885540101,-81.6938349131996
"7360",7359,"37_27_38",35.9018606461513,-81.6960878633645
"7361",7360,"37_43_4",35.0517934919899,-83.6137338614936
"7362",7361,"37_43_4",35.0598717556191,-83.6213095550007
"7363",7362,"37_43_4",35.0484674794636,-83.6077318584679
"7364",7363,"37_43_4",35.0580409969273,-83.6206884385856
"7365",7364,"37_43_4",35.0471102578795,-83.6192450113273
"7366",7365,"37_43_4",35.0574794306667,-83.6023352895817
"7367",7366,"37_43_4",35.0559268575507,-83.6295246722825
"7368",7367,"37_43_4",35.0546625683474,-83.6158214806593
"7369",7368,"37_43_4",35.0606467346459,-83.6178628019043
"7370",7369,"37_43_4",35.0466101671321,-83.6014299845434
"7371",7370,"37_111_60",35.6093418622793,-82.2417606890611
"7372",7371,"37_111_60",35.6139794483512,-82.2138378043661
"7373",7372,"37_111_60",35.5955462342365,-82.2325946388257
"7374",7373,"37_111_60",35.605822077844,-82.2338035551062
"7375",7374,"37_111_60",35.6151812845889,-82.2145733002305
"7376",7375,"37_111_60",35.6222878763846,-82.2264737837495
"7377",7376,"37_111_60",35.6126756770088,-82.2445479815582
"7378",7377,"37_111_60",35.6030141952283,-82.2339851869575
"7379",7378,"37_111_60",35.6126151657844,-82.2313527948145
"7380",7379,"37_111_60",35.6000807999234,-82.2369627121832
"7381",7380,"54_83_2066",38.9154856101148,-79.7716937100027
"7382",7381,"54_83_2066",38.9127881560884,-79.7718409982736
"7383",7382,"54_83_2066",38.9176414940693,-79.7853765346063
"7384",7383,"54_83_2066",38.9194241573129,-79.7740867315344
"7385",7384,"54_83_2066",38.9269026433846,-79.778829608369
"7386",7385,"54_83_2066",38.9322320730221,-79.7679930989924
"7387",7386,"54_83_2066",38.9173151183646,-79.7865031993098
"7388",7387,"54_83_2066",38.9202318743779,-79.7893139419134
"7389",7388,"54_83_2066",38.9266619038238,-79.7691747217512
"7390",7389,"54_83_2066",38.9219457036179,-79.7734443387718
"7391",7390,"54_83_2067",38.6907706184903,-79.8862023086904
"7392",7391,"54_83_2067",38.6813039504191,-79.8927228439258
"7393",7392,"54_83_2067",38.6873146643472,-79.889564012266
"7394",7393,"54_83_2067",38.6892216374297,-79.9013435203955
"7395",7394,"54_83_2067",38.6956109847803,-79.8918086815204
"7396",7395,"54_83_2067",38.6893359139316,-79.8849438211214
"7397",7396,"54_83_2067",38.6793635992448,-79.8932981118349
"7398",7397,"54_83_2067",38.6829802931165,-79.8804335072598
"7399",7398,"54_83_2067",38.6921096585693,-79.8984071404842
"7400",7399,"54_83_2067",38.6898451898177,-79.8968872510417
"7401",7400,"54_83_2276",38.600606499428,-79.9248169591887
"7402",7401,"54_83_2276",38.5984712452638,-79.9182391647954
"7403",7402,"54_83_2276",38.596958474876,-79.9048652834456
"7404",7403,"54_83_2276",38.5818645919657,-79.9104105375318
"7405",7404,"54_83_2276",38.5976421564601,-79.9071621621578
"7406",7405,"54_83_2276",38.6004173622492,-79.9028710884899
"7407",7406,"54_83_2276",38.5887531773725,-79.9228604013081
"7408",7407,"54_83_2276",38.5874399099454,-79.909928297882
"7409",7408,"54_83_2276",38.6096697918682,-79.904788800794
"7410",7409,"54_83_2276",38.5927553249257,-79.923024241815
"7411",7410,"54_83_2497",38.5246061629794,-79.9683646528754
"7412",7411,"54_83_2497",38.5351581004611,-79.9736620190974
"7413",7412,"54_83_2497",38.5364983699357,-79.9449421864941
"7414",7413,"54_83_2497",38.5253799825494,-79.9636744513041
"7415",7414,"54_83_2497",38.5319935142328,-79.9479801027966
"7416",7415,"54_83_2497",38.529988433289,-79.9590356263379
"7417",7416,"54_83_2497",38.5390307243921,-79.9680566985923
"7418",7417,"54_83_2497",38.5300039267386,-79.9562899861664
"7419",7418,"54_83_2497",38.53354108264,-79.969807233571
"7420",7419,"54_83_2497",38.5248133066972,-79.9578115589276
"7421",7420,"54_93_43",39.0476825759242,-79.3563024494163
"7422",7421,"54_93_43",39.0433030306961,-79.3465830287235
"7423",7422,"54_93_43",39.0487482904907,-79.3611862445615
"7424",7423,"54_93_43",39.0499130988013,-79.3509598342226
"7425",7424,"54_93_43",39.0426645427916,-79.3647688564179
"7426",7425,"54_93_43",39.0375275955628,-79.3495045292596
"7427",7426,"54_93_43",39.0382216950848,-79.3524380575133
"7428",7427,"54_93_43",39.0418546325093,-79.355879839457
"7429",7428,"54_93_43",39.0439280753632,-79.3525817287488
"7430",7429,"54_93_43",39.0542109006239,-79.3572851028703
"7431",7430,"54_93_424",39.12628372138,-79.6573273043733
"7432",7431,"54_93_424",39.1262614592671,-79.6495743729025
"7433",7432,"54_93_424",39.1241548707902,-79.6565042478992
"7434",7433,"54_93_424",39.1291924291793,-79.6495472523215
"7435",7434,"54_93_424",39.1282165329492,-79.6554292736609
"7436",7435,"54_93_424",39.1350712301891,-79.6646696365239
"7437",7436,"54_93_424",39.1317470745249,-79.6478491257191
"7438",7437,"54_93_424",39.1282839415866,-79.6479646240971
"7439",7438,"54_93_424",39.1223945864224,-79.6449999265076
"7440",7439,"54_93_424",39.1151300096287,-79.6540760528823
"7441",7440,"54_93_857",39.0588902404027,-79.5221699037446
"7442",7441,"54_93_857",39.0613304174164,-79.5153574554052
"7443",7442,"54_93_857",39.0570840465986,-79.5329486413563
"7444",7443,"54_93_857",39.0595352519435,-79.5273613872359
"7445",7444,"54_93_857",39.0597693174154,-79.5276069760329
"7446",7445,"54_93_857",39.0552548466349,-79.5153583411136
"7447",7446,"54_93_857",39.0623975034749,-79.5245737741012
"7448",7447,"54_93_857",39.0678387815702,-79.5264815158942
"7449",7448,"54_93_857",39.0645006971925,-79.5124413711428
"7450",7449,"54_93_857",39.0650847486286,-79.5241272339663
"7451",7450,"54_93_887",39.1880304449262,-79.6582260563004
"7452",7451,"54_93_887",39.180165577966,-79.6517869423147
"7453",7452,"54_93_887",39.1885931868648,-79.6487247078447
"7454",7453,"54_93_887",39.1824329804737,-79.6624129022787
"7455",7454,"54_93_887",39.1804537697901,-79.6448948951558
"7456",7455,"54_93_887",39.1754280403086,-79.650362374258
"7457",7456,"54_93_887",39.1795028807856,-79.6437559157102
"7458",7457,"54_93_887",39.1833322430323,-79.6590292007059
"7459",7458,"54_93_887",39.1753289192017,-79.6475991906262
"7460",7459,"54_93_887",39.1792137558929,-79.6472171140885
"7461",7460,"54_93_1962",39.0742829131082,-79.6791392892351
"7462",7461,"54_93_1962",39.0601185214459,-79.6867474574437
"7463",7462,"54_93_1962",39.068760487974,-79.6835595163802
"7464",7463,"54_93_1962",39.064869419381,-79.6859200083201
"7465",7464,"54_93_1962",39.0602588322361,-79.6820568931533
"7466",7465,"54_93_1962",39.0659362898737,-79.6964682468941
"7467",7466,"54_93_1962",39.0673543313468,-79.671565642197
"7468",7467,"54_93_1962",39.064318202494,-79.6832363764666
"7469",7468,"54_93_1962",39.0597877192916,-79.6906132951157
"7470",7469,"54_93_1962",39.0572524353154,-79.6837807167734
"7471",7470,"54_93_2349",39.2148510973758,-79.5994802357504
"7472",7471,"54_93_2349",39.2168421518045,-79.6034997179871
"7473",7472,"54_93_2349",39.2084333276584,-79.6172772878723
"7474",7473,"54_93_2349",39.2070172237038,-79.6164120318456
"7475",7474,"54_93_2349",39.2071676886555,-79.5949363849923
"7476",7475,"54_93_2349",39.2097567319257,-79.5916365784181
"7477",7476,"54_93_2349",39.2109285602855,-79.5868563875021
"7478",7477,"54_93_2349",39.2212158676684,-79.6008185809333
"7479",7478,"54_93_2349",39.2165129517075,-79.5990001639953
"7480",7479,"54_93_2349",39.2114744745418,-79.6038191434056
"7481",7480,"54_83_1783",38.5751028002318,-79.9850966713938
"7482",7481,"54_83_1783",38.5822400315407,-79.9833814341191
"7483",7482,"54_83_1783",38.5824941901598,-79.979935407137
"7484",7483,"54_83_1783",38.5800102534658,-79.9911411587242
"7485",7484,"54_83_1783",38.5774271027448,-79.9907878204821
"7486",7485,"54_83_1783",38.5668770702443,-79.9973200289363
"7487",7486,"54_83_1783",38.5774020065553,-79.9875243019017
"7488",7487,"54_83_1783",38.5916559268476,-79.9847824208039
"7489",7488,"54_83_1783",38.5748007331974,-79.9853732496536
"7490",7489,"54_83_1783",38.578826386091,-79.9891065009409
"7491",7490,"54_63_2467",37.4684828946121,-80.4810435992847
"7492",7491,"54_63_2467",37.4718803277755,-80.4788075887679
"7493",7492,"54_63_2467",37.4704318324891,-80.4744223254491
"7494",7493,"54_63_2467",37.478219933489,-80.4722111259941
"7495",7494,"54_63_2467",37.4708454435032,-80.4824635562356
"7496",7495,"54_63_2467",37.4780382245572,-80.4653252697068
"7497",7496,"54_63_2467",37.474603366688,-80.4746729098
"7498",7497,"54_63_2467",37.4607832036757,-80.4761502583569
"7499",7498,"54_63_2467",37.4630061553586,-80.486790874755
"7500",7499,"54_63_2467",37.4691941727447,-80.4707294457702
"7501",7500,"54_63_307",37.470683598095,-80.3782507139019
"7502",7501,"54_63_307",37.4792754871555,-80.3834687843561
"7503",7502,"54_63_307",37.4774464843609,-80.381230808111
"7504",7503,"54_63_307",37.480477235985,-80.3632782999432
"7505",7504,"54_63_307",37.4837156184818,-80.3780830352926
"7506",7505,"54_63_307",37.4821114615029,-80.370632933728
"7507",7506,"54_63_307",37.4712643736795,-80.3813791760774
"7508",7507,"54_63_307",37.477135250132,-80.3865069150464
"7509",7508,"54_63_307",37.4874782764394,-80.3779047223573
"7510",7509,"54_63_307",37.4874753620713,-80.3756213438477
"7511",7510,"54_63_2467",37.4729750303583,-80.4754793277995
"7512",7511,"54_63_2467",37.473577076726,-80.4783691507783
"7513",7512,"54_63_2467",37.4703758707163,-80.479308519146
"7514",7513,"54_63_2467",37.4790673446647,-80.4690956812561
"7515",7514,"54_63_2467",37.4644268299169,-80.4676493443879
"7516",7515,"54_63_2467",37.4697031398485,-80.4617361027437
"7517",7516,"54_63_2467",37.4790676542859,-80.4651006365371
"7518",7517,"54_63_2467",37.4756714822633,-80.4714011623395
"7519",7518,"54_63_2467",37.4714204103733,-80.4715632398169
"7520",7519,"54_63_2467",37.4694506485159,-80.4695940179442
"7521",7520,"54_67_888",38.3056104556034,-80.6028684599048
"7522",7521,"54_67_888",38.3001838875784,-80.5999159090173
"7523",7522,"54_67_888",38.2855288799168,-80.5971391856654
"7524",7523,"54_67_888",38.2896996164108,-80.5878140982082
"7525",7524,"54_67_888",38.2849383867541,-80.6031051222173
"7526",7525,"54_67_888",38.2950138774777,-80.599023390885
"7527",7526,"54_67_888",38.3059448430089,-80.6067593954441
"7528",7527,"54_67_888",38.2964932694218,-80.5975429888167
"7529",7528,"54_67_888",38.2838425768817,-80.5889609937944
"7530",7529,"54_67_888",38.2954188901509,-80.6016408403133
"7531",7530,"54_67_2232",38.2483796904661,-80.4853940556984
"7532",7531,"54_67_2232",38.241400508535,-80.5001422921916
"7533",7532,"54_67_2232",38.2467102730496,-80.4982424416908
"7534",7533,"54_67_2232",38.2417021978641,-80.4931346117925
"7535",7534,"54_67_2232",38.2416342289155,-80.511155778498
"7536",7535,"54_67_2232",38.2446637393629,-80.4974350803983
"7537",7536,"54_67_2232",38.2414402949593,-80.4993171817908
"7538",7537,"54_67_2232",38.2420809949815,-80.5102046132557
"7539",7538,"54_67_2232",38.2469680892159,-80.5093574541748
"7540",7539,"54_67_2232",38.235695200101,-80.4972615786262
"7541",7540,"54_67_2268",38.2796817800685,-80.5231822726866
"7542",7541,"54_67_2268",38.2767250514865,-80.5206823823275
"7543",7542,"54_67_2268",38.275472207984,-80.5321456311549
"7544",7543,"54_67_2268",38.2855984259607,-80.5145061754648
"7545",7544,"54_67_2268",38.2676872121816,-80.519868739123
"7546",7545,"54_67_2268",38.2792047699088,-80.5232336515812
"7547",7546,"54_67_2268",38.2861437499058,-80.5238797946798
"7548",7547,"54_67_2268",38.2796010601219,-80.5252167537988
"7549",7548,"54_67_2268",38.2832751645237,-80.5309101621679
"7550",7549,"54_67_2268",38.2752857294894,-80.522483664053
"7551",7550,"54_67_2232",38.2404480587068,-80.5036289289433
"7552",7551,"54_67_2232",38.2372333629834,-80.502885821382
"7553",7552,"54_67_2232",38.2478393732019,-80.4913281733173
"7554",7553,"54_67_2232",38.241647189634,-80.493664427647
"7555",7554,"54_67_2232",38.2368670328988,-80.5080384042212
"7556",7555,"54_67_2232",38.2477320434488,-80.4995817089441
"7557",7556,"54_67_2232",38.2516150894776,-80.4919100925741
"7558",7557,"54_67_2232",38.2404663435407,-80.4953234355673
"7559",7558,"54_67_2232",38.2331122585475,-80.5016356108903
"7560",7559,"54_67_2232",38.2457069436017,-80.4976647326187
"7561",7560,"54_25_369",37.8311210472275,-80.2045411199918
"7562",7561,"54_25_369",37.8394379613049,-80.224814384617
"7563",7562,"54_25_369",37.8360826098322,-80.2167663295609
"7564",7563,"54_25_369",37.8403146106611,-80.2182844022655
"7565",7564,"54_25_369",37.8340841405629,-80.2136021403438
"7566",7565,"54_25_369",37.8368660173154,-80.2174568303311
"7567",7566,"54_25_369",37.8325900831051,-80.1995506572028
"7568",7567,"54_25_369",37.8388257900645,-80.2151297134877
"7569",7568,"54_25_369",37.8288682897633,-80.2172020623891
"7570",7569,"54_25_369",37.8312775820997,-80.2052615852709
"7571",7570,"54_83_1083",38.9391033791586,-79.6760845682213
"7572",7571,"54_83_1083",38.946723388165,-79.6754877133129
"7573",7572,"54_83_1083",38.9460873982266,-79.6915410913812
"7574",7573,"54_83_1083",38.9530403934267,-79.6748131843897
"7575",7574,"54_83_1083",38.9412597687234,-79.6971892028415
"7576",7575,"54_83_1083",38.9372827587979,-79.681124767918
"7577",7576,"54_83_1083",38.9491483998372,-79.6849860522243
"7578",7577,"54_83_1083",38.9420463826254,-79.7032072296787
"7579",7578,"54_83_1083",38.949779169634,-79.6905886109602
"7580",7579,"54_83_1083",38.9496432893442,-79.686127596521
"7581",7580,"54_83_53",38.7840785190861,-79.5098969914772
"7582",7581,"54_83_53",38.7879362951649,-79.5127845804211
"7583",7582,"54_83_53",38.7825305489213,-79.4981317474386
"7584",7583,"54_83_53",38.7815400635984,-79.5097195970053
"7585",7584,"54_83_53",38.7945385440675,-79.5099274763944
"7586",7585,"54_83_53",38.7865142101326,-79.5136916899852
"7587",7586,"54_83_53",38.7871866981324,-79.5283814210437
"7588",7587,"54_83_53",38.7923587121074,-79.5196798398474
"7589",7588,"54_83_53",38.7874226748541,-79.5134891997628
"7590",7589,"54_83_53",38.7750918167009,-79.5095557337935
"7591",7590,"54_83_260",38.767723340747,-79.5614805787896
"7592",7591,"54_83_260",38.7650875365769,-79.5755804991551
"7593",7592,"54_83_260",38.7495466605407,-79.5687609713066
"7594",7593,"54_83_260",38.7510915960991,-79.5774693182294
"7595",7594,"54_83_260",38.7534979421355,-79.5548881801919
"7596",7595,"54_83_260",38.7579387556834,-79.5511291652852
"7597",7596,"54_83_260",38.7521705185348,-79.5789553197322
"7598",7597,"54_83_260",38.7649581587283,-79.5664649403455
"7599",7598,"54_83_260",38.7561565331709,-79.5672529880172
"7600",7599,"54_83_260",38.7576600971548,-79.567383237517
"7601",7600,"54_83_806",38.6512347177592,-79.8927419962139
"7602",7601,"54_83_806",38.6533132857845,-79.894614516531
"7603",7602,"54_83_806",38.6396825147464,-79.8884258326373
"7604",7603,"54_83_806",38.6453634564579,-79.8957345973723
"7605",7604,"54_83_806",38.6546130566085,-79.9126900328366
"7606",7605,"54_83_806",38.6530017913008,-79.8953697911459
"7607",7606,"54_83_806",38.6503368958703,-79.8872614252943
"7608",7607,"54_83_806",38.6481195809903,-79.8911565333817
"7609",7608,"54_83_806",38.6462266372586,-79.8992582626742
"7610",7609,"54_83_806",38.6591300182716,-79.8921418920489
"7611",7610,"54_83_1918",38.7467025880304,-79.8949053249712
"7612",7611,"54_83_1918",38.7475988407073,-79.9040070427479
"7613",7612,"54_83_1918",38.7462425198306,-79.9075816167782
"7614",7613,"54_83_1918",38.7596335745742,-79.8968806744156
"7615",7614,"54_83_1918",38.7601870841864,-79.8948745895459
"7616",7615,"54_83_1918",38.7436097163422,-79.8979736359823
"7617",7616,"54_83_1918",38.7425534971762,-79.8944248343663
"7618",7617,"54_83_1918",38.7549251309433,-79.9154705591613
"7619",7618,"54_83_1918",38.7630966031819,-79.898773978261
"7620",7619,"54_83_1918",38.7528863222311,-79.9056267260907
"7621",7620,"54_83_2038",38.7226650269778,-79.7167767426261
"7622",7621,"54_83_2038",38.7219986796294,-79.7256058261455
"7623",7622,"54_83_2038",38.7209300499874,-79.7149633623931
"7624",7623,"54_83_2038",38.7211267322855,-79.7204664512275
"7625",7624,"54_83_2038",38.717415153154,-79.7136496163487
"7626",7625,"54_83_2038",38.731739632285,-79.7117346637481
"7627",7626,"54_83_2038",38.7228787979316,-79.723654909074
"7628",7627,"54_83_2038",38.7267555024541,-79.7211141634598
"7629",7628,"54_83_2038",38.7134947210915,-79.7138452092957
"7630",7629,"54_83_2038",38.7299382294993,-79.7074605048224
"7631",7630,"54_83_2115",38.9748910983409,-79.6114112863168
"7632",7631,"54_83_2115",38.9919002929154,-79.6066130814262
"7633",7632,"54_83_2115",38.9869918674212,-79.5932573919859
"7634",7633,"54_83_2115",38.9943456298968,-79.5936197912036
"7635",7634,"54_83_2115",38.9984481887831,-79.597421545281
"7636",7635,"54_83_2115",38.9858080806993,-79.6123359941314
"7637",7636,"54_83_2115",38.9947114501372,-79.6115779501254
"7638",7637,"54_83_2115",38.9857262728189,-79.5992368525086
"7639",7638,"54_83_2115",38.9876240605062,-79.6179515515728
"7640",7639,"54_83_2115",38.9812606023476,-79.6104606423314
"7641",7640,"54_83_2222",38.833446191618,-79.68859495496
"7642",7641,"54_83_2222",38.8427789650469,-79.6783556218539
"7643",7642,"54_83_2222",38.8492041127839,-79.6895789825266
"7644",7643,"54_83_2222",38.8423748133598,-79.6977068282273
"7645",7644,"54_83_2222",38.8388226090117,-79.7031474865349
"7646",7645,"54_83_2222",38.8527323869527,-79.6938993859155
"7647",7646,"54_83_2222",38.8448476400759,-79.687663057943
"7648",7647,"54_83_2222",38.8524861974699,-79.6843667721365
"7649",7648,"54_83_2222",38.84443572704,-79.6775724727196
"7650",7649,"54_83_2222",38.8507871547343,-79.6996891591966
"7651",7650,"54_83_2334",38.7333366010777,-79.8790108092574
"7652",7651,"54_83_2334",38.7175342264303,-79.893655466848
"7653",7652,"54_83_2334",38.7246007946305,-79.8888958875383
"7654",7653,"54_83_2334",38.7197193252236,-79.8906963786688
"7655",7654,"54_83_2334",38.7265642461062,-79.8841945485255
"7656",7655,"54_83_2334",38.7267500027366,-79.8941533818813
"7657",7656,"54_83_2334",38.7349839874741,-79.8768898314624
"7658",7657,"54_83_2334",38.7310827287421,-79.8887619173313
"7659",7658,"54_83_2334",38.7280664818582,-79.8894203740801
"7660",7659,"54_83_2334",38.7153081194972,-79.8829086092979
"7661",7660,"54_83_2392",38.7432960308368,-79.7263383806638
"7662",7661,"54_83_2392",38.7522176497429,-79.7090457185358
"7663",7662,"54_83_2392",38.7426983781988,-79.7248184185792
"7664",7663,"54_83_2392",38.7588021509802,-79.7289799214412
"7665",7664,"54_83_2392",38.7611517977596,-79.7251475918127
"7666",7665,"54_83_2392",38.7366945351098,-79.7241641201564
"7667",7666,"54_83_2392",38.748560810654,-79.7341452899467
"7668",7667,"54_83_2392",38.7572149714138,-79.7371770472133
"7669",7668,"54_83_2392",38.7501700860373,-79.7211777644232
"7670",7669,"54_83_2392",38.7515722267462,-79.7182926605169
"7671",7670,"54_83_2428",38.8922025280231,-79.6476383751595
"7672",7671,"54_83_2428",38.8842052577124,-79.6444485406571
"7673",7672,"54_83_2428",38.8775823233738,-79.6456241274137
"7674",7673,"54_83_2428",38.8804360510477,-79.6514858178629
"7675",7674,"54_83_2428",38.8910360966888,-79.6330494184874
"7676",7675,"54_83_2428",38.8772590375981,-79.6478538943207
"7677",7676,"54_83_2428",38.8784757374766,-79.6529844183169
"7678",7677,"54_83_2428",38.8834834881859,-79.6427860437
"7679",7678,"54_83_2428",38.8875783390076,-79.6481418303208
"7680",7679,"54_83_2428",38.8869567813901,-79.6474206290753
"7681",7680,"54_93_569",39.0755589538159,-79.7312404021338
"7682",7681,"54_93_569",39.0835528655583,-79.7402306059463
"7683",7682,"54_93_569",39.0770207140851,-79.7324515245133
"7684",7683,"54_93_569",39.0735292681189,-79.7293199473225
"7685",7684,"54_93_569",39.0798608846184,-79.729622658342
"7686",7685,"54_93_569",39.0892238080974,-79.7263701564845
"7687",7686,"54_93_569",39.081151437592,-79.7214176521897
"7688",7687,"54_93_569",39.080241666059,-79.7286019323815
"7689",7688,"54_93_569",39.0666464039253,-79.7250092412089
"7690",7689,"54_93_569",39.0811590428653,-79.7207184830211
"7691",7690,"54_101_517",38.3554456038577,-80.3724525871118
"7692",7691,"54_101_517",38.3635792478273,-80.3740808654869
"7693",7692,"54_101_517",38.3581855894112,-80.3822865891449
"7694",7693,"54_101_517",38.3666728930474,-80.3738791035523
"7695",7694,"54_101_517",38.3597005050715,-80.374115570833
"7696",7695,"54_101_517",38.3503808991171,-80.3745956667131
"7697",7696,"54_101_517",38.3642598972593,-80.3638077342095
"7698",7697,"54_101_517",38.3585612934844,-80.3675438711655
"7699",7698,"54_101_517",38.3509980895165,-80.3773059162048
"7700",7699,"54_101_517",38.3565246167731,-80.3792692778797
"7701",7700,"54_101_1632",38.3306722692586,-80.4474413852855
"7702",7701,"54_101_1632",38.3207065502971,-80.4404045585729
"7703",7702,"54_101_1632",38.3240989974401,-80.4475913472522
"7704",7703,"54_101_1632",38.3345012007475,-80.4488866686248
"7705",7704,"54_101_1632",38.3192588809066,-80.4543273994973
"7706",7705,"54_101_1632",38.3301434748594,-80.4509026049907
"7707",7706,"54_101_1632",38.3319525952128,-80.4447960660528
"7708",7707,"54_101_1632",38.3256901830758,-80.4424110164108
"7709",7708,"54_101_1632",38.3199515871292,-80.4581864378881
"7710",7709,"54_101_1632",38.3227173054583,-80.4574229597662
"7711",7710,"54_83_1402",38.8320043311849,-79.6483529179519
"7712",7711,"54_83_1402",38.8360224143436,-79.6454086889184
"7713",7712,"54_83_1402",38.8194296214926,-79.6411968687493
"7714",7713,"54_83_1402",38.8356488639292,-79.6497922415478
"7715",7714,"54_83_1402",38.8407073122462,-79.6521643437717
"7716",7715,"54_83_1402",38.8306641813828,-79.6430342271457
"7717",7716,"54_83_1402",38.8329102819419,-79.6346166338721
"7718",7717,"54_83_1402",38.8331110683177,-79.6424186675034
"7719",7718,"54_83_1402",38.8309005789909,-79.6451898396366
"7720",7719,"54_83_1402",38.8332059542707,-79.64390991764
"7721",7720,"54_83_2332",38.7126683237132,-79.603076741475
"7722",7721,"54_83_2332",38.710438867798,-79.6173500372971
"7723",7722,"54_83_2332",38.7052028244563,-79.6230831057987
"7724",7723,"54_83_2332",38.7219585467072,-79.6089094152246
"7725",7724,"54_83_2332",38.7091880969282,-79.6127901108628
"7726",7725,"54_83_2332",38.7142429128475,-79.6054886228147
"7727",7726,"54_83_2332",38.6967966452966,-79.6118731929779
"7728",7727,"54_83_2332",38.7019801812573,-79.6095336859271
"7729",7728,"54_83_2332",38.7186321699726,-79.6137829223356
"7730",7729,"54_83_2332",38.7185369924116,-79.6062298741961
"7731",7730,"54_101_1081",38.3604299746391,-80.300166200755
"7732",7731,"54_101_1081",38.3622134638481,-80.3107373510356
"7733",7732,"54_101_1081",38.3730644820416,-80.3214660355667
"7734",7733,"54_101_1081",38.3749761859435,-80.3039012561001
"7735",7734,"54_101_1081",38.3810063636561,-80.3194423050583
"7736",7735,"54_101_1081",38.3788790399549,-80.3060894051413
"7737",7736,"54_101_1081",38.3579372312906,-80.3066217835198
"7738",7737,"54_101_1081",38.370670698097,-80.294512980855
"7739",7738,"54_101_1081",38.3677722862938,-80.3065931204947
"7740",7739,"54_101_1081",38.368381632301,-80.3135910773088
"7741",7740,"54_101_2463",38.2996935457163,-80.5007348264729
"7742",7741,"54_101_2463",38.3107761057351,-80.4945358516918
"7743",7742,"54_101_2463",38.3052329991949,-80.5045738337207
"7744",7743,"54_101_2463",38.3033264854327,-80.5164950437105
"7745",7744,"54_101_2463",38.3046522628016,-80.5099040385291
"7746",7745,"54_101_2463",38.3026721121191,-80.4988562453101
"7747",7746,"54_101_2463",38.2962312608228,-80.51154450234
"7748",7747,"54_101_2463",38.3065196720178,-80.4946524767422
"7749",7748,"54_101_2463",38.3061046150209,-80.5090815438552
"7750",7749,"54_101_2463",38.2996018634615,-80.4982095371923
"7751",7750,"54_25_1303",37.9926243224041,-80.1751355116176
"7752",7751,"54_25_1303",37.9734936072699,-80.174278198696
"7753",7752,"54_25_1303",37.9810925417221,-80.1534634316533
"7754",7753,"54_25_1303",37.9916783352566,-80.1591364994246
"7755",7754,"54_25_1303",37.9786514229115,-80.1726087688634
"7756",7755,"54_25_1303",37.9857519471426,-80.1755472132705
"7757",7756,"54_25_1303",37.9767028412928,-80.1628640434138
"7758",7757,"54_25_1303",37.9882667426435,-80.1709877279554
"7759",7758,"54_25_1303",37.9730817228563,-80.163738598933
"7760",7759,"54_25_1303",37.9838465802087,-80.1764580471812
"7761",7760,"54_25_865",37.8907458744844,-80.2957218614349
"7762",7761,"54_25_865",37.8886862959851,-80.3075584376364
"7763",7762,"54_25_865",37.8864989952324,-80.3148033338093
"7764",7763,"54_25_865",37.889390097689,-80.3030740510265
"7765",7764,"54_25_865",37.9021077057583,-80.3073806446553
"7766",7765,"54_25_865",37.8897856039081,-80.3029240045592
"7767",7766,"54_25_865",37.8801712577309,-80.309281377838
"7768",7767,"54_25_865",37.8844993429741,-80.3051328780147
"7769",7768,"54_25_865",37.8884672923898,-80.3006395606182
"7770",7769,"54_25_865",37.882549434511,-80.3022842431956
"7771",7770,"54_25_1173",37.9088982186101,-80.1686673011108
"7772",7771,"54_25_1173",37.9087168962343,-80.1688855234547
"7773",7772,"54_25_1173",37.9064249745334,-80.1858423700861
"7774",7773,"54_25_1173",37.9127363707768,-80.169225715191
"7775",7774,"54_25_1173",37.9103146830497,-80.1840277211531
"7776",7775,"54_25_1173",37.9109220836396,-80.1745399792174
"7777",7776,"54_25_1173",37.9007871548585,-80.1618192900828
"7778",7777,"54_25_1173",37.9106300356773,-80.1673367627777
"7779",7778,"54_25_1173",37.9083485185627,-80.1602632230698
"7780",7779,"54_25_1173",37.9137221649678,-80.1599370254212
"7781",7780,"54_25_1285",38.0423219297351,-80.0825501963777
"7782",7781,"54_25_1285",38.0524026686944,-80.0597419475172
"7783",7782,"54_25_1285",38.037444618681,-80.0668142698037
"7784",7783,"54_25_1285",38.0420646777299,-80.0620622193781
"7785",7784,"54_25_1285",38.0345078821153,-80.047983378522
"7786",7785,"54_25_1285",38.0380277067822,-80.0645227494862
"7787",7786,"54_25_1285",38.0288296246838,-80.0529564365805
"7788",7787,"54_25_1285",38.0395147131899,-80.0628008413282
"7789",7788,"54_25_1285",38.0354264985714,-80.0492595314468
"7790",7789,"54_25_1285",38.0423039666782,-80.0660317653406
"7791",7790,"54_25_1597",37.9689376672749,-80.1134609432232
"7792",7791,"54_25_1597",37.9613302009077,-80.0965758618146
"7793",7792,"54_25_1597",37.9587986163184,-80.1023676770302
"7794",7793,"54_25_1597",37.9693751164035,-80.0942245790707
"7795",7794,"54_25_1597",37.9587068420513,-80.1055795330384
"7796",7795,"54_25_1597",37.9642805849276,-80.1053117349113
"7797",7796,"54_25_1597",37.9611004572408,-80.0874203856154
"7798",7797,"54_25_1597",37.9647899924862,-80.0867670023053
"7799",7798,"54_25_1597",37.9700544380814,-80.1163498190821
"7800",7799,"54_25_1597",37.9607179773008,-80.1118549397664
"7801",7800,"54_31_1361",38.9855875547359,-78.639063079532
"7802",7801,"54_31_1361",38.9880233591532,-78.6643372383986
"7803",7802,"54_31_1361",38.9923617424025,-78.6539760129978
"7804",7803,"54_31_1361",38.9996747754849,-78.6441275277114
"7805",7804,"54_31_1361",38.9942434013093,-78.65146046574
"7806",7805,"54_31_1361",38.9847091451631,-78.6582868914619
"7807",7806,"54_31_1361",38.9888833782268,-78.6444546870967
"7808",7807,"54_31_1361",38.9957087990171,-78.6553288312865
"7809",7808,"54_31_1361",38.9930389009687,-78.6572672081256
"7810",7809,"54_31_1361",39.0048099006796,-78.6538292870227
"7811",7810,"54_71_999",38.949260503008,-79.343925046806
"7812",7811,"54_71_999",38.9527097723206,-79.3552158273079
"7813",7812,"54_71_999",38.9532078097862,-79.3332381986145
"7814",7813,"54_71_999",38.9498376143035,-79.3425727153863
"7815",7814,"54_71_999",38.9597172569487,-79.3476467290104
"7816",7815,"54_71_999",38.9521559313701,-79.3408985567611
"7817",7816,"54_71_999",38.9543319068841,-79.3346311806995
"7818",7817,"54_71_999",38.9517456420011,-79.3426837550846
"7819",7818,"54_71_999",38.9513804863354,-79.3426879798477
"7820",7819,"54_71_999",38.9484519610147,-79.3341767075012
"7821",7820,"54_71_1163",38.4948457542112,-79.2453489799738
"7822",7821,"54_71_1163",38.4881688698424,-79.2558600842337
"7823",7822,"54_71_1163",38.4839001402832,-79.2663026947074
"7824",7823,"54_71_1163",38.4858328284988,-79.242247786399
"7825",7824,"54_71_1163",38.4887343840398,-79.238557753563
"7826",7825,"54_71_1163",38.4716295686972,-79.2508093620842
"7827",7826,"54_71_1163",38.4845483269689,-79.2524534632583
"7828",7827,"54_71_1163",38.4758486583715,-79.2588318644243
"7829",7828,"54_71_1163",38.4723078532951,-79.2500144760151
"7830",7829,"54_71_1163",38.4846835819112,-79.2531579799899
"7831",7830,"54_71_1217",38.6320346949268,-79.1814890258847
"7832",7831,"54_71_1217",38.6340449581233,-79.173319690815
"7833",7832,"54_71_1217",38.6341096453256,-79.1767393557782
"7834",7833,"54_71_1217",38.6386321302381,-79.1756683127782
"7835",7834,"54_71_1217",38.6492117594931,-79.1789479304592
"7836",7835,"54_71_1217",38.6264407075711,-79.1803949210925
"7837",7836,"54_71_1217",38.6426404758639,-79.1883026045084
"7838",7837,"54_71_1217",38.6387310935715,-79.1796308352396
"7839",7838,"54_71_1217",38.6328427658118,-79.1901898893058
"7840",7839,"54_71_1217",38.6462048177358,-79.1706094960673
"7841",7840,"54_71_2297",38.5667253286125,-79.216973619135
"7842",7841,"54_71_2297",38.5697146317203,-79.2254663671408
"7843",7842,"54_71_2297",38.5703911407938,-79.2184748109821
"7844",7843,"54_71_2297",38.575312595946,-79.2102356958862
"7845",7844,"54_71_2297",38.5548345121903,-79.2273408717664
"7846",7845,"54_71_2297",38.5740851829598,-79.2223879671309
"7847",7846,"54_71_2297",38.5635413279075,-79.2142997739909
"7848",7847,"54_71_2297",38.566241313128,-79.2170226251143
"7849",7848,"54_71_2297",38.5728740476248,-79.2088894183463
"7850",7849,"54_71_2297",38.5744484149218,-79.213820543934
"7851",7850,"54_75_84",38.6469314595589,-79.8190268695807
"7852",7851,"54_75_84",38.6398512171042,-79.813224361351
"7853",7852,"54_75_84",38.6357286965982,-79.8119655921237
"7854",7853,"54_75_84",38.6564183623912,-79.8160707188277
"7855",7854,"54_75_84",38.6459872747863,-79.8118475331378
"7856",7855,"54_75_84",38.6447944125899,-79.8198418940171
"7857",7856,"54_75_84",38.6456245116402,-79.8044256885394
"7858",7857,"54_75_84",38.6416270253828,-79.802020732176
"7859",7858,"54_75_84",38.6336443070629,-79.8088670576958
"7860",7859,"54_75_84",38.6471204186393,-79.812641173679
"7861",7860,"54_75_200",38.4170594252082,-79.761227346502
"7862",7861,"54_75_200",38.4078534770475,-79.7554929634326
"7863",7862,"54_75_200",38.4143777568786,-79.7475630615647
"7864",7863,"54_75_200",38.4095241136435,-79.7709654452108
"7865",7864,"54_75_200",38.4236748629314,-79.7627393727075
"7866",7865,"54_75_200",38.4197363018636,-79.7722430365287
"7867",7866,"54_75_200",38.404804273556,-79.7635570712004
"7868",7867,"54_75_200",38.4151571221323,-79.7652732778953
"7869",7868,"54_75_200",38.4155205549479,-79.7650030070346
"7870",7869,"54_75_200",38.4311057287935,-79.7592804349415
"7871",7870,"54_75_244",38.4581276032237,-80.0983335687647
"7872",7871,"54_75_244",38.4475216253866,-80.1027713018585
"7873",7872,"54_75_244",38.4492041517349,-80.087235444156
"7874",7873,"54_75_244",38.447139088221,-80.0965924257723
"7875",7874,"54_75_244",38.4384532181195,-80.0878982222321
"7876",7875,"54_75_244",38.4520114594874,-80.1062274713732
"7877",7876,"54_75_244",38.4400110276695,-80.0840715846078
"7878",7877,"54_75_244",38.4406525025563,-80.1032608113425
"7879",7878,"54_75_244",38.4466295791604,-80.1112048267018
"7880",7879,"54_75_244",38.4582993021228,-80.0990886266737
"7881",7880,"54_75_349",38.1180667114125,-80.0765744926312
"7882",7881,"54_75_349",38.1151837344103,-80.0848648868471
"7883",7882,"54_75_349",38.1281883079245,-80.0874399878774
"7884",7883,"54_75_349",38.1284687837996,-80.0850030201415
"7885",7884,"54_75_349",38.1313058828816,-80.0834971429367
"7886",7885,"54_75_349",38.1251940345524,-80.0961743445839
"7887",7886,"54_75_349",38.1271239713158,-80.0838612740635
"7888",7887,"54_75_349",38.1246977452469,-80.0713261360194
"7889",7888,"54_75_349",38.128643170614,-80.0839855447212
"7890",7889,"54_75_349",38.1181574574024,-80.0949669809089
"7891",7890,"54_75_1903",38.5226402871038,-79.9085163547622
"7892",7891,"54_75_1903",38.5258901244495,-79.913320056235
"7893",7892,"54_75_1903",38.5233310802337,-79.9018015947525
"7894",7893,"54_75_1903",38.5246757751943,-79.9104917780509
"7895",7894,"54_75_1903",38.5203804634761,-79.9131330090599
"7896",7895,"54_75_1903",38.5243969162091,-79.9115860407923
"7897",7896,"54_75_1903",38.5188987246035,-79.9083469036605
"7898",7897,"54_75_1903",38.5182298939648,-79.9069314286385
"7899",7898,"54_75_1903",38.5244424665895,-79.9215012589814
"7900",7899,"54_75_1903",38.5235280267409,-79.9238164126095
"7901",7900,"54_75_2024",38.5724202778758,-79.73351238923
"7902",7901,"54_75_2024",38.5683905347786,-79.7173303745772
"7903",7902,"54_75_2024",38.5764777034703,-79.7142095983379
"7904",7903,"54_75_2024",38.5728647058509,-79.7164298329274
"7905",7904,"54_75_2024",38.5738935368607,-79.7303212208642
"7906",7905,"54_75_2024",38.5770422648198,-79.7266151695931
"7907",7906,"54_75_2024",38.5752165844457,-79.738825768217
"7908",7907,"54_75_2024",38.5836241027985,-79.7245609678763
"7909",7908,"54_75_2024",38.5795191259633,-79.7109411204566
"7910",7909,"54_75_2024",38.5741084393092,-79.7316804519471
"7911",7910,"54_75_2164",38.2209043905918,-80.3308975313853
"7912",7911,"54_75_2164",38.2241326287989,-80.3556037881301
"7913",7912,"54_75_2164",38.2307167818945,-80.3484356978514
"7914",7913,"54_75_2164",38.2118318147641,-80.352739229158
"7915",7914,"54_75_2164",38.2279889448561,-80.3450971198111
"7916",7915,"54_75_2164",38.2305412635353,-80.3502378952561
"7917",7916,"54_75_2164",38.2193590883959,-80.3466608409196
"7918",7917,"54_75_2164",38.222793099801,-80.3327125791763
"7919",7918,"54_75_2164",38.2176533995547,-80.3466558221401
"7920",7919,"54_75_2164",38.2146863441686,-80.3346782183727
"7921",7920,"54_75_2295",38.2923798952161,-79.8510795873499
"7922",7921,"54_75_2295",38.2799471865208,-79.8540765422078
"7923",7922,"54_75_2295",38.2785813776883,-79.8611488547301
"7924",7923,"54_75_2295",38.2832949626859,-79.8663027843811
"7925",7924,"54_75_2295",38.287587640345,-79.8647407598744
"7926",7925,"54_75_2295",38.2814972888402,-79.849073647015
"7927",7926,"54_75_2295",38.2777201166387,-79.8575732689205
"7928",7927,"54_75_2295",38.297236611938,-79.8541686680609
"7929",7928,"54_75_2295",38.2821134373992,-79.856328374698
"7930",7929,"54_75_2295",38.2851604104647,-79.8498297485474
"7931",7930,"54_75_2323",38.4476456482916,-79.9452367986829
"7932",7931,"54_75_2323",38.429079779498,-79.9442397134269
"7933",7932,"54_75_2323",38.4357422406001,-79.954414879517
"7934",7933,"54_75_2323",38.4428320107903,-79.9409107959666
"7935",7934,"54_75_2323",38.4294823585998,-79.9442692499099
"7936",7935,"54_75_2323",38.4494783243065,-79.9508902270393
"7937",7936,"54_75_2323",38.4433602026012,-79.9361719363566
"7938",7937,"54_75_2323",38.4412917854948,-79.9554780201825
"7939",7938,"54_75_2323",38.4536477267237,-79.9381203441197
"7940",7939,"54_75_2323",38.4540630026223,-79.9278776826038
"7941",7940,"54_93_238",39.0305987609784,-79.632724983007
"7942",7941,"54_93_238",39.0235692860242,-79.6255556937477
"7943",7942,"54_93_238",39.0319732004148,-79.6430933801528
"7944",7943,"54_93_238",39.0197106219335,-79.6330240326588
"7945",7944,"54_93_238",39.0344194944853,-79.6145771414896
"7946",7945,"54_93_238",39.0286435829033,-79.630644859068
"7947",7946,"54_93_238",39.0242075979499,-79.6290150131018
"7948",7947,"54_93_238",39.0378994631642,-79.6178008507941
"7949",7948,"54_93_238",39.0342355736947,-79.6297959260065
"7950",7949,"54_93_238",39.0337098358942,-79.626538954144
"7951",7950,"54_93_2126",39.1018541748597,-79.4416816123521
"7952",7951,"54_93_2126",39.0944721928375,-79.4418173936169
"7953",7952,"54_93_2126",39.1001472021325,-79.4506047726006
"7954",7953,"54_93_2126",39.1067637998746,-79.4529206409059
"7955",7954,"54_93_2126",39.1042055033856,-79.4558073802831
"7956",7955,"54_93_2126",39.0952776918869,-79.4538058257807
"7957",7956,"54_93_2126",39.1136477130117,-79.4389825076289
"7958",7957,"54_93_2126",39.1115292777128,-79.4603831824457
"7959",7958,"54_93_2126",39.1109109250556,-79.4508519294007
"7960",7959,"54_93_2126",39.1066135324769,-79.4486530526535
"7961",7960,"54_31_1695",39.0254509685554,-78.5863907999295
"7962",7961,"54_31_1695",39.0193127880403,-78.6185614129313
"7963",7962,"54_31_1695",39.0194546655382,-78.6032658371804
"7964",7963,"54_31_1695",39.0259579293672,-78.6043810184221
"7965",7964,"54_31_1695",39.0238745164799,-78.5991192174891
"7966",7965,"54_31_1695",39.0205388377202,-78.6023508130618
"7967",7966,"54_31_1695",39.0234836398474,-78.5936756687377
"7968",7967,"54_31_1695",39.0108524140141,-78.609714479974
"7969",7968,"54_31_1695",39.0165298730974,-78.6126495037337
"7970",7969,"54_31_1695",39.020505015781,-78.6172931428426
"7971",7970,"54_71_165",38.7368988377053,-79.0903927978325
"7972",7971,"54_71_165",38.7405592486068,-79.0832996148501
"7973",7972,"54_71_165",38.7366495925944,-79.085422553199
"7974",7973,"54_71_165",38.7330258952714,-79.0942235342452
"7975",7974,"54_71_165",38.7235868818783,-79.0860513069231
"7976",7975,"54_71_165",38.7305002062396,-79.0954603397592
"7977",7976,"54_71_165",38.731694158679,-79.0763167478065
"7978",7977,"54_71_165",38.7452550191671,-79.0816552661257
"7979",7978,"54_71_165",38.730865258551,-79.0981854800247
"7980",7979,"54_71_165",38.7310260005167,-79.0952429840699
"7981",7980,"54_71_681",38.8688650382429,-79.3859425259186
"7982",7981,"54_71_681",38.8806261822322,-79.3734366317122
"7983",7982,"54_71_681",38.8653183568837,-79.3830026216556
"7984",7983,"54_71_681",38.8723937852304,-79.3947682281065
"7985",7984,"54_71_681",38.8774797551671,-79.3680447626346
"7986",7985,"54_71_681",38.8772170319871,-79.3676633716572
"7987",7986,"54_71_681",38.8765454589516,-79.3779726153573
"7988",7987,"54_71_681",38.8774323205017,-79.3680253973532
"7989",7988,"54_71_681",38.8733186410335,-79.3771865543799
"7990",7989,"54_71_681",38.8718977603468,-79.3773752242912
"7991",7990,"54_71_2071",38.5813711984977,-79.1671467926552
"7992",7991,"54_71_2071",38.5732393502739,-79.1706885407239
"7993",7992,"54_71_2071",38.568624814097,-79.1631007298626
"7994",7993,"54_71_2071",38.5734480361419,-79.1605264905882
"7995",7994,"54_71_2071",38.5706957173866,-79.1821212440279
"7996",7995,"54_71_2071",38.5708495362605,-79.1583217288214
"7997",7996,"54_71_2071",38.5723474254122,-79.1895273745251
"7998",7997,"54_71_2071",38.579389565593,-79.1701757258595
"7999",7998,"54_71_2071",38.5689921890138,-79.1635446587965
"8000",7999,"54_71_2071",38.5742325675531,-79.1784450471755
"8001",8000,"54_75_398",38.404792060697,-80.0853496036221
"8002",8001,"54_75_398",38.3994440541368,-80.0945643008138
"8003",8002,"54_75_398",38.3884502382979,-80.0942875206154
"8004",8003,"54_75_398",38.3956007377718,-80.0938076055415
"8005",8004,"54_75_398",38.396444885696,-80.0931350799189
"8006",8005,"54_75_398",38.3945988476807,-80.0890638020712
"8007",8006,"54_75_398",38.3944778432826,-80.0795169456026
"8008",8007,"54_75_398",38.4046070442325,-80.0837820367096
"8009",8008,"54_75_398",38.4031485407449,-80.1056633262046
"8010",8009,"54_75_398",38.394322829265,-80.0892581701907
"8011",8010,"54_75_1103",38.6289353161968,-79.8036315484288
"8012",8011,"54_75_1103",38.6220609604201,-79.8202769566735
"8013",8012,"54_75_1103",38.6216526702904,-79.7992609000386
"8014",8013,"54_75_1103",38.6071276362581,-79.8045140951365
"8015",8014,"54_75_1103",38.6158689520237,-79.8285716768072
"8016",8015,"54_75_1103",38.6189439133902,-79.8087625002576
"8017",8016,"54_75_1103",38.6271023577942,-79.8097272938542
"8018",8017,"54_75_1103",38.6201710287886,-79.8141218358591
"8019",8018,"54_75_1103",38.6200730787007,-79.8239865478502
"8020",8019,"54_75_1103",38.6246139922681,-79.8088705369692
"8021",8020,"54_75_1281",38.2839947944774,-80.329585026034
"8022",8021,"54_75_1281",38.2884768334889,-80.328743370216
"8023",8022,"54_75_1281",38.2970940463554,-80.3152443838581
"8024",8023,"54_75_1281",38.2912532921968,-80.3288654300464
"8025",8024,"54_75_1281",38.2892833328372,-80.3291417133666
"8026",8025,"54_75_1281",38.2926440725449,-80.3472232098882
"8027",8026,"54_75_1281",38.2925224908834,-80.3400702026148
"8028",8027,"54_75_1281",38.2923599906873,-80.3276848467383
"8029",8028,"54_75_1281",38.2804825580058,-80.3255341206349
"8030",8029,"54_75_1281",38.2890461980478,-80.3343759119828
"8031",8030,"54_75_1665",38.4496289035362,-79.9866065541586
"8032",8031,"54_75_1665",38.4454656549155,-79.9980880718276
"8033",8032,"54_75_1665",38.4703822461682,-79.9877713464746
"8034",8033,"54_75_1665",38.4693227486985,-79.985906132021
"8035",8034,"54_75_1665",38.4551073455342,-79.9953055664924
"8036",8035,"54_75_1665",38.4523974440141,-79.9979635488851
"8037",8036,"54_75_1665",38.4610111829762,-79.9957424850291
"8038",8037,"54_75_1665",38.460483196633,-80.0083552479039
"8039",8038,"54_75_1665",38.4585377669318,-79.9874196524745
"8040",8039,"54_75_1665",38.4672377291329,-79.9857304915516
"8041",8040,"54_75_1815",38.1718471185228,-80.3303996644654
"8042",8041,"54_75_1815",38.1568709281445,-80.3504972016782
"8043",8042,"54_75_1815",38.1622780001757,-80.3443266038084
"8044",8043,"54_75_1815",38.1621510525529,-80.342542254725
"8045",8044,"54_75_1815",38.1677867107043,-80.338300389747
"8046",8045,"54_75_1815",38.156382321592,-80.3473230398934
"8047",8046,"54_75_1815",38.1575253394572,-80.3535621945285
"8048",8047,"54_75_1815",38.1619017207921,-80.342910101414
"8049",8048,"54_75_1815",38.1578479718523,-80.3417829120226
"8050",8049,"54_75_1815",38.1550153220271,-80.3522033310101
"8051",8050,"54_75_2017",38.5167425819385,-79.6825457645648
"8052",8051,"54_75_2017",38.5046227675952,-79.6953664075867
"8053",8052,"54_75_2017",38.5226565974216,-79.6744603132542
"8054",8053,"54_75_2017",38.5120338005708,-79.6827766153747
"8055",8054,"54_75_2017",38.4999685567176,-79.6858416411083
"8056",8055,"54_75_2017",38.5113521679421,-79.6846242966894
"8057",8056,"54_75_2017",38.5121057781374,-79.6830395762505
"8058",8057,"54_75_2017",38.5052775741183,-79.6681240018392
"8059",8058,"54_75_2017",38.5192146563094,-79.6855160985077
"8060",8059,"54_75_2017",38.5204214871373,-79.6741916643393
"8061",8060,"54_75_2059",38.2034038799017,-80.2140564172179
"8062",8061,"54_75_2059",38.2089180389157,-80.208057278991
"8063",8062,"54_75_2059",38.207695104826,-80.2191594544762
"8064",8063,"54_75_2059",38.2125774951464,-80.2123954824043
"8065",8064,"54_75_2059",38.2148372191751,-80.2180714834646
"8066",8065,"54_75_2059",38.2152143079309,-80.210452019336
"8067",8066,"54_75_2059",38.2114589824508,-80.2065973731601
"8068",8067,"54_75_2059",38.2230330167176,-80.2196478212225
"8069",8068,"54_75_2059",38.2013358916438,-80.2135581985025
"8070",8069,"54_75_2059",38.2039199729153,-80.2002542476956
"8071",8070,"54_75_2161",38.251367183457,-80.1683798898953
"8072",8071,"54_75_2161",38.2541072059507,-80.1744305149275
"8073",8072,"54_75_2161",38.2404726918541,-80.1794876570784
"8074",8073,"54_75_2161",38.246412537302,-80.1525510076811
"8075",8074,"54_75_2161",38.2450396477841,-80.1721374852703
"8076",8075,"54_75_2161",38.2429289153751,-80.1644768696676
"8077",8076,"54_75_2161",38.2465777577269,-80.1654673642236
"8078",8077,"54_75_2161",38.2460948853801,-80.1656067307636
"8079",8078,"54_75_2161",38.2525137084854,-80.1623390651934
"8080",8079,"54_75_2161",38.2449716935355,-80.1589891408138
"8081",8080,"54_75_2351",38.3021420420295,-80.2882096812567
"8082",8081,"54_75_2351",38.3177009627425,-80.2891188536053
"8083",8082,"54_75_2351",38.3186689993455,-80.2835852805734
"8084",8083,"54_75_2351",38.3120627570598,-80.2913009525021
"8085",8084,"54_75_2351",38.3184491330492,-80.2843086270644
"8086",8085,"54_75_2351",38.3157000313456,-80.3013964628805
"8087",8086,"54_75_2351",38.3086152016293,-80.2954603070674
"8088",8087,"54_75_2351",38.3099060253579,-80.2860284521174
"8089",8088,"54_75_2351",38.3179199234729,-80.2804071572336
"8090",8089,"54_75_2351",38.3134020557,-80.2798239723821
"8091",8090,"54_77_1491",39.2227155849429,-79.505423848294
"8092",8091,"54_77_1491",39.2233004964639,-79.5139936653696
"8093",8092,"54_77_1491",39.2323570633845,-79.4874026019836
"8094",8093,"54_77_1491",39.2248213266991,-79.4968575650289
"8095",8094,"54_77_1491",39.2279461873671,-79.5032817622959
"8096",8095,"54_77_1491",39.2227555565999,-79.5054462807582
"8097",8096,"54_77_1491",39.2223017236253,-79.5179902007279
"8098",8097,"54_77_1491",39.2238024522475,-79.4901358186429
"8099",8098,"54_77_1491",39.2331966160784,-79.4939139561858
"8100",8099,"54_77_1491",39.2236680494015,-79.5033856780696
"8101",8100,"54_23_292",39.0520940003724,-79.2776033662428
"8102",8101,"54_23_292",39.045348054685,-79.2858438611435
"8103",8102,"54_23_292",39.0508036290354,-79.2833567225563
"8104",8103,"54_23_292",39.046868927571,-79.2746883975333
"8105",8104,"54_23_292",39.0495499513146,-79.2912279962294
"8106",8105,"54_23_292",39.0488384295408,-79.2863355312782
"8107",8106,"54_23_292",39.0538016335554,-79.2951089765191
"8108",8107,"54_23_292",39.0556931186854,-79.2732284284418
"8109",8108,"54_23_292",39.0565678115942,-79.2798542206087
"8110",8109,"54_23_292",39.0408736752377,-79.2806333119675
"8111",8110,"54_23_2064",38.9980855329953,-79.2909726956894
"8112",8111,"54_23_2064",38.9927978219982,-79.2989985001187
"8113",8112,"54_23_2064",39.0089038310954,-79.2963147161117
"8114",8113,"54_23_2064",39.003313263042,-79.2966181658086
"8115",8114,"54_23_2064",39.0082070754062,-79.2775117923396
"8116",8115,"54_23_2064",39.009526334786,-79.279052532844
"8117",8116,"54_23_2064",39.0032680575595,-79.2935148597986
"8118",8117,"54_23_2064",39.0015870022699,-79.2978519926818
"8119",8118,"54_23_2064",38.9966792823765,-79.281264752278
"8120",8119,"54_23_2064",39.0059219579396,-79.2916436071424
"8121",8120,"54_83_15",38.6897263646093,-79.9528917965894
"8122",8121,"54_83_15",38.6895314419536,-79.9575882779402
"8123",8122,"54_83_15",38.6895520581302,-79.9426328229004
"8124",8123,"54_83_15",38.6858751471403,-79.9447207748623
"8125",8124,"54_83_15",38.6846651863548,-79.9437559021738
"8126",8125,"54_83_15",38.6948345236944,-79.9420921895691
"8127",8126,"54_83_15",38.6861883452543,-79.9417619185519
"8128",8127,"54_83_15",38.6899449137785,-79.9404566369523
"8129",8128,"54_83_15",38.6920821522497,-79.9494092933357
"8130",8129,"54_83_15",38.6821645529436,-79.9306773527652
"8131",8130,"54_83_340",39.0187246393076,-79.7716334935506
"8132",8131,"54_83_340",39.0142343555833,-79.7770392153248
"8133",8132,"54_83_340",39.0189994510608,-79.7646971488093
"8134",8133,"54_83_340",39.0109532486424,-79.7721527089033
"8135",8134,"54_83_340",39.0291635761842,-79.7762091896235
"8136",8135,"54_83_340",39.026181376697,-79.7665761901662
"8137",8136,"54_83_340",39.0175035815216,-79.7769236314771
"8138",8137,"54_83_340",39.0248174082075,-79.7566906992435
"8139",8138,"54_83_340",39.0285413517851,-79.769133498152
"8140",8139,"54_83_340",39.0312343211931,-79.7722274609648
"8141",8140,"54_83_343",38.6570949948484,-79.9811043113835
"8142",8141,"54_83_343",38.6629266286193,-79.9809645884907
"8143",8142,"54_83_343",38.6524130854831,-79.9896882565434
"8144",8143,"54_83_343",38.6514787600653,-79.9756594437884
"8145",8144,"54_83_343",38.6662180067679,-79.9818733070718
"8146",8145,"54_83_343",38.6594922875847,-79.9632226525328
"8147",8146,"54_83_343",38.6570734140121,-79.9648640096432
"8148",8147,"54_83_343",38.6552855058964,-79.9759171219177
"8149",8148,"54_83_343",38.654128855162,-79.9785414041566
"8150",8149,"54_83_343",38.6590876409704,-79.9700311806885
"8151",8150,"54_83_854",38.5748024122373,-79.862010680506
"8152",8151,"54_83_854",38.5831053028765,-79.859693824199
"8153",8152,"54_83_854",38.5900420260367,-79.8711060504062
"8154",8153,"54_83_854",38.5832518910047,-79.8609048727091
"8155",8154,"54_83_854",38.5867499809258,-79.8620338571126
"8156",8155,"54_83_854",38.5936467627463,-79.8584293615194
"8157",8156,"54_83_854",38.5818802449764,-79.8684800327934
"8158",8157,"54_83_854",38.5793325126476,-79.8441332011196
"8159",8158,"54_83_854",38.578642678889,-79.8471043483281
"8160",8159,"54_83_854",38.5875000675702,-79.8618783181047
"8161",8160,"54_83_973",38.9002472963746,-79.6602423492868
"8162",8161,"54_83_973",38.9046837958489,-79.6711022797918
"8163",8162,"54_83_973",38.9096669929211,-79.6786310494552
"8164",8163,"54_83_973",38.9151247823791,-79.6763810463742
"8165",8164,"54_83_973",38.8993057061246,-79.6557894497463
"8166",8165,"54_83_973",38.9030337120176,-79.6557736528523
"8167",8166,"54_83_973",38.9045202752908,-79.6578365633103
"8168",8167,"54_83_973",38.892052856748,-79.6695766025308
"8169",8168,"54_83_973",38.9083905275319,-79.6755312608781
"8170",8169,"54_83_973",38.9077775334388,-79.6641453963284
"8171",8170,"54_93_668",39.1248596374642,-79.7628535980416
"8172",8171,"54_93_668",39.1131197519487,-79.7608442958277
"8173",8172,"54_93_668",39.1228568696715,-79.7500848547088
"8174",8173,"54_93_668",39.1161282609398,-79.7747984768454
"8175",8174,"54_93_668",39.1232301380521,-79.7592822863741
"8176",8175,"54_93_668",39.1280070973608,-79.7637451652789
"8177",8176,"54_93_668",39.1197663801654,-79.7621173921364
"8178",8177,"54_93_668",39.119937559352,-79.7617515607942
"8179",8178,"54_93_668",39.1142407473366,-79.7695831450367
"8180",8179,"54_93_668",39.1211222720018,-79.7628740824671
"8181",8180,"54_101_963",38.3825265787259,-80.4517252084297
"8182",8181,"54_101_963",38.3792155410504,-80.4371909494578
"8183",8182,"54_101_963",38.3725951221064,-80.4399799410805
"8184",8183,"54_101_963",38.3771946465937,-80.4472426654234
"8185",8184,"54_101_963",38.3864476924429,-80.4552430445088
"8186",8185,"54_101_963",38.3749833898428,-80.4493059915108
"8187",8186,"54_101_963",38.3722235428307,-80.4438345018794
"8188",8187,"54_101_963",38.3790603164018,-80.4316807237809
"8189",8188,"54_101_963",38.3643074836854,-80.4429799317222
"8190",8189,"54_101_963",38.3710343602865,-80.4514770381055
"8191",8190,"54_27_2028",39.1266409007903,-78.5080499997651
"8192",8191,"54_27_2028",39.1256959372246,-78.5274481700976
"8193",8192,"54_27_2028",39.120269994673,-78.5146123513984
"8194",8193,"54_27_2028",39.1244820416057,-78.5254316389642
"8195",8194,"54_27_2028",39.129774255956,-78.5245461704158
"8196",8195,"54_27_2028",39.1159915092478,-78.5402511614774
"8197",8196,"54_27_2028",39.1239522318603,-78.5263236727766
"8198",8197,"54_27_2028",39.1285620111464,-78.5374819725872
"8199",8198,"54_27_2028",39.1208970284286,-78.520380270123
"8200",8199,"54_27_2028",39.1288067974435,-78.5190177585805
"8201",8200,"54_31_229",38.9722111276713,-78.6119444679981
"8202",8201,"54_31_229",38.9829903722239,-78.5993082783373
"8203",8202,"54_31_229",38.9899466912769,-78.6077118733778
"8204",8203,"54_31_229",38.9708430307629,-78.6028931674017
"8205",8204,"54_31_229",38.98900170306,-78.6114451279982
"8206",8205,"54_31_229",38.975195881383,-78.6026989878598
"8207",8206,"54_31_229",38.9811158334558,-78.6144578990616
"8208",8207,"54_31_229",38.9815089422415,-78.5982804020386
"8209",8208,"54_31_229",38.984934385878,-78.6173905466776
"8210",8209,"54_31_229",38.9779320032339,-78.6059624349303
"8211",8210,"54_31_395",38.9165007716747,-78.8190701198427
"8212",8211,"54_31_395",38.8957267846567,-78.8108829921961
"8213",8212,"54_31_395",38.8987600978765,-78.7957106691647
"8214",8213,"54_31_395",38.9036120487346,-78.8109220819954
"8215",8214,"54_31_395",38.9180643115851,-78.8044708524808
"8216",8215,"54_31_395",38.9081985715611,-78.8110207291724
"8217",8216,"54_31_395",38.9049590110173,-78.8108895604609
"8218",8217,"54_31_395",38.9073314817755,-78.8035223054315
"8219",8218,"54_31_395",38.9063082642689,-78.809543283977
"8220",8219,"54_31_395",38.9067508925819,-78.8045642652448
"8221",8220,"54_63_307",37.4815972482441,-80.3878366979571
"8222",8221,"54_63_307",37.4758448130145,-80.3808203103591
"8223",8222,"54_63_307",37.481561980612,-80.3855691787078
"8224",8223,"54_63_307",37.4872956416671,-80.379281184876
"8225",8224,"54_63_307",37.4809236014882,-80.3842281091971
"8226",8225,"54_63_307",37.4810436801189,-80.3940612936189
"8227",8226,"54_63_307",37.4778532412408,-80.3696998162977
"8228",8227,"54_63_307",37.4751535277406,-80.380318846689
"8229",8228,"54_63_307",37.4828700397994,-80.3883044563344
"8230",8229,"54_63_307",37.4732266346054,-80.3893570523808
"8231",8230,"54_63_1177",37.501760338434,-80.3407642773371
"8232",8231,"54_63_1177",37.5045621438771,-80.3400373102388
"8233",8232,"54_63_1177",37.512646804612,-80.3450596416394
"8234",8233,"54_63_1177",37.5061050534563,-80.338430884224
"8235",8234,"54_63_1177",37.5078218666924,-80.3219828449032
"8236",8235,"54_63_1177",37.5132157779459,-80.3311869298219
"8237",8236,"54_63_1177",37.5057450390739,-80.3363300225073
"8238",8237,"54_63_1177",37.5140521452985,-80.3296320357992
"8239",8238,"54_63_1177",37.5120463185896,-80.339387680365
"8240",8239,"54_63_1177",37.5154325720929,-80.3432093406461
"8241",8240,"54_67_888",38.2778144609329,-80.5925913375162
"8242",8241,"54_67_888",38.2869754364793,-80.6048392783774
"8243",8242,"54_67_888",38.2794342632507,-80.5985394235257
"8244",8243,"54_67_888",38.2867342220813,-80.5980837846623
"8245",8244,"54_67_888",38.2732575461578,-80.603999221155
"8246",8245,"54_67_888",38.279781553487,-80.5855215542999
"8247",8246,"54_67_888",38.27425869116,-80.592317913785
"8248",8247,"54_67_888",38.2850208932679,-80.5990203849412
"8249",8248,"54_67_888",38.2862334617781,-80.6048601936066
"8250",8249,"54_67_888",38.2906191964662,-80.6107525407141
"8251",8250,"54_25_1331",37.844915416728,-80.1968306810366
"8252",8251,"54_25_1331",37.8584649554918,-80.2236845543485
"8253",8252,"54_25_1331",37.8630393923576,-80.2134904583472
"8254",8253,"54_25_1331",37.8501213690725,-80.213999855034
"8255",8254,"54_25_1331",37.8439707137463,-80.20161399592
"8256",8255,"54_25_1331",37.8612429525579,-80.2048295942428
"8257",8256,"54_25_1331",37.84948393929,-80.2065302183381
"8258",8257,"54_25_1331",37.8457296893847,-80.2016329825773
"8259",8258,"54_25_1331",37.8593952168887,-80.2081561018477
"8260",8259,"54_25_1331",37.851815677513,-80.1989113442708
"8261",8260,"54_25_2233",37.9182428425066,-80.3112040492751
"8262",8261,"54_25_2233",37.9343198424632,-80.2956514637954
"8263",8262,"54_25_2233",37.9352784840893,-80.3171558005681
"8264",8263,"54_25_2233",37.9266063685989,-80.3017627505339
"8265",8264,"54_25_2233",37.9236763471577,-80.3109265866866
"8266",8265,"54_25_2233",37.9209514896592,-80.3102811980153
"8267",8266,"54_25_2233",37.9256703415853,-80.3130152424005
"8268",8267,"54_25_2233",37.92117345291,-80.3144082805144
"8269",8268,"54_25_2233",37.926325931559,-80.3182680672484
"8270",8269,"54_25_2233",37.9274051253373,-80.324966741875
"8271",8270,"54_25_2489",38.0035088201446,-80.1318021022319
"8272",8271,"54_25_2489",38.0084345570581,-80.1212308511564
"8273",8272,"54_25_2489",37.9960588644043,-80.1280470616447
"8274",8273,"54_25_2489",38.0075207892644,-80.1186867636774
"8275",8274,"54_25_2489",37.9933334001135,-80.1365601330312
"8276",8275,"54_25_2489",37.9978328740254,-80.1287546722345
"8277",8276,"54_25_2489",38.0027775854927,-80.1203330995224
"8278",8277,"54_25_2489",38.0045658365538,-80.1304186313479
"8279",8278,"54_25_2489",38.0007381106662,-80.1334817889228
"8280",8279,"54_25_2489",38.0078549839476,-80.1376150438074
"8281",8280,"54_71_822",38.8551979120315,-79.3293618782705
"8282",8281,"54_71_822",38.870194175674,-79.3385731929196
"8283",8282,"54_71_822",38.8759054988695,-79.3411598700484
"8284",8283,"54_71_822",38.8736766320795,-79.3435223974805
"8285",8284,"54_71_822",38.8630183447803,-79.3346614155364
"8286",8285,"54_71_822",38.8656408097885,-79.3303483647994
"8287",8286,"54_71_822",38.8630667255245,-79.3316454777589
"8288",8287,"54_71_822",38.8499600802374,-79.3383436076973
"8289",8288,"54_71_822",38.8748318323877,-79.3310985847272
"8290",8289,"54_71_822",38.8534773991588,-79.3299440801749
"8291",8290,"54_71_1349",38.7415325103292,-79.5454770808259
"8292",8291,"54_71_1349",38.7346471229015,-79.5501995164365
"8293",8292,"54_71_1349",38.7348834451762,-79.5244900967755
"8294",8293,"54_71_1349",38.7404396627466,-79.5487690666199
"8295",8294,"54_71_1349",38.7373550388862,-79.5441233507649
"8296",8295,"54_71_1349",38.7353322932122,-79.5416130711741
"8297",8296,"54_71_1349",38.7337204708262,-79.5413978936352
"8298",8297,"54_71_1349",38.7371152766564,-79.5560949485162
"8299",8298,"54_71_1349",38.7397324591218,-79.5493372682546
"8300",8299,"54_71_1349",38.7319171945946,-79.5347503731639
"8301",8300,"54_71_1765",38.6618495506641,-79.6017332856715
"8302",8301,"54_71_1765",38.6479878295453,-79.6140727772905
"8303",8302,"54_71_1765",38.6548989274329,-79.6028327879932
"8304",8303,"54_71_1765",38.6548867314872,-79.609629695895
"8305",8304,"54_71_1765",38.6503440027697,-79.5992590174653
"8306",8305,"54_71_1765",38.65720756019,-79.6117515856256
"8307",8306,"54_71_1765",38.6543228465053,-79.59592289731
"8308",8307,"54_71_1765",38.6461426360741,-79.6048211654312
"8309",8308,"54_71_1765",38.6555944559514,-79.604168022264
"8310",8309,"54_71_1765",38.6615529005594,-79.58976849323
"8311",8310,"54_71_1785",38.5106818119898,-79.2057406776826
"8312",8311,"54_71_1785",38.5217750450538,-79.2033163438537
"8313",8312,"54_71_1785",38.5212058215355,-79.2166125993078
"8314",8313,"54_71_1785",38.5167500311638,-79.2238271696712
"8315",8314,"54_71_1785",38.5085779497407,-79.2089979261291
"8316",8315,"54_71_1785",38.5239321996515,-79.2061687509722
"8317",8316,"54_71_1785",38.5107390077357,-79.2200976125546
"8318",8317,"54_71_1785",38.5191381370984,-79.2083828788302
"8319",8318,"54_71_1785",38.5261822725448,-79.2028992931506
"8320",8319,"54_71_1785",38.5234839578777,-79.2198473052112
"8321",8320,"54_75_85",38.2515485067765,-80.0010429540724
"8322",8321,"54_75_85",38.252130069089,-80.0000639578789
"8323",8322,"54_75_85",38.2574523685677,-79.9662063971083
"8324",8323,"54_75_85",38.2505375612057,-79.9780362357355
"8325",8324,"54_75_85",38.2482190664431,-79.9729860459711
"8326",8325,"54_75_85",38.2571556110415,-79.9875265431121
"8327",8326,"54_75_85",38.2590417262293,-79.9900531706653
"8328",8327,"54_75_85",38.2645396301064,-79.986699775977
"8329",8328,"54_75_85",38.2457577789869,-79.9694820253366
"8330",8329,"54_75_85",38.2461598660497,-79.986174788769
"8331",8330,"54_75_88",38.6094315318232,-79.6611802488119
"8332",8331,"54_75_88",38.6090945513619,-79.6592202995744
"8333",8332,"54_75_88",38.6044493042456,-79.6452959338512
"8334",8333,"54_75_88",38.6106834079692,-79.6594520900675
"8335",8334,"54_75_88",38.6108315855085,-79.6594571787435
"8336",8335,"54_75_88",38.619651486096,-79.6524816717226
"8337",8336,"54_75_88",38.6171944492192,-79.6608615514397
"8338",8337,"54_75_88",38.598854405695,-79.6565151427782
"8339",8338,"54_75_88",38.6088090002751,-79.6569736441922
"8340",8339,"54_75_88",38.610496050032,-79.6594704499325
"8341",8340,"54_75_121",38.6877405047568,-79.7779871768122
"8342",8341,"54_75_121",38.6936046474928,-79.7706992602003
"8343",8342,"54_75_121",38.692140212266,-79.7613897978087
"8344",8343,"54_75_121",38.6904290353851,-79.7877566956717
"8345",8344,"54_75_121",38.6851120986478,-79.7783781743438
"8346",8345,"54_75_121",38.677136412308,-79.7836175773576
"8347",8346,"54_75_121",38.6944171620929,-79.7844111287103
"8348",8347,"54_75_121",38.6866985983485,-79.7811365861183
"8349",8348,"54_75_121",38.688237934765,-79.7817171577156
"8350",8349,"54_75_121",38.7003158271373,-79.7677422949981
"8351",8350,"54_75_155",38.0312002623289,-80.2251835722021
"8352",8351,"54_75_155",38.0511778710952,-80.2334943431858
"8353",8352,"54_75_155",38.0380056315095,-80.2170752608246
"8354",8353,"54_75_155",38.0421588611295,-80.2317029597171
"8355",8354,"54_75_155",38.0513098421702,-80.2201970895393
"8356",8355,"54_75_155",38.0348550067801,-80.2213298976006
"8357",8356,"54_75_155",38.0377060934589,-80.2266995575355
"8358",8357,"54_75_155",38.047950783836,-80.2434701084041
"8359",8358,"54_75_155",38.046395885376,-80.2395415522407
"8360",8359,"54_75_155",38.0503513031647,-80.2224627395935
"8361",8360,"54_75_202",38.3330699318733,-80.1749737466836
"8362",8361,"54_75_202",38.3445076475037,-80.1644802511597
"8363",8362,"54_75_202",38.3327190204845,-80.1914333125231
"8364",8363,"54_75_202",38.3347737696397,-80.1675352799001
"8365",8364,"54_75_202",38.3245032249324,-80.1802650762687
"8366",8365,"54_75_202",38.335941658962,-80.1726506726882
"8367",8366,"54_75_202",38.3435204516665,-80.1858373027986
"8368",8367,"54_75_202",38.3218435179241,-80.1705743927998
"8369",8368,"54_75_202",38.3196128459258,-80.1780548611532
"8370",8369,"54_75_202",38.3373808344122,-80.1843226201179
"8371",8370,"54_75_212",38.2478812696056,-80.0214390717843
"8372",8371,"54_75_212",38.2457360539442,-80.023041682609
"8373",8372,"54_75_212",38.244061247966,-80.0077675229582
"8374",8373,"54_75_212",38.2480198233534,-80.0190598768343
"8375",8374,"54_75_212",38.2545488812886,-80.0186610415957
"8376",8375,"54_75_212",38.2523739226451,-80.0170923277812
"8377",8376,"54_75_212",38.2500116279396,-80.0179715796695
"8378",8377,"54_75_212",38.2560968837583,-80.0136294917062
"8379",8378,"54_75_212",38.2580986182529,-80.0053660370654
"8380",8379,"54_75_212",38.2446087035506,-80.0031388766944
"8381",8380,"54_75_329",38.4278227821246,-79.892630505584
"8382",8381,"54_75_329",38.4196748107787,-79.8966928629421
"8383",8382,"54_75_329",38.4228726253487,-79.9007410194688
"8384",8383,"54_75_329",38.4184388409858,-79.9050236871702
"8385",8384,"54_75_329",38.4054449621764,-79.8958848054546
"8386",8385,"54_75_329",38.4217176727187,-79.8904362177647
"8387",8386,"54_75_329",38.4193216411509,-79.8916248446647
"8388",8387,"54_75_329",38.4070616179311,-79.8974664032197
"8389",8388,"54_75_329",38.4139880597484,-79.8972740150225
"8390",8389,"54_75_329",38.4071059732615,-79.8962346714735
"8391",8390,"54_75_777",38.1119768951108,-80.0378572198586
"8392",8391,"54_75_777",38.1279834235083,-80.0631709571665
"8393",8392,"54_75_777",38.1147856102542,-80.0391772650449
"8394",8393,"54_75_777",38.1225365981093,-80.0391525151459
"8395",8394,"54_75_777",38.1233832665627,-80.0468498003267
"8396",8395,"54_75_777",38.1258806321811,-80.0476490731496
"8397",8396,"54_75_777",38.116229330354,-80.061355514759
"8398",8397,"54_75_777",38.1256178314784,-80.0501210170523
"8399",8398,"54_75_777",38.1248645106799,-80.0568347599748
"8400",8399,"54_75_777",38.1244147756714,-80.047135825164
"8401",8400,"54_75_1341",38.0973428735307,-80.0619520740212
"8402",8401,"54_75_1341",38.0941611316263,-80.0506900305888
"8403",8402,"54_75_1341",38.0929732270975,-80.0566677237285
"8404",8403,"54_75_1341",38.1094201958288,-80.0637314940017
"8405",8404,"54_75_1341",38.1056351324003,-80.0605456539582
"8406",8405,"54_75_1341",38.0959779456272,-80.0576137357046
"8407",8406,"54_75_1341",38.0969747022576,-80.0619886651959
"8408",8407,"54_75_1341",38.0961782561642,-80.0596744295697
"8409",8408,"54_75_1341",38.1059494078314,-80.0635829800345
"8410",8409,"54_75_1341",38.1030781552962,-80.0719513850412
"8411",8410,"54_75_1379",38.3843968491663,-79.7515323509936
"8412",8411,"54_75_1379",38.3865093021755,-79.7485908019905
"8413",8412,"54_75_1379",38.3833368689719,-79.7497006297744
"8414",8413,"54_75_1379",38.388472795991,-79.7625705871159
"8415",8414,"54_75_1379",38.3866686066145,-79.7525518148515
"8416",8415,"54_75_1379",38.3878185837193,-79.7418080746367
"8417",8416,"54_75_1379",38.3809474103389,-79.7489165753081
"8418",8417,"54_75_1379",38.3761129843882,-79.7384795739049
"8419",8418,"54_75_1379",38.3924026006342,-79.7645507273857
"8420",8419,"54_75_1379",38.3744378883366,-79.7525726385934
"8421",8420,"54_75_1871",38.2854238145932,-80.2657743307777
"8422",8421,"54_75_1871",38.2788270913518,-80.2671408838442
"8423",8422,"54_75_1871",38.2845497105342,-80.2761138085189
"8424",8423,"54_75_1871",38.2837464948094,-80.2745137796352
"8425",8424,"54_75_1871",38.2874951697879,-80.2757848464795
"8426",8425,"54_75_1871",38.2769416781566,-80.2710848779268
"8427",8426,"54_75_1871",38.2871484747682,-80.2769471018014
"8428",8427,"54_75_1871",38.2938435379638,-80.2752323077558
"8429",8428,"54_75_1871",38.2935668625215,-80.2730174091617
"8430",8429,"54_75_1871",38.2790694497349,-80.2718445548915
"8431",8430,"54_75_1915",38.4511395586038,-79.7283014605827
"8432",8431,"54_75_1915",38.4573916204983,-79.7322180367302
"8433",8432,"54_75_1915",38.4561824698238,-79.7306981885769
"8434",8433,"54_75_1915",38.4522118302947,-79.7185814304924
"8435",8434,"54_75_1915",38.4449827710238,-79.7109794172787
"8436",8435,"54_75_1915",38.4466392254306,-79.7261114516334
"8437",8436,"54_75_1915",38.4506768774982,-79.7248986171578
"8438",8437,"54_75_1915",38.4515005934657,-79.7141379360841
"8439",8438,"54_75_1915",38.4581586817741,-79.7334881032974
"8440",8439,"54_75_1915",38.4512763467537,-79.7103711092584
"8441",8440,"54_75_2023",38.3178236244379,-80.1304463287787
"8442",8441,"54_75_2023",38.3158602950165,-80.1460319426073
"8443",8442,"54_75_2023",38.3185424450239,-80.1400924193176
"8444",8443,"54_75_2023",38.3130807231102,-80.1255285904899
"8445",8444,"54_75_2023",38.3116513633367,-80.1401754013312
"8446",8445,"54_75_2023",38.3100436335995,-80.1446628720621
"8447",8446,"54_75_2023",38.3074867751971,-80.1479653746421
"8448",8447,"54_75_2023",38.3154994898691,-80.1414243271529
"8449",8448,"54_75_2023",38.3186831044712,-80.1509018820968
"8450",8449,"54_75_2023",38.3138531455481,-80.138968355971
"8451",8450,"54_75_2491",38.2613636136037,-80.3255730282598
"8452",8451,"54_75_2491",38.256061657368,-80.3108041050552
"8453",8452,"54_75_2491",38.2557359646832,-80.3149468544858
"8454",8453,"54_75_2491",38.2566604390417,-80.3293947137513
"8455",8454,"54_75_2491",38.2565307649015,-80.3134568173222
"8456",8455,"54_75_2491",38.2623611198636,-80.3210864375455
"8457",8456,"54_75_2491",38.2467345749963,-80.3112856198108
"8458",8457,"54_75_2491",38.2467147348307,-80.3185111017894
"8459",8458,"54_75_2491",38.2409335607649,-80.3225585781373
"8460",8459,"54_75_2491",38.2538203079784,-80.3245014946374
"8461",8460,"54_75_3580",38.591931251341,-79.8076744484508
"8462",8461,"54_75_3580",38.580452507716,-79.7997960990594
"8463",8462,"54_75_3580",38.5761890089805,-79.8119530292254
"8464",8463,"54_75_3580",38.5773895520721,-79.8069965235374
"8465",8464,"54_75_3580",38.5790706553835,-79.808084313296
"8466",8465,"54_75_3580",38.58885786498,-79.8089520031943
"8467",8466,"54_75_3580",38.5760876660231,-79.8079231855725
"8468",8467,"54_75_3580",38.5867600604549,-79.8160387367697
"8469",8468,"54_75_3580",38.5774747911633,-79.803502127691
"8470",8469,"54_75_3580",38.5826751496341,-79.8010549143664
"8471",8470,"54_23_2193",38.9374262679263,-79.2786541352954
"8472",8471,"54_23_2193",38.9524811907931,-79.2784506030212
"8473",8472,"54_23_2193",38.931269219343,-79.2680966066048
"8474",8473,"54_23_2193",38.9395756659313,-79.2766006690827
"8475",8474,"54_23_2193",38.9422485648213,-79.2675854791528
"8476",8475,"54_23_2193",38.9467898555481,-79.2840761792621
"8477",8476,"54_23_2193",38.9347587772234,-79.2977768771756
"8478",8477,"54_23_2193",38.9314057919148,-79.2731414328422
"8479",8478,"54_23_2193",38.9324549442786,-79.2783894896554
"8480",8479,"54_23_2193",38.9328488490336,-79.2696153271122
"8481",8480,"54_23_2282",38.9693708256793,-79.2514868238044
"8482",8481,"54_23_2282",38.9591211506071,-79.2418515884675
"8483",8482,"54_23_2282",38.9540001218764,-79.2387800348281
"8484",8483,"54_23_2282",38.978481585142,-79.2404069375812
"8485",8484,"54_23_2282",38.9668850260013,-79.2465137313507
"8486",8485,"54_23_2282",38.9566602420181,-79.2265680063722
"8487",8486,"54_23_2282",38.9563903781449,-79.2457243080776
"8488",8487,"54_23_2282",38.9689558430154,-79.2309069786645
"8489",8488,"54_23_2282",38.9787037005434,-79.2307840647366
"8490",8489,"54_23_2282",38.9676954867547,-79.2476964059382
"8491",8490,"54_31_990",39.0622060107016,-78.5563887864872
"8492",8491,"54_31_990",39.0543200866015,-78.56631041824
"8493",8492,"54_31_990",39.0638366721561,-78.5601904951063
"8494",8493,"54_31_990",39.0600828097627,-78.5658193251183
"8495",8494,"54_31_990",39.0499290279991,-78.5624364945896
"8496",8495,"54_31_990",39.0621971410843,-78.5541245474808
"8497",8496,"54_31_990",39.0519888584037,-78.5713506530027
"8498",8497,"54_31_990",39.0577419449342,-78.5596338818106
"8499",8498,"54_31_990",39.0544295506013,-78.5633586643883
"8500",8499,"54_31_990",39.0705116638331,-78.5574425678794
"8501",8500,"54_31_2154",39.0070873690683,-78.7147511802819
"8502",8501,"54_31_2154",39.0172392035615,-78.717944694541
"8503",8502,"54_31_2154",39.0103843095462,-78.7246342144427
"8504",8503,"54_31_2154",39.0134444258062,-78.7334264909272
"8505",8504,"54_31_2154",39.0197360314354,-78.7308292316727
"8506",8505,"54_31_2154",39.0249082902128,-78.7056423044863
"8507",8506,"54_31_2154",39.0213123763692,-78.7044632583207
"8508",8507,"54_31_2154",39.0215311770762,-78.7325060247207
"8509",8508,"54_31_2154",39.0206558402776,-78.7014378297431
"8510",8509,"54_31_2154",39.0132421290011,-78.7101547863271
"8511",8510,"54_31_2466",38.9482488359778,-78.7514067500555
"8512",8511,"54_31_2466",38.9438635323153,-78.7641045765126
"8513",8512,"54_31_2466",38.9382938323883,-78.7517897948484
"8514",8513,"54_31_2466",38.9400634980503,-78.7479505326954
"8515",8514,"54_31_2466",38.9556532917037,-78.7534995035185
"8516",8515,"54_31_2466",38.9452913693638,-78.7537644596004
"8517",8516,"54_31_2466",38.9580175712047,-78.7550415880508
"8518",8517,"54_31_2466",38.9464375247863,-78.751197411019
"8519",8518,"54_31_2466",38.9425958241623,-78.7645801138982
"8520",8519,"54_31_2466",38.9489798162962,-78.7524843881672
"8521",8520,"54_71_494",38.4254602372695,-79.3494773180928
"8522",8521,"54_71_494",38.4237918219691,-79.3490827572097
"8523",8522,"54_71_494",38.4255382124418,-79.3345585735369
"8524",8523,"54_71_494",38.4245853367115,-79.3584557465473
"8525",8524,"54_71_494",38.421159198974,-79.3563931114468
"8526",8525,"54_71_494",38.4248861385205,-79.3404418964817
"8527",8526,"54_71_494",38.4237905590896,-79.3523739667212
"8528",8527,"54_71_494",38.4118231198657,-79.3388315046472
"8529",8528,"54_71_494",38.4254776794583,-79.3469103815689
"8530",8529,"54_71_494",38.4217553703816,-79.3555373768862
"8531",8530,"54_71_525",38.653621913478,-79.1236513135227
"8532",8531,"54_71_525",38.6644679644515,-79.1418796720601
"8533",8532,"54_71_525",38.6699152628292,-79.1464331437517
"8534",8533,"54_71_525",38.6615066444268,-79.1245882011427
"8535",8534,"54_71_525",38.6606770177469,-79.1341654361282
"8536",8535,"54_71_525",38.6620477883523,-79.1341268728355
"8537",8536,"54_71_525",38.6612347384772,-79.1304721467727
"8538",8537,"54_71_525",38.6553014225272,-79.1339153351859
"8539",8538,"54_71_525",38.6704215650075,-79.1362000439083
"8540",8539,"54_71_525",38.6504274133626,-79.1257318200486
"8541",8540,"54_71_904",38.7437284310702,-79.5095325528051
"8542",8541,"54_71_904",38.7426609594959,-79.5241780446235
"8543",8542,"54_71_904",38.7469781749025,-79.5134113935567
"8544",8543,"54_71_904",38.7545444893826,-79.4970781520947
"8545",8544,"54_71_904",38.7628344978208,-79.5079029957331
"8546",8545,"54_71_904",38.7487820619604,-79.507354805693
"8547",8546,"54_71_904",38.7538322881551,-79.495372099519
"8548",8547,"54_71_904",38.7481773767111,-79.5152194437972
"8549",8548,"54_71_904",38.7483699410427,-79.5088064329104
"8550",8549,"54_71_904",38.7559649915551,-79.4969202702604
"8551",8550,"54_71_1176",38.8141614473305,-79.3102386402875
"8552",8551,"54_71_1176",38.809340443803,-79.3013706355787
"8553",8552,"54_71_1176",38.8137374767322,-79.3068238490793
"8554",8553,"54_71_1176",38.8189791255146,-79.3035670225733
"8555",8554,"54_71_1176",38.8162385675478,-79.3197560608786
"8556",8555,"54_71_1176",38.8198071195713,-79.3059764605205
"8557",8556,"54_71_1176",38.8168548144957,-79.3044741444915
"8558",8557,"54_71_1176",38.8099686143278,-79.2923968436794
"8559",8558,"54_71_1176",38.8130589522499,-79.3084561769146
"8560",8559,"54_71_1176",38.8188331404918,-79.3051233753319
"8561",8560,"54_71_1326",38.8602481991176,-79.4911615386599
"8562",8561,"54_71_1326",38.8679732136113,-79.4850885197842
"8563",8562,"54_71_1326",38.8591232787585,-79.4889130978955
"8564",8563,"54_71_1326",38.873314497958,-79.4931824953806
"8565",8564,"54_71_1326",38.8675070602154,-79.4788760750731
"8566",8565,"54_71_1326",38.8747752939283,-79.47546573188
"8567",8566,"54_71_1326",38.8688756201278,-79.4643875533617
"8568",8567,"54_71_1326",38.8613116716041,-79.4934818773822
"8569",8568,"54_71_1326",38.8575158321295,-79.4687323456266
"8570",8569,"54_71_1326",38.8625526185356,-79.4826001433402
"8571",8570,"54_31_1316",39.0869992030126,-78.517712143836
"8572",8571,"54_31_1316",39.082619330118,-78.5159116197241
"8573",8572,"54_31_1316",39.0814267123202,-78.5051040688721
"8574",8573,"54_31_1316",39.0797934562895,-78.5101418352264
"8575",8574,"54_31_1316",39.0820964272681,-78.5137639838423
"8576",8575,"54_31_1316",39.0881373581629,-78.5102010402529
"8577",8576,"54_31_1316",39.0926014985716,-78.5196833298058
"8578",8577,"54_31_1316",39.0833304145235,-78.5116462596524
"8579",8578,"54_31_1316",39.0890688641566,-78.5122716417491
"8580",8579,"54_31_1316",39.0914862615161,-78.5217815714254
"8581",8580,"54_31_1366",38.9784960314515,-78.7829633761554
"8582",8581,"54_31_1366",38.9675843159843,-78.7697130011817
"8583",8582,"54_31_1366",38.9736171357484,-78.7690074785184
"8584",8583,"54_31_1366",38.9641225347354,-78.7613739724429
"8585",8584,"54_31_1366",38.9671677806981,-78.7590427788914
"8586",8585,"54_31_1366",38.9671469658353,-78.7746473283833
"8587",8586,"54_31_1366",38.9749997851776,-78.7699305600265
"8588",8587,"54_31_1366",38.9768573797165,-78.7702781452166
"8589",8588,"54_31_1366",38.9686752367222,-78.7589882247285
"8590",8589,"54_31_1366",38.9766319036945,-78.7682997204542
"8591",8590,"54_101_314",38.3253521014857,-80.4263943622802
"8592",8591,"54_101_314",38.3134448374842,-80.4242460084838
"8593",8592,"54_101_314",38.3150040215098,-80.4153766215782
"8594",8593,"54_101_314",38.3129600919313,-80.4331433890373
"8595",8594,"54_101_314",38.3001942545957,-80.4125322011072
"8596",8595,"54_101_314",38.3181345796016,-80.4028479623875
"8597",8596,"54_101_314",38.3026609015521,-80.4167049631219
"8598",8597,"54_101_314",38.3223888713011,-80.4144255497815
"8599",8598,"54_101_314",38.3136559235387,-80.4189290777486
"8600",8599,"54_101_314",38.3155482678852,-80.4101011038967
"8601",8600,"54_101_1823",38.2938507212614,-80.440273873861
"8602",8601,"54_101_1823",38.2974769792614,-80.4618108016914
"8603",8602,"54_101_1823",38.2894681954266,-80.4502073870935
"8604",8603,"54_101_1823",38.2839768804001,-80.4528446708301
"8605",8604,"54_101_1823",38.299583500972,-80.463037638756
"8606",8605,"54_101_1823",38.2929984842903,-80.4390673472964
"8607",8606,"54_101_1823",38.2899376430123,-80.4417930040134
"8608",8607,"54_101_1823",38.289233135614,-80.460684958609
"8609",8608,"54_101_1823",38.280935515997,-80.4605065477752
"8610",8609,"54_101_1823",38.2920133097674,-80.4666013044588
"8611",8610,"54_25_2489",38.0095200929041,-80.1372925885317
"8612",8611,"54_25_2489",38.0137083692427,-80.1412804978356
"8613",8612,"54_25_2489",38.011968100514,-80.14573568407
"8614",8613,"54_25_2489",37.9948364177957,-80.1406505386328
"8615",8614,"54_25_2489",37.997668892678,-80.1498713365074
"8616",8615,"54_25_2489",38.0146559961022,-80.1391208945018
"8617",8616,"54_25_2489",38.0038435929367,-80.1378615757108
"8618",8617,"54_25_2489",38.0016044919082,-80.1431883024199
"8619",8618,"54_25_2489",38.0030962039806,-80.1450084424
"8620",8619,"54_25_2489",38.0126656163903,-80.141072664347
"8621",8620,"54_25_2514",37.9741731211343,-80.2237246440358
"8622",8621,"54_25_2514",37.9744191352535,-80.2118725769154
"8623",8622,"54_25_2514",37.9771964594499,-80.2036913114039
"8624",8623,"54_25_2514",37.9782568771749,-80.2070552518703
"8625",8624,"54_25_2514",37.9826653761915,-80.2015370201958
"8626",8625,"54_25_2514",37.9814613472213,-80.1936335003393
"8627",8626,"54_25_2514",37.9706794564273,-80.2109667708635
"8628",8627,"54_25_2514",37.9790060602051,-80.204228282437
"8629",8628,"54_25_2514",37.9788131940308,-80.2004738815586
"8630",8629,"54_25_2514",37.9837505651197,-80.2232958304457
"8631",8630,"54_25_2233",37.917088125993,-80.300415535257
"8632",8631,"54_25_2233",37.9350264533173,-80.30242258129
"8633",8632,"54_25_2233",37.9289096154288,-80.2891804993945
"8634",8633,"54_25_2233",37.926715213866,-80.3058721796302
"8635",8634,"54_25_2233",37.9289980808658,-80.3232392211623
"8636",8635,"54_25_2233",37.9163095091111,-80.3017037497481
"8637",8636,"54_25_2233",37.9290908623697,-80.3198840332341
"8638",8637,"54_25_2233",37.9267626186605,-80.3050964150136
"8639",8638,"54_25_2233",37.9304713825992,-80.3231936439549
"8640",8639,"54_25_2233",37.9224418515248,-80.3108583353016
"8641",8640,"54_25_2330",37.9828497245193,-80.0399760230409
"8642",8641,"54_25_2330",37.9882647130736,-80.0449630940902
"8643",8642,"54_25_2330",37.9747116330414,-80.0305196974387
"8644",8643,"54_25_2330",37.9852836754252,-80.0418747246397
"8645",8644,"54_25_2330",37.9922128771936,-80.0262780395928
"8646",8645,"54_25_2330",37.9802801097485,-80.026413464903
"8647",8646,"54_25_2330",37.9919088763457,-80.034906654884
"8648",8647,"54_25_2330",37.9856939199786,-80.0512194426246
"8649",8648,"54_25_2330",37.9749094115738,-80.0439680001912
"8650",8649,"54_25_2330",37.9786797799604,-80.0473583490061
"8651",8650,"54_71_2425",38.8839324944009,-79.4403148395471
"8652",8651,"54_71_2425",38.8869433826035,-79.4510899235534
"8653",8652,"54_71_2425",38.8913428219183,-79.451240341176
"8654",8653,"54_71_2425",38.8886924107585,-79.4439169061046
"8655",8654,"54_71_2425",38.910342890503,-79.4456821387529
"8656",8655,"54_71_2425",38.8958736083576,-79.4467563963279
"8657",8656,"54_71_2425",38.8981021012963,-79.434671664658
"8658",8657,"54_71_2425",38.885848131677,-79.4466152174129
"8659",8658,"54_71_2425",38.8960783371346,-79.4425403383656
"8660",8659,"54_71_2425",38.8944135327943,-79.4430218358628
"8661",8660,"54_75_470",38.310442030937,-80.2506962236753
"8662",8661,"54_75_470",38.3102745976272,-80.2367741782121
"8663",8662,"54_75_470",38.2977717491827,-80.2412167598835
"8664",8663,"54_75_470",38.3065457597007,-80.2365432335442
"8665",8664,"54_75_470",38.3098570786416,-80.2370042214044
"8666",8665,"54_75_470",38.3142536668826,-80.226120497137
"8667",8666,"54_75_470",38.3142598477981,-80.2325609784069
"8668",8667,"54_75_470",38.3176834403425,-80.2498042919602
"8669",8668,"54_75_470",38.3120074393332,-80.2322562891285
"8670",8669,"54_75_470",38.3128767746738,-80.2490770406929
"8671",8670,"54_75_1144",38.2065262159398,-80.3259586760993
"8672",8671,"54_75_1144",38.2100516825267,-80.3229210902477
"8673",8672,"54_75_1144",38.2023738322453,-80.3308925249156
"8674",8673,"54_75_1144",38.2005309324628,-80.3240356665106
"8675",8674,"54_75_1144",38.199767704945,-80.3215684136115
"8676",8675,"54_75_1144",38.2016703313341,-80.328377607714
"8677",8676,"54_75_1144",38.2037115964279,-80.3144445848891
"8678",8677,"54_75_1144",38.2003545895504,-80.321430770287
"8679",8678,"54_75_1144",38.2004207986816,-80.3179092639332
"8680",8679,"54_75_1144",38.200542991818,-80.3141258304474
"8681",8680,"54_75_1340",38.3798225554982,-80.1942584995663
"8682",8681,"54_75_1340",38.394135117207,-80.2042027744736
"8683",8682,"54_75_1340",38.3894772392478,-80.2087491165054
"8684",8683,"54_75_1340",38.3885168186928,-80.1957322845696
"8685",8684,"54_75_1340",38.3985555812752,-80.201300661762
"8686",8685,"54_75_1340",38.3849134362572,-80.1972203324208
"8687",8686,"54_75_1340",38.3823771746905,-80.1898911739198
"8688",8687,"54_75_1340",38.39260918457,-80.2012548026722
"8689",8688,"54_75_1340",38.3793717039762,-80.193690079103
"8690",8689,"54_75_1340",38.3919099818257,-80.2039437018057
"8691",8690,"54_75_1495",38.4556883708715,-80.151154108475
"8692",8691,"54_75_1495",38.4490969113596,-80.1565096005895
"8693",8692,"54_75_1495",38.4520878206298,-80.1501735419633
"8694",8693,"54_75_1495",38.4543307400919,-80.1507269152815
"8695",8694,"54_75_1495",38.4482151982688,-80.1464738720128
"8696",8695,"54_75_1495",38.4541290635877,-80.1547586684163
"8697",8696,"54_75_1495",38.444898743759,-80.1397317057409
"8698",8697,"54_75_1495",38.4524156822508,-80.1391333134069
"8699",8698,"54_75_1495",38.4520197878694,-80.1546088158042
"8700",8699,"54_75_1495",38.4384595893964,-80.1488581372489
"8701",8700,"54_75_1725",38.4191442306694,-79.7147388521689
"8702",8701,"54_75_1725",38.4267070153656,-79.7237910269477
"8703",8702,"54_75_1725",38.4153194341334,-79.74458424158
"8704",8703,"54_75_1725",38.4175742827757,-79.7294289342556
"8705",8704,"54_75_1725",38.4064200549646,-79.7174837137552
"8706",8705,"54_75_1725",38.4035965333143,-79.7333245786572
"8707",8706,"54_75_1725",38.4188838357004,-79.7260455234524
"8708",8707,"54_75_1725",38.4263052222015,-79.7339888027191
"8709",8708,"54_75_1725",38.4032015283991,-79.7271882701373
"8710",8709,"54_75_1725",38.4104095643469,-79.7311791978321
"8711",8710,"54_75_1747",38.0919241999714,-80.0197717405856
"8712",8711,"54_75_1747",38.1001814752447,-80.0101374371288
"8713",8712,"54_75_1747",38.0924541709555,-80.0239823212213
"8714",8713,"54_75_1747",38.0998719915806,-80.0262174331819
"8715",8714,"54_75_1747",38.1030042404263,-80.0259380324762
"8716",8715,"54_75_1747",38.0928200993251,-80.0243863812682
"8717",8716,"54_75_1747",38.0950270235435,-80.0268993066954
"8718",8717,"54_75_1747",38.0904896080248,-80.0156004994665
"8719",8718,"54_75_1747",38.0834791407446,-80.0244114105983
"8720",8719,"54_75_1747",38.0910374895365,-80.0339485524856
"8721",8720,"54_75_1788",38.2433553915085,-80.2542172155596
"8722",8721,"54_75_1788",38.2421575572719,-80.268736847713
"8723",8722,"54_75_1788",38.2318307604929,-80.2688828127036
"8724",8723,"54_75_1788",38.2413224002119,-80.2649434652154
"8725",8724,"54_75_1788",38.2308307248642,-80.2563524747316
"8726",8725,"54_75_1788",38.240727261423,-80.2483995131102
"8727",8726,"54_75_1788",38.2390608344116,-80.2508943326223
"8728",8727,"54_75_1788",38.2395735109959,-80.2531127832995
"8729",8728,"54_75_1788",38.2318153535623,-80.2649711528152
"8730",8729,"54_75_1788",38.2357340541452,-80.2597459358974
"8731",8730,"54_75_1981",38.3510149455956,-80.2409944754369
"8732",8731,"54_75_1981",38.3429958338088,-80.2283072346035
"8733",8732,"54_75_1981",38.3528900163436,-80.2257204524737
"8734",8733,"54_75_1981",38.3449015767143,-80.2525138030145
"8735",8734,"54_75_1981",38.3552009734636,-80.2288121778818
"8736",8735,"54_75_1981",38.3488846978721,-80.2364648617899
"8737",8736,"54_75_1981",38.3566676055285,-80.2226465583789
"8738",8737,"54_75_1981",38.344831937563,-80.2412170455272
"8739",8738,"54_75_1981",38.3401816673474,-80.2457403558499
"8740",8739,"54_75_1981",38.3524137485205,-80.2291487211004
"8741",8740,"54_75_2006",38.6478123601763,-79.7674458501674
"8742",8741,"54_75_2006",38.645612995689,-79.7652704843667
"8743",8742,"54_75_2006",38.6483142251676,-79.7667813991694
"8744",8743,"54_75_2006",38.656849190642,-79.7666322202012
"8745",8744,"54_75_2006",38.6492182269976,-79.7596280370605
"8746",8745,"54_75_2006",38.6431078675937,-79.7747850471806
"8747",8746,"54_75_2006",38.6475174133131,-79.7621488413207
"8748",8747,"54_75_2006",38.653396819096,-79.7510729129705
"8749",8748,"54_75_2006",38.6519736096989,-79.7825302235027
"8750",8749,"54_75_2006",38.6559121206245,-79.7668764610389
"8751",8750,"54_75_2249",38.4927691914782,-79.8765831961706
"8752",8751,"54_75_2249",38.4968159112409,-79.8710320634759
"8753",8752,"54_75_2249",38.4980960060083,-79.8770438509718
"8754",8753,"54_75_2249",38.4835672591784,-79.8641015613723
"8755",8754,"54_75_2249",38.4936895968911,-79.8632510750723
"8756",8755,"54_75_2249",38.4964053077567,-79.8608035433747
"8757",8756,"54_75_2249",38.4915603753233,-79.860915152058
"8758",8757,"54_75_2249",38.484085168455,-79.8632999680725
"8759",8758,"54_75_2249",38.4929378010026,-79.8600151354499
"8760",8759,"54_75_2249",38.4921226886585,-79.8707861601884
"8761",8760,"54_75_2477",38.1508427508007,-80.2997758371558
"8762",8761,"54_75_2477",38.1529436474744,-80.303217811763
"8763",8762,"54_75_2477",38.1409244304538,-80.3107521456147
"8764",8763,"54_75_2477",38.1529141072265,-80.2962101282353
"8765",8764,"54_75_2477",38.1507347381489,-80.3023501583734
"8766",8765,"54_75_2477",38.1508023723307,-80.2994765752196
"8767",8766,"54_75_2477",38.1527433548323,-80.2989231549593
"8768",8767,"54_75_2477",38.1517918966572,-80.3031804244248
"8769",8768,"54_75_2477",38.1487242230611,-80.3003314275643
"8770",8769,"54_75_2477",38.1541966180579,-80.292944822235
"8771",8770,"54_75_2500",38.5963657397205,-79.7596437608411
"8772",8771,"54_75_2500",38.5848445932463,-79.7503714560824
"8773",8772,"54_75_2500",38.6064245257536,-79.7515889587961
"8774",8773,"54_75_2500",38.5942165107607,-79.7546080354386
"8775",8774,"54_75_2500",38.5870686812654,-79.7628586693913
"8776",8775,"54_75_2500",38.5950428152579,-79.7578662432873
"8777",8776,"54_75_2500",38.5926183923876,-79.7605822684369
"8778",8777,"54_75_2500",38.5951304864956,-79.7594914774533
"8779",8778,"54_75_2500",38.5974030288481,-79.7587101906351
"8780",8779,"54_75_2500",38.6017051610848,-79.7722600166232
"8781",8780,"54_75_2512",38.4471946886028,-79.8614697964315
"8782",8781,"54_75_2512",38.4614579485171,-79.86262943651
"8783",8782,"54_75_2512",38.4443371086679,-79.8505718899734
"8784",8783,"54_75_2512",38.4486283926323,-79.8618257153474
"8785",8784,"54_75_2512",38.4488666203174,-79.8631117143551
"8786",8785,"54_75_2512",38.4496363384586,-79.8622986960151
"8787",8786,"54_75_2512",38.4408293969578,-79.8751374467325
"8788",8787,"54_75_2512",38.4388088877749,-79.8600621667004
"8789",8788,"54_75_2512",38.4450430089171,-79.8637220230354
"8790",8789,"54_75_2512",38.4596375838471,-79.8564944657639
"8791",8790,"54_83_570",38.7677876088949,-79.8261176358638
"8792",8791,"54_83_570",38.7602209718388,-79.8367372614035
"8793",8792,"54_83_570",38.762531027846,-79.8384732195245
"8794",8793,"54_83_570",38.7648175542961,-79.8238552833165
"8795",8794,"54_83_570",38.7635770192228,-79.8353164553574
"8796",8795,"54_83_570",38.7534918123852,-79.8450175762958
"8797",8796,"54_83_570",38.7620523382333,-79.8377518745254
"8798",8797,"54_83_570",38.7612418693118,-79.8392247014327
"8799",8798,"54_83_570",38.7679833529731,-79.8441302894038
"8800",8799,"54_83_570",38.7637448046331,-79.8284508269647
"8801",8800,"54_83_693",38.7905222605504,-79.6745041352947
"8802",8801,"54_83_693",38.7860399074304,-79.6869223687939
"8803",8802,"54_83_693",38.7797867397773,-79.6849949870509
"8804",8803,"54_83_693",38.7822856525394,-79.6858641997339
"8805",8804,"54_83_693",38.7827408798538,-79.7044308496184
"8806",8805,"54_83_693",38.7845757021605,-79.6870018180963
"8807",8806,"54_83_693",38.7748024731341,-79.6846646095622
"8808",8807,"54_83_693",38.7852061423496,-79.6859013295827
"8809",8808,"54_83_693",38.7729169295326,-79.6954404006947
"8810",8809,"54_83_693",38.7853325254483,-79.6999502138716
"8811",8810,"54_83_992",38.6877468755692,-79.7334230440793
"8812",8811,"54_83_992",38.6767087301753,-79.7316666381262
"8813",8812,"54_83_992",38.686613024841,-79.7310046884964
"8814",8813,"54_83_992",38.6727389428385,-79.735429195463
"8815",8814,"54_83_992",38.6834799971401,-79.7260276034347
"8816",8815,"54_83_992",38.6822366936473,-79.7308749309928
"8817",8816,"54_83_992",38.683711504951,-79.7321359050337
"8818",8817,"54_83_992",38.6856836798285,-79.7330189706627
"8819",8818,"54_83_992",38.6876040108347,-79.7300872567291
"8820",8819,"54_83_992",38.68172513839,-79.7255041297361
"8821",8820,"54_83_1421",38.7474068586164,-79.6835991996303
"8822",8821,"54_83_1421",38.7458182963467,-79.6951252715319
"8823",8822,"54_83_1421",38.7555635523896,-79.7039377118184
"8824",8823,"54_83_1421",38.7401725479738,-79.6810762637735
"8825",8824,"54_83_1421",38.7583729911429,-79.6859814604803
"8826",8825,"54_83_1421",38.7561386618357,-79.6804975295193
"8827",8826,"54_83_1421",38.7502521263492,-79.7014830949639
"8828",8827,"54_83_1421",38.7521240054661,-79.6851816235996
"8829",8828,"54_83_1421",38.7529173482147,-79.6851788075081
"8830",8829,"54_83_1421",38.7421138389402,-79.6876895937744
"8831",8830,"54_83_1538",38.5180671308945,-80.1482185535975
"8832",8831,"54_83_1538",38.5269996737571,-80.1442456298803
"8833",8832,"54_83_1538",38.5226266396784,-80.1282410306888
"8834",8833,"54_83_1538",38.5164052869888,-80.1556283234355
"8835",8834,"54_83_1538",38.5174735644237,-80.1625348306939
"8836",8835,"54_83_1538",38.5064247172338,-80.1487005603492
"8837",8836,"54_83_1538",38.5213724124555,-80.1272628322725
"8838",8837,"54_83_1538",38.5247526204061,-80.1482297679778
"8839",8838,"54_83_1538",38.5148534916816,-80.1456441314643
"8840",8839,"54_83_1538",38.5157956395803,-80.1559699741523
"8841",8840,"54_71_2314",38.5938923518368,-79.6005115078819
"8842",8841,"54_71_2314",38.5901286565684,-79.5969262209378
"8843",8842,"54_71_2314",38.5976812156306,-79.6038403484544
"8844",8843,"54_71_2314",38.5954672695109,-79.615025839528
"8845",8844,"54_71_2314",38.5869098327214,-79.6150229172884
"8846",8845,"54_71_2314",38.5888136550091,-79.5980748557986
"8847",8846,"54_71_2314",38.5897407240857,-79.5983085701491
"8848",8847,"54_71_2314",38.5900085136166,-79.5873265154948
"8849",8848,"54_71_2314",38.597442687703,-79.5990387500132
"8850",8849,"54_71_2314",38.5905622526896,-79.5981310699076
"8851",8850,"54_25_509",38.2371495775416,-80.4133710788998
"8852",8851,"54_25_509",38.2298571900293,-80.3904983638135
"8853",8852,"54_25_509",38.2381564126621,-80.4021861628599
"8854",8853,"54_25_509",38.2368075013843,-80.402367210601
"8855",8854,"54_25_509",38.2360417658409,-80.4012858895634
"8856",8855,"54_25_509",38.2375504741538,-80.3911197999636
"8857",8856,"54_25_509",38.2381439088849,-80.3875069364186
"8858",8857,"54_25_509",38.2380399235743,-80.3955983329108
"8859",8858,"54_25_509",38.239628564805,-80.3995498197233
"8860",8859,"54_25_509",38.2326542186896,-80.417772939993
"8861",8860,"54_25_1716",37.9176740131429,-80.2801280859912
"8862",8861,"54_25_1716",37.9189368571535,-80.287468221778
"8863",8862,"54_25_1716",37.9204168693065,-80.2717666129162
"8864",8863,"54_25_1716",37.9240564307133,-80.2734705136859
"8865",8864,"54_25_1716",37.9248890417173,-80.2708655310578
"8866",8865,"54_25_1716",37.9214083927228,-80.2889602286561
"8867",8866,"54_25_1716",37.9296762431811,-80.2828642012953
"8868",8867,"54_25_1716",37.9277499781683,-80.2582562373986
"8869",8868,"54_25_1716",37.9235635718887,-80.2785684996478
"8870",8869,"54_25_1716",37.9189273215361,-80.2552787865342
"8871",8870,"54_25_2137",37.9586947331514,-80.2547622771822
"8872",8871,"54_25_2137",37.9622656024863,-80.2347319283918
"8873",8872,"54_25_2137",37.9611770696447,-80.2605722534485
"8874",8873,"54_25_2137",37.9580753558068,-80.2508702089984
"8875",8874,"54_25_2137",37.9580255301448,-80.2408622805078
"8876",8875,"54_25_2137",37.966193672432,-80.2576892587174
"8877",8876,"54_25_2137",37.9581026161187,-80.2391322984246
"8878",8877,"54_25_2137",37.9593326765993,-80.259612401473
"8879",8878,"54_25_2137",37.9639382394875,-80.2569976348554
"8880",8879,"54_25_2137",37.9604953950013,-80.2518694796347
"8881",8880,"54_25_2330",37.9717754251777,-80.0323561659699
"8882",8881,"54_25_2330",37.979345708723,-80.0334520549912
"8883",8882,"54_25_2330",37.9715550396098,-80.0364641497743
"8884",8883,"54_25_2330",37.9861487501213,-80.0477401202489
"8885",8884,"54_25_2330",37.976275369142,-80.0334541698702
"8886",8885,"54_25_2330",37.9832500894295,-80.0295925175646
"8887",8886,"54_25_2330",37.9717336263513,-80.0257412809716
"8888",8887,"54_25_2330",37.9722849215922,-80.0219506711499
"8889",8888,"54_25_2330",37.9782030174889,-80.0339516319322
"8890",8889,"54_25_2330",37.9727316079069,-80.0206129979562
"8891",8890,"54_25_2514",37.9844870371623,-80.20924183886
"8892",8891,"54_25_2514",37.9841038937761,-80.2168022301171
"8893",8892,"54_25_2514",37.9635781754341,-80.2124338571552
"8894",8893,"54_25_2514",37.9812885495405,-80.1961103637499
"8895",8894,"54_25_2514",37.9735575238273,-80.2156121443551
"8896",8895,"54_25_2514",37.9699022416289,-80.2131237190505
"8897",8896,"54_25_2514",37.9848483815099,-80.2061334107595
"8898",8897,"54_25_2514",37.9758567147656,-80.2105952955678
"8899",8898,"54_25_2514",37.976584839659,-80.2147255285404
"8900",8899,"54_25_2514",37.9712592013263,-80.2154957225603
"8901",8900,"54_31_1618",39.0547342257446,-78.6770540552979
"8902",8901,"54_31_1618",39.0463366945496,-78.6683275420408
"8903",8902,"54_31_1618",39.0531429504401,-78.6611796311934
"8904",8903,"54_31_1618",39.0472731358804,-78.6518092430663
"8905",8904,"54_31_1618",39.0415928117124,-78.6576045201974
"8906",8905,"54_31_1618",39.0507405715532,-78.6737468860027
"8907",8906,"54_31_1618",39.0488757644801,-78.6686716367517
"8908",8907,"54_31_1618",39.0521274374805,-78.6818936278305
"8909",8908,"54_31_1618",39.0501019602457,-78.6695471243612
"8910",8909,"54_31_1618",39.0538400675033,-78.6835886029014
"8911",8910,"54_71_583",38.8595608626472,-79.2748324429573
"8912",8911,"54_71_583",38.8458688343897,-79.2804883402582
"8913",8912,"54_71_583",38.8395212319215,-79.2634072163092
"8914",8913,"54_71_583",38.8494107015035,-79.2658550011344
"8915",8914,"54_71_583",38.8398405090807,-79.2845808802183
"8916",8915,"54_71_583",38.8428385482122,-79.2619651988717
"8917",8916,"54_71_583",38.8517378904911,-79.2716462578821
"8918",8917,"54_71_583",38.8501190246763,-79.2671022144787
"8919",8918,"54_71_583",38.8523933482092,-79.2659998864992
"8920",8919,"54_71_583",38.8643064283361,-79.276037501059
"8921",8920,"54_71_1228",38.5161538235801,-79.2627202024283
"8922",8921,"54_71_1228",38.5349543102838,-79.2685085589811
"8923",8922,"54_71_1228",38.5274965078695,-79.2619665186681
"8924",8923,"54_71_1228",38.5279385630481,-79.2722400985718
"8925",8924,"54_71_1228",38.5195293434595,-79.2599030575599
"8926",8925,"54_71_1228",38.5219785160549,-79.2663318320438
"8927",8926,"54_71_1228",38.5328882079539,-79.2669007572088
"8928",8927,"54_71_1228",38.5152348981713,-79.2636394366401
"8929",8928,"54_71_1228",38.5280822980078,-79.2621878889128
"8930",8929,"54_71_1228",38.5220711400995,-79.2744735504867
"8931",8930,"54_71_261",38.7774402701231,-79.4952288066229
"8932",8931,"54_71_261",38.7885924898314,-79.5044100626812
"8933",8932,"54_71_261",38.7866871014407,-79.489729904288
"8934",8933,"54_71_261",38.7836648610542,-79.4992889499271
"8935",8934,"54_71_261",38.7870824315461,-79.4904045856902
"8936",8935,"54_71_261",38.7855295602897,-79.492553847456
"8937",8936,"54_71_261",38.7871682481696,-79.4922204153221
"8938",8937,"54_71_261",38.7871108405055,-79.4919305237821
"8939",8938,"54_71_261",38.7760321168969,-79.482278202703
"8940",8939,"54_71_261",38.781370544371,-79.4745114939397
"8941",8940,"54_71_1141",38.9149203593469,-79.3915520338306
"8942",8941,"54_71_1141",38.9113214939531,-79.3961451330456
"8943",8942,"54_71_1141",38.914975803701,-79.37913506481
"8944",8943,"54_71_1141",38.8990851416937,-79.3959214675853
"8945",8944,"54_71_1141",38.9138360614596,-79.3958573199002
"8946",8945,"54_71_1141",38.8979556456351,-79.3983423219454
"8947",8946,"54_71_1141",38.9145147136205,-79.398987402778
"8948",8947,"54_71_1141",38.910174027921,-79.3918743263758
"8949",8948,"54_71_1141",38.9061368734607,-79.4075686113214
"8950",8949,"54_71_1141",38.90930734517,-79.406912314076
"8951",8950,"54_71_1729",38.6207828540895,-79.5391967738352
"8952",8951,"54_71_1729",38.6227290511634,-79.5474880977424
"8953",8952,"54_71_1729",38.6253123501983,-79.5479649293183
"8954",8953,"54_71_1729",38.6218980311013,-79.5468025165093
"8955",8954,"54_71_1729",38.6227028405038,-79.5352562708427
"8956",8955,"54_71_1729",38.6316590315085,-79.5373352065602
"8957",8956,"54_71_1729",38.6276199850675,-79.5535789979847
"8958",8957,"54_71_1729",38.6253568374975,-79.5496320068233
"8959",8958,"54_71_1729",38.6292087716195,-79.5353181875491
"8960",8959,"54_71_1729",38.6250767015646,-79.5623528505904
"8961",8960,"54_71_2120",38.7237802639107,-79.5186951237477
"8962",8961,"54_71_2120",38.7198417198858,-79.502325043337
"8963",8962,"54_71_2120",38.7001229662855,-79.5055943959989
"8964",8963,"54_71_2120",38.7065030670928,-79.5210492451054
"8965",8964,"54_71_2120",38.7193862423861,-79.527261339996
"8966",8965,"54_71_2120",38.7082966548909,-79.5163888794019
"8967",8966,"54_71_2120",38.7064049610368,-79.5022056895329
"8968",8967,"54_71_2120",38.7128526602881,-79.51531575442
"8969",8968,"54_71_2120",38.7121847648453,-79.5164413820818
"8970",8969,"54_71_2120",38.7026159352127,-79.5227183852954
"8971",8970,"54_71_2418",38.4650983196574,-79.2984392189423
"8972",8971,"54_71_2418",38.4757407104388,-79.3222444381437
"8973",8972,"54_71_2418",38.4694569769137,-79.3121290163531
"8974",8973,"54_71_2418",38.4554020498863,-79.3215365594188
"8975",8974,"54_71_2418",38.4628770981302,-79.3323743075454
"8976",8975,"54_71_2418",38.4609792416828,-79.3069716967512
"8977",8976,"54_71_2418",38.4655688437474,-79.316479449197
"8978",8977,"54_71_2418",38.4601347885442,-79.3077485292145
"8979",8978,"54_71_2418",38.4671945843611,-79.3210653547127
"8980",8979,"54_71_2418",38.4741360308206,-79.3237864834809
"8981",8980,"54_71_2821",38.7815580747592,-79.3302181922922
"8982",8981,"54_71_2821",38.7806085967622,-79.3241925451102
"8983",8982,"54_71_2821",38.7724129130617,-79.3435244305065
"8984",8983,"54_71_2821",38.771170731635,-79.3352124879505
"8985",8984,"54_71_2821",38.7675644136092,-79.327307507781
"8986",8985,"54_71_2821",38.7845567383111,-79.3151917577197
"8987",8986,"54_71_2821",38.7804230426131,-79.3159424390707
"8988",8987,"54_71_2821",38.782300032911,-79.3139941361884
"8989",8988,"54_71_2821",38.7796275024719,-79.3306589428823
"8990",8989,"54_71_2821",38.7820049396062,-79.3267074925927
"8991",8990,"54_75_449",38.6037699463511,-79.7383357905532
"8992",8991,"54_75_449",38.6234028450446,-79.7364718304913
"8993",8992,"54_75_449",38.6168331422384,-79.7295590990183
"8994",8993,"54_75_449",38.6177538911207,-79.7264420043194
"8995",8994,"54_75_449",38.6116356221639,-79.7220762399906
"8996",8995,"54_75_449",38.6172610761128,-79.7276181189452
"8997",8996,"54_75_449",38.6163700628155,-79.7447469824677
"8998",8997,"54_75_449",38.6089543576578,-79.7321393642232
"8999",8998,"54_75_449",38.6048932417671,-79.7408644886411
"9000",8999,"54_75_449",38.6103116881179,-79.7240707126388
"9001",9000,"54_75_596",38.5491037896216,-79.7857732772968
"9002",9001,"54_75_596",38.5499513491608,-79.7715872716047
"9003",9002,"54_75_596",38.5496051118893,-79.7716172338963
"9004",9003,"54_75_596",38.5433576142988,-79.7794173219276
"9005",9004,"54_75_596",38.5552732994381,-79.7852670550574
"9006",9005,"54_75_596",38.5529617164933,-79.7694995854471
"9007",9006,"54_75_596",38.5391823456173,-79.7602367864778
"9008",9007,"54_75_596",38.5538609288452,-79.7777648690058
"9009",9008,"54_75_596",38.5495447065205,-79.7736042747287
"9010",9009,"54_75_596",38.5505113548256,-79.7740221633402
"9011",9010,"54_75_793",38.1736495900368,-80.084761530932
"9012",9011,"54_75_793",38.1627967971457,-80.0962300933864
"9013",9012,"54_75_793",38.1647954581991,-80.0920469011318
"9014",9013,"54_75_793",38.174693184853,-80.0847601425427
"9015",9014,"54_75_793",38.1776885761163,-80.0911009503582
"9016",9015,"54_75_793",38.1698093127518,-80.098221774538
"9017",9016,"54_75_793",38.1648879860135,-80.1036882627517
"9018",9017,"54_75_793",38.1727068027846,-80.0901429400151
"9019",9018,"54_75_793",38.1830509255457,-80.0927746022732
"9020",9019,"54_75_793",38.1763892944649,-80.0883637551125
"9021",9020,"54_75_1463",38.0898428629506,-79.9738653798531
"9022",9021,"54_75_1463",38.1037625851198,-79.9823116223407
"9023",9022,"54_75_1463",38.093575413618,-79.9820618476028
"9024",9023,"54_75_1463",38.0845067388146,-79.9868678158093
"9025",9024,"54_75_1463",38.0896181508009,-79.9634887479497
"9026",9025,"54_75_1463",38.1004494212958,-79.9792121649303
"9027",9026,"54_75_1463",38.0854710895508,-79.9879986630991
"9028",9027,"54_75_1463",38.0957601278124,-79.9900133861514
"9029",9028,"54_75_1463",38.0931560599722,-79.9802211979967
"9030",9029,"54_75_1463",38.0830333213494,-79.9685203027978
"9031",9030,"54_75_1763",38.4679076950021,-79.9438525187598
"9032",9031,"54_75_1763",38.4767842271153,-79.9485149139694
"9033",9032,"54_75_1763",38.4706735643165,-79.9427764020792
"9034",9033,"54_75_1763",38.4827173884041,-79.939546365079
"9035",9034,"54_75_1763",38.4839505982128,-79.9315933313114
"9036",9035,"54_75_1763",38.4758390818053,-79.93041112503
"9037",9036,"54_75_1763",38.4860397699339,-79.9363606405532
"9038",9037,"54_75_1763",38.4839848800532,-79.930228998475
"9039",9038,"54_75_1763",38.4832208749214,-79.9400261067219
"9040",9039,"54_75_1763",38.4687807690767,-79.9495017592009
"9041",9040,"54_75_2169",38.4179928813444,-80.1525171823708
"9042",9041,"54_75_2169",38.4212852881228,-80.166493530808
"9043",9042,"54_75_2169",38.4086594480839,-80.1503249802514
"9044",9043,"54_75_2169",38.4246391251733,-80.1385418943406
"9045",9044,"54_75_2169",38.4210795733641,-80.1674845429101
"9046",9045,"54_75_2169",38.4193172026373,-80.1458975991499
"9047",9046,"54_75_2169",38.4279386628779,-80.1627229798058
"9048",9047,"54_75_2169",38.4237560451484,-80.1486771051997
"9049",9048,"54_75_2169",38.4155507698568,-80.1485415102592
"9050",9049,"54_75_2169",38.4248062854477,-80.1511759389633
"9051",9050,"54_75_2235",38.2650638840514,-80.2195890478596
"9052",9051,"54_75_2235",38.2626456569545,-80.2197993080816
"9053",9052,"54_75_2235",38.2551059783751,-80.2274423374181
"9054",9053,"54_75_2235",38.2574992213663,-80.2059336806713
"9055",9054,"54_75_2235",38.2610099305226,-80.2192254488597
"9056",9055,"54_75_2235",38.26034615176,-80.2186250591613
"9057",9056,"54_75_2235",38.2547428573199,-80.2227291903661
"9058",9057,"54_75_2235",38.2635504030033,-80.2160216808741
"9059",9058,"54_75_2235",38.2607336463273,-80.2176145226425
"9060",9059,"54_75_2235",38.2607576591336,-80.2124370322334
"9061",9060,"54_75_2250",38.1855926472038,-80.2698001555128
"9062",9061,"54_75_2250",38.1766302290044,-80.2799142903483
"9063",9062,"54_75_2250",38.1832289297811,-80.271500107187
"9064",9063,"54_75_2250",38.1983391552374,-80.2661692749557
"9065",9064,"54_75_2250",38.1828596551611,-80.2758736520527
"9066",9065,"54_75_2250",38.1847105389307,-80.2708918800236
"9067",9066,"54_75_2250",38.1878589764723,-80.2689967695782
"9068",9067,"54_75_2250",38.1910936215364,-80.2806289106303
"9069",9068,"54_75_2250",38.1837517966592,-80.2804486931684
"9070",9069,"54_75_2250",38.1795981391119,-80.2602244047256
"9071",9070,"54_83_116",38.7187729544825,-79.7962721438066
"9072",9071,"54_83_116",38.7100103173071,-79.8037002924158
"9073",9072,"54_83_116",38.7154927988345,-79.8034224085308
"9074",9073,"54_83_116",38.7130075361429,-79.7989065805186
"9075",9074,"54_83_116",38.7329682377596,-79.7977907494217
"9076",9075,"54_83_116",38.7128620601035,-79.7971003497352
"9077",9076,"54_83_116",38.728200602847,-79.8146443139325
"9078",9077,"54_83_116",38.7321612455176,-79.8046793530655
"9079",9078,"54_83_116",38.7213717029437,-79.8028663237195
"9080",9079,"54_83_116",38.7218445865814,-79.7923235038713
"9081",9080,"54_83_1109",38.6121738251974,-79.8462568206126
"9082",9081,"54_83_1109",38.6303144438136,-79.8476981260794
"9083",9082,"54_83_1109",38.6178086315553,-79.8421052215588
"9084",9083,"54_83_1109",38.6196244677588,-79.8456922556818
"9085",9084,"54_83_1109",38.6061450502185,-79.8342932185489
"9086",9085,"54_83_1109",38.6235769610652,-79.8361416880945
"9087",9086,"54_83_1109",38.614622519049,-79.8443636637287
"9088",9087,"54_83_1109",38.616122695638,-79.8552678357892
"9089",9088,"54_83_1109",38.6227798459412,-79.8474747777756
"9090",9089,"54_83_1109",38.6202460551739,-79.8365668571913
"9091",9090,"54_83_1458",38.778024471916,-79.6331079304158
"9092",9091,"54_83_1458",38.788975019878,-79.6408659814931
"9093",9092,"54_83_1458",38.7954935545339,-79.6444472991196
"9094",9093,"54_83_1458",38.7834078096303,-79.6441636189873
"9095",9094,"54_83_1458",38.7950100001912,-79.6438958980588
"9096",9095,"54_83_1458",38.7912766802143,-79.629249116601
"9097",9096,"54_83_1458",38.7896958953305,-79.657941653918
"9098",9097,"54_83_1458",38.7862920980966,-79.6261294737525
"9099",9098,"54_83_1458",38.7995544227337,-79.6433704831599
"9100",9099,"54_83_1458",38.7875864709489,-79.6349245907081
"9101",9100,"54_83_1803",38.5535840558714,-79.9161858694729
"9102",9101,"54_83_1803",38.5601618667356,-79.9335438308761
"9103",9102,"54_83_1803",38.5707369239038,-79.9164773996757
"9104",9103,"54_83_1803",38.5573946937718,-79.918674445318
"9105",9104,"54_83_1803",38.5702380953371,-79.9332434370044
"9106",9105,"54_83_1803",38.5664189460588,-79.92837915657
"9107",9106,"54_83_1803",38.5611096901917,-79.9249724954957
"9108",9107,"54_83_1803",38.5540688267071,-79.9358270245165
"9109",9108,"54_83_1803",38.5605932904784,-79.9452258948466
"9110",9109,"54_83_1803",38.5665565189132,-79.9358197407291
"9111",9110,"54_83_2473",38.9346279607616,-79.7310114905498
"9112",9111,"54_83_2473",38.9492208301763,-79.7269944460318
"9113",9112,"54_83_2473",38.9513288474605,-79.7276686082053
"9114",9113,"54_83_2473",38.9419925085939,-79.7231584052759
"9115",9114,"54_83_2473",38.9397296268914,-79.7367775487542
"9116",9115,"54_83_2473",38.9481397162424,-79.7284374637697
"9117",9116,"54_83_2473",38.947136780574,-79.7328596427735
"9118",9117,"54_83_2473",38.9571322051539,-79.7424681721601
"9119",9118,"54_83_2473",38.9468857774566,-79.7182994785319
"9120",9119,"54_83_2473",38.9476320964041,-79.7283031492721
"9121",9120,"54_93_218",38.9975147563456,-79.340207417565
"9122",9121,"54_93_218",38.9961875094826,-79.3457463822837
"9123",9122,"54_93_218",38.996916518404,-79.3377643486732
"9124",9123,"54_93_218",38.9896534537574,-79.3444970509254
"9125",9124,"54_93_218",38.9969955822216,-79.335107598857
"9126",9125,"54_93_218",38.9975667443737,-79.3284589439502
"9127",9126,"54_93_218",39.0049269075605,-79.3275079194966
"9128",9127,"54_93_218",38.9885229554837,-79.3374326850461
"9129",9128,"54_93_218",38.9861187343605,-79.3281382403064
"9130",9129,"54_93_218",38.995372688085,-79.3405681047902
"9131",9130,"54_93_824",39.0215716543734,-79.656296491473
"9132",9131,"54_93_824",39.0051513285318,-79.6748604278461
"9133",9132,"54_93_824",39.0183811930636,-79.6690816083141
"9134",9133,"54_93_824",39.0258664897861,-79.6833833096892
"9135",9134,"54_93_824",39.0202269921848,-79.6582036951845
"9136",9135,"54_93_824",39.0281443151884,-79.6688207915077
"9137",9136,"54_93_824",39.0210525051788,-79.6705624551137
"9138",9137,"54_93_824",39.0209163201701,-79.6799140030103
"9139",9138,"54_93_824",39.006127632551,-79.6698990507481
"9140",9139,"54_93_824",39.0238487438791,-79.6666592493075
"9141",9140,"54_93_1415",39.1558453024788,-79.6101943719771
"9142",9141,"54_93_1415",39.1544143626521,-79.6048642844008
"9143",9142,"54_93_1415",39.1629073930113,-79.5915848382635
"9144",9143,"54_93_1415",39.1537957368559,-79.5995977075326
"9145",9144,"54_93_1415",39.1652091836151,-79.6070269733351
"9146",9145,"54_93_1415",39.1538190980447,-79.600253894024
"9147",9146,"54_93_1415",39.1606777586369,-79.5991151013132
"9148",9147,"54_93_1415",39.1524411845202,-79.5834402569825
"9149",9148,"54_93_1415",39.1674628409339,-79.5867389320391
"9150",9149,"54_93_1415",39.1542150708888,-79.5952190880472
"9151",9150,"54_93_2147",39.0793773235038,-79.4683166780987
"9152",9151,"54_93_2147",39.0766962362149,-79.4776429930455
"9153",9152,"54_93_2147",39.0672304391751,-79.4899560726778
"9154",9153,"54_93_2147",39.0781383633271,-79.4843021380688
"9155",9154,"54_93_2147",39.0693790536746,-79.4905788011438
"9156",9155,"54_93_2147",39.0780164812714,-79.4763059549486
"9157",9156,"54_93_2147",39.0674849054319,-79.4759713911944
"9158",9157,"54_93_2147",39.0757604199446,-79.5012698730029
"9159",9158,"54_93_2147",39.0799842720966,-79.4741276998233
"9160",9159,"54_93_2147",39.0713244491625,-79.4766745134815
"9161",9160,"54_83_214",38.748927806418,-79.7757506583349
"9162",9161,"54_83_214",38.7610245445539,-79.7651187631944
"9163",9162,"54_83_214",38.755779433895,-79.7826176360552
"9164",9163,"54_83_214",38.7634929545861,-79.7665789424671
"9165",9164,"54_83_214",38.7579364999499,-79.7671273111726
"9166",9165,"54_83_214",38.7400406795731,-79.7729977271992
"9167",9166,"54_83_214",38.7645430175215,-79.777284004684
"9168",9167,"54_83_214",38.7624405475439,-79.7622350432356
"9169",9168,"54_83_214",38.7501722424674,-79.7782011179891
"9170",9169,"54_83_214",38.7590627641555,-79.7700194459994
"9171",9170,"54_83_265",38.7002040428446,-79.6678299767569
"9172",9171,"54_83_265",38.6964695135747,-79.6615968145547
"9173",9172,"54_83_265",38.6959228669339,-79.6664671704521
"9174",9173,"54_83_265",38.7081366143949,-79.6822093775222
"9175",9174,"54_83_265",38.6998353280577,-79.6696815218972
"9176",9175,"54_83_265",38.7069874193239,-79.6661977509719
"9177",9176,"54_83_265",38.699132578355,-79.6652958526367
"9178",9177,"54_83_265",38.7025449595435,-79.682702009138
"9179",9178,"54_83_265",38.6870394623626,-79.6751508871852
"9180",9179,"54_83_265",38.6975482183567,-79.6703954820412
"9181",9180,"54_83_687",38.7797174966727,-79.7948216434925
"9182",9181,"54_83_687",38.7647918763291,-79.7951499142926
"9183",9182,"54_83_687",38.7661123181162,-79.7868348509698
"9184",9183,"54_83_687",38.7852822914981,-79.7915022348619
"9185",9184,"54_83_687",38.7796197934196,-79.7859010475353
"9186",9185,"54_83_687",38.7669518620888,-79.8013368747947
"9187",9186,"54_83_687",38.783801250678,-79.8008067270921
"9188",9187,"54_83_687",38.7793458297997,-79.7945826873668
"9189",9188,"54_83_687",38.7735795027969,-79.7964324004547
"9190",9189,"54_83_687",38.7911748364544,-79.7964342987111
"9191",9190,"21_65_11",37.577918183702,-84.0366697789432
"9192",9191,"21_65_11",37.5670697215207,-84.0379954272816
"9193",9192,"21_65_11",37.5833625749948,-84.0258189308387
"9194",9193,"21_65_11",37.568442950791,-84.0280046217779
"9195",9194,"21_65_11",37.5690395217684,-84.0260065880495
"9196",9195,"21_65_11",37.572041445918,-84.0403078397909
"9197",9196,"21_65_11",37.5717842601187,-84.0489839658609
"9198",9197,"21_65_11",37.5750458921785,-84.0520411382822
"9199",9198,"21_65_11",37.5790303614216,-84.040208270704
"9200",9199,"21_65_11",37.5830325791097,-84.0358691808398
"9201",9200,"37_75_3",35.4276527728963,-83.9254838038645
"9202",9201,"37_75_3",35.426604815214,-83.9513261541934
"9203",9202,"37_75_3",35.4372036320057,-83.94160145013
"9204",9203,"37_75_3",35.4247758352818,-83.9324652175076
"9205",9204,"37_75_3",35.4220920171361,-83.9409203996811
"9206",9205,"37_75_3",35.4319824407839,-83.923905045076
"9207",9206,"37_75_3",35.4262232356991,-83.9253319911919
"9208",9207,"37_75_3",35.4323280334052,-83.9391499760952
"9209",9208,"37_75_3",35.4342971091448,-83.9501931420061
"9210",9209,"37_75_3",35.4316303507176,-83.9373294305849
"9211",9210,"37_75_16",35.3172317967624,-83.6776458954737
"9212",9211,"37_75_16",35.3317847410508,-83.6810934569347
"9213",9212,"37_75_16",35.3272443078817,-83.6882863900423
"9214",9213,"37_75_16",35.3286261580828,-83.6919472648449
"9215",9214,"37_75_16",35.3255146504641,-83.6820580592718
"9216",9215,"37_75_16",35.3286321111868,-83.6788675822577
"9217",9216,"37_75_16",35.3412945896666,-83.6894319211496
"9218",9217,"37_75_16",35.3288738162327,-83.6898108432726
"9219",9218,"37_75_16",35.3365312323969,-83.6856867226753
"9220",9219,"37_75_16",35.3397523922012,-83.6956429348792
"9221",9220,"37_27_14",35.9366157768269,-81.7382883382351
"9222",9221,"37_27_14",35.9479224018673,-81.7411519177376
"9223",9222,"37_27_14",35.9232988058102,-81.7414285093582
"9224",9223,"37_27_14",35.9309639282882,-81.7389778219515
"9225",9224,"37_27_14",35.9315757987245,-81.7337437540273
"9226",9225,"37_27_14",35.9317457530194,-81.7383444166126
"9227",9226,"37_27_14",35.9358563866453,-81.7377863586882
"9228",9227,"37_27_14",35.9333284927321,-81.7499575595818
"9229",9228,"37_27_14",35.9408497307112,-81.7221169160551
"9230",9229,"37_27_14",35.943330806136,-81.7350951796544
"9231",9230,"37_175_49",35.2107403923628,-82.9482316860505
"9232",9231,"37_175_49",35.2089279502042,-82.9281274089887
"9233",9232,"37_175_49",35.2026276581369,-82.93466978988
"9234",9233,"37_175_49",35.2067989941616,-82.9293505961082
"9235",9234,"37_175_49",35.1992812558139,-82.9315958935085
"9236",9235,"37_175_49",35.2083343302079,-82.9533146533321
"9237",9236,"37_175_49",35.2046061559739,-82.9387867175821
"9238",9237,"37_175_49",35.207198007075,-82.9436849391181
"9239",9238,"37_175_49",35.215810454142,-82.9406792253765
"9240",9239,"37_175_49",35.2069201771297,-82.9527140565207
"9241",9240,"37_175_9",35.1654968075959,-82.9307242291076
"9242",9241,"37_175_9",35.1644996563924,-82.9429164794614
"9243",9242,"37_175_9",35.1593148796068,-82.9296172087171
"9244",9243,"37_175_9",35.1612153863771,-82.9364122103529
"9245",9244,"37_175_9",35.1669198682163,-82.9449880747754
"9246",9245,"37_175_9",35.1607990051461,-82.9266792275325
"9247",9246,"37_175_9",35.1598124617649,-82.9254241857068
"9248",9247,"37_175_9",35.1596595314142,-82.9427006300795
"9249",9248,"37_175_9",35.1616521003219,-82.9273136835001
"9250",9249,"37_175_9",35.1594679121296,-82.9307678143008
"9251",9250,"54_67_2268",38.2854456547389,-80.5536754398379
"9252",9251,"54_67_2268",38.274568449527,-80.5318810746516
"9253",9252,"54_67_2268",38.2699357830447,-80.5335911355365
"9254",9253,"54_67_2268",38.2774483347925,-80.5491309427822
"9255",9254,"54_67_2268",38.2764620982121,-80.5380118560355
"9256",9255,"54_67_2268",38.2832993777448,-80.5367516801277
"9257",9256,"54_67_2268",38.2811090369955,-80.5351669311285
"9258",9257,"54_67_2268",38.2711129678712,-80.5314016741317
"9259",9258,"54_67_2268",38.2709125997512,-80.5258702068795
"9260",9259,"54_67_2268",38.2761006405512,-80.5403055222326
"9261",9260,"37_11_16",36.0771107079818,-81.7739040851546
"9262",9261,"37_11_16",36.0656126992791,-81.7620894657742
"9263",9262,"37_11_16",36.0722305138528,-81.767529324387
"9264",9263,"37_11_16",36.0615325021724,-81.7724904918904
"9265",9264,"37_11_16",36.0632719056871,-81.7698758830646
"9266",9265,"37_11_16",36.074001899707,-81.7809801893526
"9267",9266,"37_11_16",36.0614688456011,-81.7734948657748
"9268",9267,"37_11_16",36.0731618403918,-81.7616154928782
"9269",9268,"37_11_16",36.0791491092785,-81.7670642321865
"9270",9269,"37_11_16",36.068173135703,-81.7756785755338
"9271",9270,"37_113_35",35.0684689475846,-83.3466606158409
"9272",9271,"37_113_35",35.0639834839991,-83.3229511189442
"9273",9272,"37_113_35",35.0651377905833,-83.3362646816938
"9274",9273,"37_113_35",35.063897377179,-83.3375416084676
"9275",9274,"37_113_35",35.0576325701514,-83.352053772414
"9276",9275,"37_113_35",35.0674012713581,-83.3300145885315
"9277",9276,"37_113_35",35.0627487711471,-83.3348870008268
"9278",9277,"37_113_35",35.0747546390949,-83.3422890275555
"9279",9278,"37_113_35",35.0659070209124,-83.3452704123408
"9280",9279,"37_113_35",35.0651908335112,-83.3350360803039
"9281",9280,"37_113_177",35.1014612891783,-83.5853601363696
"9282",9281,"37_113_177",35.0992421440829,-83.5965043130091
"9283",9282,"37_113_177",35.0977446153503,-83.6004852974281
"9284",9283,"37_113_177",35.0865533732455,-83.5985660400278
"9285",9284,"37_113_177",35.1036385840192,-83.5899551593634
"9286",9285,"37_113_177",35.1097865773856,-83.6051911347254
"9287",9286,"37_113_177",35.0990990301509,-83.5987813503678
"9288",9287,"37_113_177",35.0913021679143,-83.5893421154005
"9289",9288,"37_113_177",35.1008662366538,-83.5959004944613
"9290",9289,"37_113_177",35.1085005016078,-83.5896428971968
"9291",9290,"54_101_689",38.2588534413026,-80.3762844338903
"9292",9291,"54_101_689",38.2737766139618,-80.3827016214127
"9293",9292,"54_101_689",38.2730089772324,-80.3759304128869
"9294",9293,"54_101_689",38.2569556390132,-80.3719134059964
"9295",9294,"54_101_689",38.2633857174586,-80.3610011517312
"9296",9295,"54_101_689",38.2731357939479,-80.3572115690334
"9297",9296,"54_101_689",38.2685213344676,-80.3743665480562
"9298",9297,"54_101_689",38.2582680670616,-80.3702326293267
"9299",9298,"54_101_689",38.2719462127594,-80.3645466730546
"9300",9299,"54_101_689",38.2756644868823,-80.3826333945121
"9301",9300,"54_101_705",38.3584341909695,-80.3323763073538
"9302",9301,"54_101_705",38.3404987325317,-80.3409427733727
"9303",9302,"54_101_705",38.3498030573719,-80.3416235436621
"9304",9303,"54_101_705",38.3451777732496,-80.3345051258647
"9305",9304,"54_101_705",38.3550994607848,-80.327451456821
"9306",9305,"54_101_705",38.3463929901849,-80.3347659419582
"9307",9306,"54_101_705",38.3467549930019,-80.3359535885843
"9308",9307,"54_101_705",38.3408453252108,-80.351593232251
"9309",9308,"54_101_705",38.3367948664982,-80.3403579887323
"9310",9309,"54_101_705",38.345892268313,-80.3368698945319
"9311",9310,"54_101_1753",38.4647639468243,-80.2215549173363
"9312",9311,"54_101_1753",38.4749631905925,-80.2125293532666
"9313",9312,"54_101_1753",38.4768084895612,-80.2091188512261
"9314",9313,"54_101_1753",38.4700335456519,-80.2120736763638
"9315",9314,"54_101_1753",38.4739849453719,-80.2054154669912
"9316",9315,"54_101_1753",38.4732627384503,-80.21482827708
"9317",9316,"54_101_1753",38.4707435397977,-80.2055901100858
"9318",9317,"54_101_1753",38.466931225952,-80.2037446566279
"9319",9318,"54_101_1753",38.4831545549153,-80.2157184547353
"9320",9319,"54_101_1753",38.4727546806378,-80.2136028383265
"9321",9320,"54_101_2201",38.3355790883324,-80.5060540858857
"9322",9321,"54_101_2201",38.3310030165003,-80.4919623558257
"9323",9322,"54_101_2201",38.3205274476265,-80.5061155474065
"9324",9323,"54_101_2201",38.3410370164563,-80.5024066589279
"9325",9324,"54_101_2201",38.3359994018961,-80.4914671942959
"9326",9325,"54_101_2201",38.3256943056392,-80.4947368797957
"9327",9326,"54_101_2201",38.319953261001,-80.4885126865735
"9328",9327,"54_101_2201",38.3212229910206,-80.4871678274922
"9329",9328,"54_101_2201",38.3273063779003,-80.4908991181833
"9330",9329,"54_101_2201",38.3318597366933,-80.4945271851375
"9331",9330,"54_101_2438",38.4135855850174,-80.4400517144523
"9332",9331,"54_101_2438",38.4174154064214,-80.435408535954
"9333",9332,"54_101_2438",38.412834007132,-80.4478434864026
"9334",9333,"54_101_2438",38.3966241777231,-80.4437887643229
"9335",9334,"54_101_2438",38.4200272175657,-80.442324082922
"9336",9335,"54_101_2438",38.4118576117672,-80.4467528879913
"9337",9336,"54_101_2438",38.4059891131216,-80.4372939568676
"9338",9337,"54_101_2438",38.4079224021897,-80.4431105150531
"9339",9338,"54_101_2438",38.4128557644421,-80.435214362988
"9340",9339,"54_101_2438",38.4200234108838,-80.4418475749703
"9341",9340,"37_39_6",35.1665554134278,-84.1709098751544
"9342",9341,"37_39_6",35.1662942315601,-84.1576870271963
"9343",9342,"37_39_6",35.1532929071076,-84.1506512927643
"9344",9343,"37_39_6",35.1598545877467,-84.1690322343555
"9345",9344,"37_39_6",35.1670743793678,-84.1563388177113
"9346",9345,"37_39_6",35.1632679823677,-84.1602229554596
"9347",9346,"37_39_6",35.1718288746653,-84.1439610802559
"9348",9347,"37_39_6",35.1606116271166,-84.1492296742372
"9349",9348,"37_39_6",35.1599325771449,-84.1592946853476
"9350",9349,"37_39_6",35.1606611157027,-84.1574051606821
"9351",9350,"37_39_110",35.1685809967686,-83.728420885105
"9352",9351,"37_39_110",35.1602953582089,-83.7419671031647
"9353",9352,"37_39_110",35.1653745925389,-83.7351620933737
"9354",9353,"37_39_110",35.1626819527025,-83.7386772575536
"9355",9354,"37_39_110",35.1676392340529,-83.7319563333839
"9356",9355,"37_39_110",35.170727957912,-83.7336750392112
"9357",9356,"37_39_110",35.1645793611038,-83.7247734916537
"9358",9357,"37_39_110",35.1686775326261,-83.7338657927355
"9359",9358,"37_39_110",35.1659076682521,-83.7369085761488
"9360",9359,"37_39_110",35.171629408087,-83.7530723695245
"9361",9360,"54_25_125",38.03773302417,-80.1698590855128
"9362",9361,"54_25_125",38.0334432164903,-80.1658368184293
"9363",9362,"54_25_125",38.0237948929666,-80.1664977116285
"9364",9363,"54_25_125",38.0336970819965,-80.1701812583452
"9365",9364,"54_25_125",38.0325661867392,-80.1582167086806
"9366",9365,"54_25_125",38.0300268140919,-80.166697474164
"9367",9366,"54_25_125",38.042929300171,-80.1750293693625
"9368",9367,"54_25_125",38.0334617612272,-80.169860639713
"9369",9368,"54_25_125",38.0342754619137,-80.1721482031421
"9370",9369,"54_25_125",38.0413829965479,-80.1884058676206
"9371",9370,"54_25_1274",38.0168916804899,-79.9958588918456
"9372",9371,"54_25_1274",38.0185877854944,-79.9998540240067
"9373",9372,"54_25_1274",38.0178533255406,-79.9953821170415
"9374",9373,"54_25_1274",38.0264533166204,-80.0023468809381
"9375",9374,"54_25_1274",38.0147465989937,-80.0065538790074
"9376",9375,"54_25_1274",38.0174223649987,-79.9996716067466
"9377",9376,"54_25_1274",38.0197789893241,-79.9978684750178
"9378",9377,"54_25_1274",38.0211631290029,-80.0043860530043
"9379",9378,"54_25_1274",38.0127255261499,-79.9980611384278
"9380",9379,"54_25_1274",38.0125193747354,-80.0038152634403
"9381",9380,"54_25_1389",37.8942927499458,-80.2605913877494
"9382",9381,"54_25_1389",37.8994362018268,-80.2584808085689
"9383",9382,"54_25_1389",37.8952493662465,-80.2639436378869
"9384",9383,"54_25_1389",37.8933140793004,-80.2744911697618
"9385",9384,"54_25_1389",37.8891638424917,-80.2584380452711
"9386",9385,"54_25_1389",37.8985764815402,-80.2490586852611
"9387",9386,"54_25_1389",37.8982367298964,-80.2628773308819
"9388",9387,"54_25_1389",37.8947366679325,-80.2538571224947
"9389",9388,"54_25_1389",37.8980278968357,-80.2687663978771
"9390",9389,"54_25_1389",37.904812881254,-80.2576823243394
"9391",9390,"37_87_74",35.6929166741862,-83.2115605597121
"9392",9391,"37_87_74",35.6871085341388,-83.210929051111
"9393",9392,"37_87_74",35.6921174088907,-83.203030709014
"9394",9393,"37_87_74",35.688916962615,-83.2105349094891
"9395",9394,"37_87_74",35.7022563961353,-83.2011430157497
"9396",9395,"37_87_74",35.695537572115,-83.2008774922445
"9397",9396,"37_87_74",35.6900922174572,-83.2081052729989
"9398",9397,"37_87_74",35.6979348501272,-83.2239387364321
"9399",9398,"37_87_74",35.7078858307528,-83.2118591706442
"9400",9399,"37_87_74",35.6951804059147,-83.2127192359071
"9401",9400,"37_111_57",35.76980204147,-82.0245521977147
"9402",9401,"37_111_57",35.7599500224342,-82.0297433587555
"9403",9402,"37_111_57",35.7809523083556,-82.0175099717732
"9404",9403,"37_111_57",35.7624453809461,-82.0133455272116
"9405",9404,"37_111_57",35.769189529742,-82.011628417974
"9406",9405,"37_111_57",35.7697982134197,-82.0280173463048
"9407",9406,"37_111_57",35.7689676016407,-82.0242346076371
"9408",9407,"37_111_57",35.7641593103453,-82.019419552637
"9409",9408,"37_111_57",35.7675817180169,-82.0097818363887
"9410",9409,"37_111_57",35.7667729210116,-82.0080525189093
"9411",9410,"37_111_43",35.8903260250126,-81.9335632504939
"9412",9411,"37_111_43",35.8923871432797,-81.915224643919
"9413",9412,"37_111_43",35.8779726913431,-81.9207067631327
"9414",9413,"37_111_43",35.8838000215416,-81.9277940959439
"9415",9414,"37_111_43",35.8881393558821,-81.9230744505077
"9416",9415,"37_111_43",35.8874806622694,-81.9182236399361
"9417",9416,"37_111_43",35.8822880683433,-81.9211224087625
"9418",9417,"37_111_43",35.8892118301288,-81.9167100095561
"9419",9418,"37_111_43",35.8762045587077,-81.9157553288727
"9420",9419,"37_111_43",35.885120195225,-81.9061834704113
"9421",9420,"37_111_27",35.7398076419015,-82.1208266137567
"9422",9421,"37_111_27",35.7358333040192,-82.1258113328028
"9423",9422,"37_111_27",35.7388488277464,-82.1182944475401
"9424",9423,"37_111_27",35.7412855232623,-82.1343108014018
"9425",9424,"37_111_27",35.7388670304565,-82.1118949633307
"9426",9425,"37_111_27",35.7342160000552,-82.1176323500008
"9427",9426,"37_111_27",35.7386438922606,-82.1250827291749
"9428",9427,"37_111_27",35.7370032739391,-82.114061991625
"9429",9428,"37_111_27",35.7506425697963,-82.1288736612526
"9430",9429,"37_111_27",35.7345034707985,-82.1196549718766
"9431",9430,"37_113_45",35.1888131892552,-83.4288873107169
"9432",9431,"37_113_45",35.1808011787107,-83.4251619407749
"9433",9432,"37_113_45",35.1844346067244,-83.432475433228
"9434",9433,"37_113_45",35.1908280018675,-83.4246313262663
"9435",9434,"37_113_45",35.1922653044054,-83.4437983836587
"9436",9435,"37_113_45",35.1866552376866,-83.4295625662417
"9437",9436,"37_113_45",35.1857110600176,-83.4242065693759
"9438",9437,"37_113_45",35.1869454059857,-83.4267975553608
"9439",9438,"37_113_45",35.191577468325,-83.4285059365032
"9440",9439,"37_113_45",35.1912346481618,-83.4274982116001
"9441",9440,"37_121_9",36.0971804753575,-82.3671918742801
"9442",9441,"37_121_9",36.1020121906599,-82.3602252996315
"9443",9442,"37_121_9",36.1029542145662,-82.3721848494597
"9444",9443,"37_121_9",36.0974330324762,-82.379475058559
"9445",9444,"37_121_9",36.08775153463,-82.3660334401911
"9446",9445,"37_121_9",36.0889501641094,-82.3733170514881
"9447",9446,"37_121_9",36.104966591998,-82.3670449263823
"9448",9447,"37_121_9",36.0997866174531,-82.3723173869786
"9449",9448,"37_121_9",36.0872797044196,-82.3811724230174
"9450",9449,"37_121_9",36.09393405077,-82.3687391376135
"9451",9450,"37_175_30",35.2707260853362,-82.921586228013
"9452",9451,"37_175_30",35.2781844252808,-82.9082923917236
"9453",9452,"37_175_30",35.2742429467739,-82.91408748617
"9454",9453,"37_175_30",35.2835721332107,-82.9031968368738
"9455",9454,"37_175_30",35.2739522004459,-82.9208063244292
"9456",9455,"37_175_30",35.2788997435544,-82.9078145736884
"9457",9456,"37_175_30",35.2784642516081,-82.922060622869
"9458",9457,"37_175_30",35.2807976965439,-82.9175322216617
"9459",9458,"37_175_30",35.2762204878449,-82.9201508360766
"9460",9459,"37_175_30",35.2790681367772,-82.9115107978923
"9461",9460,"37_87_72",35.3707178722269,-82.9334340949058
"9462",9461,"37_87_72",35.3813883176333,-82.9468181998499
"9463",9462,"37_87_72",35.3740453638655,-82.9520379713813
"9464",9463,"37_87_72",35.3790378895463,-82.9404056238618
"9465",9464,"37_87_72",35.3793530136791,-82.9556046639504
"9466",9465,"37_87_72",35.3704520775326,-82.9567142466472
"9467",9466,"37_87_72",35.3732325525075,-82.9389244829249
"9468",9467,"37_87_72",35.3677559444832,-82.9395203232586
"9469",9468,"37_87_72",35.3811679662067,-82.9525772139974
"9470",9469,"37_87_72",35.3699106005031,-82.9450481010985
"9471",9470,"37_39_60",35.1841040499415,-83.7529321026151
"9472",9471,"37_39_60",35.1870502694721,-83.7714406525408
"9473",9472,"37_39_60",35.19007552859,-83.7491870967965
"9474",9473,"37_39_60",35.1747345659165,-83.7470993249241
"9475",9474,"37_39_60",35.1786935957994,-83.7598447535818
"9476",9475,"37_39_60",35.1905669707234,-83.7595282023265
"9477",9476,"37_39_60",35.1860272241994,-83.7528952462434
"9478",9477,"37_39_60",35.1775251218423,-83.740608731695
"9479",9478,"37_39_60",35.1878244587628,-83.756779182767
"9480",9479,"37_39_60",35.1703711322738,-83.7615533788976
"9481",9480,"37_43_5",35.0960024090067,-83.8659408436317
"9482",9481,"37_43_5",35.1080431289065,-83.8673074509279
"9483",9482,"37_43_5",35.0958667313651,-83.86752140565
"9484",9483,"37_43_5",35.098185216278,-83.8613641747279
"9485",9484,"37_43_5",35.1006993803561,-83.8659504977216
"9486",9485,"37_43_5",35.0963078343985,-83.8665865431916
"9487",9486,"37_43_5",35.0863880988299,-83.8684717881762
"9488",9487,"37_43_5",35.1071990941898,-83.8630802623277
"9489",9488,"37_43_5",35.0968441209493,-83.847473941947
"9490",9489,"37_43_5",35.0977513722019,-83.8619465896061
"9491",9490,"37_43_11",35.1420298642074,-83.7680699400007
"9492",9491,"37_43_11",35.1564480946811,-83.7735201111818
"9493",9492,"37_43_11",35.1484120723379,-83.7603343145139
"9494",9493,"37_43_11",35.13952351778,-83.769427904117
"9495",9494,"37_43_11",35.1512710699408,-83.7799017836801
"9496",9495,"37_43_11",35.1409945035376,-83.759006527712
"9497",9496,"37_43_11",35.1522705408016,-83.7582110799598
"9498",9497,"37_43_11",35.1478371419037,-83.7593246940858
"9499",9498,"37_43_11",35.1476654015586,-83.7595193119609
"9500",9499,"37_43_11",35.137429164753,-83.7737241243395
"9501",9500,"37_75_4",35.3034891393334,-83.9924588890709
"9502",9501,"37_75_4",35.2984572412308,-83.9926139808168
"9503",9502,"37_75_4",35.3099671724146,-83.9917506400733
"9504",9503,"37_75_4",35.3034785705461,-83.992547575897
"9505",9504,"37_75_4",35.2974990836034,-83.9879693064231
"9506",9505,"37_75_4",35.2922906239408,-83.9947099492287
"9507",9506,"37_75_4",35.3100471845708,-83.9786070344154
"9508",9507,"37_75_4",35.2954733623813,-83.9790428022924
"9509",9508,"37_75_4",35.3084509139518,-84.0014154917776
"9510",9509,"37_75_4",35.3102872567973,-83.9928731158865
"9511",9510,"54_71_5134",38.5895119380351,-79.1651671089385
"9512",9511,"54_71_5134",38.6055803630882,-79.1752528551547
"9513",9512,"54_71_5134",38.5990469474841,-79.1818812811525
"9514",9513,"54_71_5134",38.5950659290523,-79.1699560214737
"9515",9514,"54_71_5134",38.5922282610432,-79.1672411087055
"9516",9515,"54_71_5134",38.5868879251553,-79.1773460072454
"9517",9516,"54_71_5134",38.5980095825535,-79.1766490811353
"9518",9517,"54_71_5134",38.599363872359,-79.1693426118572
"9519",9518,"54_71_5134",38.5971769461939,-79.1730241972115
"9520",9519,"54_71_5134",38.6108313387293,-79.1708274616773
"9521",9520,"54_23_4051",38.9827543912291,-79.308343428149
"9522",9521,"54_23_4051",38.983507744064,-79.3275082535279
"9523",9522,"54_23_4051",38.983840832385,-79.3063810190954
"9524",9523,"54_23_4051",38.9879691185446,-79.3155455905234
"9525",9524,"54_23_4051",38.9886602917513,-79.3245599708419
"9526",9525,"54_23_4051",38.9924979814316,-79.3262077263959
"9527",9526,"54_23_4051",38.9900608566553,-79.3241019136207
"9528",9527,"54_23_4051",38.9950828528402,-79.3114474444012
"9529",9528,"54_23_4051",38.9902260620857,-79.3165232005079
"9530",9529,"54_23_4051",38.9846613188783,-79.324828920195
"9531",9530,"54_31_4259",39.0266523541675,-78.5772337735825
"9532",9531,"54_31_4259",39.0374785319489,-78.5913363648186
"9533",9532,"54_31_4259",39.0282854175118,-78.572263351723
"9534",9533,"54_31_4259",39.0258879706929,-78.5778419810364
"9535",9534,"54_31_4259",39.0265938739079,-78.5860752168023
"9536",9535,"54_31_4259",39.0305405953027,-78.5806539427441
"9537",9536,"54_31_4259",39.0334276795448,-78.5890562231024
"9538",9537,"54_31_4259",39.0310307873692,-78.5826377178496
"9539",9538,"54_31_4259",39.0238021022275,-78.5821708380087
"9540",9539,"54_31_4259",39.0325192372427,-78.5702159206499
"9541",9540,"54_75_7814",38.4652051725321,-79.9106258956907
"9542",9541,"54_75_7814",38.4707699240491,-79.9327818617913
"9543",9542,"54_75_7814",38.4586920649925,-79.9154148874465
"9544",9543,"54_75_7814",38.4597918953848,-79.9113586860171
"9545",9544,"54_75_7814",38.473585981733,-79.9179920257029
"9546",9545,"54_75_7814",38.4614135900762,-79.9142784809375
"9547",9546,"54_75_7814",38.4657142595849,-79.9177372544454
"9548",9547,"54_75_7814",38.4753903856222,-79.9254106268422
"9549",9548,"54_75_7814",38.4768522435299,-79.9202354889295
"9550",9549,"54_75_7814",38.4744080925869,-79.9221646421691
"9551",9550,"54_75_7830",38.4261691737884,-80.1483884879642
"9552",9551,"54_75_7830",38.436616193456,-80.1403878374159
"9553",9552,"54_75_7830",38.4348941732368,-80.1408334496617
"9554",9553,"54_75_7830",38.4353529120635,-80.134766235423
"9555",9554,"54_75_7830",38.4234597721197,-80.155080458642
"9556",9555,"54_75_7830",38.4295732289357,-80.1475231172025
"9557",9556,"54_75_7830",38.4200947740761,-80.1283091712586
"9558",9557,"54_75_7830",38.4191559992412,-80.1442779028078
"9559",9558,"54_75_7830",38.4258963029595,-80.1418481604369
"9560",9559,"54_75_7830",38.4244869565451,-80.1243736115446
"9561",9560,"54_75_7846",38.2541163310111,-80.0611072348868
"9562",9561,"54_75_7846",38.2421192311186,-80.0559552664683
"9563",9562,"54_75_7846",38.2384427592758,-80.0585816309756
"9564",9563,"54_75_7846",38.2409791824548,-80.0586928652499
"9565",9564,"54_75_7846",38.2382119216828,-80.0485567198967
"9566",9565,"54_75_7846",38.2419689767162,-80.0555622849972
"9567",9566,"54_75_7846",38.2414980132388,-80.0532248899443
"9568",9567,"54_75_7846",38.2431644561438,-80.0631983375733
"9569",9568,"54_75_7846",38.2365623131101,-80.0415922170148
"9570",9569,"54_75_7846",38.2285859719788,-80.0596164753798
"9571",9570,"54_75_7850",38.1831665062327,-79.9553243786594
"9572",9571,"54_75_7850",38.1750628881428,-79.9699168750067
"9573",9572,"54_75_7850",38.1763671969403,-79.9625044662444
"9574",9573,"54_75_7850",38.1717684656153,-79.9668673333912
"9575",9574,"54_75_7850",38.1714888235598,-79.9543803203573
"9576",9575,"54_75_7850",38.1832209294937,-79.9686173711562
"9577",9576,"54_75_7850",38.175749640913,-79.9633260092014
"9578",9577,"54_75_7850",38.1886047482055,-79.9459014222739
"9579",9578,"54_75_7850",38.1677054262852,-79.9589618678701
"9580",9579,"54_75_7850",38.1893262795439,-79.9529844295241
"9581",9580,"54_75_7851",38.1746829670556,-80.0596152552792
"9582",9581,"54_75_7851",38.164497801784,-80.0532987256753
"9583",9582,"54_75_7851",38.1747946272162,-80.0591307097471
"9584",9583,"54_75_7851",38.1723607979366,-80.0614137426368
"9585",9584,"54_75_7851",38.1830575139693,-80.0521433416381
"9586",9585,"54_75_7851",38.1734755438428,-80.0597944521026
"9587",9586,"54_75_7851",38.1741940476352,-80.059665598079
"9588",9587,"54_75_7851",38.1763081947439,-80.0590787404271
"9589",9588,"54_75_7851",38.173987034101,-80.0610156211885
"9590",9589,"54_75_7851",38.1766634631059,-80.0549736679662
"9591",9590,"54_75_7860",38.2725655920305,-80.2334623809501
"9592",9591,"54_75_7860",38.2741388668189,-80.233376718502
"9593",9592,"54_75_7860",38.281410771811,-80.2300896803474
"9594",9593,"54_75_7860",38.2790581885828,-80.2374330755097
"9595",9594,"54_75_7860",38.2812002054779,-80.2198892079122
"9596",9595,"54_75_7860",38.2694894551127,-80.2329726240295
"9597",9596,"54_75_7860",38.2754341404,-80.2484184425962
"9598",9597,"54_75_7860",38.2734251087193,-80.2309185236281
"9599",9598,"54_75_7860",38.2814268121757,-80.2495115567446
"9600",9599,"54_75_7860",38.2657438653542,-80.2278359729465
"9601",9600,"54_75_8772",38.407257395205,-79.7891973144234
"9602",9601,"54_75_8772",38.4024530757046,-79.782379073609
"9603",9602,"54_75_8772",38.4030852450167,-79.7821716308877
"9604",9603,"54_75_8772",38.4096163828298,-79.8026211298749
"9605",9604,"54_75_8772",38.4014778464458,-79.8010953491028
"9606",9605,"54_75_8772",38.4019477091365,-79.7966199605084
"9607",9606,"54_75_8772",38.396068865274,-79.7985553162937
"9608",9607,"54_75_8772",38.3997330099018,-79.8094604638812
"9609",9608,"54_75_8772",38.40015161965,-79.7981096608519
"9610",9609,"54_75_8772",38.4037386925289,-79.795192606129
"9611",9610,"54_83_5439",38.9458892785119,-79.6521684177931
"9612",9611,"54_83_5439",38.9212791732357,-79.6603960010641
"9613",9612,"54_83_5439",38.9378831598757,-79.6628146257352
"9614",9613,"54_83_5439",38.9381930437305,-79.6575444750415
"9615",9614,"54_83_5439",38.9351302629351,-79.6583087944778
"9616",9615,"54_83_5439",38.9381470516016,-79.6531759871223
"9617",9616,"54_83_5439",38.9359983079478,-79.6565024678846
"9618",9617,"54_83_5439",38.9305366246595,-79.6476903288548
"9619",9618,"54_83_5439",38.9289749045385,-79.6529765380082
"9620",9619,"54_83_5439",38.9405582705113,-79.6600403975009
"9621",9620,"54_83_5481",38.7626358902454,-79.5650316639576
"9622",9621,"54_83_5481",38.7639357684035,-79.5685677867871
"9623",9622,"54_83_5481",38.7600627288812,-79.5506699804009
"9624",9623,"54_83_5481",38.7640588731096,-79.5646935412973
"9625",9624,"54_83_5481",38.7637731179529,-79.5585245775195
"9626",9625,"54_83_5481",38.763489546136,-79.5634207115311
"9627",9626,"54_83_5481",38.7537539786887,-79.5633107642431
"9628",9627,"54_83_5481",38.7655837926391,-79.5526167668978
"9629",9628,"54_83_5481",38.7689327815814,-79.5691133522429
"9630",9629,"54_83_5481",38.7632334813865,-79.5653937565361
"9631",9630,"54_83_5482",38.752591679586,-79.7372760674228
"9632",9631,"54_83_5482",38.7406170107648,-79.7441491253722
"9633",9632,"54_83_5482",38.7494681952716,-79.7272829796142
"9634",9633,"54_83_5482",38.7464036005144,-79.7387620482392
"9635",9634,"54_83_5482",38.7460706343722,-79.7477768151574
"9636",9635,"54_83_5482",38.7532380978359,-79.7361997948578
"9637",9636,"54_83_5482",38.7426684947509,-79.7225842552968
"9638",9637,"54_83_5482",38.7427202210957,-79.7298741840641
"9639",9638,"54_83_5482",38.7349683730397,-79.7372411104205
"9640",9639,"54_83_5482",38.7503181840676,-79.731624382353
"9641",9640,"54_83_5486",38.6590979377106,-79.6189592687504
"9642",9641,"54_83_5486",38.6651293047438,-79.5957660714158
"9643",9642,"54_83_5486",38.677750677425,-79.6088529162165
"9644",9643,"54_83_5486",38.6727671292912,-79.6139754311414
"9645",9644,"54_83_5486",38.6570921604698,-79.6163545787806
"9646",9645,"54_83_5486",38.6639211658923,-79.6059442412913
"9647",9646,"54_83_5486",38.6737486366581,-79.6015785508668
"9648",9647,"54_83_5486",38.6589567636644,-79.6058292181397
"9649",9648,"54_83_5486",38.6708042091775,-79.6088853345934
"9650",9649,"54_83_5486",38.6725482390148,-79.6076647866947
"9651",9650,"54_83_8049",38.9410559957423,-79.4375158139384
"9652",9651,"54_83_8049",38.9344480581621,-79.4372470879466
"9653",9652,"54_83_8049",38.9214300082543,-79.439926740663
"9654",9653,"54_83_8049",38.9338736762446,-79.4418755233539
"9655",9654,"54_83_8049",38.9230047584134,-79.4264492677815
"9656",9655,"54_83_8049",38.925337047878,-79.4306025964893
"9657",9656,"54_83_8049",38.9409948203544,-79.4164391414625
"9658",9657,"54_83_8049",38.9269186481177,-79.4299110727483
"9659",9658,"54_83_8049",38.9330622911583,-79.4317419421006
"9660",9659,"54_83_8049",38.9353264050151,-79.4306852094159
"9661",9660,"54_83_8051",38.993380567042,-79.6470549860418
"9662",9661,"54_83_8051",38.9922308167644,-79.6776484538668
"9663",9662,"54_83_8051",38.9894995023274,-79.6506000556577
"9664",9663,"54_83_8051",38.9983182981138,-79.6503513783673
"9665",9664,"54_83_8051",39.0005405986732,-79.6649457669792
"9666",9665,"54_83_8051",39.002817914599,-79.6702278023439
"9667",9666,"54_83_8051",38.9976544060029,-79.6640999061045
"9668",9667,"54_83_8051",38.9974101018469,-79.6572713267189
"9669",9668,"54_83_8051",38.9941911304325,-79.6551966997159
"9670",9669,"54_83_8051",38.9988172650702,-79.6553548701447
"9671",9670,"54_83_8058",38.9363683565786,-79.5711062217808
"9672",9671,"54_83_8058",38.9401882953161,-79.5575191679882
"9673",9672,"54_83_8058",38.9332006347428,-79.5609996416411
"9674",9673,"54_83_8058",38.9286090174736,-79.5514471298728
"9675",9674,"54_83_8058",38.9328145123657,-79.5689843425246
"9676",9675,"54_83_8058",38.9368754963161,-79.5591121766132
"9677",9676,"54_83_8058",38.9351984601537,-79.5430849782321
"9678",9677,"54_83_8058",38.9407765936895,-79.5717679404912
"9679",9678,"54_83_8058",38.9278706122088,-79.5622045464284
"9680",9679,"54_83_8058",38.9358987836611,-79.5647901988553
"9681",9680,"54_83_8060",38.9530518429363,-79.7038234647324
"9682",9681,"54_83_8060",38.9487512873075,-79.6881564724555
"9683",9682,"54_83_8060",38.9573642903511,-79.6910046526838
"9684",9683,"54_83_8060",38.9435850765589,-79.693687753056
"9685",9684,"54_83_8060",38.9432449288869,-79.698665715282
"9686",9685,"54_83_8060",38.960863891625,-79.6916124691699
"9687",9686,"54_83_8060",38.9467585236708,-79.6863511480136
"9688",9687,"54_83_8060",38.9513416044795,-79.6936397764757
"9689",9688,"54_83_8060",38.9456641308687,-79.6927086998472
"9690",9689,"54_83_8060",38.9523391855744,-79.7024589785558
"9691",9690,"54_83_8106",38.7987400604494,-79.7975386332902
"9692",9691,"54_83_8106",38.7930863975678,-79.7835080037496
"9693",9692,"54_83_8106",38.8038620861326,-79.7880621807987
"9694",9693,"54_83_8106",38.8033916831648,-79.7878152703561
"9695",9694,"54_83_8106",38.7989688968768,-79.7875369228283
"9696",9695,"54_83_8106",38.8005264236849,-79.7840901114928
"9697",9696,"54_83_8106",38.7988657526314,-79.7865463456304
"9698",9697,"54_83_8106",38.8006290967462,-79.7923939991209
"9699",9698,"54_83_8106",38.809496335631,-79.7818787895519
"9700",9699,"54_83_8106",38.806487147745,-79.8037447603675
"9701",9700,"54_83_8108",38.7560209346229,-79.7861456557626
"9702",9701,"54_83_8108",38.7510080101813,-79.7789904544601
"9703",9702,"54_83_8108",38.7622869154409,-79.7732066050215
"9704",9703,"54_83_8108",38.7642749515634,-79.7907826410731
"9705",9704,"54_83_8108",38.7571305749677,-79.7865599958974
"9706",9705,"54_83_8108",38.7566543493925,-79.8034055299039
"9707",9706,"54_83_8108",38.7568505685235,-79.7910452684217
"9708",9707,"54_83_8108",38.757455773816,-79.7863506568191
"9709",9708,"54_83_8108",38.7592678396816,-79.8001208879812
"9710",9709,"54_83_8108",38.7552236141337,-79.7866940449326
"9711",9710,"54_83_8109",38.7238619569482,-79.8039245733765
"9712",9711,"54_83_8109",38.7230976195418,-79.8234758183697
"9713",9712,"54_83_8109",38.7275128184732,-79.8124196530974
"9714",9713,"54_83_8109",38.7315379000596,-79.8179082288609
"9715",9714,"54_83_8109",38.7239232362753,-79.8147565408294
"9716",9715,"54_83_8109",38.7379726922605,-79.829357675447
"9717",9716,"54_83_8109",38.7384440493345,-79.8189241652738
"9718",9717,"54_83_8109",38.7263959231383,-79.8140089570644
"9719",9718,"54_83_8109",38.7194975406143,-79.8178273498979
"9720",9719,"54_83_8109",38.7262013466789,-79.8314720353566
"9721",9720,"54_83_8136",38.6291008485981,-79.8535851692216
"9722",9721,"54_83_8136",38.6245233596277,-79.8714365736702
"9723",9722,"54_83_8136",38.6247739515205,-79.8585788579775
"9724",9723,"54_83_8136",38.6237258684342,-79.8574873609199
"9725",9724,"54_83_8136",38.6258026130436,-79.8661916709696
"9726",9725,"54_83_8136",38.6253203288063,-79.8492832967992
"9727",9726,"54_83_8136",38.6171779922086,-79.8468141355863
"9728",9727,"54_83_8136",38.6153328406858,-79.8599026320451
"9729",9728,"54_83_8136",38.6369328810473,-79.8629665503347
"9730",9729,"54_83_8136",38.6252067768758,-79.8582032628285
"9731",9730,"54_83_8144",38.5535930899074,-79.924665056848
"9732",9731,"54_83_8144",38.5511940373007,-79.9268754800486
"9733",9732,"54_83_8144",38.5468289539281,-79.9119392408273
"9734",9733,"54_83_8144",38.5514409380015,-79.9290315485861
"9735",9734,"54_83_8144",38.5414651957429,-79.9218184909831
"9736",9735,"54_83_8144",38.549444027248,-79.9140898154916
"9737",9736,"54_83_8144",38.5540147436982,-79.9243799604014
"9738",9737,"54_83_8144",38.5531832282364,-79.9257562709377
"9739",9738,"54_83_8144",38.5497012662325,-79.9390036722042
"9740",9739,"54_83_8144",38.5563093140623,-79.9427223009654
"9741",9740,"54_75_5228",38.3232015698501,-80.2867702260578
"9742",9741,"54_75_5228",38.3211589592347,-80.2908060059187
"9743",9742,"54_75_5228",38.3197025867217,-80.2950816888482
"9744",9743,"54_75_5228",38.3194694881807,-80.2944503609557
"9745",9744,"54_75_5228",38.3198648095549,-80.3026068114971
"9746",9745,"54_75_5228",38.3196281855809,-80.304871043874
"9747",9746,"54_75_5228",38.3231848291175,-80.2814910103212
"9748",9747,"54_75_5228",38.3160891276984,-80.3095728584643
"9749",9748,"54_75_5228",38.3180513857705,-80.2880556389595
"9750",9749,"54_75_5228",38.3151059666521,-80.3009346152758
"9751",9750,"54_75_5234",38.2447598797098,-80.3677508506422
"9752",9751,"54_75_5234",38.244448928974,-80.3551998295641
"9753",9752,"54_75_5234",38.2434650687424,-80.3555854608688
"9754",9753,"54_75_5234",38.2388280255214,-80.3504063564123
"9755",9754,"54_75_5234",38.2319208177226,-80.3627380261462
"9756",9755,"54_75_5234",38.2381483905958,-80.3521686256903
"9757",9756,"54_75_5234",38.2399480169611,-80.3556240867005
"9758",9757,"54_75_5234",38.2368987292022,-80.3587517875732
"9759",9758,"54_75_5234",38.2307798891564,-80.3552074982185
"9760",9759,"54_75_5234",38.2393354373179,-80.3469539357091
"9761",9760,"54_75_6159",38.2207622799416,-79.9900860682522
"9762",9761,"54_75_6159",38.2202254292097,-79.9907406979975
"9763",9762,"54_75_6159",38.2198650737468,-79.9916944404644
"9764",9763,"54_75_6159",38.2276218468102,-79.9792551235129
"9765",9764,"54_75_6159",38.2261057706666,-79.9750343674976
"9766",9765,"54_75_6159",38.2156289356172,-79.9972994164962
"9767",9766,"54_75_6159",38.2212735695751,-79.9954902700046
"9768",9767,"54_75_6159",38.230347825304,-79.9867011856385
"9769",9768,"54_75_6159",38.2228540147224,-79.988451682977
"9770",9769,"54_75_6159",38.2154484456376,-79.9878345895102
"9771",9770,"54_75_7802",38.6190146913276,-79.7020701291476
"9772",9771,"54_75_7802",38.6203152397318,-79.6887179476398
"9773",9772,"54_75_7802",38.617712808531,-79.691144946806
"9774",9773,"54_75_7802",38.6319589083899,-79.7009680955921
"9775",9774,"54_75_7802",38.6196551187009,-79.6882555842073
"9776",9775,"54_75_7802",38.6192638793041,-79.6742046816446
"9777",9776,"54_75_7802",38.622218503144,-79.6907610225944
"9778",9777,"54_75_7802",38.621130342032,-79.7085025094066
"9779",9778,"54_75_7802",38.6162540413729,-79.695637485431
"9780",9779,"54_75_7802",38.6213014634889,-79.6922252955001
"9781",9780,"54_93_8314",39.0944053984367,-79.508932363253
"9782",9781,"54_93_8314",39.0965712511427,-79.4953007203481
"9783",9782,"54_93_8314",39.092810176047,-79.5097358657916
"9784",9783,"54_93_8314",39.1081114764722,-79.5071884578672
"9785",9784,"54_93_8314",39.1099989373664,-79.5030838250385
"9786",9785,"54_93_8314",39.1034717539806,-79.4910710054326
"9787",9786,"54_93_8314",39.1033439903074,-79.4998479338764
"9788",9787,"54_93_8314",39.0963563467936,-79.4967652846327
"9789",9788,"54_93_8314",39.0838979718281,-79.5017549366272
"9790",9789,"54_93_8314",39.1048582755059,-79.5108308962114
"9791",9790,"54_93_8321",39.1589334605394,-79.7794762764925
"9792",9791,"54_93_8321",39.1625283204452,-79.7756553740513
"9793",9792,"54_93_8321",39.1451505684756,-79.7691260888326
"9794",9793,"54_93_8321",39.1542343127402,-79.7766219312886
"9795",9794,"54_93_8321",39.1540796682734,-79.7673940499368
"9796",9795,"54_93_8321",39.1529089447862,-79.7850242390682
"9797",9796,"54_93_8321",39.1651789674608,-79.7846548412698
"9798",9797,"54_93_8321",39.1514314255469,-79.7882337880839
"9799",9798,"54_93_8321",39.1438496613625,-79.7739524757282
"9800",9799,"54_93_8321",39.1587063984555,-79.7796538674157
"9801",9800,"54_93_8333",39.0095190657164,-79.3703920588764
"9802",9801,"54_93_8333",39.0053541729253,-79.3703106381225
"9803",9802,"54_93_8333",39.0087142497842,-79.3655378833501
"9804",9803,"54_93_8333",39.0118977528619,-79.359005734562
"9805",9804,"54_93_8333",39.0036701460157,-79.3638252665791
"9806",9805,"54_93_8333",39.0180247851371,-79.3695223728077
"9807",9806,"54_93_8333",39.0046764832699,-79.3712782859708
"9808",9807,"54_93_8333",39.0197509269755,-79.3658500742957
"9809",9808,"54_93_8333",39.0051388026158,-79.3549117955626
"9810",9809,"54_93_8333",39.0205714351657,-79.368196377168
"9811",9810,"54_101_5876",38.4021935325812,-80.428316711555
"9812",9811,"54_101_5876",38.4041194838011,-80.4367044761059
"9813",9812,"54_101_5876",38.4012170777186,-80.435302051982
"9814",9813,"54_101_5876",38.4033664492422,-80.441683915079
"9815",9814,"54_101_5876",38.4038656967976,-80.4401129876258
"9816",9815,"54_101_5876",38.3911816157343,-80.4439247645065
"9817",9816,"54_101_5876",38.4075679676344,-80.4348629077315
"9818",9817,"54_101_5876",38.401011054442,-80.4380863791742
"9819",9818,"54_101_5876",38.4095739100214,-80.4423789870824
"9820",9819,"54_101_5876",38.4085654648618,-80.4351094977839
"9821",9820,"54_101_5880",38.3124985796204,-80.4359228010804
"9822",9821,"54_101_5880",38.3110168608798,-80.4384796728853
"9823",9822,"54_101_5880",38.2961699533647,-80.4410750400044
"9824",9823,"54_101_5880",38.3109424899531,-80.4415553275714
"9825",9824,"54_101_5880",38.3137995831217,-80.4449878495123
"9826",9825,"54_101_5880",38.3071313015386,-80.4528181229817
"9827",9826,"54_101_5880",38.302135839681,-80.4397853808378
"9828",9827,"54_101_5880",38.306851954312,-80.4384617922295
"9829",9828,"54_101_5880",38.3084229436328,-80.4353201030415
"9830",9829,"54_101_5880",38.3028145395421,-80.4404866425359
"9831",9830,"54_101_8495",38.3396978109292,-80.3493426262315
"9832",9831,"54_101_8495",38.3427064459845,-80.3594284995853
"9833",9832,"54_101_8495",38.3550688031168,-80.3648078034016
"9834",9833,"54_101_8495",38.3499504882748,-80.3736716765934
"9835",9834,"54_101_8495",38.3545246387303,-80.3629059070999
"9836",9835,"54_101_8495",38.3527024626115,-80.350500305123
"9837",9836,"54_101_8495",38.3476490774585,-80.3534347958305
"9838",9837,"54_101_8495",38.3446393223811,-80.3675188817935
"9839",9838,"54_101_8495",38.3458638792137,-80.3432545613429
"9840",9839,"54_101_8495",38.3446684709075,-80.3617349085098
"9841",9840,"54_101_8499",38.2841509560304,-80.4131537761178
"9842",9841,"54_101_8499",38.2822414305619,-80.3985210549019
"9843",9842,"54_101_8499",38.2964549894745,-80.4078860771316
"9844",9843,"54_101_8499",38.2935085535889,-80.4032172294199
"9845",9844,"54_101_8499",38.2891664197669,-80.3914971097938
"9846",9845,"54_101_8499",38.2863163630611,-80.3952386873668
"9847",9846,"54_101_8499",38.2824053872744,-80.3986107488437
"9848",9847,"54_101_8499",38.2805854688064,-80.3930857569412
"9849",9848,"54_101_8499",38.2858521220441,-80.3964138266786
"9850",9849,"54_101_8499",38.281754695194,-80.3933501174648
"9851",9850,"54_101_8820",38.4657133307161,-80.2183325585116
"9852",9851,"54_101_8820",38.4686533324004,-80.2119810052398
"9853",9852,"54_101_8820",38.4753897160246,-80.201250897258
"9854",9853,"54_101_8820",38.4723270856577,-80.2169953468113
"9855",9854,"54_101_8820",38.4690043992296,-80.2162654186679
"9856",9855,"54_101_8820",38.4581117808683,-80.2238297566567
"9857",9856,"54_101_8820",38.4653169954384,-80.2155639495196
"9858",9857,"54_101_8820",38.4684164624043,-80.2161411284042
"9859",9858,"54_101_8820",38.4690457233928,-80.2166803242409
"9860",9859,"54_101_8820",38.4625018722,-80.225260875262
"9861",9860,"54_101_8822",38.3498459171394,-80.4701038534098
"9862",9861,"54_101_8822",38.3419492929341,-80.4708203862624
"9863",9862,"54_101_8822",38.3356407002367,-80.4899251390249
"9864",9863,"54_101_8822",38.3465972197693,-80.4824094538682
"9865",9864,"54_101_8822",38.3566967827538,-80.4774741751182
"9866",9865,"54_101_8822",38.3481857483342,-80.4852921869101
"9867",9866,"54_101_8822",38.3474168643133,-80.4904531580349
"9868",9867,"54_101_8822",38.3485288958147,-80.4820009171971
"9869",9868,"54_101_8822",38.3498993825395,-80.4864710364499
"9870",9869,"54_101_8822",38.3422697192693,-80.4853101117291
"9871",9870,"54_93_5707",39.1459269045402,-79.6929032314973
"9872",9871,"54_93_5707",39.1475501616522,-79.6980914753797
"9873",9872,"54_93_5707",39.1435826551128,-79.684765869736
"9874",9873,"54_93_5707",39.1537216923069,-79.7061108235961
"9875",9874,"54_93_5707",39.1443288827781,-79.6893087890688
"9876",9875,"54_93_5707",39.1428832061893,-79.6894503422062
"9877",9876,"54_93_5707",39.1500870043097,-79.69355893234
"9878",9877,"54_93_5707",39.1579789386511,-79.702821391705
"9879",9878,"54_93_5707",39.15142070175,-79.6951260556854
"9880",9879,"54_93_5707",39.1411983770487,-79.6986775416158
"9881",9880,"54_93_5713",39.0670813489408,-79.7339181995449
"9882",9881,"54_93_5713",39.0708403566344,-79.7451734583092
"9883",9882,"54_93_5713",39.0626360044086,-79.7455730348642
"9884",9883,"54_93_5713",39.0645474439054,-79.7500720669958
"9885",9884,"54_93_5713",39.0815593029285,-79.7473544590526
"9886",9885,"54_93_5713",39.0634535458441,-79.750640059647
"9887",9886,"54_93_5713",39.0721847723894,-79.7387186294207
"9888",9887,"54_93_5713",39.0666483161667,-79.751542625398
"9889",9888,"54_93_5713",39.0661703865327,-79.7498978043309
"9890",9889,"54_93_5713",39.0778184488469,-79.742211042943
"9891",9890,"54_93_5723",39.0165701269998,-79.6433938566128
"9892",9891,"54_93_5723",39.0055471095179,-79.6502039008631
"9893",9892,"54_93_5723",39.0116914364182,-79.6351560114806
"9894",9893,"54_93_5723",39.0147594689808,-79.646453281819
"9895",9894,"54_93_5723",39.0073699756608,-79.6372705805098
"9896",9895,"54_93_5723",39.0211693221829,-79.6444335004495
"9897",9896,"54_93_5723",39.0079302868257,-79.6258557626123
"9898",9897,"54_93_5723",39.0136802068221,-79.6356143596264
"9899",9898,"54_93_5723",39.0063260914102,-79.6518838100092
"9900",9899,"54_93_5723",39.0076760650783,-79.6285831865597
"9901",9900,"54_93_8301",39.1777331152331,-79.6137995323749
"9902",9901,"54_93_8301",39.1781675713857,-79.5983640672978
"9903",9902,"54_93_8301",39.1708697609639,-79.6136035943124
"9904",9903,"54_93_8301",39.1748690960981,-79.6037024111569
"9905",9904,"54_93_8301",39.173028879166,-79.6007848107937
"9906",9905,"54_93_8301",39.1780244821794,-79.6057019094739
"9907",9906,"54_93_8301",39.1655501854518,-79.6094507453886
"9908",9907,"54_93_8301",39.1748144721171,-79.6018314172298
"9909",9908,"54_93_8301",39.1618229087262,-79.6052360513738
"9910",9909,"54_93_8301",39.1731632503402,-79.601853896251
"9911",9910,"54_25_4060",38.1480090903699,-80.3748754524945
"9912",9911,"54_25_4060",38.1442047304221,-80.3680432435871
"9913",9912,"54_25_4060",38.1498950851583,-80.3659717601894
"9914",9913,"54_25_4060",38.1541822654152,-80.3671817918712
"9915",9914,"54_25_4060",38.1483389855904,-80.3786927936694
"9916",9915,"54_25_4060",38.1433266332403,-80.3711102405389
"9917",9916,"54_25_4060",38.1566444069908,-80.3700991195952
"9918",9917,"54_25_4060",38.1473298207757,-80.3803011148227
"9919",9918,"54_25_4060",38.1528716562006,-80.3691569746982
"9920",9919,"54_25_4060",38.1527720578371,-80.3587996800738
"9921",9920,"54_25_4083",38.0055725803516,-80.1221328889941
"9922",9921,"54_25_4083",37.9916943156197,-80.1330434102814
"9923",9922,"54_25_4083",37.9978341975305,-80.1200938135872
"9924",9923,"54_25_4083",37.998035666178,-80.1205119559841
"9925",9924,"54_25_4083",37.9969678545918,-80.1222325095806
"9926",9925,"54_25_4083",37.9995386639064,-80.1158021360661
"9927",9926,"54_25_4083",37.9970979534281,-80.1334989492063
"9928",9927,"54_25_4083",37.999785843736,-80.1150286203039
"9929",9928,"54_25_4083",37.9991405601493,-80.1155317077878
"9930",9929,"54_25_4083",37.9977785672553,-80.1065098012142
"9931",9930,"54_25_4087",37.9265674968987,-80.1305713667684
"9932",9931,"54_25_4087",37.9241188059291,-80.1302368258333
"9933",9932,"54_25_4087",37.9218798032621,-80.1190517566251
"9934",9933,"54_25_4087",37.9353102896658,-80.1267698995448
"9935",9934,"54_25_4087",37.9230943205405,-80.1238544554857
"9936",9935,"54_25_4087",37.9208344701593,-80.1318440326592
"9937",9936,"54_25_4087",37.9315492487576,-80.1261435518881
"9938",9937,"54_25_4087",37.9236442542879,-80.1478877007027
"9939",9938,"54_25_4087",37.9305228704175,-80.1444655986575
"9940",9939,"54_25_4087",37.9269516932514,-80.1213832978966
"9941",9940,"54_25_4101",38.0133829118147,-80.2807867169178
"9942",9941,"54_25_4101",38.0206916214313,-80.2684639463045
"9943",9942,"54_25_4101",38.0192152768334,-80.2686388552884
"9944",9943,"54_25_4101",38.0146688879389,-80.2894778143504
"9945",9944,"54_25_4101",38.0164333943129,-80.2666951881213
"9946",9945,"54_25_4101",38.0113229559954,-80.2688108146066
"9947",9946,"54_25_4101",38.0093339409299,-80.2603178418092
"9948",9947,"54_25_4101",38.0278749834366,-80.2705774921044
"9949",9948,"54_25_4101",38.0220729775132,-80.261351792544
"9950",9949,"54_25_4101",38.0192075159153,-80.2731169349256
"9951",9950,"54_25_4140",37.8751419525854,-80.2086425854479
"9952",9951,"54_25_4140",37.8643022768485,-80.2178766861266
"9953",9952,"54_25_4140",37.8557959142127,-80.2291359224838
"9954",9953,"54_25_4140",37.8614676374211,-80.2224213891637
"9955",9954,"54_25_4140",37.8620210749682,-80.2203882018994
"9956",9955,"54_25_4140",37.8579469537507,-80.2136890587576
"9957",9956,"54_25_4140",37.8612822225398,-80.2040276691384
"9958",9957,"54_25_4140",37.8705167931238,-80.2121363752626
"9959",9958,"54_25_4140",37.8626949153527,-80.2154271560083
"9960",9959,"54_25_4140",37.8636582520331,-80.2313985266515
"9961",9960,"54_25_6688",38.2013018242694,-80.4094027191302
"9962",9961,"54_25_6688",38.2071891720593,-80.4078152660545
"9963",9962,"54_25_6688",38.1921214616347,-80.4014215862621
"9964",9963,"54_25_6688",38.1986468475309,-80.4069141461974
"9965",9964,"54_25_6688",38.2065734491673,-80.40087130598
"9966",9965,"54_25_6688",38.1979466763148,-80.3936887171727
"9967",9966,"54_25_6688",38.1926377044499,-80.4050208457602
"9968",9967,"54_25_6688",38.1991087989014,-80.4096176851806
"9969",9968,"54_25_6688",38.2129358006322,-80.390077217497
"9970",9969,"54_25_6688",38.202317107207,-80.3985353928904
"9971",9970,"54_25_6704",38.0366107801937,-80.1322132330551
"9972",9971,"54_25_6704",38.0184013179377,-80.1274935077873
"9973",9972,"54_25_6704",38.0322860719645,-80.1318074040297
"9974",9973,"54_25_6704",38.027672600932,-80.1346212598121
"9975",9974,"54_25_6704",38.0180841224444,-80.1260721136239
"9976",9975,"54_25_6704",38.025739697298,-80.1286770879241
"9977",9976,"54_25_6704",38.0268827359759,-80.1373449694166
"9978",9977,"54_25_6704",38.0279334984414,-80.1332240479904
"9979",9978,"54_25_6704",38.0146662914746,-80.1312000870467
"9980",9979,"54_25_6704",38.0333124857295,-80.1328364417015
"9981",9980,"54_71_7782",38.6082087631376,-79.5907750827496
"9982",9981,"54_71_7782",38.6084814155596,-79.5819733523128
"9983",9982,"54_71_7782",38.6091487186868,-79.5825251387397
"9984",9983,"54_71_7782",38.6082486165127,-79.580950416325
"9985",9984,"54_71_7782",38.6115945397449,-79.5848914155631
"9986",9985,"54_71_7782",38.6155091928899,-79.5822446299718
"9987",9986,"54_71_7782",38.6210658767237,-79.5891441891278
"9988",9987,"54_71_7782",38.6084830439546,-79.5868404942207
"9989",9988,"54_71_7782",38.6035857343267,-79.5744459654965
"9990",9989,"54_71_7782",38.6088971004782,-79.5806749576656
"9991",9990,"54_75_5173",38.6635160907667,-79.6472635075094
"9992",9991,"54_75_5173",38.66664813233,-79.6397761261923
"9993",9992,"54_75_5173",38.6669383180865,-79.6410701876614
"9994",9993,"54_75_5173",38.6617411111694,-79.6399565292866
"9995",9994,"54_75_5173",38.6717515046327,-79.6353745134651
"9996",9995,"54_75_5173",38.6758075044363,-79.640120409989
"9997",9996,"54_75_5173",38.6566145297902,-79.6261570437397
"9998",9997,"54_75_5173",38.6795370456101,-79.6339344379285
"9999",9998,"54_75_5173",38.673660711581,-79.6491681384525
"10000",9999,"54_75_5173",38.6694280418537,-79.6212842653607
"10001",10000,"54_75_5178",38.575805356776,-79.6980486850529
"10002",10001,"54_75_5178",38.5682331519092,-79.7073082312353
"10003",10002,"54_75_5178",38.5808938614953,-79.7109590953318
"10004",10003,"54_75_5178",38.5802392108595,-79.7126189257439
"10005",10004,"54_75_5178",38.582631712207,-79.707426099773
"10006",10005,"54_75_5178",38.5820620261121,-79.7047627688777
"10007",10006,"54_75_5178",38.5766404615881,-79.7063070840306
"10008",10007,"54_75_5178",38.5854105357905,-79.7094821688385
"10009",10008,"54_75_5178",38.5779721911439,-79.6987975461091
"10010",10009,"54_75_5178",38.5786896172863,-79.7257546846328
"10011",10010,"54_75_5180",38.6815520652379,-79.7983862431436
"10012",10011,"54_75_5180",38.6783896493811,-79.8301332822537
"10013",10012,"54_75_5180",38.6819747791975,-79.8056213442155
"10014",10013,"54_75_5180",38.6806536556128,-79.8111881303095
"10015",10014,"54_75_5180",38.6733443507676,-79.8170936343501
"10016",10015,"54_75_5180",38.6831890563072,-79.8177411787993
"10017",10016,"54_75_5180",38.6768103365918,-79.8017121848531
"10018",10017,"54_75_5180",38.6676780005681,-79.806298562565
"10019",10018,"54_75_5180",38.6800728587287,-79.824585261351
"10020",10019,"54_75_5180",38.6792483193918,-79.8146722526737
"10021",10020,"54_75_5189",38.4988012158518,-79.9031335359785
"10022",10021,"54_75_5189",38.5030851128151,-79.9080577474376
"10023",10022,"54_75_5189",38.5005977841081,-79.9053701780502
"10024",10023,"54_75_5189",38.5066251681285,-79.9096026892055
"10025",10024,"54_75_5189",38.5013504068978,-79.9037058986188
"10026",10025,"54_75_5189",38.5160453249365,-79.9051800219031
"10027",10026,"54_75_5189",38.5105468787578,-79.911874985796
"10028",10027,"54_75_5189",38.5120163929459,-79.9192293665081
"10029",10028,"54_75_5189",38.507829990865,-79.922651730798
"10030",10029,"54_75_5189",38.507963525665,-79.9156049099369
"10031",10030,"54_75_5191",38.442725185394,-79.9421621164418
"10032",10031,"54_75_5191",38.4392334040732,-79.9396322570664
"10033",10032,"54_75_5191",38.4393144625612,-79.9461613162747
"10034",10033,"54_75_5191",38.4523272680434,-79.9380128058527
"10035",10034,"54_75_5191",38.4369817358681,-79.9234455978901
"10036",10035,"54_75_5191",38.4391181430163,-79.9405085389359
"10037",10036,"54_75_5191",38.439765758374,-79.9370189898658
"10038",10037,"54_75_5191",38.4384935907592,-79.9370406637314
"10039",10038,"54_75_5191",38.4535652234537,-79.9360491904166
"10040",10039,"54_75_5191",38.4398576702548,-79.9405759416652
"10041",10040,"54_75_5200",38.393916435018,-79.8593390181395
"10042",10041,"54_75_5200",38.3849858424845,-79.8769587407525
"10043",10042,"54_75_5200",38.3998409117137,-79.8814168262698
"10044",10043,"54_75_5200",38.378861783698,-79.8696090056597
"10045",10044,"54_75_5200",38.3966945536622,-79.8605536720353
"10046",10045,"54_75_5200",38.3907505196126,-79.8675998738284
"10047",10046,"54_75_5200",38.3866071521251,-79.8731050839414
"10048",10047,"54_75_5200",38.3848097158808,-79.8714997639838
"10049",10048,"54_75_5200",38.3823210168466,-79.8652685169882
"10050",10049,"54_75_5200",38.3776547640327,-79.8737515023684
"10051",10050,"54_75_5208",38.3488026978131,-80.1502859042949
"10052",10051,"54_75_5208",38.34783386907,-80.1537559306561
"10053",10052,"54_75_5208",38.3566374612723,-80.1568921755325
"10054",10053,"54_75_5208",38.354225152333,-80.1458080782271
"10055",10054,"54_75_5208",38.3519914089638,-80.1472025679642
"10056",10055,"54_75_5208",38.3506289423875,-80.1490040543687
"10057",10056,"54_75_5208",38.3419326189966,-80.1513128805556
"10058",10057,"54_75_5208",38.3620252338066,-80.1574444060304
"10059",10058,"54_75_5208",38.3504188855643,-80.1575069715482
"10060",10059,"54_75_5208",38.3524695587863,-80.1572018898474
"10061",10060,"54_75_5210",38.3719861849325,-80.2543554854998
"10062",10061,"54_75_5210",38.3685806997295,-80.2587707700995
"10063",10062,"54_75_5210",38.3698603010172,-80.2577972549294
"10064",10063,"54_75_5210",38.355092505008,-80.2662602736236
"10065",10064,"54_75_5210",38.3633739121362,-80.2578942399474
"10066",10065,"54_75_5210",38.3577461574074,-80.2582677482995
"10067",10066,"54_75_5210",38.3702203798721,-80.2651957060392
"10068",10067,"54_75_5210",38.3675715287007,-80.2698671584984
"10069",10068,"54_75_5210",38.3688579100975,-80.2638429959367
"10070",10069,"54_75_5210",38.3693555161419,-80.262350245228
"10071",10070,"54_75_5216",38.3027722670378,-79.8730001717736
"10072",10071,"54_75_5216",38.2966751623477,-79.8767473362738
"10073",10072,"54_75_5216",38.3048144541208,-79.8757104389151
"10074",10073,"54_75_5216",38.2964769528291,-79.882414772276
"10075",10074,"54_75_5216",38.2978407503168,-79.8619057884855
"10076",10075,"54_75_5216",38.3086376541587,-79.8729760537243
"10077",10076,"54_75_5216",38.300899763079,-79.8661070661975
"10078",10077,"54_75_5216",38.2964979376857,-79.8536312089851
"10079",10078,"54_75_5216",38.2959157651342,-79.8678155951582
"10080",10079,"54_75_5216",38.2976458437989,-79.864871935355
"10081",10080,"54_75_5221",38.2012848468984,-80.0245930047442
"10082",10081,"54_75_5221",38.2004280366517,-80.0274936044841
"10083",10082,"54_75_5221",38.2088580633816,-80.02917574569
"10084",10083,"54_75_5221",38.2085224954745,-80.0304771404236
"10085",10084,"54_75_5221",38.2122059364854,-80.037809412849
"10086",10085,"54_75_5221",38.2207057992965,-80.0207713867017
"10087",10086,"54_75_5221",38.2053786338054,-80.0279609552518
"10088",10087,"54_75_5221",38.2063282102732,-80.0204741052972
"10089",10088,"54_75_5221",38.2097365594034,-80.0247511543659
"10090",10089,"54_75_5221",38.2011940585339,-80.0142178900105
"10091",10090,"54_75_5231",38.276817804544,-80.3207710589297
"10092",10091,"54_75_5231",38.2825859297806,-80.3408516139167
"10093",10092,"54_75_5231",38.2751824371666,-80.3358304538147
"10094",10093,"54_75_5231",38.2731552565472,-80.3255552777995
"10095",10094,"54_75_5231",38.2807664967233,-80.3344178677335
"10096",10095,"54_75_5231",38.2920883810601,-80.3223452206365
"10097",10096,"54_75_5231",38.2907911972213,-80.3171858353874
"10098",10097,"54_75_5231",38.2784864796308,-80.3188091196544
"10099",10098,"54_75_5231",38.2821048848065,-80.3422715389466
"10100",10099,"54_75_5231",38.2912779019423,-80.3402960795768
"10101",10100,"54_75_5236",38.2167033670347,-80.2004223787087
"10102",10101,"54_75_5236",38.2083619332557,-80.2067633890745
"10103",10102,"54_75_5236",38.2017721373163,-80.2041371121548
"10104",10103,"54_75_5236",38.2014957088307,-80.2049553496602
"10105",10104,"54_75_5236",38.2168639747227,-80.1903830366738
"10106",10105,"54_75_5236",38.2129000411795,-80.2112586486065
"10107",10106,"54_75_5236",38.1999203636828,-80.2040859374816
"10108",10107,"54_75_5236",38.2152981222813,-80.2044429304876
"10109",10108,"54_75_5236",38.2133813856252,-80.2002598490145
"10110",10109,"54_75_5236",38.1994366625884,-80.2127510816965
"10111",10110,"54_75_5237",38.2267148971192,-80.3303024195754
"10112",10111,"54_75_5237",38.2350576222215,-80.3466530867834
"10113",10112,"54_75_5237",38.2299171300263,-80.3485612330387
"10114",10113,"54_75_5237",38.2288665428399,-80.349604891444
"10115",10114,"54_75_5237",38.2414879905467,-80.3545007951246
"10116",10115,"54_75_5237",38.2364068033607,-80.3509138651963
"10117",10116,"54_75_5237",38.2240204628592,-80.3569791930254
"10118",10117,"54_75_5237",38.2300362496769,-80.342638347392
"10119",10118,"54_75_5237",38.2421442354649,-80.3367736004861
"10120",10119,"54_75_5237",38.2389887051142,-80.3555407519956
"10121",10120,"54_75_6154",38.4538487445013,-79.7752027504353
"10122",10121,"54_75_6154",38.4577112600758,-79.7660365811428
"10123",10122,"54_75_6154",38.4530703311506,-79.7798549844911
"10124",10123,"54_75_6154",38.4544267571113,-79.7691663875733
"10125",10124,"54_75_6154",38.4622876520291,-79.781867605781
"10126",10125,"54_75_6154",38.4493826111705,-79.760754206156
"10127",10126,"54_75_6154",38.4553867822823,-79.7826488831823
"10128",10127,"54_75_6154",38.4641713726261,-79.7589489983781
"10129",10128,"54_75_6154",38.4643196398271,-79.7833842704471
"10130",10129,"54_75_6154",38.4527908119411,-79.7631653892929
"10131",10130,"54_75_7804",38.6089559313075,-79.7331058298614
"10132",10131,"54_75_7804",38.5877197135421,-79.7329482227163
"10133",10132,"54_75_7804",38.5961362280725,-79.7221156726279
"10134",10133,"54_75_7804",38.5884586873558,-79.7423839239895
"10135",10134,"54_75_7804",38.5962877264161,-79.7338214220281
"10136",10135,"54_75_7804",38.6011940359096,-79.7444249733569
"10137",10136,"54_75_7804",38.5966899555504,-79.7317504602882
"10138",10137,"54_75_7804",38.5873041858781,-79.7192532568066
"10139",10138,"54_75_7804",38.6077179410102,-79.7352662874899
"10140",10139,"54_75_7804",38.5958132731446,-79.7319246094414
"10141",10140,"54_75_7822",38.4374954949657,-79.8407001975888
"10142",10141,"54_75_7822",38.4513388879407,-79.8460525639657
"10143",10142,"54_75_7822",38.4480354344924,-79.8498151522489
"10144",10143,"54_75_7822",38.4581540345018,-79.8378460403091
"10145",10144,"54_75_7822",38.4472581121326,-79.8345131188136
"10146",10145,"54_75_7822",38.4496772762275,-79.8322437061861
"10147",10146,"54_75_7822",38.4373735496291,-79.8384975786423
"10148",10147,"54_75_7822",38.4480966029739,-79.8374865920679
"10149",10148,"54_75_7822",38.4493720436425,-79.8374475368564
"10150",10149,"54_75_7822",38.4508126125013,-79.8364711681685
"10151",10150,"54_75_7863",38.2335982493478,-80.3058097511367
"10152",10151,"54_75_7863",38.2277378529398,-80.2982018048647
"10153",10152,"54_75_7863",38.222588853777,-80.290547758963
"10154",10153,"54_75_7863",38.2342736011457,-80.3051032510406
"10155",10154,"54_75_7863",38.2360324516549,-80.3021330327435
"10156",10155,"54_75_7863",38.2229288662677,-80.2807320894785
"10157",10156,"54_75_7863",38.2214637270706,-80.3019111985678
"10158",10157,"54_75_7863",38.2371989730954,-80.2907779126991
"10159",10158,"54_75_7863",38.2347058381488,-80.294324083588
"10160",10159,"54_75_7863",38.2332238326811,-80.2894215435002
"10161",10160,"54_75_7870",38.1310897266547,-80.1359200469702
"10162",10161,"54_75_7870",38.1372642773241,-80.1295725405004
"10163",10162,"54_75_7870",38.1312459534342,-80.1249531542728
"10164",10163,"54_75_7870",38.1292184779521,-80.153526222707
"10165",10164,"54_75_7870",38.1440403555009,-80.1331968917629
"10166",10165,"54_75_7870",38.1331501519622,-80.1378546864763
"10167",10166,"54_75_7870",38.1320609168943,-80.1339310644069
"10168",10167,"54_75_7870",38.1194068338609,-80.1447197792831
"10169",10168,"54_75_7870",38.1272542228137,-80.1242767182493
"10170",10169,"54_75_7870",38.1327386695917,-80.1210861601273
"10171",10170,"54_75_7877",38.1269038107213,-79.9710990006584
"10172",10171,"54_75_7877",38.1251033881117,-79.9821015503434
"10173",10172,"54_75_7877",38.1202594219936,-79.9918853973065
"10174",10173,"54_75_7877",38.1332317091609,-79.9860508021537
"10175",10174,"54_75_7877",38.1139110483314,-79.9838327270581
"10176",10175,"54_75_7877",38.1181982582542,-79.9829513150695
"10177",10176,"54_75_7877",38.1229573159723,-79.9827271843041
"10178",10177,"54_75_7877",38.1234115200551,-79.9826293993946
"10179",10178,"54_75_7877",38.1122060603126,-79.9839122112571
"10180",10179,"54_75_7877",38.1234601415688,-79.9744481212725
"10181",10180,"54_75_7882",38.0683390330576,-80.0083032010134
"10182",10181,"54_75_7882",38.0786174707086,-79.987882017874
"10183",10182,"54_75_7882",38.0816689241443,-79.9950173587933
"10184",10183,"54_75_7882",38.0687103320166,-79.9893416053255
"10185",10184,"54_75_7882",38.0762295092999,-80.0025327012217
"10186",10185,"54_75_7882",38.0680020336544,-80.0004332313308
"10187",10186,"54_75_7882",38.0682169327087,-79.9886939129117
"10188",10187,"54_75_7882",38.0744115392721,-79.9993518823165
"10189",10188,"54_75_7882",38.0656682347982,-79.9916040696116
"10190",10189,"54_75_7882",38.0675388384332,-79.9914951595555
"10191",10190,"54_75_8774",38.3643993482589,-80.1732644434313
"10192",10191,"54_75_8774",38.3697238990742,-80.1707540862045
"10193",10192,"54_75_8774",38.3705740781182,-80.1642440972578
"10194",10193,"54_75_8774",38.3709417941348,-80.1758081215129
"10195",10194,"54_75_8774",38.3544996215504,-80.1758977550492
"10196",10195,"54_75_8774",38.3702237326891,-80.1652727301935
"10197",10196,"54_75_8774",38.3710152524274,-80.1818579194032
"10198",10197,"54_75_8774",38.364886832915,-80.1768083233177
"10199",10198,"54_75_8774",38.3596295330998,-80.1755373262813
"10200",10199,"54_75_8774",38.3756131008193,-80.1834548963124
"10201",10200,"54_75_8779",38.3046979951849,-80.249251887211
"10202",10201,"54_75_8779",38.3033625886556,-80.2501896647371
"10203",10202,"54_75_8779",38.3018323917699,-80.2456555065538
"10204",10203,"54_75_8779",38.3029901659376,-80.2474977563715
"10205",10204,"54_75_8779",38.3030513767313,-80.253048247956
"10206",10205,"54_75_8779",38.313269589065,-80.2540410993571
"10207",10206,"54_75_8779",38.3076838487072,-80.2497420887082
"10208",10207,"54_75_8779",38.2947285747877,-80.2387353372919
"10209",10208,"54_75_8779",38.3022969755793,-80.2530154381914
"10210",10209,"54_75_8779",38.3026484291701,-80.249072133964
"10211",10210,"54_71_5085",38.8533680417248,-79.2394734492987
"10212",10211,"54_71_5085",38.8610325677235,-79.2486010883864
"10213",10212,"54_71_5085",38.852809269179,-79.2453993345685
"10214",10213,"54_71_5085",38.868803583868,-79.2621955868303
"10215",10214,"54_71_5085",38.8585919805241,-79.2329995165391
"10216",10215,"54_71_5085",38.8580836001684,-79.2512235561877
"10217",10216,"54_71_5085",38.8582072906701,-79.2517978828751
"10218",10217,"54_71_5085",38.8657922838692,-79.2544874173363
"10219",10218,"54_71_5085",38.858182373885,-79.2553613404316
"10220",10219,"54_71_5085",38.8520347038649,-79.2467270129359
"10221",10220,"54_71_5099",38.8578179052799,-79.3864482447194
"10222",10221,"54_71_5099",38.8769608501864,-79.3801301124433
"10223",10222,"54_71_5099",38.8655418336104,-79.3844763269138
"10224",10223,"54_71_5099",38.8608854874831,-79.3779413742451
"10225",10224,"54_71_5099",38.8643118515281,-79.3879946154675
"10226",10225,"54_71_5099",38.8579287653475,-79.3773033622486
"10227",10226,"54_71_5099",38.8641912530332,-79.3771100402144
"10228",10227,"54_71_5099",38.8601172781588,-79.3729355509056
"10229",10228,"54_71_5099",38.864867841214,-79.3810673863865
"10230",10229,"54_71_5099",38.8624327773599,-79.3762000593288
"10231",10230,"54_71_7710",38.8894388558981,-79.2556807322936
"10232",10231,"54_71_7710",38.8895302463428,-79.2535142927029
"10233",10232,"54_71_7710",38.8980304827272,-79.2503779787921
"10234",10233,"54_71_7710",38.8908394683699,-79.2507682798278
"10235",10234,"54_71_7710",38.8808018792586,-79.2655378927121
"10236",10235,"54_71_7710",38.8785444600355,-79.2464069631736
"10237",10236,"54_71_7710",38.8891901202773,-79.2549013216978
"10238",10237,"54_71_7710",38.890654259076,-79.2533487164209
"10239",10238,"54_71_7710",38.8898238099046,-79.2592759875105
"10240",10239,"54_71_7710",38.8875470375918,-79.2573608806091
"10241",10240,"54_71_7749",38.7770033348986,-79.4992292904535
"10242",10241,"54_71_7749",38.7724195196717,-79.5099412491347
"10243",10242,"54_71_7749",38.7602356352963,-79.5059313217031
"10244",10243,"54_71_7749",38.7721260779699,-79.5020378802187
"10245",10244,"54_71_7749",38.7528379040041,-79.5001376910657
"10246",10245,"54_71_7749",38.7704175899546,-79.5064598798091
"10247",10246,"54_71_7749",38.7743346313802,-79.4995502434168
"10248",10247,"54_71_7749",38.7675500984407,-79.4991970602701
"10249",10248,"54_71_7749",38.7669583246041,-79.5065117983656
"10250",10249,"54_71_7749",38.777901325583,-79.5070129191201
"10251",10250,"54_25_4078",38.0555920011541,-79.9680790556284
"10252",10251,"54_25_4078",38.0490548294567,-79.9764967562198
"10253",10252,"54_25_4078",38.0609771504071,-79.9716591683852
"10254",10253,"54_25_4078",38.055257466854,-79.9684839861223
"10255",10254,"54_25_4078",38.047447212777,-79.9767596765121
"10256",10255,"54_25_4078",38.0580505678904,-79.9721370035092
"10257",10256,"54_25_4078",38.0579456392791,-79.9606088372795
"10258",10257,"54_25_4078",38.0558061255321,-79.971877514348
"10259",10258,"54_25_4078",38.0654069760331,-79.9538091542938
"10260",10259,"54_25_4078",38.0455548168955,-79.9682980454264
"10261",10260,"54_25_4085",37.9831349192013,-80.1495595694801
"10262",10261,"54_25_4085",37.9764133137081,-80.152185219223
"10263",10262,"54_25_4085",37.9919532248387,-80.143827481278
"10264",10263,"54_25_4085",37.9839671182073,-80.1431448148248
"10265",10264,"54_25_4085",37.9844207338415,-80.1437847269302
"10266",10265,"54_25_4085",37.9822937070578,-80.1341387703446
"10267",10266,"54_25_4085",37.9829863507749,-80.1377853882256
"10268",10267,"54_25_4085",37.9771084528421,-80.1514031556095
"10269",10268,"54_25_4085",37.9842204974345,-80.1411040303888
"10270",10269,"54_25_4085",37.990123250502,-80.1287304693769
"10271",10270,"54_25_6686",38.2148029861649,-80.4479468211364
"10272",10271,"54_25_6686",38.2092737676314,-80.4274087230853
"10273",10272,"54_25_6686",38.2223105249743,-80.4431505503786
"10274",10273,"54_25_6686",38.2040358445498,-80.4316274902955
"10275",10274,"54_25_6686",38.2214101405407,-80.4397029288125
"10276",10275,"54_25_6686",38.2135267187924,-80.444436128238
"10277",10276,"54_25_6686",38.2209543259209,-80.4471445753356
"10278",10277,"54_25_6686",38.2150385838027,-80.4383275828092
"10279",10278,"54_25_6686",38.2128621797876,-80.4304482017737
"10280",10279,"54_25_6686",38.2132527736508,-80.4201158144098
"10281",10280,"54_25_6706",37.9744533123541,-80.0561514666135
"10282",10281,"54_25_6706",37.9721001340444,-80.0625321659849
"10283",10282,"54_25_6706",37.9762729159029,-80.066088462258
"10284",10283,"54_25_6706",37.9749922496014,-80.061807270994
"10285",10284,"54_25_6706",37.9762051375854,-80.0650148384965
"10286",10285,"54_25_6706",37.9693967670919,-80.0511971869985
"10287",10286,"54_25_6706",37.9721450684744,-80.0791519671918
"10288",10287,"54_25_6706",37.9739194158205,-80.0638556897205
"10289",10288,"54_25_6706",37.9656590979764,-80.0719775672726
"10290",10289,"54_25_6706",37.9735207888184,-80.0755093468745
"10291",10290,"54_25_6716",37.9338926439906,-80.2596004169901
"10292",10291,"54_25_6716",37.9244893530283,-80.2533909713293
"10293",10292,"54_25_6716",37.9420716618628,-80.2658391956004
"10294",10293,"54_25_6716",37.9300000128098,-80.2618361543349
"10295",10294,"54_25_6716",37.9338950686757,-80.2379200091036
"10296",10295,"54_25_6716",37.9350813037012,-80.2517901537875
"10297",10296,"54_25_6716",37.9353225737151,-80.2659816240847
"10298",10297,"54_25_6716",37.9433598793988,-80.2639642207826
"10299",10298,"54_25_6716",37.9437724069679,-80.2662905402323
"10300",10299,"54_25_6716",37.9244542063885,-80.2438009258792
"10301",10300,"54_23_4054",38.9487153671673,-79.3291102093153
"10302",10301,"54_23_4054",38.9572566199064,-79.3377989819384
"10303",10302,"54_23_4054",38.9531312396377,-79.3306824897575
"10304",10303,"54_23_4054",38.9463733895697,-79.3248683842618
"10305",10304,"54_23_4054",38.9519838222637,-79.3252820200101
"10306",10305,"54_23_4054",38.9598045387363,-79.3359737414677
"10307",10306,"54_23_4054",38.9533813555859,-79.339118362401
"10308",10307,"54_23_4054",38.9518013226467,-79.3197078285598
"10309",10308,"54_23_4054",38.9372886456208,-79.3405679777235
"10310",10309,"54_23_4054",38.9475750975179,-79.3287116441937
"10311",10310,"54_83_5446",38.8415371620485,-79.6300493215573
"10312",10311,"54_83_5446",38.8435294366798,-79.6415018861849
"10313",10312,"54_83_5446",38.8438542428818,-79.6371454019073
"10314",10313,"54_83_5446",38.8355233716187,-79.6482294973821
"10315",10314,"54_83_5446",38.8417188328775,-79.6376002067219
"10316",10315,"54_83_5446",38.8339332387562,-79.6332118021998
"10317",10316,"54_83_5446",38.8396584639164,-79.637939143328
"10318",10317,"54_83_5446",38.8510714477586,-79.6286347294941
"10319",10318,"54_83_5446",38.8266319378774,-79.6331182230845
"10320",10319,"54_83_5446",38.8405932867335,-79.6368436343708
"10321",10320,"54_83_5495",38.7340014592938,-79.9268531692322
"10322",10321,"54_83_5495",38.7354920590132,-79.9280183983559
"10323",10322,"54_83_5495",38.7334912349163,-79.9337183730065
"10324",10323,"54_83_5495",38.731997725856,-79.9254388308802
"10325",10324,"54_83_5495",38.7315396199743,-79.9293397376416
"10326",10325,"54_83_5495",38.7345572815726,-79.9259690612548
"10327",10326,"54_83_5495",38.7309385438504,-79.9324925773534
"10328",10327,"54_83_5495",38.7457211882623,-79.9307500900797
"10329",10328,"54_83_5495",38.7403435839072,-79.931933159701
"10330",10329,"54_83_5495",38.7345580257265,-79.9305138451721
"10331",10330,"54_83_5522",38.5777937827942,-79.884310693749
"10332",10331,"54_83_5522",38.5789617533396,-79.8672259510487
"10333",10332,"54_83_5522",38.5828253237536,-79.878474071232
"10334",10333,"54_83_5522",38.5682694630092,-79.8901111849784
"10335",10334,"54_83_5522",38.5806251990236,-79.87695807056
"10336",10335,"54_83_5522",38.5705263527479,-79.8813232542489
"10337",10336,"54_83_5522",38.5777962725778,-79.8799927044279
"10338",10337,"54_83_5522",38.5773550010182,-79.8888165138775
"10339",10338,"54_83_5522",38.5848996069168,-79.8906117818146
"10340",10339,"54_83_5522",38.5773789077241,-79.8869605271558
"10341",10340,"54_83_8050",38.9978407615095,-79.7156423965125
"10342",10341,"54_83_8050",39.0005109202431,-79.7144710196512
"10343",10342,"54_83_8050",39.0061474445934,-79.7269175341632
"10344",10343,"54_83_8050",39.0112016374686,-79.7116094394453
"10345",10344,"54_83_8050",39.0025106521896,-79.7118056267093
"10346",10345,"54_83_8050",39.0087784201807,-79.7205770467573
"10347",10346,"54_83_8050",38.9921628473561,-79.7101030181947
"10348",10347,"54_83_8050",39.0028510549402,-79.6966512540374
"10349",10348,"54_83_8050",38.9981399995988,-79.7126864000457
"10350",10349,"54_83_8050",38.9944496540984,-79.7010262641129
"10351",10350,"54_83_8099",38.7328828816075,-79.72492891747
"10352",10351,"54_83_8099",38.7425979765723,-79.724806918169
"10353",10352,"54_83_8099",38.7446623336315,-79.7131380985698
"10354",10353,"54_83_8099",38.7284858872831,-79.7186436831393
"10355",10354,"54_83_8099",38.7365183935931,-79.726567627097
"10356",10355,"54_83_8099",38.7437012474442,-79.7145935597957
"10357",10356,"54_83_8099",38.7417949656982,-79.7151129659385
"10358",10357,"54_83_8099",38.7388393954676,-79.7188731622664
"10359",10358,"54_83_8099",38.7453384029727,-79.7141731663131
"10360",10359,"54_83_8099",38.7371868718158,-79.701649637121
"10361",10360,"54_83_8104",38.6810840947948,-79.7311831261412
"10362",10361,"54_83_8104",38.6836630195487,-79.7309433154263
"10363",10362,"54_83_8104",38.6731385849159,-79.7304801048501
"10364",10363,"54_83_8104",38.6819012731908,-79.7230671845866
"10365",10364,"54_83_8104",38.6853332564117,-79.7413505514362
"10366",10365,"54_83_8104",38.681354222368,-79.7301202923149
"10367",10366,"54_83_8104",38.6864514231715,-79.7288704047237
"10368",10367,"54_83_8104",38.6829828718317,-79.7197683388152
"10369",10368,"54_83_8104",38.6857629572452,-79.71506083263
"10370",10369,"54_83_8104",38.6739536735412,-79.7266060306204
"10371",10370,"54_83_8107",38.7445767468758,-79.8412482459919
"10372",10371,"54_83_8107",38.7480715811114,-79.8543854440643
"10373",10372,"54_83_8107",38.7365991680243,-79.8570249361293
"10374",10373,"54_83_8107",38.7486808581056,-79.835227166989
"10375",10374,"54_83_8107",38.746196652241,-79.8470500070216
"10376",10375,"54_83_8107",38.7467658721014,-79.834148161806
"10377",10376,"54_83_8107",38.7459243881696,-79.8603748359215
"10378",10377,"54_83_8107",38.7469734154512,-79.853680182443
"10379",10378,"54_83_8107",38.7424998476224,-79.8549541157937
"10380",10379,"54_83_8107",38.7397247928043,-79.8471127749031
"10381",10380,"54_83_8135",38.6903441926075,-79.8768773299269
"10382",10381,"54_83_8135",38.699708402673,-79.8895641793783
"10383",10382,"54_83_8135",38.693600966162,-79.8939728285761
"10384",10383,"54_83_8135",38.6990028883874,-79.8883745455306
"10385",10384,"54_83_8135",38.6908069063365,-79.8969759292616
"10386",10385,"54_83_8135",38.6954853079983,-79.8835406370495
"10387",10386,"54_83_8135",38.6987734471099,-79.8737888181464
"10388",10387,"54_83_8135",38.6850842276227,-79.8748070693865
"10389",10388,"54_83_8135",38.6863739159497,-79.8815328669463
"10390",10389,"54_83_8135",38.6968466655149,-79.8835714854315
"10391",10390,"54_83_8137",38.5868071150411,-79.9123061981103
"10392",10391,"54_83_8137",38.5904663090451,-79.9013866480874
"10393",10392,"54_83_8137",38.5942111420631,-79.9105555157238
"10394",10393,"54_83_8137",38.6065057717428,-79.9030138211508
"10395",10394,"54_83_8137",38.5955792916905,-79.8965230264193
"10396",10395,"54_83_8137",38.6048571002125,-79.9016534213351
"10397",10396,"54_83_8137",38.5999249048568,-79.9104763684867
"10398",10397,"54_83_8137",38.5983934480776,-79.9067769676149
"10399",10398,"54_83_8137",38.6000195744814,-79.9164204834762
"10400",10399,"54_83_8137",38.6067772987417,-79.9076060409542
"10401",10400,"54_83_8152",38.4575667352057,-80.154736086043
"10402",10401,"54_83_8152",38.4722972893967,-80.1400678785553
"10403",10402,"54_83_8152",38.4818254470179,-80.1570983774307
"10404",10403,"54_83_8152",38.4770452752193,-80.160553551105
"10405",10404,"54_83_8152",38.4644336143929,-80.151895653253
"10406",10405,"54_83_8152",38.4668543670738,-80.1582690123559
"10407",10406,"54_83_8152",38.4703629539116,-80.152789251033
"10408",10407,"54_83_8152",38.4626392739428,-80.1493393830754
"10409",10408,"54_83_8152",38.4674015536199,-80.1536778134118
"10410",10409,"54_83_8152",38.4840941572951,-80.1532494084128
"10411",10410,"54_93_5710",39.1122428039722,-79.755173188253
"10412",10411,"54_93_5710",39.1054507744969,-79.7523247496511
"10413",10412,"54_93_5710",39.1139399192763,-79.7399654708573
"10414",10413,"54_93_5710",39.1264146791414,-79.7341028394657
"10415",10414,"54_93_5710",39.1137215194286,-79.7411828158475
"10416",10415,"54_93_5710",39.1123610293882,-79.7307867572252
"10417",10416,"54_93_5710",39.113748147705,-79.740037655706
"10418",10417,"54_93_5710",39.1166477070707,-79.7353027110698
"10419",10418,"54_93_5710",39.1170692207863,-79.748073853657
"10420",10419,"54_93_5710",39.1119510531965,-79.7363038925996
"10421",10420,"54_93_5715",39.0638915550393,-79.6573229554467
"10422",10421,"54_93_5715",39.0584501412106,-79.6593993182895
"10423",10422,"54_93_5715",39.0390018340814,-79.6674957007345
"10424",10423,"54_93_5715",39.0570309220319,-79.646464637085
"10425",10424,"54_93_5715",39.0422542901083,-79.6479505785808
"10426",10425,"54_93_5715",39.045530781879,-79.6697475914308
"10427",10426,"54_93_5715",39.0486462316826,-79.6593398010509
"10428",10427,"54_93_5715",39.043013002604,-79.6752819762395
"10429",10428,"54_93_5715",39.0503135742601,-79.6595432320603
"10430",10429,"54_93_5715",39.0544522613814,-79.6564614705166
"10431",10430,"54_93_8316",39.0666299413112,-79.5221946333677
"10432",10431,"54_93_8316",39.0792393739434,-79.5280001281853
"10433",10432,"54_93_8316",39.0710085947826,-79.5214405534036
"10434",10433,"54_93_8316",39.0698292255151,-79.5281054272216
"10435",10434,"54_93_8316",39.0636509758563,-79.5254123006798
"10436",10435,"54_93_8316",39.0714065735035,-79.5129010548576
"10437",10436,"54_93_8316",39.0750397316006,-79.5290622318946
"10438",10437,"54_93_8316",39.068083337892,-79.517455327285
"10439",10438,"54_93_8316",39.0730368974694,-79.5122300874499
"10440",10439,"54_93_8316",39.0681093634604,-79.5303394304339
"10441",10440,"54_93_8324",39.1267386699164,-79.8216254363252
"10442",10441,"54_93_8324",39.1320075085765,-79.826498787176
"10443",10442,"54_93_8324",39.1355989779256,-79.8361155802354
"10444",10443,"54_93_8324",39.1226421247806,-79.8380280266874
"10445",10444,"54_93_8324",39.1229148281741,-79.8168057276794
"10446",10445,"54_93_8324",39.1184209367868,-79.8344171141619
"10447",10446,"54_93_8324",39.1217744235714,-79.8345373315963
"10448",10447,"54_93_8324",39.1284023570434,-79.8147815625362
"10449",10448,"54_93_8324",39.1243813056398,-79.8199769494427
"10450",10449,"54_93_8324",39.1294268856788,-79.8247295287138
"10451",10450,"54_93_8327",39.0738263063898,-79.6785287216738
"10452",10451,"54_93_8327",39.0735365933307,-79.6876032034604
"10453",10452,"54_93_8327",39.0675846861785,-79.6648448042515
"10454",10453,"54_93_8327",39.0792784674682,-79.6760938151395
"10455",10454,"54_93_8327",39.0767112455881,-79.6811541502937
"10456",10455,"54_93_8327",39.0830219441369,-79.6799152895129
"10457",10456,"54_93_8327",39.0741103483189,-79.6829384995224
"10458",10457,"54_93_8327",39.0760936979447,-79.685465537326
"10459",10458,"54_93_8327",39.0702159107006,-79.6702943387959
"10460",10459,"54_93_8327",39.0670644674716,-79.6940296502289
"10461",10460,"54_93_8330",39.0684799915552,-79.3913167940715
"10462",10461,"54_93_8330",39.0810558761851,-79.3772756629823
"10463",10462,"54_93_8330",39.0711431482948,-79.3787958860898
"10464",10463,"54_93_8330",39.0677904642286,-79.3702040585287
"10465",10464,"54_93_8330",39.06612403803,-79.3765508820037
"10466",10465,"54_93_8330",39.0737152753672,-79.3619983342062
"10467",10466,"54_93_8330",39.0789753746579,-79.3761770092215
"10468",10467,"54_93_8330",39.0653717499295,-79.3801396920517
"10469",10468,"54_93_8330",39.0755613898818,-79.3695147596408
"10470",10469,"54_93_8330",39.0731389639642,-79.3895669186097
"10471",10470,"54_93_8811",38.983979764216,-79.3978663366105
"10472",10471,"54_93_8811",38.991287867008,-79.4096279298749
"10473",10472,"54_93_8811",38.9767687159124,-79.4081415647685
"10474",10473,"54_93_8811",38.9876636519507,-79.3839456531051
"10475",10474,"54_93_8811",38.9780095974421,-79.4052618081313
"10476",10475,"54_93_8811",38.9959637729112,-79.3961763569909
"10477",10476,"54_93_8811",38.9841213705359,-79.4018276252286
"10478",10477,"54_93_8811",38.9911022291325,-79.3974922909777
"10479",10478,"54_93_8811",38.9890245354628,-79.3942422337257
"10480",10479,"54_93_8811",38.9986800177405,-79.3979810595122
"10481",10480,"54_63_385",37.5178433956643,-80.3880032535086
"10482",10481,"54_63_385",37.5176512718438,-80.3836092942009
"10483",10482,"54_63_385",37.5135774496886,-80.3861265318207
"10484",10483,"54_63_385",37.5134018120593,-80.3729645106491
"10485",10484,"54_63_385",37.5293106041885,-80.3779756611428
"10486",10485,"54_63_385",37.518346982545,-80.3864603332235
"10487",10486,"54_63_385",37.5238052885242,-80.3884211786297
"10488",10487,"54_63_385",37.5180377747709,-80.3949586091618
"10489",10488,"54_63_385",37.5201221522724,-80.4040344109631
"10490",10489,"54_63_385",37.5229952290299,-80.3947683413553
"10491",10490,"54_67_5055",38.2313839693084,-80.5438646791552
"10492",10491,"54_67_5055",38.2388528123651,-80.5407393864063
"10493",10492,"54_67_5055",38.2460626448527,-80.5553905830478
"10494",10493,"54_67_5055",38.2327175074414,-80.5451921767797
"10495",10494,"54_67_5055",38.2481112307783,-80.5374844899317
"10496",10495,"54_67_5055",38.230513251489,-80.527804516564
"10497",10496,"54_67_5055",38.2401272285584,-80.5518511857025
"10498",10497,"54_67_5055",38.2379259906182,-80.5417065900816
"10499",10498,"54_67_5055",38.2412254486669,-80.5385045191459
"10500",10499,"54_67_5055",38.2513090551344,-80.5383372015745
"10501",10500,"54_67_8764",38.2539700888305,-80.5596013144338
"10502",10501,"54_67_8764",38.2504962494327,-80.5751156920726
"10503",10502,"54_67_8764",38.2498630072812,-80.5642978733765
"10504",10503,"54_67_8764",38.2620460834661,-80.5698008815842
"10505",10504,"54_67_8764",38.2621950377646,-80.5681965523204
"10506",10505,"54_67_8764",38.2498723161388,-80.5815695565666
"10507",10506,"54_67_8764",38.245242139625,-80.578198055488
"10508",10507,"54_67_8764",38.2550347451686,-80.569611800829
"10509",10508,"54_67_8764",38.2492771010296,-80.5726283706408
"10510",10509,"54_67_8764",38.2463024326101,-80.5765798709153
"10511",10510,"54_71_7742",38.7136831134555,-79.5163188701833
"10512",10511,"54_71_7742",38.7246476608157,-79.5131040890889
"10513",10512,"54_71_7742",38.7155676552058,-79.5024970021434
"10514",10513,"54_71_7742",38.7199350077649,-79.5131363324649
"10515",10514,"54_71_7742",38.7142431105015,-79.5161762707069
"10516",10515,"54_71_7742",38.7215291010808,-79.5075830801986
"10517",10516,"54_71_7742",38.7228869065189,-79.5075793957847
"10518",10517,"54_71_7742",38.722402132785,-79.5055605582779
"10519",10518,"54_71_7742",38.7126447907572,-79.5167023038097
"10520",10519,"54_71_7742",38.727434126412,-79.5124262800277
"10521",10520,"54_71_7756",38.6163244877262,-79.2032061556472
"10522",10521,"54_71_7756",38.6265253533007,-79.1865583826389
"10523",10522,"54_71_7756",38.624235434813,-79.1893897808768
"10524",10523,"54_71_7756",38.6158934900677,-79.1927995375179
"10525",10524,"54_71_7756",38.6215597267469,-79.2086810094649
"10526",10525,"54_71_7756",38.6137826272528,-79.2030412807535
"10527",10526,"54_71_7756",38.6121373507209,-79.1957060912703
"10528",10527,"54_71_7756",38.6197385976557,-79.194063575361
"10529",10528,"54_71_7756",38.6189570105732,-79.1909396722792
"10530",10529,"54_71_7756",38.6090220192353,-79.1962951331809
"10531",10530,"54_71_7762",38.5400681954353,-79.2638820562898
"10532",10531,"54_71_7762",38.5364115159141,-79.2652322457563
"10533",10532,"54_71_7762",38.5518892275823,-79.2625706715936
"10534",10533,"54_71_7762",38.5395492842733,-79.2675654324468
"10535",10534,"54_71_7762",38.5309642131395,-79.2749936717296
"10536",10535,"54_71_7762",38.5332190756028,-79.2633439028422
"10537",10536,"54_71_7762",38.5405615868337,-79.268953216817
"10538",10537,"54_71_7762",38.5315135427987,-79.2620727529479
"10539",10538,"54_71_7762",38.5435949255433,-79.2681238895261
"10540",10539,"54_71_7762",38.5426355112284,-79.2467456104883
"10541",10540,"54_71_7767",38.4428008787686,-79.2824506527276
"10542",10541,"54_71_7767",38.4564639093853,-79.2806513420379
"10543",10542,"54_71_7767",38.4486984623747,-79.2609073898345
"10544",10543,"54_71_7767",38.4606315127643,-79.2663347990152
"10545",10544,"54_71_7767",38.4533670235604,-79.2701555967835
"10546",10545,"54_71_7767",38.4534061806861,-79.2741034734136
"10547",10546,"54_71_7767",38.4532154261164,-79.2918044755203
"10548",10547,"54_71_7767",38.4453561581287,-79.2692229811559
"10549",10548,"54_71_7767",38.4506961047174,-79.2884178456567
"10550",10549,"54_71_7767",38.4529310194661,-79.2789055510542
"10551",10550,"54_75_5179",38.6879352166895,-79.805820972315
"10552",10551,"54_75_5179",38.6948958745414,-79.8056141315867
"10553",10552,"54_75_5179",38.6889052372872,-79.7942129827871
"10554",10553,"54_75_5179",38.6978694591515,-79.8001976165365
"10555",10554,"54_75_5179",38.6832665965292,-79.8033361432121
"10556",10555,"54_75_5179",38.7003107426006,-79.8083167851659
"10557",10556,"54_75_5179",38.6989047475182,-79.8023562665191
"10558",10557,"54_75_5179",38.6943988153502,-79.8016493246547
"10559",10558,"54_75_5179",38.6942631030799,-79.8017322392052
"10560",10559,"54_75_5179",38.6909547295266,-79.8036204378115
"10561",10560,"54_75_5181",38.5868970783645,-79.8223918765031
"10562",10561,"54_75_5181",38.5951469932235,-79.8034443277332
"10563",10562,"54_75_5181",38.5987267484868,-79.8049683426582
"10564",10563,"54_75_5181",38.603635878864,-79.8251023815934
"10565",10564,"54_75_5181",38.5979159257713,-79.8046504044264
"10566",10565,"54_75_5181",38.5975816581626,-79.812187869845
"10567",10566,"54_75_5181",38.6099975416107,-79.823038406285
"10568",10567,"54_75_5181",38.5961912926919,-79.8091114680923
"10569",10568,"54_75_5181",38.6073119914152,-79.8066455593543
"10570",10569,"54_75_5181",38.5847307091795,-79.8150662993952
"10571",10570,"54_75_5184",38.5157592192623,-79.7251691809779
"10572",10571,"54_75_5184",38.5189365028208,-79.7083995803508
"10573",10572,"54_75_5184",38.5270477665678,-79.7211282349498
"10574",10573,"54_75_5184",38.5207914617008,-79.7002566211888
"10575",10574,"54_75_5184",38.5224792926904,-79.707831090933
"10576",10575,"54_75_5184",38.5140920284509,-79.7131725401959
"10577",10576,"54_75_5184",38.5097391745781,-79.7148348000511
"10578",10577,"54_75_5184",38.5179788175746,-79.6989685278594
"10579",10578,"54_75_5184",38.5066761070751,-79.7093832655357
"10580",10579,"54_75_5184",38.5169734430787,-79.7126253800007
"10581",10580,"54_75_5187",38.3914431891264,-79.7474043304079
"10582",10581,"54_75_5187",38.3817005812621,-79.7433737790392
"10583",10582,"54_75_5187",38.3825437241948,-79.7414937285946
"10584",10583,"54_75_5187",38.3792413962215,-79.7463574376142
"10585",10584,"54_75_5187",38.382220909596,-79.7426122569531
"10586",10585,"54_75_5187",38.3966400155152,-79.7431055978176
"10587",10586,"54_75_5187",38.3755244942977,-79.740666069481
"10588",10587,"54_75_5187",38.3712304559807,-79.7406346281577
"10589",10588,"54_75_5187",38.3911734549337,-79.739276852837
"10590",10589,"54_75_5187",38.3837884013502,-79.7416433374469
"10591",10590,"54_75_5199",38.3839626513042,-79.9047861717268
"10592",10591,"54_75_5199",38.385525656855,-79.9079838177586
"10593",10592,"54_75_5199",38.3947420430448,-79.9072243632971
"10594",10593,"54_75_5199",38.3843958410384,-79.9181286923246
"10595",10594,"54_75_5199",38.378845707121,-79.9173463949179
"10596",10595,"54_75_5199",38.3817814215633,-79.9180774636298
"10597",10596,"54_75_5199",38.3860324981467,-79.8963356355424
"10598",10597,"54_75_5199",38.3887794201628,-79.9090509939786
"10599",10598,"54_75_5199",38.3818679744147,-79.9077828193218
"10600",10599,"54_75_5199",38.3864400708721,-79.9050976899006
"10601",10600,"54_75_5205",38.375575416524,-80.0825389513461
"10602",10601,"54_75_5205",38.3763372976017,-80.0830274732546
"10603",10602,"54_75_5205",38.384549085328,-80.0698728490557
"10604",10603,"54_75_5205",38.3695665967339,-80.0771210157274
"10605",10604,"54_75_5205",38.3864715995197,-80.0847455782023
"10606",10605,"54_75_5205",38.366951267891,-80.0846461289327
"10607",10606,"54_75_5205",38.3758914967429,-80.0848501761908
"10608",10607,"54_75_5205",38.3753698317263,-80.0933800616558
"10609",10608,"54_75_5205",38.3692863428457,-80.0793538688175
"10610",10609,"54_75_5205",38.3761405689579,-80.0866579057853
"10611",10610,"54_75_5217",38.277644570124,-79.9867837047652
"10612",10611,"54_75_5217",38.2698836545184,-79.9901287544254
"10613",10612,"54_75_5217",38.270735460009,-79.9969483711317
"10614",10613,"54_75_5217",38.2652394680962,-80.0017512808168
"10615",10614,"54_75_5217",38.27636705879,-79.978109953486
"10616",10615,"54_75_5217",38.2676518401174,-79.9922461606991
"10617",10616,"54_75_5217",38.2628442159824,-79.9981990048446
"10618",10617,"54_75_5217",38.2714353702015,-79.9872920823509
"10619",10618,"54_75_5217",38.2708073919317,-79.9708211923014
"10620",10619,"54_75_5217",38.2611471467677,-79.9900504272056
"10621",10620,"54_75_5225",38.3316069734697,-79.996422369382
"10622",10621,"54_75_5225",38.3315373953722,-79.9879758215341
"10623",10622,"54_75_5225",38.3353108111299,-79.9776338552038
"10624",10623,"54_75_5225",38.3311807666513,-79.9820945179118
"10625",10624,"54_75_5225",38.3388433687099,-79.9734672124224
"10626",10625,"54_75_5225",38.3241760299895,-79.9760974693214
"10627",10626,"54_75_5225",38.3297725516844,-79.9800823435988
"10628",10627,"54_75_5225",38.3248852428028,-79.9795944554458
"10629",10628,"54_75_5225",38.3271269025556,-79.9857004068339
"10630",10629,"54_75_5225",38.330122498542,-79.9808317423995
"10631",10630,"54_75_5227",38.3007894390712,-80.1221650493706
"10632",10631,"54_75_5227",38.3072314356596,-80.1384709333573
"10633",10632,"54_75_5227",38.3049316549531,-80.1205043174923
"10634",10633,"54_75_5227",38.2939336187877,-80.1217410367475
"10635",10634,"54_75_5227",38.3113477171814,-80.1144064609361
"10636",10635,"54_75_5227",38.3154272249264,-80.1246825259534
"10637",10636,"54_75_5227",38.3066345701629,-80.1238261861717
"10638",10637,"54_75_5227",38.3001261711596,-80.1321791094291
"10639",10638,"54_75_5227",38.3104604418613,-80.1109436016388
"10640",10639,"54_75_5227",38.3153519106002,-80.1188289630682
"10641",10640,"54_31_6915",38.8491570679688,-78.8612481665967
"10642",10641,"54_31_6915",38.8463273481011,-78.8669059198144
"10643",10642,"54_31_6915",38.8464885835572,-78.8535554063585
"10644",10643,"54_31_6915",38.8442085500888,-78.8634948439474
"10645",10644,"54_31_6915",38.8409284685014,-78.8544010521231
"10646",10645,"54_31_6915",38.8513221607344,-78.8531322612012
"10647",10646,"54_31_6915",38.8474446858453,-78.8680898299212
"10648",10647,"54_31_6915",38.8549163803385,-78.8545356900028
"10649",10648,"54_31_6915",38.8378140058389,-78.8596583700059
"10650",10649,"54_31_6915",38.8427647174278,-78.8499578305345
"10651",10650,"54_31_6886",38.9537567877639,-78.6925329648047
"10652",10651,"54_31_6886",38.9575896492558,-78.7006453942942
"10653",10652,"54_31_6886",38.957960810048,-78.6863419725502
"10654",10653,"54_31_6886",38.9510384387715,-78.6985136553689
"10655",10654,"54_31_6886",38.9550429873733,-78.6880866390489
"10656",10655,"54_31_6886",38.953147901812,-78.6998707361554
"10657",10656,"54_31_6886",38.953593283664,-78.6935791572653
"10658",10657,"54_31_6886",38.9554629447805,-78.6782745431744
"10659",10658,"54_31_6886",38.9595548020621,-78.6803440784104
"10660",10659,"54_31_6886",38.9506638746781,-78.6914270418212
"10661",10660,"54_71_5095",38.7251097797856,-79.0984209218436
"10662",10661,"54_71_5095",38.7371026281152,-79.1098818925423
"10663",10662,"54_71_5095",38.7268160245902,-79.1043662607917
"10664",10663,"54_71_5095",38.7140152190991,-79.1042345702174
"10665",10664,"54_71_5095",38.7250665289542,-79.1061232858919
"10666",10665,"54_71_5095",38.7239521906995,-79.1045998320583
"10667",10666,"54_71_5095",38.7220485453064,-79.1055546338817
"10668",10667,"54_71_5095",38.7275959703848,-79.0983193977935
"10669",10668,"54_71_5095",38.7202615733683,-79.1100238963916
"10670",10669,"54_71_5095",38.7254905586229,-79.1186363198298
"10671",10670,"54_71_5140",38.5130775594123,-79.214449482457
"10672",10671,"54_71_5140",38.5104978495028,-79.2004240860803
"10673",10672,"54_71_5140",38.4980433789025,-79.2149588005029
"10674",10673,"54_71_5140",38.4974316167923,-79.2211496186928
"10675",10674,"54_71_5140",38.503798679558,-79.1976976400807
"10676",10675,"54_71_5140",38.5001375655165,-79.215758795591
"10677",10676,"54_71_5140",38.5012157991264,-79.2140235351878
"10678",10677,"54_71_5140",38.4962979828009,-79.2103119047686
"10679",10678,"54_71_5140",38.4887178203169,-79.2228353038292
"10680",10679,"54_71_5140",38.5078739002533,-79.2140094896686
"10681",10680,"54_93_5686",39.2533506893154,-79.662658909312
"10682",10681,"54_93_5686",39.2427149567136,-79.6747188547102
"10683",10682,"54_93_5686",39.2479233108925,-79.6601680432395
"10684",10683,"54_93_5686",39.2489224014798,-79.6602585082845
"10685",10684,"54_93_5686",39.2428956393502,-79.6680120033075
"10686",10685,"54_93_5686",39.2440250009694,-79.6645523397084
"10687",10686,"54_93_5686",39.2431307620166,-79.6712417476815
"10688",10687,"54_93_5686",39.228515547257,-79.6628222209198
"10689",10688,"54_93_5686",39.251639181838,-79.6524348013469
"10690",10689,"54_93_5686",39.2401848102419,-79.6611466629891
"10691",10690,"54_93_5701",39.0707150030369,-79.6009489787406
"10692",10691,"54_93_5701",39.0725853743351,-79.6189201925634
"10693",10692,"54_93_5701",39.0673649008008,-79.6077735311066
"10694",10693,"54_93_5701",39.0634301801858,-79.5934178047279
"10695",10694,"54_93_5701",39.0702360456563,-79.6036559152011
"10696",10695,"54_93_5701",39.0755950989175,-79.6020318808016
"10697",10696,"54_93_5701",39.0723559652959,-79.5994895059198
"10698",10697,"54_93_5701",39.0712302004728,-79.6022136536195
"10699",10698,"54_93_5701",39.0702194536718,-79.5944563863333
"10700",10699,"54_93_5701",39.0720076206004,-79.5890584369396
"10701",10700,"54_75_3599",38.2785466801687,-79.9952047992367
"10702",10701,"54_75_3599",38.2818758913525,-79.9952024929792
"10703",10702,"54_75_3599",38.2769763841156,-79.9999211639016
"10704",10703,"54_75_3599",38.2756675413323,-79.9888280525512
"10705",10704,"54_75_3599",38.2759481362667,-80.0096316201376
"10706",10705,"54_75_3599",38.2779633495945,-80.0041691765557
"10707",10706,"54_75_3599",38.2827863712302,-80.0112201468436
"10708",10707,"54_75_3599",38.2899815930059,-80.0049057623221
"10709",10708,"54_75_3599",38.2809538017303,-79.9989212337181
"10710",10709,"54_75_3599",38.2801412508053,-79.9967585738361
"10711",10710,"54_23_6676",38.9704694023907,-79.254436902857
"10712",10711,"54_23_6676",38.9820706571389,-79.2544177439625
"10713",10712,"54_23_6676",38.9578569651922,-79.2506969685856
"10714",10713,"54_23_6676",38.9848411779679,-79.2560015132707
"10715",10714,"54_23_6676",38.9609603113514,-79.2531231258359
"10716",10715,"54_23_6676",38.9690433614057,-79.243013508941
"10717",10716,"54_23_6676",38.9633605429965,-79.2584029478889
"10718",10717,"54_23_6676",38.9676419990341,-79.2325350793909
"10719",10718,"54_23_6676",38.9610345375729,-79.2458026434649
"10720",10719,"54_23_6676",38.9771551096599,-79.2477767667345
"10721",10720,"54_101_5882",38.3116535398034,-80.4805380388727
"10722",10721,"54_101_5882",38.3009158460906,-80.4945264074238
"10723",10722,"54_101_5882",38.3031672058053,-80.471350876685
"10724",10723,"54_101_5882",38.3106612752811,-80.486399531018
"10725",10724,"54_101_5882",38.3054078167638,-80.4890671680071
"10726",10725,"54_101_5882",38.3177435395872,-80.4852852000962
"10727",10726,"54_101_5882",38.3082242959155,-80.4917664962754
"10728",10727,"54_101_5882",38.311262005581,-80.4801172209711
"10729",10728,"54_101_5882",38.3088623043217,-80.4866272268219
"10730",10729,"54_101_5882",38.3116668734297,-80.4932781191825
"10731",10730,"54_101_6206",38.391718903586,-80.4604326710316
"10732",10731,"54_101_6206",38.3890503326395,-80.4682781861335
"10733",10732,"54_101_6206",38.3797117934768,-80.47355495943
"10734",10733,"54_101_6206",38.3874100323174,-80.4691200685008
"10735",10734,"54_101_6206",38.3951632161679,-80.4619492184385
"10736",10735,"54_101_6206",38.3810452318616,-80.4615678932838
"10737",10736,"54_101_6206",38.3972865126123,-80.4638866358538
"10738",10737,"54_101_6206",38.3894524479156,-80.4587286366095
"10739",10738,"54_101_6206",38.3829465815979,-80.4672350685763
"10740",10739,"54_101_6206",38.3928835020157,-80.4552911917198
"10741",10740,"54_101_8492",38.3663241241219,-80.3240812690634
"10742",10741,"54_101_8492",38.3820071150354,-80.3186213590117
"10743",10742,"54_101_8492",38.3672489330141,-80.3159042577294
"10744",10743,"54_101_8492",38.3727707007724,-80.3268532882817
"10745",10744,"54_101_8492",38.3628546595124,-80.3191788884444
"10746",10745,"54_101_8492",38.3738176069794,-80.3232048491844
"10747",10746,"54_101_8492",38.3856441045024,-80.3142973313288
"10748",10747,"54_101_8492",38.3713969813443,-80.3218304998764
"10749",10748,"54_101_8492",38.3799197021134,-80.3339216543855
"10750",10749,"54_101_8492",38.3731865436452,-80.3247319213839
"10751",10750,"54_101_8497",38.2868174017221,-80.3820774565963
"10752",10751,"54_101_8497",38.2910785899799,-80.3748870328895
"10753",10752,"54_101_8497",38.2969415619442,-80.384158549149
"10754",10753,"54_101_8497",38.2932350310137,-80.3789079397443
"10755",10754,"54_101_8497",38.2944654186125,-80.3678789329901
"10756",10755,"54_101_8497",38.308528842859,-80.3763066870787
"10757",10756,"54_101_8497",38.2992367137246,-80.3845348468756
"10758",10757,"54_101_8497",38.2905900016597,-80.3924293461407
"10759",10758,"54_101_8497",38.2889817384548,-80.3827402716261
"10760",10759,"54_101_8497",38.3013197653307,-80.3909700800291
"10761",10760,"54_63_4952",37.5257502549808,-80.3330276603141
"10762",10761,"54_63_4952",37.5313210744929,-80.3550371804662
"10763",10762,"54_63_4952",37.5250596848554,-80.3439172651506
"10764",10763,"54_63_4952",37.5312220777404,-80.3557717485515
"10765",10764,"54_63_4952",37.5277861158282,-80.3382111374302
"10766",10765,"54_63_4952",37.5417077049661,-80.3413482603295
"10767",10766,"54_63_4952",37.5267571485675,-80.330420366068
"10768",10767,"54_63_4952",37.5270137417956,-80.3503948064016
"10769",10768,"54_63_4952",37.5347174055322,-80.3456877093555
"10770",10769,"54_63_4952",37.5283411988447,-80.3303309982599
"10771",10770,"54_63_4956",37.4776132886544,-80.3867053791336
"10772",10771,"54_63_4956",37.4788619702736,-80.3745680930181
"10773",10772,"54_63_4956",37.4633145593165,-80.3876308500915
"10774",10773,"54_63_4956",37.4826721577259,-80.4032287420934
"10775",10774,"54_63_4956",37.4662604507098,-80.3880143576458
"10776",10775,"54_63_4956",37.4727145681097,-80.3918445264902
"10777",10776,"54_63_4956",37.4784963446846,-80.404663686273
"10778",10777,"54_63_4956",37.4768466043298,-80.3973001364179
"10779",10778,"54_63_4956",37.4698242721973,-80.3923255018764
"10780",10779,"54_63_4956",37.464265358519,-80.3994796403039
"10781",10780,"54_67_5049",38.248649823626,-80.4912159576533
"10782",10781,"54_67_5049",38.2548047856816,-80.4825869809611
"10783",10782,"54_67_5049",38.2519553620436,-80.4810739451301
"10784",10783,"54_67_5049",38.2498523959095,-80.496225766874
"10785",10784,"54_67_5049",38.2462061461082,-80.4859965050358
"10786",10785,"54_67_5049",38.2441345203091,-80.4747303472495
"10787",10786,"54_67_5049",38.2479683109446,-80.4700961397492
"10788",10787,"54_67_5049",38.2450268613726,-80.4863345429672
"10789",10788,"54_67_5049",38.2525249652935,-80.4751393883331
"10790",10789,"54_67_5049",38.23928893517,-80.4844627013267
"10791",10790,"54_67_7678",38.2884348763376,-80.5336225953831
"10792",10791,"54_67_7678",38.2781093802119,-80.5264909591429
"10793",10792,"54_67_7678",38.2745389235621,-80.5388038138915
"10794",10793,"54_67_7678",38.2882216905046,-80.5240320356687
"10795",10794,"54_67_7678",38.2866624927565,-80.5278720645551
"10796",10795,"54_67_7678",38.2747815897694,-80.5291690516339
"10797",10796,"54_67_7678",38.2712427916751,-80.5219642798595
"10798",10797,"54_67_7678",38.2753569698006,-80.5242052543926
"10799",10798,"54_67_7678",38.2793423635208,-80.5385093908875
"10800",10799,"54_67_7678",38.2679643412327,-80.5144710778529
"10801",10800,"54_23_4055",38.9434309495686,-79.3097472546235
"10802",10801,"54_23_4055",38.9507428389866,-79.3100492682174
"10803",10802,"54_23_4055",38.9466956922592,-79.3070105245765
"10804",10803,"54_23_4055",38.9487234554928,-79.32250806583
"10805",10804,"54_23_4055",38.9423757630038,-79.321733607997
"10806",10805,"54_23_4055",38.939547991004,-79.2920618870788
"10807",10806,"54_23_4055",38.9393759996974,-79.3109031987127
"10808",10807,"54_23_4055",38.9429486791982,-79.3071748528058
"10809",10808,"54_23_4055",38.9363231004327,-79.2923121802231
"10810",10809,"54_23_4055",38.9525757352415,-79.3098121543604
"10811",10810,"54_71_5126",38.6355229097834,-79.6193400115688
"10812",10811,"54_71_5126",38.6348294826064,-79.6194757929923
"10813",10812,"54_71_5126",38.6366865482435,-79.6330497349957
"10814",10813,"54_71_5126",38.6341826399663,-79.6232420273514
"10815",10814,"54_71_5126",38.6387232989232,-79.6047333543371
"10816",10815,"54_71_5126",38.6340157559814,-79.6193738959684
"10817",10816,"54_71_5126",38.6396564758402,-79.6174231954063
"10818",10817,"54_71_5126",38.6366529480532,-79.6147056735175
"10819",10818,"54_71_5126",38.6490495158155,-79.6182882640194
"10820",10819,"54_71_5126",38.6363052874541,-79.6290636178268
"10821",10820,"54_75_5172",38.7136867956248,-79.7624984957225
"10822",10821,"54_75_5172",38.7242668623531,-79.7665820143114
"10823",10822,"54_75_5172",38.7147082799574,-79.7657013136942
"10824",10823,"54_75_5172",38.7318081259808,-79.7411215549894
"10825",10824,"54_75_5172",38.7171162569462,-79.7439451260302
"10826",10825,"54_75_5172",38.7125360856185,-79.7552664596402
"10827",10826,"54_75_5172",38.724664777909,-79.7556897261688
"10828",10827,"54_75_5172",38.7204443890942,-79.7733455562903
"10829",10828,"54_75_5172",38.7303876916601,-79.7653634588793
"10830",10829,"54_75_5172",38.7371855732749,-79.7579235905458
"10831",10830,"54_75_5174",38.6412183937143,-79.7407027735732
"10832",10831,"54_75_5174",38.6436769371049,-79.7367806489324
"10833",10832,"54_75_5174",38.6429388520371,-79.7538483895829
"10834",10833,"54_75_5174",38.6322426736854,-79.7386954172249
"10835",10834,"54_75_5174",38.6437855360885,-79.7459549671483
"10836",10835,"54_75_5174",38.6327250180481,-79.7374738644565
"10837",10836,"54_75_5174",38.6363846640433,-79.7260963674757
"10838",10837,"54_75_5174",38.6434553511266,-79.7354316091917
"10839",10838,"54_75_5174",38.6312210235623,-79.7420560258325
"10840",10839,"54_75_5174",38.6455160617693,-79.7185830484195
"10841",10840,"54_75_5193",38.4840333699069,-79.8215304393848
"10842",10841,"54_75_5193",38.4729155757484,-79.8253236753841
"10843",10842,"54_75_5193",38.4733920617212,-79.8363847947116
"10844",10843,"54_75_5193",38.4797880034307,-79.8375755459445
"10845",10844,"54_75_5193",38.4766820286059,-79.8372522227096
"10846",10845,"54_75_5193",38.4792896797758,-79.831110293395
"10847",10846,"54_75_5193",38.4785819943056,-79.8326644710741
"10848",10847,"54_75_5193",38.4771394539695,-79.839660749283
"10849",10848,"54_75_5193",38.4776329444858,-79.8398344045249
"10850",10849,"54_75_5193",38.4835496044491,-79.8249257589401
"10851",10850,"54_75_5197",38.4100212333448,-79.8577895364465
"10852",10851,"54_75_5197",38.4104444622085,-79.8717336614086
"10853",10852,"54_75_5197",38.4169898275562,-79.8595662019796
"10854",10853,"54_75_5197",38.3995035913268,-79.8646562515448
"10855",10854,"54_75_5197",38.4193424953559,-79.8627407872049
"10856",10855,"54_75_5197",38.4133812032454,-79.862912565082
"10857",10856,"54_75_5197",38.4135726912838,-79.8709533305556
"10858",10857,"54_75_5197",38.4178862127037,-79.8765825439462
"10859",10858,"54_75_5197",38.4073043263138,-79.8587939263464
"10860",10859,"54_75_5197",38.4160672770077,-79.8754900949179
"10861",10860,"54_75_5209",38.3489170847842,-80.0570197812093
"10862",10861,"54_75_5209",38.3394109579834,-80.0737422043764
"10863",10862,"54_75_5209",38.341421127723,-80.0655159828652
"10864",10863,"54_75_5209",38.3426755797322,-80.0557086559463
"10865",10864,"54_75_5209",38.3460881792458,-80.0615601981971
"10866",10865,"54_75_5209",38.3459476550133,-80.0616397195686
"10867",10866,"54_75_5209",38.3460723974324,-80.0532981437831
"10868",10867,"54_75_5209",38.3444817113167,-80.062525689021
"10869",10868,"54_75_5209",38.3391517193403,-80.0604645028246
"10870",10869,"54_75_5209",38.339432310133,-80.0617901835365
"10871",10870,"54_75_5211",38.3347502986681,-80.164237818954
"10872",10871,"54_75_5211",38.3331129302543,-80.1665632612041
"10873",10872,"54_75_5211",38.334304562351,-80.1697659111386
"10874",10873,"54_75_5211",38.3396718893706,-80.1777433028765
"10875",10874,"54_75_5211",38.3382903598362,-80.1681433354857
"10876",10875,"54_75_5211",38.3342892484499,-80.174317407727
"10877",10876,"54_75_5211",38.3344532940581,-80.1635567220168
"10878",10877,"54_75_5211",38.3334670958914,-80.1659657523751
"10879",10878,"54_75_5211",38.3469672586212,-80.1633405102935
"10880",10879,"54_75_5211",38.3362318985364,-80.1595312218812
"10881",10880,"54_75_5232",38.2748916912341,-80.2843272186124
"10882",10881,"54_75_5232",38.2795605773552,-80.3017112891013
"10883",10882,"54_75_5232",38.2819993158003,-80.296087108447
"10884",10883,"54_75_5232",38.2825361790243,-80.293544771575
"10885",10884,"54_75_5232",38.2787182251193,-80.2873967909033
"10886",10885,"54_75_5232",38.2938699312332,-80.2994614594216
"10887",10886,"54_75_5232",38.2846834414712,-80.2949918023373
"10888",10887,"54_75_5232",38.2888554642607,-80.2942504824769
"10889",10888,"54_75_5232",38.2812129192005,-80.2901698777415
"10890",10889,"54_75_5232",38.2750455827399,-80.2810192953002
"10891",10890,"54_75_5238",38.2106749876241,-80.3172521255165
"10892",10891,"54_75_5238",38.2032766455172,-80.3041845434309
"10893",10892,"54_75_5238",38.1967760053737,-80.2965954424108
"10894",10893,"54_75_5238",38.2033847784751,-80.3038715860238
"10895",10894,"54_75_5238",38.2098836027542,-80.3008511576867
"10896",10895,"54_75_5238",38.2142757785571,-80.3099956566481
"10897",10896,"54_75_5238",38.2056883453717,-80.301087832571
"10898",10897,"54_75_5238",38.1990703220241,-80.2958189485623
"10899",10898,"54_75_5238",38.2043622071074,-80.303312189115
"10900",10899,"54_75_5238",38.2000228661985,-80.2957854933825
"10901",10900,"54_75_5250",38.1018109708025,-80.0289046806321
"10902",10901,"54_75_5250",38.1020855610408,-80.0292851871202
"10903",10902,"54_75_5250",38.0977162276651,-80.0274547668614
"10904",10903,"54_75_5250",38.1040804654801,-80.0294057967383
"10905",10904,"54_75_5250",38.1161225158886,-80.0278934457504
"10906",10905,"54_75_5250",38.1083372920442,-80.04270521493
"10907",10906,"54_75_5250",38.0978933502404,-80.0368190563307
"10908",10907,"54_75_5250",38.1045203917114,-80.0267399409844
"10909",10908,"54_75_5250",38.0996314393731,-80.0392194991961
"10910",10909,"54_75_5250",38.111422783951,-80.0327077375912
"10911",10910,"54_75_6152",38.4054337454816,-79.7590750020872
"10912",10911,"54_75_6152",38.3949958099741,-79.769103319159
"10913",10912,"54_75_6152",38.4017529076895,-79.7625888851052
"10914",10913,"54_75_6152",38.4002504021374,-79.7487752411342
"10915",10914,"54_75_6152",38.4062521922767,-79.7602540867368
"10916",10915,"54_75_6152",38.4092329619034,-79.7668158724886
"10917",10916,"54_75_6152",38.4005815665731,-79.7581484553941
"10918",10917,"54_75_6152",38.4053008643553,-79.7605184071419
"10919",10918,"54_75_6152",38.4116126064628,-79.7641667403288
"10920",10919,"54_75_6152",38.4005522687394,-79.7555259969378
"10921",10920,"54_75_6157",38.3523016234022,-80.2487409449301
"10922",10921,"54_75_6157",38.3400761115042,-80.2434079196638
"10923",10922,"54_75_6157",38.3521057728055,-80.2488870351036
"10924",10923,"54_75_6157",38.3350092628445,-80.2469711740412
"10925",10924,"54_75_6157",38.3344054148549,-80.2352479254749
"10926",10925,"54_75_6157",38.3378783003856,-80.2468533034471
"10927",10926,"54_75_6157",38.3415094849151,-80.232912217495
"10928",10927,"54_75_6157",38.3434321336332,-80.246809961217
"10929",10928,"54_75_6157",38.3460417378483,-80.2351003134982
"10930",10929,"54_75_6157",38.3468379883677,-80.2420827654294
"10931",10930,"54_75_7813",38.4970865808989,-79.8942868538823
"10932",10931,"54_75_7813",38.4944806624942,-79.8984101960084
"10933",10932,"54_75_7813",38.499112391895,-79.9063546924259
"10934",10933,"54_75_7813",38.4985650782578,-79.915887544039
"10935",10934,"54_75_7813",38.4997630865671,-79.9061805635078
"10936",10935,"54_75_7813",38.490405697204,-79.9054549442445
"10937",10936,"54_75_7813",38.4926836878217,-79.8999150588521
"10938",10937,"54_75_7813",38.4907675354502,-79.9072527559758
"10939",10938,"54_75_7813",38.4868651540113,-79.9106763148973
"10940",10939,"54_75_7813",38.4921004639229,-79.914429854013
"10941",10940,"54_75_7817",38.5890397904903,-79.8360775619421
"10942",10941,"54_75_7817",38.5953211886739,-79.8438210893718
"10943",10942,"54_75_7817",38.5715015097105,-79.8572692910786
"10944",10943,"54_75_7817",38.5768606974501,-79.8368901108779
"10945",10944,"54_75_7817",38.5822637560509,-79.8422315891687
"10946",10945,"54_75_7817",38.569330703203,-79.8551209255287
"10947",10946,"54_75_7817",38.575893199707,-79.8474471657739
"10948",10947,"54_75_7817",38.5805159523734,-79.8527482655234
"10949",10948,"54_75_7817",38.5807294817928,-79.8554015752654
"10950",10949,"54_75_7817",38.5821127230835,-79.8478039726531
"10951",10950,"54_71_7711",38.8755423121058,-79.3657011830102
"10952",10951,"54_71_7711",38.8743824320512,-79.3851341464679
"10953",10952,"54_71_7711",38.8755871510356,-79.3638442580515
"10954",10953,"54_71_7711",38.8660731281519,-79.3631182089317
"10955",10954,"54_71_7711",38.8681271268408,-79.362938171209
"10956",10955,"54_71_7711",38.8807322676397,-79.3716283073607
"10957",10956,"54_71_7711",38.8664315911719,-79.3704085409327
"10958",10957,"54_71_7711",38.8708015226979,-79.3567122224169
"10959",10958,"54_71_7711",38.8819844970681,-79.372560648734
"10960",10959,"54_71_7711",38.8741560638749,-79.3701851680121
"10961",10960,"54_71_7738",38.734970862127,-79.4552835761955
"10962",10961,"54_71_7738",38.7236973408386,-79.4737742567008
"10963",10962,"54_71_7738",38.741794312029,-79.4658589879141
"10964",10963,"54_71_7738",38.7276532978365,-79.4646751621185
"10965",10964,"54_71_7738",38.7274498306064,-79.4737083662075
"10966",10965,"54_71_7738",38.740651405229,-79.4599280329066
"10967",10966,"54_71_7738",38.7320413794063,-79.4681744949063
"10968",10967,"54_71_7738",38.73806885997,-79.4666329647044
"10969",10968,"54_71_7738",38.7341478115169,-79.4577851060343
"10970",10969,"54_71_7738",38.7249710885444,-79.4539631764709
"10971",10970,"54_75_7807",38.5634411737973,-79.7066968704761
"10972",10971,"54_75_7807",38.5729009723014,-79.7097055138766
"10973",10972,"54_75_7807",38.5659389736869,-79.7109362091309
"10974",10973,"54_75_7807",38.560396566913,-79.7284288445193
"10975",10974,"54_75_7807",38.5703835371154,-79.7215705360362
"10976",10975,"54_75_7807",38.5624411903346,-79.7256527593073
"10977",10976,"54_75_7807",38.5582634350728,-79.7025638684458
"10978",10977,"54_75_7807",38.5663270392231,-79.7008128658421
"10979",10978,"54_75_7807",38.5606392186097,-79.7207886421135
"10980",10979,"54_75_7807",38.5604496410638,-79.7106551676715
"10981",10980,"54_75_7826",38.3742358852704,-79.9014210828645
"10982",10981,"54_75_7826",38.3743800727431,-79.9050112200996
"10983",10982,"54_75_7826",38.3606278584263,-79.8942080379005
"10984",10983,"54_75_7826",38.3815500681537,-79.895893623314
"10985",10984,"54_75_7826",38.374382294341,-79.8949846514418
"10986",10985,"54_75_7826",38.3831367662658,-79.9073522428236
"10987",10986,"54_75_7826",38.3736440550298,-79.9071370684307
"10988",10987,"54_75_7826",38.3624047768365,-79.9059736475373
"10989",10988,"54_75_7826",38.3723542895202,-79.8965243362277
"10990",10989,"54_75_7826",38.3750677381211,-79.9091307821856
"10991",10990,"54_75_7834",38.3714336465305,-80.1665664568991
"10992",10991,"54_75_7834",38.3638985377121,-80.1594342056925
"10993",10992,"54_75_7834",38.3597293231736,-80.1472159841067
"10994",10993,"54_75_7834",38.3701956243057,-80.1617124875531
"10995",10994,"54_75_7834",38.354420114673,-80.1609683411391
"10996",10995,"54_75_7834",38.378736250003,-80.1594771123255
"10997",10996,"54_75_7834",38.3592314820517,-80.1641470173824
"10998",10997,"54_75_7834",38.3680155874054,-80.1532648908649
"10999",10998,"54_75_7834",38.3640264209239,-80.1473871194009
"11000",10999,"54_75_7834",38.3598268843838,-80.14655536164
"11001",11000,"54_75_7838",38.3544838401544,-80.3000070404196
"11002",11001,"54_75_7838",38.3456527767124,-80.3080089568503
"11003",11002,"54_75_7838",38.3536603427329,-80.3037109558483
"11004",11003,"54_75_7838",38.3680169138815,-80.3027549428361
"11005",11004,"54_75_7838",38.3541777787596,-80.2999603662703
"11006",11005,"54_75_7838",38.3637095477066,-80.3033222932302
"11007",11006,"54_75_7838",38.3568040404276,-80.3086375959523
"11008",11007,"54_75_7838",38.3539880361598,-80.3003812424801
"11009",11008,"54_75_7838",38.3661465462401,-80.3083383075616
"11010",11009,"54_75_7838",38.347833106927,-80.3034570242957
"11011",11010,"54_75_7843",38.3012961474826,-79.8501229771881
"11012",11011,"54_75_7843",38.2916802193198,-79.8365819443644
"11013",11012,"54_75_7843",38.2984957503875,-79.8626446886473
"11014",11013,"54_75_7843",38.3026602950226,-79.8485803864683
"11015",11014,"54_75_7843",38.285195931674,-79.8537831622168
"11016",11015,"54_75_7843",38.2953734643135,-79.8566352310725
"11017",11016,"54_75_7843",38.294892959628,-79.8603556431563
"11018",11017,"54_75_7843",38.2994317374513,-79.8410740950425
"11019",11018,"54_75_7843",38.2764877173194,-79.8532121174873
"11020",11019,"54_75_7843",38.2950759738721,-79.8412187020382
"11021",11020,"54_75_7848",38.2024754881399,-80.0307524712205
"11022",11021,"54_75_7848",38.2128623667356,-80.0498202705538
"11023",11022,"54_75_7848",38.2173551893979,-80.0342936458399
"11024",11023,"54_75_7848",38.2146401233441,-80.0323644249212
"11025",11024,"54_75_7848",38.2135445840396,-80.0439730306224
"11026",11025,"54_75_7848",38.2186279952706,-80.0265002740442
"11027",11026,"54_75_7848",38.2143040278987,-80.0316566132574
"11028",11027,"54_75_7848",38.2285605431257,-80.0357730057646
"11029",11028,"54_75_7848",38.2165631634278,-80.0346117789545
"11030",11029,"54_75_7848",38.2167160841505,-80.0243227908128
"11031",11030,"54_75_7857",38.3112531354128,-80.2062303919851
"11032",11031,"54_75_7857",38.2947088391483,-80.1891521861697
"11033",11032,"54_75_7857",38.3108757894296,-80.205809475837
"11034",11033,"54_75_7857",38.2896574319594,-80.1908066655004
"11035",11034,"54_75_7857",38.3012044062249,-80.2030440566326
"11036",11035,"54_75_7857",38.2935960984266,-80.1980515785609
"11037",11036,"54_75_7857",38.2955019462414,-80.1998162269245
"11038",11037,"54_75_7857",38.2990375851338,-80.2037372978899
"11039",11038,"54_75_7857",38.2970912849203,-80.186446649538
"11040",11039,"54_75_7857",38.3001530472701,-80.1972282829477
"11041",11040,"54_75_7858",38.2953129189595,-80.3560209795326
"11042",11041,"54_75_7858",38.2857335764649,-80.3459893950119
"11043",11042,"54_75_7858",38.2834256062966,-80.3349750899831
"11044",11043,"54_75_7858",38.2903164034017,-80.3615454586731
"11045",11044,"54_75_7858",38.2856130916775,-80.3350605194476
"11046",11045,"54_75_7858",38.2946353188733,-80.3562837840157
"11047",11046,"54_75_7858",38.2891430653239,-80.3408576351822
"11048",11047,"54_75_7858",38.2918300814753,-80.3342824519784
"11049",11048,"54_75_7858",38.2949630231258,-80.3503420923483
"11050",11049,"54_75_7858",38.2914113908658,-80.3485659271606
"11051",11050,"54_75_7864",38.2284883865383,-80.2342704685705
"11052",11051,"54_75_7864",38.2221893435016,-80.2470254805675
"11053",11052,"54_75_7864",38.2295598269142,-80.2568288682265
"11054",11053,"54_75_7864",38.2152363359329,-80.2484572254799
"11055",11054,"54_75_7864",38.2295223358044,-80.2327042875733
"11056",11055,"54_75_7864",38.2203654010049,-80.247894723237
"11057",11056,"54_75_7864",38.2228442744064,-80.2473145542777
"11058",11057,"54_75_7864",38.2309936798791,-80.2464233887694
"11059",11058,"54_75_7864",38.2090821995953,-80.2535129854656
"11060",11059,"54_75_7864",38.2215835149469,-80.2473327529961
"11061",11060,"54_75_7878",38.1357156608985,-80.0969113853897
"11062",11061,"54_75_7878",38.1227378836116,-80.0847464588559
"11063",11062,"54_75_7878",38.1192498710452,-80.0902476147043
"11064",11063,"54_75_7878",38.1146932160487,-80.0895315125835
"11065",11064,"54_75_7878",38.1162824907036,-80.0957070974805
"11066",11065,"54_75_7878",38.119237396355,-80.0869000246726
"11067",11066,"54_75_7878",38.1270365116138,-80.0930005470181
"11068",11067,"54_75_7878",38.1239244536237,-80.1125871878417
"11069",11068,"54_75_7878",38.1265454189301,-80.0875480140995
"11070",11069,"54_75_7878",38.1179504727193,-80.0977909570986
"11071",11070,"54_75_8768",38.6653665477748,-79.8179997310971
"11072",11071,"54_75_8768",38.6580370855365,-79.8219514702646
"11073",11072,"54_75_8768",38.6636511150151,-79.8156536002809
"11074",11073,"54_75_8768",38.6541111039143,-79.8092805968644
"11075",11074,"54_75_8768",38.6677921192439,-79.8129449933557
"11076",11075,"54_75_8768",38.6688926480747,-79.8044750698954
"11077",11076,"54_75_8768",38.6725931560821,-79.825101180776
"11078",11077,"54_75_8768",38.6597774857243,-79.8130709070934
"11079",11078,"54_75_8768",38.6643860807959,-79.8077703478613
"11080",11079,"54_75_8768",38.6736419642273,-79.825088075129
"11081",11080,"54_71_5089",38.8695467622688,-79.4912773538762
"11082",11081,"54_71_5089",38.8764156578025,-79.4823573324589
"11083",11082,"54_71_5089",38.8754911293225,-79.4774997705787
"11084",11083,"54_71_5089",38.8695384451581,-79.4869946577136
"11085",11084,"54_71_5089",38.8726723811012,-79.4705992457268
"11086",11085,"54_71_5089",38.8659912269459,-79.4727377487287
"11087",11086,"54_71_5089",38.8743760205598,-79.4839391936216
"11088",11087,"54_71_5089",38.8776033513618,-79.4959360758778
"11089",11088,"54_71_5089",38.8782479836632,-79.4923456141895
"11090",11089,"54_71_5089",38.8731110276046,-79.4971362618843
"11091",11090,"54_71_5124",38.6930284714845,-79.5633073648079
"11092",11091,"54_71_5124",38.704856869052,-79.553320617769
"11093",11092,"54_71_5124",38.7028353966621,-79.5792894091243
"11094",11093,"54_71_5124",38.7092111447527,-79.5767211963082
"11095",11094,"54_71_5124",38.7022668889846,-79.5703014044928
"11096",11095,"54_71_5124",38.7081852418292,-79.5571078566549
"11097",11096,"54_71_5124",38.7060830960081,-79.5709810159084
"11098",11097,"54_71_5124",38.710397032921,-79.5807981533854
"11099",11098,"54_71_5124",38.6939964876255,-79.5653216320786
"11100",11099,"54_71_5124",38.7041416766225,-79.5707304587078
"11101",11100,"54_83_5434",38.9762713288899,-79.6814399602404
"11102",11101,"54_83_5434",38.9802571806442,-79.685861741945
"11103",11102,"54_83_5434",38.9858396000266,-79.6939550578314
"11104",11103,"54_83_5434",38.9750142081711,-79.6696386929713
"11105",11104,"54_83_5434",38.9819530605251,-79.681035270959
"11106",11105,"54_83_5434",38.988229325966,-79.693883511776
"11107",11106,"54_83_5434",38.9893623901125,-79.6785651232592
"11108",11107,"54_83_5434",38.9862463566455,-79.6749126746599
"11109",11108,"54_83_5434",38.9864020434007,-79.6779330554267
"11110",11109,"54_83_5434",38.9816135534572,-79.6865078612222
"11111",11110,"54_83_5435",38.9768244376879,-79.6043337022608
"11112",11111,"54_83_5435",38.9567906873803,-79.5897413132259
"11113",11112,"54_83_5435",38.9537524676985,-79.6073946314003
"11114",11113,"54_83_5435",38.9636502719663,-79.6027693765594
"11115",11114,"54_83_5435",38.9702731027841,-79.6123134618356
"11116",11115,"54_83_5435",38.963909794877,-79.5961834698688
"11117",11116,"54_83_5435",38.9684871633283,-79.6078305003633
"11118",11117,"54_83_5435",38.9617328429893,-79.6085342949918
"11119",11118,"54_83_5435",38.9775963174929,-79.5930433393009
"11120",11119,"54_83_5435",38.9674167172351,-79.6060580849195
"11121",11120,"54_83_5442",38.8492106194396,-79.631915180154
"11122",11121,"54_83_5442",38.8632312978801,-79.6408293472819
"11123",11122,"54_83_5442",38.861623734097,-79.6273857418604
"11124",11123,"54_83_5442",38.8532978043705,-79.6440825848752
"11125",11124,"54_83_5442",38.8664608404176,-79.6360018416729
"11126",11125,"54_83_5442",38.8510551780999,-79.6350788926425
"11127",11126,"54_83_5442",38.8545355733097,-79.6541698113366
"11128",11127,"54_83_5442",38.8483456925624,-79.6430899604482
"11129",11128,"54_83_5442",38.8520995646938,-79.640808910284
"11130",11129,"54_83_5442",38.8486238899284,-79.6292068774952
"11131",11130,"54_83_5478",38.8001830907652,-79.5025984404094
"11132",11131,"54_83_5478",38.8043313258007,-79.518632513747
"11133",11132,"54_83_5478",38.8048291632771,-79.5103121968038
"11134",11133,"54_83_5478",38.800654702129,-79.5100483240879
"11135",11134,"54_83_5478",38.7836283968436,-79.5167145272924
"11136",11135,"54_83_5478",38.7970976169682,-79.5230235611173
"11137",11136,"54_83_5478",38.7879062370687,-79.519813775459
"11138",11137,"54_83_5478",38.796769461909,-79.5155124003658
"11139",11138,"54_83_5478",38.7967471436219,-79.5172549983128
"11140",11139,"54_83_5478",38.7958404670823,-79.5243991306856
"11141",11140,"54_83_5479",38.7995752819677,-79.6700994687071
"11142",11141,"54_83_5479",38.7965390351181,-79.6701039996242
"11143",11142,"54_83_5479",38.8099206788769,-79.6673534718495
"11144",11143,"54_83_5479",38.7930039400782,-79.6537383374244
"11145",11144,"54_83_5479",38.7908862379179,-79.6738139719163
"11146",11145,"54_83_5479",38.7953089415702,-79.6672581138212
"11147",11146,"54_83_5479",38.7955963094605,-79.6701266474563
"11148",11147,"54_83_5479",38.8077531785672,-79.6567074502856
"11149",11148,"54_83_5479",38.7880447634946,-79.6662728641987
"11150",11149,"54_83_5479",38.7999370419499,-79.6672383418385
"11151",11150,"54_83_5496",38.7358146188312,-79.8868656832115
"11152",11151,"54_83_5496",38.7492984376543,-79.8934082734309
"11153",11152,"54_83_5496",38.7374760613688,-79.86829854849
"11154",11153,"54_83_5496",38.7485651434814,-79.8924910350322
"11155",11154,"54_83_5496",38.7412456361801,-79.880075711492
"11156",11155,"54_83_5496",38.7494274968622,-79.8819287636212
"11157",11156,"54_83_5496",38.7351623793796,-79.893564879514
"11158",11157,"54_83_5496",38.744046029757,-79.8832370689005
"11159",11158,"54_83_5496",38.7384943765805,-79.8792886587458
"11160",11159,"54_83_5496",38.7441996456136,-79.8832904148136
"11161",11160,"54_83_5504",38.6623877264625,-79.9298405436308
"11162",11161,"54_83_5504",38.6691509619969,-79.9412227208919
"11163",11162,"54_83_5504",38.6600708692379,-79.9269785274599
"11164",11163,"54_83_5504",38.6659596461308,-79.9250767397917
"11165",11164,"54_83_5504",38.664201034265,-79.9275058353393
"11166",11165,"54_83_5504",38.6591341438714,-79.9305865786926
"11167",11166,"54_83_5504",38.6624937369665,-79.938597145974
"11168",11167,"54_83_5504",38.6673531170743,-79.9273649131925
"11169",11168,"54_83_5504",38.6641793930751,-79.9359812741287
"11170",11169,"54_83_5504",38.6569573983864,-79.9344492169648
"11171",11170,"54_83_6178",38.4916092546297,-80.1651562363751
"11172",11171,"54_83_6178",38.4901373712271,-80.1642080651471
"11173",11172,"54_83_6178",38.480443102818,-80.1590736838091
"11174",11173,"54_83_6178",38.4886979974969,-80.1666475887296
"11175",11174,"54_83_6178",38.4898899216953,-80.1764793250787
"11176",11175,"54_83_6178",38.4878502429919,-80.163484763011
"11177",11176,"54_83_6178",38.4959323582003,-80.183118068752
"11178",11177,"54_83_6178",38.4925791081312,-80.1681555755451
"11179",11178,"54_83_6178",38.4833376999769,-80.1739406904912
"11180",11179,"54_83_6178",38.493264413708,-80.1654268044313
"11181",11180,"54_83_8067",38.7972298765425,-79.6354419195298
"11182",11181,"54_83_8067",38.8105652506863,-79.6335367069821
"11183",11182,"54_83_8067",38.8045590785263,-79.6211263901272
"11184",11183,"54_83_8067",38.808116292217,-79.6279020354027
"11185",11184,"54_83_8067",38.8159551006357,-79.6279175179335
"11186",11185,"54_83_8067",38.8139132930307,-79.6304440587189
"11187",11186,"54_83_8067",38.801773253234,-79.6436368620189
"11188",11187,"54_83_8067",38.8220174914662,-79.6286701635358
"11189",11188,"54_83_8067",38.8174053551136,-79.6235313217668
"11190",11189,"54_83_8067",38.8029629901546,-79.6359978778193
"11191",11190,"54_83_8100",38.7431054482696,-79.5980971240156
"11192",11191,"54_83_8100",38.7378714931286,-79.5945568657859
"11193",11192,"54_83_8100",38.7428835507282,-79.6079463182042
"11194",11193,"54_83_8100",38.7314391477467,-79.6089889463604
"11195",11194,"54_83_8100",38.7409376296004,-79.5936925372965
"11196",11195,"54_83_8100",38.7366310591948,-79.5892883050404
"11197",11196,"54_83_8100",38.7420319986997,-79.5996642868732
"11198",11197,"54_83_8100",38.7387182781216,-79.5866097211151
"11199",11198,"54_83_8100",38.7405924718406,-79.5992296150717
"11200",11199,"54_83_8100",38.7348135482203,-79.6072692156549
"11201",11200,"54_93_5698",39.1007925230648,-79.5187193770729
"11202",11201,"54_93_5698",39.0990518689175,-79.517212922323
"11203",11202,"54_93_5698",39.0996498108288,-79.5267112104739
"11204",11203,"54_93_5698",39.1009973527041,-79.5172264778422
"11205",11204,"54_93_5698",39.0990995956633,-79.5182334467874
"11206",11205,"54_93_5698",39.1035476120023,-79.5089894969433
"11207",11206,"54_93_5698",39.1022030523723,-79.5361025179605
"11208",11207,"54_93_5698",39.0952386097607,-79.5224101142115
"11209",11208,"54_93_5698",39.1022892826342,-79.5127728302439
"11210",11209,"54_93_5698",39.1004615156412,-79.5139127995351
"11211",11210,"54_93_5717",39.0070265811118,-79.3820279817432
"11212",11211,"54_93_5717",39.0090620336845,-79.3922782123227
"11213",11212,"54_93_5717",39.0226704477023,-79.3930016588355
"11214",11213,"54_93_5717",39.010389909227,-79.3930706911197
"11215",11214,"54_93_5717",39.0267452988429,-79.3697264935727
"11216",11215,"54_93_5717",39.0057866230648,-79.3771085854106
"11217",11216,"54_93_5717",39.0088348136914,-79.3962909392542
"11218",11217,"54_93_5717",39.003795941406,-79.3843076277699
"11219",11218,"54_93_5717",39.0205076608482,-79.3871597239699
"11220",11219,"54_93_5717",39.0183858802997,-79.3813554069067
"11221",11220,"54_93_6194",39.1164173271635,-79.6803380429423
"11222",11221,"54_93_6194",39.1264328925409,-79.6841022135449
"11223",11222,"54_93_6194",39.1241976391588,-79.6905763930053
"11224",11223,"54_93_6194",39.1280983736562,-79.6900695692828
"11225",11224,"54_93_6194",39.1266967811043,-79.692328934436
"11226",11225,"54_93_6194",39.1404301572415,-79.6895675860957
"11227",11226,"54_93_6194",39.1148257143866,-79.7003382961983
"11228",11227,"54_93_6194",39.1258707027151,-79.7087602326333
"11229",11228,"54_93_6194",39.1337259580328,-79.6791373143419
"11230",11229,"54_93_6194",39.1321603188574,-79.6987396466301
"11231",11230,"54_93_6195",39.0376974985323,-79.6978884400914
"11232",11231,"54_93_6195",39.0451485291594,-79.7002726862956
"11233",11232,"54_93_6195",39.0282681825384,-79.7063848908244
"11234",11233,"54_93_6195",39.0406769425577,-79.7007926341502
"11235",11234,"54_93_6195",39.0358840273277,-79.6953088298902
"11236",11235,"54_93_6195",39.0325212122114,-79.6998890683682
"11237",11236,"54_93_6195",39.0271139936455,-79.6964562029872
"11238",11237,"54_93_6195",39.032268384817,-79.7032481852267
"11239",11238,"54_93_6195",39.0351222718041,-79.7108906593637
"11240",11239,"54_93_6195",39.0374556560017,-79.714290557329
"11241",11240,"54_93_8311",39.1062368679403,-79.4282813579865
"11242",11241,"54_93_8311",39.1071559873885,-79.4431484734181
"11243",11242,"54_93_8311",39.1101317295835,-79.4420220816143
"11244",11243,"54_93_8311",39.1058554214994,-79.4264902613335
"11245",11244,"54_93_8311",39.1077630215534,-79.411739081575
"11246",11245,"54_93_8311",39.1099797599738,-79.4262651648997
"11247",11246,"54_93_8311",39.1055930142445,-79.4299414831797
"11248",11247,"54_93_8311",39.1046037633722,-79.4276536839772
"11249",11248,"54_93_8311",39.1027605229164,-79.4136081463961
"11250",11249,"54_93_8311",39.1014957922341,-79.4289065513712
"11251",11250,"54_93_8331",39.0390862615515,-79.3197740323329
"11252",11251,"54_93_8331",39.0311527799337,-79.322698082291
"11253",11252,"54_93_8331",39.0375229844143,-79.3317778678059
"11254",11253,"54_93_8331",39.0443238712389,-79.3294594340153
"11255",11254,"54_93_8331",39.0485469089004,-79.3203563352021
"11256",11255,"54_93_8331",39.0439791351042,-79.3373512858558
"11257",11256,"54_93_8331",39.0344386610291,-79.3258151873773
"11258",11257,"54_93_8331",39.0399714685589,-79.3262595484516
"11259",11258,"54_93_8331",39.0343836686533,-79.3242565489942
"11260",11259,"54_93_8331",39.0358995904228,-79.310241401697
"11261",11260,"54_93_8334",38.9755683111983,-79.3717753478044
"11262",11261,"54_93_8334",38.9670296046754,-79.3753292946471
"11263",11262,"54_93_8334",38.9808154329511,-79.364140277511
"11264",11263,"54_93_8334",38.9794280221148,-79.3597228966413
"11265",11264,"54_93_8334",38.9684667531349,-79.3705393934634
"11266",11265,"54_93_8334",38.9712625104194,-79.3595474952625
"11267",11266,"54_93_8334",38.9746094376288,-79.3687005118198
"11268",11267,"54_93_8334",38.9725493564179,-79.3628459276674
"11269",11268,"54_93_8334",38.9635833456034,-79.3785868780363
"11270",11269,"54_93_8334",38.9720969635777,-79.3641985836487
"11271",11270,"54_93_8335",39.0287624949405,-79.6252583406707
"11272",11271,"54_93_8335",39.0366359860097,-79.6165966315677
"11273",11272,"54_93_8335",39.0249328293175,-79.6190307951495
"11274",11273,"54_93_8335",39.0294117353554,-79.6337108513117
"11275",11274,"54_93_8335",39.0319425210508,-79.6095019198914
"11276",11275,"54_93_8335",39.016363948656,-79.6278510724354
"11277",11276,"54_93_8335",39.0269060587804,-79.6237857866558
"11278",11277,"54_93_8335",39.0282488232614,-79.634039115077
"11279",11278,"54_93_8335",39.0286875299525,-79.6220029224291
"11280",11279,"54_93_8335",39.0249019475715,-79.6271531440289
"11281",11280,"54_93_8809",39.1185369749203,-79.7644665767612
"11282",11281,"54_93_8809",39.1174756999785,-79.7608827511327
"11283",11282,"54_93_8809",39.1262891766492,-79.7598518016184
"11284",11283,"54_93_8809",39.1180596923365,-79.7613030381655
"11285",11284,"54_93_8809",39.1247369703539,-79.7773100585248
"11286",11285,"54_93_8809",39.1166597879216,-79.7763471608268
"11287",11286,"54_93_8809",39.1178096839882,-79.7679262124812
"11288",11287,"54_93_8809",39.1139484774909,-79.7712226126932
"11289",11288,"54_93_8809",39.105863320611,-79.7680932708715
"11290",11289,"54_93_8809",39.1207253610152,-79.7586588674635
"11291",11290,"54_101_5878",38.3408395264765,-80.4123049235963
"11292",11291,"54_101_5878",38.3282326903133,-80.4156214043953
"11293",11292,"54_101_5878",38.3393028807037,-80.4141491513609
"11294",11293,"54_101_5878",38.3436906330442,-80.4189764043189
"11295",11294,"54_101_5878",38.3374229531542,-80.3969053621974
"11296",11295,"54_101_5878",38.3411847280119,-80.4113210142167
"11297",11296,"54_101_5878",38.3471603121435,-80.4191940334867
"11298",11297,"54_101_5878",38.3429631981515,-80.4117712276737
"11299",11298,"54_101_5878",38.3391645108021,-80.4168699080185
"11300",11299,"54_101_5878",38.343014212712,-80.4156366462358
"11301",11300,"54_101_5891",38.3814078690286,-80.5598664799454
"11302",11301,"54_101_5891",38.3837809293543,-80.5510813161649
"11303",11302,"54_101_5891",38.3840294753233,-80.5471602328242
"11304",11303,"54_101_5891",38.3716804676916,-80.5462608887986
"11305",11304,"54_101_5891",38.3943018395655,-80.556045048246
"11306",11305,"54_101_5891",38.3957033480554,-80.5456071795571
"11307",11306,"54_101_5891",38.38178586373,-80.5586594784499
"11308",11307,"54_101_5891",38.3833922618873,-80.5492151484024
"11309",11308,"54_101_5891",38.3869437781445,-80.5466628252377
"11310",11309,"54_101_5891",38.3937225932301,-80.5534192920354
"11311",11310,"54_101_6207",38.2708866919114,-80.4277482500171
"11312",11311,"54_101_6207",38.259312334351,-80.4258730939108
"11313",11312,"54_101_6207",38.2675327022238,-80.4339743326527
"11314",11313,"54_101_6207",38.2607531937505,-80.4321651937036
"11315",11314,"54_101_6207",38.2706952357001,-80.4246796786243
"11316",11315,"54_101_6207",38.2686038079045,-80.4418666946703
"11317",11316,"54_101_6207",38.2697625823128,-80.4293587791644
"11318",11317,"54_101_6207",38.2688277427536,-80.4330738285088
"11319",11318,"54_101_6207",38.2805673010699,-80.4353783082138
"11320",11319,"54_101_6207",38.2566773322805,-80.4285103654009
"11321",11320,"54_101_8493",38.395544208389,-80.4562911732298
"11322",11321,"54_101_8493",38.3918879412901,-80.4616686367409
"11323",11322,"54_101_8493",38.3896050515936,-80.4435701912519
"11324",11323,"54_101_8493",38.3780949907241,-80.4578196730801
"11325",11324,"54_101_8493",38.3935668812438,-80.4612608804855
"11326",11325,"54_101_8493",38.3970828533868,-80.4523542516737
"11327",11326,"54_101_8493",38.3972635978272,-80.4746631432354
"11328",11327,"54_101_8493",38.3910980550934,-80.464486918056
"11329",11328,"54_101_8493",38.3965287953625,-80.4581272280724
"11330",11329,"54_101_8493",38.388393426561,-80.4471626386056
"11331",11330,"54_71_5101",38.8039836419353,-79.3402355405824
"11332",11331,"54_71_5101",38.8010632680087,-79.3404372366908
"11333",11332,"54_71_5101",38.8050821955283,-79.3282799265914
"11334",11333,"54_71_5101",38.8062632141406,-79.3292991180877
"11335",11334,"54_71_5101",38.8130357936456,-79.3171953922503
"11336",11335,"54_71_5101",38.7980051928626,-79.3363454745829
"11337",11336,"54_71_5101",38.8059133214672,-79.3457845265067
"11338",11337,"54_71_5101",38.8054669700939,-79.3209007918832
"11339",11338,"54_71_5101",38.8190469415729,-79.3355690792805
"11340",11339,"54_71_5101",38.8121633989749,-79.3352495167351
"11341",11340,"54_71_5116",38.6680262700888,-79.4044879733185
"11342",11341,"54_71_5116",38.6716891137616,-79.4087527274373
"11343",11342,"54_71_5116",38.6658430790648,-79.3943986072923
"11344",11343,"54_71_5116",38.6645549707421,-79.3887093783691
"11345",11344,"54_71_5116",38.6810991537611,-79.4029671601967
"11346",11345,"54_71_5116",38.6800204822112,-79.4129182533096
"11347",11346,"54_71_5116",38.6678429140613,-79.3957906253389
"11348",11347,"54_71_5116",38.6654880150911,-79.4015752773002
"11349",11348,"54_71_5116",38.6661676454807,-79.3870132727301
"11350",11349,"54_71_5116",38.6639277890367,-79.4075949264143
"11351",11350,"54_71_5123",38.7428772810987,-79.555095590671
"11352",11351,"54_71_5123",38.7524939402096,-79.532826613431
"11353",11352,"54_71_5123",38.7512654175584,-79.539543547254
"11354",11353,"54_71_5123",38.741425895233,-79.5389003930138
"11355",11354,"54_71_5123",38.7539994904969,-79.545089602085
"11356",11355,"54_71_5123",38.7429737426307,-79.547461011314
"11357",11356,"54_71_5123",38.742647323435,-79.537875861607
"11358",11357,"54_71_5123",38.7361627272372,-79.543792144545
"11359",11358,"54_71_5123",38.7411709432719,-79.5382500805582
"11360",11359,"54_71_5123",38.743107712492,-79.5326422678091
"11361",11360,"54_71_5125",38.6619468508473,-79.5798674400815
"11362",11361,"54_71_5125",38.6709335347008,-79.598883215701
"11363",11362,"54_71_5125",38.6673667320873,-79.5774137076084
"11364",11363,"54_71_5125",38.6747106707309,-79.5832894018058
"11365",11364,"54_71_5125",38.6680233833163,-79.5867351267853
"11366",11365,"54_71_5125",38.6590128603905,-79.5723065240028
"11367",11366,"54_71_5125",38.6670861678253,-79.5894963427555
"11368",11367,"54_71_5125",38.6719241129116,-79.5855624938693
"11369",11368,"54_71_5125",38.6627376244834,-79.5821325697663
"11370",11369,"54_71_5125",38.674170005642,-79.5973858125618
"11371",11370,"54_71_5128",38.614668649206,-79.629827297791
"11372",11371,"54_71_5128",38.6181815076435,-79.6057241518771
"11373",11372,"54_71_5128",38.618074454537,-79.6202196262469
"11374",11373,"54_71_5128",38.6152149625874,-79.6174278207986
"11375",11374,"54_71_5128",38.6191826766806,-79.6184293650084
"11376",11375,"54_71_5128",38.618818557772,-79.6204191280737
"11377",11376,"54_71_5128",38.6192599470721,-79.6277566106714
"11378",11377,"54_71_5128",38.6061526935632,-79.6121473624599
"11379",11378,"54_71_5128",38.616901320961,-79.6223827884888
"11380",11379,"54_71_5128",38.6163565034291,-79.6206753564931
"11381",11380,"54_71_7716",38.815971606671,-79.5089667418377
"11382",11381,"54_71_7716",38.8071860139352,-79.5123264600852
"11383",11382,"54_71_7716",38.8136373670598,-79.5305728277995
"11384",11383,"54_71_7716",38.8218338953548,-79.5285996580838
"11385",11384,"54_71_7716",38.813004776503,-79.535551435022
"11386",11385,"54_71_7716",38.8214784303265,-79.508133432984
"11387",11386,"54_71_7716",38.8143370634097,-79.5302120104284
"11388",11387,"54_71_7716",38.8078652700843,-79.5195426798518
"11389",11388,"54_71_7716",38.8220104405065,-79.5318458905036
"11390",11389,"54_71_7716",38.8063831914833,-79.5308289194992
"11391",11390,"54_71_7751",38.6841876655939,-79.5909607923839
"11392",11391,"54_71_7751",38.6804616485725,-79.592371033746
"11393",11392,"54_71_7751",38.6835743566175,-79.5980292628467
"11394",11393,"54_71_7751",38.6802962306057,-79.5804350512885
"11395",11394,"54_71_7751",38.6837841493748,-79.591892216956
"11396",11395,"54_71_7751",38.6804793170565,-79.5979625003263
"11397",11396,"54_71_7751",38.6917495066063,-79.6042885591201
"11398",11397,"54_71_7751",38.6886567197375,-79.590487575873
"11399",11398,"54_71_7751",38.6892042112335,-79.5934973072445
"11400",11399,"54_71_7751",38.687665105664,-79.5786416341796
"11401",11400,"54_25_4080",38.0427551003558,-80.0909395424595
"11402",11401,"54_25_4080",38.0499844624359,-80.0934558852568
"11403",11402,"54_25_4080",38.0508381126685,-80.0970925267291
"11404",11403,"54_25_4080",38.0551124414294,-80.0929141859862
"11405",11404,"54_25_4080",38.0525926193212,-80.0883030663858
"11406",11405,"54_25_4080",38.0518398090378,-80.0845658790931
"11407",11406,"54_25_4080",38.0483754922774,-80.0943227943053
"11408",11407,"54_25_4080",38.0502582456772,-80.0885275959862
"11409",11408,"54_25_4080",38.0500058183064,-80.0820915606703
"11410",11409,"54_25_4080",38.0513523888036,-80.0951708372902
"11411",11410,"54_25_4091",38.0474530143989,-80.2365213948801
"11412",11411,"54_25_4091",38.0427458879965,-80.2571565889434
"11413",11412,"54_25_4091",38.032024743628,-80.2332577493695
"11414",11413,"54_25_4091",38.0417037397343,-80.2421239276278
"11415",11414,"54_25_4091",38.0468308487209,-80.2540229250234
"11416",11415,"54_25_4091",38.0426970877659,-80.2431578914608
"11417",11416,"54_25_4091",38.041017420588,-80.2304776663536
"11418",11417,"54_25_4091",38.0414904725314,-80.2396727543376
"11419",11418,"54_25_4091",38.0415719212567,-80.2424973134033
"11420",11419,"54_25_4091",38.035938340664,-80.2499924315308
"11421",11420,"54_25_4093",37.9843323874426,-80.2615726176433
"11422",11421,"54_25_4093",37.9805059428526,-80.268288676265
"11423",11422,"54_25_4093",37.9791038038768,-80.2571767489892
"11424",11423,"54_25_4093",37.9807709435593,-80.2573826204225
"11425",11424,"54_25_4093",37.9881769137306,-80.2696401405554
"11426",11425,"54_25_4093",37.9831400953109,-80.2595103509358
"11427",11426,"54_25_4093",37.9715470222297,-80.2547656439169
"11428",11427,"54_25_4093",37.9729412124552,-80.2535868178891
"11429",11428,"54_25_4093",37.9683421463579,-80.2489947404508
"11430",11429,"54_25_4093",37.9806705959146,-80.2668219472758
"11431",11430,"54_25_4096",37.9007143240935,-80.2932107660129
"11432",11431,"54_25_4096",37.8990149382241,-80.2999356826809
"11433",11432,"54_25_4096",37.8864245984927,-80.2723701254835
"11434",11433,"54_25_4096",37.9034365286952,-80.2932128256588
"11435",11434,"54_25_4096",37.8889657387288,-80.2817465607056
"11436",11435,"54_25_4096",37.8969656263179,-80.292507174568
"11437",11436,"54_25_4096",37.8987791421761,-80.2857586234023
"11438",11437,"54_25_4096",37.8929702747431,-80.2845964586172
"11439",11438,"54_25_4096",37.8891612730648,-80.2931584585744
"11440",11439,"54_25_4096",37.8847613072322,-80.2930509804881
"11441",11440,"54_25_4138",37.8907315724164,-80.1602401073377
"11442",11441,"54_25_4138",37.9039126022497,-80.165406918614
"11443",11442,"54_25_4138",37.9123706913474,-80.1671245011856
"11444",11443,"54_25_4138",37.914859643794,-80.1699708516001
"11445",11444,"54_25_4138",37.9098304557245,-80.157739054057
"11446",11445,"54_25_4138",37.9035202252898,-80.163654996565
"11447",11446,"54_25_4138",37.9107098745819,-80.1495025364785
"11448",11447,"54_25_4138",37.9023789306565,-80.1587108028057
"11449",11448,"54_25_4138",37.8928079692015,-80.1589003577781
"11450",11449,"54_25_4138",37.907039564233,-80.1601529581093
"11451",11450,"54_75_5177",38.6079755299496,-79.7874001800374
"11452",11451,"54_75_5177",38.6095368000127,-79.7770975800267
"11453",11452,"54_75_5177",38.6062465270438,-79.7828404206802
"11454",11453,"54_75_5177",38.6205911200019,-79.7905031524023
"11455",11454,"54_75_5177",38.6135909528371,-79.7880015743052
"11456",11455,"54_75_5177",38.6095576279366,-79.7844835105729
"11457",11456,"54_75_5177",38.6055547172238,-79.7842932393826
"11458",11457,"54_75_5177",38.6200051743291,-79.7723947434023
"11459",11458,"54_75_5177",38.6111233259617,-79.7873075060054
"11460",11459,"54_75_5177",38.6204338675338,-79.7966721956
"11461",11460,"54_75_5212",38.3062301134158,-80.1012233769383
"11462",11461,"54_75_5212",38.3081397587822,-80.0969629245794
"11463",11462,"54_75_5212",38.2982121890892,-80.102189539727
"11464",11463,"54_75_5212",38.3020325359137,-80.0900238327979
"11465",11464,"54_75_5212",38.3094311400692,-80.1037567101848
"11466",11465,"54_75_5212",38.3053683980747,-80.1038823819675
"11467",11466,"54_75_5212",38.3045849197747,-80.0983990845695
"11468",11467,"54_75_5212",38.311512304065,-80.1098058515639
"11469",11468,"54_75_5212",38.3033883511708,-80.1083152153807
"11470",11469,"54_75_5212",38.3019080570326,-80.1088833567446
"11471",11470,"54_75_5235",38.2313891670848,-80.2825092446285
"11472",11471,"54_75_5235",38.2284478903868,-80.2709550564438
"11473",11472,"54_75_5235",38.2329857890113,-80.2630245700224
"11474",11473,"54_75_5235",38.2296488559349,-80.27399382336
"11475",11474,"54_75_5235",38.2220445700945,-80.2824501086841
"11476",11475,"54_75_5235",38.2292192997295,-80.2729572960221
"11477",11476,"54_75_5235",38.2304866237317,-80.2738834283362
"11478",11477,"54_75_5235",38.2196780698256,-80.2720895779855
"11479",11478,"54_75_5235",38.2226575321402,-80.2678415917459
"11480",11479,"54_75_5235",38.2269495334977,-80.2769742427851
"11481",11480,"54_75_6155",38.4636531345659,-79.9805114244827
"11482",11481,"54_75_6155",38.4736529862396,-79.9808925753819
"11483",11482,"54_75_6155",38.460332022695,-79.9895264181937
"11484",11483,"54_75_6155",38.4623736866509,-79.989411820243
"11485",11484,"54_75_6155",38.4541283925312,-79.993987468724
"11486",11485,"54_75_6155",38.4676685382112,-79.9692080371985
"11487",11486,"54_75_6155",38.4595856286284,-79.9868446125334
"11488",11487,"54_75_6155",38.4626987254614,-79.9826680290789
"11489",11488,"54_75_6155",38.4631680856064,-79.9858552948467
"11490",11489,"54_75_6155",38.4645964308223,-79.984726355916
"11491",11490,"54_75_7806",38.6126874551985,-79.8313637091677
"11492",11491,"54_75_7806",38.6249573923726,-79.84660705031
"11493",11492,"54_75_7806",38.6342490508808,-79.8332704824141
"11494",11493,"54_75_7806",38.6161291909152,-79.8449217171352
"11495",11494,"54_75_7806",38.6307223347491,-79.8548419649627
"11496",11495,"54_75_7806",38.6266175979741,-79.8426218253154
"11497",11496,"54_75_7806",38.6147894146993,-79.8443998057368
"11498",11497,"54_75_7806",38.6261163776186,-79.8287930553038
"11499",11498,"54_75_7806",38.6305967621504,-79.8403236810103
"11500",11499,"54_75_7806",38.6187489742769,-79.8512171993661
"11501",11500,"54_75_7809",38.5394806606746,-79.6809790913404
"11502",11501,"54_75_7809",38.533048753583,-79.6757443911148
"11503",11502,"54_75_7809",38.5315616189805,-79.6854775646754
"11504",11503,"54_75_7809",38.5302591620569,-79.6770842591522
"11505",11504,"54_75_7809",38.5303374953158,-79.6728256934843
"11506",11505,"54_75_7809",38.5349025756317,-79.6739536282118
"11507",11506,"54_75_7809",38.5289717231345,-79.6787854450449
"11508",11507,"54_75_7809",38.533134857634,-79.6809585325518
"11509",11508,"54_75_7809",38.5320655329539,-79.6768048331191
"11510",11509,"54_75_7809",38.5441489968362,-79.6663569075318
"11511",11510,"54_75_7831",38.378835758008,-80.0971477827709
"11512",11511,"54_75_7831",38.3715062135966,-80.1023121618237
"11513",11512,"54_75_7831",38.3901254351779,-80.0890600888841
"11514",11513,"54_75_7831",38.3741013143488,-80.0819724164011
"11515",11514,"54_75_7831",38.3815518798916,-80.0948930262737
"11516",11515,"54_75_7831",38.380361853121,-80.0969414219259
"11517",11516,"54_75_7831",38.3678347629361,-80.0888942417792
"11518",11517,"54_75_7831",38.3791327853428,-80.0950490309516
"11519",11518,"54_75_7831",38.3774956395372,-80.0948471188666
"11520",11519,"54_75_7831",38.3823286819387,-80.0898364321395
"11521",11520,"54_75_7837",38.3214915003085,-80.1160087369412
"11522",11521,"54_75_7837",38.31913423184,-80.1095857358071
"11523",11522,"54_75_7837",38.3131301284818,-80.0958626557103
"11524",11523,"54_75_7837",38.3125597094063,-80.1137760500311
"11525",11524,"54_75_7837",38.316758794646,-80.1197179552525
"11526",11525,"54_75_7837",38.3149562200921,-80.1003579931188
"11527",11526,"54_75_7837",38.3181457044865,-80.1052894637492
"11528",11527,"54_75_7837",38.3142797734459,-80.1141249701528
"11529",11528,"54_75_7837",38.3221377987008,-80.1188744223675
"11530",11529,"54_75_7837",38.3040472854905,-80.1160646653914
"11531",11530,"54_75_7856",38.3271859025338,-80.2925191508528
"11532",11531,"54_75_7856",38.3397072458263,-80.2845094935819
"11533",11532,"54_75_7856",38.3273778437821,-80.2987919565836
"11534",11533,"54_75_7856",38.3291450903448,-80.30074096097
"11535",11534,"54_75_7856",38.3423500976824,-80.294391450695
"11536",11535,"54_75_7856",38.326492039172,-80.2787426443479
"11537",11536,"54_75_7856",38.3252654607497,-80.2803888047482
"11538",11537,"54_75_7856",38.3319822553381,-80.2840280845004
"11539",11538,"54_75_7856",38.3234396841365,-80.3067866687578
"11540",11539,"54_75_7856",38.3224606000621,-80.2852702786716
"11541",11540,"54_75_7867",38.1797549140531,-80.3489759213891
"11542",11541,"54_75_7867",38.1935677607831,-80.3583366389778
"11543",11542,"54_75_7867",38.1855990000158,-80.3586298388685
"11544",11543,"54_75_7867",38.1702475755042,-80.3691003404874
"11545",11544,"54_75_7867",38.1853722076347,-80.3620579095963
"11546",11545,"54_75_7867",38.1789970178892,-80.3630258640279
"11547",11546,"54_75_7867",38.1743381538833,-80.3504851112986
"11548",11547,"54_75_7867",38.1728735653041,-80.3658555201762
"11549",11548,"54_75_7867",38.179671552968,-80.3680705774179
"11550",11549,"54_75_7867",38.1864617333941,-80.3599953208931
"11551",11550,"54_75_7881",38.1135720865506,-80.0779753608471
"11552",11551,"54_75_7881",38.1231314545004,-80.0831582465097
"11553",11552,"54_75_7881",38.1169285569754,-80.0815784547512
"11554",11553,"54_75_7881",38.1182499520506,-80.0670037838246
"11555",11554,"54_75_7881",38.1251136535298,-80.0834831742645
"11556",11555,"54_75_7881",38.116531531061,-80.0752390799237
"11557",11556,"54_75_7881",38.1139664452857,-80.0726501389129
"11558",11557,"54_75_7881",38.117256674343,-80.0924666732164
"11559",11558,"54_75_7881",38.1152465965757,-80.078451568515
"11560",11559,"54_75_7881",38.1115248727568,-80.0617055100894
"11561",11560,"54_75_8770",38.4803227591009,-79.9004487308092
"11562",11561,"54_75_8770",38.4884091182661,-79.8962972247376
"11563",11562,"54_75_8770",38.4795087488141,-79.8983221439449
"11564",11563,"54_75_8770",38.482969284015,-79.9048314294427
"11565",11564,"54_75_8770",38.4796438615051,-79.8984082719962
"11566",11565,"54_75_8770",38.4754841824466,-79.9047543777316
"11567",11566,"54_75_8770",38.4801218159223,-79.9028581075475
"11568",11567,"54_75_8770",38.4767307484347,-79.8872148290115
"11569",11568,"54_75_8770",38.4695449493701,-79.9066473016435
"11570",11569,"54_75_8770",38.4863560916949,-79.8885077920301
"11571",11570,"54_77_5316",39.2767003297713,-79.5473583579705
"11572",11571,"54_77_5316",39.25730254524,-79.5631160576584
"11573",11572,"54_77_5316",39.2704981852704,-79.5810947749147
"11574",11573,"54_77_5316",39.2735682105376,-79.5555381257556
"11575",11574,"54_77_5316",39.2670275385985,-79.5658247037149
"11576",11575,"54_77_5316",39.2707322772573,-79.5629564150068
"11577",11576,"54_77_5316",39.2622092235006,-79.5665586473225
"11578",11577,"54_77_5316",39.2688932301621,-79.5550463378534
"11579",11578,"54_77_5316",39.2754812555322,-79.561942557691
"11580",11579,"54_77_5316",39.2735712661533,-79.5668563995459
"11581",11580,"54_23_4052",38.9652309320377,-79.2512327867645
"11582",11581,"54_23_4052",38.9652139264988,-79.2617411808515
"11583",11582,"54_23_4052",38.9814595670471,-79.2406400620544
"11584",11583,"54_23_4052",38.9684334842226,-79.2492624143708
"11585",11584,"54_23_4052",38.9635526108187,-79.2431307931189
"11586",11585,"54_23_4052",38.9780568169124,-79.2402940949417
"11587",11586,"54_23_4052",38.970504929125,-79.2496514232545
"11588",11587,"54_23_4052",38.9715534899205,-79.2478616668746
"11589",11588,"54_23_4052",38.9740158893495,-79.2625704753118
"11590",11589,"54_23_4052",38.9656586583591,-79.2483752260495
"11591",11590,"54_83_5431",38.981881334345,-79.5901365878743
"11592",11591,"54_83_5431",38.9755284799924,-79.6053717837716
"11593",11592,"54_83_5431",38.973952192479,-79.574751974083
"11594",11593,"54_83_5431",38.9831254138534,-79.5767593203376
"11595",11594,"54_83_5431",38.9788135405126,-79.5878176653969
"11596",11595,"54_83_5431",38.9784840415344,-79.6030424132927
"11597",11596,"54_83_5431",38.9886704957248,-79.581624996187
"11598",11597,"54_83_5431",38.9753159929244,-79.5965190849308
"11599",11598,"54_83_5431",38.9706782748186,-79.5888548598598
"11600",11599,"54_83_5431",38.9737617125092,-79.5813914901064
"11601",11600,"54_83_5456",38.9035651622782,-79.7499487436423
"11602",11601,"54_83_5456",38.8962355084743,-79.7398751352876
"11603",11602,"54_83_5456",38.9079714238296,-79.7609432919866
"11604",11603,"54_83_5456",38.9147179293192,-79.7543121350096
"11605",11604,"54_83_5456",38.9042064474762,-79.7611202906123
"11606",11605,"54_83_5456",38.9055868720844,-79.7630537975897
"11607",11606,"54_83_5456",38.9103642555676,-79.74088483617
"11608",11607,"54_83_5456",38.8923004360352,-79.7445963004996
"11609",11608,"54_83_5456",38.8996706344375,-79.7488649236411
"11610",11609,"54_83_5456",38.9148211390292,-79.7422372802678
"11611",11610,"54_83_5487",38.6941983610145,-79.6910391731338
"11612",11611,"54_83_5487",38.6830337340763,-79.6901239587747
"11613",11612,"54_83_5487",38.6876048929986,-79.6824027420271
"11614",11613,"54_83_5487",38.6846068043307,-79.6883208408661
"11615",11614,"54_83_5487",38.6978371489675,-79.7005539642136
"11616",11615,"54_83_5487",38.6871675731559,-79.6958104435013
"11617",11616,"54_83_5487",38.6859574232911,-79.6989228192472
"11618",11617,"54_83_5487",38.6863572759801,-79.7026839823895
"11619",11618,"54_83_5487",38.6982437232337,-79.7049868330454
"11620",11619,"54_83_5487",38.6849196898775,-79.6871194491308
"11621",11620,"54_83_5489",38.7499716759192,-79.8550139655135
"11622",11621,"54_83_5489",38.7582190092226,-79.8582977227975
"11623",11622,"54_83_5489",38.7424240063262,-79.8550636311362
"11624",11623,"54_83_5489",38.7556985837672,-79.8649385504757
"11625",11624,"54_83_5489",38.7471282097753,-79.8654939395852
"11626",11625,"54_83_5489",38.7476108689593,-79.8504805829362
"11627",11626,"54_83_5489",38.7511285123135,-79.8636015619645
"11628",11627,"54_83_5489",38.7460946575625,-79.8527383072214
"11629",11628,"54_83_5489",38.7529550580137,-79.8405837910689
"11630",11629,"54_83_5489",38.7457932964076,-79.8434312264112
"11631",11630,"54_83_5514",38.7000856194619,-79.8677654721685
"11632",11631,"54_83_5514",38.7046040813598,-79.8631228625593
"11633",11632,"54_83_5514",38.7094953800054,-79.879873469857
"11634",11633,"54_83_5514",38.7050692780397,-79.8817311645821
"11635",11634,"54_83_5514",38.7081021278441,-79.875101432154
"11636",11635,"54_83_5514",38.7064394023791,-79.8746567036347
"11637",11636,"54_83_5514",38.7073626887899,-79.8804234110094
"11638",11637,"54_83_5514",38.6979252788999,-79.8817047685878
"11639",11638,"54_83_5514",38.6927374796639,-79.8775406975632
"11640",11639,"54_83_5514",38.7040646522949,-79.8742407191731
"11641",11640,"54_83_5517",38.5926652513838,-79.9278320859541
"11642",11641,"54_83_5517",38.5940637454124,-79.9122758970813
"11643",11642,"54_83_5517",38.5963940934024,-79.9010059851964
"11644",11643,"54_83_5517",38.5873167712754,-79.9122957493425
"11645",11644,"54_83_5517",38.5931672643834,-79.9128100218142
"11646",11645,"54_83_5517",38.5939188996446,-79.9110195210059
"11647",11646,"54_83_5517",38.5933275429613,-79.9171575504557
"11648",11647,"54_83_5517",38.5993414554587,-79.9043283688846
"11649",11648,"54_83_5517",38.6024486658294,-79.9207085571556
"11650",11649,"54_83_5517",38.5880740356219,-79.9184273304674
"11651",11650,"54_83_8090",38.7861496884412,-79.891326532192
"11652",11651,"54_83_8090",38.7833255898289,-79.8864014681034
"11653",11652,"54_83_8090",38.7816044068785,-79.895253080221
"11654",11653,"54_83_8090",38.7970935405801,-79.8837724096669
"11655",11654,"54_83_8090",38.7832255105138,-79.8831262754678
"11656",11655,"54_83_8090",38.7914283625281,-79.8986965143545
"11657",11656,"54_83_8090",38.7746118707523,-79.8775117526488
"11658",11657,"54_83_8090",38.7820559488734,-79.8776640914786
"11659",11658,"54_83_8090",38.7863231943855,-79.8845512549123
"11660",11659,"54_83_8090",38.7960492539998,-79.8812917596146
"11661",11660,"54_83_8098",38.7603759684323,-79.7133177115102
"11662",11661,"54_83_8098",38.7728260092343,-79.7145903335862
"11663",11662,"54_83_8098",38.7684253153236,-79.7174693482374
"11664",11663,"54_83_8098",38.7659157251044,-79.721201247231
"11665",11664,"54_83_8098",38.7740999670196,-79.7188495486825
"11666",11665,"54_83_8098",38.7697470682749,-79.7062025587555
"11667",11666,"54_83_8098",38.7551442824065,-79.70774745972
"11668",11667,"54_83_8098",38.7659155726087,-79.7224245385802
"11669",11668,"54_83_8098",38.764978176116,-79.7298511404656
"11670",11669,"54_83_8098",38.7604272279798,-79.7146525921805
"11671",11670,"54_93_5716",39.0477779310901,-79.3707751137591
"11672",11671,"54_93_5716",39.0418045758108,-79.3723698491488
"11673",11672,"54_93_5716",39.0378923132389,-79.3712953725695
"11674",11673,"54_93_5716",39.0501615329773,-79.3639254127788
"11675",11674,"54_93_5716",39.0476790557053,-79.3630993915394
"11676",11675,"54_93_5716",39.0420820984614,-79.3649469864332
"11677",11676,"54_93_5716",39.0495559861524,-79.3597153266658
"11678",11677,"54_93_5716",39.0546100081244,-79.3699979626268
"11679",11678,"54_93_5716",39.0570005276541,-79.3733998529027
"11680",11679,"54_93_5716",39.0456953976408,-79.3622650120629
"11681",11680,"54_93_6192",39.0751303843087,-79.5290382485105
"11682",11681,"54_93_6192",39.0747561177655,-79.5354759729274
"11683",11682,"54_93_6192",39.0806455575213,-79.5179713200567
"11684",11683,"54_93_6192",39.0765368251784,-79.5265449564485
"11685",11684,"54_93_6192",39.0727408416311,-79.5280703786082
"11686",11685,"54_93_6192",39.0791492465967,-79.521829456167
"11687",11686,"54_93_6192",39.0723443105076,-79.519140915695
"11688",11687,"54_93_6192",39.0594945465372,-79.5248619364638
"11689",11688,"54_93_6192",39.080802774626,-79.5382796809899
"11690",11689,"54_93_6192",39.0742160172207,-79.534987545328
"11691",11690,"54_93_8322",39.1551826907481,-79.7055712879272
"11692",11691,"54_93_8322",39.1593530279797,-79.7089202083082
"11693",11692,"54_93_8322",39.1503133529665,-79.7026038192541
"11694",11693,"54_93_8322",39.1618716081846,-79.7101380750582
"11695",11694,"54_93_8322",39.1619398225586,-79.708675966373
"11696",11695,"54_93_8322",39.1442840329453,-79.7113298305663
"11697",11696,"54_93_8322",39.1504069917176,-79.7003368454608
"11698",11697,"54_93_8322",39.1554582307147,-79.7042362385164
"11699",11698,"54_93_8322",39.1509927741964,-79.7159440650115
"11700",11699,"54_93_8322",39.1579304857688,-79.7091193703314
"11701",11700,"54_101_5881",38.3009962730787,-80.4058666017493
"11702",11701,"54_101_5881",38.3001413772327,-80.4011468289104
"11703",11702,"54_101_5881",38.3028335447794,-80.4087552200827
"11704",11703,"54_101_5881",38.2981861857767,-80.4215560399497
"11705",11704,"54_101_5881",38.3113262450355,-80.3994501197014
"11706",11705,"54_101_5881",38.2929818883213,-80.4135483229722
"11707",11706,"54_101_5881",38.2984511477823,-80.3978111541516
"11708",11707,"54_101_5881",38.3002110552637,-80.4185553001725
"11709",11708,"54_101_5881",38.3019342992668,-80.4082336321254
"11710",11709,"54_101_5881",38.3073914937053,-80.39203520221
"11711",11710,"54_101_5890",38.3773619447842,-80.5014839454398
"11712",11711,"54_101_5890",38.3639520188741,-80.516014154138
"11713",11712,"54_101_5890",38.3617921638775,-80.4970316223105
"11714",11713,"54_101_5890",38.3719098170825,-80.5076939531991
"11715",11714,"54_101_5890",38.3786928596209,-80.4894884550936
"11716",11715,"54_101_5890",38.3706165647882,-80.5035032470623
"11717",11716,"54_101_5890",38.3702535489679,-80.5046486272781
"11718",11717,"54_101_5890",38.3724795302496,-80.5056737593435
"11719",11718,"54_101_5890",38.3869120938172,-80.5051736321388
"11720",11719,"54_101_5890",38.3603040972257,-80.5085031776721
"11721",11720,"54_101_5892",38.3083576378801,-80.5270222240664
"11722",11721,"54_101_5892",38.3145090901988,-80.5155362736834
"11723",11722,"54_101_5892",38.3128122367999,-80.5219111134213
"11724",11723,"54_101_5892",38.3253810789003,-80.5152265883486
"11725",11724,"54_101_5892",38.3186538741304,-80.4979405426109
"11726",11725,"54_101_5892",38.3243901330302,-80.5062883514764
"11727",11726,"54_101_5892",38.3168626115848,-80.5146182734659
"11728",11727,"54_101_5892",38.327785415051,-80.5136511202615
"11729",11728,"54_101_5892",38.313394868887,-80.5133349725574
"11730",11729,"54_101_5892",38.3187811466614,-80.5071400717542
"11731",11730,"54_25_4092",37.9960688107007,-80.2086588314419
"11732",11731,"54_25_4092",37.9982631487207,-80.2003005782312
"11733",11732,"54_25_4092",38.0024964818628,-80.209852869628
"11734",11733,"54_25_4092",37.9999152735178,-80.2017232150838
"11735",11734,"54_25_4092",38.011122343359,-80.2078203080158
"11736",11735,"54_25_4092",38.0123851476222,-80.196576383155
"11737",11736,"54_25_4092",37.9855799509761,-80.1960633892602
"11738",11737,"54_25_4092",37.9852611645971,-80.2028592097857
"11739",11738,"54_25_4092",38.0011557277239,-80.2169547539287
"11740",11739,"54_25_4092",38.0058089573722,-80.2043291030385
"11741",11740,"54_25_6705",37.9986861243328,-80.1162060923366
"11742",11741,"54_25_6705",38.0018130391093,-80.1096236527209
"11743",11742,"54_25_6705",38.0078583605184,-80.1190017270127
"11744",11743,"54_25_6705",37.9958159638766,-80.1197503234234
"11745",11744,"54_25_6705",38.0001550052619,-80.1169121774397
"11746",11745,"54_25_6705",38.0069506197692,-80.1128728904897
"11747",11746,"54_25_6705",37.9974427657775,-80.1152572990951
"11748",11747,"54_25_6705",37.9975535656173,-80.1110181178702
"11749",11748,"54_25_6705",37.9938387418689,-80.1122476441198
"11750",11749,"54_25_6705",37.9960510326058,-80.1281806082293
"11751",11750,"54_25_6710",37.9413222106709,-80.1506005164122
"11752",11751,"54_25_6710",37.9544214909916,-80.168155002815
"11753",11752,"54_25_6710",37.9472797378316,-80.1637377983659
"11754",11753,"54_25_6710",37.9603353627767,-80.1651454026408
"11755",11754,"54_25_6710",37.9530233171204,-80.1606758085374
"11756",11755,"54_25_6710",37.9627427405908,-80.1558309116007
"11757",11756,"54_25_6710",37.952771291802,-80.155136991808
"11758",11757,"54_25_6710",37.957458892947,-80.1535530149104
"11759",11758,"54_25_6710",37.9525734944857,-80.1557059959039
"11760",11759,"54_25_6710",37.9562112616491,-80.1582601543773
"11761",11760,"54_25_6730",37.9513472899564,-80.3092173510283
"11762",11761,"54_25_6730",37.959061276686,-80.3153951763006
"11763",11762,"54_25_6730",37.960543363505,-80.3111365562357
"11764",11763,"54_25_6730",37.9463684730012,-80.3189082847385
"11765",11764,"54_25_6730",37.9558793083052,-80.3302430468615
"11766",11765,"54_25_6730",37.9478198687962,-80.3160493611899
"11767",11766,"54_25_6730",37.9583038868063,-80.3115951780456
"11768",11767,"54_25_6730",37.9538305268264,-80.3161433332581
"11769",11768,"54_25_6730",37.9440802875888,-80.3120291279643
"11770",11769,"54_25_6730",37.9459961088629,-80.3209206378339
"11771",11770,"54_25_6764",37.8587971210748,-80.2064715563994
"11772",11771,"54_25_6764",37.8529641030316,-80.2026400791623
"11773",11772,"54_25_6764",37.8658467644064,-80.2192000676531
"11774",11773,"54_25_6764",37.8554449816564,-80.2130665819866
"11775",11774,"54_25_6764",37.8649106375074,-80.2184635590001
"11776",11775,"54_25_6764",37.8529761000062,-80.2193630277009
"11777",11776,"54_25_6764",37.8613261026896,-80.2083877162969
"11778",11777,"54_25_6764",37.8546006968471,-80.2029713186607
"11779",11778,"54_25_6764",37.8605724585401,-80.2163174367771
"11780",11779,"54_25_6764",37.8627415200318,-80.2052208668002
"11781",11780,"54_67_5054",38.2545063715763,-80.5701367759888
"11782",11781,"54_67_5054",38.2573563227553,-80.563857224494
"11783",11782,"54_67_5054",38.2445038164602,-80.5884783800444
"11784",11783,"54_67_5054",38.2501187569198,-80.580211426513
"11785",11784,"54_67_5054",38.2494544883256,-80.5696517369808
"11786",11785,"54_67_5054",38.2455998128963,-80.5663817224772
"11787",11786,"54_67_5054",38.2513480143773,-80.5853499491024
"11788",11787,"54_67_5054",38.2457869630967,-80.5710502519696
"11789",11788,"54_67_5054",38.2560057098963,-80.584785000104
"11790",11789,"54_67_5054",38.2565775876158,-80.5752122690781
"11791",11790,"54_25_6684",38.2110179768729,-80.3713986864905
"11792",11791,"54_25_6684",38.206524951007,-80.3780471956522
"11793",11792,"54_25_6684",38.1978069919104,-80.3749486712399
"11794",11793,"54_25_6684",38.215144535177,-80.371544714661
"11795",11794,"54_25_6684",38.2020417457171,-80.3859518390204
"11796",11795,"54_25_6684",38.2157222540088,-80.3816154772239
"11797",11796,"54_25_6684",38.2109262092731,-80.3791456096565
"11798",11797,"54_25_6684",38.2115196803648,-80.3746942717734
"11799",11798,"54_25_6684",38.2125068349835,-80.377244434991
"11800",11799,"54_25_6684",38.2060594889866,-80.3797897566254
"11801",11800,"54_25_6708",37.9434132033564,-80.1877526490329
"11802",11801,"54_25_6708",37.9625164806539,-80.1930567025054
"11803",11802,"54_25_6708",37.9508522104323,-80.1954669055106
"11804",11803,"54_25_6708",37.9675765721716,-80.1890407392318
"11805",11804,"54_25_6708",37.9497133781852,-80.207600822056
"11806",11805,"54_25_6708",37.9574757111933,-80.1948799060146
"11807",11806,"54_25_6708",37.9553169450664,-80.1960663112945
"11808",11807,"54_25_6708",37.9633057276819,-80.1791637319002
"11809",11808,"54_25_6708",37.9596958592554,-80.1938998480213
"11810",11809,"54_25_6708",37.958866393947,-80.1763249987451
"11811",11810,"54_25_6766",37.8400870219644,-80.2236426860777
"11812",11811,"54_25_6766",37.8313645895374,-80.2288236038537
"11813",11812,"54_25_6766",37.8336616147806,-80.2305895956864
"11814",11813,"54_25_6766",37.835559948254,-80.2298247254136
"11815",11814,"54_25_6766",37.8191648266102,-80.2220282012829
"11816",11815,"54_25_6766",37.8238134854722,-80.2349911275386
"11817",11816,"54_25_6766",37.8357210396317,-80.2264408782184
"11818",11817,"54_25_6766",37.8265722415135,-80.2195039447858
"11819",11818,"54_25_6766",37.8264279790691,-80.2198630165408
"11820",11819,"54_25_6766",37.8238182565753,-80.2233284840038
"11821",11820,"54_67_7673",38.2814577768824,-80.4980687140089
"11822",11821,"54_67_7673",38.2937664454351,-80.4979045660006
"11823",11822,"54_67_7673",38.2807000231532,-80.4866853453972
"11824",11823,"54_67_7673",38.2858556540795,-80.5090128314747
"11825",11824,"54_67_7673",38.2790434547673,-80.4961777626262
"11826",11825,"54_67_7673",38.2835866327202,-80.4915378835193
"11827",11826,"54_67_7673",38.2810450256031,-80.4887712395804
"11828",11827,"54_67_7673",38.2895429350791,-80.4883860041909
"11829",11828,"54_67_7673",38.2943424285913,-80.5079861121215
"11830",11829,"54_67_7673",38.287775781761,-80.4857418362785
"11831",11830,"54_71_5088",38.8903450689586,-79.4323513885848
"11832",11831,"54_71_5088",38.8890680939575,-79.4077482264642
"11833",11832,"54_71_5088",38.8831316167241,-79.4235004600289
"11834",11833,"54_71_5088",38.8960113868693,-79.4156213862292
"11835",11834,"54_71_5088",38.8845323952074,-79.4170711123295
"11836",11835,"54_71_5088",38.8789031042269,-79.416993352623
"11837",11836,"54_71_5088",38.8830085280609,-79.4013728156796
"11838",11837,"54_71_5088",38.8857677200323,-79.4161450417684
"11839",11838,"54_71_5088",38.8833555449708,-79.4160947193328
"11840",11839,"54_71_5088",38.8880242460396,-79.4249038541097
"11841",11840,"54_93_5689",39.1844875354085,-79.5641307781575
"11842",11841,"54_93_5689",39.1774650677762,-79.5754097127643
"11843",11842,"54_93_5689",39.1653544438373,-79.5706070129403
"11844",11843,"54_93_5689",39.1821657865703,-79.5866550698898
"11845",11844,"54_93_5689",39.1782914277703,-79.5766852774467
"11846",11845,"54_93_5689",39.1853235895455,-79.5756810651263
"11847",11846,"54_93_5689",39.166386198405,-79.588017192873
"11848",11847,"54_93_5689",39.1890642661875,-79.5664493570143
"11849",11848,"54_93_5689",39.1792021937992,-79.586493468387
"11850",11849,"54_93_5689",39.1796738279693,-79.5695174353612
"11851",11850,"54_93_5699",39.1073392110254,-79.4824234879462
"11852",11851,"54_93_5699",39.0958306520489,-79.4920697196491
"11853",11852,"54_93_5699",39.092915093363,-79.4827785796944
"11854",11853,"54_93_5699",39.0890962670854,-79.4898532829362
"11855",11854,"54_93_5699",39.0974732991883,-79.4968011835147
"11856",11855,"54_93_5699",39.0898247679334,-79.4936543188348
"11857",11856,"54_93_5699",39.1053951365788,-79.4948764235368
"11858",11857,"54_93_5699",39.101077312835,-79.5043312712834
"11859",11858,"54_93_5699",39.0997409478456,-79.4968454166162
"11860",11859,"54_93_5699",39.101983407248,-79.502492435136
"11861",11860,"54_93_5718",39.0025163180898,-79.3539809373603
"11862",11861,"54_93_5718",39.0152493505752,-79.3743073359069
"11863",11862,"54_93_5718",39.0223539667297,-79.3552666306702
"11864",11863,"54_93_5718",39.0151469834809,-79.3587733335793
"11865",11864,"54_93_5718",39.0137082886615,-79.3569064894527
"11866",11865,"54_93_5718",39.0135512189498,-79.3574050168017
"11867",11866,"54_93_5718",39.0094001396138,-79.3480765053426
"11868",11867,"54_93_5718",39.0270556157788,-79.3587445806923
"11869",11868,"54_93_5718",39.0126139772299,-79.3589020019547
"11870",11869,"54_93_5718",39.0085652621714,-79.3515183235766
"11871",11870,"54_93_6196",39.0114382405705,-79.6886623451959
"11872",11871,"54_93_6196",39.0256985143618,-79.7025752598488
"11873",11872,"54_93_6196",39.0276748048735,-79.6862710671454
"11874",11873,"54_93_6196",39.0257685751332,-79.683079695438
"11875",11874,"54_93_6196",39.0249456060641,-79.6971148393577
"11876",11875,"54_93_6196",39.0248602118713,-79.6907234370086
"11877",11876,"54_93_6196",39.0206135154686,-79.7070171715994
"11878",11877,"54_93_6196",39.022822504262,-79.6930430975262
"11879",11878,"54_93_6196",39.0280485779681,-79.6943483796582
"11880",11879,"54_93_6196",39.0251573963176,-79.6939556654842
"11881",11880,"54_93_8297",39.241279748081,-79.6645721650037
"11882",11881,"54_93_8297",39.2463901487235,-79.6637194339583
"11883",11882,"54_93_8297",39.2252026083896,-79.6660028280991
"11884",11883,"54_93_8297",39.2401575417167,-79.6758882797262
"11885",11884,"54_93_8297",39.2309140362189,-79.6548459788778
"11886",11885,"54_93_8297",39.235086604642,-79.6547904531413
"11887",11886,"54_93_8297",39.2395077273505,-79.6615181318652
"11888",11887,"54_93_8297",39.2263494727917,-79.6591378070946
"11889",11888,"54_93_8297",39.228896862766,-79.6713948722885
"11890",11889,"54_93_8297",39.2386954885259,-79.6662119955467
"11891",11890,"54_93_8326",39.0888571029461,-79.7607527224124
"11892",11891,"54_93_8326",39.0853997754561,-79.7473548962088
"11893",11892,"54_93_8326",39.0887919970395,-79.7475597649896
"11894",11893,"54_93_8326",39.0984536152161,-79.7535533188204
"11895",11894,"54_93_8326",39.0872940839326,-79.7587262728062
"11896",11895,"54_93_8326",39.0923536059666,-79.753302509008
"11897",11896,"54_93_8326",39.0877353913014,-79.7660389143747
"11898",11897,"54_93_8326",39.0892484398369,-79.7568676643617
"11899",11898,"54_93_8326",39.0866377852657,-79.7522289205512
"11900",11899,"54_93_8326",39.094515439881,-79.7592204651664
"11901",11900,"54_101_5895",38.2877483318668,-80.3639974194995
"11902",11901,"54_101_5895",38.2719579607332,-80.3538531023731
"11903",11902,"54_101_5895",38.2868860011501,-80.3600589275712
"11904",11903,"54_101_5895",38.2801826786097,-80.364102537778
"11905",11904,"54_101_5895",38.2702592330418,-80.3598110645042
"11906",11905,"54_101_5895",38.2868096529174,-80.3513071342224
"11907",11906,"54_101_5895",38.2798383060062,-80.3674431868012
"11908",11907,"54_101_5895",38.289388882638,-80.3550506563059
"11909",11908,"54_101_5895",38.2767586189159,-80.3637786778095
"11910",11909,"54_101_5895",38.2790555262676,-80.3619490387935
"11911",11910,"54_101_6209",38.3722785106796,-80.5016549668677
"11912",11911,"54_101_6209",38.3676824335634,-80.495226009797
"11913",11912,"54_101_6209",38.3708654122047,-80.4995578190743
"11914",11913,"54_101_6209",38.3599188368965,-80.5091879998112
"11915",11914,"54_101_6209",38.3693609668012,-80.5118200526224
"11916",11915,"54_101_6209",38.3779304992523,-80.5037915816453
"11917",11916,"54_101_6209",38.36792338354,-80.506019519103
"11918",11917,"54_101_6209",38.3690491575471,-80.5003668108372
"11919",11918,"54_101_6209",38.3848219863284,-80.5056576842218
"11920",11919,"54_101_6209",38.3780970999224,-80.499589751269
"11921",11920,"54_101_8496",38.3093945529917,-80.4259569116619
"11922",11921,"54_101_8496",38.3098954340137,-80.445878703354
"11923",11922,"54_101_8496",38.3167198075633,-80.4141092402818
"11924",11923,"54_101_8496",38.3125650555273,-80.4410381382984
"11925",11924,"54_101_8496",38.3130059081949,-80.431972535808
"11926",11925,"54_101_8496",38.3130460266508,-80.4311957711514
"11927",11926,"54_101_8496",38.3034902057943,-80.4319542194844
"11928",11927,"54_101_8496",38.3148943517377,-80.4233970620541
"11929",11928,"54_101_8496",38.3085304725697,-80.4351565124478
"11930",11929,"54_101_8496",38.3131027233842,-80.4320426836303
"11931",11930,"54_25_6702",38.0227786257292,-80.0902647121479
"11932",11931,"54_25_6702",38.0308819260873,-80.0832910209604
"11933",11932,"54_25_6702",38.0273469310102,-80.0896549781079
"11934",11933,"54_25_6702",38.0233074543078,-80.0904404944932
"11935",11934,"54_25_6702",38.0237585549158,-80.0973759297102
"11936",11935,"54_25_6702",38.0255044276732,-80.0937289895832
"11937",11936,"54_25_6702",38.0237922499933,-80.1071600970433
"11938",11937,"54_25_6702",38.0280177186667,-80.0932080431389
"11939",11938,"54_25_6702",38.0251355864353,-80.0908640740401
"11940",11939,"54_25_6702",38.0255576376799,-80.092615836245
"11941",11940,"54_25_6714",37.9836121679227,-80.2776576269967
"11942",11941,"54_25_6714",37.9751229169091,-80.2777265857331
"11943",11942,"54_25_6714",37.9664262204027,-80.2673087113671
"11944",11943,"54_25_6714",37.9675503226011,-80.2856534674484
"11945",11944,"54_25_6714",37.9711245329004,-80.2875780507865
"11946",11945,"54_25_6714",37.9737582330644,-80.2715690420549
"11947",11946,"54_25_6714",37.9684899136922,-80.2742167782046
"11948",11947,"54_25_6714",37.9761207159421,-80.2705108816666
"11949",11948,"54_25_6714",37.9663021249285,-80.2739907282765
"11950",11949,"54_25_6714",37.9692598270381,-80.277374425057
"11951",11950,"54_25_6762",37.8861481685387,-80.1753950043303
"11952",11951,"54_25_6762",37.8803729953744,-80.1645125545488
"11953",11952,"54_25_6762",37.8902298146744,-80.1705866446783
"11954",11953,"54_25_6762",37.8802308967683,-80.1781426508821
"11955",11954,"54_25_6762",37.9022095225136,-80.1685663540942
"11956",11955,"54_25_6762",37.8807093853494,-80.1544320729466
"11957",11956,"54_25_6762",37.8765449562462,-80.1681316714947
"11958",11957,"54_25_6762",37.8855360182238,-80.1629812973118
"11959",11958,"54_25_6762",37.8962869693483,-80.17652845389
"11960",11959,"54_25_6762",37.8800044707271,-80.1723040853281
"11961",11960,"54_31_6911",38.9309235527383,-78.7689399468965
"11962",11961,"54_31_6911",38.926764890687,-78.7640273723115
"11963",11962,"54_31_6911",38.9237087523329,-78.7627990980203
"11964",11963,"54_31_6911",38.923334307994,-78.7670747733198
"11965",11964,"54_31_6911",38.9220527395474,-78.7749341529323
"11966",11965,"54_31_6911",38.9213883258103,-78.7687004022237
"11967",11966,"54_31_6911",38.9188202136892,-78.7606068949476
"11968",11967,"54_31_6911",38.9226751430207,-78.7695809995468
"11969",11968,"54_31_6911",38.937289161647,-78.7674951032868
"11970",11969,"54_31_6911",38.9234352849493,-78.7684172409694
"11971",11970,"54_71_5118",38.6339391742164,-79.4588536311637
"11972",11971,"54_71_5118",38.6360954554057,-79.4675665146981
"11973",11972,"54_71_5118",38.6349601161502,-79.4470173804871
"11974",11973,"54_71_5118",38.6390794934447,-79.4612235807624
"11975",11974,"54_71_5118",38.632578674325,-79.4414353664346
"11976",11975,"54_71_5118",38.6442831361211,-79.4574182384949
"11977",11976,"54_71_5118",38.631440778242,-79.4698649204682
"11978",11977,"54_71_5118",38.6439465167099,-79.4493341634765
"11979",11978,"54_71_5118",38.6274640262287,-79.453812360391
"11980",11979,"54_71_5118",38.638968177745,-79.463221519534
"11981",11980,"54_25_4061",38.2475307106706,-80.4324157217566
"11982",11981,"54_25_4061",38.2538834962112,-80.4241019878087
"11983",11982,"54_25_4061",38.2478879272955,-80.4000892892845
"11984",11983,"54_25_4061",38.2472050149681,-80.428365685434
"11985",11984,"54_25_4061",38.2514082207024,-80.4275915359995
"11986",11985,"54_25_4061",38.2547035800787,-80.420554781179
"11987",11986,"54_25_4061",38.2524311665883,-80.4141708594468
"11988",11987,"54_25_4061",38.2424505108047,-80.4265831961538
"11989",11988,"54_25_4061",38.2532056227294,-80.4127825348025
"11990",11989,"54_25_4061",38.257999756159,-80.4184367058073
"11991",11990,"54_25_4079",38.0444154696709,-80.1267723254461
"11992",11991,"54_25_4079",38.0408570733823,-80.1215118717344
"11993",11992,"54_25_4079",38.0435549948164,-80.1271630623576
"11994",11993,"54_25_4079",38.0395855411079,-80.1212100488548
"11995",11994,"54_25_4079",38.0413035012571,-80.1354549800049
"11996",11995,"54_25_4079",38.0412122404513,-80.1210369464179
"11997",11996,"54_25_4079",38.0407516742157,-80.1266566039035
"11998",11997,"54_25_4079",38.0451291085629,-80.1376683054412
"11999",11998,"54_25_4079",38.0439380301414,-80.1237190328365
"12000",11999,"54_25_4079",38.030422287167,-80.1212519264658
"12001",12000,"54_25_4081",38.0389395437524,-80.0137933040102
"12002",12001,"54_25_4081",38.0506956281773,-80.0246894406051
"12003",12002,"54_25_4081",38.0359497263562,-80.0225045893714
"12004",12003,"54_25_4081",38.0414191456914,-80.0094693888085
"12005",12004,"54_25_4081",38.0416547565966,-80.0100995458094
"12006",12005,"54_25_4081",38.0393936378487,-80.0259420460191
"12007",12006,"54_25_4081",38.0354784720528,-80.0180041921504
"12008",12007,"54_25_4081",38.0474081049286,-80.0240797194471
"12009",12008,"54_25_4081",38.0369881242803,-80.0151643181327
"12010",12009,"54_25_4081",38.0425258701198,-80.0316170821338
"12011",12010,"54_25_4095",37.9122980994867,-80.2248591872063
"12012",12011,"54_25_4095",37.9254927003555,-80.2333177436639
"12013",12012,"54_25_4095",37.9156931842856,-80.2186616234073
"12014",12013,"54_25_4095",37.9065507012345,-80.2318067458406
"12015",12014,"54_25_4095",37.9231562449491,-80.2355721150122
"12016",12015,"54_25_4095",37.9153060279672,-80.2389280026448
"12017",12016,"54_25_4095",37.9179281869131,-80.2349550111954
"12018",12017,"54_25_4095",37.9203155478031,-80.2369713418146
"12019",12018,"54_25_4095",37.9159358838323,-80.2292814149002
"12020",12019,"54_25_4095",37.9189723831182,-80.2337984055632
"12021",12020,"54_25_6709",37.9524951011844,-80.0872365199443
"12022",12021,"54_25_6709",37.9533559592911,-80.1056472702866
"12023",12022,"54_25_6709",37.9521680108403,-80.1041134786409
"12024",12023,"54_25_6709",37.9619825781667,-80.096673359369
"12025",12024,"54_25_6709",37.9519125984367,-80.0892646625749
"12026",12025,"54_25_6709",37.9431012745666,-80.1065017546843
"12027",12026,"54_25_6709",37.9618558068199,-80.1049073965141
"12028",12027,"54_25_6709",37.9529481379499,-80.09656360748
"12029",12028,"54_25_6709",37.9594662153559,-80.0923039260423
"12030",12029,"54_25_6709",37.9517893361447,-80.0953933865464
"12031",12030,"54_25_6723",37.9909042251374,-80.2857210301487
"12032",12031,"54_25_6723",37.9839553000851,-80.2740370305529
"12033",12032,"54_25_6723",37.9864540085531,-80.2756746459199
"12034",12033,"54_25_6723",37.9947668839093,-80.2666629187276
"12035",12034,"54_25_6723",37.9984305161511,-80.2747253491836
"12036",12035,"54_25_6723",38.0062663532999,-80.285937353864
"12037",12036,"54_25_6723",37.997692406823,-80.2756580607281
"12038",12037,"54_25_6723",38.0074671651769,-80.2681187226247
"12039",12038,"54_25_6723",37.9973283319071,-80.2749036100458
"12040",12039,"54_25_6723",38.0036988846253,-80.2737989261131
"12041",12040,"54_25_6768",37.7969159594124,-80.2556103384833
"12042",12041,"54_25_6768",37.7954111373867,-80.2413134759766
"12043",12042,"54_25_6768",37.802962027015,-80.2423081722386
"12044",12043,"54_25_6768",37.7943265940684,-80.2362716738962
"12045",12044,"54_25_6768",37.8003820182926,-80.2410291723604
"12046",12045,"54_25_6768",37.7993446484593,-80.2405296712225
"12047",12046,"54_25_6768",37.8002311119726,-80.2410101853646
"12048",12047,"54_25_6768",37.8122334398839,-80.2465361671007
"12049",12048,"54_25_6768",37.7871165000021,-80.2394942844187
"12050",12049,"54_25_6768",37.802531734977,-80.244193737751
"12051",12050,"54_71_5122",38.7733809043387,-79.4931141522711
"12052",12051,"54_71_5122",38.7794470757818,-79.4857300677618
"12053",12052,"54_71_5122",38.7788460032107,-79.5023338574876
"12054",12053,"54_71_5122",38.7899162402645,-79.5067928059909
"12055",12054,"54_71_5122",38.7729531369315,-79.5049724527302
"12056",12055,"54_71_5122",38.7818211269534,-79.5125610506794
"12057",12056,"54_71_5122",38.7766260551519,-79.5001938625336
"12058",12057,"54_71_5122",38.7795215270313,-79.5153437956308
"12059",12058,"54_71_5122",38.7777172254715,-79.4990329082069
"12060",12059,"54_71_5122",38.7726085124317,-79.48961701084
"12061",12060,"54_71_5087",38.8327884900365,-79.2899981681401
"12062",12061,"54_71_5087",38.8407732258803,-79.274069135876
"12063",12062,"54_71_5087",38.8395784014676,-79.281723018067
"12064",12063,"54_71_5087",38.8220984034269,-79.2809802712709
"12065",12064,"54_71_5087",38.8252878589229,-79.2768116889034
"12066",12065,"54_71_5087",38.8388819171957,-79.2931454580907
"12067",12066,"54_71_5087",38.843887188162,-79.2949916272619
"12068",12067,"54_71_5087",38.8385528353736,-79.2852228590804
"12069",12068,"54_71_5087",38.8440862045448,-79.2775955462892
"12070",12069,"54_71_5087",38.8483164805682,-79.2889933637816
"12071",12070,"54_71_5127",38.6410483318852,-79.5724284170935
"12072",12071,"54_71_5127",38.6477743628814,-79.5749602314288
"12073",12072,"54_71_5127",38.632657224648,-79.5685148875836
"12074",12073,"54_71_5127",38.6439262846571,-79.5700797820689
"12075",12074,"54_71_5127",38.6322938635355,-79.5739122199134
"12076",12075,"54_71_5127",38.6473586571311,-79.5694731190279
"12077",12076,"54_71_5127",38.6393198895562,-79.5635792732792
"12078",12077,"54_71_5127",38.625693307527,-79.5613880321368
"12079",12078,"54_71_5127",38.6394810234186,-79.5732047584167
"12080",12079,"54_71_5127",38.629700538024,-79.5821896026044
"12081",12080,"54_67_5051",38.290598273725,-80.5663139333331
"12082",12081,"54_67_5051",38.2804059400447,-80.5899182746187
"12083",12082,"54_67_5051",38.2823035966713,-80.5670812749451
"12084",12083,"54_67_5051",38.2771191814834,-80.566459945061
"12085",12084,"54_67_5051",38.2761391790444,-80.5688313934113
"12086",12085,"54_67_5051",38.275328951472,-80.5804834475221
"12087",12086,"54_67_5051",38.2785604502798,-80.5771761357368
"12088",12087,"54_67_5051",38.2776528494402,-80.5832877027967
"12089",12088,"54_67_5051",38.2675781663059,-80.5848205734625
"12090",12089,"54_67_5051",38.2894249459352,-80.5763470298398
"12091",12090,"54_67_5053",38.2619536282661,-80.6340495323335
"12092",12091,"54_67_5053",38.2793670456554,-80.6180519619779
"12093",12092,"54_67_5053",38.2661863515294,-80.626348933476
"12094",12093,"54_67_5053",38.2560021807283,-80.6290254638274
"12095",12094,"54_67_5053",38.268423594271,-80.6256107597801
"12096",12095,"54_67_5053",38.2670844665106,-80.628194471579
"12097",12096,"54_67_5053",38.2614040128813,-80.6197505941558
"12098",12097,"54_67_5053",38.262593625283,-80.6240663770608
"12099",12098,"54_67_5053",38.271319494293,-80.630119937224
"12100",12099,"54_67_5053",38.2688367058925,-80.6269590844882
"12101",12100,"54_75_5183",38.5530601237334,-79.76065011292
"12102",12101,"54_75_5183",38.5493995681883,-79.7505965306542
"12103",12102,"54_75_5183",38.5511721234243,-79.7745089840052
"12104",12103,"54_75_5183",38.5508245933978,-79.7539562660273
"12105",12104,"54_75_5183",38.5519861340787,-79.7578959028441
"12106",12105,"54_75_5183",38.5566074051376,-79.7645494607887
"12107",12106,"54_75_5183",38.5508902214628,-79.7590348951962
"12108",12107,"54_75_5183",38.563536148742,-79.7645906467264
"12109",12108,"54_75_5183",38.5602955906356,-79.7503182171189
"12110",12109,"54_75_5183",38.5503270460291,-79.7570992304264
"12111",12110,"54_75_5190",38.49127729686,-79.9558239716287
"12112",12111,"54_75_5190",38.4891940014548,-79.9752696137622
"12113",12112,"54_75_5190",38.5031945877268,-79.9637648218236
"12114",12113,"54_75_5190",38.4932778718759,-79.9625565527303
"12115",12114,"54_75_5190",38.4924239565525,-79.9678236962198
"12116",12115,"54_75_5190",38.4859503073568,-79.9641052212235
"12117",12116,"54_75_5190",38.5053147751023,-79.9580476266786
"12118",12117,"54_75_5190",38.4931031788778,-79.9643849032604
"12119",12118,"54_75_5190",38.4854982634413,-79.965884044278
"12120",12119,"54_75_5190",38.4956069040084,-79.9633661929954
"12121",12120,"54_75_5204",38.3857885121299,-80.1396719691566
"12122",12121,"54_75_5204",38.4000807410152,-80.1245958893581
"12123",12122,"54_75_5204",38.3966122249265,-80.1348709600783
"12124",12123,"54_75_5204",38.3896589688451,-80.1274218013518
"12125",12124,"54_75_5204",38.3965306120184,-80.1448353649095
"12126",12125,"54_75_5204",38.3949456418161,-80.1299839920562
"12127",12126,"54_75_5204",38.3943554521131,-80.1369363646884
"12128",12127,"54_75_5204",38.3980249699149,-80.1246106324365
"12129",12128,"54_75_5204",38.4045651163181,-80.1278929899591
"12130",12129,"54_75_5204",38.4035792420913,-80.1503267629215
"12131",12130,"54_75_5224",38.1775033628404,-80.0466848384818
"12132",12131,"54_75_5224",38.166832048081,-80.0647692602107
"12133",12132,"54_75_5224",38.1797639051472,-80.0606884398231
"12134",12133,"54_75_5224",38.1937485497743,-80.0640130252614
"12135",12134,"54_75_5224",38.1748702382311,-80.07065479033
"12136",12135,"54_75_5224",38.1880225016798,-80.0592204411677
"12137",12136,"54_75_5224",38.1733325588323,-80.0631952428117
"12138",12137,"54_75_5224",38.1796846850451,-80.0635689773067
"12139",12138,"54_75_5224",38.1726636181895,-80.0748929719047
"12140",12139,"54_75_5224",38.1805484479476,-80.0635105688364
"12141",12140,"54_75_5251",38.1003098112131,-79.9740617886419
"12142",12141,"54_75_5251",38.0969885488567,-80.000778710363
"12143",12142,"54_75_5251",38.104160247934,-79.9866801251088
"12144",12143,"54_75_5251",38.0900474153145,-79.9837262614754
"12145",12144,"54_75_5251",38.1030890972517,-79.9786404113937
"12146",12145,"54_75_5251",38.104471744826,-79.9836887999211
"12147",12146,"54_75_5251",38.1122723628741,-79.9962933249664
"12148",12147,"54_75_5251",38.104513105735,-79.9794505647357
"12149",12148,"54_75_5251",38.1039829598494,-79.9710008384296
"12150",12149,"54_75_5251",38.1161827438515,-79.9780393013518
"12151",12150,"54_75_6163",38.21612068623,-80.2410883113407
"12152",12151,"54_75_6163",38.2109866929885,-80.2500886633417
"12153",12152,"54_75_6163",38.1918792699687,-80.2471925327593
"12154",12153,"54_75_6163",38.2064669515375,-80.245039687942
"12155",12154,"54_75_6163",38.2006019885024,-80.2407594846056
"12156",12155,"54_75_6163",38.2077606681633,-80.2464517679829
"12157",12156,"54_75_6163",38.2087283932742,-80.2448780984601
"12158",12157,"54_75_6163",38.199490084595,-80.2427701547677
"12159",12158,"54_75_6163",38.2002359810601,-80.260680878877
"12160",12159,"54_75_6163",38.2107349210762,-80.2538218105031
"12161",12160,"54_75_7801",38.6557345315721,-79.7759386885751
"12162",12161,"54_75_7801",38.6514671818376,-79.7618727006229
"12163",12162,"54_75_7801",38.6574229916011,-79.7773343518379
"12164",12163,"54_75_7801",38.6557139325809,-79.7790384993858
"12165",12164,"54_75_7801",38.66192995059,-79.7646020623534
"12166",12165,"54_75_7801",38.6625120783607,-79.782506904627
"12167",12166,"54_75_7801",38.661274579436,-79.768280759602
"12168",12167,"54_75_7801",38.6571355996024,-79.7565094827011
"12169",12168,"54_75_7801",38.6491561910539,-79.76253197687
"12170",12169,"54_75_7801",38.646718010238,-79.7608778499995
"12171",12170,"54_75_7836",38.35214028078,-80.1666318675238
"12172",12171,"54_75_7836",38.347606061546,-80.1774036325289
"12173",12172,"54_75_7836",38.3553561972721,-80.1643823540536
"12174",12173,"54_75_7836",38.3433873782521,-80.169771127832
"12175",12174,"54_75_7836",38.3517970240242,-80.1681797145693
"12176",12175,"54_75_7836",38.3586717842303,-80.1758229036264
"12177",12176,"54_75_7836",38.3573227025413,-80.1636938254881
"12178",12177,"54_75_7836",38.3539099623414,-80.15490932971
"12179",12178,"54_75_7836",38.3527598987658,-80.1612835214239
"12180",12179,"54_75_7836",38.3466556418918,-80.1612754394467
"12181",12180,"54_75_7840",38.3761647279572,-79.9252870489692
"12182",12181,"54_75_7840",38.3594042110292,-79.9210493676315
"12183",12182,"54_75_7840",38.3630023355677,-79.9176255019703
"12184",12183,"54_75_7840",38.3614968924995,-79.9257501825851
"12185",12184,"54_75_7840",38.3760210880152,-79.9084093677922
"12186",12185,"54_75_7840",38.3649953524317,-79.905079572578
"12187",12186,"54_75_7840",38.364100156403,-79.9293397021977
"12188",12187,"54_75_7840",38.3619142229262,-79.9159239887182
"12189",12188,"54_75_7840",38.3750065141437,-79.9035869002955
"12190",12189,"54_75_7840",38.3605080409614,-79.9037396362793
"12191",12190,"54_75_7855",38.3426539324043,-80.2564517407638
"12192",12191,"54_75_7855",38.3318740890461,-80.2708187696813
"12193",12192,"54_75_7855",38.3242898841415,-80.2551724218151
"12194",12193,"54_75_7855",38.3303176150243,-80.2563209465956
"12195",12194,"54_75_7855",38.3332501186876,-80.2555934347809
"12196",12195,"54_75_7855",38.3324176506623,-80.2519299272554
"12197",12196,"54_75_7855",38.3371902847511,-80.2407882228235
"12198",12197,"54_75_7855",38.3340844274614,-80.2585476105678
"12199",12198,"54_75_7855",38.3308663701558,-80.2623987602918
"12200",12199,"54_75_7855",38.3388444846353,-80.2438309292295
"12201",12200,"54_75_7865",38.1981769794493,-80.2955526296767
"12202",12201,"54_75_7865",38.198861357262,-80.3018461907789
"12203",12202,"54_75_7865",38.1951143629945,-80.306310410585
"12204",12203,"54_75_7865",38.1920979384183,-80.2973359217016
"12205",12204,"54_75_7865",38.1940422639427,-80.2960070274444
"12206",12205,"54_75_7865",38.207084231459,-80.2895746385162
"12207",12206,"54_75_7865",38.1977878139427,-80.2932827659512
"12208",12207,"54_75_7865",38.1852419131234,-80.2966573346189
"12209",12208,"54_75_7865",38.1910113150598,-80.2867903731696
"12210",12209,"54_75_7865",38.1978810749372,-80.2910458226507
"12211",12210,"54_75_8769",38.4005445823175,-79.7309957781221
"12212",12211,"54_75_8769",38.3981046828826,-79.7323629062674
"12213",12212,"54_75_8769",38.3954000230427,-79.7316875566663
"12214",12213,"54_75_8769",38.4016122652852,-79.7288065775769
"12215",12214,"54_75_8769",38.4122986763801,-79.7327419285178
"12216",12215,"54_75_8769",38.3920036814064,-79.7263448125828
"12217",12216,"54_75_8769",38.3998509544947,-79.7319577334492
"12218",12217,"54_75_8769",38.3991711152601,-79.7358660182435
"12219",12218,"54_75_8769",38.3933659145502,-79.7218038085969
"12220",12219,"54_75_8769",38.4000124642676,-79.7315481891476
"12221",12220,"54_101_5873",38.4269961350175,-80.4245221581389
"12222",12221,"54_101_5873",38.4289046665365,-80.4316313100104
"12223",12222,"54_101_5873",38.4352874181337,-80.4471944631841
"12224",12223,"54_101_5873",38.431191902359,-80.426146200697
"12225",12224,"54_101_5873",38.4378056624049,-80.4203043723117
"12226",12225,"54_101_5873",38.4276275703691,-80.4252552906268
"12227",12226,"54_101_5873",38.432571651196,-80.4314873250894
"12228",12227,"54_101_5873",38.4323043638124,-80.4279805365888
"12229",12228,"54_101_5873",38.4247807174475,-80.4371522998593
"12230",12229,"54_101_5873",38.4432699095891,-80.4318248317283
"12231",12230,"54_77_5326",39.2241243198774,-79.5165523302402
"12232",12231,"54_77_5326",39.2253330315431,-79.5184421156715
"12233",12232,"54_77_5326",39.2283432066255,-79.5224483445125
"12234",12233,"54_77_5326",39.2222293956878,-79.5203701571841
"12235",12234,"54_77_5326",39.2367134539956,-79.5346988128955
"12236",12235,"54_77_5326",39.2297210318953,-79.5254007784837
"12237",12236,"54_77_5326",39.2335223325976,-79.5158770821424
"12238",12237,"54_77_5326",39.2370276167667,-79.5143513177977
"12239",12238,"54_77_5326",39.2308351727714,-79.5257488154222
"12240",12239,"54_77_5326",39.2392541303797,-79.514499769536
"12241",12240,"54_31_4292",38.9005072545288,-78.8001481324274
"12242",12241,"54_31_4292",38.9005828256039,-78.7807872424905
"12243",12242,"54_31_4292",38.8956840854048,-78.7865523858558
"12244",12243,"54_31_4292",38.9033405924012,-78.7661702524908
"12245",12244,"54_31_4292",38.9062824076589,-78.7678164471935
"12246",12245,"54_31_4292",38.9125080639816,-78.7800408111407
"12247",12246,"54_31_4292",38.9002267488087,-78.765619216704
"12248",12247,"54_31_4292",38.8987515604303,-78.7816758516465
"12249",12248,"54_31_4292",38.8963326018705,-78.7875135987546
"12250",12249,"54_31_4292",38.8992459064115,-78.7741024369835
"12251",12250,"54_31_6883",39.0069852727239,-78.6600428518646
"12252",12251,"54_31_6883",39.0189738088262,-78.6821711124616
"12253",12252,"54_31_6883",39.014844973071,-78.6738338031512
"12254",12253,"54_31_6883",39.0121986596526,-78.6867168658268
"12255",12254,"54_31_6883",39.0203646635358,-78.6666616179194
"12256",12255,"54_31_6883",39.0154624327579,-78.6737184504622
"12257",12256,"54_31_6883",39.0172266483782,-78.6858842626124
"12258",12257,"54_31_6883",39.0069342300339,-78.6605934362889
"12259",12258,"54_31_6883",39.0195886462278,-78.6678106778119
"12260",12259,"54_31_6883",39.0128667477306,-78.6847217003055
"12261",12260,"54_71_7754",38.6215972733872,-79.1469804650975
"12262",12261,"54_71_7754",38.6210496620402,-79.1553638969694
"12263",12262,"54_71_7754",38.6211492015504,-79.1523268921937
"12264",12263,"54_71_7754",38.6321644637459,-79.163592834872
"12265",12264,"54_71_7754",38.6266538556023,-79.1494805126783
"12266",12265,"54_71_7754",38.63284859662,-79.1593494843289
"12267",12266,"54_71_7754",38.6309797262578,-79.1490822463544
"12268",12267,"54_71_7754",38.6237479818556,-79.1511012357175
"12269",12268,"54_71_7754",38.6341130254196,-79.1620913039292
"12270",12269,"54_71_7754",38.626110927371,-79.1606653280154
"12271",12270,"54_71_7760",38.5489770216981,-79.2011723157149
"12272",12271,"54_71_7760",38.5489231564742,-79.1966342731856
"12273",12272,"54_71_7760",38.5434897708587,-79.2009144961144
"12274",12273,"54_71_7760",38.5539122639281,-79.2101272224652
"12275",12274,"54_71_7760",38.5513399681011,-79.2025152945307
"12276",12275,"54_71_7760",38.5449686683896,-79.2017112372425
"12277",12276,"54_71_7760",38.5477847009442,-79.2071761374408
"12278",12277,"54_71_7760",38.5480515327695,-79.2058603933579
"12279",12278,"54_71_7760",38.5425197041435,-79.2071897662852
"12280",12279,"54_71_7760",38.5471129486194,-79.1995853235485
"12281",12280,"54_31_4264",38.9864461651827,-78.7623929668128
"12282",12281,"54_31_4264",38.9890284817062,-78.7808037728737
"12283",12282,"54_31_4264",38.9840894400338,-78.7680604869608
"12284",12283,"54_31_4264",38.9856147334886,-78.7760680390371
"12285",12284,"54_31_4264",38.9862837773705,-78.7521167594156
"12286",12285,"54_31_4264",38.9768575482441,-78.768010965982
"12287",12286,"54_31_4264",38.9791842634853,-78.774568336829
"12288",12287,"54_31_4264",38.9938483539832,-78.7585844488555
"12289",12288,"54_31_4264",38.9877761934741,-78.7514120452267
"12290",12289,"54_31_4264",38.9822358267584,-78.7657258610368
"12291",12290,"54_27_4202",39.1298005003899,-78.5209187205634
"12292",12291,"54_27_4202",39.1242739416669,-78.5261841593751
"12293",12292,"54_27_4202",39.1246178544802,-78.5290471684876
"12294",12293,"54_27_4202",39.1167649598175,-78.532910356307
"12295",12294,"54_27_4202",39.1299799821402,-78.5257828311041
"12296",12295,"54_27_4202",39.1155817716132,-78.5338919978073
"12297",12296,"54_27_4202",39.1291306297466,-78.5282596165611
"12298",12297,"54_27_4202",39.1259668857445,-78.5310970827496
"12299",12298,"54_27_4202",39.1365246600606,-78.5291796536951
"12300",12299,"54_27_4202",39.1181434094097,-78.5343683260287
"12301",12300,"54_31_4251",39.0466513449949,-78.5678958434886
"12302",12301,"54_31_4251",39.0432011300252,-78.5618571261385
"12303",12302,"54_31_4251",39.0515234387669,-78.579009222524
"12304",12303,"54_31_4251",39.0404395232903,-78.5753477040382
"12305",12304,"54_31_4251",39.0502114660514,-78.5749587265195
"12306",12305,"54_31_4251",39.0450452157441,-78.5799320140295
"12307",12306,"54_31_4251",39.0530645992143,-78.5603242434071
"12308",12307,"54_31_4251",39.0463296484304,-78.583590253924
"12309",12308,"54_31_4251",39.0591000692946,-78.5876701026052
"12310",12309,"54_31_4251",39.0393962300459,-78.5659099749689
"12311",12310,"54_67_5052",38.2751571145125,-80.5175689395102
"12312",12311,"54_67_5052",38.2737673403937,-80.5248852350178
"12313",12312,"54_67_5052",38.2778914930989,-80.5276953382016
"12314",12313,"54_67_5052",38.2727031391202,-80.5236841481055
"12315",12314,"54_67_5052",38.276838081064,-80.5156346925834
"12316",12315,"54_67_5052",38.2744256360238,-80.5163176265916
"12317",12316,"54_67_5052",38.2744860122909,-80.5137484731552
"12318",12317,"54_67_5052",38.2769497948236,-80.5136264624588
"12319",12318,"54_67_5052",38.2805927838778,-80.5155521781587
"12320",12319,"54_67_5052",38.2762313804306,-80.5225519617603
"12321",12320,"54_67_7677",38.2825886979134,-80.5830831982947
"12322",12321,"54_67_7677",38.2857414776765,-80.5834222590809
"12323",12322,"54_67_7677",38.2877769192407,-80.5762421798208
"12324",12323,"54_67_7677",38.2896184532464,-80.5714909141308
"12325",12324,"54_67_7677",38.2922432338968,-80.5859578392043
"12326",12325,"54_67_7677",38.2807342942425,-80.5725067956647
"12327",12326,"54_67_7677",38.2784013028531,-80.5807727205498
"12328",12327,"54_67_7677",38.2920476908598,-80.5927677232623
"12329",12328,"54_67_7677",38.2916751627762,-80.5843026650029
"12330",12329,"54_67_7677",38.2877984446838,-80.5811290774832
"12331",12330,"54_83_5429",38.935306052765,-79.4040696361262
"12332",12331,"54_83_5429",38.9289388844894,-79.4029625687598
"12333",12332,"54_83_5429",38.9274768165821,-79.4207595991378
"12334",12333,"54_83_5429",38.9405762509527,-79.398525887948
"12335",12334,"54_83_5429",38.9311571813428,-79.4028785171788
"12336",12335,"54_83_5429",38.9292525290749,-79.3960460770809
"12337",12336,"54_83_5429",38.9324969538166,-79.4002305832588
"12338",12337,"54_83_5429",38.9361758379621,-79.3965082373498
"12339",12338,"54_83_5429",38.9292345920802,-79.4034192796828
"12340",12339,"54_83_5429",38.9181589090903,-79.3919883692288
"12341",12340,"54_83_5438",38.9209165451551,-79.6896557140214
"12342",12341,"54_83_5438",38.9266384715589,-79.7022667908348
"12343",12342,"54_83_5438",38.933971386953,-79.6895580197699
"12344",12343,"54_83_5438",38.9334939563808,-79.6797415856031
"12345",12344,"54_83_5438",38.9319898788343,-79.6874417612031
"12346",12345,"54_83_5438",38.9271869884104,-79.7036329404795
"12347",12346,"54_83_5438",38.9293751406473,-79.6861599253545
"12348",12347,"54_83_5438",38.919643882578,-79.6718689381438
"12349",12348,"54_83_5438",38.9236427190103,-79.6829530069215
"12350",12349,"54_83_5438",38.9120794598833,-79.6789197441854
"12351",12350,"54_83_5443",38.8286039027325,-79.61855554615
"12352",12351,"54_83_5443",38.8351128504835,-79.5972549367172
"12353",12352,"54_83_5443",38.8334665188358,-79.608907010997
"12354",12353,"54_83_5443",38.8291339150275,-79.602906955466
"12355",12354,"54_83_5443",38.8372986642278,-79.6059508669777
"12356",12355,"54_83_5443",38.8328369551677,-79.6040512215563
"12357",12356,"54_83_5443",38.8459828099206,-79.6128253694171
"12358",12357,"54_83_5443",38.8325990837447,-79.6058191754191
"12359",12358,"54_83_5443",38.8368523522457,-79.6031153351158
"12360",12359,"54_83_5443",38.8423897450149,-79.5978969891878
"12361",12360,"54_83_5488",38.7749943076559,-79.7990257552213
"12362",12361,"54_83_5488",38.7853468691381,-79.7926453146824
"12363",12362,"54_83_5488",38.7878076216021,-79.7976375642674
"12364",12363,"54_83_5488",38.7848586342677,-79.7979778480452
"12365",12364,"54_83_5488",38.7780229230203,-79.8047939673406
"12366",12365,"54_83_5488",38.7948748193935,-79.7902942450044
"12367",12366,"54_83_5488",38.7866362118425,-79.779826988912
"12368",12367,"54_83_5488",38.7864276140338,-79.7935204694563
"12369",12368,"54_83_5488",38.788253153216,-79.7974358539856
"12370",12369,"54_83_5488",38.7933370694443,-79.7881576168913
"12371",12370,"54_83_8057",38.9241618560557,-79.6210386330076
"12372",12371,"54_83_8057",38.9354742390165,-79.6008119845704
"12373",12372,"54_83_8057",38.933556749774,-79.6237426861031
"12374",12373,"54_83_8057",38.9319738183826,-79.6198125475518
"12375",12374,"54_83_8057",38.9310722673288,-79.5977205454717
"12376",12375,"54_83_8057",38.9251827535164,-79.6174887149139
"12377",12376,"54_83_8057",38.9294179191098,-79.6148345109325
"12378",12377,"54_83_8057",38.9176638049267,-79.6210762817805
"12379",12378,"54_83_8057",38.9292785087046,-79.6242198911231
"12380",12379,"54_83_8057",38.9257161893635,-79.6016427748942
"12381",12380,"54_83_8095",38.8015154053909,-79.6725145679993
"12382",12381,"54_83_8095",38.81617144636,-79.6726772564441
"12383",12382,"54_83_8095",38.8018940813422,-79.6885533397761
"12384",12383,"54_83_8095",38.8017594219789,-79.6595685493692
"12385",12384,"54_83_8095",38.8088913250978,-79.6732284712385
"12386",12385,"54_83_8095",38.8119790255533,-79.6759816583389
"12387",12386,"54_83_8095",38.7978096352684,-79.6815586521843
"12388",12387,"54_83_8095",38.8168266305563,-79.6720014979
"12389",12388,"54_83_8095",38.8087718790998,-79.6719622451195
"12390",12389,"54_83_8095",38.8070840510613,-79.6682308438842
"12391",12390,"54_83_8101",38.7151730095136,-79.5739015429019
"12392",12391,"54_83_8101",38.7238957713858,-79.5731317407286
"12393",12392,"54_83_8101",38.7081465912364,-79.5708783060616
"12394",12393,"54_83_8101",38.7153179826528,-79.5721447248844
"12395",12394,"54_83_8101",38.7160530567164,-79.5784050851261
"12396",12395,"54_83_8101",38.7220317643701,-79.5741208397141
"12397",12396,"54_83_8101",38.7138835706473,-79.5826443491908
"12398",12397,"54_83_8101",38.7189213297683,-79.5704733203027
"12399",12398,"54_83_8101",38.7249705303593,-79.5680945820907
"12400",12399,"54_83_8101",38.7280019767812,-79.5710257953118
"12401",12400,"54_83_8102",38.7078686120145,-79.7063533832229
"12402",12401,"54_83_8102",38.7189002893536,-79.7144364922663
"12403",12402,"54_83_8102",38.7164939504004,-79.6998818121023
"12404",12403,"54_83_8102",38.7257560931493,-79.7064181209558
"12405",12404,"54_83_8102",38.7187234555218,-79.7020337246268
"12406",12405,"54_83_8102",38.7312913687306,-79.6935925673426
"12407",12406,"54_83_8102",38.7176232756763,-79.7015977601899
"12408",12407,"54_83_8102",38.7133034621534,-79.6829223257774
"12409",12408,"54_83_8102",38.7182446853761,-79.6980454346519
"12410",12409,"54_83_8102",38.719219529996,-79.6992994596549
"12411",12410,"54_83_8115",38.7474003648803,-79.8758000972082
"12412",12411,"54_83_8115",38.7456230823783,-79.8762078279761
"12413",12412,"54_83_8115",38.7554775437794,-79.8559487648543
"12414",12413,"54_83_8115",38.7522862117708,-79.8736958204786
"12415",12414,"54_83_8115",38.7450328299811,-79.8560512197479
"12416",12415,"54_83_8115",38.7465020190362,-79.855514656508
"12417",12416,"54_83_8115",38.7521097992709,-79.8640649657884
"12418",12417,"54_83_8115",38.7580434198417,-79.8532941502114
"12419",12418,"54_83_8115",38.7390581728905,-79.8610562507878
"12420",12419,"54_83_8115",38.7602004089435,-79.8639609397684
"12421",12420,"54_83_8138",38.5643716880857,-79.9593158516865
"12422",12421,"54_83_8138",38.5618669427426,-79.9691823969077
"12423",12422,"54_83_8138",38.5587431728916,-79.968035809237
"12424",12423,"54_83_8138",38.5579517604949,-79.9456344072618
"12425",12424,"54_83_8138",38.5692953368598,-79.9722589165076
"12426",12425,"54_83_8138",38.569684239921,-79.9686016928421
"12427",12426,"54_83_8138",38.5703706664324,-79.9593012807819
"12428",12427,"54_83_8138",38.5722425242998,-79.9705993270867
"12429",12428,"54_83_8138",38.5598218714031,-79.9529858440556
"12430",12429,"54_83_8138",38.5667420329989,-79.9601060105137
"12431",12430,"54_83_8150",38.5025518162737,-80.1868663587231
"12432",12431,"54_83_8150",38.5010776678859,-80.1829615643433
"12433",12432,"54_83_8150",38.488689566164,-80.1799078628302
"12434",12433,"54_83_8150",38.4973325630299,-80.167356013941
"12435",12434,"54_83_8150",38.4895648362503,-80.1848022892042
"12436",12435,"54_83_8150",38.4958510920831,-80.1755524366638
"12437",12436,"54_83_8150",38.4935113523806,-80.1707204759399
"12438",12437,"54_83_8150",38.4854348437115,-80.1819091894944
"12439",12438,"54_83_8150",38.4906520979645,-80.1816633396069
"12440",12439,"54_83_8150",38.4970322411211,-80.1783605598515
"12441",12440,"54_83_5490",38.7286551180438,-79.7952969484782
"12442",12441,"54_83_5490",38.7241802767131,-79.7982110848775
"12443",12442,"54_83_5490",38.7221856543037,-79.7893181396433
"12444",12443,"54_83_5490",38.7236936360724,-79.7928381079669
"12445",12444,"54_83_5490",38.7293840981147,-79.7908693667298
"12446",12445,"54_83_5490",38.7253170526012,-79.7887987937603
"12447",12446,"54_83_5490",38.7131570405519,-79.7903755253855
"12448",12447,"54_83_5490",38.7362645349174,-79.8000404456014
"12449",12448,"54_83_5490",38.7204627848988,-79.7920250813073
"12450",12449,"54_83_5490",38.7258838354587,-79.7917570269843
"12451",12450,"54_83_5515",38.643330179737,-79.8455772581035
"12452",12451,"54_83_5515",38.646863733285,-79.8515316676234
"12453",12452,"54_83_5515",38.6365010991429,-79.8399129886832
"12454",12453,"54_83_5515",38.6373966347615,-79.8431760567369
"12455",12454,"54_83_5515",38.6434798000195,-79.8397116877375
"12456",12455,"54_83_5515",38.6391377321868,-79.8436648165295
"12457",12456,"54_83_5515",38.6359104888804,-79.848527631691
"12458",12457,"54_83_5515",38.6412747401018,-79.8445471005072
"12459",12458,"54_83_5515",38.6250305786691,-79.845307132218
"12460",12459,"54_83_5515",38.6377623486353,-79.8537820274898
"12461",12460,"54_83_5531",38.4544243910675,-80.2168166064328
"12462",12461,"54_83_5531",38.4667162976315,-80.2137708098652
"12463",12462,"54_83_5531",38.4440788908569,-80.2082085608278
"12464",12463,"54_83_5531",38.4594635418125,-80.1988918433767
"12465",12464,"54_83_5531",38.4485710280674,-80.2083792268588
"12466",12465,"54_83_5531",38.4541142811245,-80.2107918168147
"12467",12466,"54_83_5531",38.4533602962053,-80.2088620301875
"12468",12467,"54_83_5531",38.4528327020668,-80.2076983054097
"12469",12468,"54_83_5531",38.447222977681,-80.2170155652733
"12470",12469,"54_83_5531",38.4513353808226,-80.2126450656445
"12471",12470,"54_25_6763",37.859073314837,-80.2253617507425
"12472",12471,"54_25_6763",37.8665282563712,-80.2370301354211
"12473",12472,"54_25_6763",37.8661775477946,-80.2393631810235
"12474",12473,"54_25_6763",37.8570625008063,-80.227404835709
"12475",12474,"54_25_6763",37.8640739368397,-80.2298968657065
"12476",12475,"54_25_6763",37.8658256816221,-80.2359041717717
"12477",12476,"54_25_6763",37.8625673189173,-80.2459455919806
"12478",12477,"54_25_6763",37.8682673536003,-80.2201026338758
"12479",12478,"54_25_6763",37.8696760721635,-80.2368544133591
"12480",12479,"54_25_6763",37.8653011332004,-80.2349522914815
"12481",12480,"54_71_7718",38.777486406756,-79.0837735156011
"12482",12481,"54_71_7718",38.7808379405218,-79.0869964202277
"12483",12482,"54_71_7718",38.7814585248544,-79.0818321030237
"12484",12483,"54_71_7718",38.771720171995,-79.083916390161
"12485",12484,"54_71_7718",38.7824236631099,-79.1002879283007
"12486",12485,"54_71_7718",38.7687044358435,-79.0919784478679
"12487",12486,"54_71_7718",38.7698969949136,-79.0996375804949
"12488",12487,"54_71_7718",38.7787017739729,-79.0857765278726
"12489",12488,"54_71_7718",38.7831851935174,-79.0758743222186
"12490",12489,"54_71_7718",38.7851612779385,-79.0776041613513
"12491",12490,"54_71_7725",38.8338504629022,-79.2893787964034
"12492",12491,"54_71_7725",38.8408012901637,-79.2967076121897
"12493",12492,"54_71_7725",38.8393025456263,-79.2923395077354
"12494",12493,"54_71_7725",38.8273306320609,-79.2876863268172
"12495",12494,"54_71_7725",38.8309355553936,-79.2916861190698
"12496",12495,"54_71_7725",38.830828059723,-79.2865422111091
"12497",12496,"54_71_7725",38.8447824620514,-79.2919120355553
"12498",12497,"54_71_7725",38.8378075372526,-79.2924650140359
"12499",12498,"54_71_7725",38.8244431335138,-79.2827247697192
"12500",12499,"54_71_7725",38.835834379357,-79.2834379195286
"12501",12500,"54_71_7765",38.4809739793248,-79.2628999302375
"12502",12501,"54_71_7765",38.4910641202097,-79.2578951207535
"12503",12502,"54_71_7765",38.4721700517768,-79.2653398287994
"12504",12503,"54_71_7765",38.4915159058434,-79.2693124046051
"12505",12504,"54_71_7765",38.4839276024731,-79.2685733468215
"12506",12505,"54_71_7765",38.4805419022052,-79.2835989304588
"12507",12506,"54_71_7765",38.4883686018606,-79.2521011283331
"12508",12507,"54_71_7765",38.4768651732601,-79.2650433355377
"12509",12508,"54_71_7765",38.4847297531658,-79.2708929528307
"12510",12509,"54_71_7765",38.4870177739326,-79.2783343661699
"12511",12510,"54_71_5084",38.8986487310318,-79.2926199327998
"12512",12511,"54_71_5084",38.8942836238279,-79.2787809189574
"12513",12512,"54_71_5084",38.9043313560172,-79.2990851108108
"12514",12513,"54_71_5084",38.9049968922931,-79.2857566398918
"12515",12514,"54_71_5084",38.9174788112553,-79.2943049604075
"12516",12515,"54_71_5084",38.9058453287317,-79.2846272796356
"12517",12516,"54_71_5084",38.8972308561039,-79.2815771309313
"12518",12517,"54_71_5084",38.8995291787082,-79.2833120321028
"12519",12518,"54_71_5084",38.9166637250257,-79.285250791276
"12520",12519,"54_71_5084",38.9082904232596,-79.2818342898013
"12521",12520,"54_71_5114",38.6998436701871,-79.5426537125364
"12522",12521,"54_71_5114",38.6976627330849,-79.5373022305257
"12523",12522,"54_71_5114",38.6881246872244,-79.5432474801979
"12524",12523,"54_71_5114",38.6981765939194,-79.5476026348343
"12525",12524,"54_71_5114",38.7089077734969,-79.5433172849851
"12526",12525,"54_71_5114",38.6938426109668,-79.5480814613247
"12527",12526,"54_71_5114",38.7054109453522,-79.5264963517962
"12528",12527,"54_71_5114",38.711805248834,-79.5432302133426
"12529",12528,"54_71_5114",38.6938071286371,-79.5532068108665
"12530",12529,"54_71_5114",38.7116284921957,-79.5453247800372
"12531",12530,"54_71_7712",38.8724417963961,-79.327717933882
"12532",12531,"54_71_7712",38.8776959930201,-79.3021243066062
"12533",12532,"54_71_7712",38.8738023704791,-79.3034966201105
"12534",12533,"54_71_7712",38.87041991388,-79.3119904017595
"12535",12534,"54_71_7712",38.8667856067271,-79.3202035616027
"12536",12535,"54_71_7712",38.8713936356472,-79.2990217764227
"12537",12536,"54_71_7712",38.8736989698298,-79.3169846233606
"12538",12537,"54_71_7712",38.8689926588164,-79.3163242321456
"12539",12538,"54_71_7712",38.8822541905177,-79.3077165262771
"12540",12539,"54_71_7712",38.8653950002707,-79.3124726539275
"12541",12540,"54_75_5175",38.6115856507304,-79.6898788459023
"12542",12541,"54_75_5175",38.61178714875,-79.6789543968878
"12543",12542,"54_75_5175",38.6103858947855,-79.6665971007821
"12544",12543,"54_75_5175",38.6135900055625,-79.6741548309565
"12545",12544,"54_75_5175",38.6163597278772,-79.6942419380416
"12546",12545,"54_75_5175",38.6047331734841,-79.6928292945918
"12547",12546,"54_75_5175",38.6167259353086,-79.6827717558959
"12548",12547,"54_75_5175",38.6232179352914,-79.6786639134285
"12549",12548,"54_75_5175",38.6106403771037,-79.685004243295
"12550",12549,"54_75_5175",38.6033528167836,-79.6910273921646
"12551",12550,"54_75_5213",38.3239580377824,-79.8578733905528
"12552",12551,"54_75_5213",38.3054765870615,-79.8506406523269
"12553",12552,"54_75_5213",38.3198461013925,-79.8521404610239
"12554",12553,"54_75_5213",38.3083579828777,-79.8423562293911
"12555",12554,"54_75_5213",38.311597688567,-79.86069746
"12556",12555,"54_75_5213",38.3219401524259,-79.8579839986531
"12557",12556,"54_75_5213",38.318966501396,-79.8528550736271
"12558",12557,"54_75_5213",38.3145490450482,-79.8501171683152
"12559",12558,"54_75_5213",38.3107276587481,-79.8504808946912
"12560",12559,"54_75_5213",38.3198460779863,-79.8519580063095
"12561",12560,"54_75_5239",38.1654553900071,-80.3268288763894
"12562",12561,"54_75_5239",38.1593982758473,-80.3203749169462
"12563",12562,"54_75_5239",38.1598916687303,-80.3046958573194
"12564",12563,"54_75_5239",38.1725783808666,-80.3135708075886
"12565",12564,"54_75_5239",38.1719139913277,-80.3250514620014
"12566",12565,"54_75_5239",38.1572453768356,-80.3322724088795
"12567",12566,"54_75_5239",38.1665435604801,-80.3209978453533
"12568",12567,"54_75_5239",38.1736610687292,-80.3283628730703
"12569",12568,"54_75_5239",38.1669795742962,-80.3161360270846
"12570",12569,"54_75_5239",38.1736530495439,-80.3258358168965
"12571",12570,"54_75_6161",38.3056109847545,-80.2396602299955
"12572",12571,"54_75_6161",38.3084081481575,-80.2478064908629
"12573",12572,"54_75_6161",38.3054472374622,-80.2635758840214
"12574",12573,"54_75_6161",38.3021557316172,-80.2534000567792
"12575",12574,"54_75_6161",38.3030493431244,-80.2674557144084
"12576",12575,"54_75_6161",38.3051342055484,-80.2565249947711
"12577",12576,"54_75_6161",38.3055855862967,-80.2589714997803
"12578",12577,"54_75_6161",38.3047901520178,-80.2653279549693
"12579",12578,"54_75_6161",38.3141380837743,-80.2448431166149
"12580",12579,"54_75_6161",38.3043173192589,-80.2564107635946
"12581",12580,"54_75_7800",38.6500315620181,-79.6304575161607
"12582",12581,"54_75_7800",38.6510874906659,-79.6247462776492
"12583",12582,"54_75_7800",38.6438175428837,-79.6174910890164
"12584",12583,"54_75_7800",38.650285355387,-79.6253209475108
"12585",12584,"54_75_7800",38.6359391552475,-79.6237381824566
"12586",12585,"54_75_7800",38.6505490252416,-79.6261665947715
"12587",12586,"54_75_7800",38.6388147261152,-79.6197184332652
"12588",12587,"54_75_7800",38.6481502030059,-79.6250377465667
"12589",12588,"54_75_7800",38.6360847573438,-79.6273731041099
"12590",12589,"54_75_7800",38.6507041869346,-79.6250794466799
"12591",12590,"54_75_8775",38.3943345044386,-79.9927632289292
"12592",12591,"54_75_8775",38.3831779214746,-79.9914049408976
"12593",12592,"54_75_8775",38.383609928757,-79.9790380037053
"12594",12593,"54_75_8775",38.3846022342407,-79.9870615698176
"12595",12594,"54_75_8775",38.3772848652065,-79.9892459100892
"12596",12595,"54_75_8775",38.391606655479,-79.995218189686
"12597",12596,"54_75_8775",38.3915812797372,-79.9934690588041
"12598",12597,"54_75_8775",38.3850794022206,-79.9937879082363
"12599",12598,"54_75_8775",38.3851591774302,-79.9940995945869
"12600",12599,"54_75_8775",38.389647613818,-79.9855199701696
"12601",12600,"54_75_7862",38.2474382138318,-80.2730048191102
"12602",12601,"54_75_7862",38.2457202414541,-80.2977557608718
"12603",12602,"54_75_7862",38.249979300552,-80.2722604777424
"12604",12603,"54_75_7862",38.2383706330272,-80.2754110814965
"12605",12604,"54_75_7862",38.2367419698409,-80.2741353879931
"12606",12605,"54_75_7862",38.257897175695,-80.287656059912
"12607",12606,"54_75_7862",38.2463266522477,-80.2764398071823
"12608",12607,"54_75_7862",38.2354668117541,-80.2777155709015
"12609",12608,"54_75_7862",38.2457970732422,-80.2859640324051
"12610",12609,"54_75_7862",38.2567212995188,-80.2838066122049
"12611",12610,"54_83_5430",38.9680121171459,-79.7200044777876
"12612",12611,"54_83_5430",38.9770942661654,-79.6969219439398
"12613",12612,"54_83_5430",38.9720605173032,-79.7282326209282
"12614",12613,"54_83_5430",38.9775162856041,-79.7219509092176
"12615",12614,"54_83_5430",38.9728823707863,-79.7120976755462
"12616",12615,"54_83_5430",38.9865606216333,-79.7026789452648
"12617",12616,"54_83_5430",38.9829565763444,-79.7171844055925
"12618",12617,"54_83_5430",38.9740914857211,-79.7145344582935
"12619",12618,"54_83_5430",38.9714006958645,-79.7168548978856
"12620",12619,"54_83_5430",38.9728804959501,-79.7097816972528
"12621",12620,"54_83_5480",38.805803683129,-79.6288769807739
"12622",12621,"54_83_5480",38.7944119141134,-79.6434549678915
"12623",12622,"54_83_5480",38.809393443891,-79.6390259105661
"12624",12623,"54_83_5480",38.7984241198318,-79.6440571309901
"12625",12624,"54_83_5480",38.7929364397439,-79.6368251696842
"12626",12625,"54_83_5480",38.7931048243519,-79.6304869707543
"12627",12626,"54_83_5480",38.8024368431404,-79.6426250921992
"12628",12627,"54_83_5480",38.7874644153335,-79.6517671570566
"12629",12628,"54_83_5480",38.7983529488717,-79.6449719502134
"12630",12629,"54_83_5480",38.7918881711189,-79.6441967054441
"12631",12630,"54_83_5483",38.7798499346143,-79.6836425868995
"12632",12631,"54_83_5483",38.7614710547194,-79.6857981145727
"12633",12632,"54_83_5483",38.772227594548,-79.6826664779916
"12634",12633,"54_83_5483",38.7635087240283,-79.6769907515158
"12635",12634,"54_83_5483",38.7674415703018,-79.6799851930344
"12636",12635,"54_83_5483",38.7677209422375,-79.6819354676978
"12637",12636,"54_83_5483",38.7660954328808,-79.6709952827528
"12638",12637,"54_83_5483",38.7654911208326,-79.6807811703667
"12639",12638,"54_83_5483",38.7795543959229,-79.6907827860947
"12640",12639,"54_83_5483",38.7839178001177,-79.6808831193636
"12641",12640,"54_83_5523",38.5390619754343,-79.8917651316922
"12642",12641,"54_83_5523",38.5356918878458,-79.9175505501017
"12643",12642,"54_83_5523",38.5390556107135,-79.9035325604748
"12644",12643,"54_83_5523",38.5447927784471,-79.9188102763244
"12645",12644,"54_83_5523",38.5406224096821,-79.8950804419665
"12646",12645,"54_83_5523",38.5308638423087,-79.9073940451283
"12647",12646,"54_83_5523",38.5393479231819,-79.900871147291
"12648",12647,"54_83_5523",38.5395937176301,-79.9155465556704
"12649",12648,"54_83_5523",38.528605738923,-79.9064357392053
"12650",12649,"54_83_5523",38.544150452589,-79.9088416037872
"12651",12650,"54_83_5524",38.5269730908235,-79.952711810439
"12652",12651,"54_83_5524",38.5163761816441,-79.9525665811341
"12653",12652,"54_83_5524",38.5258474207062,-79.9587251990134
"12654",12653,"54_83_5524",38.5299127204653,-79.9681386352268
"12655",12654,"54_83_5524",38.5250719046731,-79.9484199429683
"12656",12655,"54_83_5524",38.5249249968842,-79.9504287878501
"12657",12656,"54_83_5524",38.5353839358982,-79.9613496828269
"12658",12657,"54_83_5524",38.5210318125081,-79.9620896400702
"12659",12658,"54_83_5524",38.5288034334963,-79.9522500270955
"12660",12659,"54_83_5524",38.5230545239461,-79.9522835337362
"12661",12660,"54_83_5532",38.462763178539,-80.1455735133528
"12662",12661,"54_83_5532",38.4635749675213,-80.1478342819734
"12663",12662,"54_83_5532",38.4765815981434,-80.1427890545042
"12664",12663,"54_83_5532",38.4625022200594,-80.1520632375401
"12665",12664,"54_83_5532",38.4663340023122,-80.1352461263611
"12666",12665,"54_83_5532",38.472260144721,-80.1443980152294
"12667",12666,"54_83_5532",38.4627157305643,-80.1451293120166
"12668",12667,"54_83_5532",38.4691421235904,-80.1525288454675
"12669",12668,"54_83_5532",38.4706375097997,-80.1495998374032
"12670",12669,"54_83_5532",38.4698932102646,-80.1465723906239
"12671",12670,"54_83_8055",38.9593563199991,-79.4454095901703
"12672",12671,"54_83_8055",38.9519427616804,-79.4394451958005
"12673",12672,"54_83_8055",38.9524861132481,-79.4335805822145
"12674",12673,"54_83_8055",38.9507828072632,-79.4218407318558
"12675",12674,"54_83_8055",38.9526385018215,-79.4172956659747
"12676",12675,"54_83_8055",38.962360061203,-79.4479997636551
"12677",12676,"54_83_8055",38.9517093233566,-79.4464332289485
"12678",12677,"54_83_8055",38.9571771303352,-79.4302187447173
"12679",12678,"54_83_8055",38.9572444907627,-79.4256507802
"12680",12679,"54_83_8055",38.9575615347802,-79.4483681975241
"12681",12680,"54_83_8056",38.9482380795942,-79.6961881182865
"12682",12681,"54_83_8056",38.9505702812998,-79.6771682149925
"12683",12682,"54_83_8056",38.943163445455,-79.7041118525959
"12684",12683,"54_83_8056",38.9587580846735,-79.6959418115975
"12685",12684,"54_83_8056",38.9404774325786,-79.6866630550985
"12686",12685,"54_83_8056",38.946415827731,-79.6788735133566
"12687",12686,"54_83_8056",38.9582371185127,-79.6887436584873
"12688",12687,"54_83_8056",38.9516196966541,-79.6807174011927
"12689",12688,"54_83_8056",38.9386363958401,-79.6835458559207
"12690",12689,"54_83_8056",38.9597326801718,-79.6800903417013
"12691",12690,"54_83_8064",38.8789702869447,-79.6230071754637
"12692",12691,"54_83_8064",38.8953733443668,-79.6420223045086
"12693",12692,"54_83_8064",38.8836046369258,-79.6387034761637
"12694",12693,"54_83_8064",38.888286314092,-79.6298770961367
"12695",12694,"54_83_8064",38.8902360710026,-79.6380036043354
"12696",12695,"54_83_8064",38.8838676109764,-79.6289364147496
"12697",12696,"54_83_8064",38.8897901832134,-79.6304523523678
"12698",12697,"54_83_8064",38.8888150322597,-79.6365963231006
"12699",12698,"54_83_8064",38.877347353058,-79.6274117539281
"12700",12699,"54_83_8064",38.9000280013208,-79.6322867751112
"12701",12700,"54_83_8066",38.8559115347048,-79.6738200937014
"12702",12701,"54_83_8066",38.8591264725988,-79.6676177181956
"12703",12702,"54_83_8066",38.8642041400349,-79.6609028216678
"12704",12703,"54_83_8066",38.857985705953,-79.6746508435905
"12705",12704,"54_83_8066",38.8641721500018,-79.6877071774914
"12706",12705,"54_83_8066",38.8620528702964,-79.6826173306268
"12707",12706,"54_83_8066",38.8508179111284,-79.6686925226814
"12708",12707,"54_83_8066",38.8575382230306,-79.6697746821481
"12709",12708,"54_83_8066",38.8469867135676,-79.6784425242384
"12710",12709,"54_83_8066",38.8555975535353,-79.685323529624
"12711",12710,"54_83_8094",38.7863276613734,-79.5295762075678
"12712",12711,"54_83_8094",38.7846437446576,-79.5298321151714
"12713",12712,"54_83_8094",38.7895867161233,-79.5457401551474
"12714",12713,"54_83_8094",38.7858298988138,-79.5250109955348
"12715",12714,"54_83_8094",38.7800132931936,-79.5342294097795
"12716",12715,"54_83_8094",38.7678218218521,-79.5313649257733
"12717",12716,"54_83_8094",38.7736117806969,-79.5341721195489
"12718",12717,"54_83_8094",38.787683616295,-79.5254193504447
"12719",12718,"54_83_8094",38.7670335755521,-79.5413311092981
"12720",12719,"54_83_8094",38.7743464848995,-79.5503139504595
"12721",12720,"54_83_8145",38.5509769685403,-79.8797886277775
"12722",12721,"54_83_8145",38.53779185892,-79.8934807415071
"12723",12722,"54_83_8145",38.5389589490459,-79.8830876456921
"12724",12723,"54_83_8145",38.5478537407682,-79.8813142264743
"12725",12724,"54_83_8145",38.5456395432941,-79.881368778859
"12726",12725,"54_83_8145",38.5425825683072,-79.8763302540639
"12727",12726,"54_83_8145",38.5383483550512,-79.8905119159491
"12728",12727,"54_83_8145",38.537062018314,-79.8705162833009
"12729",12728,"54_83_8145",38.5461362210171,-79.878879610524
"12730",12729,"54_83_8145",38.5337590437256,-79.8765740375335
"12731",12730,"54_75_7810",38.4557047172196,-79.7396708134953
"12732",12731,"54_75_7810",38.4581418525081,-79.7573933767925
"12733",12732,"54_75_7810",38.4566576536393,-79.760997651969
"12734",12733,"54_75_7810",38.4590391860458,-79.7499974903095
"12735",12734,"54_75_7810",38.4565143365677,-79.753449059794
"12736",12735,"54_75_7810",38.4533940229373,-79.7528870579765
"12737",12736,"54_75_7810",38.4615736806586,-79.7538184223769
"12738",12737,"54_75_7810",38.449814810768,-79.7437776675099
"12739",12738,"54_75_7810",38.4519634818115,-79.7596882960963
"12740",12739,"54_75_7810",38.4633602804501,-79.765573141245
"12741",12740,"54_75_7824",38.4315305489466,-79.8716968741829
"12742",12741,"54_75_7824",38.4267184780366,-79.8645169126399
"12743",12742,"54_75_7824",38.4224237743413,-79.8635405659868
"12744",12743,"54_75_7824",38.4182127710556,-79.8583957674202
"12745",12744,"54_75_7824",38.4107453915962,-79.8485003624151
"12746",12745,"54_75_7824",38.4186336596536,-79.844758845749
"12747",12746,"54_75_7824",38.4265373278169,-79.8743227768897
"12748",12747,"54_75_7824",38.4164014446048,-79.8508801068193
"12749",12748,"54_75_7824",38.4196300628258,-79.8606473748594
"12750",12749,"54_75_7824",38.4250112914113,-79.8590416485049
"12751",12750,"54_75_7847",38.2616419134951,-80.0363760178065
"12752",12751,"54_75_7847",38.2575829298258,-80.0178066819673
"12753",12752,"54_75_7847",38.2604620534694,-80.0311461357842
"12754",12753,"54_75_7847",38.2573794528669,-80.0272652221641
"12755",12754,"54_75_7847",38.2579690371652,-80.0274989014592
"12756",12755,"54_75_7847",38.2626732390201,-80.0151753403493
"12757",12756,"54_75_7847",38.2614213068253,-80.0241714021204
"12758",12757,"54_75_7847",38.2626169465698,-80.0225290023821
"12759",12758,"54_75_7847",38.2588797012984,-80.0215585802863
"12760",12759,"54_75_7847",38.2459171335469,-80.0308427019479
"12761",12760,"54_75_7859",38.2707198925825,-80.2906378332798
"12762",12761,"54_75_7859",38.2723094064326,-80.302228177745
"12763",12762,"54_75_7859",38.2701443988724,-80.2962908170873
"12764",12763,"54_75_7859",38.2690909871181,-80.2983295536605
"12765",12764,"54_75_7859",38.2668572240637,-80.2995051469624
"12766",12765,"54_75_7859",38.2614963464407,-80.2829724631689
"12767",12766,"54_75_7859",38.2577310996092,-80.2931346678097
"12768",12767,"54_75_7859",38.264773024911,-80.3009375101758
"12769",12768,"54_75_7859",38.2761428439567,-80.2846315535217
"12770",12769,"54_75_7859",38.2742428797186,-80.29585457218
"12771",12770,"54_101_5879",38.3490196102577,-80.3415049159511
"12772",12771,"54_101_5879",38.3584046171942,-80.3421273424145
"12773",12772,"54_101_5879",38.3637162058047,-80.3294296353617
"12774",12773,"54_101_5879",38.3592770467881,-80.3444401509357
"12775",12774,"54_101_5879",38.3438586978084,-80.3432302079605
"12776",12775,"54_101_5879",38.3620656146086,-80.3457086903998
"12777",12776,"54_101_5879",38.3580444024617,-80.3442758252486
"12778",12777,"54_101_5879",38.3633819911848,-80.3444552446454
"12779",12778,"54_101_5879",38.3467155963129,-80.351784230427
"12780",12779,"54_101_5879",38.3552485420671,-80.3436572773554
"12781",12780,"54_101_8498",38.2799960377092,-80.4166296774659
"12782",12781,"54_101_8498",38.2734733234092,-80.4278824845665
"12783",12782,"54_101_8498",38.2761926309484,-80.4298600064816
"12784",12783,"54_101_8498",38.2733861184811,-80.4235985960513
"12785",12784,"54_101_8498",38.2777113400843,-80.4281221416077
"12786",12785,"54_101_8498",38.2895015415419,-80.422278056255
"12787",12786,"54_101_8498",38.2770064442347,-80.429406556473
"12788",12787,"54_101_8498",38.266348211926,-80.4297549043497
"12789",12788,"54_101_8498",38.286331385088,-80.4297058342919
"12790",12789,"54_101_8498",38.2808973214047,-80.4287866462861
"12791",12790,"54_101_8508",38.3704462135391,-80.5579294465795
"12792",12791,"54_101_8508",38.3620900178948,-80.5495085617742
"12793",12792,"54_101_8508",38.3733021449859,-80.5725285035998
"12794",12793,"54_101_8508",38.3625772400803,-80.5572773152689
"12795",12794,"54_101_8508",38.3612025697799,-80.555163777835
"12796",12795,"54_101_8508",38.3685077741688,-80.5584712878869
"12797",12796,"54_101_8508",38.3640644425251,-80.5425085495708
"12798",12797,"54_101_8508",38.3654884714433,-80.5630735654273
"12799",12798,"54_101_8508",38.3587780469179,-80.5438633216851
"12800",12799,"54_101_8508",38.3554506353743,-80.5735555413677
"12801",12800,"54_25_4063",38.2110155120612,-80.3961308746792
"12802",12801,"54_25_4063",38.2141985249505,-80.3936700213303
"12803",12802,"54_25_4063",38.2138570616787,-80.4181938113581
"12804",12803,"54_25_4063",38.2093666143728,-80.4202011134406
"12805",12804,"54_25_4063",38.2029411465274,-80.4050963186632
"12806",12805,"54_25_4063",38.2105535766045,-80.414589092911
"12807",12806,"54_25_4063",38.2087650275813,-80.4190997746681
"12808",12807,"54_25_4063",38.207601011447,-80.4167723504497
"12809",12808,"54_25_4063",38.2009537678959,-80.4091392969807
"12810",12809,"54_25_4063",38.2064325840315,-80.4085201243356
"12811",12810,"54_25_4082",38.0192021411384,-80.1720741447689
"12812",12811,"54_25_4082",38.0079515756224,-80.169610672967
"12813",12812,"54_25_4082",38.0052236305711,-80.169589996738
"12814",12813,"54_25_4082",38.0196129908503,-80.1681768938439
"12815",12814,"54_25_4082",38.0220935920134,-80.1547803354372
"12816",12815,"54_25_4082",38.0196778893207,-80.1772782979882
"12817",12816,"54_25_4082",38.0168397463577,-80.1662153451878
"12818",12817,"54_25_4082",38.0205340243436,-80.1710918470148
"12819",12818,"54_25_4082",38.0178795531353,-80.1674738134519
"12820",12819,"54_25_4082",38.0241657348809,-80.1595054170555
"12821",12820,"54_93_8313",39.1080970162121,-79.5515739467876
"12822",12821,"54_93_8313",39.096389265396,-79.574124960429
"12823",12822,"54_93_8313",39.0993047874175,-79.5586288948273
"12824",12823,"54_93_8313",39.0976043991105,-79.5744581704404
"12825",12824,"54_93_8313",39.1154406620565,-79.5538709714249
"12826",12825,"54_93_8313",39.1047592729322,-79.5566796877281
"12827",12826,"54_93_8313",39.1022000330247,-79.5644073589933
"12828",12827,"54_93_8313",39.0951150455032,-79.5595686572338
"12829",12828,"54_93_8313",39.0971379885558,-79.5616140443599
"12830",12829,"54_93_8313",39.1075735592147,-79.5571552376338
"12831",12830,"54_71_7727",38.8272539184247,-79.3414958991565
"12832",12831,"54_71_7727",38.8084259372896,-79.3314069794967
"12833",12832,"54_71_7727",38.8140411230426,-79.3406396618414
"12834",12833,"54_71_7727",38.8109406867345,-79.3341964596726
"12835",12834,"54_71_7727",38.8054583007618,-79.3475804512475
"12836",12835,"54_71_7727",38.8079852692606,-79.3449918327287
"12837",12836,"54_71_7727",38.8143798007043,-79.3406108381827
"12838",12837,"54_71_7727",38.8131618136589,-79.34425912408
"12839",12838,"54_71_7727",38.8060014259917,-79.3614045384495
"12840",12839,"54_71_7727",38.8142029869663,-79.3457805798347
"12841",12840,"54_31_6903",38.9488749390121,-78.792772910303
"12842",12841,"54_31_6903",38.9553605107556,-78.7855277190221
"12843",12842,"54_31_6903",38.9458472588181,-78.7920087656971
"12844",12843,"54_31_6903",38.9463962160692,-78.7950251425014
"12845",12844,"54_31_6903",38.9417451271614,-78.7970176500519
"12846",12845,"54_31_6903",38.9514083143155,-78.8072593390655
"12847",12846,"54_31_6903",38.9479300070302,-78.8008142373519
"12848",12847,"54_31_6903",38.9580299089687,-78.7978364126029
"12849",12848,"54_31_6903",38.9484400336497,-78.7943288631147
"12850",12849,"54_31_6903",38.9428675198118,-78.7992918464028
"12851",12850,"54_31_4261",39.0162481555876,-78.696419008113
"12852",12851,"54_31_4261",39.0245552422316,-78.6970015335605
"12853",12852,"54_31_4261",39.0159927540072,-78.7079635458673
"12854",12853,"54_31_4261",39.0228612934432,-78.712384387745
"12855",12854,"54_31_4261",39.0220054778245,-78.6952660283569
"12856",12855,"54_31_4261",39.0089311705939,-78.6851713751685
"12857",12856,"54_31_4261",39.0237868745653,-78.6841437727274
"12858",12857,"54_31_4261",39.0172585663421,-78.6984731807032
"12859",12858,"54_31_4261",39.0189658217934,-78.6914761745863
"12860",12859,"54_31_4261",39.0159254910738,-78.6921017884993
"12861",12860,"54_31_6880",39.0176735618191,-78.6173110493112
"12862",12861,"54_31_6880",39.0270200131948,-78.6289994107457
"12863",12862,"54_31_6880",39.0115287749337,-78.6211423740536
"12864",12863,"54_31_6880",39.0237872377548,-78.6015713312766
"12865",12864,"54_31_6880",39.0281838599637,-78.6130677254285
"12866",12865,"54_31_6880",39.0243425022111,-78.6082903438128
"12867",12866,"54_31_6880",39.0077388016537,-78.6102051094661
"12868",12867,"54_31_6880",39.0101004029946,-78.6081949219192
"12869",12868,"54_31_6880",39.0170944480996,-78.6276686191825
"12870",12869,"54_31_6880",39.0271052528205,-78.6143159403508
"12871",12870,"54_71_7721",38.7188892945928,-79.096009963094
"12872",12871,"54_71_7721",38.7338215928751,-79.1014020009551
"12873",12872,"54_71_7721",38.7216005801064,-79.0784862907217
"12874",12873,"54_71_7721",38.7114763764241,-79.1015579562091
"12875",12874,"54_71_7721",38.7241170616155,-79.0856484066266
"12876",12875,"54_71_7721",38.7151096575383,-79.088167641438
"12877",12876,"54_71_7721",38.7191643821939,-79.0878361321347
"12878",12877,"54_71_7721",38.7089522183572,-79.0911169847985
"12879",12878,"54_71_7721",38.7206592179799,-79.0935642657619
"12880",12879,"54_71_7721",38.7201907358644,-79.0844947637791
"12881",12880,"54_71_7757",38.5977561458762,-79.1885610729381
"12882",12881,"54_71_7757",38.5843135228205,-79.1856047403516
"12883",12882,"54_71_7757",38.5927554469294,-79.1860195793031
"12884",12883,"54_71_7757",38.5851148646007,-79.2005724574552
"12885",12884,"54_71_7757",38.5778779764012,-79.1728905786547
"12886",12885,"54_71_7757",38.5893249365607,-79.1894812961905
"12887",12886,"54_71_7757",38.59856788122,-79.1794849744031
"12888",12887,"54_71_7757",38.585673136038,-79.1855706839142
"12889",12888,"54_71_7757",38.5744859783058,-79.1847300872333
"12890",12889,"54_71_7757",38.5876672590491,-79.1804406663227
"12891",12890,"51_165_117",38.3364638111195,-78.6446548425389
"12892",12891,"51_165_117",38.3367036712111,-78.6442688758761
"12893",12892,"51_165_117",38.3306207639992,-78.6601113212991
"12894",12893,"51_165_117",38.3431573541418,-78.631855713854
"12895",12894,"51_165_117",38.3342901699813,-78.635179842076
"12896",12895,"51_165_117",38.3366956370598,-78.6451200261172
"12897",12896,"51_165_117",38.3404280866666,-78.6450441200823
"12898",12897,"51_165_117",38.3344925854804,-78.6420687819623
"12899",12898,"51_165_117",38.3385045072915,-78.6527804595734
"12900",12899,"51_165_117",38.3375959527105,-78.6472652817678
"12901",12900,"51_157_2",38.6854096645565,-78.3198324789358
"12902",12901,"51_157_2",38.686626365267,-78.3204306822261
"12903",12902,"51_157_2",38.6748820545959,-78.326900945559
"12904",12903,"51_157_2",38.673627363,-78.3216289368712
"12905",12904,"51_157_2",38.6873587308991,-78.315204933519
"12906",12905,"51_157_2",38.6750852770644,-78.3222137485251
"12907",12906,"51_157_2",38.6777478504497,-78.327128210969
"12908",12907,"51_157_2",38.67406693682,-78.3090976789309
"12909",12908,"51_157_2",38.6808438290207,-78.3204554958061
"12910",12909,"51_157_2",38.6777380173546,-78.3153093013586
"12911",12910,"51_139_46",38.5891607470344,-78.3790924536781
"12912",12911,"51_139_46",38.592885012883,-78.3791606675467
"12913",12912,"51_139_46",38.5903796305826,-78.3673218440619
"12914",12913,"51_139_46",38.5997758528103,-78.3674098034024
"12915",12914,"51_139_46",38.5972303231066,-78.3789888030919
"12916",12915,"51_139_46",38.5947039631488,-78.3769222650534
"12917",12916,"51_139_46",38.5903312676346,-78.3834153608389
"12918",12917,"51_139_46",38.60029605342,-78.3756455415182
"12919",12918,"51_139_46",38.6100578691092,-78.3833334781293
"12920",12919,"51_139_46",38.6002192504184,-78.375220102591
"12921",12920,"51_113_30",38.5328439739679,-78.4112781734572
"12922",12921,"51_113_30",38.5211497263316,-78.4230860508844
"12923",12922,"51_113_30",38.5209907979341,-78.4159695542277
"12924",12923,"51_113_30",38.5418031107844,-78.4024185717626
"12925",12924,"51_113_30",38.5269135722274,-78.4247579654585
"12926",12925,"51_113_30",38.535971266112,-78.4059159332639
"12927",12926,"51_113_30",38.5314422456994,-78.4120535974473
"12928",12927,"51_113_30",38.5365168872797,-78.4064409466746
"12929",12928,"51_113_30",38.5372018469268,-78.4109830363725
"12930",12929,"51_113_30",38.5297636708706,-78.4197892446428
"12931",12930,"51_79_12",38.4297095402081,-78.4754795603269
"12932",12931,"51_79_12",38.4416404614131,-78.4725748387691
"12933",12932,"51_79_12",38.4513420568465,-78.4707602903602
"12934",12933,"51_79_12",38.4374541161104,-78.4798737288773
"12935",12934,"51_79_12",38.443865568759,-78.4748451807744
"12936",12935,"51_79_12",38.4463507447372,-78.4655794348662
"12937",12936,"51_79_12",38.4352877280711,-78.4611166989147
"12938",12937,"51_79_12",38.4396815211132,-78.481353167759
"12939",12938,"51_79_12",38.4443626025699,-78.4911018137959
"12940",12939,"51_79_12",38.4489261006783,-78.4858804689905
"12941",12940,"51_79_1",38.3718656694876,-78.5225953384744
"12942",12941,"51_79_1",38.3768815401901,-78.5120266560994
"12943",12942,"51_79_1",38.374060935565,-78.5137580466118
"12944",12943,"51_79_1",38.3744537754899,-78.5122033966358
"12945",12944,"51_79_1",38.383371552981,-78.5020922240771
"12946",12945,"51_79_1",38.375344029807,-78.504250950815
"12947",12946,"51_79_1",38.3703785232039,-78.5148751973936
"12948",12947,"51_79_1",38.3685490835937,-78.5241787341004
"12949",12948,"51_79_1",38.3687645312167,-78.5067676913279
"12950",12949,"51_79_1",38.3743879403893,-78.51117766966
"12951",12950,"51_71_52",37.4559550964046,-80.5860906470965
"12952",12951,"51_71_52",37.4551945667616,-80.586127150416
"12953",12952,"51_71_52",37.4595926923041,-80.5857153078162
"12954",12953,"51_71_52",37.463137436311,-80.5815440161726
"12955",12954,"51_71_52",37.443429461412,-80.5902848075787
"12956",12955,"51_71_52",37.446731474126,-80.5719909763781
"12957",12956,"51_71_52",37.4468527609693,-80.5794138329653
"12958",12957,"51_71_52",37.459506183241,-80.5982482587316
"12959",12958,"51_71_52",37.4472012258297,-80.5779459793886
"12960",12959,"51_71_52",37.4585402509844,-80.5905343016761
"12961",12960,"51_71_17",37.3754285658562,-80.6409094273057
"12962",12961,"51_71_17",37.3911413700405,-80.6470292219754
"12963",12962,"51_71_17",37.3816079804974,-80.6347450797041
"12964",12963,"51_71_17",37.3728523838547,-80.62514580973
"12965",12964,"51_71_17",37.3796081316438,-80.6389494111024
"12966",12965,"51_71_17",37.3793220398447,-80.6351388275703
"12967",12966,"51_71_17",37.3825092908767,-80.6383175414675
"12968",12967,"51_71_17",37.3807874383793,-80.6388732184187
"12969",12968,"51_71_17",37.3891958692524,-80.6319395236672
"12970",12969,"51_71_17",37.3751167184437,-80.6209899151884
"12971",12970,"51_157_21",38.7433946990204,-78.2670561502296
"12972",12971,"51_157_21",38.7619656665931,-78.2755818578444
"12973",12972,"51_157_21",38.7416334968788,-78.2559878154303
"12974",12973,"51_157_21",38.7622908714968,-78.2595566333054
"12975",12974,"51_157_21",38.7515215816628,-78.2693008035079
"12976",12975,"51_157_21",38.7543136189344,-78.2810504658341
"12977",12976,"51_157_21",38.7496112044312,-78.2692732956415
"12978",12977,"51_157_21",38.7498130503388,-78.2529933433245
"12979",12978,"51_157_21",38.7547868012719,-78.2768290318678
"12980",12979,"51_157_21",38.7487109892813,-78.2721080761397
"12981",12980,"51_155_69",37.0516075900215,-80.8345002342968
"12982",12981,"51_155_69",37.0620019439739,-80.8221375947405
"12983",12982,"51_155_69",37.0511061293906,-80.8390203454898
"12984",12983,"51_155_69",37.0623555918081,-80.8242025511346
"12985",12984,"51_155_69",37.0558418121013,-80.8312537413371
"12986",12985,"51_155_69",37.0611057495071,-80.8266116478661
"12987",12986,"51_155_69",37.0652206163063,-80.8157509428711
"12988",12987,"51_155_69",37.0601511349225,-80.8246906635117
"12989",12988,"51_155_69",37.047351648098,-80.8316972366811
"12990",12989,"51_155_69",37.056087268848,-80.8239236253944
"12991",12990,"51_197_80",36.9919313591338,-80.8639848123584
"12992",12991,"51_197_80",36.9918947154631,-80.8525106013347
"12993",12992,"51_197_80",36.9987992965445,-80.8625861437528
"12994",12993,"51_197_80",36.9822001467522,-80.8543014208353
"12995",12994,"51_197_80",36.9922615005438,-80.8664786036285
"12996",12995,"51_197_80",36.9962811398248,-80.8693975203697
"12997",12996,"51_197_80",36.9895676227358,-80.864844225465
"12998",12997,"51_197_80",36.9892061518359,-80.8660354732623
"12999",12998,"51_197_80",36.9796376451968,-80.8636051867757
"13000",12999,"51_197_80",36.9872701507109,-80.8628061630758
"13001",13000,"51_45_73",37.4225818966388,-80.1875199057524
"13002",13001,"51_45_73",37.4225682050806,-80.1772309985548
"13003",13002,"51_45_73",37.424289201227,-80.175135948209
"13004",13003,"51_45_73",37.4331974600949,-80.1754765558807
"13005",13004,"51_45_73",37.418937347427,-80.1774108734147
"13006",13005,"51_45_73",37.4389454536147,-80.1758780618634
"13007",13006,"51_45_73",37.4344506778863,-80.1739393867334
"13008",13007,"51_45_73",37.4403918371691,-80.1876899573023
"13009",13008,"51_45_73",37.4361435736087,-80.1582960401193
"13010",13009,"51_45_73",37.4444091913989,-80.1839837304629
"13011",13010,"51_21_67",37.1448618584638,-81.0917902527696
"13012",13011,"51_21_67",37.1302867571024,-81.1091738987944
"13013",13012,"51_21_67",37.1319857963788,-81.1047319173616
"13014",13013,"51_21_67",37.1398394287866,-81.1151171016314
"13015",13014,"51_21_67",37.1289676727076,-81.09836427126
"13016",13015,"51_21_67",37.1383592494093,-81.1169578470173
"13017",13016,"51_21_67",37.1315180472162,-81.1090017887573
"13018",13017,"51_21_67",37.1379605006893,-81.106243570085
"13019",13018,"51_21_67",37.1375715076442,-81.1122772958497
"13020",13019,"51_21_67",37.1438141191252,-81.1140004932133
"13021",13020,"51_197_91",37.0095700524439,-81.1671445181
"13022",13021,"51_197_91",37.0031683407134,-81.1846401224135
"13023",13022,"51_197_91",37.0081772815082,-81.1718771520749
"13024",13023,"51_197_91",37.0068067907997,-81.1835533307446
"13025",13024,"51_197_91",37.0069075669123,-81.1766928178928
"13026",13025,"51_197_91",37.0004695869812,-81.1632354624596
"13027",13026,"51_197_91",37.0049335433096,-81.1705145525601
"13028",13027,"51_197_91",37.002171089436,-81.1827525050173
"13029",13028,"51_197_91",37.0146704556302,-81.1717416717037
"13030",13029,"51_197_91",36.9966063688514,-81.1664863842775
"13031",13030,"51_197_97",36.7645739373922,-81.1238383412778
"13032",13031,"51_197_97",36.759497538236,-81.1356297986661
"13033",13032,"51_197_97",36.7754607896201,-81.1338557409421
"13034",13033,"51_197_97",36.7667686036971,-81.1227275130838
"13035",13034,"51_197_97",36.7736275182561,-81.1406544048402
"13036",13035,"51_197_97",36.7683075473571,-81.141002806502
"13037",13036,"51_197_97",36.7693125344788,-81.1316725633563
"13038",13037,"51_197_97",36.7699114837192,-81.1352875651241
"13039",13038,"51_197_97",36.7691198989515,-81.1371888803423
"13040",13039,"51_197_97",36.7794423318613,-81.1410387446731
"13041",13040,"51_173_81",36.7595102407224,-81.3054912068098
"13042",13041,"51_173_81",36.751135467484,-81.3068735149526
"13043",13042,"51_173_81",36.753217471993,-81.2946594755335
"13044",13043,"51_173_81",36.7578503314929,-81.2961709720843
"13045",13044,"51_173_81",36.7643385764013,-81.3036004118587
"13046",13045,"51_173_81",36.7639420126696,-81.3041119774705
"13047",13046,"51_173_81",36.7588300956852,-81.2978637061546
"13048",13047,"51_173_81",36.7571925254339,-81.2883578433568
"13049",13048,"51_173_81",36.7565990209521,-81.3153690364546
"13050",13049,"51_173_81",36.760609004742,-81.3000312719526
"13051",13050,"51_173_84",36.9342865539456,-81.3865457292169
"13052",13051,"51_173_84",36.9181297205297,-81.390068853129
"13053",13052,"51_173_84",36.9273295899721,-81.3809599624163
"13054",13053,"51_173_84",36.9295075484806,-81.3908600369542
"13055",13054,"51_173_84",36.9357859974419,-81.3849735073551
"13056",13055,"51_173_84",36.9297773951942,-81.3836840503111
"13057",13056,"51_173_84",36.9257786547914,-81.3864459731637
"13058",13057,"51_173_84",36.9253486687483,-81.3788944456796
"13059",13058,"51_173_84",36.914896098456,-81.382282571779
"13060",13059,"51_173_84",36.9109923959847,-81.3847980208881
"13061",13060,"51_169_93",36.8815042429625,-82.5127290592506
"13062",13061,"51_169_93",36.8640925667791,-82.4916076307978
"13063",13062,"51_169_93",36.8636493778092,-82.5061490118752
"13064",13063,"51_169_93",36.8697694055634,-82.5068491403598
"13065",13064,"51_169_93",36.8707190632936,-82.4877120732015
"13066",13065,"51_169_93",36.8722329851034,-82.5130726159891
"13067",13066,"51_169_93",36.8697940514573,-82.5065803223505
"13068",13067,"51_169_93",36.8678573394326,-82.4891929173133
"13069",13068,"51_169_93",36.8706233547835,-82.5039489145543
"13070",13069,"51_169_93",36.8671294371587,-82.5044282856925
"13071",13070,"51_169_100",36.7910124658469,-82.6971623738068
"13072",13071,"51_169_100",36.799152950952,-82.7010929049201
"13073",13072,"51_169_100",36.7947110178427,-82.6971673583297
"13074",13073,"51_169_100",36.7924064524728,-82.6973839656288
"13075",13074,"51_169_100",36.7781963869023,-82.6985518044458
"13076",13075,"51_169_100",36.791465294995,-82.6977579593346
"13077",13076,"51_169_100",36.8049928965687,-82.6957181125653
"13078",13077,"51_169_100",36.7946359272839,-82.6918348344572
"13079",13078,"51_169_100",36.7882434805546,-82.7140733022487
"13080",13079,"51_169_100",36.7937815530394,-82.6948853408487
"13081",13080,"51_195_85",36.857981519189,-82.821848518705
"13082",13081,"51_195_85",36.8620862634263,-82.8313412185297
"13083",13082,"51_195_85",36.848294440459,-82.8263775454544
"13084",13083,"51_195_85",36.8656887633469,-82.8271611832416
"13085",13084,"51_195_85",36.861130921626,-82.8250345507501
"13086",13085,"51_195_85",36.8634179927593,-82.8208310562864
"13087",13086,"51_195_85",36.8619436720602,-82.8186887577646
"13088",13087,"51_195_85",36.8641699760425,-82.8154901506711
"13089",13088,"51_195_85",36.8607893395099,-82.8311633980491
"13090",13089,"51_195_85",36.8621792387281,-82.8252256349273
"13091",13090,"51_139_60",38.5183586573997,-78.6612349330856
"13092",13091,"51_139_60",38.5211162367184,-78.6536933177469
"13093",13092,"51_139_60",38.5192991222101,-78.6517433413257
"13094",13093,"51_139_60",38.5292815533979,-78.6559020374853
"13095",13094,"51_139_60",38.5253714475323,-78.6483964717486
"13096",13095,"51_139_60",38.5217709805557,-78.671120186632
"13097",13096,"51_139_60",38.5301464456729,-78.6437430092878
"13098",13097,"51_139_60",38.5253954763266,-78.6531619621093
"13099",13098,"51_139_60",38.5200740207018,-78.6534402783598
"13100",13099,"51_139_60",38.5190293653019,-78.6524914045586
"13101",13100,"51_171_88",38.8234888045261,-78.4969435022418
"13102",13101,"51_171_88",38.8245069376164,-78.4805807091352
"13103",13102,"51_171_88",38.8218969853737,-78.4856719635241
"13104",13103,"51_171_88",38.8242638977302,-78.4666460633991
"13105",13104,"51_171_88",38.8395094128135,-78.4711175665246
"13106",13105,"51_171_88",38.8319251187516,-78.4758618769347
"13107",13106,"51_171_88",38.8217034411522,-78.4757882493481
"13108",13107,"51_171_88",38.8290682075709,-78.473824733195
"13109",13108,"51_171_88",38.8420744656112,-78.4745805663184
"13110",13109,"51_171_88",38.8308878468307,-78.482156124508
"13111",13110,"51_139_57",38.6833870326087,-78.5607062411102
"13112",13111,"51_139_57",38.6879805131659,-78.5627625852731
"13113",13112,"51_139_57",38.6890777655018,-78.5506361263968
"13114",13113,"51_139_57",38.6836501307769,-78.5552371889094
"13115",13114,"51_139_57",38.687118788806,-78.5460067626852
"13116",13115,"51_139_57",38.6886001429965,-78.568289274421
"13117",13116,"51_139_57",38.6902162541448,-78.5517496745558
"13118",13117,"51_139_57",38.6832845355575,-78.5554418049242
"13119",13118,"51_139_57",38.687188450366,-78.5581369476543
"13120",13119,"51_139_57",38.6863386387452,-78.5537452282249
"13121",13120,"51_15_159",37.9840042333137,-78.902517786631
"13122",13121,"51_15_159",37.9837145273178,-78.9082973698092
"13123",13122,"51_15_159",37.9917169566936,-78.9137303359378
"13124",13123,"51_15_159",37.9921459897673,-78.8974983718661
"13125",13124,"51_15_159",37.9846657259113,-78.9143785289879
"13126",13125,"51_15_159",37.9940028424965,-78.9068826856867
"13127",13126,"51_15_159",37.9867782928853,-78.9212570033166
"13128",13127,"51_15_159",37.9948017387851,-78.9041411521798
"13129",13128,"51_15_159",38.0021970455631,-78.9108209042643
"13130",13129,"51_15_159",37.9972596194854,-78.9147795525431
"13131",13130,"51_125_85",37.8468067336725,-78.9987436068022
"13132",13131,"51_125_85",37.8371651472648,-79.0009256325379
"13133",13132,"51_125_85",37.8370205290679,-79.0068291382368
"13134",13133,"51_125_85",37.836163153003,-78.9904970270401
"13135",13134,"51_125_85",37.8381737113099,-79.0055721642876
"13136",13135,"51_125_85",37.8452287264371,-78.9884781165328
"13137",13136,"51_125_85",37.8345077246387,-79.0116204640422
"13138",13137,"51_125_85",37.8418940125695,-78.9962530039462
"13139",13138,"51_125_85",37.8452050312718,-78.9989919637685
"13140",13139,"51_125_85",37.8328208390829,-78.9956548070937
"13141",13140,"51_15_167",37.9303770458337,-79.1476296504672
"13142",13141,"51_15_167",37.9266964871266,-79.1360487228523
"13143",13142,"51_15_167",37.9213131490108,-79.139194613209
"13144",13143,"51_15_167",37.9324214365917,-79.1510498987577
"13145",13144,"51_15_167",37.9140170342028,-79.1400670278678
"13146",13145,"51_15_167",37.9366228628933,-79.1221055340531
"13147",13146,"51_15_167",37.9389027651624,-79.1318269209776
"13148",13147,"51_15_167",37.9358594940209,-79.1425845023478
"13149",13148,"51_15_167",37.9190408900093,-79.1289919523711
"13150",13149,"51_15_167",37.9271406764238,-79.1357378779618
"13151",13150,"51_171_101",38.8979382834727,-78.7103260297878
"13152",13151,"51_171_101",38.8980771401262,-78.7130037256193
"13153",13152,"51_171_101",38.8886507258742,-78.7148156192231
"13154",13153,"51_171_101",38.9022642341764,-78.710351033851
"13155",13154,"51_171_101",38.9064611945933,-78.7158485589451
"13156",13155,"51_171_101",38.9085399943746,-78.7261132782943
"13157",13156,"51_171_101",38.9036674045511,-78.7104261911429
"13158",13157,"51_171_101",38.9021761503297,-78.7154272342249
"13159",13158,"51_171_101",38.8897217375957,-78.7037394713502
"13160",13159,"51_171_101",38.9026740901088,-78.709979610032
"13161",13160,"51_171_105",38.7649857666726,-78.8280328560092
"13162",13161,"51_171_105",38.75476760875,-78.842030345808
"13163",13162,"51_171_105",38.7526400089196,-78.8385577976142
"13164",13163,"51_171_105",38.765079325467,-78.8371146958128
"13165",13164,"51_171_105",38.7680664964909,-78.8401935154781
"13166",13165,"51_171_105",38.7630607657794,-78.8252324502775
"13167",13166,"51_171_105",38.765281735936,-78.828491770345
"13168",13167,"51_171_105",38.7646872821953,-78.838982486417
"13169",13168,"51_171_105",38.7610000380104,-78.8449852994072
"13170",13169,"51_171_105",38.7603992238095,-78.8323793468329
"13171",13170,"51_165_179",38.5652384982151,-79.1278005776254
"13172",13171,"51_165_179",38.5569802025254,-79.1390151211819
"13173",13172,"51_165_179",38.5405947965449,-79.1386130169388
"13174",13173,"51_165_179",38.5684214441113,-79.13236939784
"13175",13174,"51_165_179",38.5621121542406,-79.1354252899406
"13176",13175,"51_165_179",38.5609304798439,-79.1364694909659
"13177",13176,"51_165_179",38.5634859074472,-79.131439286645
"13178",13177,"51_165_179",38.5568452125883,-79.134406801767
"13179",13178,"51_165_179",38.5668302808202,-79.1387803204999
"13180",13179,"51_165_179",38.549301006233,-79.1332550175577
"13181",13180,"51_15_174",38.3278122120772,-79.2398082048165
"13182",13181,"51_15_174",38.3050998368323,-79.2469414970844
"13183",13182,"51_15_174",38.3134573952519,-79.2318065088579
"13184",13183,"51_15_174",38.3204476533413,-79.2529827130459
"13185",13184,"51_15_174",38.3267102042264,-79.2537064626129
"13186",13185,"51_15_174",38.3195343670291,-79.2607765906788
"13187",13186,"51_15_174",38.3067051963672,-79.2400526091394
"13188",13187,"51_15_174",38.3188257870563,-79.2430613126202
"13189",13188,"51_15_174",38.3270108593061,-79.2344192023895
"13190",13189,"51_15_174",38.313070410991,-79.2487664010832
"13191",13190,"51_9_93",37.7727611140632,-79.191064856993
"13192",13191,"51_9_93",37.7817591498271,-79.1804481689027
"13193",13192,"51_9_93",37.7723725151922,-79.1835889054606
"13194",13193,"51_9_93",37.7785430431863,-79.1912798556401
"13195",13194,"51_9_93",37.7763591465111,-79.1906860034403
"13196",13195,"51_9_93",37.7819377015238,-79.1902517455001
"13197",13196,"51_9_93",37.7862933378624,-79.1901901798962
"13198",13197,"51_9_93",37.7744358978542,-79.1983493581848
"13199",13198,"51_9_93",37.7736305440617,-79.1911299388853
"13200",13199,"51_9_93",37.7731080381408,-79.1761794263609
"13201",13200,"51_163_127",37.5545457219862,-79.4709942542462
"13202",13201,"51_163_127",37.5453116353048,-79.4802561050625
"13203",13202,"51_163_127",37.5619487455436,-79.4799561060456
"13204",13203,"51_163_127",37.5544124725384,-79.4835055737852
"13205",13204,"51_163_127",37.5592647783079,-79.4799940767851
"13206",13205,"51_163_127",37.5624429721685,-79.4697398625924
"13207",13206,"51_163_127",37.5580923608552,-79.4748081646941
"13208",13207,"51_163_127",37.5597554407202,-79.4719607134515
"13209",13208,"51_163_127",37.5583166289022,-79.477342698821
"13210",13209,"51_163_127",37.5576281965312,-79.4807826148807
"13211",13210,"51_163_138",37.8747721028424,-79.635616367552
"13212",13211,"51_163_138",37.8645657767414,-79.645309423521
"13213",13212,"51_163_138",37.8711682052325,-79.6323584324034
"13214",13213,"51_163_138",37.8680436259148,-79.6162671748923
"13215",13214,"51_163_138",37.8801958701883,-79.6365093345322
"13216",13215,"51_163_138",37.8817901514559,-79.6412747809323
"13217",13216,"51_163_138",37.8717842970714,-79.6403379637578
"13218",13217,"51_163_138",37.8706907108347,-79.6308632791794
"13219",13218,"51_163_138",37.8757306384001,-79.6454448922229
"13220",13219,"51_163_138",37.8651116984437,-79.6259107103787
"13221",13220,"51_5_94",37.6601192717849,-80.0655102969719
"13222",13221,"51_5_94",37.664267169788,-80.0492081892983
"13223",13222,"51_5_94",37.6471683142593,-80.0451558189818
"13224",13223,"51_5_94",37.6550756804424,-80.0358632385685
"13225",13224,"51_5_94",37.646810042905,-80.0514029589534
"13226",13225,"51_5_94",37.6531859338464,-80.0526867129982
"13227",13226,"51_5_94",37.6583599978233,-80.0566318354192
"13228",13227,"51_5_94",37.6550015568121,-80.0361295543529
"13229",13228,"51_5_94",37.6546755900929,-80.0506100777688
"13230",13229,"51_5_94",37.6553685141171,-80.041342563061
"13231",13230,"51_165_43",38.6972722933672,-78.9663837151852
"13232",13231,"51_165_43",38.6914052324535,-78.9647498899545
"13233",13232,"51_165_43",38.7053485374512,-78.9671708455402
"13234",13233,"51_165_43",38.6977857815715,-78.9724223650315
"13235",13234,"51_165_43",38.7092547422135,-78.9629943620844
"13236",13235,"51_165_43",38.6992594975219,-78.9547804007228
"13237",13236,"51_165_43",38.6838617349649,-78.9553384173398
"13238",13237,"51_165_43",38.7066712214525,-78.9583472361521
"13239",13238,"51_165_43",38.7074141194801,-78.9573963477135
"13240",13239,"51_165_43",38.6974610115425,-78.9564947826938
"13241",13240,"51_165_108",38.6210398649314,-79.0166724803009
"13242",13241,"51_165_108",38.6237827008587,-79.0242363685469
"13243",13242,"51_165_108",38.6332717376297,-79.0204704737368
"13244",13243,"51_165_108",38.6319189847861,-79.0190854435168
"13245",13244,"51_165_108",38.6384420391522,-79.0167822477819
"13246",13245,"51_165_108",38.6235197768701,-79.032095648877
"13247",13246,"51_165_108",38.6303034593962,-79.0195083588623
"13248",13247,"51_165_108",38.6399626876311,-79.0277755489628
"13249",13248,"51_165_108",38.6343483285915,-79.0162566637676
"13250",13249,"51_165_108",38.6297307661003,-79.0218619811088
"13251",13250,"51_165_64",38.4594011026055,-79.094650178639
"13252",13251,"51_165_64",38.4693040788287,-79.0984493249368
"13253",13252,"51_165_64",38.4654899520015,-79.1040732500185
"13254",13253,"51_165_64",38.4573654542433,-79.090631168242
"13255",13254,"51_165_64",38.4572764037837,-79.0812266398453
"13256",13255,"51_165_64",38.4496026653201,-79.1050100923785
"13257",13256,"51_165_64",38.4610167566751,-79.089916694116
"13258",13257,"51_165_64",38.4552829724976,-79.0848198368076
"13259",13258,"51_165_64",38.4561674778317,-79.0951266686554
"13260",13259,"51_165_64",38.4661433923536,-79.088666611754
"13261",13260,"51_15_122",38.400852484424,-79.1276955212197
"13262",13261,"51_15_122",38.4046152845707,-79.1381206096606
"13263",13262,"51_15_122",38.4063856552517,-79.1291097052639
"13264",13263,"51_15_122",38.3909687483017,-79.1332683612104
"13265",13264,"51_15_122",38.4002874373531,-79.1365625476723
"13266",13265,"51_15_122",38.4026733542094,-79.1426962391701
"13267",13266,"51_15_122",38.403625353464,-79.140675464924
"13268",13267,"51_15_122",38.4135133660918,-79.1414444236234
"13269",13268,"51_15_122",38.4049651334042,-79.1279318094078
"13270",13269,"51_15_122",38.4089191838341,-79.1431665292447
"13271",13270,"51_15_118",38.4064716148579,-79.3053086735728
"13272",13271,"51_15_118",38.4114494729941,-79.2994426851294
"13273",13272,"51_15_118",38.4020476578251,-79.2974582810803
"13274",13273,"51_15_118",38.4152360337663,-79.3058975462578
"13275",13274,"51_15_118",38.4041775250957,-79.3076494298992
"13276",13275,"51_15_118",38.419156297436,-79.2977189464747
"13277",13276,"51_15_118",38.4036896562622,-79.299620925222
"13278",13277,"51_15_118",38.4071090344513,-79.2928126807766
"13279",13278,"51_15_118",38.4214887296625,-79.296993947782
"13280",13279,"51_15_118",38.4191778921514,-79.2938475970742
"13281",13280,"51_15_116",38.3216160603762,-79.3446946136735
"13282",13281,"51_15_116",38.3386217323525,-79.3308251819773
"13283",13282,"51_15_116",38.3322513978975,-79.3310532902374
"13284",13283,"51_15_116",38.3342322834989,-79.3317243165029
"13285",13284,"51_15_116",38.3435329391722,-79.3234577546417
"13286",13285,"51_15_116",38.3361307122872,-79.3401782377178
"13287",13286,"51_15_116",38.3350695076741,-79.3282768374347
"13288",13287,"51_15_116",38.3347708192031,-79.3180017817275
"13289",13288,"51_15_116",38.3325088585628,-79.3480009669567
"13290",13289,"51_15_116",38.3335670791693,-79.3314081032405
"13291",13290,"51_165_82",38.7788098864989,-78.9207453822948
"13292",13291,"51_165_82",38.773086809577,-78.9106419002669
"13293",13292,"51_165_82",38.7798228006273,-78.9207941066333
"13294",13293,"51_165_82",38.7676903776396,-78.925070839182
"13295",13294,"51_165_82",38.7928050989654,-78.9318502589955
"13296",13295,"51_165_82",38.7811808000755,-78.9230427753625
"13297",13296,"51_165_82",38.7798217024836,-78.9327886723957
"13298",13297,"51_165_82",38.7904188853219,-78.9136300118185
"13299",13298,"51_165_82",38.781844104177,-78.9226743683279
"13300",13299,"51_165_82",38.787746430361,-78.9091670868887
"13301",13300,"51_169_50",36.7317880125673,-82.800252231136
"13302",13301,"51_169_50",36.7285028010501,-82.7957609353313
"13303",13302,"51_169_50",36.7297517447067,-82.8147164402047
"13304",13303,"51_169_50",36.7315035800395,-82.8134812428519
"13305",13304,"51_169_50",36.7293933925944,-82.7968872894166
"13306",13305,"51_169_50",36.719327658672,-82.8002246231219
"13307",13306,"51_169_50",36.745113204027,-82.8063949779711
"13308",13307,"51_169_50",36.7250532636661,-82.7873452139798
"13309",13308,"51_169_50",36.7303398171825,-82.7986803636831
"13310",13309,"51_169_50",36.7443050777021,-82.7934328973106
"13311",13310,"51_197_7",36.7811545551672,-81.2378066424113
"13312",13311,"51_197_7",36.7753479805482,-81.2351831325506
"13313",13312,"51_197_7",36.778219836494,-81.2251957083546
"13314",13313,"51_197_7",36.7718707352816,-81.2426487533741
"13315",13314,"51_197_7",36.7818156840203,-81.2486177873609
"13316",13315,"51_197_7",36.7746464225065,-81.2265593814333
"13317",13316,"51_197_7",36.7852571778788,-81.2462459329954
"13318",13317,"51_197_7",36.7769524218781,-81.246255167342
"13319",13318,"51_197_7",36.7755807886448,-81.2418286110801
"13320",13319,"51_197_7",36.7770169844017,-81.248650471313
"13321",13320,"51_173_21",36.7695360544355,-81.3749068957328
"13322",13321,"51_173_21",36.7649327607898,-81.3650855733122
"13323",13322,"51_173_21",36.7634789459303,-81.3685105290288
"13324",13323,"51_173_21",36.7582045304096,-81.3738228527943
"13325",13324,"51_173_21",36.7714324073052,-81.3672184408126
"13326",13325,"51_173_21",36.7629586679252,-81.3593587518029
"13327",13326,"51_173_21",36.7653548677563,-81.3752433727279
"13328",13327,"51_173_21",36.7619169550718,-81.3668592711004
"13329",13328,"51_173_21",36.7578250851491,-81.3688013305896
"13330",13329,"51_173_21",36.769794483319,-81.3726349592455
"13331",13330,"51_21_53",37.1607767764643,-81.1868154779261
"13332",13331,"51_21_53",37.1591216051476,-81.1957709500995
"13333",13332,"51_21_53",37.1668842445868,-81.1937693390809
"13334",13333,"51_21_53",37.1619190400798,-81.1898041210489
"13335",13334,"51_21_53",37.1697175750787,-81.2055429268961
"13336",13335,"51_21_53",37.1612095992803,-81.1942402545395
"13337",13336,"51_21_53",37.1701838092772,-81.1874280413656
"13338",13337,"51_21_53",37.1662562600376,-81.2065108702615
"13339",13338,"51_21_53",37.1562807987994,-81.198425058128
"13340",13339,"51_21_53",37.1498094979147,-81.1951113994131
"13341",13340,"51_21_37",37.0925722120099,-81.249900601733
"13342",13341,"51_21_37",37.08349872795,-81.2492822750683
"13343",13342,"51_21_37",37.091202929839,-81.247251029661
"13344",13343,"51_21_37",37.1047146475459,-81.2471267773356
"13345",13344,"51_21_37",37.0949937072821,-81.2445735432074
"13346",13345,"51_21_37",37.0949213700334,-81.239147338035
"13347",13346,"51_21_37",37.1065298240487,-81.2295186667689
"13348",13347,"51_21_37",37.0922377000557,-81.2433963087465
"13349",13348,"51_21_37",37.101461621992,-81.2476451101532
"13350",13349,"51_21_37",37.0961982415424,-81.2357662854613
"13351",13350,"51_21_27",36.9935584326658,-81.3980746814802
"13352",13351,"51_21_27",36.9904296674893,-81.4131869631235
"13353",13352,"51_21_27",36.9881932558059,-81.404111309035
"13354",13353,"51_21_27",37.0002639402068,-81.4135667112385
"13355",13354,"51_21_27",36.9867088088018,-81.4051991638774
"13356",13355,"51_21_27",36.994646098364,-81.4047678599413
"13357",13356,"51_21_27",37.0118136219648,-81.402415510979
"13358",13357,"51_21_27",36.9970407168787,-81.423894983428
"13359",13358,"51_21_27",37.0038638456559,-81.4136892583014
"13360",13359,"51_21_27",36.9953851053649,-81.4143901438946
"13361",13360,"51_173_32",36.8567479246375,-81.3340600646503
"13362",13361,"51_173_32",36.8500475839492,-81.3480855847025
"13363",13362,"51_173_32",36.8496707124717,-81.3492774094611
"13364",13363,"51_173_32",36.8423169574519,-81.3347647696626
"13365",13364,"51_173_32",36.8522106989201,-81.3472352603509
"13366",13365,"51_173_32",36.8493524757302,-81.347684133887
"13367",13366,"51_173_32",36.8460418907178,-81.3603840120297
"13368",13367,"51_173_32",36.8496361989415,-81.3480823498506
"13369",13368,"51_173_32",36.8355585685611,-81.3517437472154
"13370",13369,"51_173_32",36.8489399481299,-81.3545287275546
"13371",13370,"51_15_104",37.9303976899805,-79.0286104278492
"13372",13371,"51_15_104",37.9219804817862,-79.0170914868728
"13373",13372,"51_15_104",37.930653600404,-79.0202996826263
"13374",13373,"51_15_104",37.9347245159816,-79.0227757440615
"13375",13374,"51_15_104",37.9233180742784,-79.0293112370707
"13376",13375,"51_15_104",37.9244212515816,-79.018950704929
"13377",13376,"51_15_104",37.9384881227875,-79.0126857284131
"13378",13377,"51_15_104",37.9334285104852,-79.0316696833295
"13379",13378,"51_15_104",37.9297174315701,-79.0209144369002
"13380",13379,"51_15_104",37.9298072462833,-79.0215026987214
"13381",13380,"51_9_75",37.7953766573826,-79.1579720225761
"13382",13381,"51_9_75",37.7808552772359,-79.1595758284333
"13383",13382,"51_9_75",37.7834337803098,-79.1630148146276
"13384",13383,"51_9_75",37.7890510248852,-79.1575502874566
"13385",13384,"51_9_75",37.7888778552138,-79.1484048449941
"13386",13385,"51_9_75",37.7861877582584,-79.1569016882978
"13387",13386,"51_9_75",37.7788847935442,-79.1638767525903
"13388",13387,"51_9_75",37.7937568087765,-79.1567171613595
"13389",13388,"51_9_75",37.7891334032671,-79.1659880620679
"13390",13389,"51_9_75",37.7858461828543,-79.164339730691
"13391",13390,"51_173_64",36.7717325563887,-81.5268135359757
"13392",13391,"51_173_64",36.7691215011996,-81.5261746868763
"13393",13392,"51_173_64",36.7773561905335,-81.5368115818659
"13394",13393,"51_173_64",36.7714834733811,-81.5456105868205
"13395",13394,"51_173_64",36.7795626585253,-81.5500648932327
"13396",13395,"51_173_64",36.7721298245009,-81.5273848922003
"13397",13396,"51_173_64",36.7912456575711,-81.5438310712136
"13398",13397,"51_173_64",36.7782762972981,-81.5386359549561
"13399",13398,"51_173_64",36.7715695298719,-81.5251594459875
"13400",13399,"51_173_64",36.7859468288721,-81.5391296559566
"13401",13400,"51_71_25",37.2393231694064,-80.8567300985101
"13402",13401,"51_71_25",37.2360217939218,-80.8569489909522
"13403",13402,"51_71_25",37.2320873812373,-80.8593351627382
"13404",13403,"51_71_25",37.2498530041208,-80.8663462432157
"13405",13404,"51_71_25",37.2382375855927,-80.8457869148317
"13406",13405,"51_71_25",37.2442556097492,-80.8566237345968
"13407",13406,"51_71_25",37.2526819122627,-80.8495384526231
"13408",13407,"51_71_25",37.2430080663986,-80.8642880129222
"13409",13408,"51_71_25",37.2448000969797,-80.8576015960342
"13410",13409,"51_71_25",37.232579654344,-80.8594229542877
"13411",13410,"51_45_45",37.5895987796606,-80.0178112498063
"13412",13411,"51_45_45",37.5906877205396,-80.0242221334048
"13413",13412,"51_45_45",37.5889386583965,-80.0420677209584
"13414",13413,"51_45_45",37.5969320610126,-80.0413461732704
"13415",13414,"51_45_45",37.5892879463229,-80.0327156886809
"13416",13415,"51_45_45",37.588114645255,-80.0358732882792
"13417",13416,"51_45_45",37.5971083119763,-80.0502615481083
"13418",13417,"51_45_45",37.5985912839982,-80.0318989813422
"13419",13418,"51_45_45",37.5887177339631,-80.0399976399037
"13420",13419,"51_45_45",37.5919115463924,-80.0430827534285
"13421",13420,"51_45_38",37.5985645288445,-80.1861801672759
"13422",13421,"51_45_38",37.5925533973189,-80.2083059641043
"13423",13422,"51_45_38",37.5930416321535,-80.2099897298805
"13424",13423,"51_45_38",37.5985617319304,-80.2060606393582
"13425",13424,"51_45_38",37.5881984208733,-80.1777596281479
"13426",13425,"51_45_38",37.5849392951334,-80.1925463507108
"13427",13426,"51_45_38",37.5969872980326,-80.196650469796
"13428",13427,"51_45_38",37.5791643958081,-80.1901819655753
"13429",13428,"51_45_38",37.592718790104,-80.2026915753662
"13430",13429,"51_45_38",37.5864850878033,-80.1990778696032
"13431",13430,"51_45_13",37.4328045761524,-80.1064532790731
"13432",13431,"51_45_13",37.4367778696403,-80.1043560123025
"13433",13432,"51_45_13",37.4416369230774,-80.0991806738622
"13434",13433,"51_45_13",37.4288239512574,-80.1043352782918
"13435",13434,"51_45_13",37.446865089697,-80.1104377961963
"13436",13435,"51_45_13",37.4357664148351,-80.0939258745712
"13437",13436,"51_45_13",37.4433035266749,-80.096691960451
"13438",13437,"51_45_13",37.445440711342,-80.0957413092774
"13439",13438,"51_45_13",37.447707550697,-80.1063204293737
"13440",13439,"51_45_13",37.4417265091694,-80.0996500717644
"13441",13440,"51_45_40",37.3845425996202,-80.3008760821983
"13442",13441,"51_45_40",37.3638689566599,-80.2976844809604
"13443",13442,"51_45_40",37.3737085283689,-80.3070006876729
"13444",13443,"51_45_40",37.3843955290583,-80.3053281201386
"13445",13444,"51_45_40",37.3700180387058,-80.3064823437872
"13446",13445,"51_45_40",37.35921741159,-80.3049401653548
"13447",13446,"51_45_40",37.3697256347852,-80.3051609797793
"13448",13447,"51_45_40",37.3612112626042,-80.3031893003599
"13449",13448,"51_45_40",37.3700183494788,-80.3169461844442
"13450",13449,"51_45_40",37.3757637397731,-80.3056640365687
"13451",13450,"51_171_96",38.9748255083162,-78.5590906871524
"13452",13451,"51_171_96",38.9903362878021,-78.5588230293286
"13453",13452,"51_171_96",38.9925256842236,-78.5688491857392
"13454",13453,"51_171_96",38.9926585682126,-78.5726220694032
"13455",13454,"51_171_96",38.988419251101,-78.5668353521333
"13456",13455,"51_171_96",38.9889803324741,-78.5826390474743
"13457",13456,"51_171_96",38.9915311084334,-78.5635620164971
"13458",13457,"51_171_96",38.9944631273583,-78.5812914098498
"13459",13458,"51_171_96",38.9861345967364,-78.5525797054422
"13460",13459,"51_171_96",38.9842484290579,-78.5619513481276
"13461",13460,"51_5_84",37.8895996173836,-79.9485500781567
"13462",13461,"51_5_84",37.888281379406,-79.9483570182466
"13463",13462,"51_5_84",37.8894178111393,-79.9499514798126
"13464",13463,"51_5_84",37.8859909159153,-79.9540743965262
"13465",13464,"51_5_84",37.8893429671462,-79.9480356743618
"13466",13465,"51_5_84",37.8899658702351,-79.949669895603
"13467",13466,"51_5_84",37.8941774815072,-79.9523022710965
"13468",13467,"51_5_84",37.8873868672019,-79.9400736038698
"13469",13468,"51_5_84",37.8989332532229,-79.9468732910589
"13470",13469,"51_5_84",37.8930799552668,-79.9477351038124
"13471",13470,"51_45_59",37.5800530838715,-80.0988154249058
"13472",13471,"51_45_59",37.580624970359,-80.0960397779374
"13473",13472,"51_45_59",37.5777233855667,-80.1029670080726
"13474",13473,"51_45_59",37.5773146553488,-80.0996667465518
"13475",13474,"51_45_59",37.5874283308072,-80.1116276385653
"13476",13475,"51_45_59",37.580147562087,-80.0971127090691
"13477",13476,"51_45_59",37.582642108612,-80.0972970830974
"13478",13477,"51_45_59",37.5838992671307,-80.1027942579946
"13479",13478,"51_45_59",37.5806707439641,-80.0967426921863
"13480",13479,"51_45_59",37.5733036240562,-80.1122259570987
"13481",13480,"51_5_104",37.8282122133106,-80.1401871831979
"13482",13481,"51_5_104",37.8220970467414,-80.1276692837352
"13483",13482,"51_5_104",37.8216420942998,-80.1389938853506
"13484",13483,"51_5_104",37.8161902089059,-80.1384855737696
"13485",13484,"51_5_104",37.8257169683331,-80.1248688451746
"13486",13485,"51_5_104",37.8236715152201,-80.1383794296412
"13487",13486,"51_5_104",37.8167766706857,-80.1459831724892
"13488",13487,"51_5_104",37.8187559412771,-80.1402351765737
"13489",13488,"51_5_104",37.8181167419124,-80.139121053922
"13490",13489,"51_5_104",37.8181845710391,-80.137533013995
"13491",13490,"51_23_113",37.5683906189806,-79.9316279078033
"13492",13491,"51_23_113",37.5608491797754,-79.9235104556014
"13493",13492,"51_23_113",37.5715410206293,-79.9303156220944
"13494",13493,"51_23_113",37.5721622546998,-79.9477268023478
"13495",13494,"51_23_113",37.5696955493128,-79.937774096424
"13496",13495,"51_23_113",37.5685976248651,-79.9415621242002
"13497",13496,"51_23_113",37.5561373613911,-79.9282059789484
"13498",13497,"51_23_113",37.5642601597294,-79.9338262958292
"13499",13498,"51_23_113",37.567488924155,-79.9301264041943
"13500",13499,"51_23_113",37.5662140393381,-79.9386123132089
"13501",13500,"51_23_98",37.5049065588956,-79.6579231576574
"13502",13501,"51_23_98",37.4918194123839,-79.6465898943774
"13503",13502,"51_23_98",37.5025017345851,-79.6567821372564
"13504",13503,"51_23_98",37.5017928742988,-79.6619587128523
"13505",13504,"51_23_98",37.4976742607021,-79.6542761646045
"13506",13505,"51_23_98",37.5067685801151,-79.6641999637592
"13507",13506,"51_23_98",37.5010726248811,-79.6556176752587
"13508",13507,"51_23_98",37.5003292808682,-79.6532820094463
"13509",13508,"51_23_98",37.4954708117881,-79.6430241493397
"13510",13509,"51_23_98",37.5009655647363,-79.6549240523097
"13511",13510,"51_165_185",38.7181755873026,-79.0594696888055
"13512",13511,"51_165_185",38.7099619805442,-79.0564721764296
"13513",13512,"51_165_185",38.7004213234562,-79.0630051795955
"13514",13513,"51_165_185",38.6977928380864,-79.0501723745238
"13515",13514,"51_165_185",38.7013150545001,-79.0641040673415
"13516",13515,"51_165_185",38.709403993716,-79.0710704984129
"13517",13516,"51_165_185",38.7116613053237,-79.0722006612062
"13518",13517,"51_165_185",38.7043049589697,-79.063310501373
"13519",13518,"51_165_185",38.7062864176891,-79.0604692798363
"13520",13519,"51_165_185",38.6946783500535,-79.0632451226318
"13521",13520,"51_165_191",38.6249761733632,-79.0715712628676
"13522",13521,"51_165_191",38.6161517691622,-79.081532927158
"13523",13522,"51_165_191",38.6228477994575,-79.0901716446523
"13524",13523,"51_165_191",38.6218333579545,-79.0693767809924
"13525",13524,"51_165_191",38.6191132930799,-79.0782669866215
"13526",13525,"51_165_191",38.6211957013728,-79.079237861215
"13527",13526,"51_165_191",38.6335797721918,-79.0730258259225
"13528",13527,"51_165_191",38.633292691417,-79.0696218835207
"13529",13528,"51_165_191",38.6178936908094,-79.06614556557
"13530",13529,"51_165_191",38.6208459034891,-79.0782311312156
"13531",13530,"51_165_198",38.4816601551881,-79.1608541459268
"13532",13531,"51_165_198",38.4817736996503,-79.1570997259657
"13533",13532,"51_165_198",38.4851477559167,-79.1722771668882
"13534",13533,"51_165_198",38.4893637326172,-79.1678590789596
"13535",13534,"51_165_198",38.4771892207397,-79.1576021722411
"13536",13535,"51_165_198",38.4844402836487,-79.1617744332941
"13537",13536,"51_165_198",38.4759771890179,-79.169773127955
"13538",13537,"51_165_198",38.4859823854518,-79.1650400582615
"13539",13538,"51_165_198",38.4838605873787,-79.1468375115277
"13540",13539,"51_165_198",38.4928891163085,-79.161889311619
"13541",13540,"51_15_186",38.4067516110088,-79.1967546104366
"13542",13541,"51_15_186",38.4096015027236,-79.1936942282619
"13543",13542,"51_15_186",38.4094756036448,-79.1984143048621
"13544",13543,"51_15_186",38.4107841365045,-79.203384701825
"13545",13544,"51_15_186",38.4072889119643,-79.2050765355347
"13546",13545,"51_15_186",38.4001646191671,-79.2046346120161
"13547",13546,"51_15_186",38.411787050095,-79.2001978074814
"13548",13547,"51_15_186",38.4057497645819,-79.2012452817775
"13549",13548,"51_15_186",38.4084588155052,-79.2019326056746
"13550",13549,"51_15_186",38.4145195695491,-79.2030676015021
"13551",13550,"51_15_203",38.2599564194758,-79.2755718423343
"13552",13551,"51_15_203",38.2500134864525,-79.2821835830379
"13553",13552,"51_15_203",38.2561763852869,-79.281108797301
"13554",13553,"51_15_203",38.2678797104753,-79.2850880791981
"13555",13554,"51_15_203",38.2634938742687,-79.2815279913923
"13556",13555,"51_15_203",38.253859413475,-79.2875681755468
"13557",13556,"51_15_203",38.2509870632703,-79.2868604456414
"13558",13557,"51_15_203",38.2577741819303,-79.2883177386872
"13559",13558,"51_15_203",38.2627725999867,-79.2851926033548
"13560",13559,"51_15_203",38.2605927267297,-79.2748733396387
"13561",13560,"51_91_77",38.2408202938176,-79.4310367390037
"13562",13561,"51_91_77",38.2452565053759,-79.4412286027911
"13563",13562,"51_91_77",38.2538134453226,-79.4415780611415
"13564",13563,"51_91_77",38.2479619475666,-79.4363118829937
"13565",13564,"51_91_77",38.2452606852691,-79.4546739254396
"13566",13565,"51_91_77",38.2564532706214,-79.4336047340119
"13567",13566,"51_91_77",38.2504591906416,-79.4403989149353
"13568",13567,"51_91_77",38.2562727793926,-79.4494883916465
"13569",13568,"51_91_77",38.243732715599,-79.4546002556262
"13570",13569,"51_91_77",38.2499040527196,-79.4344561690252
"13571",13570,"51_5_74",37.7970673648236,-79.6790977094423
"13572",13571,"51_5_74",37.7973229766141,-79.6627519678488
"13573",13572,"51_5_74",37.8082149172066,-79.6667771076285
"13574",13573,"51_5_74",37.8014734751693,-79.6672066707404
"13575",13574,"51_5_74",37.8039891785774,-79.6665487638162
"13576",13575,"51_5_74",37.7958163667453,-79.6744472576284
"13577",13576,"51_5_74",37.7904957369255,-79.6820738705642
"13578",13577,"51_5_74",37.795093377962,-79.6744664184213
"13579",13578,"51_5_74",37.7963061613767,-79.686475795813
"13580",13579,"51_5_74",37.7911200628191,-79.6722926178073
"13581",13580,"51_91_85",38.404300413107,-79.7040855199167
"13582",13581,"51_91_85",38.4149961466547,-79.6925035533682
"13583",13582,"51_91_85",38.4252675469012,-79.6976144218761
"13584",13583,"51_91_85",38.412825205089,-79.7056061624951
"13585",13584,"51_91_85",38.4135370978594,-79.697952546102
"13586",13585,"51_91_85",38.416285468493,-79.6963876088277
"13587",13586,"51_91_85",38.4184834079868,-79.6907479736952
"13588",13587,"51_91_85",38.4028694419912,-79.6943006595693
"13589",13588,"51_91_85",38.4148382241515,-79.6849142602104
"13590",13589,"51_91_85",38.4222773065614,-79.6815025843648
"13591",13590,"51_91_87",38.3547014555591,-79.7203833913133
"13592",13591,"51_91_87",38.3453219866028,-79.7132583866353
"13593",13592,"51_91_87",38.3444003504286,-79.7235952412724
"13594",13593,"51_91_87",38.3517722062399,-79.7267937723909
"13595",13594,"51_91_87",38.3446783233695,-79.7209243951746
"13596",13595,"51_91_87",38.345070628282,-79.7175120633891
"13597",13596,"51_91_87",38.340989483049,-79.7048441944195
"13598",13597,"51_91_87",38.3349031809261,-79.7193211122451
"13599",13598,"51_91_87",38.3307687773293,-79.7124216578443
"13600",13599,"51_91_87",38.3493436877879,-79.7311156610956
"13601",13600,"51_91_90",38.2693604226835,-79.7788412881281
"13602",13601,"51_91_90",38.2598729866306,-79.7794720284611
"13603",13602,"51_91_90",38.2576594568554,-79.771484962825
"13604",13603,"51_91_90",38.2559737764421,-79.769004985973
"13605",13604,"51_91_90",38.2598198055494,-79.76679940267
"13606",13605,"51_91_90",38.2636194638469,-79.7583023727163
"13607",13606,"51_91_90",38.2646827476256,-79.7799895385141
"13608",13607,"51_91_90",38.2571253813078,-79.7695785102611
"13609",13608,"51_91_90",38.2652429174599,-79.759433960128
"13610",13609,"51_91_90",38.2602579481911,-79.7637501201171
"13611",13610,"51_17_114",38.1738489813016,-79.8041343613134
"13612",13611,"51_17_114",38.1793803873945,-79.8131193689836
"13613",13612,"51_17_114",38.1753163396652,-79.7992605998774
"13614",13613,"51_17_114",38.1817353521735,-79.807949234721
"13615",13614,"51_17_114",38.1816271409822,-79.8006967938031
"13616",13615,"51_17_114",38.1805911193074,-79.8045740294838
"13617",13616,"51_17_114",38.1747639538182,-79.8121990117991
"13618",13617,"51_17_114",38.1825959381818,-79.8028662616169
"13619",13618,"51_17_114",38.1780684567039,-79.8165041986174
"13620",13619,"51_17_114",38.1740213873607,-79.8143664973246
"13621",13620,"51_17_135",37.959981801726,-79.7539040488101
"13622",13621,"51_17_135",37.964285528782,-79.7461781106536
"13623",13622,"51_17_135",37.9634259866882,-79.7513705189739
"13624",13623,"51_17_135",37.9733453059299,-79.7472496414265
"13625",13624,"51_17_135",37.9652882096651,-79.749609406406
"13626",13625,"51_17_135",37.9679724193662,-79.7350208593001
"13627",13626,"51_17_135",37.9572372511611,-79.749386484083
"13628",13627,"51_17_135",37.9666733322611,-79.7598117697558
"13629",13628,"51_17_135",37.9499164065881,-79.7486353496981
"13630",13629,"51_17_135",37.9613745350335,-79.7633091562017
"13631",13630,"51_45_83",37.5161269749456,-80.2953071650012
"13632",13631,"51_45_83",37.5160578613367,-80.2978402510211
"13633",13632,"51_45_83",37.5159816359494,-80.2941910163556
"13634",13633,"51_45_83",37.5196839325384,-80.2981717839817
"13635",13634,"51_45_83",37.5186221899794,-80.2812621715081
"13636",13635,"51_45_83",37.5269999700809,-80.2842669625949
"13637",13636,"51_45_83",37.5174893963594,-80.2786198489143
"13638",13637,"51_45_83",37.5125023480147,-80.3062670166103
"13639",13638,"51_45_83",37.5162657899256,-80.294360759174
"13640",13639,"51_45_83",37.5166492946759,-80.2924941142755
"13641",13640,"51_71_87",37.2150663958901,-80.9229447886042
"13642",13641,"51_71_87",37.2180587474863,-80.9223227814186
"13643",13642,"51_71_87",37.224428504208,-80.939421615801
"13644",13643,"51_71_87",37.221277973711,-80.9257462727194
"13645",13644,"51_71_87",37.2227743630526,-80.9234895428648
"13646",13645,"51_71_87",37.2079054632663,-80.9255958882139
"13647",13646,"51_71_87",37.2111302157916,-80.9219699069807
"13648",13647,"51_71_87",37.2333667218701,-80.926909990441
"13649",13648,"51_71_87",37.2212094270955,-80.9373878343827
"13650",13649,"51_71_87",37.2195809157223,-80.9265973887003
"13651",13650,"51_173_88",36.9989848205944,-81.5036325975788
"13652",13651,"51_173_88",36.9989115689857,-81.5132075116302
"13653",13652,"51_173_88",36.9824846936129,-81.5023951353149
"13654",13653,"51_173_88",36.9981759579551,-81.5177387846541
"13655",13654,"51_173_88",36.9832820115594,-81.5060134226417
"13656",13655,"51_173_88",36.9958323397984,-81.4952431537848
"13657",13656,"51_173_88",36.9887584314365,-81.4875230047183
"13658",13657,"51_173_88",36.9984002612157,-81.5121768123141
"13659",13658,"51_173_88",37.0022509393568,-81.5033130863206
"13660",13659,"51_173_88",36.9946545558141,-81.5091676143944
"13661",13660,"51_77_84",36.6948080456805,-81.4907559575674
"13662",13661,"51_77_84",36.6764270293214,-81.4906074371078
"13663",13662,"51_77_84",36.6970362556484,-81.484467448089
"13664",13663,"51_77_84",36.6841948542509,-81.4838579845565
"13665",13664,"51_77_84",36.6847212589307,-81.4759941303099
"13666",13665,"51_77_84",36.6880087931235,-81.4772222815466
"13667",13666,"51_77_84",36.68331143454,-81.4839948505657
"13668",13667,"51_77_84",36.6827079494332,-81.4791991912704
"13669",13668,"51_77_84",36.6827609861234,-81.472462614019
"13670",13669,"51_77_84",36.6846262198211,-81.4798199194095
"13671",13670,"51_173_99",36.6841582921647,-81.6536164524178
"13672",13671,"51_173_99",36.679661615577,-81.6423928432148
"13673",13672,"51_173_99",36.6851815418675,-81.637172201637
"13674",13673,"51_173_99",36.6812535761346,-81.6341895609561
"13675",13674,"51_173_99",36.6830578853685,-81.6456543955077
"13676",13675,"51_173_99",36.6869454965782,-81.6448899830317
"13677",13676,"51_173_99",36.6713889699297,-81.6443487533934
"13678",13677,"51_173_99",36.6844483665313,-81.62961403287
"13679",13678,"51_173_99",36.6728183315564,-81.6395608128653
"13680",13679,"51_173_99",36.6846519208345,-81.6437261618589
"13681",13680,"51_15_221",38.1792148974263,-79.4790587957649
"13682",13681,"51_15_221",38.1741189880584,-79.4804580155801
"13683",13682,"51_15_221",38.1765041722291,-79.4876226343698
"13684",13683,"51_15_221",38.1774106696543,-79.4652820388369
"13685",13684,"51_15_221",38.1787462138527,-79.4709078943396
"13686",13685,"51_15_221",38.1794083061218,-79.4720546739159
"13687",13686,"51_15_221",38.1819199936343,-79.4919612978651
"13688",13687,"51_15_221",38.176079563495,-79.4850357737099
"13689",13688,"51_15_221",38.1745464412345,-79.4828610175366
"13690",13689,"51_15_221",38.1805512854543,-79.4922419449056
"13691",13690,"51_163_135",37.9386614099111,-79.5841924827122
"13692",13691,"51_163_135",37.9404406498077,-79.5854153199635
"13693",13692,"51_163_135",37.9369561020087,-79.5761361124611
"13694",13693,"51_163_135",37.9452619992674,-79.598080129352
"13695",13694,"51_163_135",37.9389954230381,-79.5823949224136
"13696",13695,"51_163_135",37.9382954804734,-79.5858409436078
"13697",13696,"51_163_135",37.9339563411881,-79.5874353458989
"13698",13697,"51_163_135",37.9334234315033,-79.5847855900841
"13699",13698,"51_163_135",37.9317076470466,-79.578168765265
"13700",13699,"51_163_135",37.9278235183714,-79.5821490128747
"13701",13700,"51_17_126",38.0937224752127,-79.8436032561125
"13702",13701,"51_17_126",38.0990322731859,-79.8453866554305
"13703",13702,"51_17_126",38.1125888427861,-79.8427368034459
"13704",13703,"51_17_126",38.1088695983926,-79.8385706504731
"13705",13704,"51_17_126",38.1040881676564,-79.8523737828263
"13706",13705,"51_17_126",38.1046698408605,-79.8376722879089
"13707",13706,"51_17_126",38.105696144514,-79.846082382468
"13708",13707,"51_17_126",38.0971899619498,-79.8452566397863
"13709",13708,"51_17_126",38.1051837250191,-79.8341042220543
"13710",13709,"51_17_126",38.1077732569592,-79.8533901486231
"13711",13710,"51_5_81",37.7831258896606,-79.8344955494176
"13712",13711,"51_5_81",37.7890464326692,-79.8304016725746
"13713",13712,"51_5_81",37.7962855207009,-79.8208893393496
"13714",13713,"51_5_81",37.7900091543388,-79.8276322373171
"13715",13714,"51_5_81",37.7867178917347,-79.8322786397578
"13716",13715,"51_5_81",37.7818156951853,-79.826932946125
"13717",13716,"51_5_81",37.8023461811103,-79.81730379985
"13718",13717,"51_5_81",37.7941659968145,-79.8339688557056
"13719",13718,"51_5_81",37.7983172208876,-79.8357907568613
"13720",13719,"51_5_81",37.7990431113076,-79.8248895382091
"13721",13720,"51_23_110",37.717655987317,-79.874479250554
"13722",13721,"51_23_110",37.726663370519,-79.8526232831095
"13723",13722,"51_23_110",37.7295654106705,-79.8644686091564
"13724",13723,"51_23_110",37.7257370933243,-79.8735443337511
"13725",13724,"51_23_110",37.7214528791169,-79.8681164707585
"13726",13725,"51_23_110",37.7212983294217,-79.8658316371822
"13727",13726,"51_23_110",37.7208419989483,-79.8729266766564
"13728",13727,"51_23_110",37.7130429296169,-79.8781450190805
"13729",13728,"51_23_110",37.7210484852953,-79.8716653465888
"13730",13729,"51_23_110",37.7190836895062,-79.8688890310001
"13731",13730,"51_165_70",38.5540269113658,-79.0669039967273
"13732",13731,"51_165_70",38.5600097395015,-79.0592968263333
"13733",13732,"51_165_70",38.5534753359902,-79.0653976152119
"13734",13733,"51_165_70",38.5617988189933,-79.0546067186423
"13735",13734,"51_165_70",38.5542320460476,-79.0663115290953
"13736",13735,"51_165_70",38.5661059926901,-79.0630803435648
"13737",13736,"51_165_70",38.5514222211367,-79.0466194682029
"13738",13737,"51_165_70",38.5665046395436,-79.0559480351415
"13739",13738,"51_165_70",38.5672340681503,-79.0678661677933
"13740",13739,"51_165_70",38.566618837868,-79.0624662540866
"13741",13740,"51_15_22",38.2783385832097,-79.2130065997896
"13742",13741,"51_15_22",38.3006459499982,-79.2067834476724
"13743",13742,"51_15_22",38.2872994292976,-79.2353766212098
"13744",13743,"51_15_22",38.2882835700108,-79.2180433435843
"13745",13744,"51_15_22",38.2869088549227,-79.2136666791462
"13746",13745,"51_15_22",38.2910728891826,-79.2157404732841
"13747",13746,"51_15_22",38.2922330829172,-79.2184383664159
"13748",13747,"51_15_22",38.2885845108692,-79.2203530243975
"13749",13748,"51_15_22",38.2903717166708,-79.2366741352627
"13750",13749,"51_15_22",38.3010389806016,-79.2231287745695
"13751",13750,"51_165_118",38.3173613390336,-78.6782768380548
"13752",13751,"51_165_118",38.3134843363227,-78.6942968981574
"13753",13752,"51_165_118",38.3183985766192,-78.6835139052872
"13754",13753,"51_165_118",38.3262519509636,-78.6942179760767
"13755",13754,"51_165_118",38.3205907727515,-78.6881952277447
"13756",13755,"51_165_118",38.3111442406047,-78.6747859248636
"13757",13756,"51_165_118",38.3138013297617,-78.680531576657
"13758",13757,"51_165_118",38.3019054114676,-78.687496281825
"13759",13758,"51_165_118",38.3175394530596,-78.7006446338909
"13760",13759,"51_165_118",38.3050116054274,-78.6933198941679
"13761",13760,"51_3_7",38.1904222767531,-78.7406021642663
"13762",13761,"51_3_7",38.2103555885154,-78.7275546857531
"13763",13762,"51_3_7",38.2043111729122,-78.7371895350438
"13764",13763,"51_3_7",38.208062953275,-78.7417594737843
"13765",13764,"51_3_7",38.1972973356038,-78.7371149691134
"13766",13765,"51_3_7",38.1944113532353,-78.7442729292434
"13767",13766,"51_3_7",38.1993799517579,-78.738336252672
"13768",13767,"51_3_7",38.1941159979029,-78.7223517641869
"13769",13768,"51_3_7",38.1985854739567,-78.7399707223654
"13770",13769,"51_3_7",38.1982022404432,-78.7447047479929
"13771",13770,"51_15_51",38.1542385277184,-78.782704015662
"13772",13771,"51_15_51",38.1605321852237,-78.7739612534854
"13773",13772,"51_15_51",38.159589767997,-78.7735845143439
"13774",13773,"51_15_51",38.1510157252393,-78.7771181744501
"13775",13774,"51_15_51",38.1568073818566,-78.7732065238738
"13776",13775,"51_15_51",38.1558629188712,-78.7731057681338
"13777",13776,"51_15_51",38.1725675539787,-78.7746978146079
"13778",13777,"51_15_51",38.1576136584001,-78.775925711842
"13779",13778,"51_15_51",38.1489743885127,-78.7834639564256
"13780",13779,"51_15_51",38.1589298928228,-78.7708796980834
"13781",13780,"51_121_81",37.3007477230898,-80.3796421927249
"13782",13781,"51_121_81",37.3054918879125,-80.365103641055
"13783",13782,"51_121_81",37.2954149168588,-80.3699043235183
"13784",13783,"51_121_81",37.3086600869998,-80.373595741902
"13785",13784,"51_121_81",37.3094621982135,-80.3728631383782
"13786",13785,"51_121_81",37.3019715517331,-80.3713070487654
"13787",13786,"51_121_81",37.3084199644619,-80.3718403599843
"13788",13787,"51_121_81",37.3074662746319,-80.3730938381513
"13789",13788,"51_121_81",37.2957034566425,-80.3753435803186
"13790",13789,"51_121_81",37.3097042441538,-80.371936794016
"13791",13790,"51_19_130",37.5986446042115,-79.4074196914333
"13792",13791,"51_19_130",37.5920706196037,-79.4287628539832
"13793",13792,"51_19_130",37.6024987652818,-79.4203237013253
"13794",13793,"51_19_130",37.6155842873512,-79.4247858932593
"13795",13794,"51_19_130",37.6003269944149,-79.4317021698315
"13796",13795,"51_19_130",37.5998961563764,-79.4264678145974
"13797",13796,"51_19_130",37.6052939145253,-79.4178002884076
"13798",13797,"51_19_130",37.6024213099897,-79.4195863526739
"13799",13798,"51_19_130",37.6008372315039,-79.426584110781
"13800",13799,"51_19_130",37.6038183250548,-79.4203117684844
"13801",13800,"51_165_116",38.5990590229674,-79.0062774813817
"13802",13801,"51_165_116",38.5895128527385,-79.0108371333526
"13803",13802,"51_165_116",38.5938178246386,-79.0214272472243
"13804",13803,"51_165_116",38.5958022291138,-79.0025621878932
"13805",13804,"51_165_116",38.5916319929881,-79.0032511970808
"13806",13805,"51_165_116",38.5900383682333,-79.0255108399317
"13807",13806,"51_165_116",38.5975912084549,-79.0159045866249
"13808",13807,"51_165_116",38.5847239683769,-78.9987669059991
"13809",13808,"51_165_116",38.5895194551855,-79.0066981738434
"13810",13809,"51_165_116",38.5976153846075,-79.0120969690385
"13811",13810,"51_165_24",38.4347499254518,-79.1208761399424
"13812",13811,"51_165_24",38.4288455388545,-79.1234580967042
"13813",13812,"51_165_24",38.4342547751615,-79.1200477622612
"13814",13813,"51_165_24",38.4350849139007,-79.1220545281084
"13815",13814,"51_165_24",38.4259375697549,-79.1286038648282
"13816",13815,"51_165_24",38.432933226578,-79.1290334140003
"13817",13816,"51_165_24",38.4265136771585,-79.1236136844606
"13818",13817,"51_165_24",38.4180808797878,-79.1208548842669
"13819",13818,"51_165_24",38.4375803891979,-79.1283085026729
"13820",13819,"51_165_24",38.4350653401068,-79.1390336120083
"13821",13820,"51_3_28",38.2382959685295,-78.6873949207601
"13822",13821,"51_3_28",38.2273663248473,-78.6992060886395
"13823",13822,"51_3_28",38.2259716265323,-78.6965508934319
"13824",13823,"51_3_28",38.2473802723004,-78.6953918920532
"13825",13824,"51_3_28",38.2376126284786,-78.7118439117133
"13826",13825,"51_3_28",38.2310147301914,-78.7128961036499
"13827",13826,"51_3_28",38.2437287795768,-78.6892548954354
"13828",13827,"51_3_28",38.2386555863535,-78.6926336127211
"13829",13828,"51_3_28",38.2362995784643,-78.6929482030623
"13830",13829,"51_3_28",38.2402508366032,-78.6990664342134
"13831",13830,"51_173_29",36.7239607303713,-81.5208012953361
"13832",13831,"51_173_29",36.7281248080318,-81.5182799356914
"13833",13832,"51_173_29",36.7249759120161,-81.5140564880045
"13834",13833,"51_173_29",36.721745432618,-81.5094577124792
"13835",13834,"51_173_29",36.7399465502451,-81.5120458203662
"13836",13835,"51_173_29",36.728433223443,-81.5208363404177
"13837",13836,"51_173_29",36.7295483863648,-81.514778078069
"13838",13837,"51_173_29",36.7282977617636,-81.5207618899959
"13839",13838,"51_173_29",36.7262289055866,-81.5121426994641
"13840",13839,"51_173_29",36.7247394060417,-81.5032368387874
"13841",13840,"51_91_15",38.36548222555,-79.4989876928486
"13842",13841,"51_91_15",38.3672379272727,-79.5068238626545
"13843",13842,"51_91_15",38.3590170665727,-79.506301583648
"13844",13843,"51_91_15",38.3665664823908,-79.5032696437793
"13845",13844,"51_91_15",38.3538666488611,-79.4977376539965
"13846",13845,"51_91_15",38.3750194131567,-79.5085818855663
"13847",13846,"51_91_15",38.3620519962588,-79.4933043126024
"13848",13847,"51_91_15",38.3658784944907,-79.5009858851986
"13849",13848,"51_91_15",38.3592033821269,-79.5113091385756
"13850",13849,"51_91_15",38.3668227345523,-79.4856291191042
"13851",13850,"51_21_46",37.0788560431222,-80.9153290068361
"13852",13851,"51_21_46",37.0798462496668,-80.9142510224173
"13853",13852,"51_21_46",37.0948671419956,-80.9112103760697
"13854",13853,"51_21_46",37.0803905348779,-80.9137138942647
"13855",13854,"51_21_46",37.082728078442,-80.9226120060446
"13856",13855,"51_21_46",37.0824571417983,-80.9058874129304
"13857",13856,"51_21_46",37.0906870530743,-80.9094078418768
"13858",13857,"51_21_46",37.0832273005222,-80.9260275520303
"13859",13858,"51_21_46",37.083047159835,-80.9231540006875
"13860",13859,"51_21_46",37.0944276606003,-80.9283991265541
"13861",13860,"51_77_28",36.7856360750297,-81.0480236532896
"13862",13861,"51_77_28",36.7856061880677,-81.0740339794456
"13863",13862,"51_77_28",36.7853197770106,-81.0643974940039
"13864",13863,"51_77_28",36.7819988140972,-81.0633054304521
"13865",13864,"51_77_28",36.7728293134681,-81.0470659019469
"13866",13865,"51_77_28",36.7830569057515,-81.0477823879693
"13867",13866,"51_77_28",36.7824912314296,-81.048021328028
"13868",13867,"51_77_28",36.7776657139912,-81.0602584030478
"13869",13868,"51_77_28",36.7874155365831,-81.0645502347467
"13870",13869,"51_77_28",36.770740519898,-81.0666520003471
"13871",13870,"51_17_67",38.211285415481,-79.8731187296091
"13872",13871,"51_17_67",38.2053379711501,-79.8683123185415
"13873",13872,"51_17_67",38.1977900357741,-79.8794412467041
"13874",13873,"51_17_67",38.2031706856568,-79.8862651872573
"13875",13874,"51_17_67",38.2034071461851,-79.8934417105643
"13876",13875,"51_17_67",38.2003765024681,-79.8915241380174
"13877",13876,"51_17_67",38.2003268004721,-79.8802378009856
"13878",13877,"51_17_67",38.1977872408105,-79.8695019071729
"13879",13878,"51_17_67",38.193073992259,-79.8873610035122
"13880",13879,"51_17_67",38.1990262619891,-79.8845640177385
"13881",13880,"51_17_68",38.1281588867949,-79.9479971145016
"13882",13881,"51_17_68",38.1392790498224,-79.9439055248202
"13883",13882,"51_17_68",38.1236349419413,-79.9371445041869
"13884",13883,"51_17_68",38.1351944861857,-79.952456624213
"13885",13884,"51_17_68",38.1212416191085,-79.9484631975916
"13886",13885,"51_17_68",38.1262507268968,-79.9529987546568
"13887",13886,"51_17_68",38.1210032469226,-79.9405076753918
"13888",13887,"51_17_68",38.1318904547724,-79.9410273886281
"13889",13888,"51_17_68",38.1277764685376,-79.938025374256
"13890",13889,"51_17_68",38.1350139393535,-79.9334115037622
"13891",13890,"51_5_30",37.7464108184181,-80.0839710618393
"13892",13891,"51_5_30",37.7628731947217,-80.0852179519039
"13893",13892,"51_5_30",37.7517900143485,-80.0804145397512
"13894",13893,"51_5_30",37.7513947145227,-80.0867546827598
"13895",13894,"51_5_30",37.7502956789817,-80.0913488708069
"13896",13895,"51_5_30",37.7549272400424,-80.0906065820646
"13897",13896,"51_5_30",37.7453835376988,-80.0949899512057
"13898",13897,"51_5_30",37.7406952473531,-80.0924826171084
"13899",13898,"51_5_30",37.7489933067271,-80.0712964205568
"13900",13899,"51_5_30",37.7446773848704,-80.0901379492294
"13901",13900,"51_5_54",37.6699038436431,-80.1543230838314
"13902",13901,"51_5_54",37.6686272498281,-80.1545871497411
"13903",13902,"51_5_54",37.6711480805449,-80.1522471338863
"13904",13903,"51_5_54",37.6633401542858,-80.1390522047496
"13905",13904,"51_5_54",37.6814683003584,-80.1606482967319
"13906",13905,"51_5_54",37.6695649914064,-80.1572030719499
"13907",13906,"51_5_54",37.6703539683727,-80.1508523858512
"13908",13907,"51_5_54",37.6715828738705,-80.1516449177393
"13909",13908,"51_5_54",37.6756180628005,-80.1468593153959
"13910",13909,"51_5_54",37.6674584538438,-80.1683071664889
"13911",13910,"51_45_9",37.4662833303897,-80.2670652583317
"13912",13911,"51_45_9",37.4723619402141,-80.2698811859988
"13913",13912,"51_45_9",37.4672683000338,-80.2669414240878
"13914",13913,"51_45_9",37.46678181535,-80.266104234505
"13915",13914,"51_45_9",37.4635619303971,-80.2606473380114
"13916",13915,"51_45_9",37.4765626990471,-80.2646084626957
"13917",13916,"51_45_9",37.4672941728558,-80.256942245294
"13918",13917,"51_45_9",37.4621671684866,-80.2682153961129
"13919",13918,"51_45_9",37.4619435486613,-80.2641315370864
"13920",13919,"51_45_9",37.4655522890884,-80.2684121078425
"13921",13920,"51_45_30",37.4363231127259,-80.4199779650051
"13922",13921,"51_45_30",37.4273903353148,-80.4272724318275
"13923",13922,"51_45_30",37.4335710970463,-80.4272802199593
"13924",13923,"51_45_30",37.442935477582,-80.4270864079244
"13925",13924,"51_45_30",37.4262280712631,-80.4119770073873
"13926",13925,"51_45_30",37.4377855833684,-80.4221638982388
"13927",13926,"51_45_30",37.4333252168661,-80.4217977525655
"13928",13927,"51_45_30",37.4274851394533,-80.4207720767011
"13929",13928,"51_45_30",37.4325694834042,-80.4126311072385
"13930",13929,"51_45_30",37.4396085505297,-80.4173837232317
"13931",13930,"51_121_17",37.3090534256775,-80.3589228927358
"13932",13931,"51_121_17",37.3139753797269,-80.3510555934677
"13933",13932,"51_121_17",37.3027618741309,-80.3465197738658
"13934",13933,"51_121_17",37.3031057274547,-80.3599140002615
"13935",13934,"51_121_17",37.310758107667,-80.3574380757583
"13936",13935,"51_121_17",37.3077180584879,-80.351132006006
"13937",13936,"51_121_17",37.3066777753881,-80.3703992523006
"13938",13937,"51_121_17",37.3013949968385,-80.3464197481269
"13939",13938,"51_121_17",37.3058179526364,-80.3611789551569
"13940",13939,"51_121_17",37.3031495155017,-80.3670803913869
"13941",13940,"51_197_34",36.983309112708,-81.2481682298345
"13942",13941,"51_197_34",36.9903256215517,-81.2634329352371
"13943",13942,"51_197_34",36.9868138445317,-81.2538568916691
"13944",13943,"51_197_34",36.9881956579885,-81.2712131996022
"13945",13944,"51_197_34",36.9883239448927,-81.2645991592841
"13946",13945,"51_197_34",36.9810914215598,-81.271567760856
"13947",13946,"51_197_34",36.9787077085225,-81.2580723102563
"13948",13947,"51_197_34",36.9751125167531,-81.2662917166566
"13949",13948,"51_197_34",36.9878975339219,-81.2745445757855
"13950",13949,"51_197_34",36.9922088535613,-81.2716673962223
"13951",13950,"51_15_76",38.2888446364169,-79.3748143909813
"13952",13951,"51_15_76",38.2777430154382,-79.3745033743028
"13953",13952,"51_15_76",38.2897896510898,-79.3811514654992
"13954",13953,"51_15_76",38.2781460732688,-79.3801490059295
"13955",13954,"51_15_76",38.2789733522686,-79.3769440909199
"13956",13955,"51_15_76",38.2681640278845,-79.3834398535493
"13957",13956,"51_15_76",38.2658277424502,-79.3715310493268
"13958",13957,"51_15_76",38.290933255925,-79.3672949072815
"13959",13958,"51_15_76",38.278834212292,-79.3708718469016
"13960",13959,"51_15_76",38.2670222399219,-79.3827842267627
"13961",13960,"51_15_86",38.0969288098758,-79.4313358991845
"13962",13961,"51_15_86",38.0836627306778,-79.4332392590484
"13963",13962,"51_15_86",38.0942077497238,-79.4254497301522
"13964",13963,"51_15_86",38.0937392130371,-79.429975898285
"13965",13964,"51_15_86",38.0968211632462,-79.4314660986753
"13966",13965,"51_15_86",38.1005859466141,-79.4294009230303
"13967",13966,"51_15_86",38.0952793932968,-79.4312203561665
"13968",13967,"51_15_86",38.0933239191867,-79.4209847183655
"13969",13968,"51_15_86",38.0988477625264,-79.4366645808615
"13970",13969,"51_15_86",38.0988243685347,-79.4323276200442
"13971",13970,"51_171_104",38.8320103984239,-78.8021554755835
"13972",13971,"51_171_104",38.8387861087215,-78.8113927851266
"13973",13972,"51_171_104",38.8427756632143,-78.7970176356351
"13974",13973,"51_171_104",38.8494731252335,-78.7834390833603
"13975",13974,"51_171_104",38.8329684889129,-78.8018172637912
"13976",13975,"51_171_104",38.838121141037,-78.8026432645655
"13977",13976,"51_171_104",38.8432449386982,-78.7989490779514
"13978",13977,"51_171_104",38.8390755682366,-78.7840133688156
"13979",13978,"51_171_104",38.8440753588165,-78.8043980105678
"13980",13979,"51_171_104",38.8491409898936,-78.7881405789537
"13981",13980,"51_163_125",37.6322123001323,-79.4180087392663
"13982",13981,"51_163_125",37.6327504184323,-79.4141898618579
"13983",13982,"51_163_125",37.6349627264823,-79.424410601556
"13984",13983,"51_163_125",37.6442111035253,-79.4228824846047
"13985",13984,"51_163_125",37.6261891945831,-79.4222345922202
"13986",13985,"51_163_125",37.629703869013,-79.4255898233875
"13987",13986,"51_163_125",37.6340893726319,-79.4214330125941
"13988",13987,"51_163_125",37.6244646811904,-79.421679067058
"13989",13988,"51_163_125",37.6322854178026,-79.4282754415691
"13990",13989,"51_163_125",37.6447098930821,-79.4228867446695
"13991",13990,"51_5_17",37.6125480754179,-80.1264117058536
"13992",13991,"51_5_17",37.6240900161987,-80.121313905353
"13993",13992,"51_5_17",37.6090135253107,-80.1227380880115
"13994",13993,"51_5_17",37.621690357066,-80.1194054116077
"13995",13994,"51_5_17",37.6147970452711,-80.1172768752246
"13996",13995,"51_5_17",37.6149277377977,-80.1242510610204
"13997",13996,"51_5_17",37.6216302605282,-80.1233616580473
"13998",13997,"51_5_17",37.6232110575804,-80.1219353102589
"13999",13998,"51_5_17",37.6241924686554,-80.1175809777887
"14000",13999,"51_5_17",37.6131882944422,-80.1214677481297
"14001",14000,"51_45_33",37.4620600665848,-80.0581228940465
"14002",14001,"51_45_33",37.4565825728765,-80.0600641507874
"14003",14002,"51_45_33",37.4604703030842,-80.0416368559716
"14004",14003,"51_45_33",37.470718652441,-80.0614387857384
"14005",14004,"51_45_33",37.4663814075142,-80.0565171043658
"14006",14005,"51_45_33",37.4635224248506,-80.0595271226956
"14007",14006,"51_45_33",37.4509044676844,-80.0681822604835
"14008",14007,"51_45_33",37.4572747065643,-80.064070875858
"14009",14008,"51_45_33",37.4702542144168,-80.0639455110848
"14010",14009,"51_45_33",37.4628556848631,-80.0586975581028
"14011",14010,"51_45_23",37.3866589133292,-80.2398885819613
"14012",14011,"51_45_23",37.3956606771264,-80.2440710137975
"14013",14012,"51_45_23",37.3850959653215,-80.2421419696402
"14014",14013,"51_45_23",37.3777557091029,-80.2354429465605
"14015",14014,"51_45_23",37.3935481208455,-80.2296332054516
"14016",14015,"51_45_23",37.3799774606208,-80.2427300555868
"14017",14016,"51_45_23",37.373528303682,-80.2478745884317
"14018",14017,"51_45_23",37.3715764726471,-80.2341008933191
"14019",14018,"51_45_23",37.3744614094425,-80.2429851434338
"14020",14019,"51_45_23",37.3821612196617,-80.2393470249588
"14021",14020,"51_17_12",37.8748172833187,-79.7044863359836
"14022",14021,"51_17_12",37.8710499506077,-79.71836007515
"14023",14022,"51_17_12",37.8659688614592,-79.7015545296755
"14024",14023,"51_17_12",37.8741263728236,-79.703089904399
"14025",14024,"51_17_12",37.8703524847504,-79.7067481308315
"14026",14025,"51_17_12",37.8736884827999,-79.7216332366411
"14027",14026,"51_17_12",37.8615010470947,-79.7092199597069
"14028",14027,"51_17_12",37.85970564364,-79.7088564090096
"14029",14028,"51_17_12",37.8698684584962,-79.7056026588286
"14030",14029,"51_17_12",37.8705759369126,-79.7076083653186
"14031",14030,"51_23_55",37.5621242021708,-79.5520571355345
"14032",14031,"51_23_55",37.5670097762661,-79.5720349503288
"14033",14032,"51_23_55",37.5644653662904,-79.5628518039729
"14034",14033,"51_23_55",37.5792400489437,-79.5603396988275
"14035",14034,"51_23_55",37.5750561827762,-79.5740670489352
"14036",14035,"51_23_55",37.5595922130195,-79.5617709248906
"14037",14036,"51_23_55",37.5773524829224,-79.5569284717873
"14038",14037,"51_23_55",37.5703077024516,-79.5657238520934
"14039",14038,"51_23_55",37.5671581521047,-79.565502452482
"14040",14039,"51_23_55",37.5710315919867,-79.5795294936653
"14041",14040,"51_23_50",37.6246213646181,-79.7482114725752
"14042",14041,"51_23_50",37.6184365193526,-79.7336934265372
"14043",14042,"51_23_50",37.627927638513,-79.7566158619206
"14044",14043,"51_23_50",37.6174871487301,-79.7378830812168
"14045",14044,"51_23_50",37.6326453087913,-79.7462191674387
"14046",14045,"51_23_50",37.6260017457244,-79.745186222947
"14047",14046,"51_23_50",37.6261889375993,-79.7475433775379
"14048",14047,"51_23_50",37.6256876004487,-79.744046233041
"14049",14048,"51_23_50",37.6264985154263,-79.7473589013052
"14050",14049,"51_23_50",37.6329264110999,-79.7488764127539
"14051",14050,"51_163_94",37.7904190142619,-79.2987260343116
"14052",14051,"51_163_94",37.7903407742519,-79.2983092872198
"14053",14052,"51_163_94",37.7785760993404,-79.2902983361183
"14054",14053,"51_163_94",37.7890454780472,-79.3016981625148
"14055",14054,"51_163_94",37.7928221179285,-79.2977465216297
"14056",14055,"51_163_94",37.7812665358454,-79.3017917217782
"14057",14056,"51_163_94",37.7924226514582,-79.2935672703818
"14058",14057,"51_163_94",37.7917851656906,-79.309382017464
"14059",14058,"51_163_94",37.7944184432358,-79.2844925727149
"14060",14059,"51_163_94",37.7901050863675,-79.2944701288837
"14061",14060,"51_163_26",37.7340195713714,-79.3217297376105
"14062",14061,"51_163_26",37.7296339944232,-79.315738358901
"14063",14062,"51_163_26",37.7315883344372,-79.3361016393475
"14064",14063,"51_163_26",37.7334925235606,-79.3214494746929
"14065",14064,"51_163_26",37.7465506503257,-79.3133945727045
"14066",14065,"51_163_26",37.7386948193706,-79.3173361443973
"14067",14066,"51_163_26",37.7333718716999,-79.3240808581385
"14068",14067,"51_163_26",37.7296542779716,-79.3147966650926
"14069",14068,"51_163_26",37.729335726867,-79.3155050966969
"14070",14069,"51_163_26",37.7318761976221,-79.309494122342
"14071",14070,"51_163_4",37.6570313491977,-79.3566777113019
"14072",14071,"51_163_4",37.6740467313482,-79.3568546847461
"14073",14072,"51_163_4",37.6728942030999,-79.3593741278385
"14074",14073,"51_163_4",37.6617553814836,-79.344011642266
"14075",14074,"51_163_4",37.6522597987167,-79.3551641126834
"14076",14075,"51_163_4",37.6685403992218,-79.3624966962087
"14077",14076,"51_163_4",37.6638430815769,-79.3490750230797
"14078",14077,"51_163_4",37.6639274678865,-79.3733977037068
"14079",14078,"51_163_4",37.6676177327846,-79.3680352050275
"14080",14079,"51_163_4",37.6720221264275,-79.3478568738831
"14081",14080,"51_71_22",37.2868723377742,-80.847941585733
"14082",14081,"51_71_22",37.2849591498675,-80.8196907089667
"14083",14082,"51_71_22",37.2811351195301,-80.8314810511032
"14084",14083,"51_71_22",37.2782728578556,-80.8318580314573
"14085",14084,"51_71_22",37.273556905665,-80.8357989268439
"14086",14085,"51_71_22",37.2783536096424,-80.8384202420811
"14087",14086,"51_71_22",37.2871601685475,-80.8250656962899
"14088",14087,"51_71_22",37.2806233231629,-80.8314866641618
"14089",14088,"51_71_22",37.2740849200758,-80.8449662838116
"14090",14089,"51_71_22",37.2749471202596,-80.8313356111609
"14091",14090,"51_71_45",37.3950589117595,-80.4803296419184
"14092",14091,"51_71_45",37.4043500463934,-80.4794882759564
"14093",14092,"51_71_45",37.4039725062597,-80.4765125039811
"14094",14093,"51_71_45",37.4054927011191,-80.4753845317537
"14095",14094,"51_71_45",37.4013675411087,-80.4732441615125
"14096",14095,"51_71_45",37.3992989879376,-80.4612235807009
"14097",14096,"51_71_45",37.40781070672,-80.4764522278507
"14098",14097,"51_71_45",37.411938174366,-80.4698561037817
"14099",14098,"51_71_45",37.4138541690899,-80.4689248636628
"14100",14099,"51_71_45",37.4062544989955,-80.4660898173592
"14101",14100,"51_71_9",37.2278511868816,-80.9166271958331
"14102",14101,"51_71_9",37.2196105222509,-80.9141427772272
"14103",14102,"51_71_9",37.2125137280551,-80.9171678783384
"14104",14103,"51_71_9",37.2048906408413,-80.9108639259262
"14105",14104,"51_71_9",37.2208658574247,-80.915550053444
"14106",14105,"51_71_9",37.2227417600988,-80.9114990258575
"14107",14106,"51_71_9",37.2179799745606,-80.9135663800454
"14108",14107,"51_71_9",37.212247951801,-80.9145825759586
"14109",14108,"51_71_9",37.2177335900666,-80.9241194128264
"14110",14109,"51_71_9",37.2283136556533,-80.9199438147261
"14111",14110,"51_163_38",37.830318914561,-79.2656156190104
"14112",14111,"51_163_38",37.8222647578344,-79.2445971393806
"14113",14112,"51_163_38",37.8348918061737,-79.2457293734718
"14114",14113,"51_163_38",37.8318849402846,-79.2600849206624
"14115",14114,"51_163_38",37.8320822201234,-79.2486117463278
"14116",14115,"51_163_38",37.833010878833,-79.2412033823222
"14117",14116,"51_163_38",37.8353275124384,-79.260294589202
"14118",14117,"51_163_38",37.8320903640002,-79.2472271058588
"14119",14118,"51_163_38",37.831984643922,-79.2476536571692
"14120",14119,"51_163_38",37.8223890272925,-79.2456336599427
"14121",14120,"51_163_60",37.7816923791248,-79.3045815318897
"14122",14121,"51_163_60",37.7623616886273,-79.2982352530953
"14123",14122,"51_163_60",37.78742128813,-79.2958791636829
"14124",14123,"51_163_60",37.7783918371092,-79.2906055310009
"14125",14124,"51_163_60",37.7708145723207,-79.2806889217867
"14126",14125,"51_163_60",37.7792817230076,-79.3042412292181
"14127",14126,"51_163_60",37.7750848181235,-79.3005408853546
"14128",14127,"51_163_60",37.7731076888674,-79.3053722823288
"14129",14128,"51_163_60",37.7625177246234,-79.2905407436116
"14130",14129,"51_163_60",37.7784105958789,-79.3020282857581
"14131",14130,"51_113_16",38.5878349357137,-78.3075621395
"14132",14131,"51_113_16",38.5926664400904,-78.3099719943916
"14133",14132,"51_113_16",38.5959243976856,-78.3136362911044
"14134",14133,"51_113_16",38.5815022448119,-78.3009287838963
"14135",14134,"51_113_16",38.5924306909305,-78.3143508276924
"14136",14135,"51_113_16",38.5935445128976,-78.3050641430882
"14137",14136,"51_113_16",38.5934375018623,-78.3019899662899
"14138",14137,"51_113_16",38.5914593470875,-78.3082776536578
"14139",14138,"51_113_16",38.588868057868,-78.3107539122123
"14140",14139,"51_113_16",38.5914822132434,-78.3258109926873
"14141",14140,"51_113_18",38.5032603628612,-78.4418201472572
"14142",14141,"51_113_18",38.4970382789423,-78.4376090121895
"14143",14142,"51_113_18",38.4946593413362,-78.4517053836124
"14144",14143,"51_113_18",38.4966543188279,-78.4343816153538
"14145",14144,"51_113_18",38.5078585106878,-78.4501886948233
"14146",14145,"51_113_18",38.5064135812812,-78.43930800794
"14147",14146,"51_113_18",38.5007229583245,-78.4428296411656
"14148",14147,"51_113_18",38.4985381681099,-78.4436603565679
"14149",14148,"51_113_18",38.4986774725141,-78.4244503228962
"14150",14149,"51_113_18",38.5068024086754,-78.4376031037671
"14151",14150,"51_155_26",37.04638826986,-80.8327520159799
"14152",14151,"51_155_26",37.0461411732902,-80.8331291151103
"14153",14152,"51_155_26",37.0468288196447,-80.8309214240329
"14154",14153,"51_155_26",37.0450742001379,-80.8187068518583
"14155",14154,"51_155_26",37.0472042565725,-80.8302637306001
"14156",14155,"51_155_26",37.0427775537396,-80.8447825688289
"14157",14156,"51_155_26",37.0493830960945,-80.8235932456211
"14158",14157,"51_155_26",37.0602468882476,-80.8329305873372
"14159",14158,"51_155_26",37.042891904374,-80.8289972545411
"14160",14159,"51_155_26",37.0500801486093,-80.8359796837439
"14161",14160,"51_15_125",38.4318859251955,-79.2564913659735
"14162",14161,"51_15_125",38.4386367390159,-79.2609012447172
"14163",14162,"51_15_125",38.4375295635534,-79.2682505810336
"14164",14163,"51_15_125",38.4319818152855,-79.2562836935908
"14165",14164,"51_15_125",38.4322323229851,-79.2578216317538
"14166",14165,"51_15_125",38.4457808696982,-79.2506582045844
"14167",14166,"51_15_125",38.4226353536802,-79.2522512536983
"14168",14167,"51_15_125",38.4271375443753,-79.2480503319599
"14169",14168,"51_15_125",38.4334250357234,-79.2578273015478
"14170",14169,"51_15_125",38.4257632050793,-79.268957519423
"14171",14170,"51_15_11",38.3629662134487,-79.2764631383334
"14172",14171,"51_15_11",38.3697352972766,-79.2606879726169
"14173",14172,"51_15_11",38.3769542011582,-79.2863510356754
"14174",14173,"51_15_11",38.3616056236227,-79.269304119384
"14175",14174,"51_15_11",38.3656233100921,-79.2816062267296
"14176",14175,"51_15_11",38.3639895442444,-79.2650706161187
"14177",14176,"51_15_11",38.3754105872818,-79.2868223610706
"14178",14177,"51_15_11",38.3728037840879,-79.2887423801196
"14179",14178,"51_15_11",38.3653023793526,-79.2789315885807
"14180",14179,"51_15_11",38.3683875677074,-79.2688771214646
"14181",14180,"51_171_13",38.9356057533982,-78.6256253594025
"14182",14181,"51_171_13",38.9372751534907,-78.6359202429525
"14183",14182,"51_171_13",38.9380371713903,-78.6368459933344
"14184",14183,"51_171_13",38.9419415400029,-78.6449774558028
"14185",14184,"51_171_13",38.9378020482135,-78.6361107593988
"14186",14185,"51_171_13",38.9314047574849,-78.648083270279
"14187",14186,"51_171_13",38.9402240504093,-78.6356460716042
"14188",14187,"51_171_13",38.9376694701635,-78.6390583811865
"14189",14188,"51_171_13",38.9315125624286,-78.6354005372731
"14190",14189,"51_171_13",38.9494866490013,-78.6384345903984
"14191",14190,"51_165_76",38.7182916735651,-78.9562577838396
"14192",14191,"51_165_76",38.7164068438019,-78.953645071952
"14193",14192,"51_165_76",38.7088286169603,-78.9631652798328
"14194",14193,"51_165_76",38.7126060206476,-78.9480045400588
"14195",14194,"51_165_76",38.7117852028683,-78.9441872991792
"14196",14195,"51_165_76",38.708872260819,-78.94141853179
"14197",14196,"51_165_76",38.7220296962065,-78.9488449866401
"14198",14197,"51_165_76",38.7174138186555,-78.9501596626929
"14199",14198,"51_165_76",38.7236303492621,-78.9455495499157
"14200",14199,"51_165_76",38.711797522366,-78.9498030014349
"14201",14200,"51_165_38",38.6610782708118,-78.9934535439938
"14202",14201,"51_165_38",38.6594377825119,-78.9989488267067
"14203",14202,"51_165_38",38.6613101400117,-79.0060749461996
"14204",14203,"51_165_38",38.6642147418111,-79.0043691850628
"14205",14204,"51_165_38",38.6556668104054,-78.996720246237
"14206",14205,"51_165_38",38.6608430985286,-78.9995001516256
"14207",14206,"51_165_38",38.6638269532411,-78.9872880538198
"14208",14207,"51_165_38",38.658615336393,-79.0076677410464
"14209",14208,"51_165_38",38.6588550072119,-78.9957054950543
"14210",14209,"51_165_38",38.6658147309401,-78.9984467304379
"14211",14210,"51_169_54",36.874783236937,-82.6206347554723
"14212",14211,"51_169_54",36.8765326164547,-82.6122667021337
"14213",14212,"51_169_54",36.8685427566663,-82.5974040037119
"14214",14213,"51_169_54",36.8636007477538,-82.6173427995318
"14215",14214,"51_169_54",36.8625194705884,-82.6201407413947
"14216",14215,"51_169_54",36.8567811434875,-82.6168348203673
"14217",14216,"51_169_54",36.8642639355885,-82.6245269818047
"14218",14217,"51_169_54",36.8754694864692,-82.6221866850975
"14219",14218,"51_169_54",36.8689659958245,-82.5958712146492
"14220",14219,"51_169_54",36.8642058105359,-82.6139662762001
"14221",14220,"51_19_48",37.5796200920333,-79.4152294556235
"14222",14221,"51_19_48",37.5633975144682,-79.3931931509536
"14223",14222,"51_19_48",37.5619399799344,-79.4065705436868
"14224",14223,"51_19_48",37.5727956311831,-79.3975677149638
"14225",14224,"51_19_48",37.5722603891432,-79.4002490238574
"14226",14225,"51_19_48",37.5658012421354,-79.401429363748
"14227",14226,"51_19_48",37.5675067811048,-79.4179486709228
"14228",14227,"51_19_48",37.575160864744,-79.411781256858
"14229",14228,"51_19_48",37.5756610757129,-79.4017946228356
"14230",14229,"51_19_48",37.5704411874645,-79.3958013817301
"14231",14230,"51_157_30",38.7661031805402,-78.1641513219876
"14232",14231,"51_157_30",38.7587111688474,-78.1788345372891
"14233",14232,"51_157_30",38.7574574246654,-78.1762168282835
"14234",14233,"51_157_30",38.7602154445069,-78.1881854510344
"14235",14234,"51_157_30",38.760798571123,-78.1703812060114
"14236",14235,"51_157_30",38.7680508825388,-78.1799865718467
"14237",14236,"51_157_30",38.7561940186647,-78.1780693562976
"14238",14237,"51_157_30",38.7583894966935,-78.1778537927348
"14239",14238,"51_157_30",38.7562883176355,-78.1724170721664
"14240",14239,"51_157_30",38.747303835184,-78.1849531029759
"14241",14240,"51_165_96",38.4345519251971,-78.7091923123164
"14242",14241,"51_165_96",38.4218842958088,-78.7180752436945
"14243",14242,"51_165_96",38.4344782280026,-78.7236779978377
"14244",14243,"51_165_96",38.4177850889723,-78.7194372259062
"14245",14244,"51_165_96",38.4219112621286,-78.7180216820914
"14246",14245,"51_165_96",38.4279858484255,-78.7163705166323
"14247",14246,"51_165_96",38.4349145395233,-78.7251156470965
"14248",14247,"51_165_96",38.4166467050789,-78.7178359076239
"14249",14248,"51_165_96",38.4236814444099,-78.7207943097762
"14250",14249,"51_165_96",38.4209293733356,-78.7183460617828
"14251",14250,"51_165_29",38.5323163114372,-79.1430216634901
"14252",14251,"51_165_29",38.5215894538487,-79.1539619839548
"14253",14252,"51_165_29",38.523954999251,-79.1358844109047
"14254",14253,"51_165_29",38.5220638285898,-79.1433449678787
"14255",14254,"51_165_29",38.5200747841247,-79.1454835737322
"14256",14255,"51_165_29",38.5224839185098,-79.1593211023496
"14257",14256,"51_165_29",38.5341197719902,-79.1583313023925
"14258",14257,"51_165_29",38.5307092498137,-79.1549548775341
"14259",14258,"51_165_29",38.526784487895,-79.1266327543033
"14260",14259,"51_165_29",38.5258341907178,-79.1436615839141
"14261",14260,"51_165_88",38.8050957830678,-78.9612307694797
"14262",14261,"51_165_88",38.8103584905882,-78.9406903348122
"14263",14262,"51_165_88",38.8005772471936,-78.9540415766278
"14264",14263,"51_165_88",38.8031275109583,-78.9341026930507
"14265",14264,"51_165_88",38.8081195435065,-78.9485120979373
"14266",14265,"51_165_88",38.8040743337251,-78.953676426165
"14267",14266,"51_165_88",38.8107248514744,-78.9583190679226
"14268",14267,"51_165_88",38.7977253925116,-78.9471875021944
"14269",14268,"51_165_88",38.8093592067313,-78.9561350076355
"14270",14269,"51_165_88",38.8070693934679,-78.9435661719368
"14271",14270,"51_165_62",38.3022985258606,-78.6403431111088
"14272",14271,"51_165_62",38.3073251671792,-78.6201207622066
"14273",14272,"51_165_62",38.3150604195752,-78.6379989016447
"14274",14273,"51_165_62",38.3049740983269,-78.6219017368013
"14275",14274,"51_165_62",38.3130156220283,-78.632679168677
"14276",14275,"51_165_62",38.309228997475,-78.6392879406389
"14277",14276,"51_165_62",38.3061966360033,-78.6330178796904
"14278",14277,"51_165_62",38.3084046747529,-78.6381411431177
"14279",14278,"51_165_62",38.3179291859765,-78.6362735122702
"14280",14279,"51_165_62",38.3162932777365,-78.6285462017037
"14281",14280,"51_187_2",38.8151732057255,-78.1768143825711
"14282",14281,"51_187_2",38.8248638248272,-78.1851692890758
"14283",14282,"51_187_2",38.8227327477492,-78.1862913556982
"14284",14283,"51_187_2",38.8192242554655,-78.1929258825385
"14285",14284,"51_187_2",38.8222035132606,-78.1866061355359
"14286",14285,"51_187_2",38.8232632381149,-78.1882613879586
"14287",14286,"51_187_2",38.8228737061991,-78.1884381373372
"14288",14287,"51_187_2",38.831805471499,-78.1744415914855
"14289",14288,"51_187_2",38.8211939307922,-78.2018139276154
"14290",14289,"51_187_2",38.8226649153453,-78.186842815192
"14291",14290,"51_197_4",37.0385462820159,-81.2116858516137
"14292",14291,"51_197_4",37.0411136743183,-81.2099487324504
"14293",14292,"51_197_4",37.0462188252226,-81.2144210130064
"14294",14293,"51_197_4",37.0437210892528,-81.2015182615824
"14295",14294,"51_197_4",37.0423628288923,-81.1989967265511
"14296",14295,"51_197_4",37.042952700046,-81.2131869741454
"14297",14296,"51_197_4",37.0495092899741,-81.2121898909628
"14298",14297,"51_197_4",37.0444163286303,-81.2231533886379
"14299",14298,"51_197_4",37.0297768654066,-81.2192560928071
"14300",14299,"51_197_4",37.0405973794543,-81.2130571323477
"14301",14300,"51_197_1",36.7939522450276,-81.1350874074945
"14302",14301,"51_197_1",36.7950646972949,-81.1389035935104
"14303",14302,"51_197_1",36.7980552167611,-81.1253371219859
"14304",14303,"51_197_1",36.7937256607483,-81.145237221459
"14305",14304,"51_197_1",36.7903128076635,-81.1316917794825
"14306",14305,"51_197_1",36.7939781274255,-81.1349134784519
"14307",14306,"51_197_1",36.7897881428288,-81.1392538262937
"14308",14307,"51_197_1",36.7922453077272,-81.1376986826195
"14309",14308,"51_197_1",36.7941030705035,-81.1441604757956
"14310",14309,"51_197_1",36.7856739989578,-81.1435487829809
"14311",14310,"51_5_51",37.8200193833171,-79.7683450157626
"14312",14311,"51_5_51",37.8249439926027,-79.7716862893623
"14313",14312,"51_5_51",37.8109451630284,-79.7702657413978
"14314",14313,"51_5_51",37.8076484165724,-79.7802084243554
"14315",14314,"51_5_51",37.8259953904381,-79.7760679828373
"14316",14315,"51_5_51",37.8184786582196,-79.769890495538
"14317",14316,"51_5_51",37.8177218545546,-79.7729834146706
"14318",14317,"51_5_51",37.8292442387091,-79.7650534918952
"14319",14318,"51_5_51",37.8170089719774,-79.7683511911917
"14320",14319,"51_5_51",37.8099734808178,-79.776779234151
"14321",14320,"51_5_22",37.8157049209701,-79.9248862554597
"14322",14321,"51_5_22",37.8215102914799,-79.9403429725829
"14323",14322,"51_5_22",37.8234417548737,-79.9576917981795
"14324",14323,"51_5_22",37.8207628784841,-79.9551138835774
"14325",14324,"51_5_22",37.8291903055206,-79.9535464115734
"14326",14325,"51_5_22",37.8217335197568,-79.9359964477452
"14327",14326,"51_5_22",37.8213577949943,-79.9443729205
"14328",14327,"51_5_22",37.8157961823551,-79.9540784304662
"14329",14328,"51_5_22",37.8272205914886,-79.9441809493232
"14330",14329,"51_5_22",37.8157618364121,-79.9445276135836
"14331",14330,"51_169_44",36.8822916059646,-82.4486524177511
"14332",14331,"51_169_44",36.8706215232089,-82.4407425108634
"14333",14332,"51_169_44",36.8689359146744,-82.4519629032645
"14334",14333,"51_169_44",36.8761353198525,-82.4604590118678
"14335",14334,"51_169_44",36.8680875207425,-82.4513989137206
"14336",14335,"51_169_44",36.8810195877449,-82.4538141114952
"14337",14336,"51_169_44",36.8690523424436,-82.4519431031771
"14338",14337,"51_169_44",36.8708435031631,-82.450035531943
"14339",14338,"51_169_44",36.8674363949466,-82.4659400142688
"14340",14339,"51_169_44",36.8687715773665,-82.4528366103991
"14341",14340,"51_169_40",36.8155010140434,-82.7436934065038
"14342",14341,"51_169_40",36.8073125539451,-82.7415956933286
"14343",14342,"51_169_40",36.8167205621774,-82.7472301493746
"14344",14343,"51_169_40",36.8181947052307,-82.753308255115
"14345",14344,"51_169_40",36.8193953723657,-82.7515682145455
"14346",14345,"51_169_40",36.8179364105388,-82.7586604183081
"14347",14346,"51_169_40",36.8155407856807,-82.7481635509417
"14348",14347,"51_169_40",36.8124575924967,-82.7466227775907
"14349",14348,"51_169_40",36.8303313159337,-82.7463332679603
"14350",14349,"51_169_40",36.8119665549992,-82.7456086362053
"14351",14350,"51_125_48",37.8773954878111,-79.0246124452344
"14352",14351,"51_125_48",37.8906356321213,-79.0270542959216
"14353",14352,"51_125_48",37.8779957876736,-79.0300437272882
"14354",14353,"51_125_48",37.8923967777725,-79.023913397325
"14355",14354,"51_125_48",37.8910405298776,-79.0362540997672
"14356",14355,"51_125_48",37.8844833948507,-79.0175056702353
"14357",14356,"51_125_48",37.8887969359782,-79.0157256839847
"14358",14357,"51_125_48",37.8870578081604,-79.0393240518138
"14359",14358,"51_125_48",37.891876937236,-79.0151531640068
"14360",14359,"51_125_48",37.8891508151495,-79.0346545179718
"14361",14360,"51_125_22",37.8147720265929,-79.0997483600998
"14362",14361,"51_125_22",37.8147727193282,-79.0995747538469
"14363",14362,"51_125_22",37.8030893602564,-79.0980615722674
"14364",14363,"51_125_22",37.8194734593515,-79.0952730502633
"14365",14364,"51_125_22",37.8183619489234,-79.0909300599554
"14366",14365,"51_125_22",37.8273048417293,-79.1023067542766
"14367",14366,"51_125_22",37.8087485082819,-79.1003328967681
"14368",14367,"51_125_22",37.8230331243106,-79.106200886082
"14369",14368,"51_125_22",37.8148094006566,-79.0994869860127
"14370",14369,"51_125_22",37.8141862876656,-79.1002335512386
"14371",14370,"51_171_6",38.8961946099825,-78.7247136029507
"14372",14371,"51_171_6",38.9034819334102,-78.7148091628024
"14373",14372,"51_171_6",38.8859184426746,-78.7224510362001
"14374",14373,"51_171_6",38.8927818798991,-78.744242240399
"14375",14374,"51_171_6",38.8843660499078,-78.7355206971565
"14376",14375,"51_171_6",38.8952706023874,-78.7240384048623
"14377",14376,"51_171_6",38.8939702380702,-78.7223961485628
"14378",14377,"51_171_6",38.9073181430075,-78.7330783690245
"14379",14378,"51_171_6",38.9001177361111,-78.7380284858845
"14380",14379,"51_171_6",38.9046937669571,-78.735270431459
"14381",14380,"51_165_93",38.4991874718738,-79.1160423776045
"14382",14381,"51_165_93",38.49343444967,-79.1019122975963
"14383",14382,"51_165_93",38.4957232821792,-79.0999796615406
"14384",14383,"51_165_93",38.5029737989546,-79.1101586818155
"14385",14384,"51_165_93",38.495071383842,-79.111318738103
"14386",14385,"51_165_93",38.4975874615235,-79.1084383253297
"14387",14386,"51_165_93",38.5084165862178,-79.0991501879037
"14388",14387,"51_165_93",38.5020456625959,-79.1181222566444
"14389",14388,"51_165_93",38.5006592499201,-79.1115622991456
"14390",14389,"51_165_93",38.5042013747741,-79.1129395434241
